profile_id,name,belief_score,u_pos_x,u_pos_y,estimated_range_m,estimated_bearing_rad,estimated_convoy_heading_rad,estimated_convoy_speed_mps,estimated_contact_count,estimated_formation_width_m,estimated_formation_depth_m,estimated_contact_density_per_km2,estimated_aspect_rad,projected_target_span_m,bearing_alignment_error_rad,range_score,bearing_alignment_score,aspect_score,formation_span_score,contact_density_score,spread_score,contact_score,inside_score,uncertainty_score,inside_uncertainty_penalty,spawn_region,approach_side,inside_convoy_envelope,spread_rad,launch_delay_s,salvo_interval_s,u_boat_initial_speed_mps,candidate_source_label,selector_method,belief_rank
VAE000977,vae_candidate_000977,0.8785077109178264,266.3055725097656,2096.375,2296.6788024300813,-1.7307960821829198,0.04211989997121739,4.932824993608202,30,8481.399176164014,2612.264458805565,1.354055948262821,-1.368676671435656,4261.696673285896,0.09457160770462303,0.9979840253853289,0.9977657187439921,0.9796432659560691,1.0,0.16925699353285262,0.8661120412986721,0.7142857142857143,1.0,0.11934042233414546,0.11934042233414546,inside_convoy_envelope,inside,True,0.12035196274518967,0.7821057438850403,1.5063632726669312,1.8712807893753052,vae_candidate_pool_v1,belief_limited_heuristic_v1,1
VAE001218,vae_candidate_001218,0.8727033178072818,469.57196044921875,-2328.4677734375,2158.2811064710118,1.792295870638983,-0.02492350547033305,5.0714442000322695,36,8505.652368389412,2328.1520033176917,1.8179567219950084,1.3243732774804766,4332.661454186187,0.3263270845234331,0.9890157770207385,0.9736130711561476,0.9697911731799196,1.0,0.22724459024937604,0.8484603398801489,0.8571428571428571,1.0,0.12696007844830226,0.12696007844830226,inside_convoy_envelope,inside,True,0.05189049243927002,1.2797236442565918,2.961656093597412,1.2631051540374756,vae_candidate_pool_v1,belief_limited_heuristic_v1,2
VAE000916,vae_candidate_000916,0.8723551925898703,-1331.664794921875,-1761.5740966796875,2352.9593594133275,0.9328633810205987,-0.06340086104650114,4.498111919452122,28,8543.36308269997,2402.0829774380873,1.364398276125042,2.145328411522694,6659.2434137304135,0.07612283922276131,0.999581784666063,0.9985520277519202,0.8394466791471319,1.0,0.17054978451563024,0.9946821137343399,0.6666666666666666,0.0,0.123196054471622,0.0,astern_vae,astern,False,0.08089417219161987,0.6900043487548828,1.5096714496612549,1.283998727798462,vae_candidate_pool_v1,belief_limited_heuristic_v1,3
VAE000270,vae_candidate_000270,0.8707145530027918,-244.95556640625,2109.7021484375,2202.519598528863,-1.5104202646477822,-0.05617739143933647,5.142313455377702,31,8338.849567328703,2495.94350641504,1.4894324220573887,-1.6873497803813473,3448.732023445122,0.18201806663289055,0.9926549885175714,0.9917401980140838,0.9932153320924227,0.8211266722488386,0.18617905275717359,0.9995166684559382,0.7380952380952381,1.0,0.12269949593088413,0.12269949593088413,inside_convoy_envelope,inside,True,0.08918523043394089,0.7178706526756287,2.968291759490967,1.107508897781372,vae_candidate_pool_v1,belief_limited_heuristic_v1,4
VAE000476,vae_candidate_000476,0.86737962759732,970.9406127929688,-2228.049560546875,2384.324689698483,1.9980102236455066,-0.03748254909006386,5.590461412136932,32,8365.51462723117,2139.1195560622073,1.7882253916772284,1.106099880854223,5661.29985465938,0.25276342373328275,0.999953552051698,0.9841125205276959,0.8939576449856798,1.0,0.22352817395965355,0.970662153558306,0.7619047619047619,1.0,0.13014428799905275,0.13014428799905275,inside_convoy_envelope,inside,True,0.10232512652873993,1.0386145114898682,2.4800455570220947,1.166490077972412,vae_candidate_pool_v1,belief_limited_heuristic_v1,5
VAE000141,vae_candidate_000141,0.865109043259362,-534.056396484375,-1703.3428955078125,1846.1468678421045,1.3276895209702202,-0.051285341844490254,5.505748747886548,36,8235.193093152368,2718.9545673474263,1.6077805234540328,1.7626177907750826,4239.102200556609,0.025115259684326926,0.9436618471336883,0.9998423142217125,0.9816586066204379,1.0,0.2009725654317541,0.8131000348054968,0.8571428571428571,1.0,0.12374777243919968,0.12374777243919968,inside_convoy_envelope,inside,True,0.04757210239768028,1.1720572710037231,2.339510202407837,1.7260749340057373,vae_candidate_pool_v1,belief_limited_heuristic_v1,6
VAE000775,vae_candidate_000775,0.8649464145853629,632.5062866210938,2150.01318359375,2457.3523338841637,-1.8619088650937108,0.04684790421263219,4.561910364013287,27,8298.600942406687,2570.4585894702645,1.2657509774460112,-1.2328358842834501,5176.5691079287,0.3723200649606439,0.999378399284793,0.9657429329235103,0.9434328703206255,1.0,0.1582188721807514,0.9183209603131381,0.6428571428571429,1.0,0.11878168682855818,0.11878168682855818,inside_convoy_envelope,inside,True,0.06179297715425491,2.0742435455322266,2.413447380065918,1.251239538192749,vae_candidate_pool_v1,belief_limited_heuristic_v1,7
VAE001061,vae_candidate_001061,0.864887693893621,-699.7500610351562,1907.180419921875,2268.6302409694795,-1.214245359993861,0.032999863434607146,5.050193129371294,24,8592.61724227128,2491.9367020489967,1.120853283869992,-1.894347430161325,5094.533257553536,0.24773502774964262,0.9967429313726411,0.984735149513231,0.9481123769757415,1.0,0.140106660483749,0.9484087959090742,0.5714285714285714,1.0,0.12197635390713901,0.12197635390713901,inside_convoy_envelope,inside,True,0.06718196719884872,2.0349321365356445,1.501373529434204,1.2951470613479614,vae_candidate_pool_v1,belief_limited_heuristic_v1,8
VAE000995,vae_candidate_000995,0.8640625505866769,551.3719482421875,2318.94140625,2233.309005484504,-1.8458572243172255,0.02576232822273522,4.866804706319704,28,8423.538951807232,2348.6111288654565,1.415312454628174,-1.2699731010498323,4739.091663977781,0.12519684613314053,0.9947612396720487,0.9960865531336421,0.9550928855947235,1.0,0.17691405682852174,0.8364401723913041,0.6666666666666666,1.0,0.12567977796670884,0.12567977796670884,inside_convoy_envelope,inside,True,0.12414625287055969,1.7994318008422852,1.5161569118499756,1.8145631551742554,vae_candidate_pool_v1,belief_limited_heuristic_v1,9
VAE000766,vae_candidate_000766,0.8629003639590629,-143.002197265625,-2080.208984375,2314.3059919852585,1.4846342224610949,-0.05388829787670867,3.9726440904001663,32,8115.410808137879,2575.7956577963655,1.5308338701387936,1.6030701332519899,2836.3240333711515,0.07764519663361891,0.9986127848110635,0.9984935629191714,0.9994792459121326,0.6753152460407503,0.1913542337673492,0.9847210819774889,0.7619047619047619,1.0,0.12003919495752556,0.12003919495752556,inside_convoy_envelope,inside,True,0.09809483587741852,0.8582721948623657,2.0946741104125977,1.1107302904129028,vae_candidate_pool_v1,belief_limited_heuristic_v1,10
VAE000685,vae_candidate_000685,0.8579715184321676,375.30279541015625,2475.17041015625,2404.782040140971,-1.801617086422995,-0.10211553705830097,4.466888818502555,30,8290.95688708136,2562.7338520540657,1.4119297601095768,-1.442091104225099,3605.683077763936,0.42177467571715627,0.999995677153406,0.9561819301215898,0.9917289098787827,0.8584959708961752,0.1764912200136971,0.8703328998683916,0.7142857142857143,1.0,0.11938135987935697,0.11938135987935697,inside_convoy_envelope,inside,True,0.05474527180194855,2.0412657260894775,1.4829988479614258,1.0548449754714966,vae_candidate_pool_v1,belief_limited_heuristic_v1,11
VAE000593,vae_candidate_000593,0.8578127810015336,314.5001525878906,2423.236328125,2254.4876212767667,-1.7358397728934034,0.04629974732335222,5.422101472664147,22,8073.060834439101,2573.294571548852,1.0589975414559782,-1.3594531333730375,4209.552234124523,0.34994056155960385,0.9960053812069681,0.9696965462494446,0.9777500305759637,1.0,0.13237469268199728,0.8666149324098802,0.5238095238095238,1.0,0.12070987033586204,0.12070987033586204,inside_convoy_envelope,inside,True,0.05424783378839493,1.1882416009902954,1.9220961332321167,1.7435647249221802,vae_candidate_pool_v1,belief_limited_heuristic_v1,12
VAE000148,vae_candidate_000148,0.8577246515699096,-936.6089477539062,1586.677001953125,2013.0349977969997,-1.0695480927339462,0.03788379888518075,4.984900031119013,29,8037.8078993912,2522.3066477993634,1.4304164333546563,-2.0341607619706665,5848.9200058881015,0.19324163177879272,0.9720902784239281,0.9906934328306854,0.8945537943217673,1.0,0.17880205416933204,0.969246491664582,0.6904761904761905,1.0,0.12466887351911521,0.12466887351911521,inside_convoy_envelope,inside,True,0.07184316217899323,0.6533541083335876,1.4969971179962158,1.3545796871185303,vae_candidate_pool_v1,belief_limited_heuristic_v1,13
VAE000544,vae_candidate_000544,0.8569437750429766,-1324.567626953125,1901.0302734375,2118.0177374438586,-0.9314552054903339,0.01508396170675684,4.623841263292918,25,8512.37070094735,2492.5772827625183,1.178259222794681,-2.1950534863927027,6997.906569526498,0.03227652606165077,0.9850814004151881,0.9997395790758408,0.8113975296092742,1.0,0.14728240284933514,0.9830573677356931,0.5952380952380952,0.0,0.12367417648475644,0.0,astern_vae,astern,False,0.09867396205663681,1.2912765741348267,1.5037981271743774,1.647339105606079,vae_candidate_pool_v1,belief_limited_heuristic_v1,14
VAE000597,vae_candidate_000597,0.8545434598345188,244.78721618652344,1794.242919921875,1863.0363168326166,-1.7711204954550923,0.01374099266135261,5.201749212609513,34,8447.69688691272,2710.007563648645,1.48514922030096,-1.3567311654733483,4442.730967922348,0.4745446788346734,0.9469540341688943,0.9447504326538908,0.9771754127045232,1.0,0.18564365253762,0.8849497805082148,0.8095238095238095,1.0,0.12348808162054062,0.12348808162054062,inside_convoy_envelope,inside,True,0.05675758048892021,1.7406781911849976,2.4426960945129395,1.4803333282470703,vae_candidate_pool_v1,belief_limited_heuristic_v1,15
VAE000063,vae_candidate_000063,0.8539847086800993,-1379.863525390625,-1766.9124755859375,2388.997480980263,0.8876209575665689,-0.07459173944406255,4.943061379069239,22,8171.594513397306,2251.23730919363,1.1958992542278037,2.179379956579162,6518.796276395222,0.18573208614134495,0.999977116438623,0.9914006612659639,0.8204585878325525,1.0,0.14948740677847547,0.9516182509410662,0.5238095238095238,0.0,0.12688910144409474,0.0,astern_vae,astern,False,0.06783299893140793,1.3798717260360718,1.5104798078536987,1.2212483882904053,vae_candidate_pool_v1,belief_limited_heuristic_v1,16
VAE000340,vae_candidate_000340,0.8529041935377694,1512.952880859375,1960.980712890625,2572.802892977017,-2.2494237835867357,-0.03783927547021465,3.837975954205511,27,8089.222143935653,1914.738921502405,1.7432008808498456,-0.930008145473272,6370.861293684553,0.3851601756138992,0.9943711305536709,0.9633691326845412,0.8016248104979077,1.0,0.2179001101062307,0.9957657297130138,0.6428571428571429,0.0,0.1370437902559412,0.0,ahead_vae,ahead,False,0.08158189803361893,0.8645036220550537,1.5079879760742188,1.9367353916168213,vae_candidate_pool_v1,belief_limited_heuristic_v1,17
VAE000726,vae_candidate_000726,0.8525944393073538,-2011.2392578125,-2405.94189453125,2941.6438428285724,0.8851190156384793,-0.01850129453181931,4.853862335076535,33,8134.138370005824,2458.8096957389644,1.6499753913881818,2.2379723434194947,6964.733439919776,0.24983084032131933,0.9460508212463314,0.984477129310992,0.7855721922131238,1.0,0.20624692392352273,0.9843361212635294,0.7857142857142857,0.0,0.11819486103139723,0.0,astern_vae,astern,False,0.0763014554977417,0.7046844363212585,2.0254602432250977,1.3130804300308228,vae_candidate_pool_v1,belief_limited_heuristic_v1,18
VAE001154,vae_candidate_001154,0.851985471990303,1141.39990234375,2029.2901611328125,2398.3240804329475,-2.074140575699972,-0.05101057859069508,5.358998247825541,27,7902.274865621505,2499.3962836215014,1.3670251754610128,-1.1184626564805162,5701.844214588597,0.40995521181880457,0.9999994690537525,0.9585693374417718,0.8994295851952252,1.0,0.1708781469326266,0.8822788223630993,0.6428571428571429,1.0,0.12093566894882501,0.12093566894882501,inside_convoy_envelope,inside,True,0.05638262256979942,1.3986798524856567,2.355170965194702,1.5952619314193726,vae_candidate_pool_v1,belief_limited_heuristic_v1,19
VAE000317,vae_candidate_000317,0.8516120475304698,-0.08697509765625,-2315.433349609375,2148.675367203111,1.5677738292072771,0.11987861247273372,6.1669461985159275,24,8094.855705850066,2478.9088530695444,1.1960286184547502,1.6936974368552502,3452.5749588471735,0.2571399783042225,0.988130724162475,0.9835606403445597,0.9924571600981023,0.8220416568683746,0.14950357730684377,0.9485628840759255,0.5714285714285714,1.0,0.12378555373492076,0.12378555373492076,inside_convoy_envelope,inside,True,0.0672127902507782,1.0784037113189697,1.524864673614502,1.1356093883514404,vae_candidate_pool_v1,belief_limited_heuristic_v1,20
VAE000732,vae_candidate_000732,0.8513843217440771,671.5775146484375,3068.540283203125,3117.414914134151,-1.8070742145052598,-0.08964377722498208,4.354973651456199,32,8118.072738992488,2421.03279891787,1.628157323022184,-1.4241622163095153,3581.1765061142696,0.12157532576856966,0.9072894127153943,0.9963094091523788,0.9892684682360651,0.8526610728843499,0.203519665377773,0.9653182267745519,0.7619047619047619,1.0,0.11831180664526425,0.11831180664526425,inside_convoy_envelope,inside,True,0.10366175323724747,1.7097830772399902,1.9589869976043701,1.8730581998825073,vae_candidate_pool_v1,belief_limited_heuristic_v1,21
VAE000009,vae_candidate_000009,0.8513811828307826,154.15969848632812,-2216.0,2062.8955083839874,1.622305326291697,-0.07949962392069362,4.445299193208041,25,8341.087457932796,2706.5615018320013,1.1073870326476405,1.4397877033774027,3772.9991906662003,0.12464602158848548,0.9787471579850487,0.9961208686154743,0.9914306373365803,0.8983331406348096,0.13842337908095506,0.8158204347690111,0.5952380952380952,1.0,0.12045711127943415,0.12045711127943415,inside_convoy_envelope,inside,True,0.04789381101727486,2.2761316299438477,2.054655075073242,1.5838927030563354,vae_candidate_pool_v1,belief_limited_heuristic_v1,22
VAE000820,vae_candidate_000820,0.8504067658079758,1121.8551025390625,-1983.94140625,2194.953964960228,2.0729988112784157,0.021186343336402923,4.729267204787456,23,8231.441148301936,2451.1807019620005,1.139925922214234,1.0897801856477811,5981.55878104821,0.35046710679945825,0.9920836975379942,0.9696062202377694,0.8865252321088011,1.0,0.14249074027677924,0.9975123794955161,0.5476190476190477,1.0,0.12379238950005625,0.12379238950005625,inside_convoy_envelope,inside,True,0.08291124552488327,1.4564250707626343,2.344118595123291,1.6316289901733398,vae_candidate_pool_v1,belief_limited_heuristic_v1,23
VAE000126,vae_candidate_000126,0.848281659410393,10.926025390625,-1917.53662109375,2018.0826277433844,1.6213337695724865,-0.09875134479049047,4.997299106167926,28,8258.923919910896,2403.4874947555436,1.4105636859379458,1.4215075392268164,3605.143730817078,0.014640331027347742,0.9728037187646339,0.9999464161339566,0.9888771101130734,0.8583675549564471,0.17632046074224322,0.823247167950639,0.6666666666666666,1.0,0.12702395775498015,0.12702395775498015,inside_convoy_envelope,inside,True,0.04878019168972969,1.5761173963546753,2.478102922439575,1.1480867862701416,vae_candidate_pool_v1,belief_limited_heuristic_v1,24
VAE000974,vae_candidate_000974,0.8482754291401453,-349.06597900390625,-2042.09326171875,1952.4512724022106,1.3854538205916966,0.025104014510304223,5.820394069664762,21,8079.867161529104,2400.452483631539,1.0827344628523885,1.7812428475084003,4035.3497647725007,0.22563199480600282,0.9628440055126107,0.987326455170701,0.9779377355637593,0.9607975630410716,0.13534180785654856,0.9445969948499409,0.5,1.0,0.12812336656877676,0.12812336656877676,inside_convoy_envelope,inside,True,0.06643244624137878,1.08815598487854,1.5101289749145508,1.1248730421066284,vae_candidate_pool_v1,belief_limited_heuristic_v1,25
VAE000070,vae_candidate_000070,0.84806577040163,1997.186767578125,1788.1300048828125,2656.1129327487097,-2.342797602816903,-0.020154889582144047,5.583879469740199,33,8287.660361147618,2157.3099830031138,1.8457354003493278,-0.8189499403550341,7236.139252675955,0.37993460112574806,0.9876769675580499,0.9643444456858372,0.7304290538099392,1.0,0.23071692504366598,0.9762792612083905,0.7857142857142857,0.0,0.127701304147477,0.0,ahead_vae,ahead,False,0.07374534010887146,2.1728405952453613,1.4948618412017822,1.1657103300094604,vae_candidate_pool_v1,belief_limited_heuristic_v1,26
VAE000555,vae_candidate_000555,0.8479748108754248,1346.78857421875,1852.3721923828125,2294.0693221154525,-2.198016285341548,-0.09881734323913074,6.363054900735072,20,8197.072676949045,2344.026163785595,1.0408993925514896,-1.0423937114873758,6156.923406366647,0.1046666884106102,0.9978810178756472,0.997263720474747,0.8636135006067607,1.0,0.1301124240689362,0.8094016191478249,0.47619047619047616,0.0,0.1252935443902882,0.0,ahead_vae,ahead,False,0.04713716730475426,0.7521714568138123,1.515702247619629,1.1901514530181885,vae_candidate_pool_v1,belief_limited_heuristic_v1,27
VAE000175,vae_candidate_000175,0.847343088335334,1284.07470703125,1746.240478515625,2131.589624391211,-2.1811472877591522,0.00761952422595174,5.370989589498764,31,8073.108393851367,2682.8286546418335,1.4312911104864974,-0.9528258416046892,6864.070784134847,0.4498927778724058,0.9864733899192687,0.950246867553276,0.8150559991625661,1.0,0.17891138881081217,0.8654733908903937,0.7380952380952381,0.0,0.12009910598641423,0.0,ahead_vae,ahead,False,0.05409617722034454,1.9934154748916626,1.9815623760223389,1.705193042755127,vae_candidate_pool_v1,belief_limited_heuristic_v1,28
VAE000252,vae_candidate_000252,0.8469303905896052,1361.6988525390625,-2442.1279296875,2970.2067996798564,2.1268856344459866,-0.046971417723107894,5.0681328538217345,31,8418.802339870277,2457.4669970666255,1.4983859310580565,0.9677356014206986,6798.836538430114,0.4129623247162513,0.9403883572892887,0.9579679951229519,0.8236035361769057,1.0,0.18729824138225706,0.9740093606145142,0.7380952380952381,0.0,0.1179527416834685,0.0,ahead_vae,ahead,False,0.07310497760772705,0.7501074075698853,2.523634672164917,1.5570472478866577,vae_candidate_pool_v1,belief_limited_heuristic_v1,29
VAE000545,vae_candidate_000545,0.8467115814983833,-1934.873046875,1438.613525390625,2261.625421861215,-0.6554915422193028,-0.033572600769809946,5.265757744818133,41,8499.957236688908,2584.8522345415804,1.8660848827250327,-2.5196737121403,8414.366377138691,0.012419125830703925,0.9963869730155215,0.9999614418239882,0.582595874901042,1.0,0.2332606103406291,0.9984151508936204,0.9761904761904762,0.0,0.12020997866021545,0.0,astern_vae,astern,False,0.09074193239212036,1.3485960960388184,2.4782192707061768,1.8035517930984497,vae_candidate_pool_v1,belief_limited_heuristic_v1,30
VAE000382,vae_candidate_000382,0.8463636595002983,1425.00341796875,-1670.068359375,2002.3073417498115,2.220881227379129,-0.0003107097844348598,5.370180820489762,30,8765.008045437804,2482.303516952782,1.3788405692615682,0.9204007164262296,7282.7508931307075,0.3218544320543377,0.9705447019269406,0.9743252219662626,0.7958443182416483,1.0,0.17235507115769602,0.9274120470048607,0.7142857142857143,0.0,0.12531967453970516,0.0,ahead_vae,ahead,False,0.11122222989797592,1.9072394371032715,2.0105628967285156,1.2175428867340088,vae_candidate_pool_v1,belief_limited_heuristic_v1,31
VAE000318,vae_candidate_000318,0.8459587059038371,-1446.470703125,-2924.811279296875,3123.54047578902,1.1283632172995306,-0.0321192032119148,4.74559645159095,22,8046.88122984056,2398.467029385505,1.1398857822096504,1.981110233078348,5409.262214473751,0.30094218508385306,0.9057768118295701,0.9775288152019782,0.9169956516607255,1.0,0.1424857227762063,0.9999862020701865,0.5238095238095238,0.0,0.11886812440818481,0.0,astern_vae,astern,False,0.08759061992168427,1.9442353248596191,2.918389320373535,1.5000331401824951,vae_candidate_pool_v1,belief_limited_heuristic_v1,32
VAE000885,vae_candidate_000885,0.845563453237376,270.27020263671875,-3302.135986328125,3129.676577379799,1.6473379215639643,-0.0012912028904915722,5.525726852710668,34,8089.881516728861,2611.191838974473,1.6095259246693512,1.492963529135338,3232.3091682418926,0.25809918357222955,0.9042512754440597,0.9834384474718809,0.9969725566075944,0.7695974210099744,0.2011907405836689,0.9649778540260868,0.8095238095238095,1.0,0.11415675674084579,0.11415675674084579,inside_convoy_envelope,inside,True,0.07078947126865387,0.9137243032455444,1.9356181621551514,1.2238962650299072,vae_candidate_pool_v1,belief_limited_heuristic_v1,33
VAE001091,vae_candidate_001091,0.8455336894822781,261.50244140625,2069.8974609375,2177.7148133535306,-1.6969961262661186,-0.05705546469491961,5.0104856756774,27,8217.837922648909,2234.9186498806885,1.4700918602968378,-1.501651992018594,2797.3425494144212,0.17917849951174736,0.9907030882478557,0.99199521683685,0.9976104827231579,0.666033940336767,0.18376148253710473,0.994881060399858,0.6428571428571429,1.0,0.1293228795845867,0.1293228795845867,inside_convoy_envelope,inside,True,0.09351810812950134,0.8803181052207947,2.317575693130493,1.786739706993103,vae_candidate_pool_v1,belief_limited_heuristic_v1,34
VAE000802,vae_candidate_000802,0.844756536759564,124.3048095703125,3160.17333984375,3098.5351815527447,-1.498834190997793,-0.14948064971495056,5.134668735107073,25,8194.881225427287,2630.087348180165,1.1599176931791368,-1.7922391123069508,4365.7672140963605,0.12607778778802237,0.9118859603160555,0.9960313590343615,0.9755815751728159,1.0,0.1449897116473921,0.8291464449217021,0.5952380952380952,1.0,0.1138633731508065,0.1138633731508065,inside_convoy_envelope,inside,True,0.04949323832988739,2.2177531719207764,2.3420140743255615,1.8793737888336182,vae_candidate_pool_v1,belief_limited_heuristic_v1,35
VAE000213,vae_candidate_000213,0.8445110689189084,-319.36151123046875,-2152.1064453125,2325.351123366596,1.490126360954445,-0.0053986698173016595,4.7973188767602,32,8234.412284758262,2344.2923433999445,1.6576987176384397,1.6460676228180466,2956.884132667763,0.39838114879485165,0.9989471605260047,0.9608450985889229,0.9971684532835458,0.7040200315875627,0.20721233970480496,0.8651975291477284,0.7619047619047619,1.0,0.12497733122345943,0.12497733122345943,inside_convoy_envelope,inside,True,0.054059602320194244,0.6887126564979553,1.8860619068145752,1.5502127408981323,vae_candidate_pool_v1,belief_limited_heuristic_v1,36
VAE000435,vae_candidate_000435,0.844358939201254,603.4775390625,3167.550048828125,3181.6482530265557,-1.7995972816098722,0.004969029079518967,5.476578382367268,25,8142.545256284535,2558.5327088282997,1.2000210221803134,-1.337026342900402,4375.133570165675,0.3044197849832402,0.8909241104181972,0.9770105133058045,0.9728000062050133,1.0,0.15000262777253917,0.971538782084352,0.5952380952380952,1.0,0.11498572786747314,0.11498572786747314,inside_convoy_envelope,inside,True,0.0724378153681755,2.234017848968506,1.5065722465515137,1.9212925434112549,vae_candidate_pool_v1,belief_limited_heuristic_v1,37
VAE000079,vae_candidate_000079,0.842892057285815,1687.8837890625,2897.41357421875,3082.385064001617,-2.107733067400071,-0.02343593228012681,4.159110017748241,30,8110.567459064328,2287.174413544897,1.6172260561254108,-1.057295518469849,5976.34835590038,0.29146087407201726,0.9157384805722996,0.9789125564752139,0.8710301481425665,1.0,0.20215325701567635,0.8654864228052994,0.7142857142857143,0.0,0.1218795846725575,0.0,ahead_vae,ahead,False,0.05409790575504303,1.9640393257141113,1.866518259048462,1.5195598602294922,vae_candidate_pool_v1,belief_limited_heuristic_v1,38
VAE000281,vae_candidate_000281,0.8420476294156417,15.973388671875,2474.280517578125,2364.447826050188,-1.5555010124456068,-0.1402327050031332,4.898475257909215,22,7798.349303274595,1953.8803561983027,1.4438498431043478,-1.7263243461473194,3138.2748670954543,0.20923411160470853,0.9997610952582464,0.9890951424387903,0.9879298773669771,0.7472083016893939,0.18048123038804348,0.991349386679414,0.5238095238095238,1.0,0.13706264956304223,0.13706264956304223,inside_convoy_envelope,inside,True,0.07913228869438171,0.7572708129882812,2.9591245651245117,1.5363452434539795,vae_candidate_pool_v1,belief_limited_heuristic_v1,39
VAE000463,vae_candidate_000463,0.8417962925167283,25.197601318359375,3041.646484375,2997.714611583435,-1.5996188899049746,-0.08876325564781398,5.45052154188663,23,8175.315471999144,2859.8991388408003,0.9837224861010027,-1.6307370193326325,3344.503714567055,0.30061914398423717,0.9346945451027956,0.9775766682350646,0.9982040944927307,0.7963104082302511,0.12296531076262533,0.9840035202633732,0.5476190476190477,1.0,0.11035293568235513,0.11035293568235513,inside_convoy_envelope,inside,True,0.0761847198009491,0.9694056510925293,1.5033612251281738,1.2208671569824219,vae_candidate_pool_v1,belief_limited_heuristic_v1,40
VAE000142,vae_candidate_000142,0.8413093290012751,223.7881622314453,1955.8724365234375,2001.046689920804,-1.6747705195782188,-0.022327414202347177,5.417525554002784,25,8481.034094415389,2614.1341686914247,1.1276214429763047,-1.4891495482139214,3297.10587755488,0.31341533024563795,0.9703604639450557,0.9756430708452983,0.9966687529529191,0.7850252089416381,0.1409526803720381,0.9316612025745132,0.5952380952380952,1.0,0.12288218886387295,0.12288218886387295,inside_convoy_envelope,inside,True,0.0640486553311348,2.132685899734497,2.9419219493865967,1.1710602045059204,vae_candidate_pool_v1,belief_limited_heuristic_v1,41
VAE000042,vae_candidate_000042,0.840997243397533,1772.729736328125,-1547.126953125,2599.2978376358415,2.3690963419250703,0.0669006795148204,4.741584591811309,29,8111.236352231515,2332.5975599908115,1.5327492929724567,0.8393969911795438,7153.603482383537,0.49521798102104436,0.992519681578899,0.939932570523238,0.7442404986405158,1.0,0.19159366162155708,0.9859347424321498,0.6904761904761905,0.0,0.12318832282542014,0.0,ahead_vae,ahead,False,0.07688024640083313,1.9885461330413818,2.561375617980957,1.05259370803833,vae_candidate_pool_v1,belief_limited_heuristic_v1,42
VAE000830,vae_candidate_000830,0.8409144937449449,762.065673828125,-3477.892333984375,3353.5126357447325,1.7283209379745306,-0.08322500340499595,4.649915792822615,26,8371.125663474075,2907.0177117218113,1.068419507129037,1.3300467122102673,4819.1111727000125,0.08172667770287956,0.8420895852805025,0.9983311167555613,0.9711595166050545,1.0,0.13355243839112962,0.990220394388821,0.6190476190476191,1.0,0.10805606577188033,0.10805606577188033,inside_convoy_envelope,inside,True,0.09591761976480484,1.8378818035125732,1.9766908884048462,1.1324071884155273,vae_candidate_pool_v1,belief_limited_heuristic_v1,43
VAE000362,vae_candidate_000362,0.8407760116204194,874.6334228515625,3012.55517578125,3095.475119388233,-1.8004488105747778,-0.014465412357748137,6.244827478808533,28,8382.623663098206,2248.2850273056256,1.4856848477685642,-1.3556092553727634,3986.3748434345634,0.048658319219097246,0.9126215848492714,0.9994082087685063,0.9769364659052798,0.9491368674844198,0.18571060597107053,0.8248591350660017,0.6666666666666666,1.0,0.12278927300969211,0.12278927300969211,inside_convoy_envelope,inside,True,0.04897421598434448,1.4161291122436523,1.4831976890563965,1.6637015342712402,vae_candidate_pool_v1,belief_limited_heuristic_v1,44
VAE000634,vae_candidate_000634,0.8399614477065982,304.833984375,-3045.19287109375,3005.5235629649355,1.684929187187865,-0.034396191393209534,4.663938623010599,26,8429.376717090683,2192.2188080196756,1.4069996364540924,1.422267275008718,3415.4911018607163,0.28350445568809324,0.9330358264816889,0.9800405313564671,0.988989823914627,0.8132121671096944,0.17587495455676155,0.9949152053106137,0.6190476190476191,1.0,0.12479322425038046,0.12479322425038046,inside_convoy_envelope,inside,True,0.08103575557470322,0.6682670712471008,2.9149422645568848,1.586780309677124,vae_candidate_pool_v1,belief_limited_heuristic_v1,45
VAE000949,vae_candidate_000949,0.8384816104141012,-1685.497802734375,-2545.252685546875,3010.248159516445,1.002359533399654,0.07261930879007192,5.353499715809533,31,8413.45639611759,2727.695548512455,1.3508009288676361,2.211852428980212,7217.753452532354,0.401093076039425,0.9320232597571405,0.9603173899897819,0.8014646112814088,1.0,0.16885011610845452,0.9341715801491227,0.7380952380952381,0.0,0.11235190738721632,0.0,astern_vae,astern,False,0.06449423730373383,1.3508321046829224,2.9290571212768555,1.6740671396255493,vae_candidate_pool_v1,belief_limited_heuristic_v1,46
VAE000083,vae_candidate_000083,0.8378328110838509,-2043.5712890625,1646.51123046875,2679.041189647409,-0.6773949994354991,0.11262482292604838,5.10303887346755,24,8352.905149792503,2575.513309377285,1.115603564790691,-2.3515728312282453,7708.59578471885,0.008954081344977105,0.9853887063775272,0.9999799562407358,0.7103672241543694,1.0,0.13945044559883638,0.9623722174173617,0.5714285714285714,0.0,0.11705093666201821,0.0,astern_vae,astern,False,0.10435687750577927,0.6453913450241089,2.9410862922668457,1.8374005556106567,vae_candidate_pool_v1,belief_limited_heuristic_v1,47
VAE000551,vae_candidate_000551,0.8376913726988657,998.2972412109375,1883.0888671875,2117.0823915480505,-2.1244584018506067,0.01712973597197113,4.386999992322764,30,8225.437582401344,2429.671293556603,1.50111761427014,-1.0000045157672153,6488.695460999282,0.48792825070540274,0.9849830132429462,0.9416529916074021,0.841473424678756,1.0,0.1876397017837675,0.9188074003602611,0.7142857142857143,1.0,0.12517017509991568,0.12517017509991568,inside_convoy_envelope,inside,True,0.06187225878238678,1.08645761013031,2.469191074371338,1.831207513809204,vae_candidate_pool_v1,belief_limited_heuristic_v1,48
VAE000823,vae_candidate_000823,0.8374696513602252,-965.6455688476562,1595.925537109375,1840.405591556898,-1.0852313333382655,0.030866325573629692,4.725577982584058,28,8351.826692217903,2388.429571024744,1.403667091240822,-2.0254949946778975,5813.801676686882,0.07516223232786469,0.942522183867617,0.998588324484377,0.8983934115043979,1.0,0.17545838640510275,0.8600054138032263,0.6666666666666666,1.0,0.130106956047215,0.130106956047215,inside_convoy_envelope,inside,True,0.1211564913392067,1.9853460788726807,1.4925658702850342,1.9387078285217285,vae_candidate_pool_v1,belief_limited_heuristic_v1,49
VAE000430,vae_candidate_000430,0.837423036469024,-1171.906982421875,-1086.7025146484375,1730.4815152469275,0.7064057175668219,-0.06567584552964052,4.792851540565941,41,8192.908407193083,2434.922003866809,2.055231287444085,2.3695110904933308,7568.5617226930535,0.023884466059808318,0.918754532470895,0.9998573898499934,0.6976281057612534,1.0,0.2569039109305106,0.9427237039064461,0.9761904761904762,0.0,0.13129385645841082,0.0,astern_vae,astern,False,0.0660727396607399,0.693780779838562,1.9905126094818115,1.41885244846344,vae_candidate_pool_v1,belief_limited_heuristic_v1,50
VAE000930,vae_candidate_000930,0.8373962076457887,-254.8070068359375,-3284.653076171875,3260.6182817675817,1.4793006327006877,0.0683687837776317,5.379107701478916,31,8163.486575159196,2413.337656104615,1.573504254662156,1.7306608046667373,3682.064689680881,0.27974155068300943,0.8693477461516703,0.9805634150706203,0.9872488654521456,0.8766820689716384,0.1966880318327695,0.9720602097827052,0.7380952380952381,1.0,0.117934399158405,0.117934399158405,inside_convoy_envelope,inside,True,0.07257623970508575,0.6709985733032227,2.9577322006225586,1.1978579759597778,vae_candidate_pool_v1,belief_limited_heuristic_v1,51
VAE001110,vae_candidate_001110,0.8364561778346716,-360.17218017578125,-2530.086669921875,2608.01528190312,1.480884320588287,0.014964408379365045,5.629740576059645,23,8015.8917197756455,2269.9467660073456,1.2640385574481332,1.6756727413808712,3096.612280193307,0.06345170930714518,0.991853710622636,0.9989938078019649,0.9945055077911983,0.7372886381412636,0.15800481968101665,0.816830767214282,0.5476190476190477,1.0,0.12483722225271286,0.12483722225271286,inside_convoy_envelope,inside,True,0.04801368713378906,2.3045201301574707,2.5684421062469482,1.622840166091919,vae_candidate_pool_v1,belief_limited_heuristic_v1,52
VAE000784,vae_candidate_000784,0.8357439438874611,-53.651702880859375,1966.689453125,1732.8604079732627,-1.5847125749310607,0.05451672935552365,4.5967248493170585,30,8481.618663783238,2653.249977656287,1.3331049558544528,-1.502363349303209,3227.0092194076783,0.2606551063221454,0.9193069526565911,0.9831106778408429,0.9976593774518094,0.7683355284303997,0.1666381194818066,0.9888896140808615,0.7142857142857143,1.0,0.1269958122573791,0.1269958122573791,inside_convoy_envelope,inside,True,0.07804236561059952,1.074684977531433,1.5057179927825928,1.6738866567611694,vae_candidate_pool_v1,belief_limited_heuristic_v1,53
VAE000835,vae_candidate_000835,0.8353064047473929,-306.29876708984375,1727.5950927734375,1829.483934965458,-1.3848585244240952,0.05200056329491524,6.393004878112486,33,8350.071293921255,2337.204338165153,1.6909356192675005,-1.7047335658707827,3431.316562145727,0.3867048481473126,0.9403256455988004,0.963078407406009,0.9910438089088817,0.8169801338442207,0.21136695240843756,0.8743212151575733,0.7857142857142857,1.0,0.1314901483780301,0.1314901483780301,inside_convoy_envelope,inside,True,0.05528506636619568,1.1335465908050537,2.9619383811950684,1.8058152198791504,vae_candidate_pool_v1,belief_limited_heuristic_v1,54
VAE000407,vae_candidate_000407,0.834957031628734,261.3386535644531,3315.90771484375,3291.1531226158013,-1.6378567723645694,0.057412286734227505,5.612190829215862,32,8348.112471564635,2708.787386838995,1.4150988181128885,-1.4463235944909962,3724.2614256898414,0.3434938184408074,0.8606015923437554,0.9707918852794669,0.9922632662646765,0.8867289108785337,0.17688735226411106,0.9265161611939442,0.7619047619047619,1.0,0.11156060458028744,0.11156060458028744,inside_convoy_envelope,inside,True,0.0631575658917427,2.095970392227173,1.8513615131378174,1.2432684898376465,vae_candidate_pool_v1,belief_limited_heuristic_v1,55
VAE000169,vae_candidate_000169,0.8348578097112207,-112.4970703125,-1879.1513671875,2003.3482789496725,1.5792859335840939,-0.004241795983910532,4.609518605833233,34,8424.070745752679,2526.096771880033,1.5977430156645893,1.558064924021789,2633.13938921616,0.38733512245212154,0.9706964164545507,0.9629594650386076,0.9999189567864052,0.6269379498133715,0.19971787695807366,0.9073595672339121,0.8095238095238095,1.0,0.12455114468467013,0.12455114468467013,inside_convoy_envelope,inside,True,0.06005716696381569,1.442580223083496,1.995755910873413,1.178127408027649,vae_candidate_pool_v1,belief_limited_heuristic_v1,56
VAE000089,vae_candidate_000089,0.8345108046918867,1269.6495361328125,2517.448486328125,2816.9761943735366,-2.108494593399444,0.15835581006751198,5.294937857182624,27,8185.041439229056,2569.2395355302356,1.2839209498308528,-0.8747422501228369,7219.783517657979,0.4329202977107731,0.9676667538308051,0.9538722443324775,0.7673782598805271,1.0,0.1604901187288566,0.9316217922559102,0.6428571428571429,0.0,0.11643873059998366,0.0,ahead_vae,ahead,False,0.06404171884059906,2.364844799041748,1.9715983867645264,1.523587942123413,vae_candidate_pool_v1,belief_limited_heuristic_v1,57
VAE000012,vae_candidate_000012,0.8329564528393584,-72.92568969726562,2110.332763671875,2070.284506362988,-1.516014093377629,-0.0402262798392462,5.502564199172098,22,8248.721992349843,2419.332582970455,1.1024031349902768,-1.6658048400514103,3190.9419189503114,0.3375664661485407,0.9796591924810236,0.9717817126594412,0.9954900851757621,0.7597480759405504,0.1378003918737846,0.9126791355460544,0.5238095238095238,1.0,0.12597539047747489,0.12597539047747489,inside_convoy_envelope,inside,True,0.060887888073921204,0.7731173634529114,1.5156934261322021,1.7997565269470215,vae_candidate_pool_v1,belief_limited_heuristic_v1,58
VAE000276,vae_candidate_000276,0.8323782915294375,-978.2861938476562,2368.912841796875,2743.8928675465986,-1.2040707356118734,-0.09741947932788075,5.441151516817013,22,8398.041489560119,2319.2184680667683,1.1295436131635903,-2.0349413973058006,5833.31035839393,0.29127159119253654,0.9778922164706149,0.9789397432832215,0.8942046087875067,1.0,0.1411929516454488,0.784889306638387,0.5238095238095238,1.0,0.12250981245457111,0.12250981245457111,inside_convoy_envelope,inside,True,0.04431818798184395,1.0862183570861816,1.532810091972351,1.768478512763977,vae_candidate_pool_v1,belief_limited_heuristic_v1,59
VAE000119,vae_candidate_000119,0.8321094303862268,-348.427734375,-1952.29296875,1997.9036301742303,1.439541565589376,-0.07862357323606614,4.330600350263399,27,8042.979054158379,2555.81117641556,1.3134636599378284,1.6234275147643509,2975.388279096125,0.15087309405237925,0.9698987359965439,0.9943201137706175,0.9986152987107922,0.7084257807371727,0.16418295749222855,0.8153971283666647,0.6428571428571429,1.0,0.12422540570855813,0.12422540570855813,inside_convoy_envelope,inside,True,0.04784364998340607,1.6835683584213257,2.4629642963409424,1.365951657295227,vae_candidate_pool_v1,belief_limited_heuristic_v1,60
VAE001076,vae_candidate_001076,0.8312479600074596,-879.2369995117188,3166.439697265625,3353.462948746795,-1.2892300830868266,-0.04978969550963982,4.673381759998049,29,8241.488321376171,2164.785385566734,1.6254645524818372,-1.9021522660126062,4728.191946455191,0.20963756184979343,0.8421046685122535,0.989053202152613,0.9456020913296481,1.0,0.20318306906022965,0.9927311621778053,0.6904761904761905,1.0,0.12447100404918596,0.12447100404918596,inside_convoy_envelope,inside,True,0.09472015500068665,0.883456289768219,1.513517141342163,1.8209296464920044,vae_candidate_pool_v1,belief_limited_heuristic_v1,61
VAE000693,vae_candidate_000693,0.8304633121180459,-232.45501708984375,-2427.590576171875,2380.0836389306914,1.5358791829561163,0.0450624276964859,5.373328184913923,26,8421.920119501558,2294.9057848742355,1.345232556732605,1.6507758983301628,2960.433420402668,0.4883026650802553,0.9999250195525272,0.941565198502208,0.9968033386291331,0.7048651000958733,0.1681540695915756,0.8730925585200844,0.6190476190476191,1.0,0.1256736040806736,0.1256736040806736,inside_convoy_envelope,inside,True,0.055118072777986526,1.157686471939087,2.443319320678711,1.9157835245132446,vae_candidate_pool_v1,belief_limited_heuristic_v1,62
VAE000731,vae_candidate_000731,0.8303819505833305,-944.2295532226562,3246.954833984375,3536.593624244892,-1.3006223919724298,-0.03879968653097623,4.937229791996309,35,7998.424784180332,2668.389158794481,1.6398888450671694,-1.8797699481483396,4974.199898054783,0.25571540640660606,0.7833269444445309,0.9837412950472535,0.952646173881789,1.0,0.20498610563339617,0.9997449214441743,0.8333333333333334,1.0,0.11169377519518556,0.11169377519518556,inside_convoy_envelope,inside,True,0.08866029977798462,2.345731735229492,1.9192137718200684,1.0955992937088013,vae_candidate_pool_v1,belief_limited_heuristic_v1,63
VAE000628,vae_candidate_000628,0.8295936296336974,556.2484130859375,-3181.40087890625,3144.745286709661,1.714727199676996,-0.003884230829202693,4.746025342000383,29,7964.6351654224445,2291.053725137126,1.5892668967453802,1.4229812230835945,3439.0811789212084,0.06650628705660266,0.900461446644784,0.9988946359623097,0.989095224414494,0.8188288521240973,0.19865836209317253,0.8311644743319871,0.6904761904761905,1.0,0.12160370773514462,0.12160370773514462,inside_convoy_envelope,inside,True,0.049739085137844086,2.1562318801879883,1.482469081878662,1.0376468896865845,vae_candidate_pool_v1,belief_limited_heuristic_v1,64
VAE000488,vae_candidate_000488,0.829422773293176,-1806.037353515625,2457.801025390625,2938.4824001874003,-0.8617398488321177,0.003459229042292306,5.852702707900152,26,8064.322396898476,2759.1633472934896,1.168498216852824,-2.2763935757153835,7329.963429111441,0.2808970781144011,0.9466617053136506,0.9804035695178299,0.7612243784441374,1.0,0.146062277106603,0.8906122017707705,0.6190476190476191,0.0,0.1123391417047079,0.0,astern_vae,astern,False,0.05756428837776184,1.149762749671936,1.8791855573654175,1.8590456247329712,vae_candidate_pool_v1,belief_limited_heuristic_v1,65
VAE000459,vae_candidate_000459,0.8281521354919589,-42.739776611328125,2334.523193359375,2186.890876149,-1.5681442120110405,0.05307146859737867,4.2232061520095465,23,8245.366941723709,2352.437472841307,1.1857680914541104,-1.5203769729813739,2764.9979859009563,0.39843984902623886,0.9914515868254092,0.9608337120993199,0.9987292136214291,0.658332853785942,0.1482210114317638,0.9383207330574376,0.5476190476190477,1.0,0.12615722445103306,0.12615722445103306,inside_convoy_envelope,inside,True,0.06524772197008133,0.8879015445709229,1.5191993713378906,1.1451621055603027,vae_candidate_pool_v1,belief_limited_heuristic_v1,66
VAE001143,vae_candidate_001143,0.8280029243056652,-1847.598876953125,1809.134033203125,2674.671144607029,-0.7415632814999153,0.052000659619224676,5.350570277014587,27,8610.181640060988,2247.2061356295094,1.3954315527357724,-2.3480287124706534,7640.336660665625,0.0789498974226377,0.9858395452453014,0.9984425376595227,0.7128572190354092,1.0,0.17442894409197154,0.7953970699461133,0.6428571428571429,0.0,0.12478313302162429,0.0,astern_vae,astern,False,0.04551387578248978,0.7309302687644958,2.44973087310791,1.7841825485229492,vae_candidate_pool_v1,belief_limited_heuristic_v1,67
VAE000906,vae_candidate_000906,0.8279240367211967,498.7887878417969,-3243.117431640625,3323.1106199511037,1.727069866881451,-0.10556735825855701,4.401641154184503,23,8318.107310223153,2550.362095602658,1.0841802010818935,1.3089554284497853,4616.6513250027565,0.08844475434406673,0.8512207495517047,0.9980456558396527,0.9659150817369981,1.0,0.1355225251352367,0.9060060778481449,0.5476190476190477,1.0,0.11455125089537342,0.11455125089537342,inside_convoy_envelope,inside,True,0.11468386650085449,1.7964246273040771,2.4277596473693848,1.2292033433914185,vae_candidate_pool_v1,belief_limited_heuristic_v1,68
VAE000452,vae_candidate_000452,0.8278692632317668,-123.08843994140625,-1713.55615234375,1809.0323253707286,1.5092315068766367,0.010016758592944293,5.868948821850586,26,7891.7897747445295,2379.8684811998187,1.3843467418374253,1.6423779053061012,2938.1984233632775,0.049321638998174766,0.9361126740730086,0.9993919672562179,0.9974391325629544,0.6995710531817327,0.17304334272967817,0.9547266629981438,0.6190476190476191,1.0,0.13108329756349024,0.13108329756349024,inside_convoy_envelope,inside,True,0.10605008900165558,1.6227812767028809,1.5052776336669922,1.5305641889572144,vae_candidate_pool_v1,belief_limited_heuristic_v1,69
VAE000804,vae_candidate_000804,0.8276159704507293,-1282.576171875,3063.580078125,3224.952460881577,-1.1921070772815774,-0.05203256194329445,4.733196040099049,27,7992.569004950105,2526.748815112635,1.3369504105492838,-2.00151813825151,5633.078954427847,0.5280939037975878,0.8792836444448241,0.9318845488685532,0.9086646107889721,1.0,0.16711880131866047,0.9153514953041377,0.6428571428571429,0.0,0.11557239260765732,0.0,astern_vae,astern,False,0.061313360929489136,0.7935072779655457,2.975417375564575,1.6415725946426392,vae_candidate_pool_v1,belief_limited_heuristic_v1,70
VAE000123,vae_candidate_000123,0.8264898216066324,-420.31610107421875,-1652.5194091796875,1772.5036777248472,1.404842723811107,-0.006710928813976708,4.986835429768706,29,8285.193473893034,2332.476661433819,1.5006452453738404,1.730039000964709,3616.7527047744893,0.36108929569081893,0.9282694792541105,0.9677562688491643,0.9873476560488359,0.8611315963748785,0.18758065567173005,0.8392898558502558,0.6904761904761905,1.0,0.13269415472647078,0.13269415472647078,inside_convoy_envelope,inside,True,0.05073951557278633,1.825866937637329,2.529836654663086,1.096497654914856,vae_candidate_pool_v1,belief_limited_heuristic_v1,71
VAE000507,vae_candidate_000507,0.8257476196073789,87.52133178710938,2462.3955078125,2415.2203497399114,-1.5539514146975824,0.042133091899233914,4.4174809437120235,23,8033.480018344248,2407.59593941059,1.1891606125193117,-1.5455081469929768,2609.956596691841,0.3646247310776205,0.9999562090786603,0.9671288236818996,0.9996802710203757,0.6214182373075812,0.14864507656491396,0.8714397748016888,0.5476190476190477,1.0,0.12276531862704623,0.12276531862704623,inside_convoy_envelope,inside,True,0.054894424974918365,1.0929219722747803,2.939558982849121,1.4001954793930054,vae_candidate_pool_v1,belief_limited_heuristic_v1,72
VAE001055,vae_candidate_001055,0.8243781093954232,-2261.859130859375,1398.8355712890625,2625.251201992118,-0.4830591998802459,0.058319249208121156,4.548895055915565,35,8042.115868419605,2379.693774320847,1.828843924637423,-2.600214204501426,8118.385100704399,0.01786022082123384,0.9904545260361247,0.9999202552478862,0.515317810568154,1.0,0.22860549057967788,0.9936415640570654,0.8333333333333334,0.0,0.12187626202566812,0.0,astern_vae,astern,False,0.09423617273569107,1.832947015762329,2.9715332984924316,1.4648610353469849,vae_candidate_pool_v1,belief_limited_heuristic_v1,73
VAE000757,vae_candidate_000757,0.8238651883494821,1872.967041015625,2362.686767578125,2983.6779977744527,-2.275783649031375,0.07150854414457165,4.547420000231114,29,8361.843781247268,2442.6669568586694,1.419814773213334,-0.7943004604138464,7602.380092551095,0.1597006090180475,0.9376291626772204,0.9936374687820984,0.7133735533929839,1.0,0.17747684665166674,0.8767404381860281,0.6904761904761905,0.0,0.11825776118980891,0.0,ahead_vae,ahead,False,0.11891716718673706,2.0892868041992188,2.3794918060302734,1.0353667736053467,vae_candidate_pool_v1,belief_limited_heuristic_v1,74
VAE000832,vae_candidate_000832,0.823811784428879,902.740234375,-3168.482666015625,3331.6514165758517,1.8146814999382692,0.008414503708097196,4.476811156454323,25,8646.19817913163,2267.782317201267,1.2750096104814859,1.3353256573596222,4222.366073763645,0.2874029422415585,0.8486755431136725,0.9794916387932056,0.972404641539779,1.0,0.15937620131018573,0.913439308389148,0.5952380952380952,1.0,0.12127870116785988,0.12127870116785988,inside_convoy_envelope,inside,True,0.06100834161043167,1.85628080368042,2.5464096069335938,1.1756857633590698,vae_candidate_pool_v1,belief_limited_heuristic_v1,75
VAE000098,vae_candidate_000098,0.8237874956693161,-207.56365966796875,-3097.954833984375,2784.5520233718544,1.5112016053849109,-0.03278459790848742,4.625778905679497,27,8135.698520747449,2428.6144384016193,1.3665022297971023,1.597606450296395,2645.8346206459855,0.38150089645125207,0.9724324361686929,0.9640534382863215,0.9996406301654265,0.6299606239633299,0.1708127787246378,0.8430604568942438,0.6428571428571429,1.0,0.1197014634303429,0.1197014634303429,inside_convoy_envelope,inside,True,0.05120982229709625,1.7109768390655518,2.007589101791382,1.8175441026687622,vae_candidate_pool_v1,belief_limited_heuristic_v1,76
VAE000046,vae_candidate_000046,0.8225885177814463,-2190.8779296875,-1154.27197265625,2352.5553909893006,0.5140542392982127,-0.04268613464672448,4.625307738458196,36,8215.970651531876,2578.028878891624,1.6996356956839762,2.5848522796448563,8337.498077250297,0.12854032062587373,0.9995745723868861,0.9958750307946955,0.528421646009174,1.0,0.21245446196049703,0.9089452035430667,0.8571428571428571,0.0,0.1195837973852019,0.0,astern_vae,astern,False,0.11423031240701675,1.1417341232299805,2.940579414367676,1.5012290477752686,vae_candidate_pool_v1,belief_limited_heuristic_v1,77
VAE000608,vae_candidate_000608,0.8204866627879844,-2211.763916015625,2156.379638671875,3223.498917286268,-0.7685999984245724,0.025749249388806756,4.8470445211022755,32,8397.546663442576,2118.1655252829005,1.7990269001079338,-2.347243405776414,7395.689505639396,0.09910310231718567,0.8796820045944773,0.9975466527113837,0.7134077419715361,1.0,0.22487836251349172,0.9892272010310853,0.7619047619047619,0.0,0.12633550957039016,0.0,astern_vae,astern,False,0.09634856879711151,1.824008822441101,2.4907467365264893,1.8292975425720215,vae_candidate_pool_v1,belief_limited_heuristic_v1,78
VAE000453,vae_candidate_000453,0.8201487477898036,-111.69561767578125,-3158.97412109375,3103.551552914526,1.539052435902719,-0.0006028328073988354,5.391346505393109,32,8067.553939624937,2513.8115468735573,1.577885131340076,1.6019373848796754,2763.7843032775513,0.37332071068786,0.910674356204521,0.9655606935726767,0.999515156434627,0.6580438817327503,0.1972356414175095,0.8624247842124132,0.7619047619047619,1.0,0.11628708227422828,0.11628708227422828,inside_convoy_envelope,inside,True,0.05369355157017708,2.3971118927001953,2.4359066486358643,1.9142647981643677,vae_candidate_pool_v1,belief_limited_heuristic_v1,79
VAE000568,vae_candidate_000568,0.8194703575336856,-153.10418701171875,1721.2762451171875,1661.2656135761326,-1.4498367033713753,0.05027999182777909,3.9211612499723714,33,8372.030085418608,2478.4489169446388,1.590388356086608,-1.6414759583906386,3063.500259314664,0.3184810670325624,0.9019805826553642,0.9748560642002777,0.9975032345040435,0.7294048236463486,0.198798544510826,0.8941580590427834,0.7857142857142857,1.0,0.1318779919589254,0.1318779919589254,inside_convoy_envelope,inside,True,0.05807811766862869,2.3001210689544678,1.5202398300170898,1.9320569038391113,vae_candidate_pool_v1,belief_limited_heuristic_v1,80
VAE000243,vae_candidate_000243,0.8194101961149804,2238.35205078125,1214.87109375,2611.1341989400953,-2.632215120947477,-0.10944984689106922,4.8555241593875635,33,8175.9152381627455,2597.761054521161,1.5537400408134714,-0.6188273795333854,8166.677473998837,0.4943248197839587,0.9916086288323146,0.9401446206049222,0.5800803907475147,1.0,0.19421750510168392,0.9999996713813767,0.7857142857142857,0.0,0.1171499576222576,0.0,ahead_vae,ahead,False,0.08721643686294556,0.800035297870636,2.9697659015655518,1.0525983572006226,vae_candidate_pool_v1,belief_limited_heuristic_v1,81
VAE000633,vae_candidate_000633,0.8193542412688016,84.78741455078125,3387.158203125,3351.3714068444347,-1.5745309876960447,-0.1471247608515545,5.04224210823775,25,8482.237001087995,2358.5773580670393,1.2496243543888468,-1.7141864267453029,3546.477049204388,0.08706089738573675,0.8427391190032498,0.9981062966161993,0.9897372418520433,0.8443992974296162,0.15620304429860585,0.9610771158077672,0.5952380952380952,1.0,0.11883989431974168,0.11883989431974168,inside_convoy_envelope,inside,True,0.10465431958436966,0.8049111366271973,1.5149717330932617,1.8716872930526733,vae_candidate_pool_v1,belief_limited_heuristic_v1,82
VAE000019,vae_candidate_000019,0.8191779727478108,2049.6728515625,2405.975830078125,3077.1577085189,-2.3053634592746666,-0.07741861655905982,5.086470277908225,25,8298.151107004685,2472.3947750535513,1.2185429815151079,-0.9136478108741863,7026.509982223903,0.3955918494315241,0.9169695497563086,0.9613843271061773,0.7917373103742799,1.0,0.15231787268938848,0.8929594289484135,0.5952380952380952,0.0,0.1171964477656274,0.0,ahead_vae,ahead,False,0.05790364742279053,2.2370660305023193,2.4891836643218994,1.3960999250411987,vae_candidate_pool_v1,belief_limited_heuristic_v1,83
VAE000559,vae_candidate_000559,0.8186586370259968,-442.57452392578125,-3169.967529296875,3258.2194114198246,1.411390494673769,0.03077994783817308,4.395930683626844,19,8046.14649031902,2240.3240881090437,1.0540344784748714,1.760982106754197,3720.9833213558804,0.19176453909994806,0.8700256198307408,0.9908347288013575,0.981969131973108,0.8859484098466383,0.13175430980935893,0.9808427860599733,0.4523809523809524,1.0,0.1225827725226788,0.1225827725226788,inside_convoy_envelope,inside,True,0.09940343350172043,1.0838375091552734,1.5566420555114746,1.5717923641204834,vae_candidate_pool_v1,belief_limited_heuristic_v1,84
VAE000201,vae_candidate_000201,0.8184348824106416,-26.97357177734375,-2005.962158203125,2062.7595137248804,1.5043684650988058,-0.10787303010315386,5.844897190927383,24,8339.364102013493,2135.137768192321,1.3478836431400945,1.529351158387833,2478.8316764109695,0.27295972427788495,0.9787301905944469,0.9814886123558568,0.9991412719383207,0.590198018193088,0.1684854553925118,0.9185434681854188,0.5714285714285714,1.0,0.1335079434357751,0.1335079434357751,inside_convoy_envelope,inside,True,0.06182921677827835,0.8589439988136292,2.3810243606567383,1.3836054801940918,vae_candidate_pool_v1,belief_limited_heuristic_v1,85
VAE000228,vae_candidate_000228,0.81599234579532,-1387.36572265625,3712.306396484375,3776.9054824336667,-1.2742476142690413,0.08462907154844519,5.218358635661953,38,8395.336599873299,2532.877370982133,1.787027843923866,-1.7827159677723066,4242.064001644774,0.4262518466225088,0.6988023908861692,0.9552609284287159,0.9776289447721161,1.0,0.22337848049048326,0.9999982886637485,0.9047619047619048,0.0,0.11359616090837832,0.0,astern_vae,astern,False,0.08715230226516724,1.310784101486206,2.4778122901916504,1.687676191329956,vae_candidate_pool_v1,belief_limited_heuristic_v1,86
VAE000480,vae_candidate_000480,0.8158155477564518,-327.88543701171875,3227.969970703125,3200.1768121079886,-1.442816977040856,0.05158191990155308,4.459456981391338,29,8028.115746144977,2407.1732182751234,1.5006417662171396,-1.647193756647384,3012.882782647235,0.047276458812431255,0.8860016457974985,0.9994413381758922,0.9970831354764202,0.717353043487437,0.18758022077714245,0.8018102170039599,0.6904761904761905,1.0,0.11837196888291053,0.11837196888291053,inside_convoy_envelope,inside,True,0.0462527722120285,1.9341928958892822,2.494415760040283,1.7756681442260742,vae_candidate_pool_v1,belief_limited_heuristic_v1,87
VAE001116,vae_candidate_001116,0.8157258718441919,-254.83740234375,3545.83935546875,3487.424527313129,-1.5131143186271723,-0.05437640283798875,4.963347321776741,27,8371.624388909615,2818.8449367332987,1.144149679867972,-1.6828547378006096,3737.314042995262,0.3248580249319059,0.7996881188586064,0.9738480253752093,0.9937280235306235,0.8898366769036338,0.1430187099834965,0.9798120423212393,0.6428571428571429,1.0,0.10899704579531,0.10899704579531,inside_convoy_envelope,inside,True,0.07480399310588837,0.7422816157341003,2.9576034545898438,1.7112380266189575,vae_candidate_pool_v1,belief_limited_heuristic_v1,88
VAE000834,vae_candidate_000834,0.8156047053055114,-418.04107666015625,3395.986083984375,3551.021530920054,-1.4034489264169638,-0.15023234118728934,5.282381480408157,36,8062.9042497749715,2594.9678624379026,1.7205964190134198,-1.8883760683601185,4982.992792486623,0.22161988446475098,0.7784548067134682,0.9877713311596632,0.9499939695673123,1.0,0.21507455237667747,0.8153429384658544,0.8571428571428571,1.0,0.11305081044249,0.11305081044249,inside_convoy_envelope,inside,True,0.04783723130822182,0.8182393312454224,2.961883306503296,1.2301158905029297,vae_candidate_pool_v1,belief_limited_heuristic_v1,89
VAE000674,vae_candidate_000674,0.8152982025757617,-2351.046142578125,1973.037353515625,2991.912883525902,-0.6308975511556055,0.041171729521688676,5.142360008846368,28,8856.166348950692,2371.789779163044,1.333018180603214,-2.469523372912499,8406.952062336439,0.04356873757135993,0.9359148426598539,0.9995255163405203,0.622606603400236,1.0,0.16662727257540175,0.9934058622602346,0.6666666666666666,0.0,0.11971792614397762,0.0,astern_vae,astern,False,0.09436459839344025,2.060742139816284,2.0596470832824707,1.0516741275787354,vae_candidate_pool_v1,belief_limited_heuristic_v1,90
VAE000678,vae_candidate_000678,0.8150639652685541,1212.132568359375,1703.5421142578125,1957.239473770411,-2.2539359116242332,-0.020941001981072377,4.787634493623704,19,8511.459754425625,2672.108247052442,0.8354019863539817,-0.9085977439466324,7340.6277160676555,0.5358783312781157,0.9636202321711226,0.9299102440833151,0.7886423350703721,1.0,0.10442524829424771,0.922412857880212,0.4523809523809524,0.0,0.1225086483014489,0.0,ahead_vae,ahead,False,0.06246645003557205,2.123051166534424,2.945509910583496,1.2683733701705933,vae_candidate_pool_v1,belief_limited_heuristic_v1,91
VAE000920,vae_candidate_000920,0.8143204858923055,2253.99609375,2588.299560546875,3353.5867877959477,-2.2417002322224535,-0.05311714148894845,4.49242880178388,30,8044.91674698646,2579.390007541473,1.445715001473733,-0.953009562856288,6762.498533991298,0.11025017186640218,0.8420670743564259,0.9969643017053615,0.8151624302269606,1.0,0.18071437518421662,0.8403869266814618,0.7142857142857143,0.0,0.11398729250417022,0.0,ahead_vae,ahead,False,0.0508759431540966,2.3184654712677,1.9694126844406128,1.2791041135787964,vae_candidate_pool_v1,belief_limited_heuristic_v1,92
VAE000366,vae_candidate_000366,0.8136428876853345,-62.973236083984375,1662.1737060546875,1661.0764742003055,-1.538227752022983,0.009840320386229062,4.4215896957816145,31,8044.14796098507,2752.650079065995,1.4000083851852132,-1.593524581180581,2934.7528373342975,0.151291315474668,0.9019329301324247,0.99428864091554,0.9997417243447746,0.6987506755557851,0.17500104814815165,0.8067787665290881,0.7380952380952381,1.0,0.12727425672745724,0.12727425672745724,inside_convoy_envelope,inside,True,0.04683036357164383,1.2153277397155762,2.0810790061950684,1.9317326545715332,vae_candidate_pool_v1,belief_limited_heuristic_v1,93
VAE000072,vae_candidate_000072,0.8131036584621303,-1515.099365234375,3188.36865234375,3539.37469935436,-1.091094353267017,0.13347153678129423,5.451237782231322,21,8488.594427916576,2339.2151263940714,1.0575802866786264,-1.917026763541482,5081.044335878667,0.21874803491162206,0.7823902314870765,0.9880849501548781,0.9406586107101857,1.0,0.1321975358348283,0.990594503215007,0.5,0.0,0.11878210489895834,0.0,astern_vae,astern,False,0.09574973583221436,2.129211187362671,2.403029441833496,1.7425429821014404,vae_candidate_pool_v1,belief_limited_heuristic_v1,94
VAE000512,vae_candidate_000512,0.8126905248365517,555.7269897460938,1721.1119384765625,1761.8709857830256,-1.8953392725214178,-0.0976335288143035,4.957024066625081,18,8262.87393879479,2267.8549575697766,0.96056354978258,-1.343886909882679,4068.597472152999,0.33050594294819463,0.9259110952711558,0.9729391375835581,0.9743663272795334,0.9687136838459522,0.1200704437228225,0.7934038003341929,0.42857142857142855,1.0,0.1345018722509496,0.1345018722509496,inside_convoy_envelope,inside,True,0.0452856719493866,2.2157435417175293,2.6489081382751465,1.7582117319107056,vae_candidate_pool_v1,belief_limited_heuristic_v1,95
VAE000398,vae_candidate_000398,0.811939264030178,1760.39697265625,2716.99072265625,3481.4625075958375,-2.1360595148435406,-0.062380406197064815,4.407671689073727,31,8585.944570830809,2311.8072340323306,1.5617876886418933,-1.0679135449433173,6163.623556167848,0.30141845424636804,0.8016452783487006,0.9774581731499263,0.8761968380205514,1.0,0.19522346108023667,0.8805163368449588,0.7380952380952381,0.0,0.11963263714882535,0.0,ahead_vae,ahead,False,0.05613705888390541,0.8491052389144897,2.508183240890503,1.3389835357666016,vae_candidate_pool_v1,belief_limited_heuristic_v1,96
VAE000798,vae_candidate_000798,0.811750508532667,-2476.326171875,2454.99365234375,3314.6970507670803,-0.7849348871481227,0.05911444793246984,4.587126469809461,27,8283.557781654252,2284.678957583243,1.4266639141770412,-2.2975433185092005,7211.375621523852,0.13771023997502196,0.8537124838460268,0.9952664601642609,0.7473397882292924,1.0,0.17833298927213015,0.9997837361566069,0.6428571428571429,0.0,0.12102061207506007,0.0,astern_vae,astern,False,0.08598306030035019,2.3253259658813477,1.9127988815307617,1.5751850605010986,vae_candidate_pool_v1,belief_limited_heuristic_v1,97
VAE001137,vae_candidate_001137,0.8108147842960074,-562.0123901367188,3615.65869140625,3621.544089683016,-1.396686231291518,-0.024003058764471064,5.382115246862289,29,8142.703170756801,2424.2547862668075,1.4690992350644183,-1.7689094810627461,3979.4803664247693,0.16621785195852512,0.7542180837736583,0.9931087944315495,0.9804396913881964,0.9474953253392308,0.1836374043830523,0.9900971977968753,0.6904761904761905,1.0,0.1165880459111909,0.1165880459111909,inside_convoy_envelope,inside,True,0.0959722101688385,2.410609483718872,1.5034923553466797,1.8317756652832031,vae_candidate_pool_v1,belief_limited_heuristic_v1,98
VAE000661,vae_candidate_000661,0.8104880149083782,-1611.639404296875,1325.8236083984375,1771.9273152439114,-0.6993128852336155,0.02345303385928686,5.445389038900889,27,8246.625098092449,2242.551974369218,1.4599735756900283,-2.418826734496891,7668.158039566049,0.09381122388795371,0.9281425022771328,0.9978014766283425,0.6614615808940244,1.0,0.18249669696125354,0.9478916074980719,0.6428571428571429,0.0,0.13496894073279694,0.0,astern_vae,astern,False,0.10745410621166229,0.9342037439346313,2.4511752128601074,1.0888701677322388,vae_candidate_pool_v1,belief_limited_heuristic_v1,99
VAE000531,vae_candidate_000531,0.8103221274130866,1559.23046875,1515.3221435546875,2025.5030308682917,-2.3652499408858896,0.06086543033228556,5.041142519420899,29,8192.325246663977,2408.920075918879,1.469496042409659,-0.715477282371618,7763.603155094003,0.5493349792140834,0.9738364497946188,0.9264359656950255,0.6559777347020974,1.0,0.18368700530120738,0.9344885064233351,0.6904761904761905,0.0,0.12682974842069566,0.0,ahead_vae,ahead,False,0.06455102562904358,1.1699893474578857,2.928011894226074,1.0706218481063843,vae_candidate_pool_v1,belief_limited_heuristic_v1,100
VAE000904,vae_candidate_000904,0.8096094449568981,306.4198913574219,-1797.890380859375,1646.020230271209,1.7266916184429562,0.011407064947214548,5.304017274324017,23,7955.837978819038,2451.107412271465,1.1794500757591382,1.426308100094052,3571.0955474123616,0.3881400153178045,0.8981086953604567,0.9628073020985892,0.9895797236549349,0.8502608446219908,0.14743125946989227,0.8917497618830404,0.5476190476190477,1.0,0.1329835319563938,0.1329835319563938,inside_convoy_envelope,inside,True,0.05772837996482849,1.3422155380249023,2.9767470359802246,1.6562448740005493,vae_candidate_pool_v1,belief_limited_heuristic_v1,101
VAE001010,vae_candidate_001010,0.8095021282033456,-879.3665161132812,3238.736328125,3499.4111989988364,-1.246808172799135,0.0007456295189318752,5.14978471256602,27,8307.924068329434,2196.606423629504,1.4795137180468227,-1.8940388512717263,4721.797578078382,0.35919479685400124,0.7957353248406231,0.9680900862864246,0.9482104399878052,1.0,0.18493921475585284,0.9848934294054974,0.6428571428571429,1.0,0.12302577954799253,0.12302577954799253,inside_convoy_envelope,inside,True,0.076499804854393,0.9598462581634521,2.9532992839813232,1.5288788080215454,vae_candidate_pool_v1,belief_limited_heuristic_v1,102
VAE000953,vae_candidate_000953,0.8092227171018525,1162.732177734375,-3487.056884765625,3638.4231412319264,1.881884869007876,-0.046676777434482675,4.331280713882023,25,8126.129021475815,2270.1533824044323,1.3551928260634354,1.2130310071474348,4972.0346492268245,0.10601490839510253,0.7483212983059656,0.9971928404541017,0.9366817064924725,1.0,0.16939910325792942,0.9672645147622168,0.5952380952380952,0.0,0.12058189839572543,0.0,ahead_vae,ahead,False,0.10318709909915924,2.2668235301971436,1.9725964069366455,1.4688615798950195,vae_candidate_pool_v1,belief_limited_heuristic_v1,103
VAE000869,vae_candidate_000869,0.8091143060722633,-1903.510498046875,-1278.831298828125,2132.6290451048667,0.6291491405935671,0.15401389071302832,5.081552575087841,36,7987.91061745727,2359.759380935484,1.9098602196641499,2.6664574037092548,8182.5891214106205,0.11892593819562902,0.9865772458988781,0.9964683207410981,0.4574587197300134,1.0,0.23873252745801873,0.9553595134135394,0.8571428571428571,0.0,0.12671718593986683,0.0,astern_vae,astern,False,0.10591527819633484,0.7500594258308411,2.0237393379211426,1.5481723546981812,vae_candidate_pool_v1,belief_limited_heuristic_v1,104
VAE000669,vae_candidate_000669,0.8091013120677664,-311.28472900390625,-1791.7314453125,1597.3850235670945,1.3826788562207897,0.05004506805227585,4.337507253412927,21,8363.543261078159,2212.440081191136,1.134899669121828,1.8089588654212794,4123.095398766051,0.28758254023999963,0.8853473734959396,0.9794661763980494,0.9717731042543197,0.9816893806585837,0.1418624586402285,0.8512788467673115,0.5,1.0,0.1395650842776917,0.1395650842776917,inside_convoy_envelope,inside,True,0.052249275147914886,2.26271915435791,1.4884059429168701,1.3522714376449585,vae_candidate_pool_v1,belief_limited_heuristic_v1,105
VAE000502,vae_candidate_000502,0.8087804791754558,397.0821533203125,1687.7283935546875,1542.1264910330483,-1.8714456326041122,-0.05253556680596197,4.049339006987511,22,8142.120193897666,2448.711108552884,1.103437197714007,-1.3226825877916428,4373.233607264981,0.2652486762393007,0.870123252503288,0.982513670214781,0.9693773661874309,1.0,0.13792964971425087,0.8324678419022431,0.5238095238095238,1.0,0.13570097480495535,0.13570097480495535,inside_convoy_envelope,inside,True,0.049898408353328705,1.7123456001281738,1.4986141920089722,1.8027455806732178,vae_candidate_pool_v1,belief_limited_heuristic_v1,106
VAE000424,vae_candidate_000424,0.8080408642522274,-2224.72216796875,-869.5437622070312,2410.4408442925856,0.4266894660306342,-0.12990423893451183,4.948106189464792,32,8497.97140698443,2486.914038036437,1.5141675652727538,2.5849989486246474,8529.113467846708,0.20351934910090377,0.9999793931746029,0.9896806615484757,0.5282971209911407,1.0,0.18927094565909422,0.8296100799691374,0.7619047619047619,0.0,0.12080801411170974,0.0,astern_vae,astern,False,0.04954963177442551,1.0019831657409668,2.9715096950531006,1.6174412965774536,vae_candidate_pool_v1,belief_limited_heuristic_v1,107
VAE000588,vae_candidate_000588,0.807732866326336,1614.7802734375,977.9664916992188,1945.3141418423604,-2.5844277048179305,-0.07492573499328972,5.486223022074886,37,8294.814549504317,2504.068107060467,1.7813485574095882,-0.6320906837651523,8171.692410030514,0.3616429710044753,0.9616726760399164,0.9676583922147122,0.5908327991418233,1.0,0.22266856967619852,0.8135008683514443,0.8809523809523809,0.0,0.12591812244504705,0.0,ahead_vae,ahead,False,0.12691351771354675,1.158832311630249,1.52974271774292,1.379292368888855,vae_candidate_pool_v1,belief_limited_heuristic_v1,108
VAE000111,vae_candidate_000111,0.8070190690808411,-464.63702392578125,-3562.217041015625,3518.1088947118506,1.4204661649889465,0.016572108487860785,4.68706704768514,23,8246.781878856322,2553.5741154918455,1.0921816124120227,1.7376985970887076,3888.1151833794984,0.31182685625927453,0.7895228055564696,0.9758873413779388,0.9861041184627486,0.925741710328452,0.13652270155150284,0.9833949793806855,0.5476190476190477,1.0,0.11390398101851062,0.11390398101851062,inside_convoy_envelope,inside,True,0.07597415894269943,2.0301673412323,2.520099639892578,1.2213010787963867,vae_candidate_pool_v1,belief_limited_heuristic_v1,109
VAE000615,vae_candidate_000615,0.8053790766541357,2356.328857421875,1523.0130615234375,2921.8655652087823,-2.5149518568270213,-0.02506695742717975,5.805267744551214,25,8300.68918945925,2190.1078145552633,1.3751825770752726,-0.6517077541899516,7927.854734295099,0.2546471370745765,0.9498200484636534,0.9838761217482901,0.6065450380277662,1.0,0.17189782213440907,0.9647444839520176,0.5952380952380952,0.0,0.12528464279149304,0.0,ahead_vae,ahead,False,0.1037992537021637,2.0088353157043457,1.9537386894226074,1.0355689525604248,vae_candidate_pool_v1,belief_limited_heuristic_v1,110
VAE001121,vae_candidate_001121,0.8049228932107412,457.84881591796875,1248.910400390625,1483.014814145329,-1.8900652775832276,-0.0038952254205808705,5.046842431579433,22,8083.8894468883545,2599.19466755437,1.0470405655119777,-1.2554226014271463,4978.39818442879,0.3813273675821831,0.8530363763894138,0.9640857349026247,0.9506805262429303,1.0,0.1308800706889972,0.9437339291406611,0.5238095238095238,1.0,0.13477412325199878,0.13477412325199878,inside_convoy_envelope,inside,True,0.06626604497432709,1.793457269668579,2.429555892944336,1.05860435962677,vae_candidate_pool_v1,belief_limited_heuristic_v1,111
VAE000002,vae_candidate_000002,0.8044086668312627,-1002.3169555664062,-1006.7489013671875,1490.459982803019,0.7791732014366186,-0.03690498341249733,3.900560138130861,38,8204.83088771131,2846.509116839781,1.6270518139639991,2.3255144687406775,7694.5745330507,0.14271974678842392,0.8552320633362935,0.9949164062099174,0.7284646683824677,1.0,0.2033814767454999,0.9999746707016017,0.9047619047619048,1.0,0.13076757462179733,0.13076757462179733,inside_convoy_envelope,inside,True,0.08682726323604584,1.1583058834075928,1.525468349456787,1.696027159690857,vae_candidate_pool_v1,belief_limited_heuristic_v1,112
VAE000442,vae_candidate_000442,0.8043661476643553,2364.912353515625,1444.1795654296875,2462.7455127217795,-2.625497032818429,-0.11809343873234879,4.573550693105314,25,8341.988922771585,2253.252050336881,1.3300275131255999,-0.6341890595037128,8055.016667324723,0.24092016012186646,0.9992560425888208,0.9855594195959448,0.5925244541422656,1.0,0.16625343914069998,0.8019961953403776,0.5952380952380952,0.0,0.1261676248283129,0.0,ahead_vae,ahead,False,0.128258615732193,1.5465682744979858,1.516982078552246,1.3683143854141235,vae_candidate_pool_v1,belief_limited_heuristic_v1,113
VAE000759,vae_candidate_000759,0.8036401218173902,2071.896484375,1405.9234619140625,2455.851738911993,-2.607047857493554,0.02997617419848533,5.394173859428395,33,8356.386715786266,2784.784741654188,1.4180899499584712,-0.5045686218977538,8661.287791905483,0.4888701609401713,0.9994104920248382,0.9414320134215564,0.48342986421660367,1.0,0.1772612437448089,0.9923543079983267,0.7857142857142857,0.0,0.11493265873697271,0.0,ahead_vae,ahead,False,0.09491165727376938,2.266312599182129,2.9314186573028564,1.804080843925476,vae_candidate_pool_v1,belief_limited_heuristic_v1,114
VAE000190,vae_candidate_000190,0.8034279086897744,261.44232177734375,-3201.2734375,3310.543816571065,1.6318765507097945,0.035136002125892414,4.671587271373637,28,8090.277979320031,2265.5278638108502,1.5276546252532317,1.5448521050058919,2474.6378602812088,0.11133839402732959,0.854936744178209,0.9969041405712271,0.9996634675552567,0.5891994905431449,0.19095682815665396,0.9661906979587087,0.6666666666666666,1.0,0.12166435522291345,0.12166435522291345,inside_convoy_envelope,inside,True,0.10345058143138885,2.2532896995544434,1.9880280494689941,1.6006791591644287,vae_candidate_pool_v1,belief_limited_heuristic_v1,115
VAE000296,vae_candidate_000296,0.8031459442462878,546.58544921875,1709.0684814453125,1485.044598300805,-1.842705082694824,-0.12775175265833788,4.730373050775872,29,8252.445255191438,2454.8443618161923,1.4315001010688015,-1.426639323553307,3614.9128108939562,0.4090406396245929,0.8536362030543302,0.9587514053530997,0.9896273609148623,0.8606935264033229,0.1789375126336002,0.89739617155746,0.6904761904761905,1.0,0.13726951527502998,0.13726951527502998,inside_convoy_envelope,inside,True,0.05855356156826019,2.32159423828125,2.963350296020508,1.596098780632019,vae_candidate_pool_v1,belief_limited_heuristic_v1,116
VAE000592,vae_candidate_000592,0.8028558929511542,482.5824279785156,-3595.543212890625,3436.575548196297,1.739671485063537,-0.012726191565683451,4.797494892153645,26,8082.2557090580485,2228.97080287847,1.443232770603426,1.389194976960573,3652.01137976894,0.19039510006620253,0.8161827521600206,0.9909647701549397,0.9835557424875089,0.8695265189926048,0.18040409632542825,0.8529002479289322,0.6190476190476191,1.0,0.1223369294436071,0.1223369294436071,inside_convoy_envelope,inside,True,0.0524568036198616,2.0369608402252197,1.4868686199188232,1.8640519380569458,vae_candidate_pool_v1,belief_limited_heuristic_v1,117
VAE000455,vae_candidate_000455,0.8020871203306712,-2411.937744140625,-1962.3963623046875,3082.417494714792,0.6678190801518142,0.0783334179407525,5.323464037293824,32,8127.363383170749,2383.011277524653,1.6522440733696493,2.5521069913787313,8080.477616804463,0.1922681734627278,0.9157308186048512,0.9907866723685188,0.5559335651491945,1.0,0.20653050917120616,0.984239906193511,0.7619047619047619,0.0,0.11937295593939168,0.0,astern_vae,astern,False,0.07626756280660629,1.4216772317886353,2.0637764930725098,1.78486967086792,vae_candidate_pool_v1,belief_limited_heuristic_v1,118
VAE001067,vae_candidate_001067,0.8016032817062283,-1587.81201171875,-3053.366943359375,3491.2865250906257,1.0476061772089174,-0.010794742263657934,4.769123846106545,27,8438.553042849933,2278.9251732570224,1.4039954936361012,2.0831917341172175,6123.388002220061,0.4000958684108882,0.7984171606130307,0.9605118284263363,0.8715726215198659,1.0,0.17549943670451265,0.9055704576102589,0.6428571428571429,0.0,0.1205749471273466,0.0,astern_vae,astern,False,0.059782348573207855,2.3233580589294434,1.8177255392074585,1.5978949069976807,vae_candidate_pool_v1,belief_limited_heuristic_v1,119
VAE000969,vae_candidate_000969,0.8012785657581913,-1384.564453125,3485.38330078125,3648.6526498658313,-1.2462467351690656,-0.024330264344131755,5.827524758561554,25,8054.2131025416,2676.818799887444,1.1595725305731477,-1.9196761827648592,5268.852488744382,0.45619263211724626,0.7447309853631021,0.9488681363013687,0.9397562183729438,1.0,0.14494656632164346,0.9997957099605883,0.5952380952380952,0.0,0.1111914944898981,0.0,astern_vae,astern,False,0.08601909875869751,2.3251495361328125,2.9580421447753906,1.3006370067596436,vae_candidate_pool_v1,belief_limited_heuristic_v1,120
VAE000227,vae_candidate_000227,0.8007542533397211,-1247.664306640625,1068.0352783203125,1671.9828046718733,-0.7135228456516273,0.030262044829947616,6.415771860383404,28,8272.236286506577,2431.7457149581855,1.3919285444123541,-2.397807763108218,7734.112843171801,0.10925874145222969,0.9046648420272908,0.9970185994907246,0.6770780978588309,1.0,0.17399106805154427,0.8637705402670319,0.6666666666666666,0.0,0.13262306308323898,0.0,astern_vae,astern,False,0.05387086048722267,1.6176217794418335,1.9871273040771484,1.3654409646987915,vae_candidate_pool_v1,belief_limited_heuristic_v1,121
VAE001130,vae_candidate_001130,0.7999439044177291,554.11669921875,3329.598876953125,3227.059261692517,-1.7339236538780118,-0.1422134348461867,4.9791213390169275,24,8019.585894326319,2158.356561457184,1.3865518240793568,-1.549882434557968,2325.593084772513,0.17007768720636254,0.8787053259729181,0.992785810315679,0.9997813125269177,0.5537126392315508,0.1733189780099196,0.9957792316215692,0.5714285714285714,1.0,0.125191833699654,0.125191833699654,inside_convoy_envelope,inside,True,0.08159098774194717,1.631009817123413,1.50080406665802,1.1160590648651123,vae_candidate_pool_v1,belief_limited_heuristic_v1,122
VAE000596,vae_candidate_000596,0.7982342683577531,1942.1845703125,-1507.402099609375,2551.9485711259167,2.5142415236726707,-0.04229237600321685,5.267349605769202,27,8086.770848565508,1952.3242729972271,1.7101597212872603,0.5850587539139058,7819.944102581269,0.5778016699829261,0.9956449798598163,0.9188326826241661,0.5522483652252136,1.0,0.21376996516090754,0.9998377234486231,0.6428571428571429,0.0,0.13565013643011573,0.0,ahead_vae,ahead,False,0.0883781760931015,2.292266368865967,2.9189817905426025,1.175183892250061,vae_candidate_pool_v1,belief_limited_heuristic_v1,123
VAE000805,vae_candidate_000805,0.7981861854927867,-2344.804931640625,2335.7763671875,3366.511010652787,-0.7166413813147599,0.021484032950852404,4.025546098832953,29,8468.953213911289,2383.1082619908557,1.4368932080090053,-2.403467239324181,7868.348805771209,0.04224865124081634,0.8381261277862417,0.9995538292389934,0.672902405065746,1.0,0.17961165100112567,0.9999744490892584,0.6904761904761905,0.0,0.11817595940944978,0.0,astern_vae,astern,False,0.08770757913589478,2.3751626014709473,1.538287878036499,1.358181118965149,vae_candidate_pool_v1,belief_limited_heuristic_v1,124
VAE000377,vae_candidate_000377,0.7980608475996703,-2314.308349609375,1912.3988037109375,3164.567298337144,-0.6708089707603517,-0.0686835539395145,5.587903090077271,32,8317.46821096628,2275.580663956126,1.6907001601806226,-2.5394672367689557,8143.583816355089,0.05577509987244855,0.895383257498579,0.9992224861514186,0.5663953789165459,1.0,0.21133752002257783,0.9677016643000119,0.7619047619047619,0.0,0.12178197763440482,0.0,astern_vae,astern,False,0.10307866334915161,1.4691053628921509,2.032539129257202,1.1044363975524902,vae_candidate_pool_v1,belief_limited_heuristic_v1,125
VAE000793,vae_candidate_000793,0.798038966280626,-14.913818359375,-1551.53662109375,1444.785290617569,1.6431184636944516,-0.06872156097447282,5.562995338131744,24,8554.666362214612,2608.7873155465095,1.0753986602951662,1.429752628920869,3785.466845539513,0.39341412569195766,0.841572584125809,0.9618028304303866,0.9900698160632952,0.9013016298903602,0.13442483253689577,0.9176406296382706,0.5714285714285714,1.0,0.13571519337273108,0.13571519337273108,inside_convoy_envelope,inside,True,0.06168243661522865,1.633991003036499,2.9426002502441406,1.7815171480178833,vae_candidate_pool_v1,belief_limited_heuristic_v1,126
VAE000514,vae_candidate_000514,0.7977167850830421,-10.105743408203125,-3364.08837890625,3342.106391264731,1.582081267353202,0.058632194441065946,5.134650479581441,32,8302.855893241544,2180.8387706294084,1.7672537777093391,1.6181435806776572,2571.3653290985576,0.10691770131693468,0.8455385139363553,0.9971448726822041,0.9988793281550209,0.6122298402615614,0.2209067222136674,0.8367775824716277,0.7619047619047619,1.0,0.12397388126225455,0.12397388126225455,inside_convoy_envelope,inside,True,0.1241045892238617,2.232179641723633,1.9351800680160522,1.5106490850448608,vae_candidate_pool_v1,belief_limited_heuristic_v1,127
VAE000074,vae_candidate_000074,0.7969899044174499,2514.854248046875,-1715.7232666015625,2995.679434627179,2.516937619553204,0.041941793197245884,5.214886838672719,23,8197.192930993486,2412.2284746766877,1.163172804023939,0.6665968272338357,7933.94033757663,0.35662994594089303,0.9351237847022742,0.9685393450158604,0.6183149156411563,1.0,0.14539660050299238,0.9599744492996636,0.5476190476190477,0.0,0.11900008277880525,0.0,ahead_vae,ahead,False,0.1049039214849472,1.5674147605895996,2.9544761180877686,1.2813212871551514,vae_candidate_pool_v1,belief_limited_heuristic_v1,128
VAE000075,vae_candidate_000075,0.7965596269575594,-683.4225463867188,3646.8251953125,3460.3245988459057,-1.3569498055380618,0.09016939350471727,4.882891492363553,26,8377.783045384756,2550.65837898127,1.2167236310886784,-1.6944734545470141,3564.6764472146415,0.37398593635675104,0.8085353636917566,0.965439283535903,0.9923617277576731,0.8487324874320575,0.1520904538860848,0.8380913437456695,0.6190476190476191,1.0,0.11407255737461676,0.11407255737461676,inside_convoy_envelope,inside,True,0.05059085041284561,0.9842685461044312,1.9848060607910156,1.9478120803833008,vae_candidate_pool_v1,belief_limited_heuristic_v1,129
VAE000179,vae_candidate_000179,0.7964134715372736,150.29779052734375,3350.171142578125,3451.496099897742,-1.603324306638618,0.023611782293052885,4.990652071815835,31,8325.038795669647,2488.0285353253585,1.4966493823761209,-1.5146565646581223,2951.2290780603917,0.4058186582645835,0.8113900132658408,0.9593897612477043,0.9984245773868865,0.702673590014379,0.1870811727970151,0.920023812077782,0.7380952380952381,1.0,0.11549029577111529,0.11549029577111529,inside_convoy_envelope,inside,True,0.06207142025232315,1.691951036453247,2.585404396057129,1.200829029083252,vae_candidate_pool_v1,belief_limited_heuristic_v1,130
VAE001095,vae_candidate_001095,0.796393699997724,-1773.182373046875,3092.3671875,3651.529453491252,-1.0847143287954222,-0.01248944592811672,4.465666137411999,36,8248.308992666918,2486.5384250291086,1.7552638319087497,-2.069367770722488,6127.948773734772,0.16378101278033164,0.7437191021274402,0.9933089219574477,0.8782665524488581,1.0,0.2194079789885937,0.7353898740399337,0.8571428571428571,0.0,0.11500297903036834,0.0,astern_vae,astern,False,0.03888631984591484,2.2520928382873535,1.504447340965271,1.6734877824783325,vae_candidate_pool_v1,belief_limited_heuristic_v1,131
VAE000521,vae_candidate_000521,0.7961152125971457,-2287.90185546875,2761.61181640625,3553.429719471621,-0.9217602676441061,0.10156302808311835,5.398050283478421,21,8128.084801753174,2393.29853510771,1.0795287021758238,-2.1182693578625686,6274.42249366716,0.22988476338648212,0.7776385853386969,0.9868463299490984,0.8538426131157422,1.0,0.13494108777197797,0.9872482830257132,0.5,0.0,0.11753397525478894,0.0,astern_vae,astern,False,0.09715253114700317,0.6983601450920105,1.5225310325622559,1.2672439813613892,vae_candidate_pool_v1,belief_limited_heuristic_v1,132
VAE000939,vae_candidate_000939,0.7959573609277232,155.60525512695312,3297.132080078125,3293.8940434663805,-1.6570483335789377,-0.02993790976835775,4.860303408784866,21,8124.305767291246,2206.968368109636,1.1712158093338711,-1.514482229779213,2660.741002986804,0.220319420800827,0.8598059977162216,0.987913846232793,0.9984147802360736,0.6335097626159056,0.1464019761667339,0.9873833884270605,0.5,1.0,0.12341172513276226,0.12341172513276226,inside_convoy_envelope,inside,True,0.0970996841788292,1.8706629276275635,2.964224338531494,1.7122879028320312,vae_candidate_pool_v1,belief_limited_heuristic_v1,133
VAE000255,vae_candidate_000255,0.7958463842861642,-2041.980224609375,-2990.412353515625,3610.7105163996234,0.9669176674666644,0.03984617911328664,4.846851866308689,31,8223.325255517053,2858.1840678014314,1.3189369392452295,2.214521165236415,7221.630391854075,0.30975620313441954,0.7579842901108166,0.9762039569612384,0.7998657421901972,1.0,0.16486711740565368,0.9945863777960872,0.7380952380952381,0.0,0.10807444673959468,0.0,astern_vae,astern,False,0.08083691447973251,1.5341289043426514,1.503765344619751,1.7763111591339111,vae_candidate_pool_v1,belief_limited_heuristic_v1,134
VAE000234,vae_candidate_000234,0.7958320942532711,-2439.148681640625,1232.300537109375,2711.455155421789,-0.4861913010681121,0.028559115680450362,4.7350542060674226,26,8569.504037961917,2563.559657681145,1.183516267392954,-2.6268422368412305,8721.11579911461,0.12953506112541444,0.9818298058933891,0.9958110292464712,0.4923176232105894,1.0,0.14793953342411925,0.9163667396917843,0.6190476190476191,0.0,0.1169890119406196,0.0,astern_vae,astern,False,0.061476510018110275,0.6983529925346375,1.4959501028060913,1.3264789581298828,vae_candidate_pool_v1,belief_limited_heuristic_v1,135
VAE000032,vae_candidate_000032,0.7956280788239035,1964.702392578125,3025.489501953125,3510.8459629712434,-2.193426240180618,0.016230288602592347,4.863153442396518,25,7986.096816855798,2241.3885714295807,1.3966522474744352,-0.9319361248065826,6561.289180419538,0.2834625164499809,0.7919426471536103,0.9800463965964163,0.8027759188964744,1.0,0.1745815309343044,0.9873290219855494,0.5952380952380952,0.0,0.12181271312238579,0.0,ahead_vae,ahead,False,0.0774119421839714,2.0381019115448,2.4726336002349854,1.8470673561096191,vae_candidate_pool_v1,belief_limited_heuristic_v1,136
VAE000033,vae_candidate_000033,0.7944587872877417,2565.884033203125,-1590.508544921875,3168.569991101556,2.5861352590509106,0.1274206381908689,4.9259645862695844,29,8288.2018879193,2268.219562684706,1.542597363792865,0.6828780327297512,7860.964681707678,0.40567288096404175,0.8943451681798217,0.9594185306960099,0.6310282964961049,1.0,0.19282467047410812,0.9622937499719229,0.6904761904761905,0.0,0.12198668673513423,0.0,ahead_vae,ahead,False,0.10437503457069397,0.7733955383300781,1.5034499168395996,1.302285075187683,vae_candidate_pool_v1,belief_limited_heuristic_v1,137
VAE000686,vae_candidate_000686,0.7943486202223458,378.96685791015625,3659.681396484375,3599.7371552525706,-1.7497315645904934,0.018441598523406676,5.553231256863957,29,8384.348965640558,2357.3010096879552,1.4672820676683513,-1.373419490475893,3955.684650880523,0.4656346838893173,0.7617838048264004,0.9467683894359631,0.9805843475055503,0.9418296787810769,0.18341025845854392,0.9159514278632176,0.6904761904761905,1.0,0.11819675280611043,0.11819675280611043,inside_convoy_envelope,inside,True,0.06140966713428497,1.357709288597107,2.942237377166748,1.89886474609375,vae_candidate_pool_v1,belief_limited_heuristic_v1,138
VAE000546,vae_candidate_000546,0.7942607934366418,-2390.34423828125,-2424.969482421875,3606.2931889448582,0.7337229413495772,-0.16301357779316344,3.7994220578192657,35,8093.15113655659,2212.426562237668,1.9547063763595944,2.2448561344470526,6780.001588186529,0.22064455363804306,0.7595156588621103,0.9878782929624327,0.7812941296637872,1.0,0.2443382970449493,0.9092576414604097,0.8333333333333334,0.0,0.12236741899743625,0.0,astern_vae,astern,False,0.060351189225912094,1.433372139930725,1.9001307487487793,1.0988274812698364,vae_candidate_pool_v1,belief_limited_heuristic_v1,139
VAE000539,vae_candidate_000539,0.7940221240028713,2554.168701171875,-1078.766357421875,2843.7926408760723,2.7093902598210953,0.12619022555913986,4.410065706204207,30,8100.3725227968125,2491.9023100707955,1.486227353897553,0.5583926193278377,8190.258178818425,0.5166283999159611,0.9634535667881698,0.9347447625371825,0.5298236508120122,1.0,0.18577841923719413,0.9731059986919336,0.7142857142857143,0.0,0.11796628898545578,0.0,ahead_vae,ahead,False,0.10167527943849564,1.5454586744308472,2.953169822692871,1.2497621774673462,vae_candidate_pool_v1,belief_limited_heuristic_v1,140
VAE000782,vae_candidate_000782,0.7917147166036338,-1659.900390625,-1380.85107421875,2054.695204900979,0.6472566895934858,0.08084334878068482,5.198097618802629,16,8717.201685300071,2767.9375503910096,0.6631115631399295,2.5751793127769926,8841.14541974485,0.01461615130713878,0.9777123494326839,0.9999465929810387,0.53660897239769,1.0,0.08288894539249118,0.9845881109488821,0.38095238095238093,0.0,0.11940765621202533,0.0,astern_vae,astern,False,0.07639070600271225,1.971998929977417,1.965582013130188,1.1757681369781494,vae_candidate_pool_v1,belief_limited_heuristic_v1,141
VAE001105,vae_candidate_001105,0.791025793298434,1661.12890625,-3413.355712890625,3888.3511542006227,1.9317658665630393,0.03884923091899424,5.233942283928438,28,8281.47283183707,2373.988336585812,1.4242029104893597,1.248676017945748,4873.621796138935,0.15667639229427688,0.6578684356552694,0.9938756704934619,0.9485663065774779,1.0,0.17802536381116996,0.9949730572651379,0.6666666666666666,0.0,0.11714224823385663,0.0,ahead_vae,ahead,False,0.0810713917016983,0.6994271278381348,2.950611114501953,1.3891026973724365,vae_candidate_pool_v1,belief_limited_heuristic_v1,142
VAE000613,vae_candidate_000613,0.7901436776463249,-2405.891845703125,-2448.44189453125,3506.5741560331317,0.8660470070648881,0.02436071027256972,5.483077069135913,26,8116.996749192302,2627.2181343135635,1.219219339114647,2.299906356797475,7366.887629044437,0.20031024709738754,0.7933619874924384,0.9900024470458547,0.7457676011274642,1.0,0.15240241738933089,0.9756698595463527,0.6190476190476191,0.0,0.11250803722485013,0.0,astern_vae,astern,False,0.10096229612827301,1.8806884288787842,2.360088348388672,1.3573685884475708,vae_candidate_pool_v1,belief_limited_heuristic_v1,143
VAE000249,vae_candidate_000249,0.7896023109525273,-1883.673095703125,1004.1426391601562,2011.618704458074,-0.5070706457745603,0.04177309243209741,4.062935633646119,19,8204.792077938277,2217.02451530239,1.0445170311114986,-2.5927489153831353,8156.364656007065,0.12562445679274614,0.9718885092655342,0.9960598098991756,0.5217011382165191,1.0,0.13056462888893733,0.99319257601557,0.4523809523809524,0.0,0.13182508229836365,0.0,astern_vae,astern,False,0.08005405962467194,1.3061109781265259,1.513784408569336,1.7564308643341064,vae_candidate_pool_v1,belief_limited_heuristic_v1,144
VAE000446,vae_candidate_000446,0.7894142917569231,2119.04541015625,2883.056884765625,3623.604306965324,-2.1815282991848908,0.043742606675463334,4.649188066729909,28,8272.784438009261,2250.5514323633092,1.5038945336295575,-0.9163217477294391,6821.510503170812,0.15698012026837205,0.7535002022940329,0.9938519514377548,0.7933678836386068,1.0,0.1879868167036947,0.9741173107616453,0.6666666666666666,0.0,0.1211092905566306,0.0,ahead_vae,ahead,False,0.10139811784029007,0.6869462132453918,1.5203132629394531,1.8866958618164062,vae_candidate_pool_v1,belief_limited_heuristic_v1,145
VAE000526,vae_candidate_000526,0.7891660248716527,22.615631103515625,-3818.636962890625,3609.5819651568154,1.5792776779036086,-0.03268870017057462,5.374665737866129,32,8451.870246525259,2462.846175620303,1.5373043980965417,1.529626275515611,2808.624882917744,0.27065681468788494,0.7583757666980813,0.9817977476825537,0.999152633137646,0.6687202102185105,0.19216304976206772,0.9830667650312197,0.7619047619047619,1.0,0.11555664621327479,0.11555664621327479,inside_convoy_envelope,inside,True,0.07586215436458588,1.6107537746429443,2.6625356674194336,1.5332567691802979,vae_candidate_pool_v1,belief_limited_heuristic_v1,146
VAE000855,vae_candidate_000855,0.7891334850583263,513.5101928710938,3599.213134765625,3711.0405126058113,-1.7321275243840093,0.13625640999813665,5.129836977881992,29,8206.167492382148,2298.338831933955,1.5376006934141186,-1.273208719207647,4603.488030092833,0.3582666172401554,0.7225850999950755,0.9682530217250063,0.9560466192839755,1.0,0.19220008667676483,0.9202032681945334,0.6904761904761905,1.0,0.1195789123886558,0.1195789123886558,inside_convoy_envelope,inside,True,0.062100913375616074,2.266663074493408,1.9769566059112549,1.2663506269454956,vae_candidate_pool_v1,belief_limited_heuristic_v1,147
VAE000054,vae_candidate_000054,0.7889032018681426,-1082.787109375,3302.58447265625,3656.6064006086035,-1.2414306532275292,-0.014660213256461791,5.352303836657293,26,8315.74868558249,3006.2932194234554,1.0400175185586114,-1.9148222136187256,5634.871886417366,0.46885253144590255,0.7419310327497771,0.9460436869477601,0.9414044479022994,1.0,0.13000218981982642,0.9219294519740948,0.6190476190476191,1.0,0.10569469120623311,0.10569469120623311,inside_convoy_envelope,inside,True,0.06238609552383423,1.4538944959640503,1.4983463287353516,1.4939913749694824,vae_candidate_pool_v1,belief_limited_heuristic_v1,148
VAE000940,vae_candidate_000940,0.7878670058073262,329.1241760253906,-3670.59130859375,3616.104702076143,1.7053416955234855,0.009844817701816902,4.001749883211842,29,8302.891085220588,2409.9928255334644,1.4492820295545057,1.4460957757681243,3423.972918994256,0.18207826461737353,0.7561108928122533,0.9917347487639663,0.9922349564646437,0.8152316473795848,0.1811602536943132,0.8436840133833694,0.6904761904761905,1.0,0.11686829570625308,0.11686829570625308,inside_convoy_envelope,inside,True,0.05128798633813858,1.8670228719711304,1.4913969039916992,1.803092360496521,vae_candidate_pool_v1,belief_limited_heuristic_v1,149
VAE001100,vae_candidate_001100,0.7864886744768301,-2439.256591796875,-812.6583251953125,2675.7182985722907,0.3867544072558718,0.0343115084381766,5.594033737423853,33,8256.919241542257,2088.893875579468,1.9132843818592673,2.7891497547720983,8470.453527176212,0.1623254998313109,0.9857321444389205,0.9934270599052649,0.3451915744981013,1.0,0.2391605477324084,0.9952817493250092,0.7857142857142857,0.0,0.12982125489928967,0.0,astern_vae,astern,False,0.09326784312725067,2.4277098178863525,1.5042436122894287,1.0721017122268677,vae_candidate_pool_v1,belief_limited_heuristic_v1,150
VAE001077,vae_candidate_001077,0.7861488876773781,-2162.317626953125,1525.9185791015625,2822.2849732277346,-0.5648709737869184,-0.0522324787199092,6.261505526967444,25,8083.781045821072,2187.402308244299,1.4138287239799836,-2.6289541585227836,8117.511938147971,0.13687180628381712,0.966852088876114,0.9953238342361073,0.49047827702918917,1.0,0.17672859049749795,0.8859912180829637,0.5952380952380952,0.0,0.12595072174497854,0.0,astern_vae,astern,False,0.05690472573041916,0.7337661385536194,1.922751545906067,1.0763393640518188,vae_candidate_pool_v1,belief_limited_heuristic_v1,151
VAE000322,vae_candidate_000322,0.7858435185850675,-126.2889404296875,-1119.76513671875,1222.4359317945152,1.3884985153396414,-0.0005923178151312786,5.0077854041306304,27,7892.164803951028,2437.808914977029,1.4033563291313575,1.7525018204350202,3823.8465012962142,0.0875766875902415,0.7694125304578743,0.9980838061330247,0.9835369282803339,0.9104396431657653,0.1754195411414197,0.962613938549167,0.6428571428571429,1.0,0.14861757933992484,0.14861757933992484,inside_convoy_envelope,inside,True,0.070232093334198,0.6005013585090637,2.1458353996276855,1.1847152709960938,vae_candidate_pool_v1,belief_limited_heuristic_v1,152
VAE001196,vae_candidate_001196,0.7856366368717551,-94.15692138671875,3126.34716796875,3327.7696351209865,-1.5916756941750339,0.09467612761568976,4.883007313026055,26,8253.958045219817,2116.5089919373927,1.4883016835818765,-1.4552408317990695,3054.0627130406683,0.5137651243149404,0.8498342968742082,0.935450138945094,0.9933308898380635,0.7271577888192068,0.18603771044773457,0.8621150060582005,0.6190476190476191,1.0,0.1261160653692578,0.1261160653692578,inside_convoy_envelope,inside,True,0.05365283042192459,1.9227168560028076,2.4223029613494873,1.3403974771499634,vae_candidate_pool_v1,belief_limited_heuristic_v1,153
VAE000312,vae_candidate_000312,0.7852135387059185,-2571.989501953125,-1970.36181640625,3064.7399330317908,0.6167923579910075,0.022659526682177016,4.998490315764944,23,8172.96552551595,2353.543195507256,1.1957103693139954,2.547459822280963,8089.889987074351,0.24728334783093645,0.9198625377001722,0.9847904780027115,0.559790399392812,1.0,0.14946379616424943,0.954461173460734,0.5476190476190477,0.0,0.12016434629942478,0.0,astern_vae,astern,False,0.06842654198408127,0.7554827928543091,2.9775352478027344,1.825743556022644,vae_candidate_pool_v1,belief_limited_heuristic_v1,154
VAE000720,vae_candidate_000720,0.785163345764513,2676.93603515625,-1369.94873046875,2986.363758123881,2.5718794150865567,-0.05340164984650752,5.052399041682213,28,8245.62922439103,2403.965491720337,1.4125570592560692,0.5163115886567298,8357.558038026238,0.3843956856902073,0.9370723423689304,0.9635126095942226,0.4936758911263165,1.0,0.17656963240700865,0.9996220162717407,0.6666666666666666,0.0,0.119217178728799,0.0,ahead_vae,ahead,False,0.08896324038505554,0.6408220529556274,2.006535530090332,1.8817479610443115,vae_candidate_pool_v1,belief_limited_heuristic_v1,155
VAE000416,vae_candidate_000416,0.7835346261922178,2386.65283203125,-1316.119384765625,2709.379851419507,2.664129780157304,0.05352589033191373,5.212664904642145,26,8180.755108031527,2392.373991446183,1.3284673447399338,0.5309887637644028,8265.785913909935,0.6120994429363136,0.9820689674382206,0.9092217549109769,0.5063862063145631,1.0,0.16605841809249172,0.991442813293471,0.6190476190476191,0.0,0.12097342181953459,0.0,ahead_vae,ahead,False,0.07917652279138565,2.210925340652466,1.5172594785690308,1.0777822732925415,vae_candidate_pool_v1,belief_limited_heuristic_v1,156
VAE001163,vae_candidate_001163,0.7835019450080798,2715.64892578125,1003.9418334960938,2675.9562754034114,-2.7311698262565036,0.01887724196109913,5.046601523671488,30,7783.406560447095,2366.586708417453,1.6286550775474713,-0.39154558537219036,8097.491882558774,0.2825580180938845,0.9857076811128874,0.9801726860109019,0.38161748636409026,1.0,0.2035818846934339,0.957466813532934,0.7142857142857143,0.0,0.12201518354114257,0.0,ahead_vae,ahead,False,0.10545983910560608,2.2471582889556885,1.9270250797271729,1.0762195587158203,vae_candidate_pool_v1,belief_limited_heuristic_v1,157
VAE001019,vae_candidate_001019,0.7834587141338357,-1763.75341796875,-3298.946044921875,3749.2846250413554,1.0694649172720234,-0.007640304178360845,4.9972623670046135,25,8422.981043810845,2101.1678896224576,1.4125812266910829,2.064487432139409,5841.744543047621,0.25712973502443714,0.708820519882006,0.9835619428321538,0.8805897222648191,1.0,0.17657265333638536,0.9755256384726101,0.5952380952380952,0.0,0.12546428483260288,0.0,astern_vae,astern,False,0.10100333392620087,1.1606323719024658,2.9398767948150635,1.6637098789215088,vae_candidate_pool_v1,belief_limited_heuristic_v1,158
VAE000670,vae_candidate_000670,0.7830852016119482,2177.992431640625,-1299.271240234375,2378.9155766318127,2.5797081983479,-0.0409063528387927,5.363802613658318,21,8251.325210171568,2337.8100033116375,1.0886452394525405,0.5209781024031008,8320.239880647,0.5275300581578515,0.999915967064279,0.9320265376863394,0.49772871605479774,1.0,0.13608065493156757,0.9867121334186876,0.5,0.0,0.12465640845892961,0.0,ahead_vae,ahead,False,0.09735959023237228,1.1032037734985352,2.4572806358337402,1.7374091148376465,vae_candidate_pool_v1,belief_limited_heuristic_v1,159
VAE001118,vae_candidate_001118,0.7828846171854872,-464.97998046875,-3043.129638671875,3128.953148026782,1.4862646191300948,-0.07641410680808064,5.605505404213537,25,8016.4222666886735,2154.3858679361847,1.4475578586039164,1.578913927651618,2219.388287800638,0.5457383639412193,0.9044316677291048,0.9273721382455549,0.9999670524590905,0.5284257828096757,0.18094473232548955,0.896133280803039,0.5952380952380952,1.0,0.12567077503530508,0.12567077503530508,inside_convoy_envelope,inside,True,0.05836740881204605,1.3371607065200806,1.504619836807251,1.8214094638824463,vae_candidate_pool_v1,belief_limited_heuristic_v1,160
VAE000750,vae_candidate_000750,0.7826824576338788,2381.8046875,-2081.6015625,3171.8239368083546,2.4477887141182104,-0.11167359125719643,4.288058035519608,33,8129.611643871014,2212.055273893817,1.8350511133099698,0.5821303482143858,8006.808173586982,0.3213194264707169,0.8934981634040057,0.9744097722503405,0.5498046485857241,1.0,0.22938138916374623,0.8719332732417329,0.7857142857142857,0.0,0.12367784816957164,0.0,ahead_vae,ahead,False,0.05496108531951904,1.7337466478347778,1.4898173809051514,1.7873191833496094,vae_candidate_pool_v1,belief_limited_heuristic_v1,161
VAE000773,vae_candidate_000773,0.7823018607833669,-1698.58349609375,-3394.697998046875,3792.6111274404448,1.1234916521605296,0.11281488829837591,5.971533074808237,28,8132.9663618482455,2801.3066052600275,1.2289901721576404,2.1309158897276395,6694.186731040387,0.22825282498224697,0.6930800438730085,0.9870316126599059,0.8471915947780306,1.0,0.15362377151970505,0.986369345478663,0.6666666666666666,0.0,0.10857363272846944,0.0,astern_vae,astern,False,0.09748983383178711,1.132133960723877,2.9683988094329834,1.0641735792160034,vae_candidate_pool_v1,belief_limited_heuristic_v1,162
VAE000025,vae_candidate_000025,0.7821638306570794,1978.53759765625,1037.26220703125,2233.493976081424,-2.6917966293032025,-0.000580330834164607,3.9554040630153375,39,8338.912234055628,2543.0969679967993,1.8390446940576721,-0.45037635512075525,8614.405011043216,0.6530780897545009,0.9947728293006092,0.897108606058119,0.43530439117622,1.0,0.22988058675720902,0.875503108685164,0.9285714285714286,0.0,0.12139810055760185,0.0,ahead_vae,ahead,False,0.055446308106184006,0.8874381184577942,2.5909335613250732,1.7860039472579956,vae_candidate_pool_v1,belief_limited_heuristic_v1,163
VAE000205,vae_candidate_000205,0.7814787680613355,-656.5326538085938,3649.22265625,3895.533552316123,-1.4436714575763387,-0.03683873696773978,4.821636717211397,34,8411.732486507073,2525.590495765788,1.6004073228047826,-1.7347599329811942,3864.7638801570756,0.25961706738482304,0.6552085960056319,0.9832441759028522,0.9865880556536816,0.9201818762278752,0.20005091535059782,0.9286252258408266,0.8095238095238095,1.0,0.11348031887926734,0.11348031887926734,inside_convoy_envelope,inside,True,0.11101353168487549,1.7475793361663818,2.417239189147949,1.2480347156524658,vae_candidate_pool_v1,belief_limited_heuristic_v1,164
VAE000221,vae_candidate_000221,0.780961438869554,2561.4677734375,1912.4722900390625,3113.4304660513844,-2.52032775093807,0.06454514161462543,4.9451953118704886,32,8236.472875125075,2388.1285112360583,1.6268631130832483,-0.5567197610370977,8254.604552940196,0.4622405624059059,0.9082677420900535,0.9475277778872939,0.5284041459076406,1.0,0.20335788913540603,0.9413079410595867,0.7619047619047619,0.0,0.11906634952363201,0.0,ahead_vae,ahead,False,0.06580442190170288,1.6006367206573486,2.059027671813965,1.131805181503296,vae_candidate_pool_v1,belief_limited_heuristic_v1,165
VAE001132,vae_candidate_001132,0.7808656068888914,-1856.179931640625,3169.25146484375,3781.0382693681295,-1.0096451332714196,0.021557009351748823,4.912483334299846,26,8247.029290213246,2562.1157477586203,1.2304871002203286,-2.1103905109666248,6435.306985222991,0.20268366104212798,0.6972983510384491,0.9897649440511684,0.8579172552548808,1.0,0.15381088752754107,0.969384573421727,0.6190476190476191,0.0,0.11303571398242669,0.0,astern_vae,astern,False,0.10265455394983292,1.7497259378433228,2.9770076274871826,1.7745919227600098,vae_candidate_pool_v1,belief_limited_heuristic_v1,166
VAE000618,vae_candidate_000618,0.7802184307272773,-2021.178466796875,2909.7587890625,3508.164961304972,-0.9472296956291795,-0.01916859788506422,5.58505461670544,24,8311.212457792728,2677.1506876877042,1.07863383839541,-2.213531555845678,7124.5838484121905,0.4222269828628853,0.7928337725303137,0.9560893006560093,0.8004592931718769,1.0,0.13482922979942624,0.8727584900495623,0.5714285714285714,0.0,0.1114455994901438,0.0,astern_vae,astern,False,0.05507277697324753,1.6212190389633179,2.025771141052246,1.5331335067749023,vae_candidate_pool_v1,belief_limited_heuristic_v1,167
VAE000154,vae_candidate_000154,0.7800241269091527,2421.38671875,-2756.47998046875,3637.862881592144,2.1957147910958064,-0.008187560956531335,5.153313932246704,26,8431.553457635973,2557.315439004089,1.205817130903615,0.9376903015374557,7050.234283763351,0.04221110858154864,0.7485175798784615,0.9995546217143954,0.8061937150796947,1.0,0.15072714136295187,0.8581071308497901,0.6190476190476191,0.0,0.11340278941701838,0.0,ahead_vae,ahead,False,0.05312906205654144,2.2996013164520264,2.824819564819336,1.860595703125,vae_candidate_pool_v1,belief_limited_heuristic_v1,168
VAE001083,vae_candidate_001083,0.7793942008396182,2677.050048828125,-1477.1199951171875,3121.197249695573,2.6535450732581696,0.19430156627809797,5.0636282666423815,18,8278.158290451345,2274.157082882958,0.956133025308985,0.6823491466097215,7858.74861597549,0.3778214682220331,0.9063566512077138,0.9647352466232053,0.6306179196613477,1.0,0.11951662816362313,0.9418317060280276,0.42857142857142855,0.0,0.12200500323878578,0.0,ahead_vae,ahead,False,0.10862958431243896,2.3472096920013428,1.931604266166687,1.866809368133545,vae_candidate_pool_v1,belief_limited_heuristic_v1,169
VAE000308,vae_candidate_000308,0.7790587174851274,-2659.43798828125,-1997.691162109375,3405.2958563660754,0.6654999897533146,-0.04221793170068069,5.482895450441701,23,8291.039371919378,2418.1062158610716,1.1472114821599118,2.4338747321357985,7871.939325219806,0.1709428331519247,0.8260967077859216,0.9927124090728632,0.6501014338202882,1.0,0.14340143526998897,0.994856024608443,0.5476190476190477,0.0,0.11727733124090013,0.0,astern_vae,astern,False,0.08099950850009918,2.2068023681640625,1.5032250881195068,1.4899704456329346,vae_candidate_pool_v1,belief_limited_heuristic_v1,170
VAE000774,vae_candidate_000774,0.7780267799118372,1574.9267578125,-3555.82421875,3805.6950951419294,1.9938812193203825,0.11950783979002005,4.996082990786179,30,8267.75157008773,2223.09489072663,1.6322092536899333,1.2672192740594312,4592.9653287416895,0.4273929145212849,0.6882996863435287,0.9550247385943721,0.9542732881113138,1.0,0.20402615671124166,0.7886262014897147,0.7142857142857143,0.0,0.12149847976330536,0.0,ahead_vae,ahead,False,0.04474137723445892,2.2637991905212402,2.4552834033966064,1.3078017234802246,vae_candidate_pool_v1,belief_limited_heuristic_v1,171
VAE001001,vae_candidate_001001,0.777919084005549,-2856.586181640625,2541.92431640625,3711.364420253093,-0.7550487423017677,0.04952791554695821,5.326689845071761,35,8338.306393809053,2809.865560199389,1.4938419587879381,-2.3370159957410674,7806.530362781997,0.19355079329659974,0.7224690835863617,0.9906637235073179,0.7205371552134364,1.0,0.18673024484849227,0.962105011010294,0.8333333333333334,0.0,0.10852516382119674,0.0,astern_vae,astern,False,0.10441863536834717,2.112156391143799,2.3982913494110107,1.5791168212890625,vae_candidate_pool_v1,belief_limited_heuristic_v1,172
VAE000069,vae_candidate_000069,0.7777489741075949,-2362.634765625,-2605.17138671875,3598.3893665169853,0.8001777379152761,-0.017044710710876147,5.158435161884902,25,8388.050370030998,2573.0479045352017,1.158326806371663,2.324370204963641,7615.908480613632,0.1907859097111837,0.7622493937724237,0.9909277529117507,0.7292481073947383,1.0,0.14479085079645787,0.9963721523260303,0.5952380952380952,0.0,0.11320057302212717,0.0,astern_vae,astern,False,0.08200548589229584,0.689021646976471,2.015322685241699,1.2885938882827759,vae_candidate_pool_v1,belief_limited_heuristic_v1,173
VAE000927,vae_candidate_000927,0.7770972525137884,1799.927001953125,-3501.79296875,4087.1851209739066,2.039221978954098,0.15146848784628505,5.622773930248096,34,8247.964510338425,2351.130955995584,1.7532962899825204,1.2538391624819802,4804.715584754384,0.20008151292734078,0.583851600525965,0.9900251902332886,0.950188196551673,1.0,0.21916203624781505,0.9820233897556309,0.8095238095238095,0.0,0.11736443678079829,0.0,ahead_vae,ahead,False,0.07551294565200806,1.5952521562576294,1.9748671054840088,1.439711093902588,vae_candidate_pool_v1,belief_limited_heuristic_v1,174
VAE001200,vae_candidate_001200,0.7764333766671565,2207.98876953125,3000.767333984375,3674.780365180261,-2.2407890161303277,-0.03636390501815376,4.625788408860991,26,7954.060814175161,2388.5064526678757,1.3685416586374963,-0.9371675424776192,6634.244771228776,0.3061390181326127,0.7355066862046327,0.9767521472637739,0.8058843136680521,1.0,0.17106770732968704,0.9309400666647254,0.6190476190476191,0.0,0.11743041941835886,0.0,ahead_vae,ahead,False,0.06392201036214828,1.7384449243545532,2.4927425384521484,1.1005033254623413,vae_candidate_pool_v1,belief_limited_heuristic_v1,175
VAE000026,vae_candidate_000026,0.774636306949004,2214.465576171875,-1654.7791748046875,2876.1492737755075,2.5110284961205256,-0.05527250133039291,5.481734541949428,21,8419.861290388266,2160.9172475850455,1.1541871156437744,0.575291656138875,8240.257810044655,0.5643758065247944,0.9580475479391921,0.9224613194636428,0.5440795231366785,1.0,0.1442733894554718,0.9627472683955007,0.5,0.0,0.12634830572043743,0.0,ahead_vae,ahead,False,0.0702630802989006,2.154909610748291,2.0416712760925293,1.2715685367584229,vae_candidate_pool_v1,belief_limited_heuristic_v1,176
VAE000560,vae_candidate_000560,0.7745967425026823,2115.349365234375,3528.916748046875,4086.842974912076,-2.070287947625187,-0.06417591848238724,4.590458001298836,36,8146.853152581837,2572.9384237723957,1.7174465102765744,-1.135480624446993,5768.479294542734,0.1726363664053565,0.5839790254640108,0.9925676578244356,0.9067369568554553,1.0,0.2146808137845718,0.9920652273077778,0.8571428571428571,0.0,0.11221678072872153,0.0,ahead_vae,ahead,False,0.07947751134634018,1.2265510559082031,2.937549591064453,1.8950080871582031,vae_candidate_pool_v1,belief_limited_heuristic_v1,177
VAE000983,vae_candidate_000983,0.7744890023865482,-731.0357055664062,-3811.92431640625,3817.5354175375733,1.4114606490653268,0.0984750887710461,5.4276307954403755,24,7937.157477281042,2210.835322393223,1.3676968605498707,1.8286070932955127,4161.459931604345,0.33261527432963445,0.6839639754339981,0.9725958238892642,0.9669504712125603,0.9908237932391297,0.17096210756873384,0.9701303278906002,0.5714285714285714,1.0,0.12200836350248051,0.12200836350248051,inside_convoy_envelope,inside,True,0.10246307402849197,0.9617094397544861,1.9143098592758179,1.6990941762924194,vae_candidate_pool_v1,belief_limited_heuristic_v1,178
VAE001054,vae_candidate_001054,0.7728081198667115,-2875.593994140625,1060.4837646484375,3154.668044416422,-0.4341778448674225,0.021853308574364884,5.355404255327693,28,7753.851702989538,2318.134619995733,1.5577648060748917,-2.685561500148006,7982.3448414045915,0.07968248452622073,0.8979324246023717,0.9984135151036464,0.44038832495738334,1.0,0.19472060075936146,0.9988596232399174,0.6666666666666666,0.0,0.12095227107681783,0.0,astern_vae,astern,False,0.09021424502134323,1.8855140209197998,2.3703765869140625,1.152947187423706,vae_candidate_pool_v1,belief_limited_heuristic_v1,179
VAE000537,vae_candidate_000537,0.7725576829840763,-2712.848876953125,2025.7242431640625,3383.6222176294646,-0.638188388469665,0.02377985284430077,5.670372498878853,36,8526.695206182563,2596.483129229145,1.6260588394804254,-2.4796244122758275,8321.701976971197,0.10214200368406223,0.8328558974408474,0.9973940196335882,0.6146705587182932,1.0,0.20325735493505317,0.690688075764108,0.8571428571428571,0.0,0.11329872940930588,0.0,astern_vae,astern,False,0.03417954221367836,2.385664939880371,1.9435384273529053,1.0541008710861206,vae_candidate_pool_v1,belief_limited_heuristic_v1,180
VAE001158,vae_candidate_001158,0.7720772698831642,2183.356201171875,-3188.389404296875,3779.266618660598,2.1310236342249196,-0.11434062325162701,4.496542572871165,28,8286.612516495636,2414.6859136234784,1.399330664093946,0.8962283961132472,7061.300071160413,0.12714782918548373,0.6979432606922752,0.9959637994083386,0.7809768772090173,1.0,0.17491633301174325,0.9779574385841091,0.6666666666666666,0.0,0.11636265660293396,0.0,ahead_vae,ahead,False,0.10029494762420654,2.3549997806549072,1.5013494491577148,1.0653302669525146,vae_candidate_pool_v1,belief_limited_heuristic_v1,181
VAE000954,vae_candidate_000954,0.7710318719908323,-423.35955810546875,3642.650634765625,3685.774967127319,-1.4390810649384167,0.11971544394008245,4.902938788027054,24,8315.942939701237,2689.0860004194587,1.073235548442802,-1.582796144711294,2788.679800640526,0.26122060877297004,0.7316028685069996,0.9830377317650907,0.99992800304893,0.6639713811048872,0.13415444355535025,0.9847912595101201,0.5714285714285714,1.0,0.11072537603614041,0.11072537603614041,inside_convoy_envelope,inside,True,0.07646317780017853,1.7070519924163818,1.497298240661621,1.9164915084838867,vae_candidate_pool_v1,belief_limited_heuristic_v1,182
VAE001048,vae_candidate_001048,0.7710303645098825,-2029.871826171875,767.294677734375,2018.9529577746248,-0.32265535434955706,0.09233696117707327,4.94281175417551,26,8291.947512758767,2484.5964308864754,1.2620046251272257,-2.7266003380631627,8589.86897817549,0.028718678523822205,0.9729258382765162,0.9997938235470962,0.4031828981867275,1.0,0.1577505781409032,0.8558269466448942,0.6190476190476191,0.0,0.1252340098623488,0.0,astern_vae,astern,False,0.05283355712890625,0.8081653118133545,1.9836114645004272,1.642204761505127,vae_candidate_pool_v1,belief_limited_heuristic_v1,183
VAE000345,vae_candidate_000345,0.7708880054534125,2439.759521484375,-2238.749267578125,3546.6316645422035,2.4292141032340915,0.0716584409941512,3.716282056510426,32,8226.837948457205,2446.033763037099,1.5902103956642677,0.7840369913498526,7552.41695810195,0.4873869815692067,0.7799404946924872,0.9417797995536201,0.7061436324386943,1.0,0.19877629945803346,0.905540091075621,0.7619047619047619,0.0,0.11622838579862145,0.0,ahead_vae,ahead,False,0.05977770313620567,2.228883981704712,2.5743467807769775,1.3963069915771484,vae_candidate_pool_v1,belief_limited_heuristic_v1,184
VAE000809,vae_candidate_000809,0.7690470703598248,-2487.58056640625,-2163.014892578125,3359.9566459952835,0.6833260121764235,0.05077873085614111,5.174255997047288,22,8298.100365555774,1990.7236853896582,1.3317816106973865,2.5090453722695107,7869.536586072052,0.12358587027518418,0.8401290516658702,0.9961864906685574,0.5912011177208548,1.0,0.16647270133717332,0.9918901799864454,0.5238095238095238,0.0,0.130535382208965,0.0,astern_vae,astern,False,0.0793917179107666,0.7555995583534241,1.5162497758865356,1.2731213569641113,vae_candidate_pool_v1,belief_limited_heuristic_v1,185
VAE001031,vae_candidate_001031,0.7689555841176279,-2918.36083984375,1938.52783203125,3453.0921360236252,-0.5869040194615145,-0.03277606129340352,4.898196293138696,32,8115.21528982846,2829.3073362968953,1.3937016264141204,-2.587464695421682,8389.638541806948,0.13672663859984652,0.8108749673274055,0.9953337327083249,0.5262019512015443,1.0,0.17421270330176505,0.9997680744587722,0.7619047619047619,0.0,0.1090712183712374,0.0,astern_vae,astern,False,0.08593739569187164,0.9690061211585999,2.0143702030181885,1.7310876846313477,vae_candidate_pool_v1,belief_limited_heuristic_v1,186
VAE001119,vae_candidate_001119,0.7688069997640584,-2358.6826171875,-654.4478759765625,2379.9766734424443,0.3017107342923226,-0.03905137569082204,4.790354586261998,23,8261.644587969082,2655.510369253491,1.0483669627039625,2.800830543606649,8674.088102051152,0.07487848526067833,0.9999242120201768,0.9985989579069352,0.3342054779669334,1.0,0.1310458703379953,0.9212917482013387,0.5476190476190477,0.0,0.11785286552693229,0.0,astern_vae,astern,False,0.06228042393922806,1.9270761013031006,2.4689059257507324,1.0615334510803223,vae_candidate_pool_v1,belief_limited_heuristic_v1,187
VAE000174,vae_candidate_000174,0.7687498084760667,-1326.449951171875,780.0379028320312,1501.4344845460632,-0.5845263067886531,-0.0074785113538807,4.683703898819965,27,7890.325119468827,2371.9267422213657,1.4426719703950723,-2.564544858155021,7906.708786201509,0.20557078609631674,0.8584461062734986,0.9894723158669131,0.5455521433723689,1.0,0.18033399629938404,0.9912143431390663,0.6428571428571429,0.0,0.13862899816002186,0.0,astern_vae,astern,False,0.07906876504421234,1.7403833866119385,1.5247249603271484,1.1393918991088867,vae_candidate_pool_v1,belief_limited_heuristic_v1,188
VAE000402,vae_candidate_000402,0.7658898035339954,-2445.938720703125,-2519.542236328125,3595.7570352982416,0.7753310470376006,0.03802593013886509,5.4007096186889925,28,8184.491540359495,2551.2443977006806,1.340955182725802,2.4042875366910583,7774.029787796217,0.2763590965295427,0.7631580327773874,0.9810276251868513,0.6722953791261338,1.0,0.16761939784072524,0.9404288356485704,0.6666666666666666,0.0,0.11376686463096825,0.0,astern_vae,astern,False,0.06563928723335266,1.9648782014846802,2.459500789642334,1.3925962448120117,vae_candidate_pool_v1,belief_limited_heuristic_v1,189
VAE000267,vae_candidate_000267,0.7654988813431254,1256.0037841796875,912.9682006835938,1607.112903057724,-2.504710124582463,0.0011435428182370179,4.988229276063331,24,8598.658394812604,2646.8328915264306,1.054518062625032,-0.6357389861890933,8490.38141475157,0.5778703653566006,0.8879487957519077,0.9188139214860522,0.5937722891993003,1.0,0.131814757828129,0.9931572046763516,0.5714285714285714,0.0,0.13008899596708343,0.0,ahead_vae,ahead,False,0.09449764341115952,0.8889114856719971,1.5063334703445435,1.1167789697647095,vae_candidate_pool_v1,belief_limited_heuristic_v1,190
VAE000677,vae_candidate_000677,0.7654426275895673,713.7759399414062,3721.465576171875,3827.025437087453,-1.8453292511283264,0.058978513520604556,5.448765013627071,24,8085.596941166721,2320.146415849396,1.2793334663735485,-1.2372848889408623,4839.228443661514,0.40494059365638635,0.6804825887949563,0.9595629013789106,0.9448986564728032,1.0,0.15991668329669356,0.9287964522186426,0.5714285714285714,1.0,0.11878330874950188,0.11878330874950188,inside_convoy_envelope,inside,True,0.0635489746928215,2.270700693130493,2.9697346687316895,1.722902774810791,vae_candidate_pool_v1,belief_limited_heuristic_v1,191
VAE001120,vae_candidate_001120,0.7653612667402028,-610.6719360351562,3578.882568359375,3736.612788097647,-1.3723342039588462,0.06542820659125861,5.140231279410898,28,8153.752073355326,2251.841627728591,1.5249748667822687,-1.7038302430396883,3313.4732440297535,0.42800668721226476,0.7133956922013455,0.9548974486157992,0.9911640317014859,0.7889222009594651,0.19062185834778358,0.9098771306804337,0.6666666666666666,1.0,0.12085944037474208,0.12085944037474208,inside_convoy_envelope,inside,True,0.06044771522283554,2.330122947692871,1.4960473775863647,1.86066734790802,vae_candidate_pool_v1,belief_limited_heuristic_v1,192
VAE000576,vae_candidate_000576,0.7652016205424567,-2350.3115234375,-920.68896484375,2588.722827077623,0.371571767826604,0.06798849535340579,4.684035987068352,29,8165.926441176666,2366.828716455279,1.5004644301580476,2.8380093811165947,8500.053697431427,0.11852766218101736,0.9932898532979095,0.9964919082529407,0.2989415330655522,1.0,0.18755805376975596,0.8678096276350697,0.6904761904761905,0.0,0.12237289393691268,0.0,astern_vae,astern,False,0.054407086223363876,0.6003483533859253,2.522899627685547,1.0400651693344116,vae_candidate_pool_v1,belief_limited_heuristic_v1,193
VAE001007,vae_candidate_001007,0.7649493036994822,-2630.9521484375,2639.73193359375,3711.4991617517653,-0.7505376568145811,0.07711475211653987,5.315577867262521,25,8407.645677196218,2231.974750175004,1.3322211695280504,-2.313940244658672,7332.1691588128615,0.20496570435521588,0.7224208192693511,0.989533982705364,0.736345006821489,1.0,0.1665276461910063,0.9907114479819171,0.5952380952380952,0.0,0.12137987140659133,0.0,astern_vae,astern,False,0.0956965833902359,0.8050894737243652,2.943314790725708,1.9399113655090332,vae_candidate_pool_v1,belief_limited_heuristic_v1,194
VAE000975,vae_candidate_000975,0.7642751338493082,-756.7478637695312,-1079.3538818359375,1298.8686835408078,0.9150543285029615,-0.016482954694660417,4.736836837843962,28,8050.743813281345,2602.7468696805827,1.33625730237992,2.210055370392172,6891.88483800289,0.10353885502835114,0.795166150299213,0.9973223197843228,0.8025380334479094,1.0,0.16703216279749,0.8278329526678083,0.6666666666666666,1.0,0.14191590707414165,0.14191590707414165,inside_convoy_envelope,inside,True,0.049333758652210236,1.4426130056381226,2.3381876945495605,1.9471375942230225,vae_candidate_pool_v1,belief_limited_heuristic_v1,195
VAE000417,vae_candidate_000417,0.7637791153761109,-2055.242919921875,527.6209106445312,2178.579668025948,-0.2916311810733399,0.023849099954749382,5.666749909916116,23,8466.631829079575,2421.42059784482,1.1218813506405656,-2.8261123725617034,8800.083768990953,0.18231382237707355,0.9907749572414384,0.9917134084436925,0.3102730849397546,1.0,0.1402351688300707,0.9884360494398936,0.5476190476190477,0.0,0.1245315521891756,0.0,astern_vae,astern,False,0.09667803347110748,1.8642425537109375,2.9614388942718506,1.5385857820510864,vae_candidate_pool_v1,belief_limited_heuristic_v1,196
VAE000458,vae_candidate_000458,0.7629257878750686,-845.5725708007812,3851.281494140625,3746.956929484879,-1.3813027897539372,-0.008952693220182053,4.753746094451593,27,7959.918320995656,2347.6646823007272,1.4448377702487374,-1.769242557056038,3870.8580015394673,0.6329687778295765,0.7096619600355643,0.9031374550778495,0.9803740810729403,0.9216328575093969,0.18060472128109217,0.9083420437160555,0.6428571428571429,1.0,0.11829851546881644,0.11829851546881644,inside_convoy_envelope,inside,True,0.060209035873413086,1.8052904605865479,2.9489779472351074,1.1226171255111694,vae_candidate_pool_v1,belief_limited_heuristic_v1,197
VAE000240,vae_candidate_000240,0.7615718172754894,3174.156982421875,-1464.0084228515625,3397.8432923840955,2.6702102825295166,0.02513667253311665,4.4437815644170495,35,8238.861217221744,2225.0583795326033,1.9092352622883164,0.4965190435933933,8303.93279768559,0.28726704922491786,0.8284312675209846,0.9795108946630119,0.47636781352183505,1.0,0.23865440778603955,0.9589105352233778,0.8333333333333334,0.0,0.1224905776097674,0.0,ahead_vae,ahead,False,0.10514171421527863,1.2580983638763428,2.9268975257873535,1.8450111150741577,vae_candidate_pool_v1,belief_limited_heuristic_v1,198
VAE000803,vae_candidate_000803,0.7608757091218471,-450.121337890625,-1024.3074951171875,1170.6988590501933,1.0833763126071372,0.06725681772277566,4.347420049115797,25,8340.181954631898,2298.4867171497235,1.304134802493838,2.1254731587054314,6346.388236834463,0.12128645343759503,0.7515124210258955,0.9963269050926822,0.8500706871456638,1.0,0.16301685031172974,0.9997675489638084,0.5952380952380952,1.0,0.1540909804217362,0.1540909804217362,inside_convoy_envelope,inside,True,0.08593589067459106,1.8064552545547485,2.4772603511810303,1.7119805812835693,vae_candidate_pool_v1,belief_limited_heuristic_v1,199
VAE000643,vae_candidate_000643,0.7605443905996301,-2520.427490234375,607.7369995117188,2512.0047302296703,-0.20652879684071887,-0.01065526600298739,4.8644635934016405,32,8351.85388713935,2617.684912909505,1.4636920719456237,-2.945719122752062,8701.61285594602,0.16930338580435403,0.9976313428640786,0.9928511912940161,0.1946234363187054,1.0,0.18296150899320296,0.9765973905428077,0.7619047619047619,0.0,0.11740529050203193,0.0,astern_vae,astern,False,0.10069552063941956,1.4080942869186401,2.0862209796905518,1.2309974431991577,vae_candidate_pool_v1,belief_limited_heuristic_v1,200
VAE000844,vae_candidate_000844,0.7596517257565651,-399.71405029296875,3717.426025390625,3917.1809054940804,-1.4125649494274406,-0.022910550920554853,5.159606778525606,24,8425.716957225217,2270.06964010284,1.2547730875054122,-1.7519382550829075,3750.8457935931187,0.2823593741407798,0.6471805036729007,0.9802003688090986,0.9836386124321436,0.8930585222840759,0.15684663593817652,0.9776555127085118,0.5714285714285714,1.0,0.1198206434706629,0.1198206434706629,inside_convoy_envelope,inside,True,0.07414804399013519,0.645177960395813,2.96256160736084,1.497358798980713,vae_candidate_pool_v1,belief_limited_heuristic_v1,201
VAE000609,vae_candidate_000609,0.7589068234405194,117.88165283203125,-3580.6201171875,3728.813543472115,1.5931579077413436,0.02247383575775681,4.83535177619719,28,8303.688431420396,2411.0419311961596,1.3985636058260305,1.5709085816062072,2411.9740449813044,0.26240443200043795,0.7162046657380425,0.982884526266937,0.9999999936994287,0.5742795345193582,0.1748204507282538,0.9593421050009097,0.6666666666666666,1.0,0.11656135455310734,0.11656135455310734,inside_convoy_envelope,inside,True,0.0694873183965683,1.535496711730957,1.9670709371566772,1.2854812145233154,vae_candidate_pool_v1,belief_limited_heuristic_v1,202
VAE000306,vae_candidate_000306,0.758740379151482,-442.056640625,844.5701904296875,1094.2426518564155,-1.0439112997852675,-0.030429653035157468,4.925712923159894,31,8182.7938906725785,2507.951802636739,1.5105701398497762,-2.128111006839683,6456.399106097426,0.21707004584970768,0.724475985601969,0.9882663311743599,0.848678459443909,1.0,0.18882126748122202,0.9991287313543609,0.7380952380952381,1.0,0.15514429692522147,0.15514429692522147,inside_convoy_envelope,inside,True,0.08469003438949585,0.7008415460586548,1.5197341442108154,1.8287994861602783,vae_candidate_pool_v1,belief_limited_heuristic_v1,203
VAE000017,vae_candidate_000017,0.7585838620163107,-2924.256103515625,-2160.740966796875,3658.4758699360136,0.7074088506234776,-0.018034664822991802,4.9035145775425715,26,8327.143233303594,2214.2213500154703,1.4101206711923429,2.416149138143324,7699.475749016476,0.13187749650041303,0.7412718809936267,0.9956583792923838,0.6634673484864384,1.0,0.17626508389904286,0.9656839106749487,0.6190476190476191,0.0,0.1220728163394801,0.0,astern_vae,astern,False,0.10357355326414108,0.7978635430335999,2.0834662914276123,1.0604908466339111,vae_candidate_pool_v1,belief_limited_heuristic_v1,204
VAE000651,vae_candidate_000651,0.758454492353283,-2293.62060546875,2668.659423828125,3657.1845737044946,-0.8799281512487861,0.03336240847425443,5.172436661642078,22,8021.504221056168,2398.6060787111364,1.1434256609246871,-2.228302093866753,6800.840718570869,0.3939359190585375,0.7417272181703567,0.9617027544029364,0.7915190288049916,1.0,0.1429282076155859,0.8434261340889314,0.5238095238095238,0.0,0.11718657368602563,0.0,astern_vae,astern,False,0.05125564709305763,1.3479599952697754,1.5067611932754517,1.796534538269043,vae_candidate_pool_v1,belief_limited_heuristic_v1,205
VAE000654,vae_candidate_000654,0.7575828584626061,2547.182373046875,740.2572021484375,2571.5859293349354,-2.8122543919465333,0.03467680173049326,5.534849688651267,33,8204.000702075917,2579.975508896322,1.5590953192241301,-0.2946614599127666,8599.678448236364,0.6175370732018535,0.9944499143110876,0.9076535168938809,0.29041591758834523,1.0,0.19488691490301627,0.9678204636401314,0.7857142857142857,0.0,0.11776360134654182,0.0,ahead_vae,ahead,False,0.07148385047912598,1.8930680751800537,2.413166046142578,1.3522486686706543,vae_candidate_pool_v1,belief_limited_heuristic_v1,206
VAE001015,vae_candidate_001015,0.7560751365413503,-2284.950927734375,-647.7071533203125,2464.0530086098274,0.30106350697381934,-0.047094259059196196,5.2547635123255425,27,8325.342692667246,2767.4220546289885,1.17188837804011,2.793434887556778,8769.997779732026,0.5054267856578515,0.9992247264055147,0.9374839563255074,0.3411666822474656,1.0,0.14648604725501374,0.8476376502312074,0.6428571428571429,0.0,0.11516093192049821,0.0,astern_vae,astern,False,0.05178622901439667,2.304457664489746,2.5712428092956543,1.4995403289794922,vae_candidate_pool_v1,belief_limited_heuristic_v1,207
VAE000210,vae_candidate_000210,0.756049023052305,-1300.576904296875,-817.0281982421875,1630.481861620442,0.5423419240291429,0.038243486971876836,5.798696255035516,29,8094.233363053987,2534.9294113725227,1.4133717492720368,2.6374942165325272,8311.811205233724,0.2573080772475327,0.8940986513042443,0.9835392584201319,0.4830182189331415,1.0,0.1766714686590046,0.8002390611599484,0.6904761904761905,0.0,0.1316663171157169,0.0,astern_vae,astern,False,0.04607107490301132,2.3761236667633057,2.429067850112915,1.3172155618667603,vae_candidate_pool_v1,belief_limited_heuristic_v1,208
VAE000816,vae_candidate_000816,0.7559296557894479,265.72259521484375,1092.6016845703125,1106.0295977789656,-1.8293209712480711,-0.02592347272617833,5.385714402679897,27,8187.031807211796,2629.3754514375173,1.2542516544761282,-1.3381951550679003,4445.754592436301,0.5019879749370362,0.7286847628155908,0.9383138712205968,0.9730700930279983,1.0,0.15678145680951602,0.8821568887409661,0.6428571428571429,1.0,0.15244832730287539,0.15244832730287539,inside_convoy_envelope,inside,True,0.05636558681726456,1.5339981317520142,2.0626866817474365,1.2619483470916748,vae_candidate_pool_v1,belief_limited_heuristic_v1,209
VAE000854,vae_candidate_000854,0.7558211329617301,1645.160888671875,-3981.835693359375,4234.1341537520875,1.9741726655950846,0.030804725711715598,4.335452384290083,32,8133.986453518637,2595.822914250409,1.51555419759712,1.1982247137064246,5378.601944095744,0.18110005934584694,0.5294450398302881,0.9918230771914054,0.9313943288241253,1.0,0.18944427469964,0.9870361561069056,0.7619047619047619,0.0,0.11148607575543233,0.0,ahead_vae,ahead,False,0.07729797065258026,2.172565460205078,2.9569125175476074,1.3926082849502563,vae_candidate_pool_v1,belief_limited_heuristic_v1,210
VAE000577,vae_candidate_000577,0.7556175220179713,3117.426513671875,-1589.2938232421875,3400.0224552075874,2.668287465992746,0.047893228753191575,4.826230973474524,26,8205.160938045248,2578.941029316144,1.2286970980951115,0.521198416350239,8399.810775349897,0.25988454207827116,0.8277497483257619,0.9832098268397198,0.49791978947875104,1.0,0.15358713726188894,0.9976103610194684,0.6190476190476191,0.0,0.11375894991353086,0.0,ahead_vae,ahead,False,0.09153494238853455,2.2978076934814453,1.5119264125823975,1.685779094696045,vae_candidate_pool_v1,belief_limited_heuristic_v1,211
VAE000184,vae_candidate_000184,0.7553497459155519,-3059.01025390625,719.6964111328125,2918.3874894695473,-0.3045944487061557,0.009112236267210904,5.015052289557179,29,8421.130112607374,2617.7495125753094,1.3155262939578438,-2.827885968616427,8817.949832214115,0.1607191050188535,0.950469897113089,0.9935562308049948,0.3085865332169357,1.0,0.16444078674473048,0.8795479654504005,0.6904761904761905,0.0,0.11482513263598451,0.0,astern_vae,astern,False,0.05600275099277496,1.2131192684173584,1.4872090816497803,1.2843974828720093,vae_candidate_pool_v1,belief_limited_heuristic_v1,212
VAE000908,vae_candidate_000908,0.7548938045074998,2243.1015625,-759.15625,2366.3787015371604,2.822762262919112,0.09218074595544573,4.990871826388435,30,8148.708324556038,2330.0054377464135,1.5800671614507933,0.4110111366261278,8400.984060020655,0.8355805303792481,0.9997863381956029,0.8353736122201405,0.39953645851241154,1.0,0.19750839518134916,0.9595649575959276,0.7142857142857143,0.0,0.12500970400258102,0.0,ahead_vae,ahead,False,0.06953713297843933,2.0235652923583984,1.996703863143921,1.8799407482147217,vae_candidate_pool_v1,belief_limited_heuristic_v1,213
VAE001146,vae_candidate_001146,0.754307052119815,418.40386962890625,-3785.261474609375,3967.1765841288875,1.6936929879807396,-0.01016389301927994,5.81981150563066,33,8483.873904320126,2160.962864306975,1.799999693735077,1.4377357725897737,3267.401814937997,0.3003858938029771,0.6285873772791625,0.977611189290265,0.9911604980413025,0.7779528130804755,0.22499996171688463,0.949619310696958,0.7857142857142857,1.0,0.12300753415818899,0.12300753415818899,inside_convoy_envelope,inside,True,0.06742526590824127,1.2394335269927979,2.95447039604187,1.6032581329345703,vae_candidate_pool_v1,belief_limited_heuristic_v1,214
VAE001026,vae_candidate_001026,0.7538770970958761,-3176.876708984375,-1278.5611572265625,3309.531307779093,0.41251476210698823,0.006849260417144434,4.612399519610348,33,8051.04009290897,2863.932857559319,1.4311960153268093,2.73592715189995,8527.812255133646,0.15858128636937413,0.8552346246797018,0.9937261583456255,0.39463033727010927,1.0,0.17889950191585116,0.9267113755726769,0.7857142857142857,0.0,0.1090474813864061,0.0,astern_vae,astern,False,0.06319086253643036,0.7213947176933289,1.4882566928863525,1.0937731266021729,vae_candidate_pool_v1,belief_limited_heuristic_v1,215
VAE000760,vae_candidate_000760,0.7537608659338854,357.9878845214844,-3452.7666015625,3815.2357323442516,1.6794411344742413,0.07914904667297311,5.3426232807888505,24,8387.2454549333,2425.8239911266296,1.1795941278096138,1.5413005657885253,2672.1211520100196,0.21479044183614593,0.6848067761067267,0.9885105407250487,0.999565031577907,0.6362193219071475,0.14744926597620173,0.9976669266957927,0.5714285714285714,1.0,0.11596223696044076,0.11596223696044076,inside_convoy_envelope,inside,True,0.08304886519908905,1.5349563360214233,2.595424175262451,1.6499848365783691,vae_candidate_pool_v1,belief_limited_heuristic_v1,216
VAE000112,vae_candidate_000112,0.7535311912131533,-2408.474609375,-612.0397338867188,2280.1454607908113,0.22479468301638464,-0.06029108312955264,5.010197605914947,21,8514.67065798425,2551.0653072726095,0.9667849111603012,2.8565068874438566,8888.458550884736,0.1127588650878616,0.9972881618476107,0.9968247260772554,0.28123975674247126,1.0,0.12084811389503765,0.9157660423575575,0.5,0.0,0.12067714049878096,0.0,astern_vae,astern,False,0.06137987598776817,0.6312564015388489,2.968106746673584,1.6263428926467896,vae_candidate_pool_v1,belief_limited_heuristic_v1,217
VAE000587,vae_candidate_000587,0.7534761613282888,3064.897705078125,2067.98193359375,3598.135624454159,-2.5550890531646653,0.06138561836341652,5.092403365924712,36,8241.250670732868,2272.094144896825,1.9225739527128676,-0.5251179820617113,8269.89921493903,0.22152166482088775,0.7623370213499714,0.9877821236455173,0.5013150938878578,1.0,0.24032174408910845,0.9998898404553006,0.8571428571428571,0.0,0.12057206808927333,0.0,ahead_vae,ahead,False,0.08635051548480988,2.2396631240844727,1.4756138324737549,1.3198579549789429,vae_candidate_pool_v1,belief_limited_heuristic_v1,218
VAE001129,vae_candidate_001129,0.7531357250001396,-2652.74169921875,1633.6739501953125,3505.087504787898,-0.5575505660195116,0.06219162425052658,5.376371728046093,27,8064.276212609222,2560.026558948423,1.3078378398235655,-2.5218504633197547,8051.476694030672,0.22087709040546932,0.7938552504223712,0.987852833436842,0.580825315444996,1.0,0.1634797299779457,0.8703153706603701,0.6428571428571429,0.0,0.11390215664473195,0.0,astern_vae,astern,False,0.05474291369318962,1.662271499633789,1.5157523155212402,1.5637977123260498,vae_candidate_pool_v1,belief_limited_heuristic_v1,219
VAE001022,vae_candidate_001022,0.7530911322525518,-2798.218505859375,-2382.728271484375,3697.5030728477195,0.7026266417448438,-0.020288983779285428,4.750581496962071,24,8497.064411010077,2800.5069876263724,1.0085691286924847,2.418677028065664,8224.521000176639,0.1696192800127394,0.7274247986521998,0.9928245532903301,0.6615738501684878,1.0,0.1260711410865606,0.9766177873576968,0.5714285714285714,0.0,0.10863807028348264,0.0,astern_vae,astern,False,0.100689597427845,0.6766312122344971,2.5008046627044678,1.5694103240966797,vae_candidate_pool_v1,belief_limited_heuristic_v1,220
VAE000367,vae_candidate_000367,0.7524094305930218,-1527.45263671875,795.1793212890625,1694.172703533298,-0.45949170686797874,0.024468376121317977,5.948987336004909,22,8497.326854605857,2320.16942436555,1.1158881291769516,-2.6576325706004966,8601.035061435741,0.00973994735090461,0.9101223717410903,0.9999762835438929,0.4652881190007467,1.0,0.13948601614711895,0.8344366041168002,0.5238095238095238,0.0,0.1345225030002641,0.0,astern_vae,astern,False,0.0501398891210556,0.7804214954376221,2.4073052406311035,1.3609886169433594,vae_candidate_pool_v1,belief_limited_heuristic_v1,221
VAE001203,vae_candidate_001203,0.7523026470998923,-1797.083740234375,-3176.60595703125,3754.0565021496473,1.0335252225324016,0.173721141397734,4.532677908937687,24,8188.023258615199,2230.1048377373518,1.3143374852490743,2.281788572455126,7033.172054298789,0.37421299396598595,0.7070941204216237,0.9653977962024252,0.7577147235430405,1.0,0.1642921856561343,0.9315340881673471,0.5714285714285714,0.0,0.12144091135334252,0.0,astern_vae,astern,False,0.06402628868818283,1.7549842596054077,2.9138870239257812,1.1680071353912354,vae_candidate_pool_v1,belief_limited_heuristic_v1,222
VAE000125,vae_candidate_000125,0.7520429285453197,-2411.379638671875,3453.46875,4023.4002198750118,-0.9790631330254855,-0.02432101983938924,5.392586800162629,29,7959.494867929103,2396.3760351845885,1.5203988170932774,-2.1868505404036966,6554.987057508444,0.220547250590983,0.6076291097689926,0.9878889384569596,0.8161647556203656,1.0,0.19004985213665967,0.9836271089588502,0.6904761904761905,0.0,0.11647506719085111,0.0,astern_vae,astern,False,0.09847889840602875,0.9933589100837708,1.4986398220062256,1.6357755661010742,vae_candidate_pool_v1,belief_limited_heuristic_v1,223
VAE000352,vae_candidate_000352,0.7519042199973845,-2688.899658203125,-2437.028564453125,3640.251713088899,0.7107914591391995,0.039528777562490194,5.2700091374696,25,8135.822149627389,2189.817508683001,1.4032357433539069,2.4703299720130842,7732.661431412469,0.06919473392658826,0.7476804164308608,0.9988034997082778,0.6219752089114752,1.0,0.17540446791923836,0.9615670861393439,0.5952380952380952,0.0,0.12295390535235656,0.0,astern_vae,astern,False,0.10454234480857849,0.7794180512428284,2.037431001663208,1.073948860168457,vae_candidate_pool_v1,belief_limited_heuristic_v1,224
VAE000818,vae_candidate_000818,0.7496524274977472,-351.3533935546875,980.1088256835938,1008.0717976825721,-1.253449196772705,-0.06614923242769782,4.87570305291953,34,8271.253765726615,2664.2035510733403,1.5429084901492314,-1.9542926892447858,5565.496226757596,0.3062494820090429,0.6933292348023967,0.9767354985850687,0.9273620895696083,1.0,0.19286356126865392,0.850887567261296,0.8095238095238095,1.0,0.1596224055311683,0.1596224055311683,inside_convoy_envelope,inside,True,0.05219931900501251,1.6261287927627563,2.948458671569824,1.1555187702178955,vae_candidate_pool_v1,belief_limited_heuristic_v1,225
VAE000297,vae_candidate_000297,0.7496316133955128,-2072.171875,-3187.547607421875,3875.736921617761,0.9927366505951916,-0.08066393110244892,5.244919907302366,24,8163.5092801206,2409.2542748857236,1.2202581379792325,2.068192071892153,6012.444732202341,0.4638576165976841,0.6625347180271858,0.9471666265122889,0.8788281308446851,1.0,0.15253226724740407,0.8354247381442129,0.5714285714285714,0.0,0.11634434930834152,0.0,astern_vae,astern,False,0.050261467695236206,2.1888251304626465,2.3540849685668945,1.4778186082839966,vae_candidate_pool_v1,belief_limited_heuristic_v1,226
VAE000151,vae_candidate_000151,0.7468400051287486,1673.1337890625,632.6710205078125,1740.0763618398903,-2.732956510248846,0.01354733060869285,4.708068769388238,29,8157.876421630049,2215.710801515484,1.6043820737790213,-0.39508881273225427,8382.218364899983,0.2846055055686625,0.9209726012359966,0.9798862465146535,0.3848901611372536,1.0,0.20054775922237766,0.8156799129604774,0.6904761904761905,0.0,0.13634642604710542,0.0,ahead_vae,ahead,False,0.04787715524435043,1.6294121742248535,2.9434659481048584,1.0810738801956177,vae_candidate_pool_v1,belief_limited_heuristic_v1,227
VAE001144,vae_candidate_001144,0.7466990721934663,-1509.848876953125,-544.305908203125,1694.3908719199133,0.37595008050794415,-0.04384600624238439,5.668613096684522,24,8335.724088457091,2400.349428454236,1.1994811913102525,2.721796566839465,8590.271040000325,0.03995475883105193,0.9101753514904045,0.9996009574013192,0.4075742536503372,1.0,0.14993514891378157,0.8472122671014146,0.5714285714285714,0.0,0.1327571401443967,0.0,astern_vae,astern,False,0.05173239856958389,1.517646074295044,2.026930809020996,1.0736221075057983,vae_candidate_pool_v1,belief_limited_heuristic_v1,228
VAE001106,vae_candidate_001106,0.7463567010551905,3038.5107421875,579.3009643554688,3087.8085536236586,-2.8684384126720706,0.0029596776764756125,4.185935973009886,31,8313.878881388704,2664.6516571474317,1.3993216632929808,-0.27019456324124697,8723.488903832751,0.3054735371953608,0.9144529821742915,0.9768523228204763,0.2669189460285246,1.0,0.1749152079116226,0.9999925210136871,0.7380952380952381,0.0,0.11319254142518893,0.0,ahead_vae,ahead,False,0.08750511705875397,1.8013949394226074,1.9495596885681152,1.7600091695785522,vae_candidate_pool_v1,belief_limited_heuristic_v1,229
VAE000917,vae_candidate_000917,0.7460657720263387,-719.3822631835938,3753.133544921875,3970.8990207329507,-1.370737162379157,-0.027183201229913627,5.224140717387469,25,8282.532337198609,2476.136323376585,1.2189961037062604,-1.7980386924405496,4278.463581013017,0.5786893232995979,0.6272008727777764,0.9185901067231894,0.9742913707157934,1.0,0.15237451296328255,0.8973876003287945,0.5952380952380952,1.0,0.11449670120720074,0.11449670120720074,inside_convoy_envelope,inside,True,0.058552294969558716,0.7614388465881348,1.4839922189712524,1.1233329772949219,vae_candidate_pool_v1,belief_limited_heuristic_v1,230
VAE000989,vae_candidate_000989,0.7456400908203493,2620.633056640625,-944.4761352539062,2550.4431524934807,2.764991164967083,-0.025798979332918776,5.274785112374397,26,8105.021628919891,2150.7641828594137,1.491510703637487,0.35080250928979173,8350.516824734794,0.7142511653968353,0.9957306628689538,0.87779198923162,0.3436515522864558,1.0,0.18643883795468588,0.942780886368429,0.6190476190476191,0.0,0.12866295824620286,0.0,ahead_vae,ahead,False,0.0660836398601532,0.8618544936180115,2.9502320289611816,1.4464831352233887,vae_candidate_pool_v1,belief_limited_heuristic_v1,231
VAE000331,vae_candidate_000331,0.7454136906104806,1781.836669921875,-3931.06982421875,4292.492500449275,1.9715066061028037,0.05400055517317086,5.808288468487507,33,8145.351047957278,2858.8836559274487,1.4171233428676835,1.224086602660161,5456.600555597909,0.2169378864332654,0.5081201195991126,0.9882805584544445,0.940495854411708,1.0,0.17714041785846044,0.9015761000701389,0.7857142857142857,0.0,0.1066016132395568,0.0,ahead_vae,ahead,False,0.05917657911777496,2.1291322708129883,1.4748374223709106,1.5487149953842163,vae_candidate_pool_v1,belief_limited_heuristic_v1,232
VAE001161,vae_candidate_001161,0.7448310195163678,1114.4820556640625,-3775.821044921875,4047.5661256825856,1.8904364150655883,-0.14396058760456973,5.110450915733587,28,8048.170828944065,2146.1780084913526,1.6210451264960013,1.1071956509196357,5518.558573228749,0.2452466739047079,0.5986171058962159,0.9850387315710148,0.8944481791466458,1.0,0.20263064081200016,0.9599987737865562,0.6666666666666666,1.0,0.12354494309862092,0.12354494309862092,inside_convoy_envelope,inside,True,0.06963447481393814,2.2400870323181152,1.5125218629837036,1.1555092334747314,vae_candidate_pool_v1,belief_limited_heuristic_v1,233
VAE000113,vae_candidate_000113,0.7434134190018822,658.0154418945312,639.2361450195312,1234.7282008938014,-2.331153715411827,-0.042422807615215614,4.679837014463114,32,8071.026560658765,2327.884592121778,1.7031768914464813,-0.8528617457931816,7062.650815327057,0.6057361389996638,0.7736126358907405,0.9110415934335698,0.7531660302168836,1.0,0.21289711143081017,0.9896003962650569,0.7619047619047619,1.0,0.15008043889290731,0.15008043889290731,inside_convoy_envelope,inside,True,0.09618902951478958,1.3728572130203247,2.4830989837646484,1.1822774410247803,vae_candidate_pool_v1,belief_limited_heuristic_v1,234
VAE000542,vae_candidate_000542,0.7431487279446435,-826.0028686523438,-3892.510986328125,4205.85700066685,1.3741215039872379,0.07431837555402876,4.654100871658618,26,8546.161626219675,2821.3228212288595,1.078324478838694,1.8417895251565837,5006.069429288991,0.3535799939434683,0.539847430286059,0.9690695618671018,0.9635055038310338,1.0,0.13479055985483676,0.9976228596528456,0.6190476190476191,1.0,0.1071581937047312,0.1071581937047312,inside_convoy_envelope,inside,True,0.09152375161647797,0.7100884914398193,1.5092291831970215,1.6616328954696655,vae_candidate_pool_v1,belief_limited_heuristic_v1,235
VAE000730,vae_candidate_000730,0.7430304943760924,-908.4099731445312,4241.47314453125,4344.040076132346,-1.3305180734067044,0.009081893115378584,4.795614374486904,29,7788.905372300385,2568.3603549732456,1.4496581874984564,-1.80199268706771,4284.790911953169,0.33572125658052765,0.48947499860546767,0.9720864685398125,0.9733929550246703,1.0,0.18120727343730705,0.996184233297068,0.6904761904761905,0.0,0.11207584825065715,0.0,port_vae,port,False,0.09266223013401031,1.0364457368850708,2.945244550704956,1.6612988710403442,vae_candidate_pool_v1,belief_limited_heuristic_v1,236
VAE001009,vae_candidate_001009,0.7427610151262761,2444.4599609375,621.7833862304688,2502.420528600555,-2.910353760435631,-0.058367412215420196,3.6286697214410086,30,8202.827646198655,2284.4969166684045,1.6009106435933547,-0.2896063053695822,8513.627288430602,0.7515604821216102,0.9980189847155677,0.8653121466689375,0.2855749474855126,1.0,0.20011383044916933,0.9791665477992462,0.7142857142857143,0.0,0.12508189630285316,0.0,ahead_vae,ahead,False,0.07460424304008484,0.684887707233429,1.990817666053772,1.6348353624343872,vae_candidate_pool_v1,belief_limited_heuristic_v1,237
VAE000721,vae_candidate_000721,0.7419271113495765,-2224.53564453125,423.941650390625,2294.294723330901,-0.22398121903813142,-0.031902949985092015,4.855852877027107,31,8019.333974570649,2736.0406475998243,1.4128655900893767,-2.9495143845367537,8394.16372981516,0.20300214187980659,0.9978900163887303,0.9897328643114354,0.1908993546594086,1.0,0.1766081987611721,0.7810641679933051,0.7380952380952381,0.0,0.11740038313711126,0.0,astern_vae,astern,False,0.043887220323085785,0.790635883808136,1.504868984222412,1.230373740196228,vae_candidate_pool_v1,belief_limited_heuristic_v1,238
VAE000903,vae_candidate_000903,0.7419083746014652,-3059.19384765625,914.6309204101562,3175.7507454308243,-0.2504276885179475,0.03891032888976928,5.2015833786758785,28,8515.000617539443,2657.3568670291756,1.2374380501975415,-2.852254636182076,8919.248527076832,0.0031695469091940764,0.8924723227304397,0.9999974884952001,0.28531782173128867,1.0,0.1546797562746927,0.9769113491473749,0.6666666666666666,0.0,0.11286786163570989,0.0,astern_vae,astern,False,0.07392885535955429,0.7411530613899231,2.5105156898498535,1.9209229946136475,vae_candidate_pool_v1,belief_limited_heuristic_v1,239
VAE001037,vae_candidate_001037,0.7411225082931806,3324.7998046875,1539.8017578125,3695.1945204518033,-2.7174857248910858,-0.10135602390929002,5.328809072047138,34,8444.202839313031,2725.2937185831584,1.4774301069917353,-0.5254629526079974,8672.05499738312,0.17805338733501985,0.7282483102989562,0.9920951648818858,0.5016135549237578,1.0,0.1846787633739669,0.991780103043006,0.8095238095238095,0.0,0.10997536117212539,0.0,ahead_vae,ahead,False,0.09519468992948532,1.5266644954681396,2.9731767177581787,1.6798295974731445,vae_candidate_pool_v1,belief_limited_heuristic_v1,240
VAE000622,vae_candidate_000622,0.7407368673987599,2323.217529296875,-1089.21044921875,2692.207767987729,2.7241392789548087,-0.030735041771762013,4.941864893712499,26,8272.220710765649,2550.1384474509828,1.2325015544215243,0.38671833286322266,8623.119111333686,0.7832642328176219,0.9839886628110442,0.8543070434318598,0.37715112971768194,1.0,0.15406269430269054,0.9001844392919821,0.6190476190476191,0.0,0.11752042832660102,0.0,ahead_vae,ahead,False,0.0589679516851902,1.4306747913360596,2.544844150543213,1.450900673866272,vae_candidate_pool_v1,belief_limited_heuristic_v1,241
VAE001122,vae_candidate_001122,0.7401506726424643,2871.359130859375,640.9723510742188,2893.348806883779,-2.926644589568616,-0.011411610505296653,5.647943834339152,32,7895.850361066431,2146.5227377957694,1.8880590627895022,-0.2263596745264736,8176.1735088666,0.4917903555781433,0.9550323855954155,0.9407444286367622,0.2244315582093147,1.0,0.23600738284868777,0.9661014829379788,0.7619047619047619,0.0,0.1269693140466986,0.0,ahead_vae,ahead,False,0.10347229242324829,2.000483751296997,1.4675164222717285,1.8823041915893555,vae_candidate_pool_v1,belief_limited_heuristic_v1,242
VAE000105,vae_candidate_000105,0.7397617300476149,3188.612548828125,1085.619140625,3361.0819876941223,-2.7522490072667796,-0.03587482118886653,4.786447374747915,23,8479.433130683172,2686.7213114070887,1.0095745548415527,-0.4252184675118801,8832.65376442993,0.23846305523537037,0.8397857925302178,0.9858510816343753,0.4125198042674222,1.0,0.12619681935519408,0.9979048885439349,0.5476190476190477,0.0,0.11165415111762036,0.0,ahead_vae,ahead,False,0.09126295149326324,1.5730218887329102,2.394543170928955,1.8887828588485718,vae_candidate_pool_v1,belief_limited_heuristic_v1,243
VAE001159,vae_candidate_001159,0.7390662171929758,3431.08984375,868.1964111328125,3377.8307564398037,-2.845642813916795,-0.11259129448286471,5.570480445053963,29,8275.03459181549,2421.666079797915,1.4471512408039515,-0.4085411341558627,8556.068113021329,0.014300232221204023,0.8346462832489469,0.9999488767108256,0.39727094803770296,1.0,0.18089390510049394,0.8879938035214672,0.6904761904761905,0.0,0.11728587429044084,0.0,ahead_vae,ahead,False,0.057189203798770905,2.2415363788604736,1.4955966472625732,1.7973957061767578,vae_candidate_pool_v1,belief_limited_heuristic_v1,244
VAE000632,vae_candidate_000632,0.7385780836181739,1856.46728515625,637.4669799804688,1960.64529809494,-2.8555408469011145,-0.03624481632381622,5.03286034544059,32,8265.119654341312,2853.7675167077527,1.356695057426559,-0.3222966230124948,8743.471340867663,0.7913493094582537,0.964167652762686,0.8514430944154681,0.31674576501841556,1.0,0.16958688217831988,0.9987675250585466,0.7619047619047619,0.0,0.11971575550303783,0.0,ahead_vae,ahead,False,0.0842018872499466,2.1160037517547607,1.9422208070755005,1.8205933570861816,vae_candidate_pool_v1,belief_limited_heuristic_v1,245
VAE000970,vae_candidate_000970,0.7384599168785815,105.33255004882812,3537.499267578125,3710.0045097849306,-1.591947568614927,-0.00046397467069260456,5.212359933659742,29,8500.734937229035,2388.672255495888,1.4281866134758272,-1.550109059645559,2564.0055735259543,0.5384712520695252,0.7229561053836937,0.9292468315641884,0.999786026120185,0.6104775175061796,0.1785233266844784,0.7809012588224433,0.6904761904761905,1.0,0.11706847694528777,0.11706847694528777,inside_convoy_envelope,inside,True,0.04386891424655914,1.6404004096984863,2.9355735778808594,1.1832984685897827,vae_candidate_pool_v1,belief_limited_heuristic_v1,246
VAE000279,vae_candidate_000279,0.7381347394116649,2677.7998046875,2951.273681640625,3894.09158978001,-2.4048268362696232,-0.03550219918663428,4.66784581064371,29,8053.105450115588,2352.5091017413515,1.5307465863305147,-0.7722680165068042,7410.171555695286,0.3763113045179663,0.655742756294858,0.9650132636074296,0.6977616800566664,1.0,0.19134332329131434,0.9690478671988798,0.6904761904761905,0.0,0.11780012766539243,0.0,ahead_vae,ahead,False,0.07179264724254608,1.4228384494781494,1.9480420351028442,1.6172479391098022,vae_candidate_pool_v1,belief_limited_heuristic_v1,247
VAE001047,vae_candidate_001047,0.7377226997280283,-1938.544189453125,-280.85546875,1993.370138724165,0.18443696931861533,-0.009142635501523652,4.175479018370212,24,8164.003035461871,2420.4054202889356,1.2145627778492138,2.9480130487696545,8477.135334256303,0.14755823320508174,0.9692267587591973,0.9945665115034099,0.19237286458580485,1.0,0.15182034723115173,0.9861883626981427,0.5714285714285714,0.0,0.1270352233698703,0.0,astern_vae,astern,False,0.07697497308254242,1.4531514644622803,2.5253586769104004,1.1460669040679932,vae_candidate_pool_v1,belief_limited_heuristic_v1,248
VAE000541,vae_candidate_000541,0.7376627994564084,3243.923828125,-1510.4033203125,3483.2303383439184,2.708340978740533,-0.003182477542833042,5.6009966111525245,31,8329.003884211554,2255.5521032632796,1.6501209018007714,0.43006919730642795,8510.954662913558,0.303436546730238,0.8010655741361667,0.9771576404691165,0.4169336994126289,1.0,0.20626511272509643,0.9861581541151813,0.7380952380952381,0.0,0.12131069861724526,0.0,ahead_vae,ahead,False,0.09756927937269211,1.2855044603347778,2.9236276149749756,1.9433577060699463,vae_candidate_pool_v1,belief_limited_heuristic_v1,249
VAE000397,vae_candidate_000397,0.7376079776201373,2727.921142578125,910.818115234375,2933.6399009694355,-2.785349961559067,0.11505834552390863,4.106055351609201,28,8180.694631205639,2684.474652859516,1.2749951773386778,-0.24118434650681736,8585.105184674709,0.49090824304089686,0.9475912411933207,0.9409525260302682,0.23885286018570745,1.0,0.15937439716733473,0.9972944642926043,0.6666666666666666,0.0,0.11361318313430208,0.0,ahead_vae,ahead,False,0.08272424340248108,1.3181794881820679,2.9269862174987793,1.5459935665130615,vae_candidate_pool_v1,belief_limited_heuristic_v1,250
VAE000421,vae_candidate_000421,0.7375632634399267,-1586.59765625,434.5443115234375,1803.3588537961668,-0.3321372267338602,-0.06514025911131392,4.262411077572376,31,8128.787215643623,2441.7197568495358,1.5618528746280027,-2.874595685967247,8484.977971285092,0.14311629614469717,0.9349211078049181,0.9948881655535287,0.2638360031144499,1.0,0.19523160932850034,0.8206810494864029,0.7380952380952381,0.0,0.12972047917618784,0.0,astern_vae,astern,False,0.04847254604101181,2.0472607612609863,2.453277587890625,1.5573866367340088,vae_candidate_pool_v1,belief_limited_heuristic_v1,251
VAE000796,vae_candidate_000796,0.7373584568485229,3187.27587890625,2192.770263671875,3795.4465833161275,-2.508796073943453,0.044138785136811264,5.330740818911773,33,8082.700874939926,2490.7624352371367,1.6391742609056759,-0.5886577945095289,8105.258624604878,0.1757026710429628,0.6920450735221041,0.9923019775328461,0.5552452289594596,1.0,0.20489678261320948,0.9768130920124252,0.7857142857142857,0.0,0.11464347845236321,0.0,ahead_vae,ahead,False,0.07390017062425613,1.0097678899765015,2.036383628845215,1.3552727699279785,vae_candidate_pool_v1,belief_limited_heuristic_v1,252
VAE000479,vae_candidate_000479,0.7369516809442686,2315.75390625,-807.0333251953125,2572.8030370384517,2.8332574839205473,0.0192218021350891,4.691043700522806,21,8252.53772090789,2313.877038647563,1.0997437441394426,0.3275569718043345,8558.205550616427,0.6770663437703797,0.9943711211948366,0.8897070163261296,0.321730855567785,1.0,0.13746796801743033,0.9487545066486038,0.5,0.0,0.12378289036503791,0.0,ahead_vae,ahead,False,0.10728174448013306,1.6517088413238525,2.5163872241973877,1.3036772012710571,vae_candidate_pool_v1,belief_limited_heuristic_v1,253
VAE001002,vae_candidate_001002,0.7365393922915712,-1982.484619140625,-3728.19970703125,4251.690874372619,1.0458484159665782,-0.08048973454345269,4.948618137999476,26,8136.269888711346,2680.7407606313673,1.1920464644326163,2.015254503079763,5918.631967255793,0.31018970228395604,0.5230079475522927,0.9761378412150967,0.9028437651816043,1.0,0.14900580805407704,0.9986627326866213,0.6190476190476191,0.0,0.10978216494149903,0.0,astern_vae,astern,False,0.08407417684793472,0.8085209131240845,2.4574334621429443,1.351495385169983,vae_candidate_pool_v1,belief_limited_heuristic_v1,254
VAE000700,vae_candidate_000700,0.736013861331916,2301.96044921875,-400.4074401855469,2292.5777089882395,2.966761486179687,0.0003676944530630012,4.501012941746946,36,8483.987472223565,2115.0003761684366,2.0062822610373128,0.17519886186316946,8722.766647597846,0.6976821135407685,0.9978209883497344,0.8831666774038542,0.17430395870390059,1.0,0.2507852826296641,0.9874825748038163,0.8571428571428571,0.0,0.13165105412044537,0.0,ahead_vae,ahead,False,0.09706071019172668,2.2055258750915527,2.456727981567383,1.1769382953643799,vae_candidate_pool_v1,belief_limited_heuristic_v1,255
VAE000948,vae_candidate_000948,0.7358485039725541,1597.24462890625,890.9849243164062,1692.9834837851715,-2.6308654534876577,0.003961418248807115,4.989320093391626,25,8321.29337977543,2062.077982555258,1.4569481271079727,-0.5067657818533283,8276.297123979419,0.7698468724548113,0.9098333493983183,0.8590086293369681,0.4853520524742173,1.0,0.1821185158884966,0.9560331039692618,0.5952380952380952,0.0,0.14177083007089522,0.0,ahead_vae,ahead,False,0.06876211613416672,2.3313732147216797,1.5005438327789307,1.3734686374664307,vae_candidate_pool_v1,belief_limited_heuristic_v1,256
VAE001222,vae_candidate_001222,0.7349477929337396,1199.9217529296875,-737.755126953125,1581.5893159112425,2.5895896251401394,-0.081991007452075,5.220242776108665,32,8284.79696505022,2122.941380360685,1.8194080263127117,0.47001202099757955,8347.89093247577,0.7832461967458173,0.8810723710073891,0.8543134064665969,0.4528970028865804,1.0,0.22742600328908896,0.9990835215999397,0.7619047619047619,0.0,0.14249238998146976,0.0,ahead_vae,ahead,False,0.08990892022848129,1.5660022497177124,1.9571634531021118,1.813827395439148,vae_candidate_pool_v1,belief_limited_heuristic_v1,257
VAE001176,vae_candidate_001176,0.7347447640921871,3062.160888671875,1698.1424560546875,3411.3541503847305,-2.643245034370423,0.09300344595537806,5.141170700583588,26,8076.758247507579,2416.0215806716847,1.3324025491739555,-0.40534417326399225,8374.99416503676,0.20698759392415544,0.8241910071248243,0.9893272210158286,0.3943350674997186,1.0,0.16655031864674444,0.9694201439012727,0.6190476190476191,0.0,0.11741685145360929,0.0,ahead_vae,ahead,False,0.10264547169208527,2.2731235027313232,1.8730814456939697,1.5612009763717651,vae_candidate_pool_v1,belief_limited_heuristic_v1,258
VAE000418,vae_candidate_000418,0.7341376568916765,-1222.0986328125,-711.3223266601562,1288.3282084012787,0.6009007850547324,-0.12158838636205663,4.548444249859314,23,8200.5966586151,2440.4703764010196,1.1492349994164384,2.4191034821730044,7765.547448675258,0.44346247037577,0.7916679223368747,0.9516357199969572,0.6612540006067327,1.0,0.1436543749270548,0.7823859090316329,0.5476190476190477,0.0,0.14516755447498367,0.0,astern_vae,astern,False,0.0440358892083168,0.9333733916282654,2.571443557739258,1.6859545707702637,vae_candidate_pool_v1,belief_limited_heuristic_v1,259
VAE001150,vae_candidate_001150,0.7339745827607728,2966.731201171875,-805.7916870117188,2812.562900510614,2.882246001358501,-0.031003928707099893,4.798896448554694,26,8376.915145288272,2792.085635931142,1.1116306107473473,0.2283427235241924,8791.50104068475,0.5568850223079519,0.9683366695071747,0.9244528155015674,0.22636357678461225,1.0,0.1389538263434184,0.9936014221053829,0.6190476190476191,0.0,0.11230800056524853,0.0,ahead_vae,ahead,False,0.08027471601963043,0.9944109916687012,1.9337272644042969,1.1766879558563232,vae_candidate_pool_v1,belief_limited_heuristic_v1,260
VAE000400,vae_candidate_000400,0.7338039859482074,-2685.910400390625,-450.9462585449219,2481.139754189296,0.17401904236419988,0.07651492397185158,5.057057758057895,27,8253.106739218367,2725.9071294070754,1.2001492185425482,3.044088535197445,8479.272678063746,0.018801452734984708,0.9987562259795485,0.9999116289470339,0.09734969567731588,1.0,0.15001865231781852,0.9317953588740677,0.6428571428571429,0.0,0.11574974151397674,0.0,astern_vae,astern,False,0.06407228112220764,0.8158779740333557,1.4969706535339355,1.4013707637786865,vae_candidate_pool_v1,belief_limited_heuristic_v1,261
VAE000612,vae_candidate_000612,0.7336606479702759,2007.366455078125,723.00439453125,2069.2234002723258,-2.805607388012478,-0.005459470117192254,4.99880425392767,26,8129.457562282888,2538.859482447743,1.2597173616662598,-0.3414447356945075,8510.293257015945,0.7982656326325159,0.9795294097204418,0.8489749099306032,0.3348487749461695,1.0,0.15746467020828248,0.9629340453787372,0.6190476190476191,0.0,0.12352732661934736,0.0,ahead_vae,ahead,False,0.07030657678842545,0.7605704665184021,2.972694158554077,1.06685471534729,vae_candidate_pool_v1,belief_limited_heuristic_v1,262
VAE001199,vae_candidate_001199,0.7336518180993737,2252.138671875,563.3629150390625,2432.637517853121,-2.910515626421968,0.03292251942403344,4.389034136055807,28,8028.905343255938,2890.823662749607,1.2063687886609233,-0.19815450774379187,8440.880500938789,0.48311826776837563,0.9997986577821576,0.9427753308039817,0.19686028822373416,1.0,0.15079609858261542,0.8488648266018076,0.6666666666666666,0.0,0.11367701963074933,0.0,ahead_vae,ahead,False,0.05194183066487312,0.6401926875114441,2.481248140335083,1.4960519075393677,vae_candidate_pool_v1,belief_limited_heuristic_v1,263
VAE000485,vae_candidate_000485,0.733494089120904,2565.107666015625,2544.569580078125,3824.1636327741794,-2.3467617222527024,0.15576674609030997,4.580702453384927,35,8394.49772701169,2374.839157677099,1.7556547963339948,-0.6390641852467808,8154.3393654946285,0.021256473966875244,0.6815330070921712,0.9998870448318368,0.5964445669315159,1.0,0.21945684954174935,0.8211762642467243,0.8333333333333334,0.0,0.1172042088239664,0.0,ahead_vae,ahead,False,0.048531800508499146,1.6549636125564575,2.5469939708709717,1.6498981714248657,vae_candidate_pool_v1,belief_limited_heuristic_v1,264
VAE000990,vae_candidate_000990,0.7334507239220397,-2645.455810546875,-631.1424560546875,2635.731387489941,0.24872284486285748,0.08150139393369092,5.243149371954152,19,8203.28270054874,2453.0594040354713,0.9441866535124366,2.974371202660627,8497.150531416037,0.16352783067998708,0.9895503894085591,0.9933295467889993,0.16644320388057393,1.0,0.11802333168905457,0.9918542040716896,0.4523809523809524,0.0,0.12000650854687929,0.0,astern_vae,astern,False,0.09515872597694397,1.8022139072418213,1.4925734996795654,1.129654049873352,vae_candidate_pool_v1,belief_limited_heuristic_v1,265
VAE000348,vae_candidate_000348,0.7325670031486077,3226.08935546875,1001.5044555664062,3258.376697852156,-2.8294905602013567,-0.04528524926874139,4.920819713536557,24,8275.926761262579,2500.626864852401,1.1597001422638396,-0.3573873426571778,8627.792990208316,0.23582650331433763,0.8699812155671512,0.9861607818446472,0.34982785604090316,1.0,0.14496251778297994,0.9220148659710434,0.5714285714285714,0.0,0.11587130670153174,0.0,ahead_vae,ahead,False,0.06240027770400047,1.7458723783493042,1.5134376287460327,1.227974772453308,vae_candidate_pool_v1,belief_limited_heuristic_v1,266
VAE000523,vae_candidate_000523,0.7324809737846871,2465.2314453125,-267.1531066894531,2350.8350505266726,3.043711989589291,0.050178833245152606,4.759937441429083,31,8176.737277543827,2428.2521011325216,1.5613054538061601,0.1480594972456555,8445.490900390996,0.6056480040449037,0.9995431682250373,0.9110666824220299,0.14751913931925473,1.0,0.19516318172577002,0.9976768127127625,0.7380952380952381,0.0,0.12277644338332519,0.0,ahead_vae,ahead,False,0.08305782079696655,1.868577003479004,2.8729124069213867,1.8653640747070312,vae_candidate_pool_v1,belief_limited_heuristic_v1,267
VAE000117,vae_candidate_000117,0.7324497808675685,3274.00439453125,1612.6666259765625,3712.442209720522,-2.6872230657345333,-0.1407513179969932,4.357140621728392,25,8278.310771223421,2622.7720010123617,1.1514305390329664,-0.5951209058522531,8325.458846706668,0.26043178783505283,0.722082971604617,0.9831394418978998,0.560608878401723,1.0,0.1439288173791208,0.9788358847486545,0.5952380952380952,0.0,0.11194847868559497,0.0,ahead_vae,ahead,False,0.07450307905673981,1.2540521621704102,2.454575538635254,1.8587108850479126,vae_candidate_pool_v1,belief_limited_heuristic_v1,268
VAE000843,vae_candidate_000843,0.7324341626972006,499.64019775390625,-999.7461547851562,1061.5049254450448,1.9944057206790837,-0.009985317969779682,4.940423497154363,26,8129.838474873141,2632.0879607480824,1.2150412779133466,1.1372016149409296,5804.152430920508,0.5482882267665243,0.7127169651646847,0.9267089973054794,0.9074613496869751,1.0,0.15188015973916832,0.8784299688758378,0.6190476190476191,1.0,0.1557035982762358,0.1557035982762358,inside_convoy_envelope,inside,True,0.055848222225904465,1.0893445014953613,1.5244505405426025,1.9218511581420898,vae_candidate_pool_v1,belief_limited_heuristic_v1,269
VAE000589,vae_candidate_000589,0.7320449383972703,3330.32958984375,1704.7371826171875,3588.127023080353,-2.6845441327201103,-0.00888268358738521,5.329946917951958,28,8174.458096628541,2314.514319355034,1.4799232305643788,-0.46593120445706804,8342.897316933604,0.22516849386303361,0.7657865814345787,0.9873782505895037,0.4492549375280092,1.0,0.18499040382054735,0.9999997764946426,0.6666666666666666,0.0,0.11945813899991116,0.0,ahead_vae,ahead,False,0.08722520619630814,0.9916467070579529,2.890381336212158,1.9103834629058838,vae_candidate_pool_v1,belief_limited_heuristic_v1,270
VAE000461,vae_candidate_000461,0.7311662899301036,456.5287780761719,-4006.54541015625,4038.2962958415856,1.5663465178348248,-0.010830062742847526,4.93540355788818,34,8250.142994290138,2457.668825919329,1.6768494792692403,1.5644160730121206,2510.256452062503,0.20320111210675496,0.6020738362616249,0.9897127973511614,0.9999796462498799,0.5976801076339292,0.20960618490865504,0.855840958105389,0.8095238095238095,1.0,0.11481025638465908,0.11481025638465908,inside_convoy_envelope,inside,True,0.0528353676199913,1.043521523475647,2.5344250202178955,1.8812404870986938,vae_candidate_pool_v1,belief_limited_heuristic_v1,271
VAE001081,vae_candidate_001081,0.7305795729913246,-1488.277099609375,548.0737915039062,1648.8911134872092,-0.31582550350563515,-0.005975791360109123,4.4640123019258295,27,8136.458788134881,2425.2957644135645,1.3682442345600627,-2.831742941444267,8488.506077529642,0.41559814636617004,0.8988425807106821,0.9574374951062727,0.30491550882992646,1.0,0.17103052932000784,0.9852454139019133,0.6428571428571429,0.0,0.13336462555480835,0.0,astern_vae,astern,False,0.09790600091218948,1.943529486656189,1.9300172328948975,1.2768683433532715,vae_candidate_pool_v1,belief_limited_heuristic_v1,272
VAE000753,vae_candidate_000753,0.7299941971974986,-2424.837158203125,-3655.469970703125,4218.999954237075,0.9597338034321276,-0.1015035002256572,5.647809442881535,28,8328.855824610137,2501.411170704979,1.3439638958267328,2.080355349932008,6246.383205617722,0.40856920433272714,0.5350074335399813,0.9588451061838033,0.872959697652432,1.0,0.1679954869783416,0.9605960829323821,0.6666666666666666,0.0,0.11344087994986883,0.0,astern_vae,astern,False,0.06976931542158127,1.415413498878479,2.4607183933258057,1.6472201347351074,vae_candidate_pool_v1,belief_limited_heuristic_v1,273
VAE000532,vae_candidate_000532,0.7297562323386986,-1137.245849609375,-926.0324096679688,1335.1561227919833,0.6838227024553983,0.0967938660495975,4.415895571978553,28,8716.42535999836,1991.8175734355882,1.612761160724409,2.5545638171839924,8360.456272411733,0.1604570095800889,0.8070687638816563,0.9935771851682101,0.5538897101267831,1.0,0.20159514509055113,0.9999056120864986,0.6666666666666666,1.0,0.15422930220797365,0.15422930220797365,inside_convoy_envelope,inside,True,0.08811430633068085,2.3239312171936035,1.513904094696045,1.8745990991592407,vae_candidate_pool_v1,belief_limited_heuristic_v1,274
VAE000116,vae_candidate_000116,0.7290027078528514,-1563.083251953125,-551.2141723632812,1757.1870764184296,0.27883934458163273,-0.047675032930865655,4.297091206006791,21,8257.098666131893,2804.121988077141,0.9069741677270595,2.815078276077295,8720.247781887465,0.48806305130101235,0.9248615400760004,0.9416213905436732,0.32074352011664153,1.0,0.11337177096588244,0.979445662712011,0.5,0.0,0.12420113858856686,0.0,astern_vae,astern,False,0.09984268248081207,1.2824881076812744,1.5167346000671387,1.414507269859314,vae_candidate_pool_v1,belief_limited_heuristic_v1,275
VAE000676,vae_candidate_000676,0.7290012639460777,2816.829345703125,3147.012451171875,4193.87842492224,-2.233769049830281,-0.028342812435564413,5.09887042712469,26,8213.50370171884,2719.7858890040397,1.1638852772678119,-0.9361664161950767,7059.837736050054,0.04887307392339535,0.5442658029044641,0.9994029745123101,0.8052911700451493,1.0,0.14548565965847648,0.9745849433445973,0.6190476190476191,0.0,0.1091164971782427,0.0,ahead_vae,ahead,False,0.10126820206642151,1.329635500907898,2.9294097423553467,1.3882784843444824,vae_candidate_pool_v1,belief_limited_heuristic_v1,276
VAE000762,vae_candidate_000762,0.728661118761384,2505.880615234375,-279.7817077636719,2425.6475955960263,2.9875739086662896,0.09298944602005407,5.14420099021674,22,8405.100080856877,2377.0608376806676,1.1011322811666613,0.2470081909435573,8731.19176462708,0.6341079991714926,0.999875660063581,0.9028002454768485,0.2445040553749627,1.0,0.13764153514583266,0.9415009680910977,0.5238095238095238,0.0,0.1232280835359992,0.0,ahead_vae,ahead,False,0.10869209468364716,1.3575258255004883,2.930375576019287,1.6276278495788574,vae_candidate_pool_v1,belief_limited_heuristic_v1,277
VAE001065,vae_candidate_001065,0.727642690605425,-2605.25927734375,3106.681884765625,4150.241140769974,-0.774206456494288,0.09330834314467724,4.562400772610672,26,7976.929097035469,2516.662853624276,1.2951276556455351,-2.274077853950828,7078.391305412808,0.044821541143303834,0.560412560565336,0.9994978414393101,0.7627240551761506,1.0,0.1618909569556919,0.9969521517071188,0.6190476190476191,0.0,0.11340517004904625,0.0,astern_vae,astern,False,0.09208788722753525,2.1447513103485107,1.5179572105407715,1.9217000007629395,vae_candidate_pool_v1,belief_limited_heuristic_v1,278
VAE000278,vae_candidate_000278,0.7272451076135688,-3512.396484375,-670.0660400390625,3459.595116576817,0.2238459689468429,-0.14532210245109944,4.26372098756918,26,7972.370430568553,2217.5360235918424,1.4706698688508828,2.772424582191851,8235.42976579887,0.0022027382750463287,0.8087717601594502,0.9999987869865135,0.3608396771311881,1.0,0.18383373360636035,0.9846924431942724,0.6190476190476191,0.0,0.12266688272860357,0.0,astern_vae,astern,False,0.0981050580739975,1.648624300956726,2.010021209716797,1.09738028049469,vae_candidate_pool_v1,belief_limited_heuristic_v1,279
VAE000787,vae_candidate_000787,0.7271903021206507,3029.5068359375,1973.751953125,3526.912922253834,-2.618601035678446,0.0799056450599111,4.396985528842005,30,8031.350909820776,2297.796461351111,1.6256277218804787,-0.44308597285143614,8240.919863434332,0.2628565659278217,0.7865783847200588,0.9828258343673029,0.4287294715466484,1.0,0.20320346523505983,0.8785132565421643,0.7142857142857143,0.0,0.12014944921722653,0.0,ahead_vae,ahead,False,0.05585971474647522,1.6310441493988037,2.930006504058838,1.4349709749221802,vae_candidate_pool_v1,belief_limited_heuristic_v1,280
VAE000614,vae_candidate_000614,0.7269933151321138,3053.57568359375,-893.64794921875,3308.0553162037854,2.8104505321531845,-0.010882533945895405,4.914754829053392,28,8295.072454023782,2655.221140875093,1.2712681028192014,0.3202595874907133,8709.196974282822,0.43209171014368675,0.8556684538271183,0.9540458944743058,0.3148129596549881,1.0,0.15890851285240018,0.9947485816308805,0.6666666666666666,0.0,0.11251824054635638,0.0,ahead_vae,ahead,False,0.08093422651290894,0.981651782989502,1.9351143836975098,1.9187097549438477,vae_candidate_pool_v1,belief_limited_heuristic_v1,281
VAE000037,vae_candidate_000037,0.7268468272792116,-2667.9755859375,533.668701171875,2826.610060212945,-0.13145809171612285,-0.022468016009549677,4.861877000757883,28,8239.13538114676,2558.2940318396695,1.3283910309013531,-3.0326025778832197,8468.525093377382,0.15221805221066173,0.9661812742801188,0.9942185921863529,0.10877442461386569,1.0,0.16604887886266914,0.9330922692699588,0.6666666666666666,0.0,0.1165815713010327,0.0,astern_vae,astern,False,0.0643017515540123,1.9131050109863281,2.004061698913574,1.4365832805633545,vae_candidate_pool_v1,belief_limited_heuristic_v1,282
VAE001018,vae_candidate_001018,0.7268391290915588,3026.5439453125,2170.735595703125,3758.3179065732993,-2.45659961311186,0.03406412769041725,5.1923957231223286,23,8057.325284432854,2263.1400400941225,1.2613206636757917,-0.6509289127875157,7781.068372721828,0.24322266805043702,0.7055508232176669,0.9852834477819948,0.6059256369488056,1.0,0.15766508295947396,0.9176051626252218,0.5476190476190477,0.0,0.1205333748295382,0.0,ahead_vae,ahead,False,0.06167668476700783,0.6567769050598145,2.4652326107025146,1.9211809635162354,vae_candidate_pool_v1,belief_limited_heuristic_v1,283
VAE000857,vae_candidate_000857,0.7261911801699558,-2354.30224609375,-218.35299682617188,2346.6790360216173,0.10200723583068001,-0.005446270824859912,5.25993060335502,33,8071.558158808755,2213.8416447753903,1.8467580754143378,3.034139146934254,8262.432370782784,0.40313134722790017,0.9994626916231245,0.9599185381483282,0.10724684504903573,1.0,0.23084475942679222,0.826813155723833,0.7857142857142857,0.0,0.12834973852829473,0.0,astern_vae,astern,False,0.12532269954681396,2.354185104370117,1.9921984672546387,1.3522632122039795,vae_candidate_pool_v1,belief_limited_heuristic_v1,284
VAE000222,vae_candidate_000222,0.7259509281320761,3123.681884765625,-2509.35791015625,3721.4102239393887,2.4879875403477727,0.011244086495148471,5.895991897323246,26,8418.512957560602,2557.2352570000894,1.2077228405643565,0.6648491997371695,8203.114333814223,0.32138256345189387,0.7188659799561564,0.9743998013840891,0.616940458454329,1.0,0.15096535507054457,0.7935634890464683,0.6190476190476191,0.0,0.11319753039933701,0.0,ahead_vae,ahead,False,0.04530392959713936,0.8078140616416931,2.9545788764953613,1.8920263051986694,vae_candidate_pool_v1,belief_limited_heuristic_v1,285
VAE000181,vae_candidate_000181,0.7259125819686335,-3.8309326171875,-4275.25439453125,4318.419438012102,1.5891345909586985,0.08360293422444853,4.954217763641024,34,8262.198595708,2563.3950895059993,1.605342632500965,1.6360609968555437,3096.7846064209184,0.3713324331519727,0.4987176628029546,0.9659223448710677,0.9978710172780143,0.7373296681954568,0.20066782906262062,0.9473481155673444,0.8095238095238095,0.0,0.11195604950531086,0.0,starboard_vae,starboard,False,0.06697092950344086,1.080582857131958,1.5272514820098877,1.082425832748413,vae_candidate_pool_v1,belief_limited_heuristic_v1,286
VAE001024,vae_candidate_001024,0.7258176968611926,2227.7890625,-744.6923217773438,2450.8461548836594,2.8001689496086684,0.007858500134263398,5.199647804302628,26,8424.064006789724,2425.171801853369,1.272650580810459,0.3492822041153885,8745.357880504585,0.9185923898982848,0.9995113989003576,0.8034697264876274,0.34222344131018,1.0,0.15908132260130736,0.9012693604554515,0.6190476190476191,0.0,0.12188085420767523,0.0,ahead_vae,ahead,False,0.05913048982620239,1.0690226554870605,1.9880156517028809,1.8792742490768433,vae_candidate_pool_v1,belief_limited_heuristic_v1,287
VAE000606,vae_candidate_000606,0.7248694940118022,-2762.300048828125,2856.913818359375,4161.699460175102,-0.7988682864059343,0.09572411034215365,4.245855408636913,25,8403.123491662342,2559.3461507093507,1.1624391672940113,-2.247000256841705,7255.156152389694,0.21954941157462812,0.5561656854860685,0.9879978410006591,0.7799540528615894,1.0,0.1453048959117514,0.9982236989076838,0.5952380952380952,0.0,0.11223590393601329,0.0,astern_vae,astern,False,0.08358687907457352,0.8278619647026062,1.9960728883743286,1.931203842163086,vae_candidate_pool_v1,belief_limited_heuristic_v1,288
VAE000644,vae_candidate_000644,0.7240049836671342,-277.90460205078125,-803.5614013671875,937.7108292657681,1.2518277265762678,-0.02077778221351433,5.640915013962859,20,8515.500795828928,2610.1215274351507,0.8998271094833371,1.868987144800011,4996.716199630303,0.15430606984629258,0.6675015687425893,0.9940592109443056,0.9558695751965904,1.0,0.11247838868541714,0.8544116120072153,0.47619047619047616,1.0,0.16701737299391775,0.16701737299391775,inside_convoy_envelope,inside,True,0.05265101045370102,0.7700254321098328,2.071794271469116,1.610448956489563,vae_candidate_pool_v1,belief_limited_heuristic_v1,289
VAE001198,vae_candidate_001198,0.7239907937549153,2134.224609375,3566.343017578125,4271.253113224907,-2.1374438468711285,0.018975105439862038,5.648341513932042,26,8511.462608422375,2719.2561595078864,1.1233601959124484,-0.9851737012788025,6970.583071141403,0.12481353237184756,0.5158568686441806,0.9961104488907877,0.8333681108843769,1.0,0.14042002448905605,0.9684135933882237,0.6190476190476191,0.0,0.10883972762568152,0.0,ahead_vae,ahead,False,0.10290056467056274,1.2101430892944336,2.4217581748962402,1.4381413459777832,vae_candidate_pool_v1,belief_limited_heuristic_v1,290
VAE001190,vae_candidate_001190,0.7239435242957406,-532.4506225585938,3913.990234375,3910.0243153173215,-1.4885796334773758,-0.014327974877028754,5.762227215379973,20,8431.435423662311,2496.7757611926027,0.9500554158788925,-1.6673409949894462,3297.894908814513,0.6067967297061451,0.6498363770497814,0.9107394294241544,0.9953431823417828,0.785213073527265,0.11875692698486157,0.8808178452599699,0.47619047619047616,1.0,0.11407981196357125,0.11407981196357125,inside_convoy_envelope,inside,True,0.05617896467447281,1.1956368684768677,1.8816503286361694,1.3921204805374146,vae_candidate_pool_v1,belief_limited_heuristic_v1,291
VAE000441,vae_candidate_000441,0.7238725469032454,-2037.55908203125,3811.483154296875,4237.503467764585,-1.0476798206563211,-0.006334531049772366,4.544697278925209,28,8218.456998123493,2794.902921987108,1.2189924520847528,-2.1002473639832444,6563.048013844495,0.44800089155817424,0.5282083556602104,0.9506574228781409,0.863084459497355,1.0,0.1523740565105941,0.9449679083774117,0.6666666666666666,0.0,0.10771398272675171,0.0,astern_vae,astern,False,0.06650432199239731,0.8462117910385132,2.132530689239502,1.4570411443710327,vae_candidate_pool_v1,belief_limited_heuristic_v1,292
VAE000536,vae_candidate_000536,0.7237062595272674,-68.50628662109375,-891.261474609375,796.6069271912368,1.4370739935165953,0.06755272132849949,5.304545315563535,30,8232.97610616753,2414.358345908919,1.5092551621458192,1.7720713814016975,4011.5451713172874,0.038549842457998196,0.6150900224973838,0.9996285234190148,0.9798124669859248,0.9551298026945922,0.1886568952682274,0.9982571092487642,0.7142857142857143,1.0,0.1877023632748565,0.1877023632748565,inside_convoy_envelope,inside,True,0.09091124683618546,1.63015615940094,2.4909958839416504,1.7516095638275146,vae_candidate_pool_v1,belief_limited_heuristic_v1,293
VAE001085,vae_candidate_001085,0.7232463938796995,1903.224853515625,-943.2794799804688,2055.746907728141,2.710659706536458,0.09391194399776129,5.140385945695321,35,8338.454793780107,2516.6156267925767,1.6678829792778556,0.524844891051097,8477.13542162329,1.3367338866111427,0.9778463939236323,0.6159655464711062,0.5010787791580021,1.0,0.20848537240973194,0.9878060627912832,0.8333333333333334,0.0,0.12405303845013295,0.0,ahead_vae,ahead,False,0.0776003897190094,1.4708619117736816,1.493902325630188,1.7464632987976074,vae_candidate_pool_v1,belief_limited_heuristic_v1,294
VAE001217,vae_candidate_001217,0.7224744377426826,2262.018310546875,4025.091796875,4462.847958112174,-2.029920813389312,0.061868594363116945,4.379742585180803,32,8021.235485936107,2587.214108140727,1.5419714796625241,-1.049803245837364,6236.4597235688825,0.017148933275380696,0.4473507039740036,0.999926480323664,0.8673253096298379,1.0,0.19274643495781552,0.9944861169443225,0.7619047619047619,0.0,0.11136589245256995,0.0,ahead_vae,ahead,False,0.09375543892383575,1.612905740737915,1.5074578523635864,1.2820703983306885,vae_candidate_pool_v1,belief_limited_heuristic_v1,295
VAE000145,vae_candidate_000145,0.7221751647365587,-1703.638671875,306.91925048828125,1815.7267053323237,-0.21025804178518548,-0.07022171915772418,4.111454767826045,33,8179.49923572525,2397.168907058048,1.6830173293520807,-3.0015563309623317,8434.024155459862,0.44925554231495,0.9375059358569172,0.9503853331178614,0.13957908179891357,1.0,0.2103771661690101,0.9918288397826115,0.7857142857142857,0.0,0.13043358226503274,0.0,astern_vae,astern,False,0.07936187088489532,2.3288955688476562,1.5359439849853516,1.7770555019378662,vae_candidate_pool_v1,belief_limited_heuristic_v1,296
VAE000650,vae_candidate_000650,0.72205705338496,3105.147216796875,1111.8426513671875,3539.0527714935706,-2.777334342772037,-0.0587415156853161,5.311900858778942,29,8180.996859146574,2187.2926937883635,1.620633715517399,-0.42299982650307205,8357.815744207295,0.2726867393139334,0.7824987219665187,0.9815253904350041,0.410497722645762,1.0,0.2025792144396749,0.9036324552273765,0.6904761904761905,0.0,0.12326627982403061,0.0,ahead_vae,ahead,False,0.05948712304234505,2.186099052429199,2.490593433380127,1.626752495765686,vae_candidate_pool_v1,belief_limited_heuristic_v1,297
VAE001178,vae_candidate_001178,0.7213128264371781,2890.46142578125,-2361.24755859375,3685.247584337882,2.4778792988804725,-0.12349541994104378,5.135578684626129,27,8068.586263306814,2287.6169855534768,1.4627934436210162,0.5402179347682774,8096.16606141993,0.42979239809658276,0.7317904142566264,0.9545261366293869,0.5143229039847668,1.0,0.18284918045262702,0.9646399320542838,0.6428571428571429,0.0,0.12000625053429839,0.0,ahead_vae,ahead,False,0.070708729326725,0.6993760466575623,2.954119920730591,1.5885707139968872,vae_candidate_pool_v1,belief_limited_heuristic_v1,298
VAE000171,vae_candidate_000171,0.7212545011444934,-3103.69287109375,-2328.9765625,4002.0707696640648,0.691599283823792,-0.035430987769992796,4.942760418539188,25,8705.98792229619,2790.8234449601414,1.0289388980673875,2.4145623819960087,8359.623459489765,0.13278949739073534,0.6155830588291924,0.995598211132763,0.664653732011139,1.0,0.12861736225842343,0.9628786049460976,0.5952380952380952,0.0,0.10799162129661317,0.0,astern_vae,astern,False,0.10423927009105682,1.2530158758163452,2.9767937660217285,1.044938564300537,vae_candidate_pool_v1,belief_limited_heuristic_v1,299
VAE001028,vae_candidate_001028,0.720760456082651,-407.45697021484375,-716.1692504882812,908.9790186531671,1.1163547034375605,0.10057913163178511,5.023971166992696,27,8249.730167580616,2312.63272849635,1.4151984778474058,2.1258170817840183,6312.767843041396,0.13591546771242213,0.6568799626870082,0.9953888514549002,0.8498895033843132,1.0,0.17689980973092573,0.9964246990779118,0.6428571428571429,1.0,0.17488112490294122,0.17488112490294122,inside_convoy_envelope,inside,True,0.09248913079500198,1.7560434341430664,1.5603536367416382,1.8093833923339844,vae_candidate_pool_v1,belief_limited_heuristic_v1,300
VAE000967,vae_candidate_000967,0.7206991353767949,-1109.38623046875,-625.3826293945312,1366.0308794492169,0.4980420600929768,-0.07513258763803625,5.536088261439346,25,7908.996297348202,2511.414953317468,1.258636032529819,2.5684180058587804,8006.954445740507,0.1410363665772213,0.8170158261310958,0.9950354233224576,0.5423020639566677,1.0,0.15732950406622737,0.8354692576418659,0.5952380952380952,1.0,0.14062999461430573,0.14062999461430573,inside_convoy_envelope,inside,True,0.05026695132255554,1.0226292610168457,1.9865857362747192,1.1025912761688232,vae_candidate_pool_v1,belief_limited_heuristic_v1,301
VAE000611,vae_candidate_000611,0.720475810761041,2368.737060546875,1054.6236572265625,2589.237968253369,-2.6879681465575382,-0.026232867859924396,5.032099316759912,30,8219.157575961424,2436.901890743461,1.4978071625954088,-0.4798573748921793,8415.894537262377,1.2147168865723208,0.993253295051663,0.6743011479346107,0.46165266309867614,1.0,0.1872258953244261,0.887342186505386,0.7142857142857143,0.0,0.12067830263986441,0.0,ahead_vae,ahead,False,0.057096414268016815,2.0599331855773926,2.947113275527954,1.4073063135147095,vae_candidate_pool_v1,belief_limited_heuristic_v1,302
VAE000947,vae_candidate_000947,0.7204739041336095,-13.781036376953125,-924.4931030273438,1022.3561726869592,1.587458229385898,-0.0029363841212613974,5.138376740189157,35,7953.238765804967,2229.981681172747,1.9734345539466742,1.5511980400826337,2385.4133106118184,0.38992004774311195,0.6985337791114197,0.9624697269114675,0.9998079597258646,0.567955550145671,0.24667931924333428,0.8797180502978543,0.8333333333333334,1.0,0.16593087837331388,0.16593087837331388,inside_convoy_envelope,inside,True,0.056026309728622437,1.924254059791565,2.3557965755462646,1.8808629512786865,vae_candidate_pool_v1,belief_limited_heuristic_v1,303
VAE000590,vae_candidate_000590,0.7200184527958732,442.4372863769531,4472.29638671875,4529.776906943801,-1.6906642441812463,0.02841330546001135,4.288971606989346,30,8130.471597041472,2578.7798968394413,1.4308405573025733,-1.4225151039485355,3751.66472660899,0.2345861689376736,0.42423938102704617,0.9863053078577069,0.9890264681466756,0.8932535063354737,0.17885506966282166,0.9929281286562719,0.7142857142857143,0.0,0.11138611766064073,0.0,port_vae,port,False,0.07991481572389603,1.3167694807052612,1.8421123027801514,1.909603476524353,vae_candidate_pool_v1,belief_limited_heuristic_v1,304
VAE000790,vae_candidate_000790,0.7199068500896046,-3307.653076171875,-1360.1265869140625,3475.779380393536,0.34695793774242806,-0.002896134951711804,4.244386132213531,28,8325.202161843623,2502.570789417038,1.3439306910501518,2.791738580895654,8678.667209076757,0.14339708446768884,0.8035052920212704,0.9948681218728538,0.34276072367578664,1.0,0.16799133638126898,0.9197453169791294,0.6666666666666666,0.0,0.11509248361787293,0.0,astern_vae,astern,False,0.062025707215070724,1.3325170278549194,1.854007363319397,1.5007017850875854,vae_candidate_pool_v1,belief_limited_heuristic_v1,305
VAE001004,vae_candidate_001004,0.7195194828752267,3589.782470703125,710.432861328125,3540.8198295232532,-2.865425093523841,-0.05162154467149463,5.610435334050725,31,8290.135483081498,2473.225807838106,1.5119460544878685,-0.32778910473744693,8644.99591536094,0.11483819467141121,0.7819030269110125,0.9967066689678691,0.3219506375931501,1.0,0.18899325681098356,0.9763430873481257,0.7380952380952381,0.0,0.11558250681860975,0.0,ahead_vae,ahead,False,0.10076916217803955,1.3743019104003906,2.0235683917999268,1.6265298128128052,vae_candidate_pool_v1,belief_limited_heuristic_v1,306
VAE000527,vae_candidate_000527,0.71938440102188,-682.5307006835938,-901.6813354492188,1007.8812874888511,1.0105032391630995,0.010985740963302699,4.698023605755874,19,8302.408526296573,2394.4173294079656,0.9557617691486191,2.1420751553899966,6503.389076796174,0.16739113429409092,0.693259723274049,0.9930113932027562,0.8412101900321952,1.0,0.11947022114357739,0.9415894840776345,0.4523809523809524,1.0,0.1637760090858574,0.1637760090858574,inside_convoy_envelope,inside,True,0.06585754454135895,1.1787223815917969,2.409053325653076,1.8543634414672852,vae_candidate_pool_v1,belief_limited_heuristic_v1,307
VAE000758,vae_candidate_000758,0.7190832813299487,1871.100341796875,-4288.93994140625,4526.333124766173,1.9523382014393031,-0.00018281083628914798,6.038115698876204,31,8097.427514159504,2257.939586971559,1.6955176184498224,1.1890716413142004,5111.887495749503,0.1844155818103892,0.42541646005806066,0.9915217922329661,0.928023533570853,1.0,0.2119397023062278,0.9559801272330255,0.7380952380952381,0.0,0.11934306888849942,0.0,ahead_vae,ahead,False,0.06875071674585342,1.1783900260925293,2.0040295124053955,1.4900023937225342,vae_candidate_pool_v1,belief_limited_heuristic_v1,308
VAE001211,vae_candidate_001211,0.7188567136346168,-1638.0478515625,-484.82257080078125,1738.2657149296379,0.3529462294327888,-0.03550358237586588,5.423726434370084,30,8176.2806108129125,2434.489994939895,1.507153451950658,2.753142841781138,8489.198978101482,0.9176563070080586,0.9205560718540019,0.803841568512309,0.3787541757826042,1.0,0.18839418149383225,0.9823955156841422,0.7142857142857143,0.0,0.13114673051140588,0.0,astern_vae,astern,False,0.09889659285545349,0.8727222084999084,2.0042972564697266,1.0682342052459717,vae_candidate_pool_v1,belief_limited_heuristic_v1,309
VAE001074,vae_candidate_001074,0.7177415343091026,888.3587036132812,783.9185791015625,1335.5024647178325,-2.3575670811387064,-0.012163108124271581,5.287444590644276,22,8025.927089303536,2304.4089177750334,1.189509523589298,-0.7961886805753583,7260.570776850478,0.6829021338925538,0.8071812853803594,0.887872302630754,0.7146955153067814,1.0,0.14868869044866226,0.8679709261296507,0.5238095238095238,1.0,0.1459767932912306,0.1459767932912306,inside_convoy_envelope,inside,True,0.05442862957715988,1.151656150817871,1.4950201511383057,1.1459221839904785,vae_candidate_pool_v1,belief_limited_heuristic_v1,310
VAE000899,vae_candidate_000899,0.7177265322754265,804.77978515625,-4432.0234375,4447.466184808267,1.73618890522193,0.03915340003697658,4.048995835080254,26,8138.556452457455,2457.610724654243,1.2999087710529194,1.4445571484048403,3462.7320792189535,0.13850780865518608,0.4527293345312719,0.9952115593693334,0.9920424112425147,0.8244600188616555,0.16248859638161492,0.9960499393114043,0.6190476190476191,0.0,0.11419216024691299,0.0,starboard_vae,starboard,False,0.08177638053894043,2.186617136001587,1.489254117012024,1.0455658435821533,vae_candidate_pool_v1,belief_limited_heuristic_v1,311
VAE001151,vae_candidate_001151,0.7173756924744275,-2159.378173828125,-369.7943420410156,1978.7730514176976,0.10656067122128272,0.04173989723277446,4.93839166553058,32,8203.479698545087,2624.395059145675,1.486355379175386,3.0767718796012855,8356.24753177569,0.42278726268359357,0.9670152166883407,0.9559744297368352,0.06477539026268303,1.0,0.18579442239692326,0.9772567691787658,0.7619047619047619,0.0,0.12315341461006292,0.0,astern_vae,astern,False,0.10050275921821594,0.9706522226333618,2.99019718170166,1.0675690174102783,vae_candidate_pool_v1,belief_limited_heuristic_v1,312
VAE000638,vae_candidate_000638,0.7158341194260527,-3346.812744140625,-901.6401977539062,3434.0940786443302,0.26318278767794095,-0.056294584079860314,5.747595276945058,24,8355.478029566226,1907.6838407702148,1.5056829727482828,2.822115281831992,8531.83531539206,0.0011674679590044645,0.8169759151515875,0.9999996592546798,0.3140704204403183,1.0,0.18821037159353535,0.9907316685693247,0.5714285714285714,0.0,0.1337026773952173,0.0,astern_vae,astern,False,0.09568735957145691,0.867695152759552,2.13187313079834,1.524004340171814,vae_candidate_pool_v1,belief_limited_heuristic_v1,313
VAE000994,vae_candidate_000994,0.7158111705381356,-473.79669189453125,-4312.71435546875,4415.774945452143,1.4195405666514016,-0.05729213130876643,4.721282814832781,40,8314.313576220726,2358.5464554405794,2.0398073696784094,1.6647599556296246,3128.2360795790287,0.46762411613761434,0.4638848926194371,0.9463208880140193,0.9955886653610286,0.744818114185483,0.25497592120980117,0.8898382222545105,0.9523809523809523,0.0,0.1166100041105376,0.0,starboard_vae,starboard,False,0.05745304003357887,2.039217710494995,1.4825937747955322,1.0585309267044067,vae_candidate_pool_v1,belief_limited_heuristic_v1,314
VAE000258,vae_candidate_000258,0.7155375554430827,-2089.938232421875,-3923.774658203125,4313.484265560879,1.0657814313196816,0.014635481038524988,4.953515412033692,22,8266.19744298667,2359.2366964250837,1.1280942656153412,2.0904467033086367,6152.6016055340715,0.29384961543699467,0.5005037082410428,0.9785679858870577,0.8679928476005323,1.0,0.14101178320191765,0.9887332915680828,0.5238095238095238,0.0,0.1167672872865057,0.0,astern_vae,astern,False,0.09655559062957764,1.2722935676574707,2.4437272548675537,1.7202088832855225,vae_candidate_pool_v1,belief_limited_heuristic_v1,315
VAE000595,vae_candidate_000595,0.7149922718553835,3332.728271484375,734.9865112304688,3198.7300738089216,-2.905119933258292,-0.08797608701266,5.0979748137826855,15,8360.626996961355,2572.8687896034917,0.6973242560294968,-0.32444880734416115,8744.620096379982,0.05199816719970763,0.8863891594119893,0.9993241999421008,0.31878639925761587,1.0,0.0871655320036871,0.8497174676711415,0.35714285714285715,0.0,0.11451418094794476,0.0,ahead_vae,ahead,False,0.052050214260816574,1.140479564666748,1.4974002838134766,1.3665611743927002,vae_candidate_pool_v1,belief_limited_heuristic_v1,316
VAE000936,vae_candidate_000936,0.7149362492022295,2262.652099609375,1399.20556640625,2482.654503262532,-2.587330592981525,-0.1419466479625643,4.768292479426398,27,8862.761441048695,2522.578688229724,1.207674739149526,-0.6962087085708325,8417.974960924448,1.538854945730874,0.9987093842405209,0.5159679749828505,0.6413133246033593,1.0,0.15095934239369074,0.9387875505908599,0.6428571428571429,0.0,0.11930941043457079,0.0,ahead_vae,ahead,False,0.06533390283584595,2.162795305252075,2.0509424209594727,1.1005048751831055,vae_candidate_pool_v1,belief_limited_heuristic_v1,317
VAE000722,vae_candidate_000722,0.7148793380319897,-1347.935546875,3876.21142578125,4176.259103114397,-1.2245498893457123,-0.012529460246732524,4.1746892446650055,27,8314.862534689217,2192.114833190962,1.4813080730775892,-1.9295722244908133,4972.120902630926,0.6720436041523672,0.5507763002583483,0.8912754902394178,0.9363273420846738,1.0,0.18516350913469865,0.8087844003491361,0.6428571428571429,0.0,0.12173041739552384,0.0,astern_vae,astern,False,0.047064848244190216,1.4852854013442993,2.94174861907959,1.102999210357666,vae_candidate_pool_v1,belief_limited_heuristic_v1,318
VAE000727,vae_candidate_000727,0.7143030143562343,-3518.841552734375,1686.60888671875,3832.829018088677,-0.4758497953350623,0.01975285149941679,5.708535656782371,30,8236.031996774827,2301.9024872570058,1.5824001206353737,-2.645990006755314,8339.788417176402,0.05278078459982111,0.6783509176570964,0.9993037088614138,0.47556187533451777,1.0,0.19780001507942171,0.969009263599332,0.7142857142857143,0.0,0.11919233281611114,0.0,astern_vae,astern,False,0.10275007784366608,2.3051915168762207,1.999313235282898,1.400904893875122,vae_candidate_pool_v1,belief_limited_heuristic_v1,319
VAE000409,vae_candidate_000409,0.7134280044590922,-3284.4462890625,2537.139404296875,4153.605170588481,-0.7269634981750043,0.059203748794318216,5.588795146619188,29,8160.192853196105,2324.144722972361,1.5290947857977397,-2.3554254066204705,7410.370219895183,0.30880513256728354,0.5591652536744399,0.9763486973008002,0.7076503962187858,1.0,0.19113684822471746,0.9672226278728651,0.6904761904761905,0.0,0.11801008412623512,0.0,astern_vae,astern,False,0.07133547216653824,1.960701823234558,1.522392749786377,1.1173107624053955,vae_candidate_pool_v1,belief_limited_heuristic_v1,320
VAE001093,vae_candidate_001093,0.7132627986911664,3029.3935546875,475.58099365234375,3212.297366053712,-2.925249013234851,0.040888290067760694,4.455642603425125,27,8127.423817992234,2585.56796602099,1.2848573060770525,-0.17545535028718146,8453.972486650846,0.31080430539080206,0.882734322696249,0.9760439507853393,0.17455651504025774,1.0,0.16060716325963156,0.9924868257332946,0.6428571428571429,0.0,0.11432149612323156,0.0,ahead_vae,ahead,False,0.07968806475400925,1.073882818222046,1.5025827884674072,1.28440523147583,vae_candidate_pool_v1,belief_limited_heuristic_v1,321
VAE001148,vae_candidate_001148,0.7132165919472617,2944.16064453125,63.015174865722656,2810.393193161021,-3.117657488909829,0.05274503272502344,4.16901683106558,32,8055.476616739705,2599.67276254459,1.5280587532394594,0.028809868045059295,8127.019659873159,0.04830458943934015,0.9686635747073774,0.9994167800768812,0.02880588280457401,1.0,0.19100734415493242,0.8335529376184129,0.7619047619047619,0.0,0.11593586795366478,0.0,ahead_vae,ahead,False,0.050031378865242004,2.196998119354248,1.5026288032531738,1.8884884119033813,vae_candidate_pool_v1,belief_limited_heuristic_v1,322
VAE000373,vae_candidate_000373,0.7131303772401384,2521.68798828125,-532.5208740234375,2464.472522354827,2.9586537944658007,0.016471003136438844,4.894363062309241,28,8067.314368749953,2238.470477642573,1.5505210955371103,0.19940986226043145,8350.870319868009,0.8634152309594127,0.9992145418779383,0.8249227304325442,0.19809092195921527,1.0,0.19381513694213878,0.9646374005197822,0.6666666666666666,0.0,0.12669483297308018,0.0,ahead_vae,ahead,False,0.07070812582969666,2.17379093170166,2.9493818283081055,1.2344191074371338,vae_candidate_pool_v1,belief_limited_heuristic_v1,323
VAE000944,vae_candidate_000944,0.7129282136967187,2944.010009765625,-1973.328857421875,3674.610596020004,2.6063030532807714,-0.04342228262549354,4.678215039104764,22,8119.7408913695235,2440.817526221336,1.110056788366205,0.49186731768352865,8309.897403545341,0.3472875389552117,0.7355668650653395,0.9701496764812723,0.47227266245664434,1.0,0.13875709854577561,0.9891726542286013,0.5238095238095238,0.0,0.11606895099300851,0.0,ahead_vae,ahead,False,0.09637165814638138,1.0207996368408203,2.4835562705993652,1.503320336341858,vae_candidate_pool_v1,belief_limited_heuristic_v1,324
VAE000881,vae_candidate_000881,0.7126117205727581,3030.5771484375,-397.840576171875,3124.2694035700474,2.9921603374853083,-0.023120264603017672,4.1214607023504675,34,8133.860689276567,2256.8142857697494,1.8521935389855388,0.12631205150146774,8353.365550858663,0.04597733339793297,0.9055961284335509,0.999471614293457,0.12597644013829984,1.0,0.23152419237319236,0.8074205283987596,0.8095238095238095,0.0,0.12255025950527243,0.0,ahead_vae,ahead,False,0.046905308961868286,2.105679750442505,1.9528841972351074,1.9119960069656372,vae_candidate_pool_v1,belief_limited_heuristic_v1,325
VAE000958,vae_candidate_000958,0.7124377883439905,-1513.474853515625,-649.9833374023438,1582.5090448619076,0.41217218992031524,-0.04035977832946821,4.803159678707289,24,8427.992843787535,2824.580873345695,1.008168373933188,2.6890606853400105,8814.686665779214,0.7210560790749727,0.8813230019676489,0.8755544738351762,0.43724404089744495,1.0,0.1260210467416485,0.8332486995983686,0.5714285714285714,0.0,0.12813974611285675,0.0,astern_vae,astern,False,0.04999406635761261,0.7259054183959961,2.8392281532287598,1.403469443321228,vae_candidate_pool_v1,belief_limited_heuristic_v1,326
VAE000943,vae_candidate_000943,0.7123808565152471,3090.0107421875,-2674.907958984375,3967.3074773729663,2.416004614278781,-0.03295149564555897,5.692128478430093,30,8404.686372754377,2659.308001909328,1.3422428595879008,0.6926365436654527,8166.1031588675705,0.2833034830945622,0.6285386270749257,0.9800686298818166,0.6385683912624032,1.0,0.1677803574484876,0.811342859861989,0.7142857142857143,0.0,0.110588150659252,0.0,ahead_vae,ahead,False,0.04736511409282684,0.7436015009880066,1.485437273979187,1.4481120109558105,vae_candidate_pool_v1,belief_limited_heuristic_v1,327
VAE001210,vae_candidate_001210,0.7120788577417831,2966.83203125,-2350.052001953125,3959.928934980206,2.4887024172550793,-0.039724597524387874,5.324909536036006,28,8110.416367832574,2059.003733100733,1.6767091988068847,0.6131656388103262,7817.818080880014,0.2764890991298392,0.6312862372134235,0.9810098852108606,0.5754592949157836,1.0,0.2095886498508606,0.9999851784382539,0.6666666666666666,0.0,0.1266726058732721,0.0,ahead_vae,ahead,False,0.08760242909193039,2.1707098484039307,2.467050313949585,1.4709248542785645,vae_candidate_pool_v1,belief_limited_heuristic_v1,328
VAE000547,vae_candidate_000547,0.7115636068877103,3208.5966796875,1292.337158203125,3411.298178476572,-2.780807111517584,0.054645620947250895,3.519085082909866,25,8221.17172464374,2697.029027772469,1.127510689767215,-0.30613992112495836,8651.751699120185,0.3086199672155203,0.8242086458908084,0.9763768269082986,0.3013802901615084,1.0,0.14093883622090186,0.9386724376334913,0.5952380952380952,0.0,0.11142655964183609,0.0,ahead_vae,ahead,False,0.06531262397766113,2.325792074203491,1.885072946548462,1.4639843702316284,vae_candidate_pool_v1,belief_limited_heuristic_v1,329
VAE000517,vae_candidate_000517,0.7114237287219907,3151.541015625,-821.0699462890625,3135.650225856838,2.8611502090510705,-0.09353437399907573,5.015619061685375,27,8242.92754199849,2298.081734406112,1.425334544928336,0.1869080705396471,8526.3978937483,0.45844165809969434,0.9027562508023635,0.9483716160911173,0.18582170924215774,1.0,0.178166818116042,0.9672850016248288,0.6428571428571429,0.0,0.12130736167183222,0.0,ahead_vae,ahead,False,0.10318203270435333,1.6128857135772705,2.9316258430480957,1.8298397064208984,vae_candidate_pool_v1,belief_limited_heuristic_v1,330
VAE001071,vae_candidate_001071,0.7113423802312948,-478.10400390625,4461.39453125,4466.592067651998,-1.4972725387065213,0.007978159258719761,5.371325450370772,27,8421.30005471568,2758.883895329353,1.1621205965823074,-1.636341955624552,3304.5438718349606,0.2981349720196209,0.44604514149302965,0.9779429903866399,0.9978526542266832,0.7867961599607048,0.14526507457278842,0.9996151027480258,0.6428571428571429,0.0,0.10786055499735869,0.0,port_vae,port,False,0.08555423468351364,2.2104294300079346,1.4927456378936768,1.7836999893188477,vae_candidate_pool_v1,belief_limited_heuristic_v1,331
VAE000208,vae_candidate_000208,0.7110296062857396,2722.48876953125,-451.8807373046875,2862.223990600436,2.958526530961892,0.04917340034309213,4.79372132178799,23,8026.777360810517,2728.85614252985,1.0500403242394902,0.23223952297099287,8439.352325118058,0.7606438675288737,0.9604169979473626,0.862196143188572,0.23015749826395018,1.0,0.13125504052993628,0.9703496224507364,0.5476190476190477,0.0,0.11327912047241226,0.0,ahead_vae,ahead,False,0.0721265897154808,2.116325855255127,1.518356204032898,1.1451867818832397,vae_candidate_pool_v1,belief_limited_heuristic_v1,332
VAE000067,vae_candidate_000067,0.7106970357273068,3136.110595703125,535.8687133789062,3193.0637861044165,-2.945272066541585,-0.038620511609250945,5.172918082904512,25,8285.16402205269,2580.338398713047,1.1693976931621728,-0.23494109865745927,8658.220334204636,0.12190308878052214,0.8879017608337874,0.9962895075912712,0.2327857027081963,1.0,0.1461747116452716,0.7921078875470947,0.5952380952380952,0.0,0.11442047546586004,0.0,ahead_vae,ahead,False,0.1293952614068985,2.3564612865448,1.5173447132110596,1.1970869302749634,vae_candidate_pool_v1,belief_limited_heuristic_v1,333
VAE000203,vae_candidate_000203,0.7102467163786192,2962.64794921875,-3064.52392578125,4274.774530542223,2.335972003976676,-0.006783246926894655,4.616096398895637,31,7999.858146873265,2372.658581932998,1.6332180031438066,0.798837402686223,7280.341035721125,0.23472620615186068,0.5145721126703164,0.9862890279287657,0.7165456169323596,1.0,0.20415225039297583,0.9976037600373884,0.7380952380952381,0.0,0.11661775830990151,0.0,ahead_vae,ahead,False,0.0829920843243599,0.6487956047058105,2.8691940307617188,1.627306342124939,vae_candidate_pool_v1,belief_limited_heuristic_v1,334
VAE000325,vae_candidate_000325,0.7101025376336917,-2240.40966796875,-3690.2373046875,4269.900171939184,1.0282605070336819,0.09944537841668234,5.174645914873158,25,8269.858811635506,2167.215518137981,1.3948895215475456,2.2127775249727932,6687.600798021741,0.2716562852583344,0.5163506853575885,0.9816638956372674,0.8009110219669803,1.0,0.1743611901934432,0.9538031864628923,0.5952380952380952,0.0,0.12239265678017901,0.0,astern_vae,astern,False,0.1062452495098114,1.1325503587722778,2.3711938858032227,1.8720815181732178,vae_candidate_pool_v1,belief_limited_heuristic_v1,335
VAE001147,vae_candidate_001147,0.7096447699384232,2209.7724609375,443.79119873046875,2405.4061521799986,-2.976239162028304,0.08499127841205151,4.745940292423522,22,8246.546946993583,2434.3316676902973,1.0958996704425215,-0.08036221314943741,8415.350607143533,0.2662819984885383,0.9999944751605563,0.9823779703065184,0.08027574340434361,1.0,0.13698745880531518,0.8298893744608044,0.5238095238095238,0.0,0.12212762159943584,0.0,ahead_vae,ahead,False,0.04958362877368927,2.1321184635162354,2.487126350402832,1.5313969850540161,vae_candidate_pool_v1,belief_limited_heuristic_v1,336
VAE000792,vae_candidate_000792,0.7094934297348908,3254.2431640625,-2705.61376953125,4069.6426698433147,2.471537054618065,0.059373099549806393,5.381165647366716,23,8193.330842371297,2669.2228970663023,1.051677306323132,0.7294286985215356,7887.468011038753,0.15112137471180853,0.5903872027633021,0.9943014400739748,0.666443806960836,1.0,0.1314596632903915,0.9475911813784456,0.5476190476190477,0.0,0.11030110081817064,0.0,ahead_vae,ahead,False,0.10751380771398544,1.2208091020584106,1.9309799671173096,1.2979991436004639,vae_candidate_pool_v1,belief_limited_heuristic_v1,337
VAE000465,vae_candidate_000465,0.7093218952772419,2985.267822265625,1161.0458984375,3249.3361291502674,-2.831692078180021,0.07355265335502474,4.244555306081572,26,8185.443492605086,2414.221161473748,1.3156915361700732,-0.23634792205474736,8523.183609978521,0.24587520698423004,0.8725239364290795,0.9849623332269091,0.2341536471192402,1.0,0.16446144202125915,0.8480139231894211,0.6190476190476191,0.0,0.11794199387550318,0.0,ahead_vae,ahead,False,0.05183389037847519,1.3945573568344116,2.4834277629852295,1.4691646099090576,vae_candidate_pool_v1,belief_limited_heuristic_v1,338
VAE000915,vae_candidate_000915,0.70765950915027,2620.432373046875,32.08140563964844,2653.281841746593,-3.0790590953661052,0.07142887237891345,4.7988530051023846,30,7989.386639522693,2446.0086698652476,1.5351464890347055,0.008895314155225554,8010.8282836571925,0.12221246096912644,0.9879462616146711,0.9962706737969085,0.008895196846341524,1.0,0.1918933111293382,0.7934895631240423,0.7142857142857143,0.0,0.12016128291712462,0.0,ahead_vae,ahead,False,0.04529547691345215,2.283803939819336,2.4801602363586426,1.273909568786621,vae_candidate_pool_v1,belief_limited_heuristic_v1,339
VAE000697,vae_candidate_000697,0.7075899107900078,-1499.41259765625,-4101.72900390625,4391.794783802582,1.1668521535717553,-0.05325372222509056,4.866571917522147,18,8200.872007016924,2528.0292828676224,0.8682211699668335,1.9214867777929483,5191.542008297238,0.3747657663139401,0.4723891928763445,0.9652966948748873,0.9391357348227195,1.0,0.10852764624585419,0.9444391273842543,0.42857142857142855,0.0,0.11263749419279928,0.0,astern_vae,astern,False,0.06640192121267319,0.8882941007614136,2.4918251037597656,1.0940576791763306,vae_candidate_pool_v1,belief_limited_heuristic_v1,340
VAE000494,vae_candidate_000494,0.7075278656043006,2860.561767578125,266.5049743652344,2814.36461604372,-3.0559274447184586,-0.055926235494369446,4.656338096139021,22,8643.586121632203,2487.6459829669216,1.0231519619398857,-0.141591444365704,8908.140522268757,0.5983185562603865,0.9680639832718505,0.9131419311491368,0.141118810936989,1.0,0.1278939952424857,0.983718082374848,0.5238095238095238,0.0,0.11796366076898168,0.0,ahead_vae,ahead,False,0.07608547806739807,1.7178398370742798,2.9417595863342285,1.264885663986206,vae_candidate_pool_v1,belief_limited_heuristic_v1,341
VAE000509,vae_candidate_000509,0.7073942428860026,253.93609619140625,-4519.82470703125,4397.28886060984,1.6464902034599307,0.01749786045999394,5.110378813557003,31,8411.725285565515,2247.3028230655323,1.639891125564604,1.5126003105898562,2732.750968024722,0.11397604104986048,0.4704361452855825,0.9967558797045503,0.9983070897222185,0.6506549923868387,0.2049863906955755,0.9114340076776005,0.7380952380952381,0.0,0.11967804881459301,0.0,starboard_vae,starboard,False,0.11384136974811554,1.1102278232574463,2.403684616088867,1.146846890449524,vae_candidate_pool_v1,belief_limited_heuristic_v1,342
VAE000716,vae_candidate_000716,0.7073530642393447,3345.507568359375,-2646.185302734375,4175.263189945829,2.41999917810661,0.10160290715783123,5.241308918165765,19,8388.13462764031,2674.1682946827727,0.8470313280852362,0.8231963826410145,7663.959275937978,0.1496457890537708,0.5511446842842728,0.9944119742644828,0.7333227310331498,1.0,0.10587891601065452,0.9973785756723387,0.4523809523809524,0.0,0.10990904071131577,0.0,ahead_vae,ahead,False,0.08279550075531006,0.7521271109580994,2.9497809410095215,1.3187932968139648,vae_candidate_pool_v1,belief_limited_heuristic_v1,343
VAE000100,vae_candidate_000100,0.7070364820973519,2853.250732421875,477.4000244140625,3003.0956004190057,-2.9501318293455334,0.04328100417066169,5.418782784235855,27,8355.27870241209,2576.3683060112403,1.254281091503512,-0.148179820073598,8644.087150737054,0.5734327668258135,0.9335535460363608,0.9200217936884024,0.14763814465120165,1.0,0.156785136437939,0.9602097220319461,0.6428571428571429,0.0,0.11526935054873622,0.0,ahead_vae,ahead,False,0.06968198716640472,0.7281860113143921,2.5888710021972656,1.2639615535736084,vae_candidate_pool_v1,belief_limited_heuristic_v1,344
VAE000292,vae_candidate_000292,0.7064360816289693,2841.6142578125,249.39779663085938,2818.78219105654,-3.0668213832993065,-0.040082843319992886,5.066330899688728,26,8057.779118925936,2324.254449813128,1.3882712140413491,-0.11485411361047947,8271.054212629362,0.5257014358097498,0.9673906923057446,0.9324860800135114,0.11460176439465812,1.0,0.17353390175516864,0.8929967082607575,0.6190476190476191,0.0,0.12213026740896746,0.0,ahead_vae,ahead,False,0.11662386357784271,1.9730454683303833,2.0512514114379883,1.9329079389572144,vae_candidate_pool_v1,belief_limited_heuristic_v1,345
VAE000346,vae_candidate_000346,0.7061542920582741,2847.95458984375,-2956.050048828125,4207.227902692243,2.3337650450182212,-0.019249306147112576,5.034680163613008,25,8101.107769883252,2700.0995948549416,1.1429199547420736,0.7885783024244593,7625.423136882219,0.2564192428802099,0.5393421915430513,0.9836521618752923,0.7093518996844616,1.0,0.1428649943427592,0.9894995047393287,0.5952380952380952,0.0,0.10951611697988188,0.0,ahead_vae,ahead,False,0.07830049097537994,0.8814879059791565,2.9265663623809814,1.889591932296753,vae_candidate_pool_v1,belief_limited_heuristic_v1,346
VAE000573,vae_candidate_000573,0.7059279937076295,-1746.611572265625,-145.30616760253906,1745.9531139322971,0.06918845787821687,-0.08208506175879798,4.616917874763899,23,8232.536122083275,2156.0890077201652,1.2957687611928368,2.990319133952779,8463.436903130527,0.36959650669040445,0.9223179381008484,0.9662365895574405,0.15069723033421403,1.0,0.1619710951491046,0.9967967938600368,0.5476190476190477,0.0,0.13786383779074846,0.0,astern_vae,astern,False,0.08232349157333374,0.9352751970291138,2.930323600769043,1.913730502128601,vae_candidate_pool_v1,belief_limited_heuristic_v1,347
VAE001123,vae_candidate_001123,0.7058649013110349,975.542236328125,4504.10205078125,4695.989961663295,-1.7883487370175042,0.03791065332007304,5.0504819110066075,33,8082.9940475394005,2350.2876059294804,1.7370834018057735,-1.315333263252216,4316.532103169589,0.2802610755381683,0.3691633500197122,0.9804916279294684,0.9675463862932272,1.0,0.21713542522572168,0.8994544008268102,0.7857142857142857,0.0,0.1165771144239762,0.0,port_vae,port,False,0.05885899439454079,2.0419416427612305,1.9232341051101685,1.2863332033157349,vae_candidate_pool_v1,belief_limited_heuristic_v1,348
VAE001213,vae_candidate_001213,0.7057058900937263,1977.425537109375,-885.556884765625,2193.3887074288177,2.7458408256826807,0.044551800084751576,4.9677023007407515,28,7886.95397670457,2246.141774964316,1.5805620845243173,0.44030362799186423,8092.051816960942,1.2307261587891818,0.9919628639019489,0.6667766212672743,0.42621415335874757,1.0,0.19757026056553967,0.8670099131738549,0.6666666666666666,0.0,0.1290055726068803,0.0,ahead_vae,ahead,False,0.054300423711538315,0.8837065696716309,2.9616599082946777,1.3086118698120117,vae_candidate_pool_v1,belief_limited_heuristic_v1,349
VAE000329,vae_candidate_000329,0.70541536345713,3249.05419921875,2620.465087890625,4151.670719110132,-2.401036583987949,-0.017408871955149032,5.0621619274703376,25,8340.751783310827,2692.6330343545733,1.1131601280584074,-0.7579649415569932,7908.395361558511,0.19307243360520498,0.5598824580373797,0.9907096723163931,0.6874449359144658,1.0,0.13914501600730092,0.9350976821687101,0.5952380952380952,0.0,0.10962758351581367,0.0,ahead_vae,ahead,False,0.06466052681207657,1.8274238109588623,2.9243063926696777,1.5218278169631958,vae_candidate_pool_v1,belief_limited_heuristic_v1,350
VAE000127,vae_candidate_000127,0.7042471370091289,2347.380126953125,-536.7677001953125,2391.349877544161,2.9352878865779855,-0.058854258759812025,4.925446334809342,32,8096.475642540681,2579.513085543808,1.5322027211542546,0.14745050825199638,8387.593385732836,0.8541250231774877,0.9999858555596742,0.8284392452608957,0.14691678583382659,1.0,0.19152534014428182,0.8652665569921331,0.7619047619047619,0.0,0.11926398981767296,0.0,ahead_vae,ahead,False,0.05406875163316727,1.3084014654159546,1.9966211318969727,1.1051881313323975,vae_candidate_pool_v1,belief_limited_heuristic_v1,351
VAE000086,vae_candidate_000086,0.7041927520970377,-1949.15625,-196.97781372070312,1879.910448360748,0.07368389528087574,0.10833830442774013,5.174443834303702,25,8404.512265273055,2525.2626287019557,1.177933957155536,-3.1069382444429285,8486.96013249993,0.21254867461831228,0.9501523687974577,0.9887482211634957,0.03464747332121439,1.0,0.147241744644442,0.9977769985898759,0.5952380952380952,0.0,0.12651446740989417,0.0,astern_vae,astern,False,0.08314967155456543,1.451946496963501,2.405017137527466,1.7908753156661987,vae_candidate_pool_v1,belief_limited_heuristic_v1,352
VAE000776,vae_candidate_000776,0.7038152961739108,2515.64306640625,567.9261474609375,2548.7639422033794,-2.893606659246718,-0.044441296504589584,5.661144183653523,26,8389.689326122982,2091.874835199864,1.481466288942415,-0.29242729084766494,8636.561609150807,1.0910596983648857,0.9958252394929672,0.7307727751416194,0.28827731703193926,1.0,0.18518328611780188,0.9941943531763472,0.6190476190476191,0.0,0.1304526228812913,0.0,ahead_vae,ahead,False,0.09392539411783218,0.6948127746582031,1.5054965019226074,1.3902517557144165,vae_candidate_pool_v1,belief_limited_heuristic_v1,353
VAE000433,vae_candidate_000433,0.7035783787299024,2201.802001953125,3862.049072265625,4470.504189828033,-2.013578982807578,0.04287196864215444,4.764393258244375,29,8187.485515932098,2412.796778357597,1.4680022082846618,-1.085141702140061,5955.619035699698,0.17264379509416858,0.44468254589754785,0.992567019760314,0.8843695680875479,1.0,0.18350027603558272,0.8215992583620578,0.6904761904761905,0.0,0.11521646157960254,0.0,ahead_vae,ahead,False,0.04858245700597763,0.7947641015052795,1.5150392055511475,1.89313805103302,vae_candidate_pool_v1,belief_limited_heuristic_v1,354
VAE001179,vae_candidate_001179,0.7033312304631189,-1111.906005859375,-670.4703369140625,1555.8935625394722,0.6117354831342303,-0.0871024983941652,5.21678034198196,29,8379.55741072932,2412.3836747846176,1.4345990413477745,2.442754672061398,7967.26271786816,1.0883699237089335,0.8739858840781065,0.731965010650727,0.6433284917489055,1.0,0.1793248801684718,0.8469402082993849,0.6904761904761905,1.0,0.13595290518692,0.13595290518692,inside_convoy_envelope,inside,True,0.051697999238967896,1.9799602031707764,2.963317394256592,1.5217618942260742,vae_candidate_pool_v1,belief_limited_heuristic_v1,355
VAE000438,vae_candidate_000438,0.70332679422873,-1453.940673828125,-377.5868835449219,1662.9681453713165,0.2481623611748141,-0.038327280301485744,5.254293446894714,28,8063.983106885202,2335.9495987969563,1.4864316841063947,2.8551030121134935,8395.417648922488,0.7599307323627598,0.9024090891999813,0.8624418644813652,0.28258669061900865,1.0,0.18580396051329934,0.9459604214384728,0.6666666666666666,0.0,0.13504008172158752,0.0,astern_vae,astern,False,0.06669774651527405,1.7992178201675415,1.5171027183532715,1.477370023727417,vae_candidate_pool_v1,belief_limited_heuristic_v1,356
VAE000384,vae_candidate_000384,0.7031563064300675,2130.18505859375,3799.46630859375,4459.88498260034,-2.073259182215096,0.0019519804384643515,5.628885838888913,30,8244.303369950332,2329.7329126133977,1.5619285210604517,-1.0663814909362326,6024.014540822896,0.15547401846324238,0.4483849104356625,0.9939691203798375,0.8754574313380973,1.0,0.19524106513255646,0.8024524245534629,0.7142857142857143,0.0,0.11734699277283223,0.0,ahead_vae,ahead,False,0.046327169984579086,1.633910059928894,2.4431252479553223,1.4242867231369019,vae_candidate_pool_v1,belief_limited_heuristic_v1,357
VAE000233,vae_candidate_000233,0.703083176596667,3248.03662109375,-2092.903564453125,3974.4597675291975,2.578462085771457,0.08521837067559639,4.804726602679144,29,8212.283659793642,2573.2092123813154,1.3723312673194905,0.648348938493932,8099.7496998943925,0.2672151688477436,0.625874386963231,0.9822549801318035,0.6038711981476965,1.0,0.1715414084149363,0.7961251220275062,0.6904761904761905,0.0,0.11239676647307438,0.0,ahead_vae,ahead,False,0.04559739679098129,1.2919931411743164,2.9685568809509277,1.9039225578308105,vae_candidate_pool_v1,belief_limited_heuristic_v1,358
VAE001216,vae_candidate_001216,0.7025641106175211,3502.3701171875,-1592.3212890625,3873.435747445152,2.6792351735329842,0.04427560370391933,4.73913994658188,25,8118.7425604252285,2336.348633719515,1.3179944722924235,0.5066330837607291,8232.572709002414,0.22980502985374018,0.6633852316404596,0.9868554126550182,0.48523602776264135,1.0,0.16474930903655294,0.9931043838039032,0.5952380952380952,0.0,0.11823414287963493,0.0,ahead_vae,ahead,False,0.08000732958316803,1.1384923458099365,2.929138422012329,1.3850504159927368,vae_candidate_pool_v1,belief_limited_heuristic_v1,359
VAE001082,vae_candidate_001082,0.7022950903661868,2382.316162109375,3769.705078125,4520.717122819837,-2.1619140338972658,-0.0464034373132411,5.271115342888987,29,8210.930983693943,2171.7200773835525,1.6263040734636347,-1.0260820570057685,6112.1074867340285,0.22175024043486924,0.42733889965493943,0.9877570002309884,0.8552753835817895,1.0,0.20328800918295434,0.962534777245676,0.6904761904761905,0.0,0.12192737421921336,0.0,ahead_vae,ahead,False,0.07021372020244598,1.0695033073425293,2.0422146320343018,1.9171111583709717,vae_candidate_pool_v1,belief_limited_heuristic_v1,360
VAE001051,vae_candidate_001051,0.7021143416871245,-3363.25,-1422.1767578125,3583.3333305683154,0.3949096682785846,-0.0035745047443175907,5.441260821578158,19,8284.750527593045,2407.7624956326918,0.952490209166345,2.7431084805668915,8569.906359874989,0.17876229481724,0.767434003384411,0.9920322624902584,0.3880217263517627,1.0,0.11906127614579312,0.9244439906318449,0.4523809523809524,0.0,0.11701819791136815,0.0,astern_vae,astern,False,0.06280649453401566,2.3257973194122314,2.951093912124634,1.2838313579559326,vae_candidate_pool_v1,belief_limited_heuristic_v1,361
VAE000483,vae_candidate_000483,0.7017428560238322,-85.59613037109375,4539.57275390625,4544.903556465683,-1.5424729428947541,-0.08485889291615958,4.634495453225011,32,8073.8796034042,2547.7924681949994,1.5556205081276504,-1.6839786036111986,3443.3612655421052,0.14270251712261728,0.4190853130358012,0.9949176314735206,0.9936017207689709,0.8198479203671679,0.1944525635159563,0.7989528407180443,0.7619047619047619,0.0,0.1120549028985234,0.0,port_vae,port,False,0.0459226593375206,2.3031363487243652,2.9232962131500244,1.678528904914856,vae_candidate_pool_v1,belief_limited_heuristic_v1,362
VAE000754,vae_candidate_000754,0.7015251093102572,16.76263427734375,-4424.60546875,4234.611884718442,1.646263352409449,0.08770271359845688,4.822185654370982,23,8126.272849324697,2640.6834067279187,1.071815663059866,1.5830320147788017,2739.9137962003288,0.13017119198339522,0.5292696540772952,0.9957698434296023,0.9999251449036798,0.652360427666745,0.13397695788248326,0.7560459326715363,0.5476190476190477,0.0,0.11058894923377686,0.0,starboard_vae,starboard,False,0.13341492414474487,1.3397808074951172,1.4990882873535156,1.4018985033035278,vae_candidate_pool_v1,belief_limited_heuristic_v1,363
VAE000662,vae_candidate_000662,0.7012383548844493,108.76239013671875,-4517.9990234375,4571.889894318183,1.5899587413618521,-0.14478492653416794,4.71413982646278,29,8328.737217366506,2438.7746429267454,1.4277335576252006,1.4068489856937731,3765.4379087281795,0.37667267621171385,0.40995724581488463,0.9649468325717592,0.9865907104718135,0.8965328354114713,0.17846669470315007,0.9054837060488284,0.6904761904761905,0.0,0.11437384211499416,0.0,starboard_vae,starboard,False,0.059769079089164734,1.923957109451294,1.503765344619751,1.8889023065567017,vae_candidate_pool_v1,belief_limited_heuristic_v1,364
VAE000675,vae_candidate_000675,0.7009774179271752,3526.7685546875,2026.2977294921875,4070.779768016986,-2.6809202996798622,-0.09653927981150073,4.109185577909432,35,8161.860112334919,2350.415506321173,1.8244596113564433,-0.5572116337214317,8170.190341449315,0.04068795468808606,0.5899634381303517,0.9995861796808456,0.5288216784199118,1.0,0.2280574514195554,0.9047333305741733,0.8333333333333334,0.0,0.117455867036819,0.0,ahead_vae,ahead,False,0.059654515236616135,1.5407249927520752,1.9635217189788818,1.375978946685791,vae_candidate_pool_v1,belief_limited_heuristic_v1,365
VAE000801,vae_candidate_000801,0.7008502692735398,1983.324462890625,3850.72412109375,4453.804303339318,-2.0356732073308006,0.08215177361014435,4.419026847968748,28,8023.466777300875,2332.94515151183,1.49586170529001,-1.0237676726488483,6165.927952746654,0.017947761190286737,0.45051014120249616,0.9999194716287632,0.8540738408822856,1.0,0.18698271316125126,0.8330620200117075,0.6666666666666666,0.0,0.11738234997851754,0.0,ahead_vae,ahead,False,0.12456174194812775,2.2366442680358887,2.9382216930389404,1.1609529256820679,vae_candidate_pool_v1,belief_limited_heuristic_v1,366
VAE000298,vae_candidate_000298,0.700770805619691,-800.0057983398438,4854.154296875,4771.644554479826,-1.3506049274572578,-0.03719148420103529,5.943940893444823,31,8465.717197337137,2395.4271013703874,1.5286743502330253,-1.8281792103335706,4471.473189597789,0.3327929574628039,0.34532477670350264,0.9725668082293313,0.9670594775658518,1.0,0.19108429377912817,0.9962797657854683,0.7380952380952381,0.0,0.11513260302968856,0.0,port_vae,port,False,0.08193879574537277,0.7104227542877197,2.988862991333008,1.0792388916015625,vae_candidate_pool_v1,belief_limited_heuristic_v1,367
VAE000023,vae_candidate_000023,0.7002067266200422,2933.80419921875,3480.87158203125,4592.375182382167,-2.2060455273509914,-0.08333345630103989,5.535112357807389,29,8124.212087740512,2408.563073371758,1.4820358927663748,-1.0188805825398417,6310.6262579270915,0.039853301799987584,0.4030870141818108,0.9996029811363639,0.85152162320155,1.0,0.18525448659579685,0.9865879726801682,0.6904761904761905,0.0,0.11519041909553161,0.0,ahead_vae,ahead,False,0.09740695357322693,1.3230040073394775,1.9800580739974976,1.1008468866348267,vae_candidate_pool_v1,belief_limited_heuristic_v1,368
VAE000320,vae_candidate_000320,0.6994135242760537,2953.03662109375,245.54904174804688,3176.769208829268,-3.0691372170422495,-0.04311377626135966,5.926379672955975,27,8260.641099638824,2457.0350621434495,1.330266506212526,-0.11556921280890327,8488.862836811206,0.4464315497729579,0.8922056019842195,0.9509967594251246,0.11531212280951053,1.0,0.16628331327656576,0.9997658879406587,0.6428571428571429,0.0,0.11716434512692364,0.0,ahead_vae,ahead,False,0.08593114465475082,2.254998207092285,1.5046672821044922,1.9393815994262695,vae_candidate_pool_v1,belief_limited_heuristic_v1,369
VAE000941,vae_candidate_000941,0.6993307370483365,2885.882568359375,1154.56396484375,3134.0209123263153,-2.8099556267294887,-0.003929085162971584,4.93341143765231,21,8240.661270523924,2291.067853404704,1.1122931946600099,-0.33556611202327596,8535.487718402277,0.8706864635333817,0.9031649821607879,0.822150855703464,0.32930375919410027,1.0,0.13903664933250123,0.9948111680248771,0.5,0.0,0.12150599576838408,0.0,ahead_vae,ahead,False,0.08097217231988907,1.4188446998596191,2.937676191329956,1.8802094459533691,vae_candidate_pool_v1,belief_limited_heuristic_v1,370
VAE000150,vae_candidate_000150,0.6992856998726524,-3262.60791015625,-908.974853515625,3620.5593209144417,0.2882737654160342,0.010608709327646,4.836111804308886,30,8466.726855318135,2297.2053433846486,1.5424315061759486,2.863927597501405,8772.12406305164,0.0908645668764389,0.7545610396968201,0.9979373273899171,0.2741108867186989,1.0,0.19280393827199357,0.9595026193477116,0.7142857142857143,0.0,0.11970943188709042,0.0,astern_vae,astern,False,0.06952318549156189,1.9570468664169312,2.9488649368286133,1.1349785327911377,vae_candidate_pool_v1,belief_limited_heuristic_v1,371
VAE000987,vae_candidate_000987,0.6992140101642493,-1504.561279296875,-165.753173828125,1426.513088709712,0.07289530133138633,-0.153255177486018,4.99157313819737,25,8006.8049574102415,2242.4897055604365,1.39235603398916,2.915442174772389,8305.754240155944,0.2100727333649962,0.8359847176399354,0.9890078750736089,0.22422769420391736,1.0,0.174044504248645,0.9893839610176846,0.5952380952380952,0.0,0.14400004869379185,0.0,astern_vae,astern,False,0.07825103402137756,2.0786144733428955,2.456503391265869,1.6212575435638428,vae_candidate_pool_v1,belief_limited_heuristic_v1,372
VAE000107,vae_candidate_000107,0.6991980135201381,1096.67138671875,-4588.0166015625,4737.919131244527,1.854754196034549,-0.1416124978126135,5.556983086338845,35,8310.551428085839,2529.3850210214987,1.6650345919396028,1.1452259597426304,5734.703390339157,0.31192238030352426,0.3558503630925607,0.9758726859185329,0.9108034105890068,1.0,0.20812932399245035,0.9660305066346013,0.8333333333333334,0.0,0.11208375374573,0.0,starboard_vae,starboard,False,0.07104337960481644,0.7507641911506653,2.0072884559631348,1.2759648561477661,vae_candidate_pool_v1,belief_limited_heuristic_v1,373
VAE000681,vae_candidate_000681,0.6986884828863001,860.201904296875,-4547.35009765625,4682.667916142879,1.7492556885561699,-0.036381143572854546,4.07451320895297,28,8479.26980504009,2913.2982556212323,1.1334820007154034,1.3559558214607688,4654.0318444372915,0.31615963895348376,0.3734446757026513,0.9752182322242615,0.977010409557079,1.0,0.14168525008942542,0.8778956092722342,0.6666666666666666,0.0,0.1049774824570401,0.0,starboard_vae,starboard,False,0.05577456206083298,2.2267847061157227,2.012880325317383,1.797877550125122,vae_candidate_pool_v1,belief_limited_heuristic_v1,374
VAE000454,vae_candidate_000454,0.6984780062948538,1735.18701171875,1260.2598876953125,2035.2869350246408,-2.5179545256581344,-0.025571360464384373,5.581652335389003,25,8194.105996744043,2352.8781325823406,1.2966984677044393,-0.6492094883960431,7949.561823153912,1.5127803782508862,0.9751687659960071,0.5289917042606204,0.6045569032280246,1.0,0.1620873084630549,0.9230170742840208,0.5952380952380952,0.0,0.12800073544166235,0.0,ahead_vae,ahead,False,0.11196573078632355,0.8268734812736511,2.498356819152832,1.7143486738204956,vae_candidate_pool_v1,belief_limited_heuristic_v1,375
VAE000202,vae_candidate_000202,0.6982195750183467,2238.885498046875,58.880409240722656,2295.6967532847325,-3.141031119493498,-0.13486823653967583,5.325789920760382,28,7992.110562189068,2427.7520396013842,1.4430860232762077,-0.13542977063597084,8246.715731545639,0.9213220387976572,0.9979455598967594,0.802383905659297,0.1350161588599314,1.0,0.18038575290952596,0.9898568789757675,0.6666666666666666,0.0,0.12339435788217541,0.0,ahead_vae,ahead,False,0.07845517992973328,1.575054407119751,1.4761807918548584,1.0646207332611084,vae_candidate_pool_v1,belief_limited_heuristic_v1,376
VAE001168,vae_candidate_001168,0.6979528565760601,2986.54296875,-1942.33056640625,3875.6066487799194,2.588683130626436,-0.0028359456900433856,5.3023740838157565,20,8381.038280243401,2489.7894146436024,0.9584502062341673,0.5500735772733141,8446.25561958474,0.33792355375510486,0.6625828731388911,0.9717225503237404,0.5227499539455553,1.0,0.11980627577927092,0.9961373611859707,0.47619047619047616,0.0,0.11433531760701525,0.0,ahead_vae,ahead,False,0.09269533306360245,1.3657164573669434,2.9319043159484863,1.6910239458084106,vae_candidate_pool_v1,belief_limited_heuristic_v1,377
VAE001035,vae_candidate_001035,0.6978847907412503,-1815.00830078125,-970.9210205078125,2051.9912262679877,0.43825894441157776,-0.0073919090879790185,5.925053633308758,29,8194.223498597512,2245.100822645841,1.576356143523017,2.695941800090237,8361.636283045169,1.1990705542126048,0.9773659226725239,0.6816119388195991,0.4310452563965545,1.0,0.1970445179403771,0.7608588080338564,0.6904761904761905,0.0,0.13053036557409936,0.0,astern_vae,astern,False,0.041644588112831116,1.1529512405395508,1.9861855506896973,1.1972249746322632,vae_candidate_pool_v1,belief_limited_heuristic_v1,378
VAE001114,vae_candidate_001114,0.696855640629239,2741.91259765625,93.47179412841797,2687.119272716732,-3.0754368365190277,-0.09672511788701008,4.26108909607686,25,8213.03242341174,2346.503154622741,1.2972250572226953,-0.16288093495777553,8484.83927472136,0.9016107502524913,0.9845371526809679,0.8101737092051773,0.1621616791188337,1.0,0.16215313215283692,0.9941294607748553,0.5952380952380952,0.0,0.122226510000788,0.0,ahead_vae,ahead,False,0.08057031035423279,2.1744518280029297,1.5090019702911377,1.0465242862701416,vae_candidate_pool_v1,belief_limited_heuristic_v1,379
VAE000508,vae_candidate_000508,0.6963862662048583,1891.124755859375,4108.154296875,4598.55624363704,-2.000500943038608,0.022758968147233462,4.948408860414487,28,8351.077588905104,2495.222054808253,1.3437123607664851,-1.1183327424039518,5895.080144139341,0.21078264840910976,0.4010242516766562,0.9889337321955156,0.8993727966191543,1.0,0.16796404509581064,0.8913578920113343,0.6666666666666666,0.0,0.11300473219273384,0.0,ahead_vae,ahead,False,0.05767177417874336,1.1201063394546509,2.936389207839966,1.3126174211502075,vae_candidate_pool_v1,belief_limited_heuristic_v1,380
VAE000497,vae_candidate_000497,0.6959764587062103,2377.21875,-187.39373779296875,2458.8201801045498,3.0527415290283577,-0.009040453375976488,5.897024605073639,25,8200.692566959167,2337.712164440296,1.3040626035135758,0.07981067118545873,8360.964642986239,0.4832964378371883,0.9993461847968089,0.9427339399638053,0.0797259692526261,1.0,0.16300782543919698,0.7225407386821355,0.5952380952380952,0.0,0.12402836693382187,0.0,ahead_vae,ahead,False,0.13701458275318146,0.9445176720619202,2.953827381134033,1.8358027935028076,vae_candidate_pool_v1,belief_limited_heuristic_v1,381
VAE000166,vae_candidate_000166,0.6958232267491911,2054.988525390625,-1227.878173828125,2422.6200000047465,2.5706996439975964,0.015144967559387481,3.9025770942948155,25,8311.472627391935,2280.7135653933087,1.3188374896994397,0.5860379771515849,8185.989173107999,1.5488175409182345,0.9999032817285127,0.5109885081908021,0.5530644588021539,1.0,0.16485468621242996,0.9546657388448894,0.5952380952380952,0.0,0.12574741206831144,0.0,ahead_vae,ahead,False,0.06846990436315536,1.2230923175811768,2.5607855319976807,1.3589019775390625,vae_candidate_pool_v1,belief_limited_heuristic_v1,382
VAE000241,vae_candidate_000241,0.6951902410764919,-1508.28564453125,4323.39501953125,4484.584237316759,-1.215425986444382,0.05967748749955656,5.770610889302508,22,8487.324517032892,2271.2517970962067,1.1412652372222591,-1.8664891796458547,4645.909851549146,0.5307139481514337,0.4397917503013019,0.931222963027567,0.9566004727490174,1.0,0.1426581546527824,0.9123002953799404,0.5238095238095238,0.0,0.11882700251972625,0.0,astern_vae,astern,False,0.06082802638411522,2.0845370292663574,2.0876033306121826,1.1107906103134155,vae_candidate_pool_v1,belief_limited_heuristic_v1,383
VAE000219,vae_candidate_000219,0.6938491241479512,-1427.141357421875,-629.521240234375,1775.4807764230686,0.42199636528795553,0.0871534279486191,5.7729433677251,23,8384.601276902064,2412.4843813837597,1.137053529848425,2.806749716250457,8711.72937903455,0.8753654635426227,0.9289237754061512,0.8203581530976007,0.32862083422337307,1.0,0.14213169123105313,0.8446849343885534,0.5476190476190477,0.0,0.13077337398781658,0.0,astern_vae,astern,False,0.05141368880867958,2.276498556137085,1.519020915031433,1.777234435081482,vae_candidate_pool_v1,belief_limited_heuristic_v1,384
VAE000910,vae_candidate_000910,0.693254633262594,-468.44598388671875,901.7621459960938,838.1180199318441,-1.0343908529990506,-0.09373021138176156,4.721613434682178,32,8109.185984697075,2527.539379091914,1.5612583948760879,-2.200932011972504,6820.492720665666,0.1841473469900834,0.6305590616726909,0.9915463679354832,0.8079475626631971,1.0,0.19515729935951098,0.8129222614678722,0.7619047619047619,1.0,0.18014972112991195,0.18014972112991195,inside_convoy_envelope,inside,True,0.04755113273859024,1.6385765075683594,2.3471689224243164,1.6129668951034546,vae_candidate_pool_v1,belief_limited_heuristic_v1,385
VAE001134,vae_candidate_001134,0.6930664484440086,3459.681884765625,2538.1064453125,4240.597784847965,-2.4926982406163147,-0.030283481234015065,4.974821457446004,30,8089.937497974992,2243.420614710101,1.6529715626698138,-0.6791778942074934,7703.907191444574,0.15849215778473225,0.5270731592969226,0.9937331938641396,0.6281535645669298,1.0,0.20662144533372673,0.9408307278476512,0.7142857142857143,0.0,0.12018100745705072,0.0,ahead_vae,ahead,False,0.06571464240550995,2.0761899948120117,1.5229721069335938,1.9222151041030884,vae_candidate_pool_v1,belief_limited_heuristic_v1,386
VAE001029,vae_candidate_001029,0.691889048749349,-1664.96240234375,-4456.431640625,4636.438821479966,1.127647183544284,-0.05198583598612523,5.65689166669984,22,8314.020403330222,2138.5325503127283,1.2373590237549277,1.9619596340593841,5146.838569318896,0.2831005887245319,0.38848795267034314,0.9800969774269942,0.9244661581797313,1.0,0.15466987796936596,0.9960680090776735,0.5238095238095238,0.0,0.12282093851751391,0.0,astern_vae,astern,False,0.09274394810199738,2.112736701965332,1.5055221319198608,1.694475531578064,vae_candidate_pool_v1,belief_limited_heuristic_v1,387
VAE000735,vae_candidate_000735,0.6915522684635097,-385.48779296875,-689.0272827148438,773.7937400199003,1.0906102812391467,-0.01381608892620196,4.379160842871705,28,8554.263806338095,2359.4161406733056,1.38730146806571,2.037166283424445,5953.843620182477,0.00813467330434059,0.6065826240738564,0.9999834568637838,0.8932064072555876,1.0,0.17341268350821376,0.8469700331563995,0.6666666666666666,1.0,0.1920364650619732,0.1920364650619732,inside_convoy_envelope,inside,True,0.05170176923274994,0.8386261463165283,1.5277111530303955,1.1582857370376587,vae_candidate_pool_v1,belief_limited_heuristic_v1,388
VAE000146,vae_candidate_000146,0.6914995201586217,1841.274169921875,544.7356567382812,1796.4836901050107,-2.8616494221701494,0.07170254143792115,4.791648554125974,26,8097.391150375561,2723.227556773795,1.1790827784441704,-0.20824068998172257,8485.453418563899,0.7406098503527918,0.9334639657130863,0.8690286033548098,0.20673891853775073,1.0,0.1473853473055213,0.8506957287116808,0.6190476190476191,0.0,0.12469872359415882,0.0,ahead_vae,ahead,False,0.05217484384775162,1.6954011917114258,1.513044834136963,1.9068931341171265,vae_candidate_pool_v1,belief_limited_heuristic_v1,389
VAE000081,vae_candidate_000081,0.6914486386132429,1602.241455078125,-4491.4521484375,4652.911519071852,1.8955442653006762,-0.101489526402734,5.56161812473549,25,8401.230128000987,2447.6159606847364,1.2157767979678669,1.144558861886383,5702.092868592148,0.054991712489850235,0.38309485820397066,0.9992441683932981,0.9105278030402428,1.0,0.15197209974598336,0.9039300232982443,0.5952380952380952,0.0,0.1140222211930476,0.0,ahead_vae,ahead,False,0.1150006353855133,1.6178207397460938,2.0307793617248535,1.373018503189087,vae_candidate_pool_v1,belief_limited_heuristic_v1,390
VAE001108,vae_candidate_001108,0.6906139776272016,1913.687255859375,677.0877075195312,2129.8397809014946,-2.7935315568395542,-0.09278939815088469,5.475749456258707,31,8446.653477958465,2253.7744362608537,1.628420524578097,-0.4408504949011236,8600.766519878232,1.4696173367187113,0.9862976651983569,0.5505032235132936,0.42670879759973146,1.0,0.20355256557226212,0.9984676044526262,0.7380952380952381,0.0,0.129241511412794,0.0,ahead_vae,ahead,False,0.08384903520345688,1.7982592582702637,2.489838123321533,1.9240525960922241,vae_candidate_pool_v1,belief_limited_heuristic_v1,391
VAE000935,vae_candidate_000935,0.6906054218877521,2732.537109375,1018.7146606445312,2835.641817727321,-2.733988039309936,-0.04052618899579639,5.053566422893696,21,8489.786003008267,2512.02567607039,0.9846876187529136,-0.4481308032756537,8739.907011259022,1.2912010356300787,0.9647599612780879,0.6379833391578532,0.4332816624551345,1.0,0.1230859523441142,0.9692434495155102,0.5,0.0,0.11738502788803433,0.0,ahead_vae,ahead,False,0.07184238731861115,1.0523459911346436,2.8509726524353027,1.7368290424346924,vae_candidate_pool_v1,belief_limited_heuristic_v1,392
VAE000543,vae_candidate_000543,0.6903368473279528,3687.655517578125,-1522.659423828125,3875.328739191729,2.7907636990963485,-0.00336604446827835,4.87508516049354,38,8072.286315200862,2143.0686297445836,2.19659990270303,0.3474629100251658,8319.62732650638,0.036903880963662594,0.6626855993875935,0.9996595645315735,0.3405134333337478,1.0,0.27457498783787876,0.8655902957340063,0.9047619047619048,0.0,0.12395746863269914,0.0,ahead_vae,ahead,False,0.05411168560385704,1.2369427680969238,2.511121988296509,1.588011384010315,vae_candidate_pool_v1,belief_limited_heuristic_v1,393
VAE001201,vae_candidate_001201,0.6898905015847571,3381.285888671875,-2689.65771484375,4427.512086945684,2.41199532173207,0.032338578025281055,5.2134116238519566,35,8210.767878922297,2321.8128853544945,1.8359339489902011,0.761935909883005,7543.300168026921,0.007875191680262628,0.45974198836306046,0.999984495419131,0.6903233704795566,1.0,0.22949174362377514,0.889380460388547,0.8333333333333334,0.0,0.11762316017853536,0.0,ahead_vae,ahead,False,0.05738739296793938,2.3380978107452393,2.0863468647003174,1.7809631824493408,vae_candidate_pool_v1,belief_limited_heuristic_v1,394
VAE000338,vae_candidate_000338,0.6893714051831749,-359.906494140625,4721.849609375,4702.7153473374265,-1.4507955763293474,-0.03339303585494157,4.903017359067952,24,8509.03704247956,2327.731638456666,1.2117078400368355,-1.7241901131153872,3600.5207474941644,0.20776631533961076,0.3670113278305591,0.9892470540753348,0.9882582235986844,0.8572668446414677,0.15146348000460444,0.9999956041060373,0.5714285714285714,0.0,0.1169656324463342,0.0,port_vae,port,False,0.08708349615335464,2.193999767303467,1.4911701679229736,1.303333044052124,vae_candidate_pool_v1,belief_limited_heuristic_v1,395
VAE000197,vae_candidate_000197,0.6885508917417799,-456.43096923828125,-4721.18212890625,4465.082903246195,1.468015906120249,-0.002951367694964528,5.3419159979877,27,8378.083661000568,2323.4711685941697,1.3870169985447358,1.6706253797745803,3146.8907610119613,0.5155208533824425,0.4465712094177488,0.9350180329087416,0.9950212169646009,0.7492597050028479,0.17337712481809198,0.9121484118537094,0.6428571428571429,0.0,0.11744490675421725,0.0,starboard_vae,starboard,False,0.060804057866334915,1.515226125717163,1.990729808807373,1.1339044570922852,vae_candidate_pool_v1,belief_limited_heuristic_v1,396
VAE000478,vae_candidate_000478,0.6885374679884916,-3198.77197265625,2071.556640625,3860.0468534743127,-0.5255073640086703,-0.036108755577145255,4.945213434997851,25,8275.076492966984,2594.7078743243796,1.1643392072488272,-2.652194045158268,8523.472329010472,0.27444361493569286,0.668328925544425,0.9812880666570836,0.47009517555532937,1.0,0.1455424009061034,0.8402536727125623,0.5952380952380952,0.0,0.11216469689952052,0.0,astern_vae,astern,False,0.05085935443639755,0.7132107019424438,2.4603278636932373,1.2806075811386108,vae_candidate_pool_v1,belief_limited_heuristic_v1,397
VAE000863,vae_candidate_000863,0.6884260612849753,2623.258544921875,-4216.984375,4905.335290813459,2.0699227759319943,0.1272030820746502,4.481407121749275,33,8395.096940830026,2165.6889576444914,1.815064832534742,1.198872959732449,5068.466159902648,0.039029358134008874,0.30528098350670335,0.9996192256404333,0.9316301023259581,1.0,0.22688310406684276,0.9579027344815888,0.7857142857142857,0.0,0.1216000476238068,0.0,ahead_vae,ahead,False,0.10536432266235352,0.7291711568832397,1.4971842765808105,1.9294847249984741,vae_candidate_pool_v1,belief_limited_heuristic_v1,398
VAE000447,vae_candidate_000447,0.6882796355052392,2473.250732421875,-3728.14599609375,4567.784650260079,2.1017815369899,-0.008183154391623966,5.7433333346814495,19,8228.727625759826,2605.332908130852,0.8862529394045013,1.0316279622082691,6460.543868741838,0.10727207567982533,0.41134020874931343,0.9971259330933846,0.858135958409353,1.0,0.11078161742556267,0.993567326155429,0.4523809523809524,0.0,0.11073220144834844,0.0,ahead_vae,ahead,False,0.08025605231523514,1.476676106452942,1.930567979812622,1.6939092874526978,vae_candidate_pool_v1,belief_limited_heuristic_v1,399
VAE000744,vae_candidate_000744,0.688278644031781,-2101.47607421875,-3822.946533203125,4485.08269706347,1.050710966531873,-0.02552355228275861,5.086007481860693,23,8564.685267627465,2562.736403610849,1.0478822638024163,2.065358134775162,6320.854769516272,0.464771533966328,0.4396189925463898,0.9469619958287014,0.8801767804258682,1.0,0.13098528297530204,0.9148760895665805,0.5476190476190477,0.0,0.11157075017780153,0.0,astern_vae,astern,False,0.06123725324869156,1.894805908203125,2.9478583335876465,1.7018860578536987,vae_candidate_pool_v1,belief_limited_heuristic_v1,400
VAE001131,vae_candidate_001131,0.6876141172479519,64.49630737304688,4680.02734375,4495.889209771208,-1.5774135119515238,0.027293065184085124,5.310445767733544,25,8074.409951313053,2751.6989200329913,1.1251963113892463,-1.5368860764541843,3023.8697661605465,0.41265272571748385,0.4358802094997311,0.9580300979873362,0.9994251025538737,0.7199689919429872,0.14064953892365578,0.9158443490325407,0.5952380952380952,0.0,0.10813002052025153,0.0,port_vae,port,False,0.06139245629310608,1.5767935514450073,2.0210652351379395,1.4308382272720337,vae_candidate_pool_v1,belief_limited_heuristic_v1,401
VAE000853,vae_candidate_000853,0.6872847061140805,1202.272216796875,4891.33349609375,4767.327910067887,-1.8328235743195196,-0.09160124423004404,4.752196164192053,26,8106.7939344180795,2471.400036866087,1.2977205001907006,-1.4003703235003175,3810.525943215677,0.27591311033990484,0.3466627347869186,0.981088422062976,0.985512605242281,0.9072680817180184,0.16221506252383758,0.9639108170086153,0.6190476190476191,0.0,0.11347060977788678,0.0,port_vae,port,False,0.07053574919700623,0.7408072352409363,2.94913387298584,1.8873815536499023,vae_candidate_pool_v1,belief_limited_heuristic_v1,402
VAE000891,vae_candidate_000891,0.6872679691241559,824.1537475585938,5010.8515625,4840.082213923872,-1.6734893496824172,0.11079367506045783,4.959654562328512,28,8443.01015864234,2435.6381992545,1.3615949840179276,-1.357309628846918,4169.154459109741,0.252914986080875,0.3244836667683063,0.9840935635715963,0.9772981345063229,0.9926558235975573,0.17019937300224094,0.9154788199443777,0.6666666666666666,0.0,0.11406979363843829,0.0,port_vae,port,False,0.06133377552032471,1.9903793334960938,2.9097373485565186,1.2054059505462646,vae_candidate_pool_v1,belief_limited_heuristic_v1,403
VAE000864,vae_candidate_000864,0.6871259473409675,-3411.150634765625,1948.3798828125,4047.4729271192023,-0.5408443907131595,0.02799667161017425,5.654627304306315,25,8356.710094868806,2511.18617755522,1.1913126689608144,-2.5727515912664596,8393.409378647897,0.234020853019082,0.5986518575791241,0.9863709313068921,0.5386559757925299,1.0,0.1489140836201018,0.9173536953322269,0.5952380952380952,0.0,0.11351684380276891,0.0,astern_vae,astern,False,0.06163593381643295,1.823244571685791,2.4861950874328613,1.126427173614502,vae_candidate_pool_v1,belief_limited_heuristic_v1,404
VAE000336,vae_candidate_000336,0.6860194923013038,888.7942504882812,-4778.49365234375,4777.277395807982,1.7428075591874368,0.0007375061264222141,4.6438886560081025,31,8253.196914631348,2458.6719084835927,1.527702915536457,1.399522600528779,3829.3526722503966,0.29857993322928467,0.343582981732474,0.977877592074723,0.9853684754703493,0.9117506362500944,0.19096286444205712,0.865363892505597,0.7380952380952381,0.0,0.11368196383485103,0.0,starboard_vae,starboard,False,0.05408165603876114,1.19851815700531,1.486069679260254,1.8813118934631348,vae_candidate_pool_v1,belief_limited_heuristic_v1,405
VAE000482,vae_candidate_000482,0.6856845652734542,-608.8551635742188,-665.0060424804688,984.3830199538053,0.8196492062528963,-0.03572965632330734,5.3716433524052185,34,8427.031844219648,2045.7683693461074,1.9721857773879352,2.2862137910135902,7071.750586670612,0.6839173497564403,0.6846670773361354,0.8875517783438425,0.7548194786094242,1.0,0.2465232221734919,0.8133170211267298,0.8095238095238095,1.0,0.17341952656868317,0.17341952656868317,inside_convoy_envelope,inside,True,0.04759770631790161,0.6906240582466125,2.4846436977386475,1.527227759361267,vae_candidate_pool_v1,belief_limited_heuristic_v1,406
VAE000968,vae_candidate_000968,0.6855358697079454,-1473.6513671875,222.33786010742188,1694.9250044480727,-0.13202991473545375,-0.05805193955931715,4.804424133709685,27,8058.137247490301,2425.4672548238805,1.3814452844519536,-3.0676146784136566,8215.364791328819,0.488854216146471,0.910305003464533,0.941435757431762,0.0739105165906381,1.0,0.1726806605564942,0.9410062129865495,0.6428571428571429,0.0,0.13232887577739394,0.0,astern_vae,astern,False,0.06574761867523193,2.1590962409973145,1.5143611431121826,1.6543270349502563,vae_candidate_pool_v1,belief_limited_heuristic_v1,407
VAE000548,vae_candidate_000548,0.6852793771889477,3539.131591796875,131.2720947265625,3402.485056260641,-3.134140089608796,-0.0657332435844139,4.74512129543278,32,7902.174543288019,2615.1441670574336,1.5484875738408472,-0.07318580756541115,8072.241951871268,0.12482911586012113,0.8269784734411352,0.9961094788385148,0.07312049254762104,1.0,0.1935609467301059,0.9116149884353013,0.7619047619047619,0.0,0.11318809104107895,0.0,ahead_vae,ahead,False,0.06072001904249191,0.6645229458808899,1.518093466758728,1.4394195079803467,vae_candidate_pool_v1,belief_limited_heuristic_v1,408
VAE000013,vae_candidate_000013,0.6851035494282952,3464.129150390625,-2820.052978515625,4417.657677147553,2.4452851577470955,0.07721794432045385,4.60131442054703,26,8213.23417752686,2310.612499408677,1.3700361412849416,0.7735254401631518,7490.511889932147,0.12206734209851035,0.463219456888576,0.996279514180499,0.6986618584594059,1.0,0.1712545176606177,0.9951373603179023,0.6190476190476191,0.0,0.11794197593813348,0.0,ahead_vae,ahead,False,0.08117372542619705,0.8382363319396973,2.5334417819976807,1.4549025297164917,vae_candidate_pool_v1,belief_limited_heuristic_v1,409
VAE000481,vae_candidate_000481,0.684648363270919,2759.865478515625,-170.80206298828125,2880.664754152117,3.0606165807662262,0.0189956165985487,4.726595015640442,25,8374.561931495144,2095.8114982195175,1.4243794238813616,0.09997168942211612,8541.920655468415,0.8083376308270156,0.957265406047697,0.8453507561819609,0.09980524746390834,1.0,0.1780474279851702,0.991974754414397,0.5952380952380952,0.0,0.1284673989845216,0.0,ahead_vae,ahead,False,0.07943305373191833,0.677170991897583,2.9431838989257812,1.1617424488067627,vae_candidate_pool_v1,belief_limited_heuristic_v1,410
VAE000895,vae_candidate_000895,0.684172487182157,-3059.81103515625,3116.5146484375,4317.82959304603,-0.8008288436902777,0.015526704212432022,6.3340055453475115,23,8403.318728852199,2432.668038806601,1.1251078389921811,-2.3252371056870835,7527.850723480074,0.3754475439425392,0.4989310344131243,0.9651718028388975,0.7286546571756327,1.0,0.14063847987402264,0.9333219041587437,0.5476190476190477,0.0,0.1148494069130371,0.0,astern_vae,astern,False,0.06434258818626404,1.233096957206726,1.4965698719024658,1.1691114902496338,vae_candidate_pool_v1,belief_limited_heuristic_v1,411
VAE000524,vae_candidate_000524,0.6840262499691803,1905.06787109375,-1148.4029541015625,2390.0973091237424,2.636780513683519,0.05911702995576095,5.027023887996298,23,8324.265176977904,2188.133500105771,1.2627230674082548,0.5639291698620357,8204.929713027996,1.5644522046520317,0.9999814626885306,0.50317203979335,0.5345110982819926,1.0,0.15784038342603185,0.9205645940734767,0.5476190476190477,0.0,0.12861835092912682,0.0,ahead_vae,ahead,False,0.06216038390994072,0.641242504119873,2.9076614379882812,1.0579557418823242,vae_candidate_pool_v1,belief_limited_heuristic_v1,412
VAE000027,vae_candidate_000027,0.6839917284866139,-640.3912963867188,4625.11181640625,4681.93972789011,-1.4986521960181378,0.0024719299270166296,4.099995971862241,31,8318.401761933552,2424.962997155344,1.5367976428365084,-1.6404685276446387,2998.172317184808,0.3951908820408421,0.37367939790429994,0.9614615472880105,0.9975738738642271,0.7138505517106686,0.19209970535456355,0.9992273205061608,0.7380952380952381,0.0,0.1145746903442867,0.0,port_vae,port,False,0.08484023809432983,1.8518354892730713,2.380859136581421,1.256635308265686,vae_candidate_pool_v1,belief_limited_heuristic_v1,413
VAE001104,vae_candidate_001104,0.6837031981962584,3510.804443359375,-1276.9656982421875,3944.590151663614,2.760250758809069,0.02913368089978524,4.6507881526526305,27,8438.116648259902,2604.899900314121,1.228364340273805,0.4104755756805097,8776.645439219084,0.2113049507227691,0.636994606742823,0.9888790260809219,0.39904544325022323,1.0,0.15354554253422562,0.9955916575765374,0.6428571428571429,0.0,0.11169345027835982,0.0,ahead_vae,ahead,False,0.08146597445011139,0.7581598162651062,2.5290348529815674,1.924966812133789,vae_candidate_pool_v1,belief_limited_heuristic_v1,414
VAE000269,vae_candidate_000269,0.6835833540350024,-3037.621826171875,-383.6407775878906,3122.1450706990645,0.1290192408490694,0.09619157892210438,5.892035438359004,29,8187.339407400793,2225.3651156084115,1.5916732868322885,3.108764991662828,8255.96865165148,0.27879335062408106,0.9061222914859814,0.980694101475571,0.032821766093534946,1.0,0.19895916085403606,0.8153206382616812,0.6904761904761905,0.0,0.12344125001797708,0.0,astern_vae,astern,False,0.04783459007740021,1.859520435333252,1.842123031616211,1.780347228050232,vae_candidate_pool_v1,belief_limited_heuristic_v1,415
VAE000824,vae_candidate_000824,0.6834723258683406,-1059.267333984375,-760.8406372070312,1246.0088591642937,0.6368947844715088,-0.09906321202714598,5.0283224989396285,22,8277.83462196986,2724.637694551461,0.9754323943593817,2.405634657091138,7964.474154105286,0.8981323111575117,0.7774481775521941,0.8115359470902279,0.6712975190754518,1.0,0.12192904929492271,0.8716701236050628,0.5238095238095238,1.0,0.1426048966601137,0.1426048966601137,inside_convoy_envelope,inside,True,0.054925527423620224,2.1758460998535156,1.5080984830856323,1.780151605606079,vae_candidate_pool_v1,belief_limited_heuristic_v1,416
VAE000376,vae_candidate_000376,0.6833908693996247,3654.145263671875,-955.0453491210938,3672.972479473712,2.8912600652839817,-0.04806301286892492,4.787455754951901,31,8320.917061611402,2648.5534774859207,1.406636084917736,0.2022695754368871,8683.356105889687,0.24592662559858702,0.736147376734936,0.9849560748041251,0.2008931522471363,1.0,0.175829510614717,0.9977115889515484,0.7380952380952381,0.0,0.1115237821207047,0.0,ahead_vae,ahead,False,0.09144344925880432,1.9587260484695435,1.8674530982971191,1.8401727676391602,vae_candidate_pool_v1,belief_limited_heuristic_v1,417
VAE000701,vae_candidate_000701,0.6833165151698075,-1371.27734375,-569.3783569335938,1226.808833648132,0.4076076085746887,-0.10451294130424284,4.97622711559634,25,8302.20334512161,2145.4537127119597,1.4035487221087863,2.629472103710862,8288.421526895727,0.7949764180423753,0.7709091201767002,0.8501508000738012,0.49002684615525727,1.0,0.1754435902635983,0.8987497317276443,0.5952380952380952,0.0,0.15468622807836938,0.0,astern_vae,astern,False,0.05875413492321968,0.7737537622451782,1.512338399887085,1.430004358291626,vae_candidate_pool_v1,belief_limited_heuristic_v1,418
VAE000129,vae_candidate_000129,0.6833139884141296,3140.918701171875,2443.719482421875,4151.239648602721,-2.4332194193015466,0.06314387749437377,4.906875829774075,27,8350.595468427293,2580.1217017771637,1.253158854299461,-0.6452293567938727,8223.445241845659,0.18589077721418468,0.56004229621119,0.9913860026495578,0.6013817016600814,1.0,0.15664485678743262,0.8144641342820125,0.6428571428571429,0.0,0.11184335784135524,0.0,ahead_vae,ahead,False,0.04773322492837906,1.139249563217163,2.9449076652526855,1.177299976348877,vae_candidate_pool_v1,belief_limited_heuristic_v1,419
VAE000302,vae_candidate_000302,0.6829557886029501,3757.685302734375,1949.5819091796875,4106.4087082889455,-2.658455670452173,0.030111812611655703,4.458534463816662,32,8499.388573134143,2730.427403579003,1.378896469423657,-0.4530251705259645,8837.105001240652,0.015212390633297712,0.5766956725645423,0.9999421469084995,0.4376875456644915,1.0,0.17236205867795712,0.9893184470509794,0.7619047619047619,0.0,0.10893955603095533,0.0,ahead_vae,ahead,False,0.07822310924530029,0.7524773478507996,2.9499125480651855,1.458847999572754,vae_candidate_pool_v1,belief_limited_heuristic_v1,420
VAE000029,vae_candidate_000029,0.6825059086208108,-1596.352294921875,-21.285825729370117,1690.82656350403,0.09254767755117604,-0.015383958927522241,3.6591258486209695,25,8007.036313403856,2435.5338433851125,1.2819587228887712,3.033661017111095,8222.804709901178,0.449581160572213,0.909308135268884,0.9503146020408195,0.10772220494555029,1.0,0.1602448403610964,0.8443808067923648,0.5952380952380952,0.0,0.13223297562977343,0.0,astern_vae,astern,False,0.05137546360492706,1.757953405380249,2.952174425125122,1.7403689622879028,vae_candidate_pool_v1,belief_limited_heuristic_v1,421
VAE000616,vae_candidate_000616,0.6823411195259884,1771.7646484375,-1511.02392578125,2327.7758572501853,2.4767086076390634,0.05162045737056935,5.1328726717518345,25,7940.803058026824,2088.6277115708644,1.507351535606673,0.7165045033213,7359.919216960894,1.8023326687235015,0.9990144128920108,0.3852634307995416,0.6567527145530718,1.0,0.1884189419508341,0.9420164659300966,0.5952380952380952,0.0,0.1324413266455104,0.0,ahead_vae,ahead,False,0.06593833118677139,0.7252483367919922,2.502680540084839,1.802739143371582,vae_candidate_pool_v1,belief_limited_heuristic_v1,422
VAE000492,vae_candidate_000492,0.6812005017444024,-597.6687622070312,-5062.81689453125,4892.7060674251225,1.4074898454000413,0.0818297172387557,6.174562286052797,31,7915.007250717003,2297.0684640367754,1.7050473233268286,1.8159325254285072,4149.276821139019,0.4188944789895326,0.30894547901211616,0.9567695849953102,0.9701042801346711,0.9879230526521474,0.21313091541585358,0.9365094959876661,0.7380952380952381,0.0,0.1178960106012777,0.0,starboard_vae,starboard,False,0.06491608917713165,0.7277417778968811,1.513075590133667,1.0645840167999268,vae_candidate_pool_v1,belief_limited_heuristic_v1,423
VAE000999,vae_candidate_000999,0.6810099798304844,1448.662841796875,4359.033203125,4761.844577305598,-1.8826419114129334,0.05645608818112075,5.272170919522132,22,8321.174507258796,2119.781342186011,1.2472312553517664,-1.202494653995739,4973.514165383074,0.20340582664348794,0.3483662504692101,0.9896921308188185,0.9329401420724737,1.0,0.1559039069189708,0.9637337749316002,0.5238095238095238,0.0,0.12330766842620712,0.0,ahead_vae,ahead,False,0.07049399614334106,0.6048282384872437,2.516911029815674,1.0798914432525635,vae_candidate_pool_v1,belief_limited_heuristic_v1,424
VAE000658,vae_candidate_000658,0.6809904968618278,3302.279052734375,-412.2551574707031,3290.150933346197,3.0425940769169224,-0.018195919963066864,5.9071816647334785,32,8313.182222105885,2622.8834016498135,1.4675864500713276,0.08080265670980438,8497.763711489784,0.5960196750541855,0.8608920665413853,0.9137882658078231,0.08071475771833946,1.0,0.18344830625891595,0.9695895349378907,0.7619047619047619,0.0,0.11319641603474259,0.0,ahead_vae,ahead,False,0.07193077355623245,2.040759325027466,2.936147451400757,1.5129140615463257,vae_candidate_pool_v1,belief_limited_heuristic_v1,425
VAE000090,vae_candidate_000090,0.6809006591433131,-877.1421508789062,-5105.201171875,5007.934210653687,1.3708306426469454,0.02356797752757658,5.194534784593951,30,8386.208403585011,2645.0178524163157,1.352467993913984,1.7943299884704251,4438.23773980785,0.3238284690619708,0.27645867631248394,0.9740120780663282,0.9751202083852819,1.0,0.169058499239248,0.9924310435954006,0.7142857142857143,0.0,0.10932669755533317,0.0,starboard_vae,starboard,False,0.09487304836511612,1.7334935665130615,2.9607810974121094,1.2832878828048706,vae_candidate_pool_v1,belief_limited_heuristic_v1,426
VAE000986,vae_candidate_000986,0.6808831280978558,47.15008544921875,-4394.66259765625,4519.889285362231,1.6192447730368307,0.07588774492991411,4.971385743932179,25,8259.27344024248,2144.401158704674,1.4115365589043378,1.5982356254828762,2370.1941665856684,0.19771859637142672,0.4276225830425807,0.9902586359274199,0.9996235660632118,0.5643319444251591,0.17644206986304223,0.9929243242490969,0.5952380952380952,0.0,0.12279414675325334,0.0,starboard_vae,starboard,False,0.09462009370326996,0.6835775375366211,1.501364827156067,1.2253501415252686,vae_candidate_pool_v1,belief_limited_heuristic_v1,427
VAE001153,vae_candidate_001153,0.680628246998948,727.6295166015625,-4730.775390625,4611.119134751051,1.7494408683717813,0.09915062839570342,5.10722254065052,27,8028.8466877270475,2475.4067161469134,1.3585137367309112,1.4913024136137152,3105.161883347869,0.3666665067937227,0.3968465334788634,0.9667638029354173,0.996842022421789,0.7393242579399688,0.1698142170913639,0.899016338316353,0.6428571428571429,0.0,0.1136119285248307,0.0,starboard_vae,starboard,False,0.058793772011995316,1.263790249824524,2.9636218547821045,1.2586321830749512,vae_candidate_pool_v1,belief_limited_heuristic_v1,428
VAE000979,vae_candidate_000979,0.6803649249525973,-194.94964599609375,4715.083984375,4641.983796899216,-1.5414808809673837,0.08623261543296057,4.216429149096505,29,8471.338287701175,2616.5796927282695,1.3083140536672888,-1.5138791571894488,3094.2468542546258,0.44330159655773,0.3866685550094762,0.9516702271834383,0.9983806551371758,0.7367254414891966,0.1635392567084111,0.9401207653458555,0.6904761904761905,0.0,0.11028221962556822,0.0,port_vae,port,False,0.06558167934417725,1.1931560039520264,2.3114521503448486,1.5091824531555176,vae_candidate_pool_v1,belief_limited_heuristic_v1,429
VAE000688,vae_candidate_000688,0.6803077822585579,-3216.171630859375,-2937.703369140625,4268.860755780698,0.7300052720383557,0.09181695781874627,3.9777950165090403,28,8195.716272444593,2199.8397175919963,1.553030830414142,2.5034043393701837,7893.141066932119,0.18265332442734164,0.5167301451590447,0.9916826033065671,0.5957413166194685,1.0,0.19412885380176775,0.9452439085531982,0.6666666666666666,0.0,0.12140111102271064,0.0,astern_vae,astern,False,0.10797497630119324,2.2197046279907227,1.5104687213897705,1.9331650733947754,vae_candidate_pool_v1,belief_limited_heuristic_v1,430
VAE000284,vae_candidate_000284,0.6802687933282296,811.2999877929688,-4791.48779296875,4739.040290663059,1.740632704980358,0.022120509055792457,5.019534140130073,26,8157.635515539767,2580.4751501637975,1.2351206129030143,1.4230804576652274,3753.0081242416272,0.2568213404971593,0.35549780759816385,0.9836011330797126,0.9891098345570969,0.8935733629146732,0.1543900766128768,0.8408825775654853,0.6190476190476191,0.0,0.11106348549318996,0.0,starboard_vae,starboard,False,0.05093768984079361,1.2877823114395142,2.9795355796813965,1.781821608543396,vae_candidate_pool_v1,belief_limited_heuristic_v1,431
VAE000381,vae_candidate_000381,0.6802145677822474,3538.988037109375,1161.4110107421875,3755.2635900045298,-2.8258612086693997,0.005306471919895423,4.979283208854764,24,8276.221701347298,2554.3434937063944,1.1352717406412212,-0.310424973000498,8660.908359618667,0.21323191844049338,0.7066571153129239,0.9886760412977299,0.3054633249388234,1.0,0.14190896758015265,0.9635367835554627,0.5714285714285714,0.0,0.11324632628157,0.0,ahead_vae,ahead,False,0.104085274040699,1.4770309925079346,1.897468090057373,1.5616230964660645,vae_candidate_pool_v1,belief_limited_heuristic_v1,432
VAE000011,vae_candidate_000011,0.6800825624669073,614.6226196289062,4504.19580078125,4537.735752943583,-1.6617738531654587,0.047056536890539465,4.700921024975157,18,7831.639657733502,2420.2966458877045,0.9496229661479367,-1.4327622635337949,3474.879209558687,0.2695293640419778,0.4215242750939166,0.9819481615148686,0.990488415425784,0.8273521927520683,0.11870287076849209,0.8436753416654104,0.42857142857142855,0.0,0.11513489312080762,0.0,port_vae,port,False,0.05128689855337143,1.5397061109542847,2.023693084716797,1.0849088430404663,vae_candidate_pool_v1,belief_limited_heuristic_v1,433
VAE000712,vae_candidate_000712,0.6791733235519799,-1192.8974609375,-703.9764404296875,1238.3690555800572,0.5326856850024971,-0.05355215699096531,5.192181675704088,23,8640.129572161895,2443.959601140523,1.089214860349979,2.5553548115963305,8549.5432180229,0.9309197632677176,0.7748525661737398,0.7985482144709113,0.5532309628425766,1.0,0.13615185754374737,0.8769470977563167,0.5476190476190477,0.0,0.1473798323266987,0.0,astern_vae,astern,False,0.05564412474632263,0.9673947691917419,2.099470376968384,1.4372875690460205,vae_candidate_pool_v1,belief_limited_heuristic_v1,434
VAE001193,vae_candidate_001193,0.6789872840059167,2266.228515625,1744.712158203125,2942.259116044398,-2.50250079787056,0.06296213296154941,5.346115436403146,33,8731.13841792107,2851.5493150620214,1.3254464303471498,-0.5761297227576839,8875.209377408977,1.6407337165411653,0.9459315626120313,0.4650598048603759,0.5447824980831661,1.0,0.16568080379339373,0.9165019761579561,0.7857142857142857,0.0,0.11048833212297443,0.0,ahead_vae,ahead,False,0.061498306691646576,2.183663845062256,2.6010334491729736,1.7874587774276733,vae_candidate_pool_v1,belief_limited_heuristic_v1,435
VAE000501,vae_candidate_000501,0.6789383072894272,3089.97314453125,162.157958984375,3120.0501515318174,-3.054022395687057,0.005502306191355312,4.6232645351602475,21,8255.680579934093,2768.9731391148507,0.9186449047455344,-0.08206795171138068,8454.883515068726,0.5705677801698474,0.906639953730149,0.9207972235494108,0.08197585941992824,1.0,0.1148306130931918,0.9636368356290633,0.5,0.0,0.1112278769826044,0.0,ahead_vae,ahead,False,0.07047117501497269,1.0927424430847168,2.933131217956543,1.9239847660064697,vae_candidate_pool_v1,belief_limited_heuristic_v1,436
VAE001036,vae_candidate_001036,0.6788512752775179,1702.046142578125,957.7420043945312,1968.9017136223592,-2.642764359946334,-0.003884316164527368,4.905982095608691,32,8164.483020192995,2434.6926033044056,1.6098193815504296,-0.5027126098079863,8327.4091047953,1.5954502657486158,0.9654784296957354,0.48767427924152046,0.48180431088359577,1.0,0.2012274226938037,0.971712757315861,0.7619047619047619,0.0,0.1270772425065372,0.0,ahead_vae,ahead,False,0.10204906016588211,2.1728010177612305,1.950460433959961,1.1181665658950806,vae_candidate_pool_v1,belief_limited_heuristic_v1,437
VAE000538,vae_candidate_000538,0.6787016853148371,-1087.939208984375,-4520.66162109375,4680.426224121652,1.2387930856101101,0.023132163683482462,4.78436071507525,28,8522.159451598345,1913.3574334167915,1.7171659480445873,1.9259317316631652,4757.265288637727,0.4221802021979516,0.37416748866273847,0.9560988853485035,0.9375994147962473,1.0,0.21464574350557342,0.8225356888073418,0.6666666666666666,0.0,0.13126165404074489,0.0,starboard_vae,starboard,False,0.04869474470615387,0.8425853848457336,2.432877779006958,1.3537579774856567,vae_candidate_pool_v1,belief_limited_heuristic_v1,438
VAE000153,vae_candidate_000153,0.6781833039766576,-1281.423095703125,-2387.936279296875,2897.0075661488936,1.095524652047104,0.04705719228422127,5.036465856573181,21,8362.543477439434,2294.6208363064784,1.094384600122555,2.093125193826911,6160.726782388187,1.8976091955568193,0.9543784438944947,0.3394868866939035,0.866659659591386,1.0,0.13679807501531938,0.7831263816290573,0.5,0.0,0.12237656144592567,0.0,astern_vae,astern,False,0.04411929100751877,1.1299631595611572,2.5262105464935303,1.0796318054199219,vae_candidate_pool_v1,belief_limited_heuristic_v1,439
VAE000865,vae_candidate_000865,0.6771676293508988,-1309.653076171875,339.0582580566406,1286.2231983342174,-0.2623303667561653,0.014564761800098585,5.3969079823948976,25,8146.879331553867,2133.5119881680466,1.4383137671471673,-2.864697525033529,8419.79431251305,0.29688818495006897,0.7909671663156905,0.978125733211274,0.2733703677077063,1.0,0.1797892208933959,0.8357610097031299,0.5952380952380952,0.0,0.15224969629312574,0.0,astern_vae,astern,False,0.0503029003739357,2.2296392917633057,1.9624499082565308,1.3931829929351807,vae_candidate_pool_v1,belief_limited_heuristic_v1,440
VAE000109,vae_candidate_000109,0.6770796319199024,3263.592529296875,-2800.79296875,4477.342834044244,2.406443588341494,-0.04610866787266593,4.417541937716786,31,7920.072012082499,2300.0469114034563,1.7017504321255852,0.6890403973756335,7575.521389964406,0.08550940426862486,0.44230448319521837,0.99817314899211,0.6357967995619934,1.0,0.21271880401569815,0.9999354096504228,0.7380952380952381,0.0,0.11830458193092254,0.0,ahead_vae,ahead,False,0.08656510710716248,1.8773155212402344,2.050757646560669,1.4353313446044922,vae_candidate_pool_v1,belief_limited_heuristic_v1,441
VAE000898,vae_candidate_000898,0.6764693740804354,-888.6753540039062,-4739.32666015625,4642.82587165191,1.367041859783873,-0.10799741694455828,4.825953291012484,38,8263.5886386595,2130.843174178152,2.1580595227968775,1.6665533768613623,2911.1694840010596,0.5254256022198548,0.3863926098160034,0.9325552729453869,0.9954187958660379,0.6931355914288237,0.2697574403496097,0.8401393294296342,0.9047619047619048,0.0,0.12309394053418933,0.0,starboard_vae,starboard,False,0.05084512382745743,2.2822086811065674,1.968914270401001,1.3282581567764282,vae_candidate_pool_v1,belief_limited_heuristic_v1,442
VAE000896,vae_candidate_000896,0.6763793771253914,-1076.971923828125,-1113.2486572265625,1577.0253998476942,0.8208887282557564,0.031173982614573437,4.946397736775425,26,8501.42722750754,2469.8791924851794,1.2382427531592397,2.351877907948611,7739.402948418666,1.3846869559198343,0.879825571477761,0.5925184304805168,0.7101524685753672,1.0,0.15478034414490496,0.8064470926046537,0.6190476190476191,1.0,0.13414704918246226,0.13414704918246226,inside_convoy_envelope,inside,True,0.04679166153073311,1.0637856721878052,1.508838415145874,1.048539638519287,vae_candidate_pool_v1,belief_limited_heuristic_v1,443
VAE000110,vae_candidate_000110,0.6759175285143681,2857.03955078125,304.28546142578125,3041.8680197206186,-3.0854768956888656,-0.01789899852649428,4.5204653763224965,28,8142.997517305099,2457.6398036343844,1.3991217139763725,-0.07401475642742177,8302.438852895226,0.7925675725384118,0.9250737930495685,0.8510095570388031,0.07394719719068514,1.0,0.17489021424704657,0.956036738538905,0.6666666666666666,0.0,0.1177599599939355,0.0,ahead_vae,ahead,False,0.0687628984451294,1.0433496236801147,2.9197447299957275,1.9360809326171875,vae_candidate_pool_v1,belief_limited_heuristic_v1,444
VAE000456,vae_candidate_000456,0.6754499737813404,2020.743896484375,-4420.630859375,4855.013488605588,2.045792273227262,-0.01086571957758231,5.037388945943586,33,8207.056977021994,2256.3655450154984,1.782038292791145,1.0849346607849493,5827.696255869131,0.18450450339357083,0.32003122292690706,0.9915136374229538,0.8842729048398102,1.0,0.2227547865988931,0.8632688874341593,0.7857142857142857,0.0,0.11894814083364558,0.0,ahead_vae,ahead,False,0.05380468815565109,1.390815019607544,2.942296266555786,1.8552651405334473,vae_candidate_pool_v1,belief_limited_heuristic_v1,445
VAE000500,vae_candidate_000500,0.6748700405882596,3639.88525390625,947.9736328125,3702.6528540396625,-2.89860248914399,0.04392820696260882,4.663084064283229,26,7899.55048609589,2600.1682736391053,1.265812890642403,-0.1990619574831942,8257.737181931809,0.0065968556321869265,0.7255858438084108,0.9999891204133974,0.197749899403645,1.0,0.1582266113303004,0.9874356995669111,0.6190476190476191,0.0,0.11263195159139998,0.0,ahead_vae,ahead,False,0.07745377719402313,1.44350004196167,1.968215823173523,1.8989403247833252,vae_candidate_pool_v1,belief_limited_heuristic_v1,446
VAE001008,vae_candidate_001008,0.6747942711154915,439.93084716796875,-4845.47509765625,4829.7844924275905,1.7061594440108183,0.024120537869760258,5.065658248248406,28,8067.160452764967,2306.048935397179,1.5051119967525672,1.4595537474487348,3187.35705119236,0.23928260038893834,0.32757435742965685,0.9857541263268448,0.993818922406808,0.7588945359981809,0.1881389995940709,0.9978976274523522,0.6666666666666666,0.0,0.11763074161713803,0.0,starboard_vae,starboard,False,0.08326304703950882,2.3505568504333496,1.4915854930877686,1.6050022840499878,vae_candidate_pool_v1,belief_limited_heuristic_v1,447
VAE000389,vae_candidate_000389,0.6747888484695828,3098.97802734375,264.2476806640625,3244.464104391971,-3.1599693923258076,-0.07426231765322663,4.725303916894862,29,8147.346280393361,2582.8220314376513,1.378120967718817,-0.05588557891721211,8278.89408503132,0.4967177258387656,0.8738861090284529,0.9395757189431135,0.055856493172203585,1.0,0.17226512096485214,0.8809311440992624,0.6904761904761905,0.0,0.114246243073106,0.0,ahead_vae,ahead,False,0.0561947226524353,2.064875602722168,2.4531142711639404,1.6527469158172607,vae_candidate_pool_v1,belief_limited_heuristic_v1,448
VAE000659,vae_candidate_000659,0.674702119061023,-1447.887939453125,71.25296783447266,1643.4745176076908,-0.00485653873169873,0.097794695020166,4.435803295450344,26,8465.03348154279,2552.5801088682806,1.2032760902491528,-3.0389414198379288,8682.039001763747,0.7027640782642007,0.8974560954399635,0.8815292998503543,0.10247105131628437,1.0,0.1504095112811441,0.997137834039956,0.6190476190476191,0.0,0.13085315496354202,0.0,astern_vae,astern,False,0.09193849563598633,0.8156059980392456,1.976779580116272,1.6771721839904785,vae_candidate_pool_v1,belief_limited_heuristic_v1,449
VAE001099,vae_candidate_001099,0.674580909065483,603.123046875,4546.78857421875,4610.187809380224,-1.6280308951771114,-0.08944819099845239,5.326218820128714,22,8611.68926294826,2779.013557001736,0.9192712220999574,-1.603009949411134,3054.9374971988955,0.30382837045196487,0.39715555452272794,0.9770990650820329,0.9994811861264828,0.7273660707616417,0.11490890276249467,0.8947043659576457,0.5238095238095238,0.0,0.10720914900119088,0.0,port_vae,port,False,0.05815790593624115,1.1325623989105225,2.1215481758117676,1.1363263130187988,vae_candidate_pool_v1,belief_limited_heuristic_v1,450
VAE001113,vae_candidate_001113,0.6745363320725961,-1660.801513671875,-242.6639404296875,1416.558292039263,0.10366390769503386,0.02959874686588893,4.238888587015029,30,8063.793994141031,2591.913794159109,1.4353614478216852,3.067527492760649,8233.481581540464,0.37330829520863956,0.8329118020623801,0.9655629575579192,0.07399746349916948,1.0,0.17942018097771065,0.992006288631798,0.7142857142857143,0.0,0.1372173236089668,0.0,astern_vae,astern,False,0.07944852113723755,0.739111065864563,2.964412212371826,1.558303952217102,vae_candidate_pool_v1,belief_limited_heuristic_v1,451
VAE000137,vae_candidate_000137,0.6742943668383932,2126.068115234375,-4464.42333984375,4713.966400780304,1.999870712848337,-0.0405129770958828,4.347527168331876,25,8248.856084790708,2714.566330067784,1.1164668278231316,1.101208963645573,6153.487110413281,0.004492411525323314,0.3634252765399305,0.9999949545681572,0.8917550898572437,1.0,0.13955835347789144,0.7895512919454487,0.5952380952380952,0.0,0.10840861215783024,0.0,ahead_vae,ahead,False,0.12968644499778748,1.8674700260162354,2.3744282722473145,1.312975287437439,vae_candidate_pool_v1,belief_limited_heuristic_v1,452
VAE000909,vae_candidate_000909,0.6741188328997625,2290.0107421875,98.47388458251953,2216.021890272866,-3.0313937753276963,-0.05387979678079439,5.112337411066407,35,8272.183769559717,2494.9270810230687,1.6958600654398708,-0.16407867504289123,8568.612269212208,1.2478819161779768,0.9936219493770769,0.6586658412750779,0.16334344955817995,1.0,0.21198250817998385,0.9369597072080119,0.8333333333333334,0.0,0.12260455301645189,0.0,ahead_vae,ahead,False,0.06499812006950378,1.2795051336288452,1.9985389709472656,1.8178038597106934,vae_candidate_pool_v1,belief_limited_heuristic_v1,453
VAE001078,vae_candidate_001078,0.6738859672698961,3749.898193359375,1219.2196044921875,3918.7889587229056,-2.8345978832026595,-0.08310850966920905,4.153005159000566,23,8420.085359729928,2676.8343465231537,1.0204455724386328,-0.3901032800563427,8805.439676396083,0.04739281792425132,0.6465835134118803,0.9994385852959256,0.3802839377551144,1.0,0.1275556965548291,0.9238381485555751,0.5476190476190477,0.0,0.11034959727099175,0.0,ahead_vae,ahead,False,0.0627046525478363,0.8117507696151733,2.567429304122925,1.3122990131378174,vae_candidate_pool_v1,belief_limited_heuristic_v1,454
VAE000342,vae_candidate_000342,0.6733738487206542,2212.40625,163.51962280273438,2261.322366500767,-3.0467976149733236,-0.04463718314575242,5.201181127482915,24,8446.952748076636,2416.98999042846,1.1755370595823507,-0.13943222176222198,8700.890999812542,1.1029918889716994,0.9963711586230051,0.7254638508864715,0.13898086908869,1.0,0.14694213244779383,0.9974286864509034,0.5714285714285714,0.0,0.12376300649660289,0.0,ahead_vae,ahead,False,0.0916944295167923,0.8442785739898682,1.5172269344329834,1.3787424564361572,vae_candidate_pool_v1,belief_limited_heuristic_v1,455
VAE000285,vae_candidate_000285,0.672564743556416,3531.11083984375,-1581.884765625,3949.2071302919926,2.6472892837496564,0.019140857813009487,5.347404677633346,26,8144.006616765112,2481.79622873385,1.2863794981783174,0.5134442276531461,8312.910990842589,0.40098859268022435,0.6352769214601492,0.9603377839296452,0.4911802761589399,1.0,0.16079743727228968,0.761856325467764,0.6190476190476191,0.0,0.11448159523490009,0.0,ahead_vae,ahead,False,0.04175407066941261,1.4118359088897705,2.5571608543395996,1.1103017330169678,vae_candidate_pool_v1,belief_limited_heuristic_v1,456
VAE000087,vae_candidate_000087,0.6723338501454001,-999.6619262695312,4651.32373046875,4745.317764703144,-1.3834828130878314,-0.011804507988530376,4.732970350384071,26,8505.982056330826,2822.625408237354,1.0829181662328622,-1.769914348490492,4449.378891841026,0.6419443141549422,0.353527156455476,0.9004665534810383,0.9802414186681586,1.0,0.13536477077910777,0.8813854078075039,0.6190476190476191,0.0,0.10633849290994056,0.0,port_vae,port,False,0.05625796318054199,1.6598663330078125,2.4082491397857666,1.3302134275436401,vae_candidate_pool_v1,belief_limited_heuristic_v1,457
VAE000876,vae_candidate_000876,0.6723030555358455,2189.6025390625,267.0675354003906,2137.35917152631,-2.9890834202993477,-0.014253512971510637,4.799961031156776,30,8175.352385092465,2210.201287522551,1.6602861530845212,-0.16676274626195609,8428.811331209463,1.209529456648742,0.9870449127740885,0.6767298050053747,0.1659908801701377,1.0,0.20753576913556515,0.9915325076588503,0.7142857142857143,0.0,0.13048091455651162,0.0,ahead_vae,ahead,False,0.07921921461820602,1.9181418418884277,1.5286431312561035,1.3307931423187256,vae_candidate_pool_v1,belief_limited_heuristic_v1,458
VAE000991,vae_candidate_000991,0.6722353689537711,2418.032958984375,4180.59423828125,4888.541523273258,-2.110543767177469,-0.10015475245104678,4.949822335768091,23,8259.26568045652,2451.2209220605123,1.1360669995713044,-1.131203638863371,5733.074525435339,0.09959215640589303,0.31015938090435896,0.9975223994718256,0.9049250784491659,1.0,0.14200837494641305,0.9922505370857456,0.5476190476190477,0.0,0.11373119115910163,0.0,ahead_vae,ahead,False,0.09496356546878815,0.713204026222229,2.596174955368042,1.7265030145645142,vae_candidate_pool_v1,belief_limited_heuristic_v1,459
VAE000314,vae_candidate_000314,0.6719034180904092,3481.570068359375,294.71295166015625,3715.1272523969055,-3.013135019348484,-0.06069674388526094,6.238091160058073,34,8148.887689192991,2080.7630716989147,2.00520118766883,-0.1891543781265702,8394.783364175433,0.062104938059432506,0.7211205901208874,0.9990360540570848,0.1880284232901909,1.0,0.2506501484586037,0.8520269513089422,0.8095238095238095,0.0,0.12637252881371389,0.0,ahead_vae,ahead,False,0.12218800187110901,0.6560611128807068,2.954758644104004,1.2177870273590088,vae_candidate_pool_v1,belief_limited_heuristic_v1,460
VAE000557,vae_candidate_000557,0.6704204294674279,-1573.2255859375,-80.0092544555664,1467.4198563516047,-0.004327069387332204,0.03194211957138359,4.947189970042084,34,8113.727508213891,2734.300514850162,1.5325415383238885,-3.1053234646310774,8207.540596287734,0.5117608609211522,0.8483978258302948,0.9359417714121372,0.03626123773968219,1.0,0.19156769229048606,0.9683198623683745,0.8095238095238095,0.0,0.13315281182774458,0.0,astern_vae,astern,False,0.07160880416631699,1.1590220928192139,2.001166820526123,1.3982661962509155,vae_candidate_pool_v1,belief_limited_heuristic_v1,461
VAE000961,vae_candidate_000961,0.6701903925053279,2324.2861328125,-26.49148178100586,2188.0139082892747,3.082865754573911,0.01968945564229487,5.2156302809734765,28,8167.329463547418,2440.546085957786,1.404723808384281,0.07841635465817756,8333.414017323392,1.0573439898831476,0.9915410643249867,0.7455936698884451,0.07833601403978374,1.0,0.17559047604803513,0.9688414233462069,0.6666666666666666,0.0,0.12413391604842419,0.0,ahead_vae,ahead,False,0.07174030691385269,0.6834735870361328,1.9148681163787842,1.6064581871032715,vae_candidate_pool_v1,belief_limited_heuristic_v1,462
VAE000962,vae_candidate_000962,0.6701639204995303,135.69671630859375,-4613.09033203125,4624.728250264919,1.5792119607440553,0.03716479403271733,4.554859697774261,28,8171.6498871708145,2431.0695032724548,1.409453994974897,1.599545486878455,2664.9606259204133,0.3289502018640158,0.39234357699641287,0.9731910009638989,0.9995867713600329,0.6345144347429555,0.17618174937186212,0.8743974765961898,0.6666666666666666,0.0,0.11457116876254159,0.0,starboard_vae,starboard,False,0.05529545247554779,1.210444688796997,1.475621223449707,1.8786052465438843,vae_candidate_pool_v1,belief_limited_heuristic_v1,463
VAE000996,vae_candidate_000996,0.6696814713480065,2733.179931640625,-4126.81982421875,4887.868269072003,2.1133653982275282,0.06300847018478845,5.0193179657116564,30,8393.479847382228,1993.3077257800603,1.7931014124869447,1.091235725547054,5641.120631598547,0.03384053745001525,0.31035588065038544,0.9997137318269338,0.8871977423396463,1.0,0.22413767656086808,0.8783731627320578,0.7142857142857143,0.0,0.12778845199663033,0.0,ahead_vae,ahead,False,0.1186925396323204,0.9082254767417908,1.9618642330169678,1.7012039422988892,vae_candidate_pool_v1,belief_limited_heuristic_v1,464
VAE000880,vae_candidate_000880,0.6696747008844974,-1786.68017578125,186.96359252929688,1937.868107636573,-0.12225699728865841,0.09855531494017183,4.855733162933627,24,8066.224180297265,2534.9839959412943,1.173723315935934,-2.9207803413609628,8425.593087771143,0.9818823942483919,0.9604324539857141,0.7777291186685675,0.21902228442633334,1.0,0.14671541449199174,0.756987448205364,0.5714285714285714,0.0,0.12552725265917156,0.0,astern_vae,astern,False,0.04122080281376839,1.6777642965316772,1.4894939661026,1.20930016040802,vae_candidate_pool_v1,belief_limited_heuristic_v1,465
VAE000173,vae_candidate_000173,0.6696692993908939,-1071.614013671875,4707.751953125,4805.59266626293,-1.3382520231359185,0.02004391992395322,5.545292274387736,23,8330.033685366148,2681.317234764373,1.0297525561314638,-1.7832967105299213,4377.848610245409,0.5635555563380217,0.3348986184102308,0.9226805485271601,0.9775066282409328,1.0,0.12871906951643297,0.9190101110581584,0.5476190476190477,0.0,0.10887687712519156,0.0,port_vae,port,False,0.061905357986688614,0.7762812376022339,1.8947778940200806,1.2167961597442627,vae_candidate_pool_v1,belief_limited_heuristic_v1,466
VAE000133,vae_candidate_000133,0.6696218631059937,1492.948974609375,393.7079162597656,1539.7743639927244,-2.9516686489989317,-0.06431417248188503,4.9885263067955075,25,8143.359936233316,2439.337648920753,1.2585325688319604,-0.2542381770727465,8495.106399696615,0.8005743910762826,0.8694587934482427,0.8481472757510888,0.2515081474228117,1.0,0.15731657110399505,0.8346066078410685,0.5952380952380952,0.0,0.1359576600323325,0.0,ahead_vae,ahead,False,0.050160787999629974,1.9393738508224487,1.9544198513031006,1.4435406923294067,vae_candidate_pool_v1,belief_limited_heuristic_v1,467
VAE000691,vae_candidate_000691,0.6695849368122238,727.091796875,922.734619140625,846.8116201601706,-2.2649077621826676,0.06635745787079406,4.819872703009477,26,8483.260612019963,2371.9158091994627,1.2921450528590475,-0.8103274335363314,7565.666331939838,0.1104470291611559,0.6337953689107025,0.9969534622714764,0.7245129004499058,1.0,0.16151813160738093,0.804519964606942,0.6190476190476191,1.0,0.18122153460082485,0.18122153460082485,inside_convoy_envelope,inside,True,0.04656720533967018,0.8631226420402527,2.9492170810699463,1.4769192934036255,vae_candidate_pool_v1,belief_limited_heuristic_v1,468
VAE000887,vae_candidate_000887,0.6695488870341658,-1674.671875,194.62506103515625,1592.6971031590235,-0.11988643642254225,-0.07348551704694126,4.953874869599679,25,8195.62738127234,2458.3350083293776,1.240842722991472,-3.095191734214192,8300.834261864497,0.42991037716663694,0.884085161746011,0.954501553583387,0.04638427062093617,1.0,0.155105340373934,0.9150380841206142,0.5952380952380952,0.0,0.13408150965470908,0.0,astern_vae,astern,False,0.06126316636800766,2.1908276081085205,1.5174673795700073,1.7994565963745117,vae_candidate_pool_v1,belief_limited_heuristic_v1,469
VAE000223,vae_candidate_000223,0.6694959620552625,3431.689453125,-3433.657470703125,4589.644578030957,2.316691282184469,0.0021710468476552297,4.294647260328292,23,7977.358204106437,2137.4589965936975,1.3488726542111145,0.8270724182529794,6974.004708223736,0.012209189869266892,0.4039997971065659,0.999962734383602,0.7359524576707334,1.0,0.1686090817763893,0.99658518847502,0.5476190476190477,0.0,0.12307679683658575,0.0,ahead_vae,ahead,False,0.09237036108970642,1.437964677810669,1.5157225131988525,1.7709672451019287,vae_candidate_pool_v1,belief_limited_heuristic_v1,470
VAE001021,vae_candidate_001021,0.6692532754896776,-3911.7587890625,-1186.431396484375,4161.113296797516,0.36768117423830027,0.018531678804355974,5.030549974545217,40,8116.681156368857,2475.5851823875005,1.9906899808248246,2.7924431581558493,8473.847735355865,0.21930709657788283,0.5563828263319535,0.9880242135497894,0.3420987427513347,1.0,0.24883624760310308,0.9822568443002335,0.9523809523809523,0.0,0.11423797100680454,0.0,astern_vae,astern,False,0.09894271939992905,0.6918829083442688,2.932650089263916,1.3522484302520752,vae_candidate_pool_v1,belief_limited_heuristic_v1,471
VAE000771,vae_candidate_000771,0.6691809835481004,-626.5387573242188,4983.13232421875,4901.355557561643,-1.4099280054138,-0.05858368985929326,5.413007122253984,26,8429.753910559437,2381.46520666338,1.295132526818962,-1.7902483380352865,4159.463936838652,0.19883122866223824,0.306433021977792,0.9901490537047746,0.9760168901781436,0.9903485563901554,0.16189156585237024,0.78736527017043,0.6190476190476191,0.0,0.11536172566041678,0.0,port_vae,port,False,0.04459833726286888,1.1054575443267822,2.96596622467041,1.746724247932434,vae_candidate_pool_v1,belief_limited_heuristic_v1,472
VAE000157,vae_candidate_000157,0.6691094624221158,-1169.049072265625,496.973388671875,1077.1798501517999,-0.39884807066524575,0.05130303758985528,4.723497750252266,21,8220.140446729321,2748.958191326842,0.9293342052446637,-2.6914415453346923,8597.337368735152,0.582418926513802,0.7183595320116647,0.9175672872104055,0.43510159413522237,1.0,0.11616677565558296,0.9431992759211942,0.5,0.0,0.15291556978802098,0.0,astern_vae,astern,False,0.108369380235672,1.9389612674713135,1.5202677249908447,1.4966731071472168,vae_candidate_pool_v1,belief_limited_heuristic_v1,473
VAE000719,vae_candidate_000719,0.6687032971298553,2428.496826171875,-4356.974609375,4983.313267583954,2.107284088929826,0.08771205709530991,4.962578981888974,26,8132.99866542342,2566.701822577431,1.245510026321527,1.1220206217552768,5841.149859238005,0.14907698358080657,0.28321963213199847,0.9944542952850253,0.900978953491831,1.0,0.15568875329019088,0.9990460266839721,0.6190476190476191,0.0,0.11109174521169114,0.0,ahead_vae,ahead,False,0.08457046747207642,1.9099206924438477,1.916738748550415,1.7750234603881836,vae_candidate_pool_v1,belief_limited_heuristic_v1,474
VAE000264,vae_candidate_000264,0.6685910838818655,2473.4453125,-266.6582946777344,2598.7880773454362,3.033366568294295,-0.005287591152100427,4.129997138768669,22,8078.381799765948,2449.256781167506,1.1118955363440175,0.10293849414339754,8287.296744178599,0.99204267427054,0.9925577561130802,0.7734904941521876,0.10275679533354419,1.0,0.1389869420430022,0.9113856753805879,0.5238095238095238,0.0,0.12040171677872838,0.0,ahead_vae,ahead,False,0.0606839582324028,1.8369243144989014,2.9499189853668213,1.818142056465149,vae_candidate_pool_v1,belief_limited_heuristic_v1,475
VAE000211,vae_candidate_000211,0.6685625287995045,-3415.43505859375,-890.2843627929688,3628.265976630741,0.26223589819686915,-0.02874581254796345,4.912038514763456,21,8698.388742312489,2315.3398939661342,1.0427152540056575,2.850610942844961,8996.986248476855,0.39712257750873703,0.7518739137859789,0.9610888502829891,0.286892805468419,1.0,0.13033940675070718,0.8532234908930643,0.5,0.0,0.11909517752147578,0.0,astern_vae,astern,False,0.05249827727675438,2.3579511642456055,2.5834977626800537,1.9197509288787842,vae_candidate_pool_v1,belief_limited_heuristic_v1,476
VAE000034,vae_candidate_000034,0.6683190339971687,3010.18896484375,-3673.52001953125,4732.774632417044,2.2322846072378804,-0.037653095517603145,4.640214163779674,32,7885.051185732867,2258.078782152777,1.7972412233969066,0.8716549508343097,6802.8316734500395,0.1258354475121095,0.35747039255421675,0.9960465808911353,0.7653950460751101,1.0,0.22465515292461333,0.9019345227459062,0.7619047619047619,0.0,0.11920066313177725,0.0,ahead_vae,ahead,False,0.059230510145425797,1.4631391763687134,2.911081075668335,1.8736956119537354,vae_candidate_pool_v1,belief_limited_heuristic_v1,477
VAE000518,vae_candidate_000518,0.668200358523668,2521.798583984375,4352.25732421875,4874.661584494383,-2.053423459781227,0.02922766748741612,5.299564589422354,29,8242.112502505557,2503.291072435422,1.405555856775539,-1.0589415263211501,6219.41003957114,0.1304647183996257,0.31422484110219506,0.9957507716376139,0.8718375355317399,1.0,0.17569448209694238,0.8823738172511808,0.6904761904761905,0.0,0.11254389727548886,0.0,ahead_vae,ahead,False,0.05639589950442314,2.259622812271118,1.8898721933364868,1.9094882011413574,vae_candidate_pool_v1,belief_limited_heuristic_v1,478
VAE000630,vae_candidate_000630,0.6680195591310651,-588.7006225585938,-4990.31591796875,4947.20530838076,1.3809659534779852,0.05063342707480639,4.470855881872176,26,8250.081928875232,2317.996489267761,1.3595723157633768,1.8112601271866142,4216.084873061117,0.4481171353240692,0.2933135192692711,0.9506322434927073,0.9712276238120887,1.0,0.1699465394704221,0.9397981820616331,0.6190476190476191,0.0,0.11708485901252269,0.0,starboard_vae,starboard,False,0.06552150100469589,0.7498563528060913,1.8826470375061035,1.6081126928329468,vae_candidate_pool_v1,belief_limited_heuristic_v1,479
VAE000044,vae_candidate_000044,0.6680123491522529,818.165771484375,4782.185546875,4993.426935896268,-1.7714851051932028,0.03285896794984751,5.5344006067309115,26,8444.483055571838,2315.520936032234,1.3296935659211448,-1.3372485804467429,4206.968046059884,0.32584685109209843,0.2804303952678917,0.9736899898230345,0.9728514627538308,1.0,0.1662116957401431,0.9181510206964737,0.6190476190476191,0.0,0.11701403311783232,0.0,port_vae,port,False,0.06176532804965973,0.9487776756286621,2.0122320652008057,1.9127711057662964,vae_candidate_pool_v1,belief_limited_heuristic_v1,480
VAE000218,vae_candidate_000218,0.6677284021760226,3559.55029296875,3076.35595703125,4747.310180179645,-2.4710935671862218,-0.12793284246594566,5.033477784405943,36,8442.338255618202,2480.183366449689,1.719317015895961,-0.798431928869517,7667.785857529147,0.09554838325108506,0.35290287648273394,0.9977193624956178,0.7162627237356103,1.0,0.21491462698699512,0.9396071074600384,0.8571428571428571,0.0,0.11312038109483209,0.0,ahead_vae,ahead,False,0.06548592448234558,2.001945972442627,1.4826910495758057,1.5119563341140747,vae_candidate_pool_v1,belief_limited_heuristic_v1,481
VAE000561,vae_candidate_000561,0.667498049988828,-663.2908325195312,-4950.37451171875,5096.114469879851,1.3961990158254196,0.01544420705899112,5.462625422237533,28,8123.7401502192815,2554.360897568578,1.3493348913712175,1.7608378448233648,4042.944986956811,0.2485847683027034,0.25306513774581424,0.9846307926055393,0.9819963932219312,0.9626059492754312,0.1686668614214022,0.9505455458028192,0.6666666666666666,0.0,0.11124709875655268,0.0,starboard_vae,starboard,False,0.10691967606544495,2.0396547317504883,1.4900503158569336,1.2094261646270752,vae_candidate_pool_v1,belief_limited_heuristic_v1,482
VAE000892,vae_candidate_000892,0.6672405529839207,-2334.92333984375,4353.03759765625,4985.061563027622,-1.0592743034315442,0.0794012000980121,5.1487584656347085,27,8085.767422479443,2448.2499029825385,1.3639133270664017,-2.0029171500602367,5609.505930561796,0.24744276830782175,0.2827362777561958,0.984770961099408,0.9080795968274105,1.0,0.1704891658833002,0.9796268118485029,0.6428571428571429,0.0,0.1137912346808517,0.0,astern_vae,astern,False,0.09978656470775604,0.8907148241996765,1.5068256855010986,1.9044239521026611,vae_candidate_pool_v1,belief_limited_heuristic_v1,483
VAE000102,vae_candidate_000102,0.6672339433205206,922.364013671875,-861.5762329101562,1045.725241186231,2.390312424637351,0.031812821702441735,4.67426244653987,26,8193.21948426751,2242.066453371945,1.4153709518853577,0.7830930506548841,7388.541984051158,0.8411524260426032,0.7070151132371122,0.8333021183417305,0.7054749431574261,1.0,0.1769213689856697,0.8678357116399719,0.6190476190476191,1.0,0.16373188933362964,0.16373188933362964,inside_convoy_envelope,inside,True,0.05441056936979294,1.1471489667892456,1.5027960538864136,1.534437894821167,vae_candidate_pool_v1,belief_limited_heuristic_v1,484
VAE000635,vae_candidate_000635,0.6667816541261037,-1066.697509765625,-978.3184204101562,1428.3289119283056,0.8267100583293336,-0.007747986280105503,5.075603579920047,25,8248.11279418429,2237.7618662707164,1.3544767310315613,2.3071346089803546,7197.292934460948,1.4333025107247699,0.8365430799678881,0.5685305077966553,0.7409326545169784,1.0,0.16930959137894516,0.9394654360038187,0.5952380952380952,1.0,0.14395325798178946,0.14395325798178946,inside_convoy_envelope,inside,True,0.06545957922935486,1.9659987688064575,1.919395923614502,1.827763557434082,vae_candidate_pool_v1,belief_limited_heuristic_v1,485
VAE000566,vae_candidate_000566,0.6661219244850421,2279.55419921875,4375.4228515625,4834.921727093972,-2.0429207023073688,-0.0360402014212431,5.256504623824286,16,8217.8111099401,2801.428875191334,0.6949990762025902,-1.1347121527036674,6010.399340897073,0.12990159954051017,0.3260304729529726,0.9957873224867466,0.9064126271672626,1.0,0.08687488452532377,0.9799794103190904,0.38095238095238093,0.0,0.10673617565055736,0.0,ahead_vae,ahead,False,0.07485628873109818,2.0867881774902344,1.9746737480163574,1.514896273612976,vae_candidate_pool_v1,belief_limited_heuristic_v1,486
VAE000914,vae_candidate_000914,0.666093926236139,-1070.07763671875,4454.943359375,4694.949894884903,-1.411895520349676,-0.02816722414461642,4.773963732363103,22,8430.33719032198,2555.0699460186856,1.0213508193927419,-1.7578643573847337,4078.358213251489,0.6720235989013758,0.3694967163630429,0.8912817176608235,0.9825537419573404,0.9710376698217831,0.12766885242409273,0.8909731725489755,0.5238095238095238,0.0,0.11151797459986267,0.0,port_vae,port,False,0.057616282254457474,1.2822597026824951,2.033726930618286,1.071864366531372,vae_candidate_pool_v1,belief_limited_heuristic_v1,487
VAE001109,vae_candidate_001109,0.6659401317521257,3414.568359375,1978.046875,4164.305384690549,-2.6447819739726333,0.04326581627462886,5.227970118022085,31,8302.64133997883,2351.8235457210376,1.5875985084581639,-0.45354486334253097,8493.703276040838,0.059736140515644465,0.5552004881079798,0.9991081636292887,0.438154756453397,1.0,0.19844981355727048,0.8868072868487483,0.7380952380952381,0.0,0.11718474832737062,0.0,ahead_vae,ahead,False,0.0570204071700573,2.171224355697632,2.5491697788238525,1.9158889055252075,vae_candidate_pool_v1,belief_limited_heuristic_v1,488
VAE000183,vae_candidate_000183,0.6653801637705599,161.67782592773438,4590.390625,4702.433200434075,-1.5784062619422723,0.006258932969400361,4.775483683859954,31,8463.988405410515,2168.3824898481735,1.689082033669418,-1.5569274586781205,2285.55612974378,0.2990705211633957,0.3671014841275556,0.9778053780958027,0.9999038287901029,0.5441800308913761,0.21113525420867724,0.963577941586864,0.7380952380952381,0.0,0.1216992271667827,0.0,port_vae,port,False,0.070457324385643,2.3359341621398926,2.97383451461792,1.3769900798797607,vae_candidate_pool_v1,belief_limited_heuristic_v1,489
VAE001184,vae_candidate_001184,0.665335169257731,3746.3701171875,-2179.696533203125,4282.240201829841,2.5865060779283287,-0.011308270837804935,4.37490591168978,31,8289.125583583012,2503.376635959634,1.4939180678560482,0.5437783048236595,8388.681598350764,0.10844841227247537,0.5118509689093669,0.997062616057901,0.5173729989985024,1.0,0.18673975848200602,0.8630037949181516,0.7380952380952381,0.0,0.11331182194474346,0.0,ahead_vae,ahead,False,0.12076316773891449,1.166879653930664,2.9881787300109863,1.1939178705215454,vae_candidate_pool_v1,belief_limited_heuristic_v1,490
VAE001180,vae_candidate_001180,0.6649280927658064,632.6014404296875,4593.32763671875,4675.009905743513,-1.6729017130438877,-0.059459136046715724,4.529011792274844,27,7977.554879777684,2350.3833964621263,1.4399759978046331,-1.5281500765926213,2688.3560825706736,0.1877426632753698,0.37591676224988724,0.9912140254702342,0.9990907864834606,0.6400847815644461,0.17999699972557914,0.8312993983345048,0.6428571428571429,0.0,0.11665634495969023,0.0,port_vae,port,False,0.049755558371543884,0.8336658477783203,2.4546656608581543,1.5200854539871216,vae_candidate_pool_v1,belief_limited_heuristic_v1,491
VAE000648,vae_candidate_000648,0.6649172976609486,739.4798583984375,5069.8232421875,5180.842228858499,-1.6985817210166991,-0.03053683190657554,5.433338492657911,33,7869.927378393201,2745.9718658834217,1.5270284615456313,-1.4735477644796695,3497.1307349378603,0.10740357615755136,0.2318115482009204,0.9971188891499253,0.9952750840641738,0.8326501749852049,0.19087855769320392,0.9830227025887568,0.7857142857142857,0.0,0.10753789244777257,0.0,port_vae,port,False,0.09868572652339935,1.275840163230896,2.017951011657715,1.2028744220733643,vae_candidate_pool_v1,belief_limited_heuristic_v1,492
VAE000335,vae_candidate_000335,0.6646549739529194,-3709.1279296875,-960.8097534179688,3963.5386513492303,0.24979738294185125,-0.07363600121979616,5.410615587778457,26,8581.448657897115,2114.1711114897835,1.4330871612363252,2.818159269428146,8808.432682660457,0.010223484499677915,0.6299421792531068,0.9999738703187611,0.31782378998971555,1.0,0.17913589515454065,0.9820136698471752,0.6190476190476191,0.0,0.1245219374246767,0.0,astern_vae,astern,False,0.09902318567037582,1.2432423830032349,1.4906573295593262,1.1045031547546387,vae_candidate_pool_v1,belief_limited_heuristic_v1,493
VAE000396,vae_candidate_000396,0.6637086094069682,-1209.74658203125,-2432.1298828125,2678.1107099791957,1.0935973678024102,-0.06990391780777191,3.671534012359655,27,8786.49711553644,2385.760073517429,1.2880159085436214,1.9780913679796115,5671.164222368305,2.3094569108949683,0.9854852789260452,0.16335090472660668,0.9181956881235582,1.0,0.16100198856795267,0.7817603331042979,0.6428571428571429,0.0,0.12105782359551183,0.0,astern_vae,astern,False,0.04396549239754677,1.0855505466461182,2.4771060943603516,1.0636818408966064,vae_candidate_pool_v1,belief_limited_heuristic_v1,494
VAE000132,vae_candidate_000132,0.6635796152646435,614.7722778320312,4776.69384765625,4903.083637927014,-1.760583447766671,-0.02486963446464653,5.4007965856455655,21,8251.594670963645,2311.008877754259,1.101234463158867,-1.4058788402877687,3634.3249236946313,0.2951030524036935,0.30593247562467674,0.9783860879000698,0.9864319050218716,0.8653154580225313,0.13765430789485839,0.9915595432356974,0.5,0.0,0.11732183496132027,0.0,port_vae,port,False,0.0792321264743805,0.825888454914093,2.9383862018585205,1.719472885131836,vae_candidate_pool_v1,belief_limited_heuristic_v1,495
VAE000410,vae_candidate_000410,0.6635586639785783,-1463.491943359375,-505.5732116699219,1549.6420455351201,0.3532803445190632,-0.04937726679854236,3.3770265731112956,26,8328.028127677846,2367.834233483274,1.3184991965075663,2.738935042272188,8589.846778633626,1.0972179762427885,0.8722375200780824,0.7280368614688788,0.3918647863388756,1.0,0.1648123995634458,0.7765097724425449,0.6190476190476191,0.0,0.13710608873028754,0.0,astern_vae,astern,False,0.04337689280509949,1.0840837955474854,2.401078462600708,1.295935034751892,vae_candidate_pool_v1,belief_limited_heuristic_v1,496
VAE000163,vae_candidate_000163,0.6633148811042147,2373.81982421875,-74.70278930664062,2484.833091881389,3.147198540099232,-0.030253284455812383,5.155580888700829,25,8521.083693592487,2279.6681260798346,1.2869851941580268,-0.03585917096525179,8597.335225201385,1.0391629023992244,0.9986404989716314,0.7534709981477675,0.03585148636003181,1.0,0.16087314926975335,0.990422982605795,0.5952380952380952,0.0,0.12520125573370197,0.0,ahead_vae,ahead,False,0.0787058174610138,1.2109265327453613,2.9146785736083984,1.5599006414413452,vae_candidate_pool_v1,belief_limited_heuristic_v1,497
VAE000639,vae_candidate_000639,0.663299795259281,3605.78857421875,1820.755615234375,4155.1969251767605,-2.7153745657786694,0.013473101274656351,4.566282345162763,30,8209.949622285641,2161.89755311749,1.6902294036033005,-0.41274498653646735,8387.696077425864,0.1578384994683284,0.5585752017296395,0.9937846716460035,0.401125307383898,1.0,0.21127867545041257,0.9685362555853556,0.7142857142857143,0.0,0.1227723863611326,0.0,ahead_vae,ahead,False,0.07166323810815811,0.7846894264221191,1.9868032932281494,1.8050175905227661,vae_candidate_pool_v1,belief_limited_heuristic_v1,498
VAE000605,vae_candidate_000605,0.6631192373782245,1070.1123046875,4790.59033203125,5108.842588003676,-1.7799397916689443,-0.01623019578119721,4.895959304204711,30,8336.409785646787,2527.3924260496833,1.4238673131924269,-1.377883057702046,4078.7565543260816,0.28651189346085326,0.24979540530157546,0.9796177379498443,0.9814498719146938,0.9711325129347813,0.17798341414905336,0.8778101253929441,0.7142857142857143,0.0,0.11171372655568237,0.0,port_vae,port,False,0.05576279014348984,1.2291966676712036,2.938377857208252,1.6237128973007202,vae_candidate_pool_v1,belief_limited_heuristic_v1,499
VAE000041,vae_candidate_000041,0.6630134091406867,3764.981201171875,1120.256103515625,3987.3221416287797,-2.8585909540740664,-0.04205413751232252,4.899582932483678,29,8207.789004910011,2463.4353508463983,1.4342691094532534,-0.32505583702804924,8564.697761793775,0.016244063033377998,0.6210812895340012,0.9999340340545949,0.3193616993593989,1.0,0.17928363868165667,0.9040576421037609,0.6904761904761905,0.0,0.11479579250609882,0.0,ahead_vae,ahead,False,0.059551678597927094,1.5792114734649658,2.5568184852600098,1.9087131023406982,vae_candidate_pool_v1,belief_limited_heuristic_v1,500
VAE000374,vae_candidate_000374,0.6625643539597882,2215.073974609375,49.753021240234375,2438.344886023664,-3.1074784859057605,-0.007135042501697966,5.7281837647181035,28,8038.808478994304,2413.37286262164,1.4432511906865548,-0.041249210185730606,8131.491939295961,1.1041221043394709,0.9997220933898958,0.7249593142068689,0.04123751361061833,1.0,0.18040639883581935,0.976578148583967,0.6666666666666666,0.0,0.12243798587228139,0.0,ahead_vae,ahead,False,0.07383181899785995,0.7006611824035645,1.9346039295196533,1.9307119846343994,vae_candidate_pool_v1,belief_limited_heuristic_v1,501
VAE000339,vae_candidate_000339,0.6625101493483136,2995.007080078125,-25.33037757873535,3029.927109061214,3.1530617775761702,0.0010514918756094223,5.326641969770113,30,8038.883507188343,2707.6172742641,1.3782825041249898,-0.010417632110767383,8066.653743401666,0.8260724483871136,0.927733285988767,0.8388844054854607,0.010417443679294449,1.0,0.17228531301562372,0.9086492690208521,0.7142857142857143,0.0,0.11280980792613556,0.0,ahead_vae,ahead,False,0.06025666743516922,1.0556509494781494,2.609863758087158,1.7998464107513428,vae_candidate_pool_v1,belief_limited_heuristic_v1,502
VAE001096,vae_candidate_001096,0.6625017965110427,1109.21630859375,-4787.8359375,4983.777406748534,1.8341643380694421,0.08843863739229688,5.702778120763337,26,8220.97998489449,2137.6286905256857,1.4795085774519516,1.3958669529126484,3535.77374507027,0.2589212236086764,0.28309126213228974,0.9833333740942747,0.9847388330308187,0.8418508916833976,0.18493857218149395,0.9890349110900061,0.6190476190476191,0.0,0.1225272711926952,0.0,starboard_vae,starboard,False,0.0781032145023346,0.7878206372261047,2.564607620239258,1.6561137437820435,vae_candidate_pool_v1,belief_limited_heuristic_v1,503
VAE001152,vae_candidate_001152,0.6623235009615642,3226.130859375,-3705.243896484375,4835.540174084567,2.2242507621688725,-0.018062571010586274,5.380999594685447,31,8177.7132733089275,2712.1929628967578,1.3976847600179911,0.8992793204103349,7211.281481387547,0.10897491421618977,0.32584488425909264,0.9970340539438151,0.7828787246276045,1.0,0.1747105950022489,0.9143628940206004,0.7380952380952381,0.0,0.10834240792061503,0.0,ahead_vae,ahead,False,0.061155300587415695,1.9093716144561768,2.927633762359619,1.5181459188461304,vae_candidate_pool_v1,belief_limited_heuristic_v1,504
VAE000242,vae_candidate_000242,0.6617497709156202,1757.614501953125,-64.37232971191406,1856.738785390895,3.1422544703930453,-0.04865516164140769,4.823135128937463,33,8369.898095693754,2383.2110975313817,1.6543647081874573,-0.04931697844465941,8477.206807520815,1.0188174076625531,0.9457370679015656,0.7621866407320784,0.04929698970936548,1.0,0.20679558852343216,0.9743109532404615,0.7857142857142857,0.0,0.12993109462807328,0.0,ahead_vae,ahead,False,0.10134445875883102,1.443969964981079,1.497639536857605,1.938467025756836,vae_candidate_pool_v1,belief_limited_heuristic_v1,505
VAE000723,vae_candidate_000723,0.6611921308231189,-1246.357666015625,-935.7354736328125,1248.6089417372632,0.6852258611557086,0.0040233640097796,5.084602488655868,23,8174.610033609825,2859.170137356061,0.9840582186663722,2.460390156443865,8150.666496723528,1.2271903841763097,0.778329615877662,0.6684422179332838,0.6297275981510679,1.0,0.12300727733329653,0.8399002819323442,0.5476190476190477,0.0,0.1407638236006594,0.0,astern_vae,astern,False,0.050815384835004807,0.6194729804992676,1.9549262523651123,1.6451623439788818,vae_candidate_pool_v1,belief_limited_heuristic_v1,506
VAE000655,vae_candidate_000655,0.6611883903313249,3551.912109375,-575.3883056640625,3588.9442017886786,2.9739275140384613,-0.07637003749430163,5.204332029393168,27,8336.432951750307,2313.7951184810677,1.399776190457505,0.09129510205703031,8512.660688470623,0.32498516236417574,0.7655054356454567,0.9738277320489902,0.09116833389450607,1.0,0.17497202380718813,0.9850746144578085,0.6428571428571429,0.0,0.11939732606018802,0.0,ahead_vae,ahead,False,0.07656505703926086,1.2574537992477417,2.8812851905822754,1.111962914466858,vae_candidate_pool_v1,belief_limited_heuristic_v1,507
VAE000341,vae_candidate_000341,0.6611525586909387,3956.93896484375,-1048.4864501953125,4125.803867905889,2.8451329714054103,0.014143691115968821,5.434810514834233,34,8203.103810878081,2711.908504376743,1.5283600476371944,0.3106033733003513,8639.429073126188,0.05037290136797123,0.5694841181543537,0.9993657768269921,0.3056331935279541,1.0,0.1910450059546493,0.9985371376153275,0.8095238095238095,0.0,0.1093907140889122,0.0,ahead_vae,ahead,False,0.08392752707004547,0.9546878337860107,2.0077576637268066,1.5422070026397705,vae_candidate_pool_v1,belief_limited_heuristic_v1,508
VAE000711,vae_candidate_000711,0.660934483011991,409.2806701660156,4862.4443359375,4898.360315174041,-1.6703662081007722,0.09533725436151043,4.967704171398885,23,8469.12466486859,2389.404533406013,1.1365789985296626,-1.3758891911275104,3984.424093359723,0.3246607212059651,0.30730172644106657,0.9738795032852217,0.9810656593193319,0.9486724031808864,0.14207237481620782,0.8316006607831308,0.5476190476190477,0.0,0.11514356052882321,0.0,port_vae,port,False,0.04979235678911209,2.374738931655884,1.4932136535644531,1.8050274848937988,vae_candidate_pool_v1,belief_limited_heuristic_v1,509
VAE000819,vae_candidate_000819,0.6608319428655349,3440.408447265625,2506.9892578125,4366.405269330436,-2.5265820924704,0.1121864721099895,5.188780976305002,31,8091.366394429375,2315.488564616308,1.6546158716815174,-0.5028240890094036,8205.697078204073,0.07766864581910227,0.48144919299077454,0.9984926533382594,0.481901994754894,1.0,0.20682698396018967,0.9989292660817768,0.7380952380952381,0.0,0.11794400844936549,0.0,ahead_vae,ahead,False,0.0901227667927742,1.282271146774292,2.8922879695892334,1.5497992038726807,vae_candidate_pool_v1,belief_limited_heuristic_v1,510
VAE000393,vae_candidate_000393,0.6608253902724899,1811.81494140625,988.7385864257812,1909.6310669557456,-2.6127993953636097,-0.07742778112720282,4.493260205343044,27,8356.569685481452,2175.4542874432036,1.4852028129351311,-0.6062210393533862,8106.987294398478,1.7116837873741348,0.9555617456195314,0.4297890813803318,0.5697659594446037,1.0,0.1856503516168914,0.87941328773198,0.6428571428571429,0.0,0.13440522976935956,0.0,ahead_vae,ahead,False,0.05598410591483116,1.4720557928085327,2.9363479614257812,1.5846476554870605,vae_candidate_pool_v1,belief_limited_heuristic_v1,511
VAE000530,vae_candidate_000530,0.6606076336940578,819.7945556640625,1944.3897705078125,2243.3289680308567,-1.9548516491093804,-0.04108382465190197,4.332042628814372,26,8529.042434277671,2695.1020866208924,1.1310917963842468,-1.2278248291323148,5406.344294610878,2.49057993560715,0.9953707082310473,0.10226474636647442,0.9417595487081352,1.0,0.14138647454803085,0.9994049158477332,0.6190476190476191,1.0,0.11837952015605203,0.11837952015605203,inside_convoy_envelope,inside,True,0.08513733744621277,2.032097816467285,1.504906415939331,1.303501009941101,vae_candidate_pool_v1,belief_limited_heuristic_v1,512
VAE000392,vae_candidate_000392,0.6605017587003178,2244.903564453125,4551.0,4985.424801445623,-2.0791152265817714,-0.11510994304560575,4.630100162801242,20,8090.350175410782,2945.6128110455284,0.8392416250573046,-1.1775873700536275,5820.669920099575,0.2072526202865137,0.2826359151466628,0.9892999706853116,0.9236842916967222,1.0,0.10490520313216307,0.9672243464302828,0.47619047619047616,0.0,0.10432862016218186,0.0,ahead_vae,ahead,False,0.07133589684963226,2.270198345184326,2.447678565979004,1.4466785192489624,vae_candidate_pool_v1,belief_limited_heuristic_v1,513
VAE000451,vae_candidate_000451,0.6604272787248366,3578.40234375,-2729.916015625,4647.113468818703,2.4870584674085205,0.12384089296401915,5.600009023747364,24,8214.990416127392,2448.651031081662,1.1931012053037764,0.7783750791452928,7568.7830341201625,0.06771499345746301,0.38498902843410016,0.998854107872541,0.7021233130169929,1.0,0.14913765066297205,0.9968285879509367,0.5714285714285714,0.0,0.11409703769078137,0.0,ahead_vae,ahead,False,0.08234812319278717,1.8553502559661865,2.8645102977752686,1.7889208793640137,vae_candidate_pool_v1,belief_limited_heuristic_v1,514
VAE000918,vae_candidate_000918,0.6602296547018746,-537.7999877929688,-4864.60302734375,4938.762276739024,1.484870762869966,0.054956704341262735,5.575050094024134,31,8180.269580950533,2716.934210805189,1.3948096886592365,1.7116785950610895,3838.662605247341,0.5053748257765813,0.2957041487694896,0.9374965347261865,0.9900924963760921,0.9139672869636527,0.17435121108240456,0.8205503355830578,0.7380952380952381,0.0,0.10813574238426792,0.0,starboard_vae,starboard,False,0.048456914722919464,1.992065191268921,1.4795827865600586,1.0427536964416504,vae_candidate_pool_v1,belief_limited_heuristic_v1,515
VAE001175,vae_candidate_001175,0.6594041784808223,-629.8731079101562,4691.66162109375,4762.0304983558735,-1.518276392389634,0.07816385048842935,4.711008891260299,35,8431.312607401627,2690.3475697904887,1.5429947972556648,-1.5451524107117296,2905.6511945095012,0.49367782192816767,0.34830841805543034,0.9402980084626358,0.9996712128023765,0.6918217129784526,0.1928743496569581,0.7874587082522873,0.8333333333333334,0.0,0.10870693249128299,0.0,port_vae,port,False,0.04460892826318741,2.329535484313965,1.477504014968872,1.3843592405319214,vae_candidate_pool_v1,belief_limited_heuristic_v1,516
VAE001177,vae_candidate_001177,0.6586760336361138,3832.83935546875,705.4110107421875,3682.3999694581,-2.9249235530356614,0.04844324282770141,4.857024565573952,24,8215.471534861039,2637.5435029036535,1.107590226891442,-0.16822585772643028,8541.109939036232,0.05866373708308181,0.7328025712425386,0.9991398881984821,0.16743351612764068,1.0,0.13844877836143024,0.8719913335948505,0.5714285714285714,0.0,0.11176712443307293,0.0,ahead_vae,ahead,False,0.0549689345061779,1.1722708940505981,1.508050799369812,1.03751540184021,vae_candidate_pool_v1,belief_limited_heuristic_v1,517
VAE000848,vae_candidate_000848,0.6586132407382027,3827.10546875,-1210.7135009765625,3977.7774297941933,2.778235474554263,-0.04033041703751433,4.154065118983795,25,8651.046422566575,1994.0871013230287,1.4491963845446616,0.3230267619980156,8836.60471664663,0.14751938718179192,0.6246382876889498,0.9945693667663196,0.3174382250034858,1.0,0.1811495480680827,0.9755181648932895,0.5952380952380952,0.0,0.12885028688902872,0.0,ahead_vae,ahead,False,0.10100545734167099,2.355848550796509,2.0471436977386475,1.407762885093689,vae_candidate_pool_v1,belief_limited_heuristic_v1,518
VAE001194,vae_candidate_001194,0.658496476523194,3575.081787109375,-3039.526611328125,4705.339204533709,2.376444669917492,0.017279990401084563,4.689809649815737,27,8310.64215006681,2266.6474245957743,1.4333267649347117,0.7824279740733868,7491.934020613101,0.013766108239086083,0.36617344096198295,0.9999526243141582,0.7050034242077339,1.0,0.17916584561683896,0.9829807535945358,0.6428571428571429,0.0,0.1187649388051131,0.0,ahead_vae,ahead,False,0.07583297789096832,0.7085606455802917,2.10371732711792,1.4206711053848267,vae_candidate_pool_v1,belief_limited_heuristic_v1,519
VAE000266,vae_candidate_000266,0.6580679647124296,3775.724365234375,-2005.4183349609375,4363.556756314665,2.5895114358161773,-0.00991774542411784,5.193436610117395,38,8227.703164026769,2544.002063324088,1.8154635024681822,0.5421634723494979,8360.484775493136,0.34833150986534545,0.48246910088909695,0.9699717633252101,0.5159904159863555,1.0,0.22693293780852278,0.8230470387042971,0.9047619047619048,0.0,0.11231836460265582,0.0,ahead_vae,ahead,False,0.04875614494085312,1.896159052848816,2.956209421157837,1.3503539562225342,vae_candidate_pool_v1,belief_limited_heuristic_v1,520
VAE000704,vae_candidate_000704,0.658064111373945,-238.86627197265625,5090.2890625,4955.439109526725,-1.5104427159670697,0.06911113714761534,4.170996211445731,29,8498.570762622818,2746.1399981424674,1.242594506398591,-1.562038800475108,2820.4601980088532,0.2222849119641226,0.2909931954092478,0.9876981333975606,0.9999616531114622,0.6715381423830603,0.15532431329982388,0.9846538271134156,0.6904761904761905,0.0,0.10742036767566744,0.0,port_vae,port,False,0.09811882674694061,1.5307585000991821,1.4926577806472778,1.3400951623916626,vae_candidate_pool_v1,belief_limited_heuristic_v1,521
VAE000091,vae_candidate_000091,0.6580378540600693,220.72743225097656,4756.61865234375,4669.520105262365,-1.668636460134505,-0.02876961906714508,4.2313867083190635,29,8415.109165690013,2028.3710830020964,1.6989900408546952,-1.5017258125224333,2604.308468961008,0.43882904212219165,0.3776938385005694,0.9526249000032416,0.9976155802083333,0.6200734449907163,0.2123737551068369,0.8682378515819279,0.6904761904761905,0.0,0.1266497798151239,0.0,port_vae,port,False,0.05446430295705795,1.3212800025939941,1.9532995223999023,1.3691083192825317,vae_candidate_pool_v1,belief_limited_heuristic_v1,522
VAE000945,vae_candidate_000945,0.658019571922863,-533.9949340820312,4647.5703125,4813.311676602746,-1.412858523234432,0.048037706408706624,5.398534213589779,25,8019.751394480407,2420.591103038124,1.2878274275298573,-1.6806964239466546,3285.586145714038,0.2940132644021094,0.3325520046453771,0.9785442799202527,0.9939670601614787,0.7822824156461996,0.16097842844123217,0.8171194731931996,0.5952380952380952,0.0,0.11468263329583964,0.0,port_vae,port,False,0.0480479821562767,1.9342060089111328,1.4911143779754639,1.9132717847824097,vae_candidate_pool_v1,belief_limited_heuristic_v1,523
VAE000584,vae_candidate_000584,0.6579729248414572,3424.296630859375,3140.88671875,4789.086564997438,-2.4247431988063424,-0.02597535153332827,4.61300071969278,34,8368.24844705185,2705.67288547913,1.501651181047193,-0.742824806316779,7993.763808224209,0.12794117704415073,0.33994656144498275,0.9959133428916032,0.6763712492545646,1.0,0.18770639763089914,0.9944208509955472,0.8095238095238095,0.0,0.10841822040526053,0.0,ahead_vae,ahead,False,0.0807390883564949,2.0338802337646484,1.9375978708267212,1.9182517528533936,vae_candidate_pool_v1,belief_limited_heuristic_v1,524
VAE000579,vae_candidate_000579,0.657845907301421,3706.94677734375,1887.013916015625,4149.880859159066,-2.660280253730991,0.12546813500676932,5.445817129401787,29,8124.949951023789,2537.2510885486804,1.4067400626950282,-0.3558442648520327,8499.87600608526,0.07012222245884647,0.5605461675711457,0.998771222107824,0.34838186323761516,1.0,0.17584250783687852,0.999264402318808,0.6904761904761905,0.0,0.11287345404704827,0.0,ahead_vae,ahead,False,0.08489919453859329,0.7614719271659851,1.9445972442626953,1.8732354640960693,vae_candidate_pool_v1,belief_limited_heuristic_v1,525
VAE001157,vae_candidate_001157,0.6577481322721269,733.4039306640625,-5038.94189453125,5081.577508232752,1.6815759442763765,0.012826559484024731,5.319126442935996,34,7950.077884270985,2174.1948397968736,1.9670213468309807,1.4728432687974415,2941.2624299278823,0.0970812821478324,0.25683268889749317,0.9976456561326612,0.9952064338302617,0.7003005785542576,0.2458776683538726,0.961125757100776,0.8095238095238095,0.0,0.12137581612244588,0.0,starboard_vae,starboard,False,0.10464323312044144,1.1566333770751953,2.6109862327575684,1.6245698928833008,vae_candidate_pool_v1,belief_limited_heuristic_v1,526
VAE000812,vae_candidate_000812,0.6577122129589316,3072.464111328125,-84.64897918701172,3434.487128027612,3.1712536647651453,0.11503552517200046,5.321839403868464,30,8044.5138179088335,2452.59713011691,1.5205308535834505,0.08537451399664889,8224.349178461078,0.6073449761240339,0.8168503584491564,0.9105830519664663,0.08527083871900466,1.0,0.19006635669793132,0.8815370049465125,0.7142857142857143,0.0,0.11649562598871438,0.0,ahead_vae,ahead,False,0.05627908930182457,0.7748445272445679,2.4893712997436523,1.1483280658721924,vae_candidate_pool_v1,belief_limited_heuristic_v1,527
VAE000976,vae_candidate_000976,0.6575211489576732,-13.637542724609375,-5029.8154296875,4962.744863452016,1.4898661975986347,0.05476812493459736,5.201007004225215,24,7949.912021257527,2375.511708827248,1.2708425397389056,1.706494580925756,3429.155316142368,0.30196100564034545,0.28894357187051645,0.9773775679058447,0.9908071114102125,0.8164655514624686,0.1588553174673632,0.9634763952664499,0.5714285714285714,0.0,0.11569653290408405,0.0,starboard_vae,starboard,False,0.07043346762657166,1.349181890487671,2.951087474822998,1.773357629776001,vae_candidate_pool_v1,belief_limited_heuristic_v1,528
VAE000624,vae_candidate_000624,0.6574741028921397,3247.600341796875,492.6556396484375,3334.4080546680643,-2.9591342608883227,0.07445133736570718,5.361097391983361,18,8396.975432469886,2724.357225367906,0.7868384418037485,-0.10800705533576328,8641.723505978593,0.6074238835880286,0.8478506833687949,0.9105605348672069,0.1077971846363488,1.0,0.09835480522546856,0.9469208856620276,0.42857142857142855,0.0,0.11110343533853631,0.0,ahead_vae,ahead,False,0.06688647717237473,2.306666135787964,1.523152232170105,1.1847140789031982,vae_candidate_pool_v1,belief_limited_heuristic_v1,529
VAE000851,vae_candidate_000851,0.6573663288198509,2167.3759765625,-4292.22314453125,4986.1351000409195,1.9458236341605448,-0.024915047703419547,4.392536028761468,19,8315.482154740326,2713.1943196047923,0.8421418808112898,1.1708539717258282,5736.838123025109,0.12083326216789714,0.28243972218933117,0.9963542697728576,0.9210834404660042,1.0,0.10526773510141123,0.9444366596831665,0.4523809523809524,0.0,0.10808101062032759,0.0,ahead_vae,ahead,False,0.06640144437551498,1.3671777248382568,1.954803228378296,1.6729718446731567,vae_candidate_pool_v1,belief_limited_heuristic_v1,530
VAE001079,vae_candidate_001079,0.6571669839907155,2033.162353515625,-4515.75927734375,4922.427750415619,2.006289285632823,0.07952221632515769,5.2142549100621824,21,8252.746386332175,2227.786249027489,1.1422134680422495,1.214825584282128,4964.20880629669,0.3006015391437791,0.30036171384957333,0.9775792746601539,0.9373086263364379,1.0,0.1427766835052812,0.8828342035660958,0.5,0.0,0.1197063227251704,0.0,ahead_vae,ahead,False,0.05646030604839325,0.9249468445777893,1.5043175220489502,1.2907190322875977,vae_candidate_pool_v1,belief_limited_heuristic_v1,531
VAE000951,vae_candidate_000951,0.6571189857157275,3674.799072265625,1310.432373046875,4030.0729794018253,-2.8333313061026755,-0.0006924152130250084,5.498391520204573,36,8389.247465448703,2507.1043032180733,1.7116189775731654,-0.30895376270014263,8754.35056405323,0.08899088627473128,0.6051405689963985,0.9980214617898395,0.3040621027620141,1.0,0.21395237219664567,0.7906951366115815,0.8571428571428571,0.0,0.11362552614214476,0.0,ahead_vae,ahead,False,0.1295562982559204,2.37768292427063,1.507792353630066,1.6555593013763428,vae_candidate_pool_v1,belief_limited_heuristic_v1,532
VAE001221,vae_candidate_001221,0.6569342427032309,3572.427490234375,2597.092041015625,4254.714395274129,-2.5548347051400566,0.05087933536904695,5.605214995585,22,8206.791844277757,2420.203195625503,1.1076369436528963,-0.5358786130806895,8292.114319655959,0.012810134321117328,0.5219011745153964,0.9999589756756795,0.5105966858133637,1.0,0.13845461795661204,0.9119545821154672,0.5238095238095238,0.0,0.11534952364752307,0.0,ahead_vae,ahead,False,0.060773495584726334,1.6041604280471802,2.9171602725982666,1.1414868831634521,vae_candidate_pool_v1,belief_limited_heuristic_v1,533
VAE000831,vae_candidate_000831,0.6566326247452846,-1597.241455078125,4700.93505859375,4928.270100204819,-1.2245838649398721,0.13935187820097483,5.879344049095476,26,8136.906970334807,2287.9514746124955,1.396584404558866,-1.7776569104489461,3910.4001351642682,0.4675491333178885,0.2986909420062637,0.9463377866401441,0.9786805363655773,0.9310476512295877,0.17457305056985825,0.8595477751331723,0.6190476190476191,0.0,0.11799801377690436,0.0,port_vae,port,False,0.05331668257713318,2.161020517349243,1.9363656044006348,1.929353952407837,vae_candidate_pool_v1,belief_limited_heuristic_v1,534
VAE000781,vae_candidate_000781,0.6564504319672214,-1412.5390625,278.74298095703125,1490.189864948788,-0.24703963532147194,-0.182587395684827,5.186661451635117,30,8306.204796955055,2643.1273532891914,1.3664713506383344,-3.077140413953148,8459.195959046127,0.7543013567200789,0.8551526162978983,0.864375068865677,0.06440762549069488,1.0,0.1708089188297918,0.99988394671252,0.7142857142857143,0.0,0.13371533659316676,0.0,astern_vae,astern,False,0.08632633090019226,2.260164260864258,1.5208660364151,1.246835708618164,vae_candidate_pool_v1,belief_limited_heuristic_v1,535
VAE000426,vae_candidate_000426,0.6564046561193597,1715.145751953125,-4671.509765625,5027.076055602747,1.8320679229572219,-0.039704423821198355,5.542153800394164,24,8025.530102333214,2689.703084818727,1.1118166476395253,1.2698203068113731,4947.982885804568,0.2408643421832728,0.27127104639188765,0.9855660778166765,0.9550476005102613,1.0,0.13897708095494066,0.8287736734445431,0.5714285714285714,0.0,0.10863657908541083,0.0,ahead_vae,ahead,False,0.049447935074567795,0.8515763878822327,2.9307169914245605,1.1927679777145386,vae_candidate_pool_v1,belief_limited_heuristic_v1,536
VAE000741,vae_candidate_000741,0.6560184831941511,-735.4641723632812,-396.64422607421875,953.213143059421,0.49810686356758904,1.5198437180445209e-05,4.562999639788684,33,8336.675021358178,2460.4390698240095,1.6088236912359641,2.643500988459385,8499.209188705561,0.27085136040522817,0.6732163645257663,0.9817717312658691,0.4777499452450968,1.0,0.20110296140449552,0.8307203837777396,0.7857142857142857,1.0,0.16769597728250432,0.16769597728250432,inside_convoy_envelope,inside,True,0.04968489706516266,2.377460241317749,2.1321663856506348,1.9361516237258911,vae_candidate_pool_v1,belief_limited_heuristic_v1,537
VAE000224,vae_candidate_000224,0.6558319398971003,3616.802490234375,884.5884399414062,3891.3918035331785,-2.9167639835188117,0.0015774356177131698,3.9644394438045105,30,8230.875327762391,2666.085375641252,1.3671028181222913,-0.22325123445326822,8616.882722336595,0.0817783187482739,0.6567426475520003,0.9983290082138878,0.2214013355012943,1.0,0.1708878522652864,0.8803738265283956,0.7142857142857143,0.0,0.1107097092148372,0.0,ahead_vae,ahead,False,0.05611726641654968,0.7401158809661865,1.5071049928665161,1.4857840538024902,vae_candidate_pool_v1,belief_limited_heuristic_v1,538
VAE000799,vae_candidate_000799,0.6555104125261721,3350.052490234375,-366.4714050292969,3515.842057801616,3.0020297174153137,-0.1072932632757598,5.257114142210563,29,8290.778768032907,2720.2211767169356,1.2858741155182822,0.03226967289872043,8374.227830453463,0.33252423863603386,0.7902789605131951,0.972610684239726,0.03226407261761429,1.0,0.16073426443978528,0.9017833175337836,0.6904761904761905,0.0,0.11064356101082355,0.0,ahead_vae,ahead,False,0.059207748621702194,2.1655433177948,2.9741852283477783,1.921399474143982,vae_candidate_pool_v1,belief_limited_heuristic_v1,539
VAE001212,vae_candidate_001212,0.6544898068618569,-4013.8564453125,-489.1214599609375,3968.9514507538074,0.13128167835573698,-0.10630078528182929,4.4183887674840925,29,8194.010127539044,2457.6437132696283,1.4400666022840407,2.9040101899522273,8542.254181540671,0.01585970264894912,0.6279263170556886,0.999937118776032,0.23535368921606528,1.0,0.1800083252855051,0.961001492510747,0.6904761904761905,0.0,0.11497477861326766,0.0,astern_vae,astern,False,0.06986138224601746,1.5208536386489868,2.96412992477417,1.5836846828460693,vae_candidate_pool_v1,belief_limited_heuristic_v1,540
VAE000665,vae_candidate_000665,0.6542566310719914,3656.345703125,-526.6387939453125,3636.6546604719388,3.0157837325580115,-0.04151868558916584,4.201561469506649,25,7775.009745785072,2568.3449735995628,1.2519463258187753,0.08429023544261607,7963.636123332444,0.3305345113973206,0.7489407412579432,0.9729345018507192,0.0841904594012178,1.0,0.1564932907273469,0.9991797425215847,0.5952380952380952,0.0,0.11352848273236925,0.0,ahead_vae,ahead,False,0.08476662635803223,0.9343851804733276,2.9324162006378174,1.9096825122833252,vae_candidate_pool_v1,belief_limited_heuristic_v1,541
VAE000217,vae_candidate_000217,0.6539653646926503,-3404.05078125,-2851.5498046875,4370.369414586572,0.7250449072414987,0.01714167001525869,4.626543178367673,30,8164.886795372535,2192.979203216191,1.6754696831540177,2.433689416363553,7629.052228875962,0.46692928043109516,0.480030970184952,0.9464773846756719,0.650242234370972,1.0,0.2094337103942522,0.7237657664850851,0.7142857142857143,0.0,0.12148002180703306,0.0,astern_vae,astern,False,0.037648171186447144,2.291171073913574,1.4752402305603027,1.038221001625061,vae_candidate_pool_v1,belief_limited_heuristic_v1,542
VAE000926,vae_candidate_000926,0.6532566173288645,3841.232177734375,-1019.6425170898438,3894.272043346958,2.87999741521645,-0.08271755070357172,4.805140954828638,29,8121.248538627539,2259.752391907907,1.580208310660932,0.17887768766977197,8393.732978101396,0.1284376060103254,0.6556759134988949,0.9958816114997265,0.1779252809987246,1.0,0.1975260388326165,0.9909099650698961,0.6904761904761905,0.0,0.12030778145198019,0.0,ahead_vae,ahead,False,0.07892733067274094,0.7338783144950867,2.0128796100616455,1.8723127841949463,vae_candidate_pool_v1,belief_limited_heuristic_v1,543
VAE001135,vae_candidate_001135,0.6522770983693367,-3899.63916015625,-1143.097412109375,4044.9574572624488,0.3078654491177536,0.015533349850326719,5.147580022577124,26,8407.002006652041,2481.4837508298806,1.246294737422323,2.8492605543223664,8765.459200112096,0.08965362699209019,0.5995898393329181,0.9979919023852291,0.28818616531730734,1.0,0.15578684217779037,0.9888751344682392,0.6190476190476191,0.0,0.11416825834969836,0.0,astern_vae,astern,False,0.07803632318973541,1.6945838928222656,1.4997279644012451,1.2955045700073242,vae_candidate_pool_v1,belief_limited_heuristic_v1,544
VAE000627,vae_candidate_000627,0.6514677485553636,463.98944091796875,4868.14794921875,4820.966771127131,-1.629308742841917,-0.009799080525507904,4.500252306099689,24,8268.465991307376,2276.573573309148,1.2749836250288322,-1.522082991273384,2676.498241750582,0.3025003713882037,0.330233713789773,0.9772972966570601,0.9988137400808372,0.637261486131091,0.15937295312860403,0.9504431581673608,0.5714285714285714,0.0,0.11836950443069202,0.0,port_vae,port,False,0.06759238988161087,0.8715770840644836,2.390066385269165,1.6030099391937256,vae_candidate_pool_v1,belief_limited_heuristic_v1,545
VAE000956,vae_candidate_000956,0.6511834650414818,3700.379150390625,-2998.566162109375,4713.178628615869,2.4474432350454487,0.04302585469835873,4.776317851689378,26,8268.758661341688,2260.0661232486755,1.3912714909765551,0.7371752732427032,7641.15799948514,0.01933354275140653,0.363675785253643,0.9999065564418812,0.6721992524076724,1.0,0.1739089363720694,0.9952462232239823,0.6190476190476191,0.0,0.11896689677253688,0.0,ahead_vae,ahead,False,0.09329044818878174,1.5114930868148804,1.9909005165100098,1.8259581327438354,vae_candidate_pool_v1,belief_limited_heuristic_v1,546
VAE000239,vae_candidate_000239,0.6507076850083011,-397.91668701171875,5340.138671875,5213.24374274699,-1.4530803924361508,0.024682423535513857,4.793401071068987,29,8437.048094429327,2735.590964324259,1.2564821190755329,-1.6638298376181284,3507.557316080646,0.3002526734834021,0.22400327979886625,0.9776308942550846,0.9956755034097969,0.8351326943049158,0.1570602648844416,0.9775605551922341,0.6904761904761905,0.0,0.10737841736552325,0.0,port_vae,port,False,0.07411988079547882,2.1229989528656006,1.8796800374984741,1.4427125453948975,vae_candidate_pool_v1,belief_limited_heuristic_v1,547
VAE000199,vae_candidate_000199,0.6504216960791492,-1395.8759765625,-4594.87939453125,4918.35479863223,1.2910686861532747,0.11884905778918049,5.000883027999651,21,8144.061896224754,2594.6345973600105,0.9938069378381468,1.9693730252256991,5552.019838192241,0.23630345233175798,0.30152970397197654,0.986105007770606,0.9216143206167311,1.0,0.12422586722976835,0.7801279908589402,0.5,0.0,0.11056869903771399,0.0,starboard_vae,starboard,False,0.1307508498430252,1.8401306867599487,1.8978270292282104,1.724832534790039,vae_candidate_pool_v1,belief_limited_heuristic_v1,548
VAE000473,vae_candidate_000473,0.6501865581308509,1667.833984375,738.4979248046875,1953.1715505454738,-2.7355061818454405,0.06659408479479036,4.592029496323613,27,7890.972016408148,2297.0925791083546,1.4895488896412425,-0.33949238694956235,8205.536869990372,1.5545766824987342,0.9629612649071223,0.5081094665683327,0.33300849462480603,1.0,0.18619361120515532,0.9996220959196768,0.6428571428571429,0.0,0.13067371414555107,0.0,ahead_vae,ahead,False,0.08896306157112122,0.7146954536437988,2.411048173904419,1.6269463300704956,vae_candidate_pool_v1,belief_limited_heuristic_v1,549
VAE000728,vae_candidate_000728,0.6500992458756639,303.4124755859375,-4817.2685546875,4882.3017267138885,1.6020296594037384,0.060468150905085866,4.81460280191909,26,8454.23878391322,2181.140416957334,1.4099873378937522,1.6000311450911406,2427.3313302386928,0.16237015136433297,0.31198329162987143,0.9934234512665358,0.9995726931349205,0.5779360310092125,0.17624841723671902,0.9932684007806875,0.6190476190476191,0.0,0.12110085715394116,0.0,starboard_vae,starboard,False,0.09443844854831696,0.7710980772972107,2.504099130630493,1.3404912948608398,vae_candidate_pool_v1,belief_limited_heuristic_v1,550
VAE000682,vae_candidate_000682,0.6496664708834059,3724.308349609375,-2196.956298828125,4277.7134166361375,2.6622841620244038,-0.05807113508192255,3.965755929978233,27,8030.8996616385775,2829.2800923868463,1.188293223697255,0.4212373564834666,8485.732314414166,0.18563910301380468,0.513500494614328,0.9914092445564102,0.4088899571405476,1.0,0.14853665296215687,0.9881051984917328,0.6428571428571429,0.0,0.10717407774078933,0.0,ahead_vae,ahead,False,0.09681251645088196,0.624645471572876,2.8691720962524414,1.1955792903900146,vae_candidate_pool_v1,belief_limited_heuristic_v1,551
VAE000212,vae_candidate_000212,0.6495831794836815,-967.0906372070312,-2176.04345703125,2386.7169486957696,1.1215871429513085,-0.07053517622079572,4.896467994346626,27,8117.527233155937,2543.8374032584024,1.3075269865117327,1.9494703344176891,5364.5793396347,2.4320844621493904,0.9999666471626548,0.12065881915451487,0.9291556567325087,1.0,0.1634408733139666,0.7975752801961675,0.6428571428571429,1.0,0.12000384309225466,0.12000384309225466,inside_convoy_envelope,inside,True,0.045764029026031494,1.0478854179382324,1.502382516860962,1.436487078666687,vae_candidate_pool_v1,belief_limited_heuristic_v1,552
VAE001062,vae_candidate_001062,0.6493885468998621,956.2720947265625,-5333.97705078125,5289.700655210022,1.7081897447539103,-0.0146775651907776,4.677060767571481,24,8372.68166641971,2619.5775996652305,1.0942470745755999,1.4187253436451057,3857.686489300792,0.07152939565014593,0.20628020304815178,0.998721431673686,0.9884594738983973,0.9184967831668552,0.13678088432194999,0.9780352315826853,0.5714285714285714,0.0,0.10957128638641424,0.0,starboard_vae,starboard,False,0.10027167946100235,2.3535287380218506,2.9052939414978027,1.42442786693573,vae_candidate_pool_v1,belief_limited_heuristic_v1,553
VAE000379,vae_candidate_000379,0.6487441573255981,-1193.9755859375,-452.4868469238281,1278.2488224046454,0.33447330674366127,0.03454499603481598,5.038254114847259,27,8338.596224306797,2488.403128203593,1.3012180553680226,2.8416643428809483,8701.544859707665,0.9341641469228128,0.788306146962429,0.7972453727376885,0.29545171850628676,1.0,0.16265225692100282,0.9356200941527535,0.6428571428571429,0.0,0.1447028806024431,0.0,astern_vae,astern,False,0.06475479900836945,1.882198452949524,2.929749011993408,1.8287737369537354,vae_candidate_pool_v1,belief_limited_heuristic_v1,554
VAE000960,vae_candidate_000960,0.64853208147248,560.0298461914062,2077.0048828125,2239.024027444183,-1.83310609035892,0.048131201688929835,4.63002889698669,33,8223.733382102786,2375.401235595209,1.6893045041919428,-1.2603553615419432,4774.028751132635,2.8659509013653195,0.995113440699457,0.018874633198039226,0.9521989570404895,1.0,0.21116306302399285,0.9693571984296979,0.7857142857142857,1.0,0.12506197077706308,0.12506197077706308,inside_convoy_envelope,inside,True,0.07187138497829437,2.1804001331329346,1.9727050065994263,1.7002469301223755,vae_candidate_pool_v1,belief_limited_heuristic_v1,555
VAE000814,vae_candidate_000814,0.6478563254737348,3787.027587890625,-2061.759033203125,4257.202230471475,2.6937866375638273,-0.04837420367788103,5.342860374484152,28,8066.716019786588,2455.890729994438,1.4133581357386966,0.39943181234808584,8386.804627308517,0.1931340404828843,0.5209908978521947,0.9907037609709848,0.3888949439939935,1.0,0.17666976696733708,0.977318486311734,0.6666666666666666,0.0,0.1145618067424696,0.0,ahead_vae,ahead,False,0.10048457980155945,1.0205965042114258,2.9590001106262207,1.3877928256988525,vae_candidate_pool_v1,belief_limited_heuristic_v1,556
VAE000849,vae_candidate_000849,0.6476462179481793,271.7196044921875,5658.76171875,5488.285067500693,-1.5330288722896295,-0.0716289996157497,4.056356519507277,39,8044.599951421475,2385.394374122704,2.0323568441696858,-1.6801927809159134,3249.4313123583197,0.158704118136606,0.16481511684782738,0.9937164559810954,0.9940221731607368,0.7736741219900761,0.2540446055212107,0.9928933352121975,0.9285714285714286,0.0,0.11492808726172518,0.0,port_vae,port,False,0.07989668846130371,1.2869560718536377,2.9080259799957275,1.0975322723388672,vae_candidate_pool_v1,belief_limited_heuristic_v1,557
VAE000305,vae_candidate_000305,0.6476436842639106,-463.8406982421875,4992.52099609375,4930.254402385444,-1.5762695193788858,0.03684175405700287,4.40682708686912,28,8397.846672946136,2610.5874701575067,1.277179211734829,-1.5284813801539043,2963.49901546562,0.5156432576274694,0.29812472086356284,0.9349878577332298,0.9991048562243356,0.7055950036822904,0.15964740146685363,0.967946235547343,0.6666666666666666,0.0,0.11009583605583814,0.0,port_vae,port,False,0.07151523232460022,0.9355362057685852,1.980536937713623,1.1061007976531982,vae_candidate_pool_v1,belief_limited_heuristic_v1,558
VAE000496,vae_candidate_000496,0.6473176487597061,-545.8138427734375,-5169.81201171875,5161.679699317648,1.487881115563532,0.042940770395642903,4.22488537325618,36,8020.454760835481,2350.2811481833232,1.9097815357233479,1.6966523084219045,3338.4512858115113,0.27257784708376986,0.23651272593044448,0.981540051000873,0.9920905844673831,0.7948693537646455,0.23872269196541848,0.7975968804739021,0.8571428571428571,0.0,0.11612715306532763,0.0,starboard_vae,starboard,False,0.04576651379466057,1.0385512113571167,2.9395270347595215,1.9174718856811523,vae_candidate_pool_v1,belief_limited_heuristic_v1,559
VAE000307,vae_candidate_000307,0.6471017145069284,-1067.111328125,-5013.6201171875,5082.628485246917,1.3803639382693453,-0.03774179662583591,5.318430682954555,21,8391.785402254936,2422.600759533195,1.0329589818338214,1.7234869186946116,3670.7883289288193,0.39436869477817216,0.2565591230401936,0.9616196559187793,0.9883654223968811,0.8739972211735284,0.12911987272922767,0.9994763186902167,0.5,0.0,0.11416209874483256,0.0,starboard_vae,starboard,False,0.08926373720169067,2.1017138957977295,1.5586023330688477,1.3561840057373047,vae_candidate_pool_v1,belief_limited_heuristic_v1,560
VAE000115,vae_candidate_000115,0.6470112438045972,3599.27587890625,-3200.8056640625,4920.593748535305,2.3932615010112017,0.0008176807660948991,4.824799091743073,35,8077.606984889767,2049.5836014966844,2.1140715797996776,0.7491488333446867,7310.778168878185,0.06206029705635707,0.300887318511142,0.9990374388822678,0.6810157240128822,1.0,0.2642589474749597,0.978016245677379,0.8333333333333334,0.0,0.1257510287054648,0.0,ahead_vae,ahead,False,0.0742555633187294,1.7539794445037842,2.871583938598633,1.5121039152145386,vae_candidate_pool_v1,belief_limited_heuristic_v1,561
VAE001064,vae_candidate_001064,0.646733423987363,-808.1149291992188,5058.96826171875,5179.866751681388,-1.3783199619804845,0.02422122490624572,5.094168415772835,24,8275.122988369714,2286.651763099008,1.268343110259669,-1.739051466703063,3640.1325631398654,0.3029210995692959,0.23204936873829662,0.9772345852746604,0.9858784659647635,0.8666982293190155,0.15854288878245862,0.999870404757803,0.5714285714285714,0.0,0.1177277059212239,0.0,port_vae,port,False,0.08825993537902832,1.3296960592269897,1.4787489175796509,1.443482756614685,vae_candidate_pool_v1,belief_limited_heuristic_v1,562
VAE000444,vae_candidate_000444,0.6465550718315012,-111.619384765625,470.13427734375,598.4024342043207,-1.310184109395609,-0.016421099441066855,4.881786177104518,25,8282.562615479372,2352.3464654455024,1.2831398522778472,-1.847829643635251,4527.962127838962,0.2598560620274977,0.5414177898827733,0.9832134858884466,0.9618710675350434,1.0,0.1603924815347309,0.8169860837476302,0.5952380952380952,1.0,0.23046651296001738,0.23046651296001738,inside_convoy_envelope,inside,True,0.048032134771347046,1.7048351764678955,2.4764716625213623,1.8733024597167969,vae_candidate_pool_v1,belief_limited_heuristic_v1,563
VAE001145,vae_candidate_001145,0.6462604450007222,3746.541748046875,1930.4989013671875,4301.238697330843,-2.6618488495501214,0.07514362199957002,4.182380690828242,27,8261.680118164213,2550.325113650158,1.2814446168231117,-0.40460018204010173,8598.569586734015,0.00011098110379270663,0.5049429879280564,0.9999999969207987,0.3936512552423823,1.0,0.16018057710288897,0.9982103563709102,0.6428571428571429,0.0,0.11226286466299241,0.0,ahead_vae,ahead,False,0.08357307314872742,2.0778207778930664,1.9482378959655762,1.5620373487472534,vae_candidate_pool_v1,belief_limited_heuristic_v1,564
VAE000004,vae_candidate_000004,0.6457067107880887,1642.347412109375,-5007.80517578125,5210.420709790892,1.9566451476409534,0.016180870657241615,5.1704409834809075,28,8454.19026443281,2690.514477324421,1.2309791032095734,1.2011283766060814,5563.31139952836,0.3210904279689166,0.22467654457772018,0.9744459208192492,0.9324473685418898,1.0,0.15387238790119667,0.879567334757535,0.6666666666666666,0.0,0.10821024910402022,0.0,starboard_vae,starboard,False,0.056005433201789856,2.149911880493164,2.514835834503174,1.534699559211731,vae_candidate_pool_v1,belief_limited_heuristic_v1,565
VAE000040,vae_candidate_000040,0.6456753303188031,-39.14581298828125,5219.6474609375,5269.5906747869185,-1.5391473226035401,-0.059941526590276475,4.578882044099938,25,8428.791912157674,2776.4239025156444,1.0682893573264933,-1.6623868575765295,3535.705192631383,0.21516804291427172,0.21084630357173795,0.9884702644446459,0.9958085186987065,0.8418345696741388,0.13353616966581167,0.9995043346678412,0.5952380952380952,0.0,0.10660056561300943,0.0,port_vae,port,False,0.08920956403017044,0.7107037901878357,2.0374364852905273,1.120092749595642,vae_candidate_pool_v1,belief_limited_heuristic_v1,566
VAE000619,vae_candidate_000619,0.6443603801673541,3839.82861328125,-2421.24560546875,4517.573286766469,2.605599437577944,-0.009366761443153623,4.712046133272893,29,8546.001463513823,2343.1793831632353,1.448203182611005,0.5266264545686961,8565.811429932955,0.07124026436441656,0.4284166407019821,0.9987317427051332,0.5026197511886527,1.0,0.1810253978263756,0.9917636525258955,0.6904761904761905,0.0,0.11676704308616404,0.0,ahead_vae,ahead,False,0.07933027297258377,0.7878777384757996,2.5187923908233643,1.2254732847213745,vae_candidate_pool_v1,belief_limited_heuristic_v1,567
VAE000159,vae_candidate_000159,0.6431431463284764,3452.0224609375,2890.7197265625,4678.771326175436,-2.4571096137661144,0.028840735730647087,5.214153584114836,31,8217.734125822635,2451.2878117467185,1.5389173709187618,-0.6556423040930317,8008.313314819643,0.009090026917298655,0.3747015359994575,0.9999793429948995,0.6096684955688766,1.0,0.19236467136484522,0.8815585713866638,0.7380952380952381,0.0,0.11399331601076751,0.0,ahead_vae,ahead,False,0.05628209561109543,0.8893758058547974,2.4428212642669678,1.0776562690734863,vae_candidate_pool_v1,belief_limited_heuristic_v1,568
VAE001053,vae_candidate_001053,0.6425493178104362,-147.7725830078125,-5829.79248046875,5673.512263058785,1.441371801199043,0.07182253012939652,5.10985913737305,33,8213.775546139468,2417.0906368754922,1.6621804612481776,1.7720433825201465,4010.171945238538,0.217619998655449,0.13190323678799964,0.9882070358490243,0.9798180641048756,0.9548028441044137,0.2077725576560222,0.9999729192688043,0.7857142857142857,0.0,0.11390429897768183,0.0,starboard_vae,starboard,False,0.0868123322725296,1.4338648319244385,1.9525809288024902,1.0902225971221924,vae_candidate_pool_v1,belief_limited_heuristic_v1,569
VAE000080,vae_candidate_000080,0.6423605308355258,4018.5498046875,-1631.4859619140625,4323.032261330201,2.745937457623858,-0.009312029243228107,5.703880764702508,29,8431.579160711435,2414.680394331293,1.4243916535241017,0.3863431667227071,8719.974457854552,0.10281507965543035,0.49704990070812943,0.9973595920450656,0.3768036424141456,1.0,0.1780489566905127,0.992636225039618,0.6904761904761905,0.0,0.11526723313597086,0.0,ahead_vae,ahead,False,0.09476885199546814,0.7350484132766724,2.515580177307129,1.21131432056427,vae_candidate_pool_v1,belief_limited_heuristic_v1,570
VAE000365,vae_candidate_000365,0.6419812308690469,-4032.091796875,-993.5492553710938,4179.314023363328,0.22374909824667247,-0.10316006394127895,5.719134107534531,29,8293.12514569467,2542.7375920809777,1.3752391748296358,2.8146834914018424,8670.433498069053,0.05832218213880144,0.5496465478624819,0.9991498717829241,0.32111742176802455,1.0,0.17190489685370447,0.9043542815711502,0.6904761904761905,0.0,0.11261523847172766,0.0,astern_vae,astern,False,0.05959678813815117,1.8773193359375,2.5797922611236572,1.2159072160720825,vae_candidate_pool_v1,belief_limited_heuristic_v1,571
VAE000919,vae_candidate_000919,0.641855173976628,-221.3519287109375,-2042.987548828125,2089.9929797436994,1.4301218238300495,0.005019708475459331,5.205496576278101,27,8375.749070883998,2682.258446036996,1.2018201599832297,1.7164905382352036,3869.826445425057,2.6960488507744245,0.9819968538946372,0.04881177613011173,0.9894053591466634,0.9213872489107279,0.1502275199979037,0.9624391072771564,0.6428571428571429,1.0,0.12049187160763596,0.12049187160763596,inside_convoy_envelope,inside,True,0.07019153982400894,1.007590889930725,2.072906494140625,1.1231606006622314,vae_candidate_pool_v1,belief_limited_heuristic_v1,572
VAE001097,vae_candidate_001097,0.6413027403012085,-1112.80908203125,4997.16259765625,5013.782817471844,-1.3725019533832976,-0.02016002193545625,5.507008851674421,20,8220.722341582588,2213.6683380367813,1.0990247232796426,-1.7892507221419518,3942.6606272854187,0.21763928118707576,0.27486724719792366,0.9882049541475592,0.9762335802597321,0.9387287207822426,0.13737809040995533,0.758429011745423,0.47619047619047616,0.0,0.12006242987546673,0.0,port_vae,port,False,0.04137840121984482,1.4785616397857666,2.931295394897461,1.1172395944595337,vae_candidate_pool_v1,belief_limited_heuristic_v1,573
VAE000185,vae_candidate_000185,0.6409799751566742,-2.483306884765625,-5001.453125,4924.644082696217,1.5880622993360753,0.03689861893933317,4.565899352289734,29,8477.175597146957,2376.465777443952,1.4395118822574438,1.5904289731930519,2542.4264984273696,0.40633918833082294,0.2997272539604029,0.95928695391341,0.9998072857878152,0.605339642482707,0.17993898528218047,0.9202434557535534,0.6904761904761905,0.0,0.11544388747025384,0.0,starboard_vae,starboard,False,0.062107522040605545,2.109158754348755,2.952225685119629,1.7463953495025635,vae_candidate_pool_v1,belief_limited_heuristic_v1,574
VAE001125,vae_candidate_001125,0.640608897104114,-415.4808349609375,-5269.43994140625,5168.902499300361,1.4330427822677974,-0.015961017989254356,5.745313479515574,30,8042.642076937491,2196.832364101323,1.6979527278678281,1.6925888533327413,3157.6730814832304,0.4024757544884163,0.23473347757608712,0.9600470340115177,0.9925924536385173,0.7518269241626739,0.21224409098347852,0.9692921943958547,0.7142857142857143,0.0,0.12053290296421289,0.0,starboard_vae,starboard,False,0.07185480743646622,1.8275172710418701,2.0323219299316406,1.6189782619476318,vae_candidate_pool_v1,belief_limited_heuristic_v1,575
VAE000625,vae_candidate_000625,0.6404644599367907,3645.748046875,-2165.18115234375,4504.812924621341,2.6073686967938157,0.027031622582567964,4.874537159384134,25,8609.180204617893,2133.154020001441,1.3613067448702478,0.5612555793785454,8423.794640417675,0.16587110221366208,0.4328024036843396,0.993137450269407,0.5322495749850893,1.0,0.17016334310878098,0.9731782261536996,0.5952380952380952,0.0,0.12303362743514358,0.0,ahead_vae,ahead,False,0.07287727296352386,2.2697582244873047,2.945502996444702,1.430420160293579,vae_candidate_pool_v1,belief_limited_heuristic_v1,576
VAE000158,vae_candidate_000158,0.6398196691197338,3647.798583984375,-2796.56201171875,4650.988176547208,2.541576480721043,-0.014847108766267925,5.263596714353685,29,8328.043421973465,2553.303005717611,1.3638062001921107,0.5851690641024831,8352.705084115598,0.10745957031286357,0.38372270203127135,0.9971158871622072,0.5523403252234195,1.0,0.17047577502401384,0.9824799748152682,0.6904761904761905,0.0,0.11166207059858509,0.0,ahead_vae,ahead,False,0.07566451281309128,1.3125299215316772,2.068424940109253,1.5798039436340332,vae_candidate_pool_v1,belief_limited_heuristic_v1,577
VAE001189,vae_candidate_001189,0.6392328492423383,-944.1705932617188,-767.77783203125,1152.8890281856586,0.7118739665514653,0.030881550683217115,5.057861683514344,33,8063.756787984999,2238.5215065895954,1.828164402243823,2.4606002377215455,7674.415649164972,1.2546528466753948,0.7452728600227344,0.6554517425989556,0.6295643897508831,1.0,0.22852055028047788,0.8667382565254917,0.7857142857142857,1.0,0.15657175781539656,0.15657175781539656,inside_convoy_envelope,inside,True,0.05426424741744995,1.1145899295806885,2.941307783126831,1.6965346336364746,vae_candidate_pool_v1,belief_limited_heuristic_v1,578
VAE000372,vae_candidate_000372,0.6387498067650783,1756.26171875,-5174.72021484375,5564.840064402598,1.8482549412021567,-0.0004605136533102474,5.4367078657192724,25,7980.64784728708,2421.3173290167765,1.2937493685244117,1.292877198734326,4517.9399354813395,0.08866606753638107,0.1505554328185688,0.998035869402012,0.9616284179124245,1.0,0.16171867106555146,0.9972485231245717,0.5952380952380952,0.0,0.11400183013620226,0.0,starboard_vae,starboard,False,0.09184713661670685,1.6855260133743286,2.04740047454834,1.1241594552993774,vae_candidate_pool_v1,belief_limited_heuristic_v1,579
VAE000164,vae_candidate_000164,0.6386566051998782,-59.24432373046875,-5540.4248046875,5440.553107778273,1.5007826145452514,0.08538332527696214,4.79088181153852,28,8183.62176559392,2400.1324620504674,1.4255329881575842,1.7261933643215042,3637.8097386250647,0.20475631477715983,0.1741862596137249,0.9895552808791,0.9879501582085964,0.8661451758631107,0.17819162351969803,0.9841979098031607,0.6666666666666666,0.0,0.11451618835156234,0.0,starboard_vae,starboard,False,0.09828012436628342,0.7475971579551697,2.940558910369873,1.2974255084991455,vae_candidate_pool_v1,belief_limited_heuristic_v1,580
VAE000668,vae_candidate_000668,0.6385714481467537,3880.570556640625,1244.26025390625,4199.679338878874,-2.854844774280776,-0.007093127757711881,4.429603529386478,30,8121.204204823089,2440.186864318639,1.513832200979772,-0.2938410070667291,8479.87002543626,0.003698303235142308,0.5421252744060409,0.9999965806421927,0.2896307281801628,1.0,0.1892290251224715,0.938641143598275,0.7142857142857143,0.0,0.11500129589238473,0.0,ahead_vae,ahead,False,0.06530684232711792,0.7539849877357483,1.9414440393447876,1.697150468826294,vae_candidate_pool_v1,belief_limited_heuristic_v1,581
VAE001202,vae_candidate_001202,0.6383921010105571,-398.74420166015625,5050.5244140625,5084.081081004772,-1.515857552423898,0.038243849351609564,5.112508789335668,24,8301.109241353839,2780.2039744312315,1.0399164608589226,-1.5874912518142856,2918.396492119424,0.3420525994260608,0.2561813206571134,0.97103408230279,0.9998606429761487,0.6948563076474819,0.12998955760736533,0.9841468027509628,0.5714285714285714,0.0,0.10678132361063643,0.0,port_vae,port,False,0.0762348622083664,2.0622119903564453,1.4919605255126953,1.9148180484771729,vae_candidate_pool_v1,belief_limited_heuristic_v1,582
VAE000875,vae_candidate_000875,0.6380506190599597,3768.84912109375,-911.0459594726562,3955.083278887525,2.8529763248652307,-0.04417644099818699,4.462962899411585,26,8312.781470297294,2317.2485046275115,1.3497532244979782,0.24443988772637604,8626.471710712001,0.07747743432183096,0.633090096837633,0.9985000623309013,0.24201290094608396,1.0,0.16871915306224727,0.7953538998445588,0.6190476190476191,0.0,0.1184850879295557,0.0,ahead_vae,ahead,False,0.12902399897575378,1.8166241645812988,1.8830310106277466,1.1735649108886719,vae_candidate_pool_v1,belief_limited_heuristic_v1,583
VAE000810,vae_candidate_000810,0.6378644973815631,-3896.6259765625,2518.285400390625,4566.39832449199,-0.6126290460513504,0.07588307926152091,5.128613619511738,28,8421.589492452478,2730.657011066988,1.2175780494868584,-2.4530805282769217,8238.115446502514,0.24671963723219795,0.41180769053825783,0.9848593909348429,0.635388960648421,1.0,0.1521972561858573,0.7184533697768958,0.6666666666666666,0.0,0.10822139248424938,0.0,astern_vae,astern,False,0.03708600997924805,2.373685598373413,1.5050793886184692,1.610159993171692,vae_candidate_pool_v1,belief_limited_heuristic_v1,584
VAE000626,vae_candidate_000626,0.6375873228482254,-1992.716552734375,-4801.3642578125,5180.35966642289,1.2385914411254386,0.06334848516473186,4.861403850104479,31,8112.190806289523,2364.037787139475,1.616475485026688,1.9663496976290864,5307.275370246545,0.5921731268255273,0.23192917647729452,0.9148648374692636,0.9227834814258731,1.0,0.202059435628336,0.8973215162970328,0.7380952380952381,0.0,0.11569903270500378,0.0,astern_vae,astern,False,0.05854253098368645,1.6640230417251587,2.0895094871520996,1.7989578247070312,vae_candidate_pool_v1,belief_limited_heuristic_v1,585
VAE000663,vae_candidate_000663,0.6375073504407844,-3700.0712890625,2711.627685546875,4631.69922933394,-0.6082409108603997,-0.04047988241182757,4.711892147009249,30,8339.182226574905,2256.9264111817656,1.5939709121553898,-2.5738316251412208,8244.47610113398,0.21906812173045,0.3900462811958098,0.988050194505731,0.53774570539093,1.0,0.19924636401942372,0.9824779156965102,0.7142857142857143,0.0,0.11912163434590704,0.0,astern_vae,astern,False,0.09886910021305084,0.9570396542549133,2.941420555114746,1.7363265752792358,vae_candidate_pool_v1,belief_limited_heuristic_v1,586
VAE000231,vae_candidate_000231,0.6373737978078974,3303.63037109375,-2823.287841796875,4515.08890983585,2.4322354560573465,-0.05062449740003496,5.27077899096946,23,8327.142203558727,2314.5273887244625,1.19335465208176,0.6587327001324115,8001.5999827763435,0.2709145840718912,0.4292690996546696,0.981763272498309,0.6121152028432721,1.0,0.14916933151022,0.8267777722136076,0.5476190476190477,0.0,0.11764537532469474,0.0,ahead_vae,ahead,False,0.04920594394207001,2.3726634979248047,2.922899007797241,1.8778893947601318,vae_candidate_pool_v1,belief_limited_heuristic_v1,587
VAE000413,vae_candidate_000413,0.6372837804122542,-898.5310668945312,-1073.21240234375,1511.8258831121873,0.9186288834719809,0.04356375717190461,5.137497948453215,30,8557.957736496082,2107.8322455864154,1.6630874001442921,2.266527527289717,7103.137154342801,1.7616248259978002,0.861464354804592,0.405163790103967,0.7675852463619871,1.0,0.20788592501803652,0.8060231465451335,0.7142857142857143,1.0,0.14472618884056007,0.14472618884056007,inside_convoy_envelope,inside,True,0.04674222320318222,1.5265696048736572,2.9495363235473633,1.2265256643295288,vae_candidate_pool_v1,belief_limited_heuristic_v1,588
VAE000439,vae_candidate_000439,0.6371715170740647,-1414.248779296875,-124.52630615234375,1272.4735970290799,0.15487433160740405,-0.0457418542691948,4.451948251481422,29,8126.7613822455905,2090.077698883371,1.7073323069940614,2.9409764677131944,8380.267312591062,0.8098131403004424,0.7863727629788568,0.8448168804986517,0.19927319622435335,1.0,0.21341653837425767,0.8387421628551356,0.6904761904761905,0.0,0.15407965342305915,0.0,astern_vae,astern,False,0.1238613948225975,1.1707050800323486,1.5152788162231445,1.3658117055892944,vae_candidate_pool_v1,belief_limited_heuristic_v1,589
VAE001069,vae_candidate_001069,0.6369481984738457,-227.8641357421875,-4975.234375,5107.735649604793,1.5241148895468548,-0.11249312304629487,5.663163242794845,28,8252.191782952066,2142.1865315984933,1.5839134049496137,1.5049846409966439,2680.2478107871575,0.2513438103343475,0.25007869017864354,0.9842895414849542,0.9978351925226406,0.6381542406636089,0.19798917561870172,0.9732897619449281,0.6666666666666666,0.0,0.12224689668231252,0.0,starboard_vae,starboard,False,0.10162529349327087,1.2138879299163818,1.9569333791732788,1.9353206157684326,vae_candidate_pool_v1,belief_limited_heuristic_v1,590
VAE000356,vae_candidate_000356,0.636500894266728,2844.45556640625,4124.1640625,5255.532859494948,-2.131770896285646,-0.032805827119147486,4.543147745846628,23,8195.490378150136,2319.2880429860925,1.210035751982224,-1.0426275844232946,6133.379512382655,0.06791209067262827,0.21407867239036488,0.9988474300633341,0.8637313850715345,1.0,0.151254468997778,0.999875388714975,0.5476190476190477,0.0,0.11679010367557918,0.0,ahead_vae,ahead,False,0.08629228174686432,1.0346181392669678,2.0349998474121094,1.5927457809448242,vae_candidate_pool_v1,belief_limited_heuristic_v1,591
VAE001060,vae_candidate_001060,0.6364316031242423,-111.28338623046875,5472.15283203125,5465.279257895171,-1.50261820810196,-0.08296416064257166,4.516720268202728,26,8186.80218693337,2500.870578303595,1.2698950600721521,-1.721938606130405,3705.026221477597,0.23251068523674176,0.169285345699418,0.9865454735164831,0.9885997328072927,0.8821491003518088,0.15873688250901902,0.9984362864918077,0.6190476190476191,0.0,0.11207611947825599,0.0,port_vae,port,False,0.08381426334381104,0.7730876803398132,2.499760866165161,1.8221936225891113,vae_candidate_pool_v1,belief_limited_heuristic_v1,592
VAE000198,vae_candidate_000198,0.6359943288401485,632.728759765625,-5239.50927734375,5275.811950452633,1.6615645147765057,0.009086438733075339,4.3939664859738174,33,8612.382673693524,2555.8167865477376,1.4992045895363388,1.4891145775463628,3249.9879285391744,0.3445694984179368,0.20942644911668498,0.9706104798005527,0.9966659002723424,0.7738066496521844,0.18740057369204235,0.8727154393168026,0.7857142857142857,0.0,0.11080467900208918,0.0,starboard_vae,starboard,False,0.05506694316864014,1.6590676307678223,2.9306323528289795,1.9246959686279297,vae_candidate_pool_v1,belief_limited_heuristic_v1,593
VAE001088,vae_candidate_001088,0.6359535178973501,-932.2315063476562,-405.482666015625,1017.6393351674388,0.40042745881690084,0.04381669382738815,4.4112125992233,26,8363.64783458483,2420.0511824744212,1.2845560503158142,2.78498188860028,8682.292614734793,0.013839681083356092,0.6968168270724757,0.9999521165711716,0.34910024179680643,1.0,0.16056950628947678,0.8202777776798563,0.6190476190476191,1.0,0.16247507190275967,0.16247507190275967,inside_convoy_envelope,inside,True,0.048424333333969116,2.3491954803466797,2.972196578979492,1.9543792009353638,vae_candidate_pool_v1,belief_limited_heuristic_v1,594
VAE000360,vae_candidate_000360,0.6358442896677406,466.0817565917969,-5102.4794921875,4850.4394629132685,1.642918813487893,0.028873961368017304,4.653424941523247,19,7937.191516303891,2388.344697696258,1.0022815476859461,1.5275478014699175,2729.2762511783208,0.15384273548989058,0.3213915262359245,0.9940947638708422,0.9990649282914722,0.6498276788519811,0.12528519346074327,0.8132918949499994,0.4523809523809524,0.0,0.11549351219143288,0.0,starboard_vae,starboard,False,0.047594740986824036,2.1193699836730957,2.928032398223877,1.075972557067871,vae_candidate_pool_v1,belief_limited_heuristic_v1,595
VAE000022,vae_candidate_000022,0.6358066838691661,-2616.687744140625,-4321.79052734375,5053.909934265706,0.9801090401987558,-0.057538211531757415,4.167145740236495,26,8324.728776939166,2570.4895396681272,1.2150311555643372,2.10394540185928,6444.759142064002,0.4426932181590417,0.26410066511886304,0.951800617716516,0.8612108326223359,1.0,0.15187889444554215,0.8791981371864701,0.6190476190476191,0.0,0.11083819522561027,0.0,astern_vae,astern,False,0.05595433712005615,1.1523653268814087,1.5180628299713135,1.6468909978866577,vae_candidate_pool_v1,belief_limited_heuristic_v1,596
VAE001139,vae_candidate_001139,0.6356444577220549,-3669.705078125,2443.716796875,4212.356748568227,-0.5058513780914689,-0.043426774766966374,4.521928043298973,21,8499.587830676464,2744.556939276953,0.9002210906342739,-2.6791680502652904,8831.305604023737,0.24806090231892844,0.5374527855260207,0.9846951701252695,0.4461193717827864,1.0,0.11252763632928424,0.7859399222185784,0.5,0.0,0.10849095430643933,0.0,astern_vae,astern,False,0.044436946511268616,1.040784478187561,1.9192190170288086,1.798322319984436,vae_candidate_pool_v1,belief_limited_heuristic_v1,597
VAE000866,vae_candidate_000866,0.6351067714649767,-3776.08544921875,-1399.318115234375,4072.1463474893176,0.24030235537474248,-0.021368847241916466,5.0475413790407435,25,8284.352046681224,2566.0561483223596,1.1760216244503388,2.879921450973135,8666.170852418065,0.041619402845213926,0.589454173417593,0.9995670188320338,0.2586952255981593,1.0,0.14700270305629234,0.8883541492715812,0.5952380952380952,0.0,0.11231751887208441,0.0,astern_vae,astern,False,0.11729231476783752,1.4410713911056519,1.4916647672653198,1.3929834365844727,vae_candidate_pool_v1,belief_limited_heuristic_v1,598
VAE000375,vae_candidate_000375,0.6348921079273298,47.235443115234375,-5163.42138671875,5103.449770511336,1.5956826878529544,0.01144570950091421,4.6370760502029365,27,8462.747501339618,2554.3747152354335,1.249015345758005,1.5573556752377533,2667.8854091133467,0.3464720246654913,0.2511774573612567,0.9702882996740025,0.9999096758026359,0.635210811693654,0.15612691821975064,0.9870787853110006,0.6428571428571429,0.0,0.1110662521707641,0.0,starboard_vae,starboard,False,0.07731448113918304,0.706598699092865,1.9838793277740479,1.4763550758361816,vae_candidate_pool_v1,belief_limited_heuristic_v1,599
VAE000071,vae_candidate_000071,0.6334884988346021,-1516.398193359375,5057.5068359375,5477.921055555007,-1.3274667248499872,-0.11849510170210135,4.513224716665332,26,8123.108662024847,2396.6988485261027,1.3354807057185551,-1.9326210304419074,5116.947733546986,0.35030322630366834,0.16681826575407874,0.9696343470142053,0.9352524699023191,1.0,0.1669350882148194,0.9982440137016874,0.6190476190476191,0.0,0.11460579137429001,0.0,port_vae,port,False,0.09092492610216141,2.1435434818267822,1.4876829385757446,1.5772919654846191,vae_candidate_pool_v1,belief_limited_heuristic_v1,600
VAE000489,vae_candidate_000489,0.6331948269402223,3876.89697265625,1563.8184814453125,4385.406609051284,-2.7366454829942235,0.007091205492616083,5.448244317220766,27,8212.427269083451,2295.3831630511877,1.4323100395960522,-0.3978559651029535,8460.315168581457,0.06701879251896292,0.4746634627289684,0.9988775405856329,0.38744266185272797,1.0,0.17903875494950652,0.976170003366026,0.6428571428571429,0.0,0.11841048860318788,0.0,ahead_vae,ahead,False,0.10081906616687775,2.430191993713379,1.5091564655303955,1.3063596487045288,vae_candidate_pool_v1,belief_limited_heuristic_v1,601
VAE000745,vae_candidate_000745,0.6330974594537944,412.91156005859375,4884.4775390625,4961.042276683722,-1.6457159279316171,-0.05794209355277776,4.555854643052835,28,8662.82317812617,2309.5341517783068,1.399504157027751,-1.5538188192109537,2456.2673956196777,0.3980396686285823,0.2894204592653193,0.9609113063676606,0.9998558855797459,0.5848255703856375,0.1749380196284689,0.9075913003307444,0.6666666666666666,0.0,0.11711516294498199,0.0,port_vae,port,False,0.060092926025390625,1.7040270566940308,2.4692344665527344,1.1162222623825073,vae_candidate_pool_v1,belief_limited_heuristic_v1,602
VAE000144,vae_candidate_000144,0.6326200252969041,3878.19482421875,3180.456298828125,4918.036854925269,-2.4248162223919376,0.025800957752965672,4.952411799392829,32,8345.15280069912,2377.3934665625916,1.6129266599196384,-0.6909754734448899,7946.068268164197,0.13335801185350427,0.30162099117286767,0.9955604955019439,0.6372892092618038,1.0,0.2016158324899548,0.9587500139923479,0.7619047619047619,0.0,0.11548913180420041,0.0,ahead_vae,ahead,False,0.06935558468103409,0.7996700406074524,2.513762950897217,1.729195475578308,vae_candidate_pool_v1,belief_limited_heuristic_v1,603
VAE000391,vae_candidate_000391,0.6318366672087017,3829.5859375,2180.76220703125,4520.975082089008,-2.620771362191947,0.053599769793176384,5.356784370787119,31,7946.465274335298,2324.7354568108967,1.6780858078617793,-0.4672215216046697,8141.866302103984,0.14506051324318658,0.4272505179998114,0.9947485801775751,0.4504073372128186,1.0,0.2097607259827224,0.9175564076821717,0.7380952380952381,0.0,0.11755426705798049,0.0,ahead_vae,ahead,False,0.06166877970099449,2.3052592277526855,2.0298190116882324,1.27371084690094,vae_candidate_pool_v1,belief_limited_heuristic_v1,604
VAE000414,vae_candidate_000414,0.6316840423247899,3627.93115234375,-3213.667724609375,5033.85115679412,2.379183854250995,0.05572168120352873,4.723619471846665,28,8047.651785615272,2144.4449966579728,1.6224597937624483,0.8181304805423271,7066.433579185535,0.00941445538774488,0.2694494021630445,0.9999778421710964,0.7298691269337716,1.0,0.20280747422030604,0.9345849901142318,0.6666666666666666,0.0,0.122338740089025,0.0,ahead_vae,ahead,False,0.10996458679437637,2.376540184020996,1.9780737161636353,1.5184181928634644,vae_candidate_pool_v1,belief_limited_heuristic_v1,605
VAE000244,vae_candidate_000244,0.6315950730093839,-221.34259033203125,5113.162109375,4931.980907228351,-1.5383545954121505,0.02661447779652158,4.519077996622456,32,8442.225152043633,2347.3703339506574,1.6147728402048565,-1.576623580381121,2396.5251877473024,0.43024578070094144,0.2976325751206028,0.9544316317117114,0.9999830216058655,0.5706012351779292,0.20184660502560706,0.8079425134423661,0.7619047619047619,0.0,0.11621502876250354,0.0,port_vae,port,False,0.046966325491666794,1.3191680908203125,1.4727318286895752,1.103949785232544,vae_candidate_pool_v1,belief_limited_heuristic_v1,606
VAE000971,vae_candidate_000971,0.6303710368054174,1608.458740234375,-5471.2646484375,5954.768267053127,1.8362607668099864,0.025902455667862437,5.364659048070412,30,8325.585865028641,2482.513265436893,1.4514927557396495,1.3312343424476698,4387.088872337507,0.1298363053843874,0.09174620151560317,0.9957915504204649,0.9714419991404414,1.0,0.1814365944674562,0.9976756048132955,0.7142857142857143,0.0,0.11208928945007401,0.0,starboard_vae,starboard,False,0.0830567255616188,2.0312130451202393,1.9383580684661865,1.3991338014602661,vae_candidate_pool_v1,belief_limited_heuristic_v1,607
VAE000580,vae_candidate_000580,0.6303060313337041,464.66717529296875,5051.900390625,5001.085830709768,-1.637822548543273,-0.052192918104968664,4.812432311692166,32,8026.455709976447,1946.9619950052731,2.047711128975961,-1.555963023151489,2065.8022956788454,0.3471874880533403,0.2783292877792981,0.9701667002171537,0.9998899885686563,0.49185768944734415,0.25596389112199514,0.927443357609955,0.7619047619047619,0.0,0.12973402577676826,0.0,port_vae,port,False,0.06331606209278107,1.6258165836334229,2.9490294456481934,1.6092573404312134,vae_candidate_pool_v1,belief_limited_heuristic_v1,608
VAE001219,vae_candidate_001219,0.6294219227065413,310.15386962890625,-5544.384765625,5548.1737153292615,1.705945065034053,-0.08665385031067317,4.171290114197946,31,8243.660647384946,2440.4729682884035,1.5408756302472268,1.3489937382450672,4194.197238505672,0.4813347561244403,0.15357986643138036,0.9431888851281087,0.9755024858200473,0.9986183901203982,0.19260945378090336,0.8854313312332799,0.7380952380952381,0.0,0.11340453223244244,0.0,starboard_vae,starboard,False,0.05682555213570595,0.863810658454895,2.9955155849456787,1.1173913478851318,vae_candidate_pool_v1,belief_limited_heuristic_v1,609
VAE000540,vae_candidate_000540,0.6294069946021963,3634.57373046875,182.35214233398438,3714.7732345134286,-3.1570881765928704,-0.01652264624232529,4.430636468130714,28,7933.354834215227,2452.41388605137,1.4391543855673083,-0.001027123239247963,7935.8695802934435,0.04459805949218554,0.721247517396681,0.9995028356850215,0.0010271230586485255,1.0,0.17989429819591354,0.844629999238039,0.6666666666666666,0.0,0.11579759279388656,0.0,ahead_vae,ahead,False,0.05140678212046623,1.5783631801605225,1.9992347955703735,1.9248414039611816,vae_candidate_pool_v1,belief_limited_heuristic_v1,610
VAE000423,vae_candidate_000423,0.6293907868534082,-978.2681274414062,-374.01116943359375,1323.6326273786044,0.39562034729354534,0.02521204091759049,4.687969241471092,26,7969.086707157488,2830.4202354969275,1.1526935826416411,2.7711843472138384,8453.221224089344,1.0409686701843182,0.8033131047620412,0.7526923173014481,0.361996077010878,1.0,0.14408669783020514,0.848047787004666,0.6190476190476191,1.0,0.137558381929112,0.137558381929112,inside_convoy_envelope,inside,True,0.05183818191289902,2.3906733989715576,2.438105583190918,1.1918439865112305,vae_candidate_pool_v1,belief_limited_heuristic_v1,611
VAE001075,vae_candidate_001075,0.6289322526857599,3772.001220703125,145.798828125,3812.266533982077,-3.0755353389091495,0.004413684923977968,5.089737577300622,24,8433.248927817089,2582.001279620098,1.1021986348247181,-0.06164362975666561,8576.294241226433,0.04029078669878983,0.6858944512829315,0.9995942180250167,0.06160459685435764,1.0,0.13777482935308977,0.9164548124418532,0.5714285714285714,0.0,0.11245592594400305,0.0,ahead_vae,ahead,False,0.061490703374147415,0.7018576860427856,2.998079299926758,1.4152148962020874,vae_candidate_pool_v1,belief_limited_heuristic_v1,612
VAE000861,vae_candidate_000861,0.6288605508951512,3893.251220703125,-2827.65966796875,4782.138552951088,2.4894543304421997,-0.049078130246508506,5.382097424447335,30,8339.437074989646,2422.061543000308,1.4852492596320355,0.6030601929010848,8242.102157770632,0.07999749341580076,0.34208357337105433,0.9984009533061986,0.5671655117683386,1.0,0.18565615745400443,0.9487509395172002,0.7142857142857143,0.0,0.11451666835827327,0.0,ahead_vae,ahead,False,0.10728245973587036,0.6989461183547974,1.498726725578308,1.7263154983520508,vae_candidate_pool_v1,belief_limited_heuristic_v1,613
VAE000062,vae_candidate_000062,0.6285180291531111,-1276.7958984375,-5804.52685546875,5920.056115940886,1.2962394128046835,-0.06968763015436019,5.694419016552596,36,8259.918272293513,2438.2146011142813,1.7875361063804365,1.7756656106307498,4067.616639655902,0.4309525245391931,0.0961058294852361,0.9542841288561499,0.97908758567325,0.9684801522990243,0.22344201329755456,0.9837026908317942,0.8571428571428571,0.0,0.11319997235296697,0.0,starboard_vae,starboard,False,0.07608015090227127,1.3556162118911743,2.4409983158111572,1.8962340354919434,vae_candidate_pool_v1,belief_limited_heuristic_v1,614
VAE000563,vae_candidate_000563,0.6284043392736675,1801.504150390625,-4985.32080078125,5444.115785795275,1.9405785644123192,-0.08318314470688348,5.38579086144667,28,8086.23589502661,2533.675830672896,1.3666602915506156,1.1178309444705905,5816.973042615749,0.2568060243420607,0.1734739280160789,0.9836030782316146,0.8991533061020627,1.0,0.17083253644382695,0.9018999842771935,0.6666666666666666,0.0,0.11141080751911937,0.0,starboard_vae,starboard,False,0.059225309640169144,2.1830332279205322,2.4355504512786865,1.4556303024291992,vae_candidate_pool_v1,belief_limited_heuristic_v1,615
VAE001038,vae_candidate_001038,0.6283372546620739,73.9388427734375,4917.783203125,5001.58952685939,-1.6088196100120293,-0.022866103374577153,5.183198521020309,20,8127.171803075934,2645.38762790738,0.9302533379337347,-1.555639146952341,2768.2640458437754,0.4086583060035225,0.27819144277599184,0.9588274044621777,0.9998851321487815,0.6591104871056608,0.11628166724171683,0.9404184880036871,0.47619047619047616,0.0,0.10946242084494871,0.0,port_vae,port,False,0.06563735008239746,2.234325647354126,1.9456243515014648,1.6518023014068604,vae_candidate_pool_v1,belief_limited_heuristic_v1,616
VAE000645,vae_candidate_000645,0.6282160453709148,-2357.92236328125,5279.4541015625,5805.463063464596,-1.1308766990707737,-0.002585999402168569,5.667561453980101,36,8289.251317125369,2539.8069858015374,1.709962083113988,-2.013301953921188,5844.676442259563,0.2919784348375612,0.11166150020580587,0.9788381313285761,0.9036815787691943,1.0,0.2137452603892485,0.9766365858816077,0.8571428571428571,0.0,0.11090422383731154,0.0,astern_vae,astern,False,0.10068413615226746,1.0085150003433228,2.04145884513855,1.7029989957809448,vae_candidate_pool_v1,belief_limited_heuristic_v1,617
VAE000867,vae_candidate_000867,0.6279023185036128,3704.391357421875,-3102.087158203125,4811.768561332338,2.435002273778442,-0.028539882846678678,4.9177737643483646,33,8358.667775951923,2596.842762653796,1.5203067427319517,0.6780504969646722,8138.643018983628,0.2716798713663686,0.33302039988932614,0.9816607311043632,0.6272759497201902,1.0,0.19003834284149396,0.8198202647654361,0.7857142857142857,0.0,0.1105316209820575,0.0,ahead_vae,ahead,False,0.04836967960000038,1.299580454826355,2.9583890438079834,1.3056648969650269,vae_candidate_pool_v1,belief_limited_heuristic_v1,618
VAE000657,vae_candidate_000657,0.6273842396498982,3543.28173828125,3035.397216796875,4752.466079380908,-2.4436969106142428,0.05354973126756306,5.5166905266554735,25,8149.385793827649,2326.7873427796835,1.3184341334453191,-0.6443460117079874,7913.019679362563,0.0016882402259419393,0.35129005301358973,0.9999992874614041,0.6006757080930755,1.0,0.1648042666806649,0.9195572753381508,0.5952380952380952,0.0,0.11710576616649299,0.0,ahead_vae,ahead,False,0.06199488043785095,0.6543209552764893,2.8950212001800537,1.1182446479797363,vae_candidate_pool_v1,belief_limited_heuristic_v1,619
VAE001034,vae_candidate_001034,0.6272789289365165,184.11862182617188,5328.90869140625,5351.911589472541,-1.552415168830673,0.009713632941278137,5.103950165743442,29,8375.883388626735,2657.847909788133,1.3026785134659813,-1.5794638518178419,2730.3453435473148,0.20257299665044107,0.19258497859107246,0.9897760793556134,0.9999624372401508,0.6500822246541226,0.16283481418324766,0.988707655903234,0.6904761904761905,0.0,0.1087518395533928,0.0,port_vae,port,False,0.07796671241521835,2.2719695568084717,2.5218758583068848,1.8199591636657715,vae_candidate_pool_v1,belief_limited_heuristic_v1,620
VAE001136,vae_candidate_001136,0.6272715385418952,617.5146484375,5562.55810546875,5572.746601202597,-1.6736903816594064,0.005948007651587368,4.4680196493886495,31,8169.728364938987,2365.619064378396,1.6040181029425278,-1.4619542642787993,3239.0760669263896,0.10385106359090425,0.1491360625242638,0.9973061615509511,0.9940825479801049,0.7712085873634261,0.20050226286781597,0.9567605879311435,0.7380952380952381,0.0,0.11531212485821181,0.0,port_vae,port,False,0.10561361908912659,1.5964573621749878,1.9198942184448242,1.3063561916351318,vae_candidate_pool_v1,belief_limited_heuristic_v1,621
VAE001066,vae_candidate_001066,0.6267986706449092,-323.1434326171875,566.12109375,529.4320466975968,-1.0221908387943308,0.14345523022323522,4.571772534424463,25,8295.487753457253,2878.2821082065084,1.047043497677131,-1.9759465845722268,5914.988938778355,0.33314826697680755,0.5161069341306,0.9725087414313123,0.9190431824073667,1.0,0.13088043720964138,0.9791638956438214,0.5952380952380952,1.0,0.24874275341313865,0.24874275341313865,inside_convoy_envelope,inside,True,0.09992949664592743,2.3050413131713867,1.5285911560058594,1.191406011581421,vae_candidate_pool_v1,belief_limited_heuristic_v1,622
VAE000788,vae_candidate_000788,0.6265005826280153,493.0101013183594,-5581.267578125,5707.103893763006,1.6362091815604933,-0.04039803310638911,6.365682021348249,34,8179.644669577904,2374.679922272484,1.7504084400841813,1.4649854389229102,3225.2802909544944,0.2154713291836321,0.12650496089321236,0.9884378644115688,0.9944072489368357,0.7679238787986892,0.21880105501052266,0.9998496537083033,0.8095238095238095,0.0,0.1149769211737585,0.0,starboard_vae,starboard,False,0.0883365273475647,1.0743666887283325,2.936098098754883,1.3871595859527588,vae_candidate_pool_v1,belief_limited_heuristic_v1,623
VAE001084,vae_candidate_001084,0.6260743870272035,-3047.934814453125,4435.99169921875,5268.329835576492,-0.960864349536412,0.12051481574531189,5.205707087820698,21,8128.054244982624,2606.1798286750345,0.991352993398378,-2.060213488308069,6121.324765295379,0.3597046744961607,0.21113485388988537,0.968000409214363,0.8826070076105736,1.0,0.12391912417479725,0.9545955950911659,0.5,0.0,0.10999261434468997,0.0,astern_vae,astern,False,0.06845502555370331,2.098721742630005,1.953386902809143,1.5912785530090332,vae_candidate_pool_v1,belief_limited_heuristic_v1,624
VAE001138,vae_candidate_001138,0.6257450477567125,-726.4979858398438,-1722.2745361328125,1882.8628326343462,1.2101976930390002,-0.017403760615575355,5.273666470798074,24,8244.02291488632,2495.9656109396437,1.1663622474202389,1.9139911999352173,5124.50389705229,2.4608728309977144,0.9507025552233243,0.11144005104097254,0.9416844069421673,1.0,0.14579528092752986,0.8061477318209788,0.5714285714285714,1.0,0.12711920155963188,0.12711920155963188,inside_convoy_envelope,inside,True,0.04675674811005592,1.5646148920059204,1.4973490238189697,1.5460538864135742,vae_candidate_pool_v1,belief_limited_heuristic_v1,625
VAE000901,vae_candidate_000901,0.6251783695842608,889.3873901367188,-553.7207641601562,1016.7187707488374,2.5690222305285197,0.028563973828554478,4.488878501928396,28,7908.6135116745845,2372.562585100515,1.4922445504979114,0.6011343968898288,7864.060578303432,1.019429596746231,0.6964815463497589,0.7619259556362192,0.5655783680420248,1.0,0.18653056881223892,0.8709291202705889,0.6666666666666666,1.0,0.16356747527537321,0.16356747527537321,inside_convoy_envelope,inside,True,0.0548255518078804,2.2779006958007812,2.948910713195801,1.0600765943527222,vae_candidate_pool_v1,belief_limited_heuristic_v1,626
VAE000259,vae_candidate_000259,0.6250030615536009,549.556884765625,5285.84326171875,5290.089983485539,-1.6689522121241476,0.01011866033976441,5.166178933170653,26,8377.937545234507,2189.6189771777,1.4173192347072197,-1.462521781125881,3082.142653421675,0.04418109229245326,0.20619247518203745,0.9995120871446019,0.9941440357083091,0.7338434889099226,0.17716490433840246,0.8718957741738317,0.6190476190476191,0.0,0.12049555264050964,0.0,port_vae,port,False,0.11957690864801407,0.8063468933105469,2.4556024074554443,1.8890410661697388,vae_candidate_pool_v1,belief_limited_heuristic_v1,627
VAE000673,vae_candidate_000673,0.624585816938118,2496.941162109375,5541.837890625,5783.172314327772,-1.9830439765115628,-0.09169266527151969,5.235914330632622,25,7888.953828967205,2593.553663853134,1.2218709957957665,-1.25024134234975,4947.1965131326815,0.0890500583710434,0.11490177150450083,0.998018831503088,0.9490606923573761,1.0,0.15273387447447082,0.9725377136034895,0.5952380952380952,0.0,0.10998986217628015,0.0,port_vae,port,False,0.07270409166812897,2.340461492538452,1.5177156925201416,1.2491410970687866,vae_candidate_pool_v1,belief_limited_heuristic_v1,628
VAE000045,vae_candidate_000045,0.6245204262055567,4207.8583984375,-1957.9959716796875,4729.8215322513615,2.6968009052764295,0.05388387439071701,4.460798873970677,38,8322.953849418449,2752.5338277221254,1.658721389965103,0.498675622704081,8625.792056253684,0.2534215297242377,0.35840204882420673,0.9840301259517806,0.4782628680735044,1.0,0.20734017374563787,0.9084346706361226,0.9047619047619048,0.0,0.10766118849869503,0.0,ahead_vae,ahead,False,0.06022338941693306,1.5552003383636475,2.9707703590393066,1.5528475046157837,vae_candidate_pool_v1,belief_limited_heuristic_v1,629
VAE000737,vae_candidate_000737,0.6244958775409885,2413.082763671875,-5324.80712890625,5924.520530167905,2.010674263931933,-0.08170762069890723,4.9098717475343925,37,8082.374833804667,2429.2898096429767,1.884444745886327,1.0492107689589532,6133.355402625039,0.11985283823704516,0.09553615980484294,0.9964131210814262,0.8670302569659424,1.0,0.23555559323579087,0.9977748359948839,0.8809523809523809,0.0,0.11350875190740388,0.0,ahead_vae,ahead,False,0.08314766734838486,2.294473171234131,2.945080280303955,1.7758629322052002,vae_candidate_pool_v1,belief_limited_heuristic_v1,630
VAE000161,vae_candidate_000161,0.6244150130976379,-2231.297119140625,-5010.63427734375,5572.053796426721,1.1732477513232535,-0.032913641245054664,5.88012629205144,30,8478.059317812556,2331.7610585840066,1.5175421368625956,1.935431261021485,5201.803048101457,0.47954330276645796,0.1492600381439814,0.9436028617713091,0.9342540088852894,1.0,0.18969276710782446,0.9579633424739581,0.7142857142857143,0.0,0.11606643879935082,0.0,astern_vae,astern,False,0.06918191909790039,1.4400111436843872,1.5277615785598755,1.6830430030822754,vae_candidate_pool_v1,belief_limited_heuristic_v1,631
VAE000096,vae_candidate_000096,0.6242905677259147,-975.9915161132812,670.3599243164062,1026.6972543439188,-0.5957358286275856,0.005796227576832208,4.797756682950294,32,8083.893047333809,2545.932790575024,1.554828471409431,-2.5400605973853754,8105.683257959496,1.2043399449415975,0.7001124883467051,0.6791546781686177,0.5659062707867205,1.0,0.19435355892617887,0.9942315664294157,0.7619047619047619,1.0,0.1597742040208553,0.1597742040208553,inside_convoy_envelope,inside,True,0.08062896877527237,1.642892599105835,2.007685899734497,1.6848200559616089,vae_candidate_pool_v1,belief_limited_heuristic_v1,632
VAE000641,vae_candidate_000641,0.6242446238556649,975.2059326171875,-6139.5830078125,6328.327306177763,1.7474870915863319,-0.021940643707776774,5.471414591086176,35,8409.547149477092,2536.8065774531765,1.6406202943270294,1.3721649182956848,4146.3644898906405,0.11097086193118866,0.054087291144833294,0.9969245249811439,0.9803375570608265,0.9872296404501525,0.20507753679087867,0.9532786201639979,0.8333333333333334,0.0,0.11060445044106185,0.0,starboard_vae,starboard,False,0.10635530203580856,1.7536768913269043,1.480766773223877,1.8098783493041992,vae_candidate_pool_v1,belief_limited_heuristic_v1,633
VAE000344,vae_candidate_000344,0.6239942384090367,1207.4700927734375,5417.78759765625,5532.744703785711,-1.7180018896426408,-0.025962110923478533,5.068352393294253,27,8013.463976095444,2494.544443807788,1.3506792540830783,-1.4495528748706308,3445.4334392682827,0.209596422296219,0.15641924890993783,0.9890574824206007,0.9926590119910147,0.8203412950638769,0.1688349067603848,0.9289084828413019,0.6428571428571429,0.0,0.11226303700870703,0.0,port_vae,port,False,0.0635683462023735,1.345413327217102,2.934602737426758,1.2174160480499268,vae_candidate_pool_v1,belief_limited_heuristic_v1,634
VAE000807,vae_candidate_000807,0.6239250201285785,3406.011474609375,-3893.622314453125,5235.5013760103975,2.291963920083448,0.10694529177129762,4.826376367451167,26,8283.593723117057,2386.1158408943857,1.3154157383595664,0.9565740252776423,6724.012901679457,0.07708343736427503,0.2187421509422011,0.998515271309871,0.8172218996246062,1.0,0.1644269672949458,0.8667936065857881,0.6190476190476191,0.0,0.11499139825934328,0.0,ahead_vae,ahead,False,0.05427161604166031,1.3502812385559082,2.042665481567383,1.8277534246444702,vae_candidate_pool_v1,belief_limited_heuristic_v1,635
VAE000064,vae_candidate_000064,0.6238774950864473,3840.05078125,2936.7919921875,4937.11012148066,-2.5041800094933957,-0.041637294004033175,4.975470797287404,33,8054.91609718564,2675.8830567055356,1.531037362869665,-0.6790499381004306,7948.6911787199215,0.06073223263260896,0.2961732942999386,0.9990781823684514,0.6280539981355644,1.0,0.19137967035870812,0.8457179799037159,0.7857142857142857,0.0,0.10897916068424392,0.0,ahead_vae,ahead,False,0.12298919260501862,1.1214033365249634,2.5260958671569824,1.834822416305542,vae_candidate_pool_v1,belief_limited_heuristic_v1,636
VAE000359,vae_candidate_000359,0.6238697311552829,-1010.7639770507812,5413.978515625,5257.9853505953715,-1.329702320566974,-0.13094565973281244,3.986200900274901,22,8168.836087602546,2354.4814372183146,1.1438451319927567,-1.9428359927556316,5162.911448496838,0.3202670614479497,0.21351236304841414,0.9745756878158438,0.931587832079198,1.0,0.1429806414990946,0.7822691225265308,0.5238095238095238,0.0,0.11585315287667088,0.0,port_vae,port,False,0.04402274265885353,1.4395389556884766,1.8891470432281494,1.9541791677474976,vae_candidate_pool_v1,belief_limited_heuristic_v1,637
VAE001013,vae_candidate_001013,0.6232700709695539,1350.840576171875,898.5000610351562,1761.2529154512463,-2.5418621767452043,0.0182670432066915,4.998181863691763,24,8567.896597696927,2541.4846296741757,1.102172415683949,-0.5814634336378973,8555.750366118295,1.8744506055186234,0.9257729716752632,0.3504953542259874,0.549247457099329,1.0,0.13777155196049362,0.8658163286731028,0.5714285714285714,0.0,0.12835997522186468,0.0,ahead_vae,ahead,False,0.054141685366630554,1.7253515720367432,2.0841047763824463,1.853094220161438,vae_candidate_pool_v1,belief_limited_heuristic_v1,638
VAE000959,vae_candidate_000959,0.6232163049879538,3900.031494140625,-2922.389892578125,5080.512363137359,2.4594197884208873,0.12344604919922054,4.383911463697542,24,8132.14303196892,2357.448961944071,1.2518835534083452,0.8056189143681264,7333.18302387788,0.01900360388466016,0.2571101307359303,0.9999097184768974,0.7212594814148916,1.0,0.15648544417604315,0.9667068017485858,0.5714285714285714,0.0,0.11595350607314178,0.0,ahead_vae,ahead,False,0.07120847702026367,1.533085823059082,2.972564458847046,1.6430858373641968,vae_candidate_pool_v1,belief_limited_heuristic_v1,639
VAE000274,vae_candidate_000274,0.623084271599564,3888.1474609375,3347.29736328125,5123.154625645025,-2.420295546188964,-0.07064520892468375,4.5251818190423885,33,7838.781130445339,2089.044215008994,2.015198212932556,-0.7919423163255127,6993.276076564832,0.24249684445077738,0.24615120324478687,0.9853707206066517,0.7117190218688891,1.0,0.2518997766165695,0.8901788726029531,0.7857142857142857,0.0,0.12426427060851072,0.0,ahead_vae,ahead,False,0.05750196427106857,2.1190085411071777,2.976952075958252,1.7678017616271973,vae_candidate_pool_v1,belief_limited_heuristic_v1,640
VAE000121,vae_candidate_000121,0.6230388843531388,159.07485961914062,5409.91943359375,5396.228999607761,-1.6616381517237007,-0.049643718799588996,4.907263541234599,32,8509.921789948181,2269.611101372748,1.656810974170538,-1.5295982206656815,2618.178780124809,0.3004145147005217,0.18322345371152066,0.9776069547925155,0.9991514780510923,0.6233759000297163,0.20710137177131724,0.999300734338943,0.7619047619047619,0.0,0.11792877094009993,0.0,port_vae,port,False,0.08957450836896896,2.3148932456970215,2.9505438804626465,1.198486566543579,vae_candidate_pool_v1,belief_limited_heuristic_v1,641
VAE000672,vae_candidate_000672,0.6226637187240103,3804.732421875,205.03335571289062,3863.5376176001982,-3.0644045411400764,-0.039447315219601486,4.9520620112260465,22,8433.833443031594,2556.238957770308,1.020460530004345,-0.11663542766931818,8674.004749767622,0.003416220629709255,0.6670408187225974,0.9999970823619898,0.1163711595342078,1.0,0.12755756625054313,0.8249193903705544,0.5238095238095238,0.0,0.11287912123846412,0.0,ahead_vae,ahead,False,0.04898148030042648,1.3615667819976807,1.499370813369751,1.4363739490509033,vae_candidate_pool_v1,belief_limited_heuristic_v1,642
VAE000525,vae_candidate_000525,0.6219059960406521,-1492.1796875,5400.45556640625,5572.797866990181,-1.2945431005521497,0.11954611051481209,5.422482974123826,26,8327.707795957556,2427.738320680553,1.2860148877579127,-1.7275034425228313,3697.666547000951,0.42015257289176394,0.14912689166195806,0.9565133582467074,0.9877465465536237,0.8803967969049884,0.1607518609697391,0.9918126629203712,0.6190476190476191,0.0,0.11365531360339597,0.0,port_vae,port,False,0.07935401797294617,2.201568126678467,2.4613101482391357,1.181517243385315,vae_candidate_pool_v1,belief_limited_heuristic_v1,643
VAE000828,vae_candidate_000828,0.6216079712660654,130.76852416992188,5547.880859375,5560.873589256,-1.6119744884698604,0.14991450559937305,4.855787478893763,32,8234.367553785942,2401.3979522206887,1.618287180673781,-1.3797036595205596,3921.654134666779,0.49186191694829273,0.1512712224041509,0.9407275316961952,0.9817972890062648,0.9337271749206617,0.20228589758422263,0.8516132496161688,0.7619047619047619,0.0,0.11436726705967948,0.0,port_vae,port,False,0.05229200795292854,2.0839550495147705,2.965463161468506,1.2668445110321045,vae_candidate_pool_v1,belief_limited_heuristic_v1,644
VAE000168,vae_candidate_000168,0.6214094045299715,-3496.0634765625,-3156.0751953125,4905.064061282928,0.7801708427266553,-0.06527848755663047,4.576539203813428,29,8260.572445515963,2498.3438079048237,1.405191940657083,2.296143323306508,7349.457427012074,0.44716866790206405,0.3053594183764896,0.9508375116985798,0.7482692712233258,1.0,0.17564899258213537,0.743845217128497,0.6904761904761905,0.0,0.11261356853049098,0.0,astern_vae,astern,False,0.03979460522532463,0.8277895450592041,2.358729124069214,1.5377691984176636,vae_candidate_pool_v1,belief_limited_heuristic_v1,645
VAE000477,vae_candidate_000477,0.6207524373915396,-1090.295166015625,5797.48193359375,5748.166693326015,-1.3857359790045116,0.02706736271404089,5.06541663497624,29,8172.976328247203,2514.312877131126,1.4112320701486623,-1.7287893118712405,3768.9047818084937,0.4087641197395666,0.12013559034961815,0.9588063778430931,0.987545048850407,0.8973582813829747,0.17640400876858278,0.991027989590079,0.6904761904761905,0.0,0.11157153323392974,0.0,port_vae,port,False,0.07898189127445221,1.9832299947738647,2.443932294845581,1.389344573020935,vae_candidate_pool_v1,belief_limited_heuristic_v1,646
VAE001111,vae_candidate_001111,0.6205066590406032,122.97686767578125,-483.8500671386719,525.7447684122498,1.8348894434073637,-0.010396727971534604,5.721395857471375,28,8260.63285984357,2046.172586866568,1.6565419897026972,1.296306482210895,4208.664658717431,0.4320971879519866,0.5147615243820391,0.9540447474933655,0.9625636035231251,1.0,0.20706774871283715,0.8456018225082486,0.6666666666666666,1.0,0.2594717255006723,0.2594717255006723,inside_convoy_envelope,inside,True,0.05152909457683563,1.072403907775879,2.9743571281433105,1.5973137617111206,vae_candidate_pool_v1,belief_limited_heuristic_v1,647
VAE000337,vae_candidate_000337,0.6204142349958763,104.239013671875,5646.439453125,5490.367807266106,-1.6608220384462076,0.01638580050883684,5.10197525920075,28,8656.052899150582,2809.460507199704,1.151370765136574,-1.4643848146347487,3712.9354977238045,0.4582232161241635,0.16441467261066425,0.9484199412738294,0.994343635507641,0.8840322613628105,0.14392134564207176,0.8710004016382477,0.6666666666666666,0.0,0.10572540822867547,0.0,port_vae,port,False,0.054835159331560135,0.7154428362846375,1.9555861949920654,1.4040167331695557,vae_candidate_pool_v1,belief_limited_heuristic_v1,648
VAE000874,vae_candidate_000874,0.6198003615188367,639.5718994140625,-5510.10009765625,5571.823548743227,1.6768657323742964,-0.00831072491010568,4.735367012120083,25,8225.628033119563,2405.460568941458,1.263492591735848,1.4564161963053908,3328.5408780082153,0.23671187452226228,0.14930125718494436,0.9860571592847283,0.9934657214331154,0.7925097328590989,0.157936573966981,0.9931932487899341,0.5952380952380952,0.0,0.11426131957611518,0.0,starboard_vae,starboard,False,0.08005441725254059,1.5986031293869019,1.4981329441070557,1.4660297632217407,vae_candidate_pool_v1,belief_limited_heuristic_v1,649
VAE000528,vae_candidate_000528,0.6196297707865429,-3931.341796875,-2533.559326171875,4733.526837840613,0.618132936198526,0.09656889609904655,3.849893484443207,39,8186.275891314206,2538.488800931047,1.8767351073436325,2.620028613490314,8362.605277935923,0.3716420834387445,0.35723328270980426,0.9658661430898503,0.4982368335471745,1.0,0.23459188841795406,0.8412867644601968,0.9285714285714286,0.0,0.11195332337456536,0.0,astern_vae,astern,False,0.0509880930185318,1.1448054313659668,2.5205740928649902,1.4885368347167969,vae_candidate_pool_v1,belief_limited_heuristic_v1,650
VAE000617,vae_candidate_000617,0.6191799897139435,-593.5580444335938,6250.49560546875,6133.129344101405,-1.4406404753689592,-0.020006920541956155,5.265221381134014,34,8279.022117298533,2586.661939001261,1.5876698642287008,-1.72095909876279,3796.087609189199,0.3345542251553124,0.07175823307248133,0.9722783864095409,0.9887467404986454,0.9038303831402855,0.1984587330285876,0.9996824364672222,0.8095238095238095,0.0,0.10969897501555662,0.0,port_vae,port,False,0.08882170170545578,2.336841106414795,2.940364360809326,1.5744807720184326,vae_candidate_pool_v1,belief_limited_heuristic_v1,651
VAE000254,vae_candidate_000254,0.6191130097834269,-1257.843994140625,5387.3564453125,5418.440477293672,-1.2942972804484467,-0.002475901833232113,5.154861947368684,27,8069.1569792888295,2382.893588993611,1.4042064090805777,-1.8497712749745785,4512.773421232065,0.5835477826211694,0.17865423155629126,0.9172565600112486,0.9613382122163392,1.0,0.1755258011350722,0.8520771523408422,0.6428571428571429,0.0,0.11503299341337378,0.0,port_vae,port,False,0.05235134810209274,1.171600580215454,1.9699681997299194,1.2187602519989014,vae_candidate_pool_v1,belief_limited_heuristic_v1,652
VAE000601,vae_candidate_000601,0.6187984138071383,1348.4029541015625,1044.8154296875,1661.1486120158622,-2.4506007434356896,-0.030545761023777762,4.389316328766714,19,7956.860963957354,2687.2538974078366,0.8885934960279419,-0.7215376711778813,7748.977474517955,2.033248427409917,0.9019511059612673,0.2769280095202263,0.6605399219818096,1.0,0.11107418700349274,0.9671941599320486,0.4523809523809524,0.0,0.1283331420762225,0.0,ahead_vae,ahead,False,0.07132843881845474,2.1297428607940674,2.9268054962158203,1.5253928899765015,vae_candidate_pool_v1,belief_limited_heuristic_v1,653
VAE001020,vae_candidate_001020,0.6187674882555297,434.98919677734375,-5649.462890625,5674.783458177416,1.6134693347210334,-0.03006465273847174,3.86108055978934,27,8541.108310015923,2746.1176785204116,1.151145952880398,1.4980586661302884,3359.5689050563406,0.09135680439618321,0.13169584162146106,0.9979149343525677,0.9973557824972781,0.7998973583467478,0.14389324411004975,0.9424052556800325,0.6428571428571429,0.0,0.10674979955620831,0.0,starboard_vae,starboard,False,0.10852079838514328,2.3894922733306885,2.9771997928619385,1.0999774932861328,vae_candidate_pool_v1,belief_limited_heuristic_v1,654
VAE001033,vae_candidate_001033,0.6187015280541817,-1326.80029296875,-5747.3173828125,6076.033764551971,1.3240878752381415,0.059734739015998115,4.617924720725299,32,8413.47017653438,2376.1630927732763,1.6006580853110177,1.8772395173676497,4803.550660791923,0.2852740332072816,0.07773227461788963,0.9797922850738623,0.9534125791030625,1.0,0.20008226066387721,0.9578128658205859,0.7619047619047619,0.0,0.11459597884234232,0.0,starboard_vae,starboard,False,0.10538405179977417,0.7067792415618896,2.9972710609436035,1.4302223920822144,vae_candidate_pool_v1,belief_limited_heuristic_v1,655
VAE000604,vae_candidate_000604,0.6182819467062396,-956.5376586914062,-350.6602478027344,983.901591206258,0.3472824016247288,0.0020807710019150783,4.198017418293335,25,8406.539232101257,2525.3973508822332,1.177587112228038,2.7963910229669797,8765.174471848353,0.3465907515278428,0.6844906566793403,0.9702681376307029,0.33838642000145175,1.0,0.14719838902850474,0.7962708969293012,0.5952380952380952,1.0,0.16372374668205233,0.16372374668205233,inside_convoy_envelope,inside,True,0.045614130795001984,2.371896982192993,1.9691530466079712,1.2120811939239502,vae_candidate_pool_v1,belief_limited_heuristic_v1,656
VAE000756,vae_candidate_000756,0.6177752907721218,2363.75244140625,-5346.94921875,5805.378621250653,1.9992785678383855,0.021807277345538497,5.576575134189685,29,8118.569139919649,2599.359373911859,1.374207066158991,1.1641213630969462,5598.7208829142055,0.1980626977769846,0.11167364057212846,0.9902248104868838,0.9184411410822884,1.0,0.17177588326987386,0.9144302011132776,0.6904761904761905,0.0,0.10972199643698156,0.0,starboard_vae,starboard,False,0.06116603687405586,2.2488083839416504,2.942695379257202,1.7305359840393066,vae_candidate_pool_v1,belief_limited_heuristic_v1,657
VAE000585,vae_candidate_000585,0.6175611918579395,3801.7236328125,-212.85256958007812,3864.9139288315873,3.0531004575317935,-0.06570050975248205,4.756035839832313,25,8267.651992174864,2199.3370450359434,1.3748839163483142,0.02279168630551822,8315.626984210778,0.05324429644799178,0.6665327926504697,0.9992914286450021,0.02278971312487606,1.0,0.17186048954353927,0.9326345511202865,0.5952380952380952,0.0,0.12209611512587157,0.0,ahead_vae,ahead,False,0.06422054022550583,0.8446119427680969,1.516405701637268,1.238757610321045,vae_candidate_pool_v1,belief_limited_heuristic_v1,658
VAE001101,vae_candidate_001101,0.6172486512086549,-3905.982421875,-2811.011474609375,4666.225632875763,0.539352278159413,0.06568503775427406,5.325353690695017,33,8185.169861798351,2194.8252082395275,1.8369033400348018,2.667925413184655,8285.170285568354,0.2784808654572327,0.37876223469004955,0.9807370753069965,0.45615282794922135,1.0,0.22961291750435023,0.9142212928442511,0.7857142857142857,0.0,0.12103070926130777,0.0,astern_vae,astern,False,0.061132725328207016,0.8283731937408447,2.000217914581299,1.394157886505127,vae_candidate_pool_v1,belief_limited_heuristic_v1,659
VAE000664,vae_candidate_000664,0.6167728503158049,-714.9049682617188,6117.37890625,6097.300019226693,-1.3831882779434168,-0.07884939340823692,3.653362125682101,30,8584.879464611082,2612.8788119969495,1.337419914593697,-1.8372537690546131,4781.201997528497,0.3629873566510728,0.07546199185283539,0.96742014018032,0.9647097583862374,1.0,0.16717748932421211,0.9880857802194051,0.7142857142857143,0.0,0.10902259936393786,0.0,port_vae,port,False,0.07771257311105728,0.6918463110923767,2.9095723628997803,1.0417535305023193,vae_candidate_pool_v1,belief_limited_heuristic_v1,660
VAE000050,vae_candidate_000050,0.6166434093280171,-496.0885009765625,-5931.48388671875,5955.686496761156,1.4491642985394826,0.026100876618776307,5.206464015891605,28,8172.57100243775,2617.003510261478,1.3091669223068643,1.718529231669087,3791.4680258492717,0.30032430326701287,0.09163303624719427,0.9776203003605912,0.9891073271052616,0.9027304823450647,0.16364586528835803,0.9956856176652771,0.6666666666666666,0.0,0.10923181160822049,0.0,starboard_vae,starboard,False,0.09300466626882553,0.7452093362808228,2.969621419906616,1.9139889478683472,vae_candidate_pool_v1,belief_limited_heuristic_v1,661
VAE000052,vae_candidate_000052,0.6166378184710274,-1037.422119140625,-360.23614501953125,1314.9392604310806,0.31144264056278936,0.03523375807651192,5.604296820297535,28,7965.91048966437,2631.7995685943933,1.335579664476525,2.865383771103516,8381.690999184582,1.1222205477850844,0.8004647970344194,0.7168413288689524,0.2727101972196011,1.0,0.16694745805956562,0.9860259655545695,0.6666666666666666,1.0,0.14076158244177664,0.14076158244177664,inside_convoy_envelope,inside,True,0.0769142210483551,1.5118056535720825,2.3355891704559326,1.3459721803665161,vae_candidate_pool_v1,belief_limited_heuristic_v1,662
VAE001182,vae_candidate_001182,0.6165756928724466,3279.406005859375,-4086.612060546875,5250.252258087474,2.24887890059856,-0.05487154136204662,4.097683760725271,25,8377.401432262492,2333.1837122268867,1.2790329890091734,0.8378422116291866,7339.076469524271,0.06382132379903549,0.21530146811347473,0.9989820552486175,0.7432011440175796,1.0,0.15987912362614667,0.9776789959649896,0.5952380952380952,0.0,0.11632688524960719,0.0,ahead_vae,ahead,False,0.07415501773357391,0.813618540763855,1.5117676258087158,1.7721409797668457,vae_candidate_pool_v1,belief_limited_heuristic_v1,663
VAE000707,vae_candidate_000707,0.6165115497783878,-113.735107421875,-5312.73193359375,5129.034533330136,1.5457512633546762,-0.03763620412124168,4.875394462719271,22,8289.509027133134,2111.0144800469466,1.2571950423206988,1.5582051861138757,2215.2187619879764,0.2027116381252425,0.24466399280255613,0.9897621279831635,0.9999207326354167,0.5274330385685658,0.15714938029008735,0.984912008245143,0.5238095238095238,0.0,0.1232671085141813,0.0,starboard_vae,starboard,False,0.09802644699811935,0.7443203330039978,1.5002037286758423,1.0724397897720337,vae_candidate_pool_v1,belief_limited_heuristic_v1,664
VAE000257,vae_candidate_000257,0.6163598322510759,-2126.27490234375,5687.7138671875,6030.159345198024,-1.2036540927484907,0.07818470850181079,5.027328626064441,31,8636.264026069857,2230.1063415273898,1.6095712649225016,-1.8597538523394916,4598.579795993261,0.3903849811415152,0.08281665730267895,0.9623813129751384,0.9585414526616907,1.0,0.2011964081153127,0.9817261340648836,0.7380952380952381,0.0,0.11863069351682792,0.0,port_vae,port,False,0.09911765158176422,1.1956840753555298,2.4082398414611816,1.128296971321106,vae_candidate_pool_v1,belief_limited_heuristic_v1,665
VAE000383,vae_candidate_000383,0.6160387073472372,978.6282958984375,5901.87890625,5820.502305545349,-1.6991579241983912,0.06222407903495476,5.951597683873537,27,8501.690518371788,2130.2070119949904,1.4908593132792738,-1.380210650356447,3702.145561730483,0.06750331119338293,0.1095154954085276,0.9988612582514458,0.9818934564965996,0.8814632289834484,0.18635741415990922,0.9511044142603297,0.6428571428571429,0.0,0.12201719313793757,0.0,port_vae,port,False,0.1068054661154747,2.0349278450012207,1.480096697807312,1.8620550632476807,vae_candidate_pool_v1,belief_limited_heuristic_v1,666
VAE000574,vae_candidate_000574,0.6159519876808058,627.8136596679688,-1863.55908203125,2011.1089715895062,1.8788356641582693,0.00012788268487111366,5.357364916513915,22,8350.124368253724,2374.4866051481727,1.109583558424565,1.262884872116395,4793.474907343261,2.8326222217388883,0.9718157211702614,0.023676428127934024,0.9529686211614181,1.0,0.13869794480307063,0.8839339130098497,0.5238095238095238,1.0,0.127747812282159,0.127747812282159,inside_convoy_envelope,inside,True,0.05661456286907196,1.0358508825302124,1.958869218826294,1.3540922403335571,vae_candidate_pool_v1,belief_limited_heuristic_v1,667
VAE001056,vae_candidate_001056,0.6155606518616992,-209.077880859375,-1810.562744140625,1765.455354182826,1.424588725882925,0.05471355238630977,4.412134862128757,22,8456.201132474296,2394.2375786618672,1.0866261034321318,1.7717174800931776,4033.694370794945,2.6064487778348635,0.9267098815170015,0.06990236669665684,0.9798831571531106,0.960403421617844,0.13582826292901648,0.9324216386623866,0.5238095238095238,1.0,0.13134339534063053,0.13134339534063053,inside_convoy_envelope,inside,True,0.06418284773826599,1.3116081953048706,2.501356601715088,1.1909111738204956,vae_candidate_pool_v1,belief_limited_heuristic_v1,668
VAE001215,vae_candidate_001215,0.6151006397462296,-785.3704223632812,5509.828125,5394.104140843718,-1.44024026272865,0.09093131585149246,4.616248712499399,27,8417.355312756137,2375.3244863502573,1.3504084860960164,-1.6104210750096508,2706.908267193688,0.3526984286210819,0.1836648503627678,0.9692220043427117,0.9992150423790378,0.6445019683794495,0.16880106076200205,0.9924429297864047,0.6428571428571429,0.0,0.11507247614323711,0.0,port_vae,port,False,0.0948670506477356,0.7224016785621643,1.9023799896240234,1.4635635614395142,vae_candidate_pool_v1,belief_limited_heuristic_v1,669
VAE000237,vae_candidate_000237,0.6149383983087929,-334.94268798828125,5327.25390625,5385.977067566577,-1.5442798746416355,-0.02793290100515745,4.767073977199279,31,8188.920497696975,2444.847647924918,1.5484002688811411,-1.625245679953315,2886.885521120775,0.5135984524623451,0.1853600004178629,0.9354910891518179,0.9985180001689649,0.6873536955049465,0.19355003361014264,0.944989903661725,0.7380952380952381,0.0,0.11345294098377233,0.0,port_vae,port,False,0.06650859117507935,0.9999913573265076,2.4324095249176025,1.1999082565307617,vae_candidate_pool_v1,belief_limited_heuristic_v1,670
VAE000043,vae_candidate_000043,0.6144848328196872,-3231.8818359375,-3905.607421875,5247.304722056342,0.8054181802185625,-0.09796526869041478,4.171324103817162,21,8354.7637052561,2297.732523625894,1.0939202246540387,2.238209204680816,6975.929661593035,0.2593722271707858,0.21598605513581554,0.9832755879413936,0.785425607531817,1.0,0.13674002808175484,0.9851972355667779,0.5,0.0,0.1173180428393826,0.0,astern_vae,astern,False,0.09792348742485046,1.8550902605056763,2.4520297050476074,1.7863805294036865,vae_candidate_pool_v1,belief_limited_heuristic_v1,671
VAE000761,vae_candidate_000761,0.6143589816626954,3795.794189453125,3576.025390625,5159.55857071139,-2.2772902220230384,0.09503918210614265,4.9819617835210215,25,8201.22378519849,2283.144251972923,1.3351436496718403,-0.769263249460612,7480.119822609061,0.1558961771501033,0.2370369091957855,0.9939363910613992,0.6956061286705707,1.0,0.16689295620898004,0.9913539094977186,0.5952380952380952,0.0,0.1178818644795131,0.0,ahead_vae,ahead,False,0.09539850056171417,0.8491919636726379,1.5057975053787231,1.3776628971099854,vae_candidate_pool_v1,belief_limited_heuristic_v1,672
VAE000710,vae_candidate_000710,0.6143385347091458,504.27618408203125,5816.23388671875,5846.750562807473,-1.6862987111380865,0.08954312715339885,5.726294013442778,30,8433.269450536896,2437.1025970566816,1.4596591888376595,-1.3657508152983078,4103.1619697599635,0.26536901600170903,0.10584668501397798,0.9824978932314514,0.979051718859442,0.9769433261333247,0.18245739860470744,0.7998841211062765,0.7142857142857143,0.0,0.11318754423927227,0.0,port_vae,port,False,0.046030089259147644,1.5765211582183838,1.5298012495040894,1.9102373123168945,vae_candidate_pool_v1,belief_limited_heuristic_v1,673
VAE000301,vae_candidate_000301,0.6142693768017738,-51.316436767578125,5734.5986328125,6038.710752064196,-1.5647157280601676,0.0577268538475972,4.816652741563029,38,8294.608344208475,2654.544894310859,1.7258285045252024,-1.5191500716820283,3079.200442730114,0.25827004186119007,0.08184923196645283,0.9834166352109097,0.998666628585034,0.7331429625547891,0.2157285630656503,0.9775987545339297,0.9047619047619048,0.0,0.10836191329991615,0.0,port_vae,port,False,0.10040172189474106,1.023044228553772,1.4926602840423584,1.0830219984054565,vae_candidate_pool_v1,belief_limited_heuristic_v1,674
VAE000330,vae_candidate_000330,0.6141668189886468,-3965.1484375,-1631.27978515625,4285.683492504481,0.392477599763409,0.007718818988607086,5.8272793361795285,27,8428.68928780868,2697.1713624904546,1.1876683408866215,2.7568338728149913,8824.803701830255,0.3566146012912589,0.5105971604812354,0.9685420235090516,0.375335564223549,1.0,0.1484585426108277,0.7085565745879092,0.6428571428571429,0.0,0.10926370700223671,0.0,astern_vae,astern,False,0.03604429215192795,2.1984972953796387,1.5044294595718384,1.434434413909912,vae_candidate_pool_v1,belief_limited_heuristic_v1,675
VAE000427,vae_candidate_000427,0.6140398188226714,-685.9524536132812,415.96453857421875,751.5152658035723,-0.49182663728031345,0.09552050498119163,3.803692813683761,26,7860.164914452864,2400.5242964479066,1.3779567416451743,-2.554245511328288,7873.170781854127,0.5089063563850371,0.5982745798974801,0.9366389387712957,0.5541547003505065,1.0,0.1722445927056468,0.9219211260229805,0.6190476190476191,1.0,0.1953527700548418,0.1953527700548418,inside_convoy_envelope,inside,True,0.0623847134411335,1.1392595767974854,1.5068409442901611,1.9415231943130493,vae_candidate_pool_v1,belief_limited_heuristic_v1,676
VAE000387,vae_candidate_000387,0.6140222198609462,391.2540283203125,5806.47900390625,5553.868910479766,-1.5775843054090353,0.020690279988928938,5.552334577167439,34,8362.452699575437,2584.458031109108,1.5731703722394539,-1.5433180681918288,2813.2391110527524,0.324568336665497,0.15254139129775457,0.9738942360081817,0.9996224964059567,0.6698188359649411,0.19664629652993174,0.8987445169619874,0.8095238095238095,0.0,0.1100849706004421,0.0,port_vae,port,False,0.0587533600628376,0.6883403062820435,2.4566006660461426,1.1907546520233154,vae_candidate_pool_v1,belief_limited_heuristic_v1,677
VAE000058,vae_candidate_000058,0.6132963022678573,-171.72064208984375,-5459.01318359375,5516.606607115382,1.5117908589744764,0.0054108908032109325,5.2546025484714916,30,8120.064703389433,2220.030274723716,1.6641898460549251,1.6352126854185276,2738.1292305714505,0.3442335118286628,0.1594299539920135,0.9706671999454943,0.9979259836915515,0.6519355310884406,0.20802373075686564,0.9904558863251062,0.7142857142857143,0.0,0.11950131389503887,0.0,starboard_vae,starboard,False,0.07872060686349869,1.746961236000061,2.9489994049072266,1.2748385667800903,vae_candidate_pool_v1,belief_limited_heuristic_v1,678
VAE000437,vae_candidate_000437,0.6126638522958311,-918.3162231445312,-1160.4736328125,1131.165681638803,0.8850252782223286,0.059970283972437505,4.9215062689526485,25,8537.196024413483,2510.1693944355034,1.1665993365924103,2.3165376593399025,7636.561983022973,1.4892402129816833,0.7376125563458756,0.5407328667455349,0.7345850978671211,1.0,0.1458249170740513,0.8267213684014025,0.5952380952380952,1.0,0.15246925524591762,0.15246925524591762,inside_convoy_envelope,inside,True,0.049199119210243225,1.1630580425262451,1.5117067098617554,1.0673487186431885,vae_candidate_pool_v1,belief_limited_heuristic_v1,679
VAE000143,vae_candidate_000143,0.6125163598187667,997.3692016601562,-5557.09423828125,5692.623811905879,1.7954610707516838,0.011836124278285388,4.39714980622193,28,8435.630857506316,2257.4925826468775,1.470327677571309,1.3579677071163945,3988.3782461069195,0.4185896548118968,0.12881105815603616,0.9568315575070767,0.9774373490818491,0.9496138681206951,0.18379095969641362,0.8558881205275206,0.6666666666666666,0.0,0.11810397494522519,0.0,starboard_vae,starboard,False,0.052841462194919586,1.1434227228164673,1.975457787513733,1.2921535968780518,vae_candidate_pool_v1,belief_limited_heuristic_v1,680
VAE000204,vae_candidate_000204,0.6121502017270866,-2536.72900390625,-5129.39111328125,5740.219713603088,1.0630913066862357,0.06782737756908448,4.886547122557125,35,8601.143919370814,2584.462467131332,1.5744961399316695,2.1463287244726423,6849.555898753453,0.3849278603536158,0.12134876447242621,0.9634127614824467,0.8389026471213069,1.0,0.19681201749145869,0.9565302185564087,0.8333333333333334,0.0,0.10983397779384346,0.0,astern_vae,astern,False,0.06886939704418182,1.5866379737854004,2.069164514541626,1.394625186920166,vae_candidate_pool_v1,belief_limited_heuristic_v1,681
VAE001070,vae_candidate_001070,0.6121103499420414,-884.3196411132812,-6034.29638671875,5982.082031842006,1.3431228230542707,-0.001380996400152625,4.505636739045818,28,8457.4206754341,2455.150781257191,1.34847198757524,1.7970888341353695,4290.115057670401,0.448003232215056,0.08842692555199555,0.950656915932085,0.9745049263051424,1.0,0.168558998446905,0.9538848789288208,0.6666666666666666,0.0,0.11265579377458769,0.0,starboard_vae,starboard,False,0.0683048665523529,1.0803000926971436,2.4355039596557617,1.245208501815796,vae_candidate_pool_v1,belief_limited_heuristic_v1,682
VAE000235,vae_candidate_000235,0.611938945297955,746.6502685546875,6085.5791015625,6189.968067838329,-1.7338282605697282,0.07969697590545172,5.037208038082456,31,8169.264328607374,2343.677622629137,1.6191268393419302,-1.3280674171146132,4238.476876305918,0.08585925897915692,0.06618608346500733,0.9981581787924171,0.9706856899093732,1.0,0.20239085491774128,0.8394949727365321,0.7380952380952381,0.0,0.11551424686668778,0.0,port_vae,port,False,0.1237679272890091,1.2370747327804565,2.302349805831909,1.8312301635742188,vae_candidate_pool_v1,belief_limited_heuristic_v1,683
VAE001181,vae_candidate_001181,0.6118171322438563,4147.46630859375,-1681.42822265625,4403.483293291915,2.7701156379110383,-0.051104933422961595,5.020911802508138,22,7931.0622896383165,2324.0849579227797,1.1935464357624745,0.3203720822557934,8259.41663216054,0.0013854104914523546,0.4682374073167839,0.9999995201595193,0.3149197324884915,1.0,0.14919330447030932,0.9904532474917913,0.5238095238095238,0.0,0.11774226840038025,0.0,ahead_vae,ahead,False,0.09581350535154343,1.5820558071136475,2.49822998046875,1.6248568296432495,vae_candidate_pool_v1,belief_limited_heuristic_v1,684
VAE000108,vae_candidate_000108,0.6116976860336113,1695.94287109375,5948.97509765625,6036.762415290443,-1.827368503693727,-0.0619342953594218,5.1297375379381345,24,8057.888832839412,2355.598949873673,1.2644120269052839,-1.3761584452554878,3869.6064794817717,0.11831526147538907,0.08206884909286492,0.9965044552800557,0.9811177716651168,0.9213348760670885,0.15805150336316048,0.9989317062243608,0.5714285714285714,0.0,0.11533798506482913,0.0,port_vae,port,False,0.08441341668367386,1.4881213903427124,2.054135799407959,1.8273197412490845,vae_candidate_pool_v1,belief_limited_heuristic_v1,685
VAE000886,vae_candidate_000886,0.6113781092669865,-60.8544921875,5343.47265625,5306.187626028136,-1.5591304566739803,-0.016628534927976276,4.725320857186788,24,8038.255266040742,2155.7401443323956,1.385010413498427,-1.599090731843789,2382.2845926821183,0.20731122483366438,0.20258748466385232,0.9892939402548682,0.9995997400256561,0.5672106173052662,0.17312630168730336,0.9805050655172215,0.5714285714285714,0.0,0.12173820474114243,0.0,port_vae,port,False,0.09951099753379822,0.6371403336524963,1.4943163394927979,1.1755704879760742,vae_candidate_pool_v1,belief_limited_heuristic_v1,686
VAE000897,vae_candidate_000897,0.6112332732517631,1103.31884765625,-6315.37255859375,6339.9957045092915,1.7030899058740172,-0.05418172261182605,5.233651546486367,34,8480.33109167989,2144.8520226099135,1.8692559591307643,1.3843210251039502,3679.8918152859187,0.21297681187410247,0.05315667682228767,0.9887030181863772,0.9826638044091246,0.8761647179252188,0.23365699489134553,0.988874723690535,0.8095238095238095,0.0,0.12125876788470094,0.0,starboard_vae,starboard,False,0.07803615182638168,0.84611576795578,2.6475954055786133,1.0991535186767578,vae_candidate_pool_v1,belief_limited_heuristic_v1,687
VAE001098,vae_candidate_001098,0.6106042009554685,-461.3375244140625,5687.310546875,5578.43754824647,-1.5188167010564497,-0.015365057309219806,5.232720036724892,27,8066.3975106785165,2579.040907908342,1.2978542188124234,-1.6381410098425633,3116.013206125027,0.4149726451462983,0.14812055435154015,0.9575636746769024,0.9977332037448648,0.7419079062202445,0.16223177735155292,0.9711138713969804,0.6428571428571429,0.0,0.11033773096507013,0.0,port_vae,port,False,0.07232590764760971,2.2049365043640137,1.969116449356079,1.3679651021957397,vae_candidate_pool_v1,belief_limited_heuristic_v1,688
VAE000015,vae_candidate_000015,0.610435735303427,3476.28125,-5144.408203125,6231.513184628108,2.1699485504150955,0.01338195340932481,5.491807549982914,39,8078.549185055143,2600.610330901702,1.85633327755098,0.9850260565840225,6633.209927639446,0.03100647308310389,0.062340716744213216,0.9997596689122155,0.8332864958669958,1.0,0.2320416596938725,0.9679927786642832,0.9285714285714286,0.0,0.10946079832889476,0.0,ahead_vae,ahead,False,0.10300606489181519,0.6677435636520386,2.9455008506774902,1.5303961038589478,vae_candidate_pool_v1,belief_limited_heuristic_v1,689
VAE000030,vae_candidate_000030,0.6101952959569018,-1152.69873046875,-5618.845703125,5954.889520139166,1.3795883345543696,0.028200821271630906,4.828083838164852,28,8321.919635241647,2203.051347400041,1.5272491577606855,1.7902051403070545,3961.5238819748392,0.4511756398530232,0.0917312516071859,0.9499675586934477,0.9760262931887143,0.9432199718987713,0.19090614472008569,0.9982101976607142,0.6666666666666666,0.0,0.1196474367203531,0.0,starboard_vae,starboard,False,0.08357290923595428,1.4115426540374756,1.905048131942749,1.751678466796875,vae_candidate_pool_v1,belief_limited_heuristic_v1,690
VAE000660,vae_candidate_000660,0.6101398956265722,3759.801513671875,-3874.737060546875,5213.793169559519,2.3561432153989363,0.00794071491441859,4.60070780576514,32,8157.479878411015,2627.048476408951,1.4932271588953479,0.7933901531052759,7594.316408720739,0.2978571045194456,0.22387240337572722,0.9779837820519872,0.7127353291391781,1.0,0.18665339486191848,0.8396171715717634,0.7619047619047619,0.0,0.10960183367139516,0.0,ahead_vae,ahead,False,0.05078018456697464,1.5819189548492432,1.8812636137008667,1.7650861740112305,vae_candidate_pool_v1,belief_limited_heuristic_v1,691
VAE000680,vae_candidate_000680,0.6100149763980979,-3945.458984375,-2435.797119140625,4598.721286018843,0.5633459846550873,-0.015210923213912817,4.744425541603432,22,8055.045907466256,2558.201290912035,1.0676279801834332,2.5630357457207933,8142.974450065112,0.35955080126607575,0.40096923877734286,0.9680274851948991,0.5468162739089627,1.0,0.13345349752292915,0.7819711673109739,0.5238095238095238,0.0,0.11176924396415201,0.0,astern_vae,astern,False,0.043989211320877075,1.9948796033859253,1.4672212600708008,1.4240913391113281,vae_candidate_pool_v1,belief_limited_heuristic_v1,692
VAE000777,vae_candidate_000777,0.6095050561146329,-606.4754028320312,5705.21533203125,5797.09832398174,-1.45826451411979,0.022456070871784837,5.286849286478332,30,8264.03196339702,2526.83924328259,1.4366522366762358,-1.6608720685982181,3259.977842024162,0.40570510066187837,0.112869065169889,0.9594121729132051,0.9959459225918035,0.7761852004819433,0.17958152958452947,0.9891893779786048,0.7142857142857143,0.0,0.11121004021060889,0.0,port_vae,port,False,0.0781683400273323,1.239300012588501,2.4461700916290283,1.3454254865646362,vae_candidate_pool_v1,belief_limited_heuristic_v1,693
VAE001220,vae_candidate_001220,0.6094745104491107,-4437.83642578125,3165.156005859375,5174.325670581512,-0.6127093921399124,0.056251077698090346,4.929254408275824,33,8210.99722645533,2766.4289304312842,1.4527755321142246,-2.4726321837517906,8156.913089837908,0.2855269969258427,0.23340332327559288,0.9797566751451856,0.6201708453941724,1.0,0.18159694151427808,0.9765895455840992,0.7857142857142857,0.0,0.10698144165086962,0.0,astern_vae,astern,False,0.07383512705564499,1.0720324516296387,2.8512778282165527,1.3571749925613403,vae_candidate_pool_v1,belief_limited_heuristic_v1,694
VAE000893,vae_candidate_000893,0.6094632365918461,4303.7724609375,-2176.3525390625,4910.665401551147,2.555062201697899,-0.07720606928577978,4.765242742246318,34,8618.623281424665,2432.194916805413,1.6219693469701604,0.5093243826061145,8710.604843443014,0.22680218121350437,0.30374197545279547,0.9871952230982898,0.48758749414157054,1.0,0.20274616837127005,0.9859788434951553,0.8095238095238095,0.0,0.11399625221387591,0.0,ahead_vae,ahead,False,0.09763626754283905,0.725551426410675,1.50156569480896,1.7727255821228027,vae_candidate_pool_v1,belief_limited_heuristic_v1,695
VAE000520,vae_candidate_000520,0.6090931481486039,1296.7398681640625,6249.8056640625,6308.544271226986,-1.7661209010035834,0.012346756899445253,5.465723934995168,34,8169.149130164007,1914.1988929516303,2.1742778020299554,-1.3631249956867644,3557.3999236038535,0.15906366265410532,0.055695916133034394,0.9936880130879394,0.9785136965870553,0.8469999818104413,0.2717847252537444,0.9893949363271207,0.8095238095238095,0.0,0.13024551299785186,0.0,port_vae,port,False,0.07825572043657303,2.317561149597168,2.345259428024292,1.1034440994262695,vae_candidate_pool_v1,belief_limited_heuristic_v1,696
VAE000928,vae_candidate_000928,0.6084112757941182,1971.655517578125,-6353.1513671875,6588.210265067209,1.88094488457258,-0.02676856663422789,5.637635760785033,30,8379.637835034937,2393.091204427261,1.4960177802428891,1.2338792023829852,5028.680781555411,0.14644338935700696,0.03630140227809648,0.9946481581774582,0.9437782830910412,1.0,0.18700222253036114,0.9999098206457643,0.7142857142857143,0.0,0.11392005928960032,0.0,starboard_vae,starboard,False,0.08809518814086914,1.249307632446289,2.9251561164855957,1.8608520030975342,vae_candidate_pool_v1,belief_limited_heuristic_v1,697
VAE001068,vae_candidate_001068,0.6081293909949411,-953.4606323242188,-248.68145751953125,974.378118865419,0.2932975826816155,0.008957736273177419,4.758419384582012,27,8023.223499423161,2558.425960799503,1.3153520940993837,2.857252807181356,8418.766953868191,0.6517549915816128,0.6809978216164209,0.8975102380399835,0.28052386599002754,1.0,0.16441901176242296,0.9907961210828152,0.6428571428571429,1.0,0.16426083735805447,0.16426083735805447,inside_convoy_envelope,inside,True,0.09565789252519608,1.3243422508239746,2.8989224433898926,1.1928396224975586,vae_candidate_pool_v1,belief_limited_heuristic_v1,698
VAE001128,vae_candidate_001128,0.6080819345883204,4374.26318359375,-2132.976318359375,4824.271415387722,2.682602412282202,0.07143662047487222,4.665307313729713,26,8411.659750600566,2334.4607086130577,1.324052122994051,0.5304268617824637,8436.83106507265,0.1830850855719719,0.3292356725499736,0.9916433450617115,0.505901594500842,1.0,0.16550651537425637,0.9819762027502066,0.6190476190476191,0.0,0.11668968642922696,0.0,ahead_vae,ahead,False,0.07549738883972168,1.502543568611145,1.9336633682250977,1.1471952199935913,vae_candidate_pool_v1,belief_limited_heuristic_v1,699
VAE000900,vae_candidate_000900,0.6079571736754585,3610.105712890625,3971.63671875,5250.132392570508,-2.3509254075521158,0.011555530594315395,4.802550291919225,28,7989.966918449023,2641.055625826845,1.326891774188546,-0.779111715443362,7540.896363688397,0.03131504882986258,0.21532927918948025,0.9997548619627008,0.7026476483054331,1.0,0.16586147177356825,0.8785117988646628,0.6666666666666666,0.0,0.1093826683259082,0.0,ahead_vae,ahead,False,0.0558595135807991,2.251615047454834,1.5049628019332886,1.6507377624511719,vae_candidate_pool_v1,belief_limited_heuristic_v1,700
VAE000290,vae_candidate_000290,0.6078540886241343,-475.67791748046875,5393.0546875,5445.088800951514,-1.4478545072398683,0.06762748695407886,5.829776429412668,29,8466.996876530622,1924.4851845622861,1.779729611020575,-1.6261106593958459,2389.6492718134687,0.2981497373915658,0.17327974308486227,0.9779408217593906,0.9984705523319044,0.5689641123365402,0.22246620137757186,0.9999709576594503,0.6904761904761905,0.0,0.1301453211713444,0.0,port_vae,port,False,0.08679617196321487,1.0138121843338013,2.4941742420196533,1.6707311868667603,vae_candidate_pool_v1,belief_limited_heuristic_v1,701
VAE000006,vae_candidate_000006,0.607835008433047,-657.1242065429688,-5689.17626953125,5437.596637302087,1.4893139144492085,-0.003818649252389309,5.294242390871714,30,8217.440687754412,2417.3546164909985,1.5102342395833765,1.648460089888195,3047.6239447950893,0.5663063129689716,0.17477896791597128,0.9219442296862559,0.9969856855181667,0.7256247487607356,0.18877927994792207,0.9138801272565457,0.7142857142857143,0.0,0.11406983093415245,0.0,starboard_vae,starboard,False,0.061078399419784546,2.1282057762145996,2.46354341506958,1.7828391790390015,vae_candidate_pool_v1,belief_limited_heuristic_v1,702
VAE000388,vae_candidate_000388,0.6076441469195645,964.1353149414062,896.8494262695312,1233.4422781221099,-2.3692091743564165,0.01928881968949956,5.686639348431461,30,8289.365160754493,2439.6675830127883,1.483437753741561,-0.753094659543877,7716.209507131709,1.6368427936168486,0.7731742500836252,0.4670007699911246,0.6838998203537856,1.0,0.18542971921769513,0.816303866961145,0.7142857142857143,1.0,0.14784136569070055,0.14784136569070055,inside_convoy_envelope,inside,True,0.047951143234968185,2.280839443206787,2.0964932441711426,1.568718671798706,vae_candidate_pool_v1,belief_limited_heuristic_v1,703
VAE000859,vae_candidate_000859,0.6073728579165418,3485.943603515625,3918.62646484375,5287.661470538965,-2.355864299420668,0.019073768764347195,4.402611777320575,25,8412.327293797352,2425.1641170343896,1.2254136501542623,-0.7666545854047777,7741.265056383751,0.04780992140691387,0.2067401118423783,0.9994286616960866,0.6937296387759432,1.0,0.1531767062692828,0.9999809084063741,0.5952380952380952,0.0,0.11390324656047617,0.0,ahead_vae,ahead,False,0.08764776587486267,1.8667526245117188,1.9779269695281982,1.8671462535858154,vae_candidate_pool_v1,belief_limited_heuristic_v1,704
VAE000683,vae_candidate_000683,0.6071236177355273,309.8033447265625,5336.70654296875,5328.950773392295,-1.7158779529645356,-0.040555745544759686,4.625906154046154,27,8302.535833950002,2015.382337147344,1.6135987819936226,-1.4662704461700171,2870.633130235551,0.5131939927796607,0.19756406466713633,0.9355904120040703,0.9945421420804463,0.6834840786275121,0.20169984774920283,0.9248922688528494,0.6428571428571429,0.0,0.12659006278957527,0.0,port_vae,port,False,0.06288208067417145,0.7913596034049988,2.950793504714966,1.619693636894226,vae_candidate_pool_v1,belief_limited_heuristic_v1,705
VAE000666,vae_candidate_000666,0.6070388163148616,532.1893310546875,-566.4297485351562,742.9019218966645,2.4125578695763576,-0.008537418614063874,5.325059977280867,35,7982.3327415902995,2614.6445682528843,1.6769710191423313,0.7204973653993724,7723.578909198893,0.9578687701144701,0.5950631644612051,0.7876322838996697,0.6597585125560183,1.0,0.2096213773927914,0.8777329261452024,0.8333333333333334,1.0,0.1940388722789745,0.1940388722789745,inside_convoy_envelope,inside,True,0.055752161890268326,1.8677752017974854,2.0634918212890625,1.0987083911895752,vae_candidate_pool_v1,belief_limited_heuristic_v1,706
VAE000907,vae_candidate_000907,0.6069384196034618,2671.4189453125,-6054.65576171875,6489.713196959874,2.0227119357979264,0.012298243980065817,4.918221139861518,38,8483.75057703987,2271.2223334422406,1.9721323395275887,1.1311789617719328,5665.889127188404,0.23642902689475265,0.04235078812417347,0.9860903047815266,0.9049145763212907,1.0,0.2465165424409486,0.915353819485269,0.9047619047619048,0.0,0.11724477853420606,0.0,starboard_vae,starboard,False,0.06131373345851898,1.1538639068603516,2.1001932621002197,1.8946633338928223,vae_candidate_pool_v1,belief_limited_heuristic_v1,707
VAE000516,vae_candidate_000516,0.6068302025955047,4005.14794921875,-2630.148681640625,4923.894278657379,2.6560016764297556,0.11878263163536214,5.367922436514567,27,8357.186094113693,2339.064063566532,1.3812159172097953,0.6043736087953999,8205.944705985323,0.09799220991197011,0.29994180933305764,0.9976013020737813,0.5682467566314396,1.0,0.1726519896512244,0.896003649769972,0.6428571428571429,0.0,0.11648530655948525,0.0,ahead_vae,ahead,False,0.05834835395216942,2.2489523887634277,1.5022166967391968,1.9090158939361572,vae_candidate_pool_v1,belief_limited_heuristic_v1,708
VAE000230,vae_candidate_000230,0.6067740102101197,589.841552734375,335.0999755859375,768.9169900457324,-2.6611375214242288,-0.030101937424155942,5.6227359870792375,26,8151.710466908969,2576.2441242894774,1.2380482987742933,-0.5105570695897202,8371.058672659787,0.21072710083614646,0.6047638899353264,0.9889395424197405,0.48866335053539356,1.0,0.15475603734678667,0.7649975969125429,0.6190476190476191,1.0,0.1899216590960659,0.1899216590960659,inside_convoy_envelope,inside,True,0.04209963232278824,2.301802635192871,2.9888689517974854,1.8174675703048706,vae_candidate_pool_v1,belief_limited_heuristic_v1,709
VAE000031,vae_candidate_000031,0.606495059588869,3535.794677734375,3780.62158203125,5147.098901588533,-2.3136425623245063,0.04498497589317963,5.22661416568857,26,8444.292164518622,2469.9125205183686,1.246604026240219,-0.7829651153721072,7727.76376181518,0.06740649493071516,0.24013129395152638,0.9988645211414894,0.7053842651892848,1.0,0.15582550328002737,0.8178357061876983,0.6190476190476191,0.0,0.11293715451890397,0.0,ahead_vae,ahead,False,0.12639978528022766,1.2504583597183228,1.8553266525268555,1.6061147451400757,vae_candidate_pool_v1,belief_limited_heuristic_v1,710
VAE000474,vae_candidate_000474,0.6064130590715835,-486.736572265625,-5251.63134765625,5402.768555408786,1.5662006316611592,-0.026335019984197666,4.678604867398155,24,8144.774718787839,2553.849938052509,1.1538166199666962,1.5490570019444363,2730.2944465704654,0.46866057335352673,0.18186968973447346,0.946087048103678,0.999763710183589,0.6500701063263012,0.14422707749583702,0.9999936850104655,0.5714285714285714,0.0,0.11097153330369082,0.0,starboard_vae,starboard,False,0.08748576045036316,1.3789384365081787,1.9464598894119263,1.6256965398788452,vae_candidate_pool_v1,belief_limited_heuristic_v1,711
VAE000610,vae_candidate_000610,0.6055504166715967,2974.7568359375,-5883.486328125,6568.015227593562,1.967074975981952,-0.002006922823299819,4.951363591006106,31,8501.909790170499,2462.9688693164753,1.4804245508264136,1.1725107547845417,5567.555025194228,0.03367716620932093,0.03747810861049327,0.9997164889159244,0.9217272697614923,1.0,0.1850530688533017,0.9731940338487081,0.7380952380952381,0.0,0.11214251783094652,0.0,ahead_vae,ahead,False,0.07288157194852829,2.185351848602295,2.9144139289855957,1.5838085412979126,vae_candidate_pool_v1,belief_limited_heuristic_v1,712
VAE000368,vae_candidate_000368,0.6053013212450752,146.26336669921875,462.6083679199219,506.23786621321466,-1.837339984099179,0.09584748667951565,4.1142199184950865,28,8309.632130825397,2395.1138600690792,1.406857368293955,-1.2084051828110984,5185.412279936421,0.540047834030135,0.5076585878915308,0.928842043593028,0.9350518105407636,1.0,0.17585717103674436,0.872237624738174,0.6666666666666666,1.0,0.26235716681001087,0.26235716681001087,inside_convoy_envelope,inside,True,0.05500224605202675,2.0903382301330566,1.5039918422698975,1.729783296585083,vae_candidate_pool_v1,belief_limited_heuristic_v1,713
VAE000884,vae_candidate_000884,0.6049493218495268,4234.6787109375,-2583.251708984375,5071.650130305582,2.5421523137075814,0.012743093578221504,4.098184321379257,29,8324.88009851863,2189.471969854198,1.5910382518342152,0.612183433460433,8071.234940221836,0.19477466724048267,0.25942584217556297,0.9905456532954788,0.5746557400480612,1.0,0.1988797814792769,0.9969565142355392,0.6904761904761905,0.0,0.12071238905402891,0.0,ahead_vae,ahead,False,0.09208443015813828,1.0159461498260498,1.509748935699463,1.876293420791626,vae_candidate_pool_v1,belief_limited_heuristic_v1,714
VAE000890,vae_candidate_000890,0.6049467152408012,670.864990234375,-5780.67529296875,5807.745360058647,1.7091249257852008,0.0201801140758317,5.47543766821189,24,8319.190990269763,2295.6849510837023,1.2566601968379272,1.452647841880424,3260.295453629793,0.207826113470732,0.11133375722206018,0.9892408857777686,0.9930285829577611,0.7762608222928079,0.1570825246047409,0.9891786981839042,0.5714285714285714,0.0,0.11698272235037659,0.0,starboard_vae,starboard,False,0.09636910259723663,1.7123562097549438,2.871647834777832,1.8909590244293213,vae_candidate_pool_v1,belief_limited_heuristic_v1,715
VAE000076,vae_candidate_000076,0.604374144212888,3658.356689453125,5959.78564453125,6832.675578738175,-2.107073911106608,-0.13863695906599974,5.199608691621095,39,8332.346388309223,2470.2746639123807,1.8947505726202183,-1.1731557015491847,5504.189198756448,0.13512028204965576,0.024372653524593668,0.9954425676190242,0.9219772133456127,1.0,0.23684382157752729,0.8546352782688877,0.9285714285714286,0.0,0.1119377933593586,0.0,ahead_vae,ahead,False,0.05267981439828873,1.8722573518753052,1.9805443286895752,1.9208245277404785,vae_candidate_pool_v1,belief_limited_heuristic_v1,716
VAE000260,vae_candidate_000260,0.6043097649856354,-69.84771728515625,-6451.333984375,6313.243553871556,1.5497230169554772,0.10465352276652697,4.644599433282573,31,8502.648168515794,2693.1746673422163,1.3537640106414102,1.696523159400843,3738.1137638010773,0.3890849870372659,0.055310262580962714,0.9626282749737258,0.9921067874940689,0.8900270866193041,0.16922050133017627,0.9740834504327328,0.7380952380952381,0.0,0.10735115207343807,0.0,starboard_vae,starboard,False,0.0731254443526268,2.310225248336792,2.969714403152466,1.082901120185852,vae_candidate_pool_v1,belief_limited_heuristic_v1,717
VAE000403,vae_candidate_000403,0.6041501463949579,-269.74737548828125,479.3123779296875,526.5709044935159,-1.1133138005062644,-0.04521580371194562,5.3921585937710335,23,8524.228063841627,1971.3690682760962,1.3686891906338599,-2.073494656795474,5834.385727238232,0.19103440659068505,0.5150628888845444,0.9909041764478461,0.8762857203156473,1.0,0.17108614882923248,0.8386475799543902,0.5476190476190477,1.0,0.26052277352865,0.26052277352865,inside_convoy_envelope,inside,True,0.050659798085689545,0.7311758995056152,2.9399542808532715,1.8691315650939941,vae_candidate_pool_v1,belief_limited_heuristic_v1,718
VAE000316,vae_candidate_000316,0.6041353399331174,621.0894165039062,-5627.41162109375,5662.983303633756,1.6485307163671101,0.11986724549417743,6.070752237076648,27,8106.780785514355,2643.1404902902746,1.2600712042657287,1.61292918271686,2982.255595807872,0.009542428918334567,0.1336304992539304,0.9999772356853247,0.9991125425204656,0.7100608561447315,0.1575089005332161,0.8520665389457133,0.6428571428571429,0.0,0.10893855134724578,0.0,starboard_vae,starboard,False,0.1221829354763031,0.673508882522583,1.487803339958191,1.6278325319290161,vae_candidate_pool_v1,belief_limited_heuristic_v1,719
VAE001167,vae_candidate_001167,0.6041344855584592,3824.481201171875,-3520.384033203125,5190.656359317722,2.3928804888324904,-0.04721267386212176,4.966652202906139,25,8137.996076817701,2168.7090689988113,1.4165151929384228,0.7014994908951809,7616.020837339626,0.04008766048841661,0.2294277984237427,0.9995982986686545,0.6453638364511042,1.0,0.17706439911730285,0.9944601042414875,0.5952380952380952,0.0,0.12136044928506959,0.0,ahead_vae,ahead,False,0.08076215535402298,2.1375374794006348,2.9596493244171143,1.8149023056030273,vae_candidate_pool_v1,belief_limited_heuristic_v1,720
VAE000821,vae_candidate_000821,0.6040137269314048,2023.3720703125,6994.76171875,7263.617880478932,-1.8139948446741385,-0.01714592777744519,4.7788114295494255,29,8293.487912261286,2575.3762025505266,1.3577509131740009,-1.3447437366930999,4368.693850647436,0.021346209865826582,0.01142898262598517,0.9998860891565806,0.9745587275543522,1.0,0.1697188641467501,0.9636003982685934,0.6904761904761905,0.0,0.10942960596949453,0.0,port_vae,port,False,0.10407032072544098,0.787893533706665,2.0996129512786865,1.0846593379974365,vae_candidate_pool_v1,belief_limited_heuristic_v1,721
VAE000905,vae_candidate_000905,0.603852886116663,1899.491455078125,6567.029296875,6818.190490836519,-1.8741425624126113,-0.03667305553191046,5.373782471176727,29,8225.944080587482,2420.611629631062,1.4564216612218366,-1.3041231467090921,4502.7811070523985,0.0543583418918534,0.024970551851567404,0.9992614745449521,0.9646529288108827,1.0,0.18205270765272957,0.9406940415822275,0.6904761904761905,0.0,0.11320452257609546,0.0,port_vae,port,False,0.10884393751621246,1.0903733968734741,2.4744749069213867,1.773619294166565,vae_candidate_pool_v1,belief_limited_heuristic_v1,722
VAE000846,vae_candidate_000846,0.6034549232699156,-1812.748291015625,-5440.50048828125,5746.9655716919515,1.3479082845824155,-0.026144205235741475,5.3087156205275905,22,8690.05443089509,2173.8118835488317,1.1646038608961449,1.767540163771636,3830.5813169373323,0.4970483776800475,0.1203183550448371,0.9394969100883399,0.9807082808056977,0.9120431706993648,0.1455754826120181,0.9994562444622717,0.5238095238095238,0.0,0.12053973945713818,0.0,starboard_vae,starboard,False,0.08930166810750961,1.1673091650009155,1.5094496011734009,1.6125023365020752,vae_candidate_pool_v1,belief_limited_heuristic_v1,723
VAE000554,vae_candidate_000554,0.6034410547136053,-231.94927978515625,5497.443359375,5485.332955535573,-1.4872531297781693,0.03715183588032937,5.398571581981553,25,8207.499667631564,2618.6428136704235,1.1631959214361596,-1.6171876879312945,2996.445972839862,0.4245454880643935,0.165383920381125,0.9556130217812462,0.9989241137831838,0.7134395173428243,0.14539949017951995,0.8964701610214084,0.5952380952380952,0.0,0.10951148799905847,0.0,port_vae,port,False,0.05841697379946709,1.774820327758789,1.4887819290161133,1.6654374599456787,vae_candidate_pool_v1,belief_limited_heuristic_v1,724
VAE000503,vae_candidate_000503,0.6034035534745088,-760.4811401367188,-754.1758422851562,1118.7307012783956,0.8519540929896943,0.021014593538618086,5.691048823715715,30,8358.907951009976,2156.2067084155815,1.664490493394101,2.310653154138717,7227.925756452919,1.6444590468749982,0.7332042218735553,0.4632019399558266,0.7385650907518801,1.0,0.20806131167426262,0.8928901074866848,0.7142857142857143,1.0,0.16053954448959087,0.16053954448959087,inside_convoy_envelope,inside,True,0.05789358168840408,1.3824933767318726,1.5195198059082031,1.4368809461593628,vae_candidate_pool_v1,belief_limited_heuristic_v1,725
VAE001025,vae_candidate_001025,0.6031128822860023,2411.4306640625,5838.95068359375,6304.942151043492,-2.033387549804341,0.04660204099155656,5.380571556309569,33,8219.595160329682,1964.6696654913608,2.043496849196434,-1.0616030627938955,5722.258672116022,0.19718904369700807,0.05599303249671614,0.9903105779650117,0.8731380537609131,1.0,0.2554371061495542,0.9892194702607844,0.7857142857142857,0.0,0.12808081482464398,0.0,port_vae,port,False,0.07818108052015305,1.3001993894577026,2.908919334411621,1.9174290895462036,vae_candidate_pool_v1,belief_limited_heuristic_v1,726
VAE000779,vae_candidate_000779,0.6029320722933738,205.3817901611328,5591.798828125,5620.756678614697,-1.6407394743313541,0.04206074428131734,5.291325413433972,28,8051.894746950397,2319.969463601476,1.498917304965151,-1.4587924349771217,3205.391955366582,0.47885513735952046,0.14072871032425227,0.9437615075466614,0.9937341186094597,0.7631885608015672,0.18736466312064387,0.9171068030612582,0.6666666666666666,0.0,0.11656486869039773,0.0,port_vae,port,False,0.06159597635269165,1.1696871519088745,1.9444540739059448,1.1995967626571655,vae_candidate_pool_v1,belief_limited_heuristic_v1,727
VAE001012,vae_candidate_001012,0.6029213327596427,-606.0159301757812,6860.50341796875,6982.729590538029,-1.4770594164013995,-0.07157493824228478,5.026673486740681,31,8409.43949001657,2712.776187244465,1.358878662648497,-1.7361081754306784,4059.649967572883,0.35032507131289914,0.01887303890217512,0.9696305984882436,0.9863670855174537,0.9665833256125912,0.16985983283106212,0.9862535583239306,0.7380952380952381,0.0,0.10671875820411379,0.0,port_vae,port,False,0.0975334644317627,0.7562141418457031,2.480508327484131,1.066888689994812,vae_candidate_pool_v1,belief_limited_heuristic_v1,728
VAE000060,vae_candidate_000060,0.6028100535145173,1615.564453125,6357.99951171875,6372.3232681921045,-1.7631951563266108,-0.035212322141880796,6.202443649807373,24,8152.967740651585,2801.0676422432925,1.050925478565659,-1.413609819405063,4042.8007629885137,0.17404352163147108,0.05064755610952516,0.9924463095540019,0.9876716160662419,0.9625716102353604,0.13136568482070737,0.9320638261093368,0.5714285714285714,0.0,0.10554717749824384,0.0,port_vae,port,False,0.0641196221113205,1.0592498779296875,2.106199264526367,1.6795601844787598,vae_candidate_pool_v1,belief_limited_heuristic_v1,729
VAE000786,vae_candidate_000786,0.6027165844746077,-1079.430908203125,-418.1647033691406,1113.8358031827222,0.3732739267856986,-0.06844001036185357,5.372411821759117,29,8461.574063179354,2430.2333788357214,1.4102589228856819,2.6998787164422415,8688.334048968347,1.1253621170458494,0.7314644337038643,0.7154248810301231,0.4274895261761001,1.0,0.17628236536071024,0.8284999176711056,0.6904761904761905,1.0,0.15502342901175273,0.15502342901175273,inside_convoy_envelope,inside,True,0.04941468685865402,0.7400575876235962,2.954202890396118,1.8931291103363037,vae_candidate_pool_v1,belief_limited_heuristic_v1,730
VAE000800,vae_candidate_000800,0.6022701371817222,2678.327392578125,-5441.0107421875,6219.333008381911,2.0945211206708567,0.05583770680843376,4.956347906740379,29,8065.2502370602015,2446.127288634094,1.4699450452951368,1.10290923972737,5820.6650817038135,0.2333237436596662,0.06344864093464307,0.9864516396891883,0.8925232066141768,1.0,0.1837431306618921,0.9747006538264336,0.6904761904761905,0.0,0.112939733688241,0.0,ahead_vae,ahead,False,0.07329704612493515,0.6680335998535156,2.957186222076416,1.4321200847625732,vae_candidate_pool_v1,belief_limited_heuristic_v1,731
VAE001049,vae_candidate_001049,0.6020568209251189,-260.52191162109375,5305.6142578125,5445.931925141014,-1.502818908957335,0.012065240515807433,4.176459519509238,25,8340.555289113634,2578.047626564612,1.1626636824896006,-1.6267085041166507,3040.114635164502,0.38172533327576663,0.17311160621327806,0.9640116461265104,0.9984373213773354,0.72383681789631,0.14533296031120008,0.8166696337150628,0.5952380952380952,0.0,0.1103161095076346,0.0,port_vae,port,False,0.04799455404281616,2.1900014877319336,2.961381435394287,1.7653634548187256,vae_candidate_pool_v1,belief_limited_heuristic_v1,732
VAE000229,vae_candidate_000229,0.6020052433453873,-3313.97705078125,-4115.7353515625,5316.180343006147,0.8174424807626561,-0.005795563720240134,4.867389868984658,23,8195.614736267544,2466.0311096868627,1.138014381176366,2.318354609106897,7380.256442844482,0.26600404155713697,0.20037156452855687,0.9824145233407618,0.7333510554791273,1.0,0.14225179764704576,0.9540397253091022,0.5476190476190477,0.0,0.11300187954908394,0.0,astern_vae,astern,False,0.10619543492794037,0.7109088897705078,2.395864486694336,1.6711690425872803,vae_candidate_pool_v1,belief_limited_heuristic_v1,733
VAE000187,vae_candidate_000187,0.6019996306935543,2107.800537109375,-5559.599609375,6120.13292475308,1.985766320844753,0.032801120172960996,5.069773287477329,27,8220.39371638476,2074.751576575529,1.5830879466900174,1.1886274529180005,4990.737061503919,0.2670494699578059,0.07308430919871019,0.9822768496144858,0.9278579722658902,1.0,0.19788599333625218,0.9336349305029008,0.6428571428571429,0.0,0.12392060599434983,0.0,starboard_vae,starboard,False,0.06439835578203201,1.8650702238082886,2.428466796875,1.6666676998138428,vae_candidate_pool_v1,belief_limited_heuristic_v1,734
VAE000484,vae_candidate_000484,0.6019694739973229,-4241.57421875,2405.380615234375,4742.639891295302,-0.5010682132178013,-0.029466449912788045,4.896973293063398,28,8305.570192552617,2248.057148548144,1.4996200248746434,-2.66999089028478,8420.271856011905,0.10235439079817617,0.35436711189573994,0.9973831804436382,0.4543137851636069,1.0,0.18745250310933043,0.8724949109274879,0.6666666666666666,0.0,0.11926773037859131,0.0,astern_vae,astern,False,0.11949585378170013,0.75618976354599,2.021775722503662,1.4108167886734009,vae_candidate_pool_v1,belief_limited_heuristic_v1,735
VAE001127,vae_candidate_001127,0.6016532617344672,-1463.54443359375,-5333.259765625,5746.349897195839,1.2956504359176122,-0.0626273787186596,4.074185787682051,21,8444.041024782251,2506.8677710369175,0.9920590724918688,1.783314838953521,4231.507835230573,0.53186907370234,0.12041211941492753,0.9309303424553925,0.9775028047106002,1.0,0.1240073840614836,0.8942095560083018,0.5,0.0,0.11160412140623215,0.0,starboard_vae,starboard,False,0.05808563157916069,1.258068561553955,2.0476996898651123,1.130230188369751,vae_candidate_pool_v1,belief_limited_heuristic_v1,736
VAE000746,vae_candidate_000746,0.6014319488496787,-360.6087646484375,-6540.7470703125,6434.291788289275,1.496835806222561,0.045159851634479296,5.553157578664829,31,8615.858600901309,2594.185746437786,1.3869540149754989,1.6899166990017112,3599.70099466026,0.35896538846140064,0.04611320171638601,0.9681303948488156,0.9929135539346404,0.8570716653953,0.17336925187193736,0.9999983138123546,0.7380952380952381,0.0,0.10921539233572569,0.0,starboard_vae,starboard,False,0.08715314418077469,1.480034351348877,1.527371883392334,1.1259846687316895,vae_candidate_pool_v1,belief_limited_heuristic_v1,737
VAE000582,vae_candidate_000582,0.6010386649261953,3625.977783203125,4944.884765625,6255.420074299029,-2.1925171963968384,-0.03169950863247256,4.356730214975654,33,8265.905149324573,2692.2238130344344,1.4829016932613013,-0.9807749658254272,6836.020447941355,0.023198492316668595,0.0602122316606726,0.9998654635223458,0.8309287944997646,1.0,0.18536271165766266,0.9851448919956711,0.7857142857142857,0.0,0.1075216979678042,0.0,ahead_vae,ahead,False,0.07659047096967697,1.8323705196380615,1.5210294723510742,1.6651995182037354,vae_candidate_pool_v1,belief_limited_heuristic_v1,738
VAE000147,vae_candidate_000147,0.6009758708422783,5080.578125,9638.978515625,10891.56451683312,-2.0418108833616246,-0.12654202486415267,4.544230148054254,35,8007.166514124161,2208.7455449895406,1.9789895355876197,-1.2263237950923211,4783.012013641593,0.17994585172802635,1.2029302726844522e-06,0.9919266927439088,0.9412537097094607,1.0,0.24737369194845246,0.949442857026371,0.8333333333333334,0.0,0.11843090773775002,0.0,port_vae,port,False,0.10714329034090042,1.422163724899292,2.4385321140289307,1.2780518531799316,vae_candidate_pool_v1,belief_limited_heuristic_v1,739
VAE000236,vae_candidate_000236,0.600910142547256,2764.851318359375,8912.3427734375,9043.191241283766,-1.884448908600841,-0.018918532973377873,4.576753562135833,32,8244.042409829324,2578.4719847619776,1.5053841667769896,-1.27606227796233,4862.060574903055,0.05989481530183438,0.00023816873473349803,0.9991034208545795,0.9568794310853435,1.0,0.1881730208471237,0.9459905965436406,0.7619047619047619,0.0,0.10894578271900811,0.0,port_vae,port,False,0.1078292727470398,1.6231259107589722,2.5561578273773193,1.6697158813476562,vae_candidate_pool_v1,belief_limited_heuristic_v1,740
VAE000924,vae_candidate_000924,0.6008944555190803,-699.1688842773438,5317.63720703125,5406.276941740166,-1.4477867625300624,-0.0223018599204968,4.196736377711876,27,8114.3069718726965,2111.56859499256,1.5758219171489425,-1.7161077509802274,3264.2708226332234,0.5632522347466973,0.18114633312424916,0.9227615455655875,0.9894608594522868,0.777207338722196,0.1969777396436178,0.8302640282970211,0.6428571428571429,0.0,0.12310950031211076,0.0,port_vae,port,False,0.04962926357984543,1.1345188617706299,1.9607754945755005,1.6599100828170776,vae_candidate_pool_v1,belief_limited_heuristic_v1,741
VAE001206,vae_candidate_001206,0.6007564755037262,4110.63671875,-2124.531982421875,4606.6058912444605,2.6918216566829987,-0.03155072523139736,4.857395042603688,22,8082.231046368328,2491.5742034176546,1.0924903100353864,0.4182202716753969,8397.564274688835,0.11283296253648745,0.39834508976930594,0.9968205559883017,0.4061347578907187,1.0,0.1365612887544233,0.9098463793447369,0.5238095238095238,0.0,0.11321633724414865,0.0,ahead_vae,ahead,False,0.06044291704893112,1.9259157180786133,1.5046401023864746,1.6150836944580078,vae_candidate_pool_v1,belief_limited_heuristic_v1,742
VAE000932,vae_candidate_000932,0.5996142568532772,-816.7745971679688,225.8798828125,909.7393208338543,-0.355172247056563,0.014764220343620984,4.397491474826466,19,8310.154582062198,2560.1226936607004,0.8930663363707217,-2.771656186189609,8673.603495661484,0.3945085702454663,0.6571614848783036,0.9615927795479814,0.3615561980550453,1.0,0.11163329204634022,0.8215904895747345,0.4523809523809524,1.0,0.17079598368558266,0.17079598368558266,inside_convoy_envelope,inside,True,0.048581406474113464,2.0120739936828613,1.9736714363098145,1.02324640750885,vae_candidate_pool_v1,belief_limited_heuristic_v1,743
VAE001102,vae_candidate_001102,0.5990754137158303,2249.010986328125,6123.78271484375,6511.917683702758,-1.9106285030461965,-0.011362610859068225,4.657472337728024,28,8315.349240593969,2271.932383865705,1.482115793881193,-1.242326761402665,4832.956802414078,0.12234480452098295,0.04091763452058755,0.9962626025513993,0.946537162075648,1.0,0.18526447423514913,0.9008876869166738,0.6666666666666666,0.0,0.11729271974121752,0.0,port_vae,port,False,0.059073224663734436,1.000145435333252,2.570758819580078,1.0953972339630127,vae_candidate_pool_v1,belief_limited_heuristic_v1,744
VAE000505,vae_candidate_000505,0.5985893895640634,3709.09716796875,-3360.606201171875,4984.847747935467,2.448397134695119,-0.04174172477513042,5.203624656839969,29,8293.56313082278,2381.778455671626,1.4680994653043027,0.6514537941195437,8039.242403733272,0.3348934521258475,0.2827953648353178,0.9722226669640143,0.606343107737488,1.0,0.18351243316303784,0.8034048350376717,0.6904761904761905,0.0,0.11533281713965428,0.0,ahead_vae,ahead,False,0.046437643468379974,1.111167073249817,1.9308443069458008,1.3910876512527466,vae_candidate_pool_v1,belief_limited_heuristic_v1,745
VAE000369,vae_candidate_000369,0.5985758312220824,598.6821899414062,5431.65185546875,5386.849331889323,-1.6923708181646784,-0.05922738254566426,4.5597002711242025,19,8239.624308802515,2452.914604609107,0.9400777238776324,-1.508449217970779,2961.532711957094,0.36363567662396235,0.18517753754427946,0.9673049429507028,0.9980570485135762,0.7051268361802604,0.11750971548470406,0.8686622840180818,0.4523809523809524,0.0,0.11323222606932425,0.0,port_vae,port,False,0.05452108383178711,1.422131061553955,2.4939911365509033,1.6014714241027832,vae_candidate_pool_v1,belief_limited_heuristic_v1,746
VAE000607,vae_candidate_000607,0.5984473837486893,1440.46533203125,496.69671630859375,1288.0609811221525,-2.8017704512974313,-0.06003462357149347,4.895954167138715,31,8295.058786027363,2845.753621207507,1.313242497914939,-0.3998568258638553,8748.530871325675,1.6370103937849365,0.7915790017027131,0.4669171530781851,0.3892864662056372,1.0,0.16415531223936738,0.98820984792776,0.7380952380952381,0.0,0.1388869114675487,0.0,ahead_vae,ahead,False,0.07776274532079697,1.1053149700164795,2.4673428535461426,1.5992013216018677,vae_candidate_pool_v1,belief_limited_heuristic_v1,747
VAE000294,vae_candidate_000294,0.5981632713848211,1122.67431640625,5927.04541015625,6089.981032612262,-1.6637712659291413,0.02729637262551918,5.826048968683045,25,8580.617648083497,2503.1355917110254,1.1639573925983557,-1.4505250150351328,3514.569162069716,0.22664005093944883,0.0762372198536983,0.987213445224954,0.9927761199842831,0.8368021814451705,0.14549467407479447,0.9378512636351318,0.5952380952380952,0.0,0.11141049772833242,0.0,port_vae,port,False,0.06516134738922119,1.317252278327942,1.9406217336654663,1.9032502174377441,vae_candidate_pool_v1,belief_limited_heuristic_v1,748
VAE000988,vae_candidate_000988,0.5979325982832656,2116.8369140625,-6295.5068359375,6757.462350753901,1.795912030940694,-0.006280102508377949,5.118772067701368,21,8357.559718569612,2430.4436268284176,1.0338421964211209,1.3394005201407213,4282.3578312592745,0.03534954318671791,0.027617232420218473,0.9996876349785109,0.9733472340789638,1.0,0.1292302745526401,0.9999442175645444,0.5,0.0,0.1129193217020125,0.0,starboard_vae,starboard,False,0.0879182443022728,1.3736668825149536,2.9508938789367676,1.5999821424484253,vae_candidate_pool_v1,belief_limited_heuristic_v1,749
VAE000813,vae_candidate_000813,0.5977339211794291,-808.7463989257812,-6454.9794921875,6507.630958738445,1.3391905413832481,0.10994867607953597,5.032757743225703,29,8796.222840097998,2755.8851832185333,1.1963015211484473,1.912350788286081,5543.005723963348,0.40290697329105163,0.041191083046027255,0.9599625375848924,0.9422351338819387,1.0,0.14953769014355592,0.9684302796355237,0.6904761904761905,0.0,0.10595030588057841,0.0,starboard_vae,starboard,False,0.07163655757904053,0.7895225286483765,2.4479897022247314,1.6157604455947876,vae_candidate_pool_v1,belief_limited_heuristic_v1,750
VAE000334,vae_candidate_000334,0.5974372034885673,-990.1083374023438,-405.6899719238281,826.8217854134245,0.34726470123504743,0.03070368159033857,5.32091652213824,29,8353.628784045688,2189.74568919858,1.5853645599838562,2.825031633945085,8620.21876184309,0.45380211871968823,0.6263518265565455,0.9493934036328462,0.3113003049728469,1.0,0.19817056999798202,0.979209733269389,0.6904761904761905,1.0,0.18727049190087294,0.18727049190087294,inside_convoy_envelope,inside,True,0.07461751252412796,1.9393749237060547,2.916569232940674,1.1059279441833496,vae_candidate_pool_v1,belief_limited_heuristic_v1,751
VAE000642,vae_candidate_000642,0.5972561681510784,709.0986328125,5881.1171875,6011.284433672663,-1.6938735916308507,0.042530811522362925,5.034553374835032,29,8267.962494191464,2284.9665019660824,1.5350398784852595,-1.4051882504365796,3616.69539533883,0.3416804488826428,0.08498433538273904,0.9710964633273103,0.986318295025759,0.8611179512711501,0.19187998481065743,0.8513758349046393,0.6904761904761905,0.0,0.11719099184850341,0.0,port_vae,port,False,0.05226166546344757,0.7838727235794067,2.957824945449829,1.5268460512161255,vae_candidate_pool_v1,belief_limited_heuristic_v1,752
VAE000445,vae_candidate_000445,0.5972509590252144,2462.274658203125,7317.0859375,7418.6939999158285,-1.9256854636613583,-0.08868384838078924,4.373153386707296,30,8270.402229478224,2212.1575013458473,1.6397535437861108,-1.304591038309224,4309.9504136826945,0.03103752486043243,0.008554461183243177,0.9997591873453624,0.9647761237279052,1.0,0.20496919297326385,0.9074292738328673,0.7142857142857143,0.0,0.11878216483631988,0.0,port_vae,port,False,0.11446500569581985,1.3852163553237915,1.5258909463882446,1.7045297622680664,vae_candidate_pool_v1,belief_limited_heuristic_v1,753
VAE000581,vae_candidate_000581,0.596546654185072,-672.6433715820312,-6286.04638671875,6247.9850387465485,1.4451889682068833,0.04836382375964605,5.070545635195019,28,8473.87557488825,2508.3207195560526,1.317324845540935,1.7447675091425563,3937.2429752226994,0.4908116637393163,0.06086769442318031,0.9409752890221476,0.9849051432490891,0.9374388036244522,0.16466560569261687,0.9438104175319606,0.6666666666666666,0.0,0.1112551108252919,0.0,starboard_vae,starboard,False,0.06628074496984482,1.0456633567810059,1.5093196630477905,1.784303069114685,vae_candidate_pool_v1,belief_limited_heuristic_v1,754
VAE000980,vae_candidate_000980,0.5965184991952147,1395.8751220703125,-5652.0947265625,5639.262298230508,1.870066769895921,-0.13616785142640583,4.521563902960617,20,8102.409100748929,2162.707693930484,1.1413477918254173,1.1353580322674663,5378.554831053652,0.05650780073792294,0.1375841026088676,0.9992019295098549,0.9066852533267139,1.0,0.14266847397817717,0.76084880199152,0.47619047619047616,0.0,0.12123646118839171,0.0,starboard_vae,starboard,False,0.13288943469524384,2.4144225120544434,2.9385650157928467,1.5245321989059448,vae_candidate_pool_v1,belief_limited_heuristic_v1,755
VAE001209,vae_candidate_001209,0.5964464991525531,-539.652099609375,5531.96923828125,5522.193957857621,-1.4830526195897316,0.03175723237022439,4.87474079390454,29,8617.175194792086,2360.800513389297,1.425521541116439,-1.6267828016298371,2839.2947978319326,0.38318378789676255,0.15838284670023908,0.9637394993836803,0.9984331666499455,0.6760225709123648,0.17819019263955488,0.7957350534067212,0.6904761904761905,0.0,0.11526282593984165,0.0,port_vae,port,False,0.04555263742804527,0.9789449572563171,2.9585764408111572,1.6922796964645386,vae_candidate_pool_v1,belief_limited_heuristic_v1,756
VAE000245,vae_candidate_000245,0.5963583986570911,-1214.949462890625,-7266.3564453125,7347.162957853607,1.400469098424549,0.0032852573654448504,4.867552362630882,32,8188.519231439889,2548.751390254551,1.5332646723647319,1.7444088125306891,3924.9347492709812,0.37810602772223906,0.009788523263325593,0.9646827413112415,0.9849671684562824,0.9345082736359479,0.19165808404559148,0.976920722342603,0.7619047619047619,0.0,0.11003398768047966,0.0,starboard_vae,starboard,False,0.10060133039951324,1.2213407754898071,2.367155075073242,1.2666699886322021,vae_candidate_pool_v1,belief_limited_heuristic_v1,757
VAE000942,vae_candidate_000942,0.5963458634429795,1276.814453125,6527.57763671875,6673.111195884851,-1.7774771587149407,-0.03981379775751742,4.772519755859419,31,8188.108736525467,2612.7342102012676,1.4490482964665035,-1.4039292926323699,3936.436700940897,0.0066790319369924855,0.03169179676329563,0.9999888476745545,0.986109971575055,0.9372468335573564,0.18113103705831293,0.8019862887883694,0.7380952380952381,0.0,0.10893232819731756,0.0,port_vae,port,False,0.12825976312160492,2.378865957260132,1.909614086151123,1.3346093893051147,vae_candidate_pool_v1,belief_limited_heuristic_v1,758
VAE000443,vae_candidate_000443,0.596062622376175,2194.365234375,-6513.6328125,6912.503203339503,1.8607980376891664,-0.029066689722750446,5.478077354019116,26,8234.310245349227,2162.121064927158,1.4603807982553823,1.2517279261778766,4635.950482643255,0.06992693282690342,0.0212950876792697,0.9987780540582699,0.9495280561438699,1.0,0.18254759978192278,0.9689895027038914,0.6190476190476191,0.0,0.12056445760261161,0.0,starboard_vae,starboard,False,0.1027550920844078,1.2723366022109985,2.621887445449829,1.15615975856781,vae_candidate_pool_v1,belief_limited_heuristic_v1,759
VAE001000,vae_candidate_001000,0.5958303591698791,2613.64013671875,-7148.4794921875,7655.717301483788,1.972526191119135,0.05013186820552815,4.941964446787369,31,8324.014740969487,2602.3158430493486,1.431096262363893,1.2191983306761867,5309.893484167367,0.24898411702854076,0.005398377802288909,0.9845816275845518,0.9388235643282804,1.0,0.17888703279548662,0.9693498102654001,0.7380952380952381,0.0,0.108719501119624,0.0,starboard_vae,starboard,False,0.07186949998140335,1.5339927673339844,2.1016366481781006,1.5060088634490967,vae_candidate_pool_v1,belief_limited_heuristic_v1,760
VAE000207,vae_candidate_000207,0.5957471007991227,737.1160888671875,-6070.63134765625,6104.5646283704355,1.6648576476290464,-0.08134946657656845,4.6882709065967205,31,8226.024745971337,2136.974085003585,1.7634876666048813,1.3953855393841776,3539.7273409804675,0.3600476976180323,0.07469882306245003,0.9679400099857539,0.9846549343914406,0.8427922240429685,0.22043595832561017,0.8724229511073709,0.7380952380952381,0.0,0.1217553548202676,0.0,starboard_vae,starboard,False,0.05502732843160629,1.4600164890289307,1.4776904582977295,1.7236192226409912,vae_candidate_pool_v1,belief_limited_heuristic_v1,761
VAE000708,vae_candidate_000708,0.5952285450653251,1059.9716796875,6340.41650390625,6525.948866951332,-1.7393977153193279,0.013092704869837652,4.444083316241078,27,8372.779014386164,2562.084443204829,1.2586375834344221,-1.3891022334006276,4032.8379431376134,0.301312724652105,0.040033277054438834,0.9774738647183827,0.9835389883235145,0.9601995102708604,0.15732969792930276,0.8862775172027015,0.6428571428571429,0.0,0.10997220537960467,0.0,port_vae,port,False,0.05694527179002762,0.7876592874526978,2.4177956581115723,1.7301371097564697,vae_candidate_pool_v1,belief_limited_heuristic_v1,762
VAE000196,vae_candidate_000196,0.5952170330043894,1122.383544921875,-6231.00830078125,6412.340824529054,1.7527099869938754,-0.07488958708346583,5.4186783220539,28,8049.517323307187,2469.9050091596546,1.4083413836272873,1.313993079512452,4433.405444821747,0.39674204500654775,0.04767889979667553,0.9611624055001484,0.9672068618121469,1.0,0.17604267295341092,0.872242525550514,0.6666666666666666,0.0,0.11228163389985263,0.0,starboard_vae,starboard,False,0.055002909153699875,0.7490643858909607,2.978196620941162,1.8284014463424683,vae_candidate_pool_v1,belief_limited_heuristic_v1,763
VAE000078,vae_candidate_000078,0.5951696675205924,568.8262939453125,-1618.9149169921875,1636.9470635968123,1.9042374497038317,0.0014452764577978633,4.516581983942286,28,8437.21307723424,2196.8671918085734,1.510619933306142,1.2388004803437591,4826.849834956388,2.869131903212326,0.8957749031855542,0.01844419020552268,0.9453937195961644,1.0,0.18882749166326776,0.9072342195609527,0.6666666666666666,1.0,0.1389861056090674,0.1389861056090674,inside_convoy_envelope,inside,True,0.06003784015774727,1.4391082525253296,2.9380881786346436,1.278106689453125,vae_candidate_pool_v1,belief_limited_heuristic_v1,764
VAE001094,vae_candidate_001094,0.5948709014343797,4358.77978515625,-2007.3968505859375,4761.555915008285,2.7143438451455344,0.029377395551938697,5.146952761453767,20,8333.333815588077,2312.006094257415,1.03805948741735,0.45662620399619797,8498.959123110519,0.11243503465200622,0.34845605147604836,0.9968429187386018,0.44092248774808657,1.0,0.12975743592716876,0.9990779548136127,0.47619047619047616,0.0,0.11740869431391296,0.0,ahead_vae,ahead,False,0.08991693705320358,1.9270691871643066,2.4961302280426025,1.2697234153747559,vae_candidate_pool_v1,belief_limited_heuristic_v1,765
VAE001003,vae_candidate_001003,0.5947945889198704,-4536.16064453125,1120.673583984375,4463.081031218481,-0.25886959224846734,0.06305420198827953,4.306342370860547,29,8207.476602454977,2322.422520398303,1.5214129563729286,-2.819668859353046,8520.642386721533,0.10432125360917491,0.44726938968050234,0.9972817355754584,0.3163921110135598,1.0,0.19017661954661608,0.7203116279256563,0.6904761904761905,0.0,0.11755865037416083,0.0,astern_vae,astern,False,0.03728240355849266,0.9800234436988831,1.9132623672485352,1.4467582702636719,vae_candidate_pool_v1,belief_limited_heuristic_v1,766
VAE000099,vae_candidate_000099,0.5947720505313551,1139.3232421875,6819.77490234375,7007.940598767977,-1.796320272773878,0.014118138591553947,5.1331382864138755,22,8338.28414594322,2784.8675639714993,0.9474175892379493,-1.3311542422243612,4684.417428855924,0.22440258516337974,0.01806422788394233,0.9874636100788532,0.9714229900719612,1.0,0.11842719865474366,0.9990971768603809,0.5238095238095238,0.0,0.10543650488812603,0.0,port_vae,port,False,0.08464377373456955,2.3596551418304443,1.4888478517532349,1.0997776985168457,vae_candidate_pool_v1,belief_limited_heuristic_v1,767
VAE001092,vae_candidate_001092,0.594741791033777,811.606201171875,6072.20263671875,5888.968914519966,-1.5883183247003243,0.08295280861815132,5.324404268183133,29,7979.484512473808,2294.106346595845,1.5841985643655276,-1.4703215202713176,3082.9252644921353,0.21485269788130212,0.10014700881137013,0.9885039050678905,0.9949566515648299,0.7340298248790799,0.19802482054569095,0.844737107401273,0.6904761904761905,0.0,0.11715126899889984,0.0,port_vae,port,False,0.05142024904489517,1.385270357131958,1.5015628337860107,1.7560601234436035,vae_candidate_pool_v1,belief_limited_heuristic_v1,768
VAE000698,vae_candidate_000698,0.5945224241588074,391.7092590332031,-6564.88330078125,6659.283958697204,1.650442271693224,-0.09023281187570935,5.4415534749281065,35,8255.242727996982,2519.815526214113,1.682555697219778,1.4009175700208598,3879.198349213581,0.4966771261711405,0.032406539018950485,0.9395853923142745,0.9856052718792788,0.9236186545746622,0.21031946215247224,0.8994602753096845,0.8333333333333334,0.0,0.11090484897186964,0.0,starboard_vae,starboard,False,0.058859869837760925,0.7751871347427368,2.94960880279541,1.556437611579895,vae_candidate_pool_v1,belief_limited_heuristic_v1,769
VAE000155,vae_candidate_000155,0.5943466652138535,2783.169189453125,7129.95068359375,7697.307946578935,-1.895501225987926,-0.12162664447943146,4.603117886291106,24,8139.263370045214,2484.975158412,1.1865993020215833,-1.3677180720812985,4075.479471098439,0.059260403150065206,0.004968556176499285,0.9991223080559402,0.9794503806217996,0.9703522550234378,0.1483249127526979,0.9970742419868825,0.5714285714285714,0.0,0.1113990325995934,0.0,port_vae,port,False,0.09199018776416779,2.2576375007629395,1.487748146057129,1.1694519519805908,vae_candidate_pool_v1,belief_limited_heuristic_v1,770
VAE000603,vae_candidate_000603,0.5928337049122923,133.01663208007812,-6407.2822265625,6307.5764293879465,1.5678115929955672,-0.07204295228436326,4.982747233043086,28,8088.299618335866,2568.2609286649204,1.34791236054275,1.501738108309863,3120.2589953479137,0.27009078193702235,0.05577561899018717,0.9818733389990224,0.9976164287341637,0.74291880841617,0.16848904506784376,0.9999402711613017,0.6666666666666666,0.0,0.11009773811223504,0.0,starboard_vae,starboard,False,0.08659201860427856,2.32411789894104,2.981292724609375,1.5531704425811768,vae_candidate_pool_v1,belief_limited_heuristic_v1,771
VAE001214,vae_candidate_001214,0.5927401903813958,3682.929931640625,8531.103515625,9262.485744509568,-2.0238254086444996,-0.08773787034892803,5.4303340859532945,28,8186.807664972229,2159.454272922638,1.5837966924728677,-1.2055051152942216,4941.47512514868,0.01748102646002403,0.00013606161018892503,0.9999236053739349,0.9340197738176528,1.0,0.19797458655910846,0.9930603697240313,0.6666666666666666,0.0,0.12012067613993177,0.0,port_vae,port,False,0.09454880654811859,0.7633336186408997,1.826225757598877,1.2343807220458984,vae_candidate_pool_v1,belief_limited_heuristic_v1,772
VAE000599,vae_candidate_000599,0.5925666325032629,-2162.4248046875,5231.05908203125,5839.534269922015,-1.1579843708037922,0.038830207761947566,4.370035250020292,30,8170.269107037576,2384.9731324444265,1.5395769576150387,-1.9447780750240533,5204.9263435008215,0.5735968966517981,0.10684567737494477,0.9199772662637847,0.9308800971070482,1.0,0.19244711970187983,0.7886831252939638,0.7142857142857143,0.0,0.11462933202494834,0.0,port_vae,port,False,0.044747840613126755,0.8695237040519714,2.4556374549865723,1.4862086772918701,vae_candidate_pool_v1,belief_limited_heuristic_v1,773
VAE000653,vae_candidate_000653,0.5924993268882918,3307.435302734375,6867.58837890625,7408.196918652539,-2.0469495936295754,0.03748123861693856,4.8103147181632275,33,8350.385143739362,2258.9796843764548,1.7494241111193123,-1.0571618213432792,6070.4194552986055,0.037526563754776365,0.00872637053237438,0.9996479805668401,0.8709644643772506,1.0,0.21867801388991404,0.9957938713099975,0.7857142857142857,0.0,0.11732682330907253,0.0,port_vae,port,False,0.0816008597612381,1.2972822189331055,1.4899497032165527,1.364205002784729,vae_candidate_pool_v1,belief_limited_heuristic_v1,774
VAE001172,vae_candidate_001172,0.5916920150753661,-664.8689575195312,-6384.8837890625,6520.446701172403,1.477021001503348,-0.04049512846395453,4.717512361183695,35,8192.317964354972,2494.386005212255,1.7127642248133241,1.62407652362249,2927.128164176816,0.3440595624044902,0.04037812459829093,0.9706965446376474,0.998580946059082,0.6969352771849562,0.21409552810166552,0.9946658379213648,0.8333333333333334,0.0,0.11158089055365514,0.0,starboard_vae,starboard,False,0.0936485230922699,1.749884843826294,2.4844326972961426,1.0963490009307861,vae_candidate_pool_v1,belief_limited_heuristic_v1,775
VAE000380,vae_candidate_000380,0.5916876816899834,-2847.46875,4612.4375,5522.023813765107,-1.0466665181101222,-0.02997584348560221,4.558605132479591,36,8016.510132303287,2266.922210954176,1.9809820361289614,-2.124901978965273,6145.876962530802,0.6968687347573475,0.1584146587021392,0.8834278254365676,0.8503713709040503,1.0,0.24762275451612017,0.752957000429759,0.8571428571428571,0.0,0.11815296141661574,0.0,astern_vae,astern,False,0.04078143090009689,2.025540828704834,2.9375956058502197,1.1038074493408203,vae_candidate_pool_v1,belief_limited_heuristic_v1,776
VAE000093,vae_candidate_000093,0.5913540953459678,124.58624267578125,5599.05078125,5546.249416405167,-1.597858140085254,0.10859507817045362,4.652124727511242,22,7889.884105396526,2082.055694672042,1.339244015210389,-1.4351394353340854,3129.964604303206,0.40971233816334834,0.15393191645280727,0.9586177247804253,0.9908127061947766,0.7452296676912396,0.16740550190129863,0.8473056822680739,0.5238095238095238,0.0,0.1241608666467803,0.0,port_vae,port,False,0.051744215190410614,1.6446058750152588,1.480269432067871,1.340303897857666,vae_candidate_pool_v1,belief_limited_heuristic_v1,777
VAE000806,vae_candidate_000806,0.5913362812840715,681.5457153320312,7881.427734375,7860.687911179134,-1.6444859725503551,0.06050252325790184,4.787506646948816,30,8186.300420481724,2625.4428252502307,1.3958251249240257,-1.4366041577815363,3697.0827806030884,0.29429871297979115,0.00356395903558457,0.9785028995540732,0.9910097340898759,0.8802578049054972,0.1744781406155032,0.9872626082487556,0.7142857142857143,0.0,0.10825685475308675,0.0,port_vae,port,False,0.07738598436117172,0.881226122379303,1.9711430072784424,1.3087314367294312,vae_candidate_pool_v1,belief_limited_heuristic_v1,778
VAE000870,vae_candidate_000870,0.5908902730915193,3600.734375,7384.35302734375,8426.137613677072,-1.9604710686391427,0.01590847238807541,4.840058617016919,27,8286.341444069794,2859.228199579108,1.13959916135101,-1.165213112562575,5896.681188029045,0.09445642656485664,0.0010439814859581856,0.9977711537599152,0.9188724435187444,1.0,0.14244989516887624,0.9989872018213243,0.6428571428571429,0.0,0.10376675440116034,0.0,port_vae,port,False,0.08448854833841324,1.7576589584350586,1.4994001388549805,1.7821274995803833,vae_candidate_pool_v1,belief_limited_heuristic_v1,779
VAE000003,vae_candidate_000003,0.5904805818625878,-1786.08837890625,5687.169921875,5885.30755078144,-1.2360759203403116,-0.05096407314977714,4.493630519698304,34,8248.33999050165,2581.5963925640635,1.5967025451968326,-1.9564808063992587,5494.926556131399,0.6829551845837205,0.10063159714985032,0.8878555633453833,0.9265411530156845,1.0,0.19958781814960408,0.8058892985217291,0.8095238095238095,0.0,0.10997177616138182,0.0,port_vae,port,False,0.04672662168741226,1.912071704864502,2.439289093017578,1.0406087636947632,vae_candidate_pool_v1,belief_limited_heuristic_v1,780
VAE000878,vae_candidate_000878,0.5904768761178157,-4391.96484375,2675.04736328125,5033.61982941939,-0.561283720398041,0.024423122228756255,5.816104436929335,23,8201.914186349397,2604.770106884598,1.0765723358285368,-2.555885810962996,8274.719005505573,0.23017255476443121,0.26951147487966826,0.9868135209510855,0.5527885475752204,1.0,0.1345715419785671,0.9382195074354052,0.5476190476190477,0.0,0.1102064881490555,0.0,astern_vae,astern,False,0.06522907316684723,1.8426001071929932,2.8716001510620117,1.8634527921676636,vae_candidate_pool_v1,belief_limited_heuristic_v1,781
VAE000646,vae_candidate_000646,0.5904050261831767,-948.1087036132812,-6430.03515625,6640.484029890526,1.401786562431807,-0.038943988883303755,5.8763214567191095,27,8285.988545166765,2611.3353850431267,1.2478339054553564,1.7008621022746822,3663.9658221819927,0.4164848598205456,0.03340037824388696,0.9572583156794643,0.9915533648219133,0.8723728148052363,0.15597923818191956,0.9998489102709454,0.6428571428571429,0.0,0.10892367668227404,0.0,starboard_vae,starboard,False,0.0861937552690506,2.0444040298461914,2.9259586334228516,1.9169822931289673,vae_candidate_pool_v1,belief_limited_heuristic_v1,782
VAE000386,vae_candidate_000386,0.5903109460752066,-4088.1484375,-5071.7255859375,6503.06455041261,0.9599540112180588,-0.06397202795536543,5.76560828554177,34,8414.7472063861,2215.679141359089,1.8236058397322932,2.1176666144163687,6268.343618897403,0.42488782190364693,0.04148406588993225,0.9555424902910489,0.8541562048015374,1.0,0.22795072996653665,0.9997824479681707,0.8095238095238095,0.0,0.11893693039200919,0.0,astern_vae,astern,False,0.08855368196964264,1.4215606451034546,2.933790683746338,1.242506504058838,vae_candidate_pool_v1,belief_limited_heuristic_v1,783
VAE000558,vae_candidate_000558,0.5902393237169383,-324.64715576171875,5793.85400390625,5873.4455286132625,-1.557718288452064,0.07921105962313205,5.260163453984959,28,7991.9776553629645,2522.8755909661213,1.3886984009183212,-1.504663305514597,3045.509055604031,0.5179652517910538,0.10221416234969992,0.934414204239282,0.9978140086391295,0.7251212037152455,0.17358730011479015,0.9587664431778357,0.6666666666666666,0.0,0.11139638779303628,0.0,port_vae,port,False,0.06935922801494598,0.690847635269165,1.4789958000183105,1.1893057823181152,vae_candidate_pool_v1,belief_limited_heuristic_v1,784
VAE001039,vae_candidate_001039,0.5898952647556646,3189.583740234375,5243.95361328125,6318.440487040723,-2.0962973904129867,-0.004571074677200857,3.9975789324602817,23,8165.27484714008,2323.4494688897876,1.212338218622502,-1.0498663378540072,6079.010511671355,0.01591731515272654,0.05488634375862908,0.9999366611068992,0.8673567114316649,1.0,0.15154227732781275,0.9991475508456115,0.5476190476190477,0.0,0.11600103130522244,0.0,ahead_vae,ahead,False,0.08981490135192871,1.5631811618804932,1.5186126232147217,1.3674677610397339,vae_candidate_pool_v1,belief_limited_heuristic_v1,785
VAE000053,vae_candidate_000053,0.5897237296317054,549.2046508789062,-6045.46240234375,6051.1478686700875,1.612290743083863,0.0758060632712572,4.727331791598903,29,8537.223411561028,2299.8077067961044,1.477031734062374,1.6051079737771883,2591.3227931307842,0.19725370060458203,0.08045837843587196,0.9903042433555618,0.9994114131888179,0.6169816174120915,0.18462896675779675,0.9961321354573082,0.6904761904761905,0.0,0.11662121843722066,0.0,starboard_vae,starboard,False,0.08183391392230988,2.137512683868408,1.970538854598999,1.3966602087020874,vae_candidate_pool_v1,belief_limited_heuristic_v1,786
VAE000385,vae_candidate_000385,0.5895572425702559,3941.6884765625,-5124.8798828125,6514.968553760509,2.228449878781184,0.0750980858904019,5.623152852221811,32,8117.5831062887655,2428.22035694938,1.6234358758279028,0.9882408606990112,6493.675450969541,0.10177404790460853,0.040723954790779705,0.9974127451731508,0.8350594636299676,1.0,0.20292948447848785,0.9371380838194887,0.7619047619047619,0.0,0.11320301393205626,0.0,ahead_vae,ahead,False,0.06503069400787354,2.290457248687744,1.9202916622161865,1.7077370882034302,vae_candidate_pool_v1,belief_limited_heuristic_v1,787
VAE000272,vae_candidate_000272,0.5893816480900016,3203.46240234375,-6188.20361328125,6996.461306809399,2.0121328397601355,0.06811588315385854,5.588467027453173,28,8089.668219611215,2386.7608288751953,1.4501683398660883,1.197575696983516,5172.075509662481,0.006495150392699767,0.01842866183068645,0.999989453292422,0.9311578829207529,1.0,0.18127104248326104,0.8768477289336576,0.6666666666666666,0.0,0.11406560799135836,0.0,starboard_vae,starboard,False,0.055630482733249664,0.7800319790840149,2.537153482437134,1.6697365045547485,vae_candidate_pool_v1,belief_limited_heuristic_v1,788
VAE000739,vae_candidate_000739,0.5886264774563889,-4136.07177734375,-2579.762451171875,4952.051307326922,0.5632056665674703,0.024601353086875374,5.460454065473373,28,8173.697078839284,2344.132719342781,1.4613602701340298,2.602988340109198,8218.905018685948,0.3268659335529379,0.2919465692526351,0.9735266340310929,0.5129383988444297,1.0,0.18267003376675373,0.8711361504923973,0.6666666666666666,0.0,0.1164112143293117,0.0,astern_vae,astern,False,0.05485346168279648,2.0110597610473633,2.9569218158721924,1.4039745330810547,vae_candidate_pool_v1,belief_limited_heuristic_v1,789
VAE000262,vae_candidate_000262,0.5884100303136414,3434.31982421875,-5333.4814453125,6378.796321072294,2.189206643149521,0.03540478807650155,4.513927846624539,28,7995.838873720944,2343.313924309942,1.4943885255082123,0.9877907985167733,6358.218963830976,0.05616481241422466,0.05015718002224541,0.9992115857477986,0.8348117729913784,1.0,0.18679856568852654,0.9663649481513559,0.6666666666666666,0.0,0.11552129198454478,0.0,ahead_vae,ahead,False,0.1034080982208252,1.4074022769927979,2.109795570373535,1.3228209018707275,vae_candidate_pool_v1,belief_limited_heuristic_v1,790
VAE000684,vae_candidate_000684,0.5883974193532902,-487.39044189453125,447.67218017578125,584.1020760698123,-0.7315605487064777,-0.04376472391891227,5.5849927026418955,23,8485.455035379746,2353.9877033993607,1.1514590822555197,-2.453796828802228,8050.658277627683,0.3429105113077314,0.5361490108373633,0.9708900279378123,0.6348356759777395,1.0,0.14393238528193997,0.9636227419004124,0.5476190476190477,1.0,0.23468192997386872,0.23468192997386872,inside_convoy_envelope,inside,True,0.07046785950660706,1.4788827896118164,2.311232805252075,1.286361575126648,vae_candidate_pool_v1,belief_limited_heuristic_v1,791
VAE000570,vae_candidate_000570,0.5883166956060808,4119.8193359375,-3131.048095703125,5430.807288518325,2.4491872751399284,-0.027466116827894713,5.779083322688951,29,8173.541157938743,2166.3757419499407,1.6377739536677258,0.6649392616219701,7768.881446624994,0.16207189635649977,0.17614552702407255,0.9934475369192779,0.6170113355407308,1.0,0.20472174420846573,0.9944880613327637,0.6904761904761905,0.0,0.12122796652606427,0.0,ahead_vae,ahead,False,0.09375429153442383,1.4281895160675049,1.5096862316131592,1.7817076444625854,vae_candidate_pool_v1,belief_limited_heuristic_v1,792
VAE000709,vae_candidate_000709,0.5880759296229845,3162.342529296875,6757.06689453125,7677.118232158001,-1.9471871512203704,-0.011086180095393772,5.336996957872997,34,8276.597174855768,2480.515752742382,1.656094478449773,-1.2054916824648165,5273.519561327377,0.2338603214750523,0.005173179273605225,0.986389537921039,0.9340149752405096,1.0,0.20701180980622164,0.8212972428519288,0.8095238095238095,0.0,0.11143715826919551,0.0,port_vae,port,False,0.048546284437179565,0.9768158197402954,2.9168787002563477,1.7393969297409058,vae_candidate_pool_v1,belief_limited_heuristic_v1,793
VAE000371,vae_candidate_000371,0.5875385569951698,-1513.02783203125,6452.04150390625,6654.981964429939,-1.2540065202364954,0.06037567550401313,5.227745402743711,27,8195.006909350213,2613.196604846963,1.260788836696767,-1.8272104578492847,4606.124628213171,0.04702245266438476,0.032631702744996806,0.9994473240832683,0.9673056201915606,1.0,0.15759860458709588,0.7339553609603809,0.6428571428571429,0.0,0.10892717595308242,0.0,port_vae,port,False,0.03873288631439209,0.7224504947662354,2.0181055068969727,1.7824010848999023,vae_candidate_pool_v1,belief_limited_heuristic_v1,794
VAE000837,vae_candidate_000837,0.5870301579790793,2294.28369140625,7688.65673828125,8240.327691682658,-1.848208651532251,-0.06860760538945654,5.1221852726693236,33,8255.688374689013,2298.6632424080417,1.7389428023801563,-1.3619916074469987,3960.0625290686103,0.10555042270600201,0.0015838338107481593,0.997217361928821,0.9782793840955774,0.9428720307306215,0.21736785029751954,0.7868302087782072,0.7857142857142857,0.0,0.11600723356035837,0.0,port_vae,port,False,0.04453771561384201,1.3168981075286865,1.9342387914657593,1.8249140977859497,vae_candidate_pool_v1,belief_limited_heuristic_v1,795
VAE000448,vae_candidate_000448,0.5870266620711336,225.06622314453125,6354.568359375,6383.490140645774,-1.623724960924574,0.07345374022223429,4.580269026444099,32,8393.164288363723,2426.4934617845634,1.5712494141796887,-1.4444139524429846,3465.0671377781705,0.26805092101893035,0.049804071336856964,0.982144473017621,0.9920243721061522,0.8250159851852786,0.19640617677246108,0.788372860109321,0.7619047619047619,0.0,0.11316776465669683,0.0,port_vae,port,False,0.0447126179933548,1.0283184051513672,2.9458038806915283,1.8840354681015015,vae_candidate_pool_v1,belief_limited_heuristic_v1,796
VAE000271,vae_candidate_000271,0.5869733659295668,2722.135986328125,8192.5,8597.257347438608,-1.9835371999799256,-0.0094955894104931,4.146760764621596,29,8364.49752638077,2268.316583889273,1.5284613908832911,-1.1675510430203606,5368.654213248708,0.09493365662308606,0.000703028474544569,0.9977485918546669,0.9197923729518134,1.0,0.1910576738604114,0.9338383132256789,0.6904761904761905,0.0,0.11675641011810166,0.0,port_vae,port,False,0.11009827256202698,0.6682950854301453,1.515974521636963,1.0973024368286133,vae_candidate_pool_v1,belief_limited_heuristic_v1,797
VAE001080,vae_candidate_001080,0.5869203737444588,2969.290771484375,-5644.26953125,6538.54917320513,2.102488272751151,0.09920263874246338,4.537218285763985,26,8321.294123734395,2215.2730078947816,1.4104419592257469,1.138307019581106,5499.02456389893,0.13213020183267132,0.03925291623353059,0.9956417486507138,0.907925214980874,1.0,0.17630524490321836,0.888903697725548,0.6190476190476191,0.0,0.11897743831994022,0.0,ahead_vae,ahead,False,0.05731913819909096,0.775000274181366,2.9599180221557617,1.0753583908081055,vae_candidate_pool_v1,belief_limited_heuristic_v1,798
VAE001016,vae_candidate_001016,0.5868421092417533,1143.182373046875,-6145.51953125,6063.667246525066,1.75354077410673,0.07008980700625922,5.359688469102981,25,8347.30232555576,2528.4959123573703,1.184490575519749,1.4581416864893229,3450.8427861158825,0.34668995161200344,0.07907752361696012,0.9702512865165723,0.9936611741374152,0.8216292347894958,0.14806132193996863,0.8493514414573738,0.5952380952380952,0.0,0.11096486870082552,0.0,starboard_vae,starboard,False,0.052003659307956696,2.0196762084960938,1.5332071781158447,1.0837819576263428,vae_candidate_pool_v1,belief_limited_heuristic_v1,799
VAE000073,vae_candidate_000073,0.5866507811931548,3602.310546875,6296.93408203125,7215.237117207524,-2.0794608726441464,-0.04790441897427945,5.408160907371352,27,8577.775713061363,2099.156466282587,1.4994923923023258,-1.1100361999199262,5694.174104817879,0.06957383419810181,0.012486803762810776,0.9987903584578732,0.8957147818044673,1.0,0.18743654903779072,0.9945155619084596,0.6428571428571429,0.0,0.12245219205303239,0.0,ahead_vae,ahead,False,0.09373804181814194,1.8534388542175293,1.506710410118103,1.8411462306976318,vae_candidate_pool_v1,belief_limited_heuristic_v1,800
VAE000495,vae_candidate_000495,0.5862887930294984,2076.08544921875,6600.7236328125,7077.546301266996,-1.8660572555773214,0.04334377107553347,4.659100671548761,20,8419.162247696426,2487.868315962429,0.954846867013468,-1.2321916269369382,5143.20924420665,0.10341095487023977,0.015986672275087946,0.9973289252104846,0.9432190622576982,1.0,0.1193558583766835,0.9896943874501517,0.47619047619047616,0.0,0.11138733371952467,0.0,port_vae,port,False,0.07838451862335205,2.015089511871338,1.9374785423278809,1.2725787162780762,vae_candidate_pool_v1,belief_limited_heuristic_v1,801
VAE000938,vae_candidate_000938,0.5859441345008689,943.1472778320312,-6552.90673828125,6689.543288549434,1.73850798798912,0.005458088690391502,4.979710733200165,23,8289.905259019357,2768.2020507764464,1.0022601952773509,1.4085427542910651,4071.01652342078,0.37550988911629446,0.030859976205664514,0.9651603712921648,0.9868657416899751,0.969289648433519,0.12528252440966886,0.8924303053837573,0.5476190476190477,0.0,0.10589228382522048,0.0,starboard_vae,starboard,False,0.05782688409090042,2.2725884914398193,2.975555896759033,1.09207284450531,vae_candidate_pool_v1,belief_limited_heuristic_v1,802
VAE000333,vae_candidate_000333,0.5857985251539082,1042.726318359375,-720.4466552734375,1401.3619708976387,2.527564901349005,0.05060612374216105,5.276634743078308,33,8251.928018877252,2373.302125471104,1.6850216322901221,0.6646338759829489,7959.2283925159445,1.9880949371946548,0.8281828259819748,0.29735382036204805,0.6167709822426678,1.0,0.21062770403626527,0.87746546188704,0.7857142857142857,1.0,0.14180986692924588,0.14180986692924588,inside_convoy_envelope,inside,True,0.05571535974740982,2.138709545135498,2.4058194160461426,1.2558554410934448,vae_candidate_pool_v1,belief_limited_heuristic_v1,803
VAE000209,vae_candidate_000209,0.5851897189815696,381.6070861816406,6484.349609375,6526.511402936496,-1.6493529685270651,0.02365925795617137,4.6155324504397806,28,8364.823525633039,2192.80121367847,1.526518196038524,-1.4685804271065566,3034.885747541081,0.22140137941461213,0.03999816076053096,0.9877953343321771,0.9947805017828198,0.7225918446526384,0.1908147745048155,0.9999052783685571,0.6666666666666666,0.0,0.11966592597325278,0.0,port_vae,port,False,0.08811580389738083,2.1514554023742676,2.0254101753234863,1.243283748626709,vae_candidate_pool_v1,belief_limited_heuristic_v1,804
VAE000364,vae_candidate_000364,0.5850714029130297,842.96337890625,-6320.794921875,6315.5042636087355,1.6992902345633223,-0.003879207935116718,5.978387244826771,23,8405.710552823368,2254.316269417661,1.213776037894321,1.4384232110913546,3344.0377013069988,0.1097089148515018,0.05512552261509021,0.9969940053400084,0.9912514651065624,0.7961994526921425,0.15172200473679012,0.9307364867990593,0.5476190476190477,0.0,0.11785838799413507,0.0,starboard_vae,starboard,False,0.1106465607881546,1.4839954376220703,2.958686351776123,1.2819695472717285,vae_candidate_pool_v1,belief_limited_heuristic_v1,805
VAE000170,vae_candidate_000170,0.5848801311727255,2326.6884765625,-7393.5126953125,7534.65644275765,1.861086227611309,-0.018310449284690403,5.672259288559471,21,8354.74564053809,2041.29326610399,1.231347575074771,1.2621959766937938,4482.410279681743,0.09933886004087933,0.006847479650997871,0.9975349758365291,0.952759612215934,1.0,0.1539184468843464,0.996818494442204,0.5,0.0,0.1245685941699698,0.0,starboard_vae,starboard,False,0.0921926349401474,2.1616454124450684,2.9602010250091553,1.1931650638580322,vae_candidate_pool_v1,belief_limited_heuristic_v1,806
VAE000084,vae_candidate_000084,0.5848313706030333,-1053.001220703125,-5419.13623046875,5582.851748707701,1.417217692128664,-0.10059021646544973,5.307884243442142,30,8164.760208391949,2148.9179205188257,1.709849921124882,1.6237847449956793,2578.3370888557597,0.5903252254025331,0.1473363942896908,0.9153798462103881,0.9985964422203061,0.6138897830608951,0.21373124014061026,0.896516359757421,0.7142857142857143,0.0,0.12169665709952536,0.0,starboard_vae,starboard,False,0.05842377617955208,2.3291850090026855,2.9668948650360107,1.8137216567993164,vae_candidate_pool_v1,belief_limited_heuristic_v1,807
VAE000005,vae_candidate_000005,0.5847023426362437,-1498.49267578125,-6191.6396484375,6155.3162340572,1.352878577675593,-0.09409689842514403,4.252225276967712,27,8295.70411555514,2487.919850070379,1.308199941561095,1.6946171774890557,3493.430734485663,0.19562121791801237,0.06953951569877302,0.9904635545075039,0.9923439875482811,0.8317692224965864,0.16352499269513687,0.7486573763617098,0.6428571428571429,0.0,0.11186229115426276,0.0,starboard_vae,starboard,False,0.0403146855533123,1.8672195672988892,2.9759817123413086,1.4631916284561157,vae_candidate_pool_v1,belief_limited_heuristic_v1,808
VAE000833,vae_candidate_000833,0.584569348262355,-206.861083984375,-7149.87255859375,7018.504779325676,1.6124945853492119,-0.09263894267866055,5.278334141175112,28,8344.933751631002,2519.435354540431,1.331778252323504,1.4364591255619212,3614.4023435177887,0.4395153589092915,0.01773443665431908,0.9524789923630689,0.9909903198376435,0.8605719865518544,0.166472281540438,0.9998088416258881,0.6666666666666666,0.0,0.11072142142363897,0.0,starboard_vae,starboard,False,0.08847306668758392,2.1302504539489746,1.5095769166946411,1.3173989057540894,vae_candidate_pool_v1,belief_limited_heuristic_v1,809
VAE000652,vae_candidate_000652,0.5844985526666362,125.35995483398438,5747.40478515625,5817.582363184855,-1.6070512676451814,0.013851845378279349,5.180189253822572,27,8483.073224063033,2396.255625632657,1.3282425936334041,-1.5206895405663323,2818.1298208730664,0.1375285214400701,0.10992963668773033,0.9952789247286644,0.9987449176134595,0.6709832906840634,0.16603032420417552,0.7748211043971959,0.6428571428571429,0.0,0.1142010362923326,0.0,port_vae,port,False,0.0431884229183197,1.1245276927947998,2.8986711502075195,1.9361462593078613,vae_candidate_pool_v1,belief_limited_heuristic_v1,810
VAE000206,vae_candidate_000206,0.5843306247780184,4108.27685546875,-7018.837890625,8135.00140486683,2.1150616157742825,0.06749361382450235,4.169363701281018,28,8293.681355930607,2518.2302251562724,1.340649508702586,1.0940246516400134,6043.480289709815,0.011495618429373078,0.001994350424288109,0.9999669630530512,0.8884810712125634,1.0,0.16758118858782325,0.9675317197859992,0.6666666666666666,0.0,0.11043685262177916,0.0,ahead_vae,ahead,False,0.10312090069055557,0.8124805092811584,2.6069111824035645,1.8644309043884277,vae_candidate_pool_v1,belief_limited_heuristic_v1,811
VAE001086,vae_candidate_001086,0.584273850962339,453.6726379394531,-5650.142578125,5762.835273323695,1.6680540500786123,0.008715922915086985,4.8526870050388995,15,8154.063602456581,2258.442082199308,0.8145321050492991,1.4822545264262683,2970.627668160291,0.27516753001881916,0.1179206764002533,0.9811898459295658,0.9960827349629067,0.7072923019429264,0.10181651313116238,0.9970215446982965,0.35714285714285715,0.0,0.11816588520181903,0.0,starboard_vae,starboard,False,0.08250032365322113,1.8278923034667969,1.4974920749664307,1.4100170135498047,vae_candidate_pool_v1,belief_limited_heuristic_v1,812
VAE000283,vae_candidate_000283,0.5842156431373601,2251.9462890625,7428.4912109375,7849.456323888272,-1.9347068304015083,-0.004090468463042963,4.787326232405735,28,8043.893972199572,2632.0484504913193,1.322506497519286,-1.2109762916513278,5295.79432304293,0.23670841100648587,0.003647478633824865,0.9860575653919672,0.9359602055037997,1.0,0.16531331218991074,0.8870168278607432,0.6666666666666666,0.0,0.10820532729437111,0.0,port_vae,port,False,0.05705016478896141,0.8941909074783325,2.4501307010650635,1.3969018459320068,vae_candidate_pool_v1,belief_limited_heuristic_v1,813
VAE000733,vae_candidate_000733,0.5841001638869173,-2193.133544921875,-5782.59521484375,6296.09304357068,1.242379703806563,0.03270806701140497,5.5547191698395215,22,7940.6333719942695,2808.75409646302,0.9864017120555157,1.9319210167946352,5433.226571959138,0.5112139809406865,0.05672850557856062,0.9360756134072576,0.935500032533335,1.0,0.12330021400693947,0.9520675070364689,0.5238095238095238,0.0,0.10558123598363571,0.0,starboard_vae,starboard,False,0.06792569905519485,2.1560964584350586,2.599848747253418,1.503801941871643,vae_candidate_pool_v1,belief_limited_heuristic_v1,814
VAE000103,vae_candidate_000103,0.5840575335381463,4692.0126953125,8927.1337890625,10011.903705457333,-2.09483956888352,0.009745582153321703,4.983151803565816,32,8430.947334585666,2457.310715272637,1.5445910978453663,-1.0370075025529513,6405.118466620226,0.08719182496336764,1.7506386416700346e-05,0.9981006002077917,0.8608855052471546,1.0,0.1930738872306708,0.9618753940547125,0.7619047619047619,0.0,0.11146198599399576,0.0,port_vae,port,False,0.10447154194116592,1.309682011604309,2.3738863468170166,1.2884693145751953,vae_candidate_pool_v1,belief_limited_heuristic_v1,815
VAE001169,vae_candidate_001169,0.583624391041806,724.6107177734375,-5551.42626953125,5692.46910764801,1.6495017725030607,0.07516170420289359,5.395997984692094,26,8342.67489507645,2368.11809985688,1.316026610207285,1.5672525852896266,2397.6674517480633,0.3235509367169898,0.1288358668252661,0.9740562149797424,0.999993720954643,0.5708732027971579,0.16450332627591063,0.8990387009503001,0.6190476190476191,0.0,0.11507645862909216,0.0,starboard_vae,starboard,False,0.05879709869623184,1.3871158361434937,1.4898946285247803,1.1811875104904175,vae_candidate_pool_v1,belief_limited_heuristic_v1,816
VAE001187,vae_candidate_001187,0.5831627183427858,3842.3955078125,3487.734619140625,5104.610116870393,-2.3913042891842906,0.13504553383408704,5.146925570685876,34,8132.526609375531,2205.332663437331,1.8957423589789406,-0.6152428305714155,7914.115039615184,0.48822564305466054,0.250879676651961,0.9415832637712973,0.5771568428356094,1.0,0.23696779487236758,0.7883043571878616,0.8095238095238095,0.0,0.12027909817316763,0.0,ahead_vae,ahead,False,0.04470484331250191,1.1641356945037842,2.4358794689178467,1.3564213514328003,vae_candidate_pool_v1,belief_limited_heuristic_v1,817
VAE000997,vae_candidate_000997,0.5831132684213913,-1019.6749877929688,523.7561645507812,992.4988016915922,-0.42797088329327293,0.029210452068038892,4.622611299329985,22,7844.116348548563,2060.148204522147,1.3613825825473322,-2.6844113182284812,7947.919785460774,1.1350317871061248,0.6876389077853624,0.711051808138702,0.44142067526678325,1.0,0.17017282281841653,0.992351001935227,0.5238095238095238,1.0,0.17253887622587202,0.17253887622587202,inside_convoy_envelope,inside,True,0.07961960881948471,0.7901394963264465,1.9705911874771118,1.1783841848373413,vae_candidate_pool_v1,belief_limited_heuristic_v1,818
VAE001195,vae_candidate_001195,0.5830721229209768,534.9371337890625,478.2218017578125,623.5653411944985,-2.3503686315043946,0.04778660372828899,4.6164486011416805,33,8262.874115548488,2457.6430969059134,1.6250397525420632,-0.7434374183571095,7746.072730418309,0.866798028688267,0.5507113670806248,0.8236352984045341,0.676822348372344,1.0,0.2031299690677579,0.8790912458658862,0.7857142857142857,1.0,0.22210556188149858,0.22210556188149858,inside_convoy_envelope,inside,True,0.055939555168151855,2.1009459495544434,1.4961074590682983,1.4521265029907227,vae_candidate_pool_v1,belief_limited_heuristic_v1,819
VAE000487,vae_candidate_000487,0.5828842986944995,4112.98828125,-7454.21875,8588.778807938419,2.107766208811177,-0.06529767421057613,5.061942919792915,34,8313.20316394524,2553.647891429703,1.6015832135714798,0.9685287705680399,6813.875184758301,0.05984151398202676,0.0007171242349115076,0.9991050154277317,0.824053135591348,1.0,0.20019790169643498,0.9800206535142494,0.8095238095238095,0.0,0.10953515017472273,0.0,starboard_vae,starboard,False,0.07486920803785324,2.163416624069214,1.5380221605300903,1.8713500499725342,vae_candidate_pool_v1,belief_limited_heuristic_v1,820
VAE000263,vae_candidate_000263,0.5828321808340958,-861.4965209960938,6643.3408203125,6708.707744313242,-1.44410941787005,-0.07805521607568673,5.003592299944748,25,8301.526874114541,2488.21234954804,1.210304336214407,-1.7755384517954298,4124.064431612667,0.15226734530758002,0.02991352101360692,0.9942148544073806,0.9791134468466348,0.9819201027649208,0.15128804202680088,0.7439535520338568,0.5952380952380952,0.0,0.11158349458038068,0.0,port_vae,port,False,0.03980628773570061,2.1788854598999023,2.5600075721740723,1.2060742378234863,vae_candidate_pool_v1,belief_limited_heuristic_v1,821
VAE000594,vae_candidate_000594,0.5826663831943629,-518.3878784179688,-6928.2138671875,7081.690450491429,1.4897815558263556,0.05725390960985154,5.248228057663873,27,8364.111661853189,2464.9677773971644,1.3095819954804997,1.7090650073732896,3594.255568676307,0.39988321038944763,0.015869887272055856,0.960553233868886,0.9904561057269923,0.8557751353991208,0.16369774943506246,0.98868602008495,0.6428571428571429,0.0,0.11195300827618479,0.0,starboard_vae,starboard,False,0.07795775681734085,2.3344929218292236,2.107901096343994,1.1002650260925293,vae_candidate_pool_v1,belief_limited_heuristic_v1,822
VAE000499,vae_candidate_000499,0.5825655366281606,3953.0166015625,6716.47998046875,7761.164420458994,-2.1307051293556234,0.0006377600998686602,4.559056523155229,30,8332.883569857962,2522.87248499488,1.4270219084480602,-1.0102497641343011,6566.954686251105,0.1052946064939202,0.004368715759366617,0.9972308213594542,0.846964657935693,1.0,0.17837773855600753,0.9988539546402513,0.7142857142857143,0.0,0.11040902125362698,0.0,ahead_vae,ahead,False,0.0843113586306572,0.7885394096374512,1.9332902431488037,1.4054663181304932,vae_candidate_pool_v1,belief_limited_heuristic_v1,823
VAE000131,vae_candidate_000131,0.5824930184272611,998.2947998046875,-6729.1796875,6932.068256690099,1.6924243343957404,-0.037493006941513286,5.268118312367045,29,8030.273422439445,2484.669286308435,1.453446577243481,1.4116753122525394,3725.680240587004,0.3025170861030162,0.02059452148517128,0.9772948068669531,0.9873669403708522,0.8870667239492867,0.18168082215543513,0.839895878889284,0.6904761904761905,0.0,0.11171985918249648,0.0,starboard_vae,starboard,False,0.05081483721733093,2.4042375087738037,2.0105481147766113,1.2055799961090088,vae_candidate_pool_v1,belief_limited_heuristic_v1,824
VAE000794,vae_candidate_000794,0.5824040409861949,3216.00146484375,-6856.36328125,7699.874582588813,2.00651671248658,0.028588303206931856,4.922938831416513,25,7925.8448261173835,2584.606246901882,1.2203939714646395,1.1636642443101455,5511.797068102193,0.04471602680676501,0.004943075366903202,0.9995002025246953,0.9182602282887042,1.0,0.15254924643307993,0.9196112273329455,0.5952380952380952,0.0,0.1093000614875019,0.0,starboard_vae,starboard,False,0.1125292032957077,0.6726183891296387,1.4993141889572144,1.7126688957214355,vae_candidate_pool_v1,belief_limited_heuristic_v1,825
VAE000246,vae_candidate_000246,0.5823501869315387,-3686.63134765625,4974.6103515625,6170.499367074857,-0.8845919714186407,0.045555509340060675,6.414415255221799,24,8271.73603672157,2776.030207034334,1.0451783068892302,-2.211445172831092,7169.7128338456005,0.16439149074174553,0.06805354939246612,0.9932590608885268,0.8017081011748957,1.0,0.13064728836115377,0.9829761281306854,0.5714285714285714,0.0,0.10602954205169411,0.0,astern_vae,astern,False,0.09870151430368423,0.7151995897293091,1.9359837770462036,1.8543591499328613,vae_candidate_pool_v1,belief_limited_heuristic_v1,826
VAE000434,vae_candidate_000434,0.5820964870913153,-368.99847412109375,6362.54736328125,6407.527279419865,-1.5202890865473835,-0.11529695882184728,5.363993129922992,24,8019.277550119129,2319.5857015957504,1.2902253599179032,-1.736600525864257,3611.320885336533,0.4470940484519985,0.04802811121055072,0.9508536437031454,0.9862859448126788,0.8598383060325079,0.1612781699897379,0.9594561361242695,0.5714285714285714,0.0,0.11614146511654116,0.0,port_vae,port,False,0.06951279193162918,1.7914621829986572,2.939180374145508,1.891444206237793,vae_candidate_pool_v1,belief_limited_heuristic_v1,827
VAE001107,vae_candidate_001107,0.5820679183868209,3692.684814453125,7936.2275390625,8707.914476004358,-1.9949618842606072,-0.037127608890562575,4.5927649144440315,29,8441.897936720574,2384.597010961411,1.4405983249485144,-1.1837583782197485,5394.581174323925,0.10204131313815057,0.0005412125381467605,0.9973991505421529,0.926031138390462,1.0,0.1800747906185643,0.8554384995874916,0.6904761904761905,0.0,0.113485632140375,0.0,port_vae,port,False,0.12174953520298004,1.8741722106933594,1.4905648231506348,1.4226710796356201,vae_candidate_pool_v1,belief_limited_heuristic_v1,828
VAE000315,vae_candidate_000315,0.5818390060386568,836.6561279296875,-5941.806640625,6107.313134241706,1.6969317514796893,0.09708620804059052,4.973991529290789,28,8364.243590073404,2160.5968744354554,1.549378822794434,1.541747110150694,2402.6258740564995,0.1842001770123598,0.07441171390343852,0.9915415304400761,0.9995781011759535,0.5720537795372618,0.19367235284930426,0.9980272019489285,0.6666666666666666,0.0,0.12090424512025637,0.0,starboard_vae,starboard,False,0.09114442020654678,1.1766866445541382,1.5336825847625732,1.73712158203125,vae_candidate_pool_v1,belief_limited_heuristic_v1,829
VAE000232,vae_candidate_000232,0.5817301110080955,465.0631408691406,6221.71728515625,6367.746649469529,-1.6520835862459111,0.07658109838163271,4.8814984752876125,27,7865.157287237834,2355.9143142671915,1.4571251735252673,-1.4129279689622494,3563.126056251519,0.39120790081656853,0.050996667797083485,0.9622245776697771,0.9875646495963285,0.8483633467265521,0.1821406466906584,0.8543593797692031,0.6428571428571429,0.0,0.11526346389859954,0.0,port_vae,port,False,0.052644286304712296,2.0255661010742188,1.4932773113250732,1.4623584747314453,vae_candidate_pool_v1,belief_limited_heuristic_v1,830
VAE000094,vae_candidate_000094,0.5813910726085852,3403.8896484375,6833.0888671875,7791.875178863636,-1.968366850064649,-0.010480051712068903,5.618950393078359,22,7993.561277764402,2184.093614367394,1.2601177328024784,-1.183705855237213,5040.030887956971,0.12864501648601312,0.0041043320035569,0.9958683177716074,0.9260113124645126,1.0,0.1575147166003098,0.9893741444931067,0.5238095238095238,0.0,0.1197059926092178,0.0,port_vae,port,False,0.09628608077764511,2.231072425842285,2.9386825561523438,1.4780141115188599,vae_candidate_pool_v1,belief_limited_heuristic_v1,831
VAE000583,vae_candidate_000583,0.5812492887175829,3681.392333984375,5350.52392578125,6586.559003624773,-2.185758850674334,0.013461530869970014,4.3334127058088034,32,8309.294778121226,1993.6640480287037,1.9316740026486723,-0.9423722720454891,6497.574699937992,0.01032544574970107,0.03639642428590686,0.9999733465293233,0.8089549644012825,1.0,0.24145925033108404,0.9261125167930309,0.7619047619047619,0.0,0.1267472065408972,0.0,ahead_vae,ahead,False,0.06308884173631668,1.418183445930481,1.971980333328247,1.8726437091827393,vae_candidate_pool_v1,belief_limited_heuristic_v1,832
VAE000699,vae_candidate_000699,0.5809007015970042,4261.50341796875,-5202.72265625,6804.517147385939,2.2529862352368406,0.032452232177786096,5.149213165073298,31,8146.3248612853595,2510.001241990412,1.5160936629197554,0.9210586505307393,6926.913411449877,0.13818848898112535,0.025546535863132006,0.9952335776159922,0.7962425259153164,1.0,0.18951170786496943,0.9972439029064215,0.7380952380952381,0.0,0.11112304612101083,0.0,ahead_vae,ahead,False,0.08268193900585175,2.3952736854553223,2.5328729152679443,1.396559476852417,vae_candidate_pool_v1,belief_limited_heuristic_v1,833
VAE000021,vae_candidate_000021,0.580437873078107,397.4294128417969,-5937.39306640625,5975.560228497085,1.5924004457515462,0.015660835545069033,5.712070575598574,36,8270.264485248013,2263.475990147126,1.923123655955102,1.564853043383316,2312.588250675338,0.3022928016615087,0.08921068742064897,0.9773282047132386,0.9999823387431317,0.5506162501607947,0.24039045699438774,0.8201778321968396,0.8571428571428571,0.0,0.11783214197601544,0.0,starboard_vae,starboard,False,0.04841239005327225,0.7389952540397644,1.953513264656067,1.135143518447876,vae_candidate_pool_v1,belief_limited_heuristic_v1,834
VAE001011,vae_candidate_001011,0.5804347596246409,590.36572265625,6438.31494140625,6447.952720622007,-1.7522270347931053,0.04493974779923256,4.4728666334523535,16,8017.23893281046,2183.668254787878,0.9139206604999559,-1.3444258709974553,3927.362932238591,0.34119442247711107,0.04516071792699309,0.971177834328159,0.9744874343530328,0.9350864124377597,0.11424008256249449,0.9987482252824383,0.38095238095238093,0.0,0.12016228076893068,0.0,port_vae,port,False,0.08417797088623047,1.437201976776123,2.9462852478027344,1.9236788749694824,vae_candidate_pool_v1,belief_limited_heuristic_v1,835
VAE000192,vae_candidate_000192,0.5803023745108558,3503.730712890625,7466.15625,8269.787515005484,-1.9751109867703318,0.010750060207258244,4.778639218344929,24,8142.640154608918,2385.9444860729136,1.2353376119518413,-1.155731606612203,5466.86724459226,0.030162614640238283,0.0014838427152199774,0.9997725714128618,0.9150902240521204,1.0,0.15441720149398017,0.945086474175168,0.5714285714285714,0.0,0.11369138966342694,0.0,port_vae,port,False,0.0665273442864418,2.305143356323242,2.4341745376586914,1.2530064582824707,vae_candidate_pool_v1,belief_limited_heuristic_v1,836
VAE000510,vae_candidate_000510,0.5800052215380628,4221.02880859375,-1171.26025390625,4345.673560119107,2.9091842597961093,-0.11201869672539641,4.414681107143458,24,8205.21298163227,2152.4808921460244,1.358883040256393,0.12038969706828719,8404.333905599633,0.00708822259195685,0.48888744625965724,0.9999874393277122,0.12009909280391373,1.0,0.16986038003204912,0.9279834448809404,0.5714285714285714,0.0,0.12278904356382059,0.0,ahead_vae,ahead,False,0.11112412810325623,1.9726617336273193,2.549635648727417,1.3222992420196533,vae_candidate_pool_v1,belief_limited_heuristic_v1,837
VAE000432,vae_candidate_000432,0.5799488970882765,-639.4092407226562,-6711.009765625,7134.253440877595,1.5039108012071034,0.0705649039260145,4.938445139101002,34,8441.628751200415,2518.363056728437,1.5993161711169803,1.7082467563087038,3651.2666598098904,0.5489919492867696,0.014452448595606324,0.9265254920254538,0.9905685524802829,0.8693492047166406,0.19991452138962254,0.9033616320441824,0.8095238095238095,0.0,0.11065529437607989,0.0,starboard_vae,starboard,False,0.0594460666179657,1.0252219438552856,1.5157902240753174,1.7972075939178467,vae_candidate_pool_v1,belief_limited_heuristic_v1,838
VAE000191,vae_candidate_000191,0.5799234150907138,-4005.61865234375,3916.738525390625,5518.119485247052,-0.788371186772954,0.03691019583099187,5.005283130247623,29,8399.314652022218,2434.052457859284,1.4184832544101793,-2.316311270985847,7486.069699999428,0.46489232073879755,0.15914593430544344,0.9469349231303709,0.7347386872906324,1.0,0.1773104068012724,0.8181742277771439,0.6904761904761905,0.0,0.11350624767597768,0.0,astern_vae,astern,False,0.04817342758178711,1.7220033407211304,1.475630760192871,1.2800147533416748,vae_candidate_pool_v1,belief_limited_heuristic_v1,839
VAE000768,vae_candidate_000768,0.5798559933311851,-573.8665161132812,-6732.0625,6742.940392381891,1.481275115453479,-0.03828405512461048,5.33018595409342,34,8213.33370737685,2460.842528203823,1.6821922384890935,1.6220334830117038,2878.256833022852,0.43837578784874315,0.02828478536475516,0.9527211427870055,0.998687664049508,0.6852992459578219,0.2102740298111367,0.9814924602288908,0.8095238095238095,0.0,0.1122599715802791,0.0,starboard_vae,starboard,False,0.07533903419971466,1.564635992050171,1.9846364259719849,1.0868926048278809,vae_candidate_pool_v1,belief_limited_heuristic_v1,840
VAE000873,vae_candidate_000873,0.5791355663759684,614.2551879882812,-6066.51318359375,6140.198382321893,1.634799628854691,-0.07825021195987744,4.918287331190184,23,8407.440632385866,2156.0066782444233,1.268860637570736,1.4285428127752244,3326.187269478096,0.06978866531273153,0.07104517703933627,0.9987828796632262,0.9898990197951179,0.7919493498757372,0.158607579696342,0.807629676291256,0.5476190476190477,0.0,0.12101855276770997,0.0,starboard_vae,starboard,False,0.046929750591516495,0.8313500881195068,1.5203001499176025,1.2253555059432983,vae_candidate_pool_v1,belief_limited_heuristic_v1,841
VAE000295,vae_candidate_000295,0.5789835966504697,4124.974609375,7798.3779296875,8804.011179356075,-2.0028814803684014,0.034006353371640805,4.91379178142184,26,8089.096252765259,2159.3553116366083,1.4885013590827174,-1.1047048198497509,5564.24514857563,0.17051256051973507,0.0004296155221436959,0.9927489606275111,0.8933315766579419,1.0,0.18606266988533968,0.9738139551768918,0.6190476190476191,0.0,0.12024744746774763,0.0,port_vae,port,False,0.07305113226175308,1.7279627323150635,2.026954174041748,1.1873729228973389,vae_candidate_pool_v1,belief_limited_heuristic_v1,842
VAE001017,vae_candidate_001017,0.5787822877208552,848.317138671875,-328.3370361328125,975.2451641045797,2.7615524150197506,-0.043878493240951846,4.18057509337625,26,8253.477984785231,2585.4697516818183,1.218419636414691,0.33616174532909177,8644.370911287546,0.9399556228461123,0.681316047515528,0.7949119307902186,0.32986611203107324,1.0,0.15230245455183639,0.8401708815064007,0.6190476190476191,1.0,0.16370644768652934,0.16370644768652934,inside_convoy_envelope,inside,True,0.05084905028343201,1.450500249862671,2.473109722137451,1.399034857749939,vae_candidate_pool_v1,belief_limited_heuristic_v1,843
VAE001171,vae_candidate_001171,0.5785751628569188,375.99432373046875,-5931.0693359375,5885.816830839417,1.6639415163512368,0.10447839349325588,5.315083408005008,24,8282.040498711796,2662.288830594281,1.0884756593866192,1.5821295307318126,2755.9779029248475,0.4360821316563186,0.10056408336258087,0.9532067449381567,0.9999357799316434,0.6561852149821066,0.1360594574233274,0.9230381425211697,0.5714285714285714,0.0,0.10831224233049884,0.0,starboard_vae,starboard,False,0.0625707134604454,2.099989414215088,1.4972341060638428,1.80763840675354,vae_candidate_pool_v1,belief_limited_heuristic_v1,844
VAE000998,vae_candidate_000998,0.5784240824498622,-1487.536865234375,-6825.9443359375,6990.086030908013,1.2852316363651899,0.09256221492878376,4.834689253489643,27,8144.096317424806,2687.2742433440917,1.2336980358602163,1.948923232153388,5504.079484017983,0.18738693048060265,0.018633823268511866,0.991247191676034,0.9293577752121134,1.0,0.15421225448252704,0.7785266224996239,0.6428571428571429,0.0,0.10734181379349683,0.0,starboard_vae,starboard,False,0.13093040883541107,2.0225424766540527,2.4861676692962646,1.8037923574447632,vae_candidate_pool_v1,belief_limited_heuristic_v1,845
VAE000457,vae_candidate_000457,0.578261510035481,2168.48779296875,7993.1162109375,8345.161302724271,-1.8711006892162376,-0.06184251051586916,4.834543736776607,24,8394.069859635605,2595.297575220012,1.101669944892677,-1.3323344748894246,4504.605844602656,0.21151375899657432,0.00125394124853941,0.9888571181168099,0.9717024475059446,1.0,0.13770874311158462,0.8183786237107378,0.5714285714285714,0.0,0.10865186206938213,0.0,port_vae,port,False,0.04819776490330696,2.246046543121338,1.943434238433838,1.4016249179840088,vae_candidate_pool_v1,belief_limited_heuristic_v1,846
VAE001032,vae_candidate_001032,0.5780795043468661,103.4727783203125,-6616.89208984375,6508.759688332731,1.6228191344181195,-0.03429224735643247,3.5067192943423393,25,8344.70661911068,2370.328011019663,1.263922623183998,1.4844812718152414,3080.8834467820734,0.28424143810975155,0.041118932786459665,0.979937325931135,0.9962771678510572,0.7335436778052555,0.15799032789799974,0.9643787557158626,0.5952380952380952,0.0,0.11456262822369642,0.0,starboard_vae,starboard,False,0.10388635098934174,1.5888571739196777,2.9882020950317383,1.2400619983673096,vae_candidate_pool_v1,belief_limited_heuristic_v1,847
VAE001191,vae_candidate_001191,0.5778853730775584,601.6052856445312,-6518.69677734375,6461.304273577477,1.6753287987209144,-0.010210110974313675,4.662905666778654,24,8431.178921459998,2090.20599793555,1.3618643342938224,1.4560537438945647,3041.7552420315014,0.2597818927146758,0.04424580195526684,0.9832230131446926,0.9934242891606736,0.7242274385789289,0.1702330417867278,0.9999993738342096,0.5714285714285714,0.0,0.12311056563942355,0.0,starboard_vae,starboard,False,0.08719740808010101,1.3357346057891846,2.4628472328186035,1.3754637241363525,vae_candidate_pool_v1,belief_limited_heuristic_v1,848
VAE001124,vae_candidate_001124,0.577805733626543,1739.580322265625,-7117.330078125,7330.44264127965,1.780981866578353,0.05658065591784809,4.816318366853582,22,8335.028244464067,2268.5029157377585,1.163526457484248,1.417191442929289,3517.065755981458,0.1189563963609359,0.010098946895477601,0.9964665136441078,0.9882259473642376,0.8373966085670138,0.145440807185531,0.9826207854620307,0.5238095238095238,0.0,0.11707783036964618,0.0,starboard_vae,starboard,False,0.09882128238677979,1.0053377151489258,2.9162726402282715,1.4520254135131836,vae_candidate_pool_v1,belief_limited_heuristic_v1,849
VAE000139,vae_candidate_000139,0.5775247000261668,1492.042236328125,487.02728271484375,1447.3411179730774,-2.7934048184796167,-0.014659914721246448,4.96001837829987,15,8173.166300532151,2189.742621905031,0.838123179169607,-0.3628477498314228,8418.233014641179,1.6610057769932551,0.8423486832516607,0.45495642513874374,0.35493800128010133,1.0,0.10476539739620087,0.9643930653331392,0.35714285714285715,0.0,0.14457272318450345,0.0,ahead_vae,ahead,False,0.07064997404813766,1.103896141052246,2.965282917022705,1.19448721408844,vae_candidate_pool_v1,belief_limited_heuristic_v1,850
VAE000200,vae_candidate_000200,0.5775017784202147,101.60498046875,-5684.728515625,5830.881568593364,1.5872795161329605,0.01946895549198801,4.95522934710697,24,8555.015287113507,2680.644529830146,1.0465288956939571,1.57378209294882,2706.1758182731187,0.44704874754527707,0.10805315349815635,0.9508634360971194,0.9999955426035484,0.644327575779314,0.13081611196174464,0.9058423065680152,0.5714285714285714,0.0,0.10785510992372285,0.0,starboard_vae,starboard,False,0.05982396379113197,0.9396835565567017,1.4982972145080566,1.8826134204864502,vae_candidate_pool_v1,belief_limited_heuristic_v1,851
VAE000299,vae_candidate_000299,0.577396275002553,127.74209594726562,1624.155517578125,1474.4282251209495,-1.672855167839118,0.04503071860152606,4.810866409406673,28,8330.579856562665,2573.173692559038,1.3062120829637154,-1.4237067671491492,3766.3157549215293,2.8740775602150004,0.8504889350108278,0.01778463856397411,0.9892018203228684,0.896741846409888,0.16327651037046442,0.8783125719018677,0.6666666666666666,1.0,0.13539560838081366,0.13539560838081366,inside_convoy_envelope,inside,True,0.05583202838897705,0.7781499028205872,1.959237813949585,1.8141374588012695,vae_candidate_pool_v1,belief_limited_heuristic_v1,852
VAE000925,vae_candidate_000925,0.5773654959344365,92.73153686523438,5898.38134765625,5817.330336286027,-1.582144510556166,0.0364305337192471,5.0003036430202785,24,8000.4817985807895,2147.6496728529164,1.3967917460335635,-1.52301760931438,2527.3061468877772,0.39017197557080885,0.10996543888650646,0.9624218315302804,0.9988588141948751,0.601739558782804,0.17459896825419544,0.9402223660798873,0.5714285714285714,0.0,0.12167160962215379,0.0,port_vae,port,False,0.06560066342353821,1.7034032344818115,2.936678886413574,1.1242088079452515,vae_candidate_pool_v1,belief_limited_heuristic_v1,853
VAE000840,vae_candidate_000840,0.5770660898928205,4255.345703125,2007.6151123046875,4817.144547840959,-2.699883624341099,0.06739294942800991,4.338911099813771,25,8310.399587772847,2369.913424513267,1.269362374725232,-0.37431607982068416,8601.495898379275,0.28456160293726557,0.3313901374101291,0.9798924095173147,0.36563605053462583,1.0,0.158670296840654,0.9540561664968282,0.5952380952380952,0.0,0.11580839306029485,0.0,ahead_vae,ahead,False,0.0683409571647644,2.223926067352295,2.024423360824585,1.6824042797088623,vae_candidate_pool_v1,belief_limited_heuristic_v1,854
VAE000134,vae_candidate_000134,0.5768842623618204,-424.7415771484375,5917.4990234375,5768.152384986734,-1.5273418391391844,0.02888818428526861,4.5259961243225675,30,8314.7574697775,2145.0280305052615,1.6820492085692558,-1.58536263016534,2265.9114683332327,0.22013405831677765,0.11712557853624277,0.9879340925327584,0.9998939132788452,0.5395027305555316,0.21025615107115697,0.7856383278474364,0.7142857142857143,0.0,0.12163443819920339,0.0,port_vae,port,False,0.0444028377532959,0.8093928098678589,1.516223669052124,1.5764062404632568,vae_candidate_pool_v1,belief_limited_heuristic_v1,855
VAE000879,vae_candidate_000879,0.5767601965131091,-2334.17529296875,-6092.93505859375,6668.67216859346,1.1983838425021693,0.03181453473402964,4.73985357922747,31,7946.336082117891,2165.2159753575665,1.8017458978770653,1.9750233458216535,5116.0731502892595,0.5298500819523814,0.03191977056260649,0.9314414246950102,0.9194066915586754,1.0,0.22521823723463316,0.8465111100870779,0.7380952380952381,0.0,0.12070230966054134,0.0,starboard_vae,starboard,False,0.05164378881454468,1.6496872901916504,2.436305522918701,1.4952832460403442,vae_candidate_pool_v1,belief_limited_heuristic_v1,856
VAE000888,vae_candidate_000888,0.576637547365511,-666.9937133789062,-6432.0380859375,6629.474683177888,1.438743676453548,0.03474757701538622,5.407267976966705,28,8306.22470185601,2187.73367681489,1.540848371221896,1.7375965541516314,3536.4348201912912,0.13218654814161757,0.033994358363841626,0.9956380361614174,0.9861210655653915,0.842008290521736,0.192606046402737,0.7612693989164543,0.6666666666666666,0.0,0.11981090906047732,0.0,starboard_vae,starboard,False,0.041689638048410416,0.9529604911804199,1.5081334114074707,1.0627758502960205,vae_candidate_pool_v1,belief_limited_heuristic_v1,857
VAE000513,vae_candidate_000513,0.5763854962922501,1496.20458984375,-6866.484375,7062.71512044379,1.7405038647036561,0.09316851854170782,4.971803887890572,20,8434.631705312817,2686.5255856400854,0.8826182244752534,1.4942573074278445,3323.6085959979882,0.13787219911005333,0.016410838337929622,0.9952553371666801,0.997072318926253,0.791335379999521,0.11032727805940667,0.999660590432733,0.47619047619047616,0.0,0.10717392012603001,0.0,starboard_vae,starboard,False,0.08565860986709595,1.6806403398513794,2.1246235370635986,1.5306751728057861,vae_candidate_pool_v1,belief_limited_heuristic_v1,858
VAE000811,vae_candidate_000811,0.5762948803045213,4870.4423828125,9180.40625,10394.624488386666,-2.1098545444535612,-0.029531854479714008,4.85135494011214,33,8265.055074290154,2189.864959333465,1.8232694437068173,-1.061269963615946,5943.093642506087,0.08198887493139884,5.660232986552816e-06,0.9983203972952224,0.8729756284642405,1.0,0.22790868046335216,0.8244159769165068,0.7857142857142857,0.0,0.1189483608893166,0.0,port_vae,port,False,0.12561210989952087,2.381357192993164,2.0035781860351562,1.539276123046875,vae_candidate_pool_v1,belief_limited_heuristic_v1,859
VAE000572,vae_candidate_000572,0.5760712128305522,-908.7860717773438,-475.5694274902344,1003.2391881951564,0.4919734269797227,-0.04496611237816984,5.521811341887172,29,8091.82935706389,2646.6891416754497,1.354092543508484,2.604653114231901,8306.936469735707,1.4672265688679855,0.6915651780677339,0.5516923485064201,0.5115086042844169,1.0,0.1692615679385605,0.9999631282749554,0.6904761904761905,1.0,0.16035031792001303,0.16035031792001303,inside_convoy_envelope,inside,True,0.08779636770486832,1.1092133522033691,1.9787516593933105,1.1954243183135986,vae_candidate_pool_v1,belief_limited_heuristic_v1,860
VAE000515,vae_candidate_000515,0.575583883887626,3872.022705078125,8162.51953125,9055.2876729586,-2.0251533020358186,0.013986310531097813,5.0009577846657445,28,8247.056506235655,2243.512366470581,1.5133193784641548,-1.1024530410228768,5724.717203350352,0.06689785055577291,0.00023103524888462806,0.9988815865961523,0.8923173674603803,1.0,0.18916492230801935,0.8713145593383729,0.6666666666666666,0.0,0.11746907501413913,0.0,port_vae,port,False,0.05487752705812454,1.2734524011611938,1.4943807125091553,1.0562024116516113,vae_candidate_pool_v1,belief_limited_heuristic_v1,861
VAE000679,vae_candidate_000679,0.5752239200943324,4215.6865234375,-4270.609375,5991.049121566505,2.272568464763801,0.021509271882626406,4.808144127472877,22,7948.022846940719,2302.937949173997,1.2019359843968782,0.8905334607086195,6789.606715741389,0.22311126539417137,0.08735823620206505,0.9876068784126892,0.7774074035269445,1.0,0.15024199804960978,0.9531378536340981,0.5238095238095238,0.0,0.11685993875674068,0.0,ahead_vae,ahead,False,0.0681481882929802,2.3560996055603027,1.5305380821228027,1.156719446182251,vae_candidate_pool_v1,belief_limited_heuristic_v1,862
VAE000282,vae_candidate_000282,0.5752225688533006,4396.41455078125,-1033.29052734375,4478.3799082130745,2.8835463857549977,-0.054189104772206065,4.573895829084036,23,7980.031614640317,2664.559006916373,1.0816777139540728,0.20385716306258964,8354.22397559703,0.04942677736512024,0.4419442819976553,0.9993893727488641,0.20244812015415117,1.0,0.1352097142442591,0.8492117450172982,0.5476190476190477,0.0,0.10982113946544264,0.0,ahead_vae,ahead,False,0.12254702299833298,1.7955297231674194,2.947293758392334,1.222974419593811,vae_candidate_pool_v1,belief_limited_heuristic_v1,863
VAE000871,vae_candidate_000871,0.5751456133481314,-1126.99365234375,8174.13671875,8330.638357530412,-1.49804313682541,-0.11119559645997,4.604382869013747,29,8269.926887995409,2388.483682460032,1.4681622366351854,-1.7547451132243532,3860.8661806868668,0.5610300017388951,0.001295497659728762,0.9233537694873349,0.9831290745901297,0.9192538525444921,0.18352027957939818,0.9579310991291331,0.6904761904761905,0.0,0.1135465038060518,0.0,port_vae,port,False,0.06917483359575272,1.3989804983139038,2.921612024307251,1.6350668668746948,vae_candidate_pool_v1,belief_limited_heuristic_v1,864
VAE000055,vae_candidate_000055,0.574895233820137,-3150.681884765625,-5955.91064453125,6681.099142327274,1.0676443522981942,0.09208218587127236,4.934916039442583,32,7922.70260535966,2390.424324328904,1.689668955430357,2.166030487162872,6421.592935679248,0.41925382247662124,0.031285068453239556,0.956696473886921,0.8280172272004453,1.0,0.21120861942879463,0.9243190866901017,0.7619047619047619,0.0,0.11418831352925114,0.0,astern_vae,astern,False,0.06278546899557114,1.5273938179016113,1.8834776878356934,1.2626475095748901,vae_candidate_pool_v1,belief_limited_heuristic_v1,865
VAE000770,vae_candidate_000770,0.5746283374391657,-485.70062255859375,5778.1953125,5618.880686890257,-1.461054880670194,0.10597878730772443,4.323764133203921,23,8085.779774761108,2360.145964335986,1.2052220382020913,-1.5745589856118747,2390.553216125974,0.39235303173095093,0.14105045795411014,0.9620059523902633,0.999992921207665,0.569179337172851,0.1506527547752614,0.8375238926906807,0.5476190476190477,0.0,0.11546698481677291,0.0,port_vae,port,False,0.05052059888839722,0.7994258403778076,1.4865400791168213,1.9246617555618286,vae_candidate_pool_v1,belief_limited_heuristic_v1,866
VAE000395,vae_candidate_000395,0.5742855128942622,1185.1900634765625,8751.8359375,8812.277955152216,-1.7177940032183276,-0.03876391020156804,4.065400101099389,22,8196.939136983297,2680.3485875465203,1.0013356799330648,-1.4625625605730335,3550.1188168688323,0.17024855183555387,0.0004210966729618908,0.9927713429414273,0.9941484416356773,0.8452663849687696,0.1251669599916331,0.936203002152684,0.5238095238095238,0.0,0.1069362856199229,0.0,port_vae,port,False,0.10967253148555756,1.8371460437774658,2.9787380695343018,1.5387401580810547,vae_candidate_pool_v1,belief_limited_heuristic_v1,867
VAE001045,vae_candidate_001045,0.5741173035267131,382.4870300292969,7406.1533203125,7380.775042626931,-1.6653566958761827,-0.0031765845619514074,5.192074030918575,26,8164.397443499578,2394.8983771164935,1.3297258765262436,-1.4794125422755617,3129.9609736517286,0.25513355785215586,0.009190125250956332,0.9838147988516193,0.9958274069520147,0.7452288032504116,0.16621573456578045,0.9834432196723507,0.6190476190476191,0.0,0.1136858265575422,0.0,port_vae,port,False,0.0985422134399414,2.117154121398926,2.9502110481262207,1.5781052112579346,vae_candidate_pool_v1,belief_limited_heuristic_v1,868
VAE000124,vae_candidate_000124,0.5739952967669348,-975.1674194335938,-6690.8310546875,6600.039269270815,1.4665141921747666,-0.05958252757117098,5.825185842009214,24,8308.55947816264,2756.4658021915457,1.047931511115384,1.615495933843856,3124.9781558422064,0.3917334069413605,0.035626842272707925,0.962124324706468,0.999001138896392,0.7440424180576682,0.130991438889423,0.9697371855616173,0.5714285714285714,0.0,0.10613384225761373,0.0,starboard_vae,starboard,False,0.10256429761648178,0.7777594923973083,2.0592212677001953,1.6854218244552612,vae_candidate_pool_v1,belief_limited_heuristic_v1,869
VAE000565,vae_candidate_000565,0.5738957684604558,421.5943908691406,-6627.84912109375,6691.846091269644,1.655842756200638,0.011290090076597464,4.442041939760612,29,8243.458246933142,2410.958279819801,1.4591463734290924,1.497039987465753,3011.8596424513507,0.41002000409553596,0.030744911180288978,0.9585564244070139,0.9972812340463827,0.717109438678893,0.18239329667863655,0.9478386628104619,0.6904761904761905,0.0,0.1134892744677239,0.0,starboard_vae,starboard,False,0.06706828624010086,2.1337053775787354,2.591325283050537,1.2006006240844727,vae_candidate_pool_v1,belief_limited_heuristic_v1,870
VAE000767,vae_candidate_000767,0.5737606058240755,4362.5732421875,8431.994140625,9475.674395189857,-2.0589106230872343,0.02207085786158761,4.297891162375574,24,8268.468901220871,2703.766515150744,1.0735368565927632,-1.0606111726409713,6397.26738304289,0.07370220277134276,7.75866670752648e-05,0.9986426109400263,0.8726541046414155,1.0,0.1341921070740954,0.9529479758547951,0.5714285714285714,0.0,0.10632957077744877,0.0,port_vae,port,False,0.10642437636852264,1.2674217224121094,2.9306366443634033,1.5723406076431274,vae_candidate_pool_v1,belief_limited_heuristic_v1,871
VAE000321,vae_candidate_000321,0.5735618144030414,708.4187622070312,6698.087890625,6740.788918520933,-1.6860866143771838,-0.03996530319119282,4.803488375040546,33,8120.410667594984,2390.3048848709864,1.7001320236982933,-1.4954713424038022,2994.618520991435,0.4124122788616218,0.028384856009148324,0.9580782992452673,0.9971644144683677,0.7130044097598656,0.21251650296228666,0.8759480974448056,0.7857142857142857,0.0,0.11405767739291033,0.0,port_vae,port,False,0.055507171899080276,2.1941308975219727,2.9647457599639893,1.082334041595459,vae_candidate_pool_v1,belief_limited_heuristic_v1,872
VAE000845,vae_candidate_000845,0.5734926350675107,-728.1530151367188,-5731.388671875,5738.051964609168,1.4340489334973974,-0.09564491456597847,4.191619503340908,22,8464.15088608131,2406.91781969707,1.0798862759972863,1.6118988055264174,2752.68459876573,0.5289381562923059,0.12168130696806669,0.9316716906993159,0.9991554120359842,0.6554010949442214,0.13498578449966078,0.9032086203616221,0.5238095238095238,0.0,0.11399204910293316,0.0,starboard_vae,starboard,False,0.05942289158701897,0.803469717502594,2.0636837482452393,1.4957062005996704,vae_candidate_pool_v1,belief_limited_heuristic_v1,873
VAE000598,vae_candidate_000598,0.5729127296566989,3447.91357421875,-8233.2119140625,9065.801029153941,2.0232322799916154,0.07743361826349052,5.370774981796792,24,8051.460702035328,2123.6390900376,1.403640379324926,1.1957939918616678,4925.106910638852,0.05170478895280284,0.00022499899467757193,0.9993318025821609,0.9305067666878788,1.0,0.17545504741561574,0.8395064438427529,0.5714285714285714,0.0,0.12142690875195157,0.0,starboard_vae,starboard,False,0.05076642334461212,0.6771448254585266,2.4631149768829346,1.843342661857605,vae_candidate_pool_v1,belief_limited_heuristic_v1,874
VAE000931,vae_candidate_000931,0.5720727037958098,3269.792724609375,-8848.0888671875,9422.007404224167,1.9531620144145274,-0.10813914230292773,4.487454003261042,30,8171.975349481785,2307.899975732046,1.5906595022707328,1.080291496872338,5885.370092322202,0.12664261497146545,8.951591412414588e-05,0.9959957680860975,0.8820951601568373,1.0,0.1988324377838416,0.8130969402704498,0.7142857142857143,0.0,0.1155730735088919,0.0,starboard_vae,starboard,False,0.04757173731923103,0.9378438591957092,1.9983476400375366,1.5757408142089844,vae_candidate_pool_v1,belief_limited_heuristic_v1,875
VAE000287,vae_candidate_000287,0.5720413576179799,-150.55572509765625,6052.55615234375,6130.484614538633,-1.5252284488759864,-0.04308941321746038,5.626210211186458,30,8116.2587103435235,2022.3801844997447,1.8276901504340284,-1.659453617931267,2733.0605556842265,0.305530877284381,0.07202649375369577,0.9768436996690861,0.9960725159153215,0.6507287037343397,0.22846126880425355,0.7998639195866063,0.7142857142857143,0.0,0.12591625646975219,0.0,port_vae,port,False,0.04602775722742081,1.9197907447814941,2.4300458431243896,1.9232009649276733,vae_candidate_pool_v1,belief_limited_heuristic_v1,876
VAE000390,vae_candidate_000390,0.5719358494120431,-594.4612426757812,-7119.908203125,7133.463911189175,1.4908688367116254,-0.03024659674195606,5.090217678998429,29,8157.807790751077,2503.885392980722,1.419744133333931,1.6204772201362119,2905.916472880489,0.3720403306327509,0.014472885089371666,0.9657937952299352,0.9987661582295059,0.6918848744953545,0.17746801666674136,0.9848273084499873,0.6904761904761905,0.0,0.11113050933508505,0.0,starboard_vae,starboard,False,0.0980568379163742,0.7654968500137329,2.5037848949432373,1.6477876901626587,vae_candidate_pool_v1,belief_limited_heuristic_v1,877
VAE000309,vae_candidate_000309,0.5719024266321224,1570.991943359375,-7807.0078125,7974.603345439375,1.8049580083781063,0.004518064285420161,5.8076415917145185,25,7828.822684549648,2339.8855016714915,1.3647369350381933,1.3411527094971076,4060.5367555167322,0.35884799421416336,0.0028101471702643975,0.968151012260364,0.9737475804175189,0.966794465599222,0.17059211687977416,0.8168799199392329,0.5952380952380952,0.0,0.11515605152899244,0.0,starboard_vae,starboard,False,0.04801952466368675,1.964848279953003,1.4974966049194336,1.2986154556274414,vae_candidate_pool_v1,belief_limited_heuristic_v1,878
VAE000498,vae_candidate_000498,0.5718491363699798,-165.1094970703125,-6437.50341796875,6481.268312231428,1.5632397042049855,0.017179459086683967,4.776721155616857,29,8161.129127256073,2392.679800186982,1.485125534992739,1.595532408471492,2593.8015989046366,0.41755491432604463,0.042906832350361246,0.9570416095684479,0.9996940787308874,0.6175718092630087,0.18564069187409238,0.9999676952689316,0.6904761904761905,0.0,0.1140888237312206,0.0,starboard_vae,starboard,False,0.08677046000957489,0.7851470708847046,2.589548110961914,1.6301013231277466,vae_candidate_pool_v1,belief_limited_heuristic_v1,879
VAE000136,vae_candidate_000136,0.5716994364508737,5030.19677734375,-9775.298828125,11034.919362806244,2.085883285715258,0.07221295456790411,4.896591638670081,20,8291.92755461507,2059.8594297331924,1.1709461220119979,1.127922322442439,5414.537711165835,0.0460812606923473,7.5627229409898e-07,0.9994692232878164,0.9035237764516885,1.0,0.14636826525149974,0.9788957111092932,0.47619047619047616,0.0,0.12335612299161891,0.0,starboard_vae,starboard,False,0.07452132552862167,1.774407148361206,2.024251937866211,1.175598382949829,vae_candidate_pool_v1,belief_limited_heuristic_v1,880
VAE000978,vae_candidate_000978,0.5716226474121521,4004.5556640625,5905.87158203125,7153.984556508327,-2.190512335709463,-0.0097730955642,4.834005607779149,27,8118.507235332014,2630.480079268551,1.2643070652207369,-0.9608534134445302,6806.602543645215,0.06468684873280806,0.01394992000149249,0.9989542676224274,0.8196807195938735,1.0,0.1580383831525921,0.9360718979186461,0.6428571428571429,0.0,0.10841479469030187,0.0,ahead_vae,ahead,False,0.06483660638332367,2.132129430770874,1.5095913410186768,1.6551897525787354,vae_candidate_pool_v1,belief_limited_heuristic_v1,881
VAE001072,vae_candidate_001072,0.5712635960762921,452.3099670410156,6471.74267578125,6511.687670970921,-1.5714492916712308,0.10250268589286593,5.576175298395727,26,8530.755874420554,2344.9111013003385,1.2997488786117968,-1.4676406760256964,3210.8817763784955,0.35506637861264295,0.040932267967310906,0.9688117070937311,0.9946841722156723,0.7644956610424989,0.1624686098264746,0.8619187891612374,0.6190476190476191,0.0,0.11514942255028829,0.0,port_vae,port,False,0.05362705513834953,2.2241809368133545,2.964247703552246,1.176921010017395,vae_candidate_pool_v1,belief_limited_heuristic_v1,882
VAE000839,vae_candidate_000839,0.5711381108755015,-3549.505126953125,4282.04296875,5615.52052113853,-0.8766580673450454,-0.014826844013015374,4.773568642456199,26,8394.19937213281,2641.8499512999265,1.1724272948570145,-2.279761430257763,7470.291068409642,0.524454540015237,0.1416281221722821,0.9327986022594186,0.7590360502756517,1.0,0.1465534118571268,0.8129601009415814,0.6190476190476191,0.0,0.1088468777879065,0.0,astern_vae,astern,False,0.0475555956363678,2.0589871406555176,2.4549319744110107,1.1555603742599487,vae_candidate_pool_v1,belief_limited_heuristic_v1,883
VAE000057,vae_candidate_000057,0.571132416009069,981.9367065429688,-6060.38623046875,6287.355991345905,1.727232630682971,0.02911295423648689,5.106741830047187,22,8268.272883384283,2305.4283336637723,1.1541340471877617,1.4434729771433086,3336.668767532693,0.3211742689898376,0.05746247364733954,0.9744326889780206,0.9919053265742724,0.7944449446506412,0.1442667558984702,0.8314492904160432,0.5238095238095238,0.0,0.11646490578555271,0.0,starboard_vae,starboard,False,0.049773864448070526,1.845481514930725,2.5823962688446045,1.7025343179702759,vae_candidate_pool_v1,belief_limited_heuristic_v1,884
VAE000180,vae_candidate_000180,0.5710309951634879,3826.9677734375,-7161.6318359375,8082.038410144654,2.0595755331640753,0.013021135744593272,4.787258469629697,24,8182.061716182253,2126.8008175512814,1.3791822911418319,1.0950382561703116,5638.096827221596,0.007694623096087038,0.00223585733758876,0.9999851982668833,0.8889457712886859,1.0,0.17239778639272899,0.9027264921416354,0.5714285714285714,0.0,0.12143954698301304,0.0,starboard_vae,starboard,False,0.059349969029426575,1.2611596584320068,1.8837482929229736,1.9058382511138916,vae_candidate_pool_v1,belief_limited_heuristic_v1,885
VAE000755,vae_candidate_000755,0.5708095542359256,4484.0400390625,-7173.41162109375,8500.431714331891,2.0803283635709953,0.11804886125716463,4.909710067802805,29,8102.8684111481625,2333.5887728034545,1.53368046237198,1.1793131512759631,5248.767987719554,0.1707659460254547,0.0008804986736953347,0.99272744663313,0.9243441566024233,1.0,0.1917100577964975,0.7279409883293844,0.6904761904761905,0.0,0.11505692394995837,0.0,ahead_vae,ahead,False,0.13644134998321533,2.35772705078125,2.9049763679504395,1.332004427909851,vae_candidate_pool_v1,belief_limited_heuristic_v1,886
VAE000491,vae_candidate_000491,0.5706658937886073,209.48512268066406,6536.32373046875,6520.437519705644,-1.5611282526836732,-0.069313723664974,5.303964793337129,32,7982.440944047867,2217.926447291401,1.807453464152555,-1.6497781245710939,2840.8244438951997,0.33415716851195754,0.04037870213481739,0.9723435355852739,0.9968825588977267,0.676386772356,0.22593168301906938,0.823471110471276,0.7619047619047619,0.0,0.11907385135362704,0.0,port_vae,port,False,0.048807110637426376,1.3662664890289307,2.8634142875671387,1.8219127655029297,vae_candidate_pool_v1,belief_limited_heuristic_v1,887
VAE000097,vae_candidate_000097,0.5704167952872563,3550.554443359375,8370.2724609375,9057.872442284823,-2.0379219353851217,-0.03041856546880851,4.570027526293614,27,8327.365194691196,2447.670620924013,1.3246562048026533,-1.13408928367348,5740.0796588711655,0.15058242947668,0.0002295372422309948,0.9943419365300941,0.9061493556141457,1.0,0.16558202560033167,0.8003351020077948,0.6428571428571429,0.0,0.11188977645338774,0.0,port_vae,port,False,0.04608216881752014,2.2299365997314453,1.9963003396987915,1.366283655166626,vae_candidate_pool_v1,belief_limited_heuristic_v1,888
VAE000829,vae_candidate_000829,0.5703587715432022,-703.8908081054688,-7743.37451171875,7827.386299443289,1.4363180262721233,-0.07036822648675946,5.205015024841666,26,8166.924444321145,2646.1737275357223,1.203085401392198,1.6349064008309109,3163.9611102694057,0.3258263063084772,0.0038168085986455412,0.9736932780306347,0.9979456529794186,0.7533240738736681,0.15038567517402476,0.9604437302971723,0.6190476190476191,0.0,0.10785759807354958,0.0,starboard_vae,starboard,False,0.1047980934381485,0.9628832936286926,2.5371155738830566,1.6972800493240356,vae_candidate_pool_v1,belief_limited_heuristic_v1,889
VAE000399,vae_candidate_000399,0.570289462819122,704.4091186523438,-7099.0185546875,7216.057227613878,1.656769744334197,0.03819323579796176,5.3247271889500905,35,8161.136685059702,2613.540728942388,1.6409226899740823,1.5230161450535589,3000.3502526751445,0.4436300037707508,0.01246817309589669,0.9515997719171683,0.9988587442599149,0.7143691077797963,0.2051153362467603,0.8619896992140853,0.8333333333333334,0.0,0.10871524358742411,0.0,starboard_vae,starboard,False,0.05363636836409569,1.125998616218567,1.9691258668899536,1.4444904327392578,vae_candidate_pool_v1,belief_limited_heuristic_v1,890
VAE000225,vae_candidate_000225,0.5696865196494557,179.2165069580078,-5995.49462890625,6206.180898212288,1.5971853914706187,0.016472919947904275,5.299877827058785,29,8346.852300025252,2738.5562001058524,1.268684434204373,1.5608801820670781,2821.18879919163,0.4784428207545963,0.0646630207614263,0.9438564600205868,0.9999508354397327,0.6717116188551501,0.15858555427554663,0.8537446597261356,0.6904761904761905,0.0,0.10664177242791037,0.0,starboard_vae,starboard,False,0.05256521701812744,1.2609977722167969,1.4752395153045654,1.0607424974441528,vae_candidate_pool_v1,belief_limited_heuristic_v1,891
VAE000357,vae_candidate_000357,0.5695654119829316,293.99371337890625,-6500.22314453125,6574.127977177925,1.6554683052338803,0.014569487329077629,6.019688290718176,27,8333.958946274386,2546.083658384548,1.2724471049012935,1.5006938356849908,3123.582915264769,0.3060131597695981,0.03711857068346431,0.9767711090485686,0.9975438264938874,0.7437102179201831,0.1590558881126617,0.8176305955811333,0.6428571428571429,0.0,0.11031815117690334,0.0,starboard_vae,starboard,False,0.04810874164104462,2.2648746967315674,2.4317212104797363,1.9303009510040283,vae_candidate_pool_v1,belief_limited_heuristic_v1,892
VAE000471,vae_candidate_000471,0.5693670667181154,-377.8148193359375,6053.4453125,6055.4969665885155,-1.4768743092417143,0.031324447656921765,5.174990280187164,30,8408.63343651146,2472.0252205280203,1.4432545557489274,-1.6333938966911572,2993.199874643944,0.6057770354521664,0.07997650939507903,0.9110299505364616,0.9980414118002978,0.7126666368199867,0.18040681946861592,0.8344021110611272,0.7142857142857143,0.0,0.11223463999197222,0.0,port_vae,port,False,0.05013564974069595,1.3391618728637695,2.9272074699401855,1.212732195854187,vae_candidate_pool_v1,belief_limited_heuristic_v1,893
VAE000047,vae_candidate_000047,0.568617056562393,-848.8416137695312,-6145.33984375,6265.412309163214,1.4444971053459774,-0.04295847096164894,5.07301322444191,29,8178.929823094969,2399.1480843173267,1.4778979984718368,1.654137077282167,3071.6703976111853,0.4319845171257232,0.05934047991964754,0.9540683365391067,0.9965291692921271,0.7313500946693299,0.1847372498089796,0.7722476909852327,0.6904761904761905,0.0,0.1140199440333125,0.0,starboard_vae,starboard,False,0.042901962995529175,2.3396904468536377,1.9457769393920898,1.7472341060638428,vae_candidate_pool_v1,belief_limited_heuristic_v1,894
VAE000068,vae_candidate_000068,0.5685535830334618,3394.6376953125,7129.9765625,7770.161499989686,-1.9964674267243672,0.00693974657132006,5.785906219082332,22,8479.329851524953,2323.9971941827134,1.1164147134379538,-1.1381854802941058,5664.793110318771,0.12090064329675809,0.004289703256278432,0.9963502076044641,0.9078742672459844,1.0,0.13955183917974423,0.8640359231858817,0.5238095238095238,0.0,0.11530492760199766,0.0,port_vae,port,False,0.0539059042930603,0.8689697980880737,1.9160737991333008,1.7845802307128906,vae_candidate_pool_v1,belief_limited_heuristic_v1,895
VAE000780,vae_candidate_000780,0.5685202104486173,-432.26849365234375,-1181.4776611328125,1287.1414274337415,1.2435201789172836,0.11612237896249991,4.881207415021981,24,8450.037329244567,2377.6509024070906,1.1945505273144454,2.0141948536350096,5772.8952957640695,2.526194298372234,0.7912729306804462,0.09172822616819004,0.9032988743733368,1.0,0.14931881591430568,0.9994729436136138,0.5714285714285714,1.0,0.14635974513943123,0.14635974513943123,inside_convoy_envelope,inside,True,0.08526276051998138,2.272608518600464,1.544415831565857,1.2959496974945068,vae_candidate_pool_v1,belief_limited_heuristic_v1,896
VAE000194,vae_candidate_000194,0.5676575993973485,-1666.207763671875,-6439.80322265625,6638.678946444885,1.333423241634802,0.10055268628976437,5.485416283550526,24,7999.814582856455,2571.2368899590283,1.166780682385205,1.9087220982447557,5078.004584460778,0.5767785791351391,0.03349715574507951,0.9191118611962161,0.9434443654154908,1.0,0.14584758529815062,0.8361784577337936,0.5714285714285714,0.0,0.10992404556873749,0.0,starboard_vae,starboard,False,0.050354376435279846,2.3829894065856934,2.992182493209839,1.9338188171386719,vae_candidate_pool_v1,belief_limited_heuristic_v1,897
VAE000419,vae_candidate_000419,0.5676465944837878,-1229.89111328125,-5808.73486328125,6027.0737522931795,1.4174206173140707,-0.08074327502005837,5.112254067094814,30,8386.546440045997,2153.661971412763,1.6609652981403908,1.6434287612556642,2756.5835249449865,0.6072147658417403,0.08316796789610247,0.9106202032904261,0.997363424136145,0.6563294107011872,0.20762066226754886,0.8893634047704656,0.7142857142857143,0.0,0.1211651615543467,0.0,starboard_vae,starboard,False,0.057384949177503586,1.4985225200653076,2.4876914024353027,1.2493566274642944,vae_candidate_pool_v1,belief_limited_heuristic_v1,898
VAE000128,vae_candidate_000128,0.5674820100443692,169.17108154296875,6411.228515625,6380.752619758583,-1.5240336847352005,-0.0017134190890891502,5.220166610396694,28,8251.847773728476,2409.4519377755264,1.4082785224375056,-1.6192723879436817,2806.4818993168997,0.32242494620849604,0.05000975811073924,0.9742349104589878,0.9988252658198928,0.6682099760278333,0.1760348153046882,0.8272486776729042,0.6666666666666666,0.0,0.11366430276533561,0.0,port_vae,port,False,0.04926295205950737,1.9254465103149414,2.5673959255218506,1.5050643682479858,vae_candidate_pool_v1,belief_limited_heuristic_v1,899
VAE000966,vae_candidate_000966,0.5667815471379549,2170.990966796875,-8284.802734375,8615.157469667476,1.8038468778510188,-0.009156904097737843,5.590927134166249,24,8101.918865145824,2091.06999134354,1.4166246106702112,1.3285888716410368,3973.248221112316,0.336947438907627,0.0006741122822255378,0.971884130659088,0.9708108907952087,0.9460114812172181,0.1770780763337764,0.8241242595898766,0.5714285714285714,0.0,0.12261948871924624,0.0,starboard_vae,starboard,False,0.048885688185691833,1.6622991561889648,2.100762367248535,1.7655234336853027,vae_candidate_pool_v1,belief_limited_heuristic_v1,900
VAE000957,vae_candidate_000957,0.5667730780980101,3719.6806640625,-7091.77294921875,7940.362965111229,2.0818571932554364,-0.030957025943110575,5.233168009177923,31,8103.274359625873,2375.7079217441938,1.6103048633296921,1.0287784343912467,6215.397794698554,0.27925479471372894,0.003019768800506678,0.9806305565650117,0.8566694647088995,1.0,0.20128810791621152,0.8155042976545983,0.7380952380952381,0.0,0.11405703724746058,0.0,starboard_vae,starboard,False,0.047856345772743225,1.8177647590637207,2.9359734058380127,1.6912437677383423,vae_candidate_pool_v1,belief_limited_heuristic_v1,901
VAE001188,vae_candidate_001188,0.5664685026962801,-359.43212890625,-6767.9091796875,6737.483097295835,1.5357110535342842,0.06590238879098279,4.163127258415348,29,8431.62062170167,2435.2530800627355,1.412351642171186,1.6717839888464925,3272.8887274174576,0.40187851561651566,0.028539211404571812,0.9601639204332822,0.9949050783154878,0.7792592208136804,0.17654395527139824,0.7880915525814249,0.6904761904761905,0.0,0.1127732811615897,0.0,starboard_vae,starboard,False,0.04468069598078728,2.058464527130127,1.9383339881896973,1.830931544303894,vae_candidate_pool_v1,belief_limited_heuristic_v1,902
VAE000182,vae_candidate_000182,0.566304094594717,3915.388427734375,-5766.66259765625,7075.852189353064,2.0719705384606715,0.03592646438010899,5.607600612395182,24,8408.475630039737,2060.6950868860927,1.3850971518483541,1.1055485795092308,5614.078788972587,0.34821136895867655,0.016034630659095394,0.9699922637810565,0.8937104426451576,1.0,0.17313714398104427,0.8815223859120601,0.5714285714285714,0.0,0.12395753459902875,0.0,ahead_vae,ahead,False,0.05627705156803131,0.7661420702934265,2.9356203079223633,1.906139850616455,vae_candidate_pool_v1,belief_limited_heuristic_v1,903
VAE001030,vae_candidate_001030,0.5660666878744641,274.347412109375,-6661.283203125,6713.13567047335,1.6011001101219025,0.08798404027153096,4.969069012614053,22,8264.219003777374,2557.8798271054557,1.0407363569439134,1.6284765837394215,3030.0439564705325,0.38603524665739936,0.029698418147017517,0.9632045698801234,0.9983369551369751,0.7214390372548887,0.13009204461798918,0.9669827878594058,0.5238095238095238,0.0,0.11003437809572306,0.0,starboard_vae,starboard,False,0.07127630710601807,1.775855541229248,2.486008405685425,1.5120478868484497,vae_candidate_pool_v1,belief_limited_heuristic_v1,904
VAE000649,vae_candidate_000649,0.5660075636692347,679.6422119140625,6250.8017578125,6473.521069675426,-1.6003866309188137,-0.07124933062881533,4.691086413179596,28,8246.653763252543,2169.275667693878,1.5651844530505912,-1.6124553532997947,2510.8417852689277,0.28034504102264446,0.043422329892577625,0.9804800135343277,0.9991323882427269,0.597819472683078,0.1956480566313239,0.9148276704063395,0.6666666666666666,0.0,0.12050007608231132,0.0,port_vae,port,False,0.061229512095451355,0.7814895510673523,2.3947205543518066,1.6725196838378906,vae_candidate_pool_v1,belief_limited_heuristic_v1,905
VAE000842,vae_candidate_000842,0.565885709305023,-4286.25146484375,-4285.9091796875,6258.049911646398,0.7169209120363602,0.05392163918509097,5.036863560123098,37,8177.104887891202,2590.7027628041646,1.7465642535209691,2.4785933807385243,8039.318173803842,0.25347444992290563,0.05998178239843704,0.9840234912596282,0.6154834929872508,1.0,0.21832053169012114,0.9996015753989159,0.8809523809523809,0.0,0.10959906957818502,0.0,astern_vae,astern,False,0.08900852501392365,2.1456871032714844,2.488312005996704,1.6980994939804077,vae_candidate_pool_v1,belief_limited_heuristic_v1,906
VAE000370,vae_candidate_000370,0.5654299258290412,4491.55908203125,-8175.06884765625,9242.186730243162,2.013875178519606,-0.11112598848658418,4.739652715491374,27,8141.15249417783,2189.8279030780104,1.5144951578548134,1.016591486583603,6146.47521946067,0.19536101328178912,0.00014340832123975635,0.9904888266640746,0.8503191756618027,1.0,0.18931189473185167,0.8865383634760506,0.6428571428571429,0.0,0.11915893010858254,0.0,starboard_vae,starboard,False,0.05698224902153015,1.4840294122695923,2.9493565559387207,1.4857643842697144,vae_candidate_pool_v1,belief_limited_heuristic_v1,907
VAE000326,vae_candidate_000326,0.5649212845661267,3456.821533203125,6877.4931640625,7856.850442468912,-2.0613821682238895,-0.08167144898628788,5.0612285316571315,19,8125.538385925393,2237.6839176034528,1.0449673330222624,-1.1618819343521916,5284.01705849623,0.06955010249967009,0.003592296925032694,0.9987911832041854,0.9175530155970119,1.0,0.1306209166277828,0.856181574358196,0.4523809523809524,0.0,0.11795105434142243,0.0,port_vae,port,False,0.05287940055131912,1.7823446989059448,2.9415712356567383,1.6578662395477295,vae_candidate_pool_v1,belief_limited_heuristic_v1,908
VAE001126,vae_candidate_001126,0.5649104166777714,-583.7711181640625,6041.83251953125,6200.093561422054,-1.5248195937641316,-0.003088299220817193,5.7882359963547,24,8017.639355142598,2325.4838733491133,1.2872158904422173,-1.6198613590464788,2715.913190760659,0.5127243395920176,0.0652314830477876,0.9357056549625047,0.9987965527634446,0.6466459978001569,0.16090198630527716,0.9639761092413172,0.5714285714285714,0.0,0.11608291730601449,0.0,port_vae,port,False,0.07055117189884186,1.5365700721740723,1.4826571941375732,1.1577341556549072,vae_candidate_pool_v1,belief_limited_heuristic_v1,909
VAE000251,vae_candidate_000251,0.5648646779392649,3544.54150390625,8017.31884765625,8776.590897119879,-2.0740108063160543,-0.029923661394789153,4.581250345674874,26,8305.622494344494,2790.798451349195,1.1216895836737102,-1.097505508668528,6269.865333786962,0.02756786002578515,0.0004590402420231381,0.9998100153060135,0.8900730968803285,1.0,0.14021119795921377,0.7560975435072537,0.6190476190476191,0.0,0.10484446724385864,0.0,port_vae,port,False,0.1334092915058136,2.186955451965332,1.5093309879302979,1.1959704160690308,vae_candidate_pool_v1,belief_limited_heuristic_v1,910
VAE000667,vae_candidate_000667,0.5646039843288885,-283.99285888671875,-855.297607421875,1115.6448428825079,1.2565002507551615,-0.06258427100119773,5.7542305579261335,27,8212.352107718749,2302.9149260293157,1.4276386859970487,1.8225081318334342,4275.730668866456,2.312019968958597,0.7321077098021604,0.1624044860689779,0.9684874949831725,1.0,0.17845483574963109,0.8406339685573261,0.6428571428571429,1.0,0.15745509642171826,0.15745509642171826,inside_convoy_envelope,inside,True,0.0509067103266716,1.700608253479004,2.929267168045044,1.0540194511413574,vae_candidate_pool_v1,belief_limited_heuristic_v1,911
VAE000035,vae_candidate_000035,0.5643404241945084,983.6407470703125,-6935.1259765625,6983.451840906433,1.6327558089784218,-0.05857757692753443,5.390383826996137,20,8427.935116060335,2597.937308870213,0.9134402517459536,1.450259267683837,3592.507514710762,0.2891468281086378,0.018849434627520947,0.979243746564952,0.9927442001461979,0.8553589320739909,0.1141800314682442,0.8222533061954533,0.47619047619047616,0.0,0.10898612888853777,0.0,starboard_vae,starboard,False,0.04866086319088936,0.7638554573059082,2.4229214191436768,1.3681633472442627,vae_candidate_pool_v1,belief_limited_heuristic_v1,912
VAE000152,vae_candidate_000152,0.5634835551465209,305.72149658203125,6023.79541015625,6087.305650307923,-1.6022635883200713,-0.04056879695004313,5.743680273465959,21,8152.302079065167,2506.501826763477,1.0277110010596584,-1.579897862219765,2580.595452510267,0.3878042404148918,0.0765221932513833,0.9628708159421023,0.999958581312376,0.6144274886929207,0.1284638751324573,0.9131492721862391,0.5,0.0,0.11154801484197009,0.0,port_vae,port,False,0.06096233054995537,2.2547929286956787,1.9658300876617432,1.3917847871780396,vae_candidate_pool_v1,belief_limited_heuristic_v1,913
VAE000165,vae_candidate_000165,0.5634824390859927,-273.93505859375,-6073.5771484375,6226.246998898502,1.5504057621095297,0.044118629792285854,5.655401054673042,24,8349.021895656882,2573.7005285706678,1.1169085871932611,1.6353055212725496,3106.5624446486,0.5512841310233141,0.0628177739716661,0.9259263102273221,0.9979200033784638,0.7396577249163333,0.13961357339915764,0.8617400630181997,0.5714285714285714,0.0,0.10988618403041955,0.0,starboard_vae,starboard,False,0.05360358953475952,1.5462019443511963,1.9854815006256104,1.0852853059768677,vae_candidate_pool_v1,belief_limited_heuristic_v1,914
VAE000504,vae_candidate_000504,0.5631704804005397,-755.6006469726562,-498.80767822265625,905.4943371191949,0.6501642402724389,0.05182040728870758,4.730958243736128,29,8435.322342881309,2150.892380723803,1.5983711556224793,2.543248820606062,8181.394116020216,1.4000687121411213,0.6555893753373292,0.5849497150690707,0.563274806021453,1.0,0.19979639445280992,0.8895062905479841,0.6904761904761905,1.0,0.17850541325777478,0.17850541325777478,inside_convoy_envelope,inside,True,0.05740542709827423,0.9794546365737915,2.962188243865967,1.5208661556243896,vae_candidate_pool_v1,belief_limited_heuristic_v1,915
VAE000765,vae_candidate_000765,0.5627187126118101,4100.2275390625,-9288.5986328125,10130.097363087547,1.9796814545333326,-0.04324627099154896,5.692396048267825,23,8580.471690656344,2205.022630001375,1.2156361942916782,1.1186649280649112,5732.126190582225,0.07743743427700922,1.2425884773776842e-05,0.9985016099327266,0.8995179727655876,1.0,0.15195452428645978,0.8070859631659946,0.5476190476190477,0.0,0.11835223648447551,0.0,starboard_vae,starboard,False,0.12766669690608978,2.188713550567627,1.5053859949111938,1.5395129919052124,vae_candidate_pool_v1,belief_limited_heuristic_v1,916
VAE000300,vae_candidate_000300,0.5626387737628185,-344.44183349609375,-917.989990234375,1033.1686737463826,1.255383206112233,-0.05536892808179722,5.9037093562723015,28,8161.633444329358,2530.560829477464,1.3557017735597228,1.8308405193957633,4544.025661809037,2.270605879020377,0.7024632663187964,0.17796399346842867,0.9663786161326235,1.0,0.16946272169496535,0.8957087604963708,0.6666666666666666,1.0,0.15944591451543721,0.15944591451543721,inside_convoy_envelope,inside,True,0.0583050437271595,0.9395323395729065,1.952144742012024,1.6035906076431274,vae_candidate_pool_v1,belief_limited_heuristic_v1,917
VAE000216,vae_candidate_000216,0.5622048005560383,789.671875,-433.1962890625,798.7625305684626,2.6963252138060785,0.07739317178303103,4.620783616336454,26,8115.082086410507,2192.1771496322517,1.4615200722122397,0.5226606115667461,8125.977792369393,1.1114907348490735,0.6158937585031253,0.721662886953915,0.4991873061970205,1.0,0.18269000902652996,0.9316774971210853,0.6190476190476191,1.0,0.1912728804760392,0.1912728804760392,inside_convoy_envelope,inside,True,0.06405152380466461,2.1363067626953125,1.5284757614135742,1.1189579963684082,vae_candidate_pool_v1,belief_limited_heuristic_v1,918
VAE000401,vae_candidate_000401,0.5620938741233937,431.41455078125,-6315.4912109375,6248.17527048248,1.5803661543227832,0.021693354569676183,5.234098640992719,32,8527.482077118766,1995.3287622925761,1.880679108182813,1.5829198538366855,2098.562754507457,0.39374527646526225,0.0608508510853302,0.9617393327881305,0.999926510946158,0.4996577986922517,0.23508488852285161,0.910925576382261,0.7619047619047619,0.0,0.12673314089516807,0.0,starboard_vae,starboard,False,0.060611724853515625,1.6907031536102295,1.4982455968856812,1.2894783020019531,vae_candidate_pool_v1,belief_limited_heuristic_v1,919
VAE001142,vae_candidate_001142,0.561994139487898,-844.8389282226562,-6083.82373046875,6301.055612688814,1.4618522038499875,-0.06946708451522306,4.672399266936938,33,8171.402234337076,2208.4675809095365,1.828632029584554,1.6102733652245826,2529.2459051712226,0.5162421569080222,0.05631507681276924,0.9348401227397933,0.9992208829100088,0.6022014059931482,0.22857900369806924,0.8393906512871538,0.7857142857142857,0.0,0.11936974052614593,0.0,starboard_vae,starboard,False,0.05075203627347946,0.6608843207359314,1.9086055755615234,1.2846544981002808,vae_candidate_pool_v1,belief_limited_heuristic_v1,920
VAE000937,vae_candidate_000937,0.5619825615402262,1224.25390625,-9515.822265625,9537.229009221788,1.736876787993113,-0.026698987427451904,5.088385795181106,19,8391.793926738887,2427.9918928551633,0.9325058352170806,1.3780168781692288,3990.778196652427,0.22333081911903155,6.576013375892793e-05,0.9875825769009502,0.9814755190438146,0.9501852849172445,0.11656322940213508,0.7721687170799509,0.4523809523809524,0.0,0.11226593691238229,0.0,starboard_vae,starboard,False,0.042893186211586,1.8158413171768188,2.940430164337158,1.8743219375610352,vae_candidate_pool_v1,belief_limited_heuristic_v1,921
VAE000066,vae_candidate_000066,0.561938403313283,-1126.17626953125,6995.38916015625,7005.060188113955,-1.3949658768892979,0.09463894575531846,4.746466166516714,33,8230.178846325512,2382.6901519220855,1.6828178006931327,-1.6519878309451768,3042.327730006408,0.46427600967457316,0.01815507455549891,0.9470729925473353,0.9967057800649106,0.7243637452396209,0.2103522250866416,0.7909194776106641,0.7857142857142857,0.0,0.11409422986001516,0.0,port_vae,port,False,0.045002177357673645,0.7380946278572083,2.9732208251953125,1.9687724113464355,vae_candidate_pool_v1,belief_limited_heuristic_v1,922
VAE000791,vae_candidate_000791,0.5613758097069539,4546.50830078125,-4309.99951171875,6154.274549165847,2.4341886479201738,-0.01809747854327396,4.56869152621236,29,8068.811506869181,2334.5137400240915,1.539543602521262,0.6893065271263458,7711.354822436632,0.138296673971404,0.06964242384961292,0.9952261235254078,0.6360021910176894,1.0,0.19244295031515776,0.9961908460410548,0.6904761904761905,0.0,0.11583332916104837,0.0,ahead_vae,ahead,False,0.09265754371881485,1.248321533203125,1.5092363357543945,1.1808263063430786,vae_candidate_pool_v1,belief_limited_heuristic_v1,923
VAE000327,vae_candidate_000327,0.5609697825785225,-118.0181884765625,-5610.716796875,5642.586582261813,1.6111627512270426,0.013942552205106259,5.010845966125978,24,8377.648264773861,1967.713422634059,1.4558856687122734,1.5443724545678574,2188.3706605203306,0.5768803897399832,0.13702482760038026,0.9190840990137498,0.9996509098008167,0.5210406334572216,0.18198570858903418,0.8851688038627746,0.5714285714285714,0.0,0.12823716873269608,0.0,starboard_vae,starboard,False,0.05678848177194595,1.0433847904205322,1.5091831684112549,1.5025694370269775,vae_candidate_pool_v1,belief_limited_heuristic_v1,924
VAE001149,vae_candidate_001149,0.5591849959428961,676.2095947265625,-6681.412109375,6727.017059191078,1.6614624637268147,0.017297883715164403,5.863324450703302,24,8214.109010414066,2301.3462333558186,1.269605564445236,1.4974280735781431,2897.269355813258,0.37728537471303847,0.02903265765335749,0.9648340613371827,0.9973097568107969,0.6898260370983947,0.1587006955556545,0.8934908115342772,0.5714285714285714,0.0,0.116408794836813,0.0,starboard_vae,starboard,False,0.057980895042419434,2.3118581771850586,2.5389339923858643,1.1130502223968506,vae_candidate_pool_v1,belief_limited_heuristic_v1,925
VAE000808,vae_candidate_000808,0.5591417187671754,4542.63330078125,-3841.590087890625,5982.923453071387,2.4044997237522763,0.04778530834964986,4.174055010107089,21,8284.06448127444,2472.8426030835853,1.0251309597289953,0.7848782381871671,7608.417368737378,0.21928307002599381,0.08832620655411087,0.9880268269375703,0.7067390429878747,1.0,0.1281413699661244,0.9205807009259128,0.5,0.0,0.11231988963883949,0.0,ahead_vae,ahead,False,0.11236988753080368,2.0360682010650635,1.9326441287994385,1.3716599941253662,vae_candidate_pool_v1,belief_limited_heuristic_v1,926
VAE000059,vae_candidate_000059,0.5589488997740121,962.2395629882812,-6545.8955078125,6460.468393454153,1.756450699380472,0.047669390892696416,5.499630486925347,17,8150.836356866802,1762.0466525620468,1.183666467914637,1.4328113451020184,2866.4260975155757,0.22951997433401838,0.044302620476725736,0.9868878589426868,0.9904951676672782,0.6824824041703752,0.14795830848932962,0.9976226601977141,0.40476190476190477,0.0,0.1375352364587529,0.0,starboard_vae,starboard,False,0.09152393043041229,1.7859132289886475,1.4863379001617432,1.2821840047836304,vae_candidate_pool_v1,belief_limited_heuristic_v1,927
VAE000431,vae_candidate_000431,0.5586421833568757,2566.289306640625,-8762.0966796875,9050.666935411822,1.859678817675715,-0.08504123580614888,5.175252885681121,15,8315.837712399385,2738.1221870499494,0.6587679006338553,1.1968726001079288,5586.454480669812,0.02908043809641847,0.00023373613431875307,0.9997885969287961,0.930901292251233,1.0,0.08234598757923191,0.8055739101229945,0.35714285714285715,0.0,0.10573345185451899,0.0,starboard_vae,starboard,False,0.12784305214881897,2.016353130340576,2.4877002239227295,1.9307523965835571,vae_candidate_pool_v1,belief_limited_heuristic_v1,928
VAE000692,vae_candidate_000692,0.5586148657905589,541.844482421875,-8894.19140625,8840.28574281588,1.628139567974895,-0.06628138987321791,4.954459720489394,26,8311.807597997124,2661.7018981176625,1.175218047201773,1.4471716957416805,3666.3171405449693,0.5184625725696166,0.00039339524576457557,0.9342910354528383,0.992368202491894,0.872932652510707,0.14690225590022163,0.8080500156234027,0.6190476190476191,0.0,0.10723452316209123,0.0,starboard_vae,starboard,False,0.0469788983464241,1.1099088191986084,2.9916844367980957,1.9081904888153076,vae_candidate_pool_v1,belief_limited_heuristic_v1,929
VAE001162,vae_candidate_001162,0.5586130220524296,65.36532592773438,-8422.9267578125,8492.541395588802,1.5343785047156786,-0.10021666320457982,5.190672007852222,27,8402.262531231829,2579.695368220346,1.2456587791335036,1.5069974856695352,3110.138128387668,0.11637263994367864,0.0008966583376534239,0.9966181713141493,0.9979655441451301,0.74050907818754,0.15570734739168796,0.7569968260558556,0.6428571428571429,0.0,0.10894617106823858,0.0,starboard_vae,starboard,False,0.041221827268600464,2.4098165035247803,2.480297565460205,1.4304838180541992,vae_candidate_pool_v1,belief_limited_heuristic_v1,930
VAE001042,vae_candidate_001042,0.5585618278475949,-238.93634033203125,6688.64306640625,6731.570982972061,-1.5633315809831745,-0.06101467349695624,5.043599688392163,25,8314.778257100037,2405.695104284722,1.2498236907265627,-1.639275746103575,2969.002908751442,0.5207897628336098,0.02881705882756341,0.933713245806213,0.9976562007041019,0.706905454464629,0.15622796134082034,0.932604141364374,0.5952380952380952,0.0,0.11356949637793892,0.0,port_vae,port,False,0.06421515345573425,0.7514979243278503,2.4137120246887207,1.763224720954895,vae_candidate_pool_v1,belief_limited_heuristic_v1,931
VAE000355,vae_candidate_000355,0.5585487968335165,157.5611572265625,6349.04296875,6188.57774865792,-1.5123206886229235,0.04017427562511014,5.03560444963617,29,8286.921587937128,2041.3613985807272,1.714292283384819,-1.5890976893417594,2192.6730317082197,0.27614683769124726,0.06631804397641726,0.9810565722629314,0.9998325347387752,0.5220650075495761,0.2142865354231024,0.8159988099106887,0.6904761904761905,0.0,0.1250866357335171,0.0,port_vae,port,False,0.047914959490299225,1.621976613998413,1.4926283359527588,1.6313495635986328,vae_candidate_pool_v1,belief_limited_heuristic_v1,932
VAE000378,vae_candidate_000378,0.5582128836146307,62.659210205078125,6520.34228515625,6394.778694611228,-1.6546521423340905,0.03512842696291512,5.159543537332573,22,8061.146606250547,2328.7299021866793,1.17194368015172,-1.4518120842927875,3269.1530060177333,0.5253348607720632,0.048963326068469495,0.9325780282686136,0.9929297222333885,0.7783697633375556,0.146492960018965,0.8406462288581352,0.5238095238095238,0.0,0.11587385436170725,0.0,port_vae,port,False,0.05090823769569397,1.3254622220993042,1.4722421169281006,1.1553770303726196,vae_candidate_pool_v1,belief_limited_heuristic_v1,933
VAE000363,vae_candidate_000363,0.5562009792995634,-2654.8369140625,-8472.4462890625,8863.748762373603,1.2696035340076397,-0.0963466621019012,5.373449687045549,25,8267.727855529438,2490.7232070575237,1.2140270645367253,1.7756424574802525,4120.440249112207,0.5458210769367059,0.0003715118893946308,0.9273506707206234,0.9790922956687507,0.9810572021695732,0.15175338306709066,0.7202902815908926,0.5952380952380952,0.0,0.11092809366117037,0.0,starboard_vae,starboard,False,0.03728014603257179,0.7256894707679749,2.878044605255127,1.3653910160064697,vae_candidate_pool_v1,belief_limited_heuristic_v1,934
VAE000277,vae_candidate_000277,0.5560228384650887,-2607.943115234375,-7396.47607421875,7799.662474553068,1.2339834238959606,0.012638173307004761,5.097314193264888,28,8192.598018580486,2051.034979576978,1.6663388432910435,1.920247403000838,4732.0710688223,0.5381743234045734,0.004039645783274703,0.929322948738672,0.9395607960787331,1.0,0.20829235541138044,0.7276498083426486,0.6666666666666666,0.0,0.1242093975453962,0.0,starboard_vae,starboard,False,0.03806060552597046,1.2307956218719482,1.527051329612732,1.1661186218261719,vae_candidate_pool_v1,belief_limited_heuristic_v1,935
VAE000913,vae_candidate_000913,0.5553955241994013,-417.40411376953125,-391.30718994140625,460.8197834941886,0.7747924654663315,0.042662838167202406,5.275697725898755,29,8441.613697318186,2437.062539909168,1.4096323226582228,2.409463026290664,7907.538342624609,0.3882389690329779,0.49122430342057605,0.962788574453034,0.6684550653234945,1.0,0.17620404033227785,0.9752104949654784,0.6904761904761905,1.0,0.2831969548543371,0.2831969548543371,inside_convoy_envelope,inside,True,0.073440320789814,2.2959983348846436,1.5195705890655518,1.9043283462524414,vae_candidate_pool_v1,belief_limited_heuristic_v1,936
VAE001006,vae_candidate_001006,0.5547333445173483,4078.292236328125,-5367.7509765625,6614.996537711669,2.192266678856421,-0.10244161346108178,5.593800918003939,23,8304.126892639291,2447.1542515252495,1.1318073607106018,0.8468843612722907,7333.452895214148,0.08874077468508101,0.03478917116750315,0.9980325603555906,0.7492204930047239,1.0,0.14147592008882523,0.9004268707261306,0.5476190476190477,0.0,0.11259807572672938,0.0,ahead_vae,ahead,False,0.11552871763706207,1.6898781061172485,2.9067962169647217,1.7966620922088623,vae_candidate_pool_v1,belief_limited_heuristic_v1,937
VAE001063,vae_candidate_001063,0.5546782916482954,-4752.02587890625,2181.776611328125,5247.874977898907,-0.40445168146490706,0.035176559971486644,4.711423845450206,28,8449.111180437923,2244.648069374071,1.476382019000677,-2.701964412153399,8601.013899703044,0.123492479348495,0.21585349470446116,0.9961922447251288,0.42560308646164824,1.0,0.1845477523750846,0.8694898529497702,0.6666666666666666,0.0,0.11880947227354675,0.0,astern_vae,astern,False,0.054632000625133514,1.6178805828094482,1.519718885421753,1.9397387504577637,vae_candidate_pool_v1,belief_limited_heuristic_v1,938
VAE000289,vae_candidate_000289,0.5522784259143377,-38.169097900390625,-6359.47802734375,6414.039222903751,1.564712817834708,-0.033892175552344354,4.678940162255288,25,8020.236444264579,2379.241156176613,1.310129944667081,1.5429876602027408,2601.3245922167484,0.4341917100388448,0.04755619250119237,0.9536051839076525,0.999613363948325,0.6193629981468448,0.16376624308338514,0.826797351984601,0.5952380952380952,0.0,0.11454203210214133,0.0,starboard_vae,starboard,False,0.04920831322669983,2.2711400985717773,1.5001248121261597,1.7570170164108276,vae_candidate_pool_v1,belief_limited_heuristic_v1,939
VAE000412,vae_candidate_000412,0.5519044557601439,3646.365234375,6132.701171875,7108.5964726049515,-2.099167949564798,-0.03623149543081249,5.084338943107877,27,8409.550817013092,2524.5653514570117,1.271757617084445,-1.0786561994558077,6198.5821643833315,0.5082604558106429,0.015129742540284112,0.9367961963212237,0.8813236394437601,1.0,0.1589697021355556,0.7414321063680991,0.6428571428571429,0.0,0.11054032577344494,0.0,ahead_vae,ahead,False,0.039534684270620346,2.086515426635742,2.945038318634033,1.238731861114502,vae_candidate_pool_v1,belief_limited_heuristic_v1,940
VAE000856,vae_candidate_000856,0.5517165613061217,168.51974487304688,-6709.412109375,6582.174469119087,1.5938827178049926,0.00032731422077730626,5.746274118566932,28,8131.062586956258,2410.650207235927,1.428487781115724,1.5480372500055772,2595.065407725293,0.4721612597197431,0.03664975820629693,0.9452937008973847,0.9997410233907683,0.6178727161250698,0.1785609726394655,0.825486927719285,0.6666666666666666,0.0,0.11360304522749647,0.0,starboard_vae,starboard,False,0.049049943685531616,1.1868441104888916,1.4874861240386963,1.059985637664795,vae_candidate_pool_v1,belief_limited_heuristic_v1,941
VAE000475,vae_candidate_000475,0.5511008937006745,7.638519287109375,-5960.44482421875,6038.443615943903,1.5627969548429455,0.03905366577661029,4.851865728161771,22,8392.058225103745,2115.186511874062,1.2393829691267135,1.6178493645234584,2507.571586163676,0.47221229262413944,0.08187931578350643,0.9452820951253904,0.9988932100445375,0.5970408538484943,0.1549228711408392,0.8248635849288997,0.5238095238095238,0.0,0.12245608863424079,0.0,starboard_vae,starboard,False,0.04897475242614746,1.1566085815429688,1.9785799980163574,1.4996503591537476,vae_candidate_pool_v1,belief_limited_heuristic_v1,942
VAE001043,vae_candidate_001043,0.5501072903533906,218.2997589111328,-937.940185546875,1133.890265868195,1.799143684596289,-0.022281964573532743,4.731742536632592,29,8319.049410515261,2841.7120664254057,1.2267165450309667,1.3201670044199718,4816.165091914776,2.9423777201097723,0.738576218462356,0.009888877778276628,0.9687565330064644,1.0,0.15333956812887084,0.9991531963810026,0.6904761904761905,1.0,0.14772130970939573,0.14772130970939573,inside_convoy_envelope,inside,True,0.0898064449429512,2.2479407787323,2.405510187149048,1.8336395025253296,vae_candidate_pool_v1,belief_limited_heuristic_v1,943
VAE000519,vae_candidate_000519,0.5497129385226366,547.0360717773438,8112.6162109375,8080.816552820519,-1.644546194883317,-0.02425773353664395,4.669128919796291,21,8688.685454641385,2475.49815794587,0.976343438483055,-1.5213041922431199,2902.313002648705,0.15535321558137682,0.002241733129568026,0.9939784698430374,0.9987755142845955,0.6910269053925489,0.12204292981038188,0.8374814173986846,0.5,0.0,0.11125204505047527,0.0,port_vae,port,False,0.12401758134365082,1.4734516143798828,2.9916183948516846,1.1090171337127686,vae_candidate_pool_v1,belief_limited_heuristic_v1,944
VAE000425,vae_candidate_000425,0.5489540143770258,-574.7970581054688,6198.775390625,6280.351526961896,-1.4854109471744685,0.008428603033079055,5.444371636521558,28,7827.243711743391,2185.3296719418786,1.636937931640839,-1.6477531033822455,2780.626784571208,0.650202563524615,0.058056535623042214,0.8979805967630257,0.9970402884041618,0.6620539963264781,0.20461724145510488,0.8099259714406442,0.6666666666666666,0.0,0.1202901686538632,0.0,port_vae,port,False,0.047198664397001266,1.0959872007369995,2.460691213607788,1.1210508346557617,vae_candidate_pool_v1,belief_limited_heuristic_v1,945
VAE000911,vae_candidate_000911,0.5487152631047705,-664.9485473632812,490.883544921875,1059.4857871424383,-0.6081826752557338,-0.08396382958064462,4.383527505619821,22,8129.742143968544,2426.5969349500383,1.1151884559068004,-2.6173738079147038,8252.642672690266,1.6462982945993665,0.7119885488134463,0.4622848727533454,0.500536900282494,1.0,0.13939855698835005,0.9936597949950127,0.5238095238095238,1.0,0.15909638832882422,0.15909638832882422,inside_convoy_envelope,inside,True,0.08030678331851959,1.1208549737930298,1.9971559047698975,1.6845046281814575,vae_candidate_pool_v1,belief_limited_heuristic_v1,946
VAE000586,vae_candidate_000586,0.5461726987711013,-119.4798583984375,-6328.052734375,6244.341207106798,1.5121757725898328,-0.046630887671941824,5.6285647153582365,18,8286.534184579888,2458.465425907403,0.8835588346876445,1.5827859933280186,2557.639124479575,0.4304175082251407,0.0611910633308449,0.9543958117343903,0.999928124809236,0.6089616963046607,0.11044485433595556,0.8512134555844745,0.42857142857142855,0.0,0.11251324234108781,0.0,starboard_vae,starboard,False,0.052240923047065735,1.7283003330230713,1.492576241493225,1.8810114860534668,vae_candidate_pool_v1,belief_limited_heuristic_v1,947
VAE000717,vae_candidate_000717,0.545625201640385,156.7088623046875,6543.1396484375,6398.596328588541,-1.6025874282728243,-0.017113564385813126,4.879182944225729,27,8470.191973791802,2103.722596261004,1.5152421363303132,-1.556118789702782,2227.8130909028528,0.42034575672336416,0.048681690379887635,0.956473949909052,0.9998922868861961,0.530431688310203,0.18940526704128915,0.8245916403229518,0.6428571428571429,0.0,0.12264397423963709,0.0,port_vae,port,False,0.04894197732210159,2.0103354454040527,2.916245698928833,1.5415053367614746,vae_candidate_pool_v1,belief_limited_heuristic_v1,948
VAE000687,vae_candidate_000687,0.5451825511464905,-366.4239501953125,263.5691833496094,531.0125405905857,-0.6363590725879048,0.03843496694449587,4.941463960082687,15,8112.629986668243,2468.9020130891727,0.7489032870966165,-2.4667986140573928,7877.043841304881,0.5927460000131365,0.5166838858224161,0.9147048903925785,0.6247365087061405,1.0,0.09361291088707706,0.9991755584534179,0.35714285714285715,1.0,0.2516406445101003,0.2516406445101003,inside_convoy_envelope,inside,True,0.08476025611162186,1.4254206418991089,2.4307422637939453,1.4010258913040161,vae_candidate_pool_v1,belief_limited_heuristic_v1,949
VAE000358,vae_candidate_000358,0.5439387389491992,499.26708984375,-6519.51171875,6586.5639213956165,1.641082711107739,0.07595150865888739,4.571782145614282,26,8282.34924776271,2155.6693889141343,1.456255751224566,1.5764614511409418,2202.5550847658606,0.3353268069446107,0.036396140979033174,0.9721514075769222,0.9999839532259887,0.5244178773252048,0.18203196890307075,0.8234781439250936,0.6190476190476191,0.0,0.12088060218792536,0.0,starboard_vae,starboard,False,0.04880795627832413,1.4793916940689087,1.9940755367279053,1.91710364818573,vae_candidate_pool_v1,belief_limited_heuristic_v1,950
VAE000186,vae_candidate_000186,0.5437040410538307,731.71337890625,-1085.5618896484375,1293.431647853906,2.155823318020534,-0.08029451744993371,5.046010496317603,27,8273.168693255822,2353.5842903682255,1.3866349032959595,0.9054748181193253,6958.735111634789,2.533154404684927,0.7933639138840316,0.08972915286141941,0.7867183545963947,1.0,0.17332936291199494,0.8864914993816713,0.6428571428571429,1.0,0.14663523731814435,0.14663523731814435,inside_convoy_envelope,inside,True,0.056975603103637695,0.7636789679527283,2.925302743911743,1.9336622953414917,vae_candidate_pool_v1,belief_limited_heuristic_v1,951
VAE000486,vae_candidate_000486,0.5434375657222276,-89.45196533203125,-7134.8525390625,7288.2470151421185,1.5921678581249061,0.03611101876497969,3.994010242636916,26,7989.018086554681,2584.2420793550455,1.2593508793533208,1.585535814229867,2701.7111359488954,0.5330043022929863,0.01092168016152794,0.9306422020251393,0.9998913757216731,0.6432645561783085,0.1574188599191651,0.8602274378769424,0.6190476190476191,0.0,0.10939961781964047,0.0,starboard_vae,starboard,False,0.05340544879436493,1.468018889427185,1.5273840427398682,1.918413758277893,vae_candidate_pool_v1,belief_limited_heuristic_v1,952
VAE000415,vae_candidate_000415,0.5431521428692018,-3716.20703125,-6162.43408203125,7039.462291254027,0.9914908007077776,0.12263974729037144,5.537654156945261,24,8125.871947877554,2148.5098541528832,1.3746872909350545,2.2727416001723864,6887.485814029241,0.4199527990941139,0.017095765936802884,0.9565540929789615,0.7635875614437425,1.0,0.1718359113668818,0.909535559973383,0.5714285714285714,0.0,0.12102319271898397,0.0,astern_vae,astern,False,0.06039445847272873,0.9423654675483704,3.0033862590789795,1.7076267004013062,vae_candidate_pool_v1,belief_limited_heuristic_v1,953
VAE001141,vae_candidate_001141,0.5428745538405817,-375.5247802734375,-8660.0263671875,8620.140027618183,1.5483820629741327,0.0009020981191813775,4.617168363193763,27,7928.940698904313,2173.9825498130103,1.5663634501416697,1.5941126887348418,2358.248931183862,0.2747915502069791,0.0006662627417643702,0.9812408903106556,0.9997281859476486,0.5614878407580625,0.1957954312677087,0.8398563802572689,0.6428571428571429,0.0,0.11988583987161774,0.0,starboard_vae,starboard,False,0.12372300028800964,1.3526197671890259,1.510323405265808,1.6328524351119995,vae_candidate_pool_v1,belief_limited_heuristic_v1,954
VAE000567,vae_candidate_000567,0.5416919535994827,4688.31005859375,-3684.386962890625,6022.425863415177,2.4734285089209225,-0.022588457143069448,5.019063864677516,22,8451.667070686653,2433.639389243996,1.0696065996572648,0.6455756875258019,8215.018434511981,0.24990763886176026,0.08369940031974059,0.9844676340446008,0.6016583706329045,1.0,0.1337008249571581,0.9508331296748038,0.5238095238095238,0.0,0.1131565419786516,0.0,ahead_vae,ahead,False,0.10686098039150238,2.2250049114227295,1.4891128540039062,1.3567248582839966,vae_candidate_pool_v1,belief_limited_heuristic_v1,955
VAE001041,vae_candidate_001041,0.5413368285896536,-243.65631103515625,1007.3468627929688,998.7219517116986,-1.3498298638172463,-0.16417295625375272,5.179514968910951,35,8168.222156238562,2748.0446806814334,1.5592534500552986,-1.9559357460262996,5615.445466863198,2.6564693345010015,0.6899147929931458,0.05769127500414528,0.9267460634997374,1.0,0.19490668125691232,0.9999503359489925,0.8333333333333334,1.0,0.15943423995686817,0.15943423995686817,inside_convoy_envelope,inside,True,0.08788146078586578,2.12790584564209,2.514594554901123,1.284482479095459,vae_candidate_pool_v1,belief_limited_heuristic_v1,956
VAE001052,vae_candidate_001052,0.5411785360614109,-4136.3505859375,-6432.44384765625,7749.9045487088915,0.9773214572291518,0.026899052383454865,4.51239235922162,30,8021.523062501774,2246.052319180296,1.665116214250345,2.1911702487440965,6490.753266653926,0.5075174319452245,0.004469460982518707,0.9369768751076621,0.8136611379705396,1.0,0.20813952678129313,0.7430435607889717,0.7142857142857143,0.0,0.11778084155992774,0.0,astern_vae,astern,False,0.03970819339156151,1.6347217559814453,1.999969244003296,1.426153540611267,vae_candidate_pool_v1,belief_limited_heuristic_v1,957
VAE000752,vae_candidate_000752,0.5409185930764513,564.766845703125,6324.52490234375,6240.42491068594,-1.6010961591293078,0.011193194509521474,5.360121486871506,20,8308.046556249743,1864.9243732441682,1.2908323747548005,-1.529303299950964,2207.946300016493,0.32620702554532177,0.061540183159828184,0.973632311162942,0.9991392878609093,0.5257015000039269,0.16135404684435006,0.8452386049776148,0.47619047619047616,0.0,0.13243952529370623,0.0,port_vae,port,False,0.05148334801197052,1.0386440753936768,2.93631911277771,1.294135332107544,vae_candidate_pool_v1,belief_limited_heuristic_v1,958
VAE000729,vae_candidate_000729,0.5393718992436043,-4754.330078125,4673.97265625,6981.647353713548,-0.7986794474987354,-0.05154935739696428,5.669932163798596,28,8116.793944027152,2292.5084627679603,1.504743800983636,-2.394462563488022,7512.663913912574,0.4574621583923537,0.018908456458999023,0.9485881403596822,0.6795360746617382,1.0,0.1880929751229545,0.9754469488007484,0.6666666666666666,0.0,0.11661109233009179,0.0,astern_vae,astern,False,0.07350724935531616,0.8515233397483826,2.4103167057037354,1.3007441759109497,vae_candidate_pool_v1,belief_limited_heuristic_v1,959
VAE000303,vae_candidate_000303,0.5392146872190737,221.93321228027344,-6759.03955078125,6844.428827136974,1.6643634154081888,0.0650015522654841,4.572738914847199,24,8357.157917666207,2161.797479214532,1.3284267948846733,1.5422307904470893,2399.609769927989,0.5344373127946127,0.023896660461570348,0.9302776870507496,0.9995920328091374,0.571335659506664,0.16605334936058416,0.9214191277504503,0.5714285714285714,0.0,0.12054223118455408,0.0,starboard_vae,starboard,False,0.062301501631736755,2.040576457977295,2.9677975177764893,1.1863385438919067,vae_candidate_pool_v1,belief_limited_heuristic_v1,960
VAE001117,vae_candidate_001117,0.5381535368227547,-318.44134521484375,794.6414794921875,919.3069594447227,-1.1927157737500764,-0.07731434981975915,4.805412912070583,34,7745.99861917132,2410.7019694754067,1.820782116381978,-2.0261912296594757,5571.843012184927,2.352615973910324,0.6607021463876129,0.1477140670320629,0.8980874132153485,1.0,0.22759776454774724,0.962324808660842,0.8095238095238095,1.0,0.1722260517819818,0.1722260517819818,inside_convoy_envelope,inside,True,0.07016507536172867,2.278167724609375,2.4903974533081055,1.217283844947815,vae_candidate_pool_v1,belief_limited_heuristic_v1,961
VAE000889,vae_candidate_000889,0.5373807405648866,129.1820068359375,6826.06982421875,6786.695500294513,-1.6050550276878577,-0.06213099131555581,5.241340294939489,24,8454.614694186213,2131.5197421816447,1.331766426290933,-1.5986686172174913,2366.310810757477,0.44908359195947223,0.026314463134850415,0.9504226650551605,0.9996115928592549,0.5634073358946374,0.16647080328636663,0.8428228301220971,0.5714285714285714,0.0,0.12153162715479614,0.0,port_vae,port,False,0.05118006467819214,2.026949882507324,2.368272304534912,1.3511974811553955,vae_candidate_pool_v1,belief_limited_heuristic_v1,962
VAE000440,vae_candidate_000440,0.5353272827839141,527.297119140625,-880.305419921875,1119.3140509700104,2.105623062293281,0.013436174435597234,5.082160068426774,21,8468.369647787424,2300.563365179856,1.0779169177307646,1.0494057657321092,6212.861384961373,2.4479439093188198,0.7334113939152548,0.11554083758438843,0.867127398694254,1.0,0.13473961471634557,0.9635014828626498,0.5,1.0,0.1571725140500537,0.1571725140500537,inside_convoy_envelope,inside,True,0.10409356653690338,0.7111688256263733,2.024681329727173,1.307063102722168,vae_candidate_pool_v1,belief_limited_heuristic_v1,963
VAE000946,vae_candidate_000946,0.533466897026518,-285.83392333984375,958.4014282226562,959.0476262024638,-1.2902246423560362,0.05353430883114825,4.464948990581004,19,8068.984474500444,2407.9995359375034,0.9778636945018047,-1.7978337024026088,4162.467530162667,2.2359540645455342,0.6753639533956252,0.19140837423269408,0.9743375327878557,0.9910636976577778,0.12223296181272558,0.8364458050571764,0.4523809523809524,1.0,0.16808349118017227,0.16808349118017227,inside_convoy_envelope,inside,True,0.050387367606163025,1.4543977975845337,2.9581708908081055,1.450049638748169,vae_candidate_pool_v1,belief_limited_heuristic_v1,964
VAE000671,vae_candidate_000671,0.5322203061504128,5125.3857421875,4945.115234375,7035.42163617219,-2.426059806735919,0.026129625474622168,4.734338313507473,29,8252.144420910487,2346.079374077089,1.4979195072255926,-0.689403221379252,7859.853797433461,0.3040196075034358,0.017217309629179438,0.9770704496460361,0.636076805766525,1.0,0.18723993840319908,0.883719050844095,0.6904761904761905,0.0,0.11503928277407204,0.0,ahead_vae,ahead,False,0.11794854700565338,1.809728980064392,1.4943569898605347,1.2598929405212402,vae_candidate_pool_v1,belief_limited_heuristic_v1,965
VAE000562,vae_candidate_000562,0.5322073133808753,464.83905029296875,-8294.7998046875,8255.017843496742,1.680829680080094,0.05681388424704889,5.795690445007411,24,8454.342244240761,2315.6230079120005,1.2259240383810515,1.5175768577567486,2762.067740939819,0.5742955970463199,0.0015332210591007646,0.9197875865125795,0.9985841782757026,0.6576351764142426,0.15324050479763143,0.8324039256350563,0.5714285714285714,0.0,0.1154312039685486,0.0,starboard_vae,starboard,False,0.049890585243701935,0.7792237997055054,2.4828317165374756,1.8526307344436646,vae_candidate_pool_v1,belief_limited_heuristic_v1,966
VAE000656,vae_candidate_000656,0.5321698139145912,367.591796875,330.86016845703125,569.5376325692919,-2.4156595451643104,-0.005102638865950411,4.541179822647476,21,8250.068233945578,2417.9257514338324,1.0527343493576733,-0.7310357472914332,7756.344560513025,0.9923278008764991,0.5307934475434578,0.7733711368764921,0.6676410895349207,1.0,0.13159179366970916,0.8741046412202386,0.5,1.0,0.2385606945279839,0.2385606945279839,inside_convoy_envelope,inside,True,0.05525558441877365,2.1488122940063477,1.504384160041809,1.037827491760254,vae_candidate_pool_v1,belief_limited_heuristic_v1,967
VAE000858,vae_candidate_000858,0.531869895207721,-4615.6943359375,2948.93408203125,5517.880682135215,-0.5356874489731945,-0.02872620851016108,5.92162421530544,25,7990.255981691556,2576.2242566353066,1.2144947749702664,-2.6346314131267596,8236.088944929243,0.2963963408333758,0.15919074143327097,0.9781976188787531,0.4855229363413663,1.0,0.1518118468712833,0.7529092637790991,0.5952380952380952,0.0,0.11048674125665595,0.0,astern_vae,astern,False,0.04077623784542084,1.2728692293167114,2.0371923446655273,1.8610115051269531,vae_candidate_pool_v1,belief_limited_heuristic_v1,968
VAE000160,vae_candidate_000160,0.5315397895299774,193.53656005859375,-7613.4306640625,7542.474966206884,1.6267568608138936,0.11915160091980731,4.935029497891537,21,7886.9335514898485,2358.0012323987085,1.1291901604796557,1.6339873936957077,2851.3470468397777,0.5405938185575194,0.006744256391930025,0.9287016133330079,0.998004108815834,0.6788921540094709,0.14114877005995696,0.8047619063406377,0.5,0.0,0.11475198853362502,0.0,starboard_vae,starboard,False,0.04659534618258476,0.855069100856781,2.501469373703003,1.7820229530334473,vae_candidate_pool_v1,belief_limited_heuristic_v1,969
VAE000922,vae_candidate_000922,0.5313202852716843,-4741.26416015625,6729.3388671875,8251.850310114349,-0.9394818397464163,0.01390638569072943,3.5810331201221475,24,8039.215571211283,1969.7986244550345,1.5155690837246087,-2.1882044281526474,6260.230352190774,0.5659819049513563,0.0015440064050893073,0.9220312329586943,0.8153817054288374,1.0,0.1894461354655761,0.8193238006954303,0.5714285714285714,0.0,0.12736480470506648,0.0,astern_vae,astern,False,0.048310425132513046,1.408915638923645,1.9542829990386963,1.672838568687439,vae_candidate_pool_v1,belief_limited_heuristic_v1,970
VAE000323,vae_candidate_000323,0.5295618819143255,-2852.273193359375,7168.451171875,7673.739437496589,-1.1838519645046606,-0.03642428536939243,5.750872481072342,19,8271.683505573465,2130.593464872127,1.0781001375460733,-1.994164974454525,5340.772602837282,0.6664499709793368,0.00520815893429606,0.8930106201969688,0.9117101608497787,1.0,0.13476251719325916,0.7499351606483212,0.4523809523809524,0.0,0.12136622925896405,0.0,port_vae,port,False,0.04045318812131882,2.2578465938568115,1.46299147605896,1.046848177909851,vae_candidate_pool_v1,belief_limited_heuristic_v1,971
VAE000104,vae_candidate_000104,0.5268518828163963,-4121.5224609375,-4639.640625,6091.2121586725925,0.8091320202765386,0.09866128370854256,5.425191154545105,27,8091.785006980909,2616.934987926654,1.2750478848046691,2.4311219170217973,7840.758307561467,0.4693692348046217,0.07610637172604488,0.9459268878604423,0.6521906874542832,1.0,0.15938098560058364,0.6815283178308983,0.6428571428571429,0.0,0.10919599168875452,0.0,astern_vae,astern,False,0.03323044627904892,1.1422266960144043,2.4988481998443604,1.0860549211502075,vae_candidate_pool_v1,belief_limited_heuristic_v1,972
VAE000825,vae_candidate_000825,0.5225607429033917,-682.8540649414062,-697.0711669921875,705.7457304172303,0.8409608875872756,0.002867308312039403,4.4603439182202544,28,8340.482887496666,2292.584401502268,1.4643385729415404,2.3034990743145567,7283.029196262396,1.6140785241196278,0.5812193048559204,0.47836565759176164,0.7433693025974959,1.0,0.18304232161769254,0.8401424428261041,0.6666666666666666,1.0,0.20539567445088075,0.20539567445088075,inside_convoy_envelope,inside,True,0.05084551125764847,1.4833508729934692,2.441213846206665,1.7749478816986084,vae_candidate_pool_v1,belief_limited_heuristic_v1,973
VAE000715,vae_candidate_000715,0.5165692569241024,-27.237457275390625,1080.669677734375,1271.6805223917388,-1.4849765027607735,0.04858297847910595,5.46863857650998,24,8399.716589011166,2418.119522796284,1.1815955463553072,-1.6080331723499137,2729.149927222038,2.9550713944671303,0.7861068602213348,0.0086723584868868,0.9993067887716656,0.6497976017195328,0.1476994432944134,0.8412773883776985,0.5714285714285714,1.0,0.14630247143179625,0.14630247143179625,inside_convoy_envelope,inside,True,0.05098692327737808,0.7911390066146851,1.5117334127426147,1.2490909099578857,vae_candidate_pool_v1,belief_limited_heuristic_v1,974
VAE000550,vae_candidate_000550,0.5144313878932447,-433.860595703125,-811.1310424804688,850.5227949142621,1.0442584226446259,0.0009334070595512775,5.3257949955071995,33,7987.676068905778,2613.1531304699265,1.5809882256784764,2.0982676380047187,6278.576677817044,2.2573840708576682,0.6351764287765423,0.1830491036092563,0.8640826471374716,1.0,0.19762352820980955,0.8184325179672715,0.7857142857142857,1.0,0.17740309255495296,0.17740309255495296,inside_convoy_envelope,inside,True,0.04820418357849121,2.1118276119232178,2.0975239276885986,1.1664334535598755,vae_candidate_pool_v1,belief_limited_heuristic_v1,975
VAE000695,vae_candidate_000695,0.5098463494420974,-242.96661376953125,565.5003051757812,750.9249628829388,-1.2009415354783841,0.007906109446531865,4.779373076298098,36,8102.065383549617,2332.4930069062293,1.904962394633001,-1.9327450086648772,5050.287172365983,2.372799830195731,0.5980544735405977,0.1406247477576114,0.9352085767322519,1.0,0.23812029932912512,0.953930770821314,0.8571428571428571,1.0,0.19642500195657248,0.19642500195657248,inside_convoy_envelope,inside,True,0.06831452995538712,2.267930269241333,2.9593398571014404,1.7232120037078857,vae_candidate_pool_v1,belief_limited_heuristic_v1,976
VAE000743,vae_candidate_000743,0.5097850433377403,-117.80560302734375,1022.6235961914062,897.6174943139895,-1.5039994062711641,-0.12828046770596,5.034807025523944,29,8529.748068018613,2408.1064966411127,1.4118420230040751,-1.765873715024589,4015.85846324791,2.653578600317636,0.6526704007363264,0.058367122007269345,0.981032671362761,0.9561567769637881,0.1764802528755094,0.912210486631889,0.6904761904761905,1.0,0.1744000155174634,0.1744000155174634,inside_convoy_envelope,inside,True,0.06081385165452957,1.801370620727539,1.5178732872009277,1.9269675016403198,vae_candidate_pool_v1,belief_limited_heuristic_v1,977
VAE000571,vae_candidate_000571,0.5093934453009884,-505.24346923828125,1052.81787109375,1135.8392821786495,-1.1517478347604853,-0.17434397524736628,4.969036321358849,27,8054.506849494296,2604.992050939818,1.286821790900174,-2.164188794076674,6663.557663637584,2.8184468803724974,0.7392650682258812,0.025879416053635973,0.8290484645787483,1.0,0.16085272386252175,0.8045783608459188,0.6428571428571429,1.0,0.1508495361781866,0.1508495361781866,inside_convoy_envelope,inside,True,0.04657399654388428,2.24507474899292,1.9856188297271729,1.8274179697036743,vae_candidate_pool_v1,belief_limited_heuristic_v1,978
VAE000014,vae_candidate_000014,0.5054521741078011,-106.2298583984375,803.5493774414062,907.6436919003341,-1.4431112688061098,-0.008461995098421268,4.827539844258767,29,8389.72378612104,2487.712644145509,1.3894730302967506,-1.7069433798821045,3603.4027771140018,2.770585351293676,0.6563854669484952,0.03401869169195837,0.9907462971270313,0.8579530421700005,0.17368412878709383,0.9999996311645684,0.6904761904761905,1.0,0.1720560838782209,0.1720560838782209,inside_convoy_envelope,inside,True,0.08721346408128738,0.8874333500862122,2.937739849090576,1.7677804231643677,vae_candidate_pool_v1,belief_limited_heuristic_v1,979
VAE001059,vae_candidate_001059,0.5048992316828265,859.0826416015625,-849.3924560546875,1057.098526230282,2.3694182250457505,-0.0005553970323101653,4.764603092690983,20,7991.847431867703,2675.9055234398234,0.9352162303686951,0.7716190315117324,7594.317640699522,2.2992675508809377,0.7111268762860311,0.1671351742597601,0.6972966457396895,1.0,0.11690202879608688,0.9098986635088852,0.47619047619047616,1.0,0.1554988973777574,0.1554988973777574,inside_convoy_envelope,inside,True,0.06045107543468475,2.250662088394165,1.5157214403152466,1.9245245456695557,vae_candidate_pool_v1,belief_limited_heuristic_v1,980
VAE001197,vae_candidate_001197,0.5047240917485001,-392.11566162109375,600.0289916992188,686.2984324091021,-0.9406488439346233,0.07478977345264708,4.6028192528896055,26,8222.063683339196,2646.0217962907595,1.1950858227283216,-2.1261540362025224,6583.416935123153,1.8961213262619696,0.5739829491461365,0.34019162251540225,0.8497118933231448,1.0,0.1493857278410402,0.8740462173647706,0.6190476190476191,1.0,0.20485428926805546,0.20485428926805546,inside_convoy_envelope,inside,True,0.05524763464927673,0.7491559982299805,2.4527204036712646,1.5410642623901367,vae_candidate_pool_v1,belief_limited_heuristic_v1,981
VAE000304,vae_candidate_000304,0.5044875764006511,-471.48052978515625,-514.0552368164062,632.1702983453985,0.8565767809735066,-0.015797409966351313,5.56382262947744,36,8008.213288305006,2497.610835853847,1.799873983200028,2.269218462649935,7062.176324034583,1.794615202876771,0.5538955330822151,0.3890225729291614,0.7658577227564569,1.0,0.2249842479000035,0.9011844483057221,0.8571428571428571,1.0,0.2194309817111076,0.2194309817111076,inside_convoy_envelope,inside,True,0.059117741882801056,1.4616875648498535,2.949995279312134,1.4225560426712036,vae_candidate_pool_v1,belief_limited_heuristic_v1,982
VAE000600,vae_candidate_000600,0.5024734560557773,818.713134765625,-601.83984375,978.2193059701077,2.5216697858771773,0.027491837812916777,5.309869658930691,29,8339.991492132389,2508.910879495889,1.3859487003100193,0.6474147055255328,8165.548602641737,2.110411292851755,0.6824072838036888,0.24309714670250082,0.6031262745276434,1.0,0.1732435875387524,0.8670325905516668,0.6904761904761905,1.0,0.16452605943508694,0.16452605943508694,inside_convoy_envelope,inside,True,0.05430344492197037,2.1015655994415283,1.4919710159301758,1.6437827348709106,vae_candidate_pool_v1,belief_limited_heuristic_v1,983
VAE000985,vae_candidate_000985,0.5018581782985472,-248.64923095703125,-1042.497802734375,939.4947995776581,1.3456364172975752,-0.029302890948832414,5.262333728270591,22,8585.3276292693,2161.0955311891166,1.185746475348717,1.766653345343386,3790.5449934784792,2.712583939421494,0.6681598273643868,0.045310729434582364,0.9808812477750533,0.9025107127329712,0.14821830941858963,0.9930944592352506,0.5238095238095238,1.0,0.17469622205210433,0.17469622205210433,inside_convoy_envelope,inside,True,0.09453083574771881,0.7212041616439819,2.0440773963928223,1.9443061351776123,vae_candidate_pool_v1,belief_limited_heuristic_v1,984
VAE000178,vae_candidate_000178,0.49405724467108325,-160.03839111328125,568.9127197265625,755.3797343992742,-1.2827156303348055,0.034195812798503415,5.16030915375672,34,8170.129577781534,2374.422224941567,1.7526371938175365,-1.8246812104564842,4350.368049104648,2.6902527185388445,0.5997155757566804,0.05006826569047601,0.9679439769696708,1.0,0.21907964922719206,0.982124761574149,0.8095238095238095,1.0,0.19497924932028812,0.19497924932028812,inside_convoy_envelope,inside,True,0.09898649156093597,0.8506588935852051,1.5813167095184326,1.5454596281051636,vae_candidate_pool_v1,belief_limited_heuristic_v1,985
VAE000696,vae_candidate_000696,0.48181836969765257,308.27874755859375,-773.145263671875,867.9993683950664,1.9988017347844975,0.05420999649485706,5.03112311830507,26,8197.48738362463,2372.9220773403613,1.336623566499463,1.1970009153001533,5202.391298696946,2.9083674114742237,0.641675727994714,0.013536975277800511,0.9309481543851728,1.0,0.16707794581243288,0.8858730260000964,0.6190476190476191,1.0,0.17860224256574828,0.17860224256574828,inside_convoy_envelope,inside,True,0.056887999176979065,1.5511817932128906,2.4019651412963867,1.595154047012329,vae_candidate_pool_v1,belief_limited_heuristic_v1,986
VAE000010,vae_candidate_000010,0.47949963393319617,-17.41888427734375,536.518310546875,306.21121954890396,-1.5235764653365729,-0.020822503713825657,5.043011144780378,22,7930.276821316349,2489.0815574624216,1.1145388369420237,-1.638838691967046,3022.500372454792,0.17528468788010754,0.4366059167788996,0.9923384662621717,0.9976860112459746,0.7196429458225695,0.13931735461775296,0.9731236182941665,0.5238095238095238,1.0,0.4071196144102565,0.4071196144102565,inside_convoy_envelope,inside,True,0.07286243140697479,2.281564235687256,2.4755561351776123,1.4623152017593384,vae_candidate_pool_v1,belief_limited_heuristic_v1,987
VAE000933,vae_candidate_000933,0.47400908011073006,-835.4597778320312,-481.87335205078125,948.783823940212,0.5812373653578211,0.0022155615760258702,5.30076404999622,28,7907.227312220788,2404.436072086173,1.4727213158996868,2.562570849807998,7934.056535533324,2.173402590545606,0.6715847859353474,0.21660420222101628,0.5472054501283258,1.0,0.18409016448746085,0.8035297245874464,0.6666666666666666,1.0,0.169214811486383,0.169214811486383,inside_convoy_envelope,inside,True,0.04645214229822159,1.036890983581543,2.116605043411255,1.8197882175445557,vae_candidate_pool_v1,belief_limited_heuristic_v1,988
VAE001090,vae_candidate_001090,0.4608687207746764,-918.8945922851562,485.551025390625,902.1750155894783,-0.36688967866343913,-0.02202772107277309,5.035797269381688,26,8131.390612113193,2287.7036679387493,1.397683233586127,-2.796730695999127,8426.02822551873,1.8212887085202731,0.6543595951666107,0.37605949799254573,0.3380667657030729,1.0,0.17471040419826586,0.7946260726380445,0.6190476190476191,1.0,0.17613950025339153,0.17613950025339153,inside_convoy_envelope,inside,True,0.045425526797771454,2.1335840225219727,1.962783932685852,1.282368540763855,vae_candidate_pool_v1,belief_limited_heuristic_v1,989
VAE000450,vae_candidate_000450,0.45682937920829925,134.42950439453125,-891.8150024414062,885.0508343713884,1.7291820549129433,0.1280157062916384,4.408642593266087,23,7891.548665119906,2246.1011678058658,1.297586394848095,1.540426304968488,2484.6950795757784,3.097060930455057,0.6480089015076792,0.0004956866679206584,0.9995388663322005,0.5915940665656615,0.16219829935601188,0.9972451194065164,0.5476190476190477,1.0,0.17897585932723184,0.17897585932723184,inside_convoy_envelope,inside,True,0.08268295228481293,2.180525779724121,2.9235291481018066,1.917550802230835,vae_candidate_pool_v1,belief_limited_heuristic_v1,990
VAE000167,vae_candidate_000167,0.4557023255698519,-490.34197998046875,-176.091552734375,656.7381463215912,0.254027618875408,0.022975880650812523,5.124958995978637,25,8445.596809955941,2598.756151794561,1.139053528592813,2.910540915365198,8816.283128060037,1.3337255246884394,0.5630015221737977,0.6174281847893619,0.22900143942299556,1.0,0.14238169107410162,0.9512927623275833,0.5952380952380952,1.0,0.21204742664453144,0.21204742664453144,inside_convoy_envelope,inside,True,0.06776608526706696,1.9385303258895874,1.9104652404785156,1.6754440069198608,vae_candidate_pool_v1,belief_limited_heuristic_v1,991
VAE000039,vae_candidate_000039,0.4551593232801748,24.200775146484375,-749.8172607421875,902.8320578878764,1.6460039698389597,0.029551407561240552,4.010139526387391,26,8157.518065026626,1924.373201818928,1.6562504272854874,1.525140091312074,2294.6800673949992,3.028926189457061,0.6546030569015773,0.0031700775626949396,0.9989579351142821,0.5463523969988093,0.20703130341068593,0.9686544605192885,0.6190476190476191,1.0,0.18481001351209858,0.18481001351209858,inside_convoy_envelope,inside,True,0.0716930478811264,2.277660846710205,1.965874433517456,1.5583558082580566,vae_candidate_pool_v1,belief_limited_heuristic_v1,992
VAE000324,vae_candidate_000324,0.45287894001286627,139.27267456054688,-799.8177490234375,830.185326242554,1.6361589414435298,0.08360580027885303,4.855345299099737,23,7954.146118638942,2546.187115248559,1.135648561551584,1.5890395124251173,2690.8643391283554,3.1156484844896917,0.6276047853825684,0.00016826553896276408,0.9998335977041894,0.6406819855067513,0.141956070193948,0.9991148045422311,0.5476190476190477,1.0,0.1810402673237026,0.1810402673237026,inside_convoy_envelope,inside,True,0.08466951549053192,0.7008546590805054,2.90228271484375,1.3071011304855347,vae_candidate_pool_v1,belief_limited_heuristic_v1,993
VAE001050,vae_candidate_001050,0.4498636439759161,-484.42779541015625,-459.1498107910156,572.2285948823073,0.7704249727099898,-0.01593759716618082,5.268076760412631,25,8265.341957955043,2709.2874436510856,1.1164109777849176,2.355230083713623,7756.442375944804,1.9197869461200114,0.5317821215213483,0.3290252758634952,0.7077883906089014,1.0,0.1395513722231147,0.984311698169159,0.5952380952380952,1.0,0.23473486524055007,0.23473486524055007,inside_convoy_envelope,inside,True,0.07629284262657166,1.4789636135101318,2.518157720565796,1.8316426277160645,vae_candidate_pool_v1,belief_limited_heuristic_v1,994
VAE000288,vae_candidate_000288,0.43701568096726856,210.981201171875,724.5933227539062,489.85677094580706,-1.8944739836919278,-0.17263875438642357,3.7087649339442272,27,8331.555962285374,2406.8496522952855,1.3464452115623213,-1.419757424284289,3633.058344194509,1.9713291662110415,0.5017138407311413,0.30504546769685065,0.9886152927135886,0.8650138914748832,0.16830565144529017,0.7937664590676936,0.6428571428571429,1.0,0.2694101354352791,0.2694101354352791,inside_convoy_envelope,inside,True,0.045327141880989075,1.5983537435531616,1.4970219135284424,1.5879815816879272,vae_candidate_pool_v1,belief_limited_heuristic_v1,995
VAE001115,vae_candidate_001115,0.42393805671368867,56.672119140625,-837.4486083984375,630.1037394432022,1.6259993054516662,-0.024322359760991025,4.93574159873609,27,8340.370407187756,2685.5407964895403,1.205442977590155,1.491270988377136,3339.625097726377,3.1333655381965877,0.5531305636185996,1.6921261479396765e-05,0.9968395264447655,0.7951488327919946,0.15068037219876937,0.986120554956308,0.6428571428571429,1.0,0.21790185586739888,0.21790185586739888,inside_convoy_envelope,inside,True,0.0975833609700203,2.058596134185791,1.5116651058197021,1.427264928817749,vae_candidate_pool_v1,belief_limited_heuristic_v1,996
VAE000162,vae_candidate_000162,0.39097678251927953,-9.913238525390625,-226.52606201171875,240.99813631189582,1.539331260427884,-0.017541915816259565,4.77792069983819,26,8112.15935888006,2509.201834894132,1.2773246048156446,1.5847194773456492,2621.901796144452,0.2723525165458167,0.41430575103735356,0.9815703699563715,0.9999030745051696,0.6242623324153457,0.15966557560195557,0.9185915353966495,0.6190476190476191,1.0,0.5098813033002438,0.5098813033002438,inside_convoy_envelope,inside,True,0.061837051063776016,1.2197381258010864,1.9001413583755493,1.512891173362732,vae_candidate_pool_v1,belief_limited_heuristic_v1,997
VAE000273,vae_candidate_000273,0.3858926930944294,-183.02496337890625,-406.03961181640625,450.5578544931721,1.105581837215972,-0.09750180662909637,5.519877483507519,26,7941.615081225218,2362.0470478888446,1.3860406598814936,1.938509009744725,5059.016361932117,2.5175680975073833,0.4875327263302516,0.0942332684105795,0.9331520351449101,1.0,0.1732550824851867,0.9828620129848068,0.6190476190476191,1.0,0.28951381902056794,0.28951381902056794,inside_convoy_envelope,inside,True,0.0987401083111763,2.3992843627929688,2.425656795501709,1.8680834770202637,vae_candidate_pool_v1,belief_limited_heuristic_v1,998
VAE001183,vae_candidate_001183,0.37428756438734045,-251.233642578125,457.9711608886719,532.8504730050385,-1.0442497323880693,-0.017016451149586127,4.302610494117417,30,8498.162211415707,2308.9807755548695,1.5288888771663276,-2.11435937235131,6371.344614149755,3.138322622943237,0.5173550109128903,2.6732727252398725e-06,0.8558713508534107,1.0,0.19111110964579095,0.7854571006765854,0.7142857142857143,1.0,0.25272150724173215,0.25272150724173215,inside_convoy_envelope,inside,True,0.04438234865665436,2.3052802085876465,1.9456696510314941,1.3366669416427612,vae_candidate_pool_v1,belief_limited_heuristic_v1,999
VAE000319,vae_candidate_000319,0.3156517139884967,312.35833740234375,462.84881591796875,402.07603182763063,-2.1794714857389392,0.05855846119143101,5.352187542259828,30,8392.47834285357,2142.194255961553,1.6686765969590682,-0.9035627066594228,6876.165591260221,2.7409197303670676,0.4702105510168228,0.039600631581626355,0.7855365475845559,1.0,0.20858457461988353,0.8564699695976766,0.7142857142857143,1.0,0.32163569280978893,0.32163569280978893,inside_convoy_envelope,inside,True,0.05291671305894852,2.2786006927490234,1.527427315711975,1.129199504852295,vae_candidate_pool_v1,belief_limited_heuristic_v1,1000
