profile_id,name,belief_score,u_pos_x,u_pos_y,estimated_range_m,estimated_bearing_rad,estimated_convoy_heading_rad,estimated_convoy_speed_mps,estimated_contact_count,estimated_formation_width_m,estimated_formation_depth_m,estimated_contact_density_per_km2,estimated_aspect_rad,projected_target_span_m,bearing_alignment_error_rad,range_score,bearing_alignment_score,aspect_score,formation_span_score,contact_density_score,spread_score,contact_score,inside_score,uncertainty_score,inside_uncertainty_penalty,spawn_region,approach_side,inside_convoy_envelope,spread_rad,launch_delay_s,salvo_interval_s,u_boat_initial_speed_mps,candidate_source_label,selector_method,belief_rank
VAE000995,vae_candidate_000995,0.9187286569439231,551.3719482421875,2318.94140625,2345.7707851003433,-1.8145059620973656,0.0018592698377599085,4.959756238707785,37,8274.914659227705,2480.0918335786555,1.802895016417012,-1.3252274216546676,4417.386657426587,0.09384558391328057,0.9994442362049755,0.9977998670193744,0.9699991764461596,1.0,0.2253618770521265,0.8364401723913041,0.8809523809523809,1.0,0.07416371142157202,0.07416371142157202,inside_convoy_envelope,inside,True,0.12414625287055969,1.7994318008422852,1.5161569118499756,1.8145631551742554,vae_candidate_pool_v1,belief_limited_heuristic_v1,1
VAE001218,vae_candidate_001218,0.9157290377712505,469.57196044921875,-2328.4677734375,2404.233198052509,1.7961818907275826,0.006694673830922049,5.30469710597583,37,8203.980696776098,2624.442837026908,1.7184621712123076,1.3521054366931324,4341.803674794617,0.3302131046120327,0.9999966124885823,0.9729866334917394,0.9761822995775242,1.0,0.21480777140153845,0.8484603398801489,0.8809523809523809,1.0,0.07208648881919207,0.07208648881919207,inside_convoy_envelope,inside,True,0.05189049243927002,1.2797236442565918,2.961656093597412,1.2631051540374756,vae_candidate_pool_v1,belief_limited_heuristic_v1,2
VAE001110,vae_candidate_001110,0.9103870905156636,-360.17218017578125,-2530.086669921875,2561.6897337027003,1.4061009919604972,0.027376537647877345,4.890277134162287,36,8123.190951127539,2385.452944741385,1.8578257771203774,1.7628681992771738,3892.2473650007373,0.011331619320644526,0.995070118232409,0.9999678989443914,0.9816108361474547,0.9267255630954137,0.23222822214004718,0.816830767214282,0.8571428571428571,1.0,0.0742118961441212,0.0742118961441212,inside_convoy_envelope,inside,True,0.04801368713378906,2.3045201301574707,2.5684421062469482,1.622840166091919,vae_candidate_pool_v1,belief_limited_heuristic_v1,3
VAE001061,vae_candidate_001061,0.9094184746766991,-699.7500610351562,1907.180419921875,2135.546609941995,-1.2062433043426117,-0.0296724832490531,4.829358424559191,36,8290.68623067293,2334.295898076712,1.8601849002847435,-1.9650218324962345,5339.638495020166,0.2397329720983934,0.9868666654374023,0.9857007067273618,0.923294319255862,1.0,0.23252311253559294,0.9484087959090742,0.8571428571428571,1.0,0.07772733777500512,0.07772733777500512,inside_convoy_envelope,inside,True,0.06718196719884872,2.0349321365356445,1.501373529434204,1.2951470613479614,vae_candidate_pool_v1,belief_limited_heuristic_v1,4
VAE000974,vae_candidate_000974,0.9080186282008594,-349.06597900390625,-2042.09326171875,2113.2105674239965,1.3477551207963412,0.0242034000913926,5.35905679091444,30,8343.369149882874,2336.191299439665,1.5391161430289555,1.818040932884845,4307.048911266973,0.18793329501064737,0.9845723841317562,0.9911962266291579,0.9695904381267184,1.0,0.19238951787861944,0.9445969948499409,0.7142857142857143,1.0,0.07787967406608388,0.07787967406608388,inside_convoy_envelope,inside,True,0.06643244624137878,1.08815598487854,1.5101289749145508,1.1248730421066284,vae_candidate_pool_v1,belief_limited_heuristic_v1,5
VAE000977,vae_candidate_000977,0.9060866025392416,266.3055725097656,2096.375,2147.3384691986207,-1.6761475559250465,0.07952447363782253,4.863506224174426,34,8403.634682552693,2364.903048267286,1.710796728896585,-1.3859206240269242,3869.395720997658,0.03992308144674972,0.988004875686019,0.9996015898134202,0.982959107082046,0.9212846954756329,0.21384959111207313,0.8661120412986721,0.8095238095238095,1.0,0.07716425100292247,0.07716425100292247,inside_convoy_envelope,inside,True,0.12035196274518967,0.7821057438850403,1.5063632726669312,1.8712807893753052,vae_candidate_pool_v1,belief_limited_heuristic_v1,6
VAE001091,vae_candidate_001091,0.9050911978904501,261.50244140625,2069.8974609375,2117.8088924259337,-1.6747961998832532,-0.015410569606747778,5.093267715087262,34,8206.9083549885,2637.368416305996,1.5708276321735264,-1.4822070233132876,3353.119750169947,0.15697857312888197,0.9850594598246316,0.9938520723741003,0.9960785333213644,0.7983618452785588,0.1963534540216908,0.994881060399858,0.8095238095238095,1.0,0.07413267863160336,0.07413267863160336,inside_convoy_envelope,inside,True,0.09351810812950134,0.8803181052207947,2.317575693130493,1.786739706993103,vae_candidate_pool_v1,belief_limited_heuristic_v1,7
VAE000820,vae_candidate_000820,0.9048778679026175,1121.8551025390625,-1983.94140625,2348.908704472252,2.0879138943476594,-0.02090151560310709,5.016780578524433,38,8159.38458211412,2110.24183739728,2.206957470147169,1.0327772436390268,5993.280252229961,0.36538218986870197,0.999506677398732,0.9669936352703496,0.8587254585063748,1.0,0.2758696837683961,0.9975123794955161,0.9047619047619048,1.0,0.07996164824936815,0.07996164824936815,inside_convoy_envelope,inside,True,0.08291124552488327,1.4564250707626343,2.344118595123291,1.6316289901733398,vae_candidate_pool_v1,belief_limited_heuristic_v1,8
VAE000775,vae_candidate_000775,0.904866059555229,632.5062866210938,2150.01318359375,2318.6802729465953,-1.8839602910829218,0.011435110120491875,4.612677226785903,32,8288.456430558648,2728.13792038117,1.4151745091563142,-1.2461972523863794,5229.098579907386,0.394371490949855,0.9987507057807574,0.9616191187368556,0.9477786693119035,1.0,0.17689681364453927,0.9183209603131381,0.7619047619047619,1.0,0.0715594186105616,0.0715594186105616,inside_convoy_envelope,inside,True,0.06179297715425491,2.0742435455322266,2.413447380065918,1.251239538192749,vae_candidate_pool_v1,belief_limited_heuristic_v1,9
VAE000732,vae_candidate_000732,0.9038860294127069,671.5775146484375,3068.540283203125,2854.948053750989,-1.769748971056796,-0.045515450218400096,5.324108795174879,36,8226.331630730787,2266.980152165095,1.9304056035941264,-1.4173591327513972,3497.625054350062,0.08425008232010578,0.9616293195768958,0.9982265302982849,0.9882515902738777,0.8327678700833481,0.2413007004492658,0.9653182267745519,0.8571428571428571,1.0,0.07473265288591233,0.07473265288591233,inside_convoy_envelope,inside,True,0.10366175323724747,1.7097830772399902,1.9589869976043701,1.8730581998825073,vae_candidate_pool_v1,belief_limited_heuristic_v1,10
VAE000281,vae_candidate_000281,0.9038045637442,15.973388671875,2474.280517578125,2514.8527762177528,-1.587281235970229,-0.04995786040719341,5.143853096254298,38,8349.187096640026,2596.103097937249,1.753143508478113,-1.6042692780267576,2874.068593762152,0.2410143351293308,0.9975095033821887,0.9855481825380263,0.9994398330735592,0.6843020461338457,0.21914293855976413,0.991349386679414,0.9047619047619048,1.0,0.07170753931120007,0.07170753931120007,inside_convoy_envelope,inside,True,0.07913228869438171,0.7572708129882812,2.9591245651245117,1.5363452434539795,vae_candidate_pool_v1,belief_limited_heuristic_v1,11
VAE000766,vae_candidate_000766,0.9029450015143127,-143.002197265625,-2080.208984375,2083.298636875795,1.5106563718333963,0.029950609939907565,5.281040240724627,34,8113.818997488622,2599.1370281128516,1.6122204492394676,1.660886891696305,3318.586589574625,0.10366734600592031,0.9812183591652482,0.9973156756533064,0.9959445890856556,0.7901396641844346,0.20152755615493345,0.9847210819774889,0.8095238095238095,1.0,0.07488723830164554,0.07488723830164554,inside_convoy_envelope,inside,True,0.09809483587741852,0.8582721948623657,2.0946741104125977,1.1107302904129028,vae_candidate_pool_v1,belief_limited_heuristic_v1,12
VAE000270,vae_candidate_000270,0.901981672632088,-244.95556640625,2109.7021484375,2104.5449091386868,-1.4603757004338878,0.02085510146814609,5.213352722437106,36,8341.663561090707,2376.3508137285066,1.8160979841310214,-1.6603618516877592,3112.9526318611183,0.13197350241899608,0.9836337597004546,0.9956520648317668,0.9959916890007484,0.741179198062171,0.22701224801637768,0.9995166684559382,0.8571428571428571,1.0,0.07738672622684097,0.07738672622684097,inside_convoy_envelope,inside,True,0.08918523043394089,0.7178706526756287,2.968291759490967,1.107508897781372,vae_candidate_pool_v1,belief_limited_heuristic_v1,13
VAE000476,vae_candidate_000476,0.901580648488995,970.9406127929688,-2228.049560546875,2410.203350890631,1.9923437118253788,-0.06359349774039594,5.179910826844368,31,8241.652243299899,2427.5261698789272,1.549471126484829,1.0856554440240187,5990.766463269429,0.247096911913155,0.9999803199725962,0.9848132866164946,0.8846092596037657,1.0,0.19368389081060364,0.970662153558306,0.7380952380952381,1.0,0.0744484422365556,0.0744484422365556,inside_convoy_envelope,inside,True,0.10232512652873993,1.0386145114898682,2.4800455570220947,1.166490077972412,vae_candidate_pool_v1,belief_limited_heuristic_v1,14
VAE000593,vae_candidate_000593,0.9013840377028446,314.5001525878906,2423.236328125,2351.255542471134,-1.6820125584913133,0.004621986630730715,5.422144293419495,36,8410.999894618093,2507.6247785911273,1.7068380687335192,-1.4549581084677492,3462.9570405816894,0.29611334715751364,0.9995509473307551,0.9782389275020333,0.9932982525637716,0.8245135810908785,0.2133547585916899,0.8666149324098802,0.8571428571428571,1.0,0.07374971888398324,0.07374971888398324,inside_convoy_envelope,inside,True,0.05424783378839493,1.1882416009902954,1.9220961332321167,1.7435647249221802,vae_candidate_pool_v1,belief_limited_heuristic_v1,15
VAE000276,vae_candidate_000276,0.8988757870224875,-978.2861938476562,2368.912841796875,2517.585733232416,-1.165181391086664,0.011081788954724064,5.104975140221568,36,8243.276157855327,2517.7912623441985,1.7345344477938844,-1.965329473548405,5492.89251262514,0.33016093571774596,0.9973897256249347,0.972995090589932,0.9231761127243627,1.0,0.21681680597423555,0.784889306638387,0.8571428571428571,1.0,0.07265302357624587,0.07265302357624587,inside_convoy_envelope,inside,True,0.04431818798184395,1.0862183570861816,1.532810091972351,1.768478512763977,vae_candidate_pool_v1,belief_limited_heuristic_v1,16
VAE000685,vae_candidate_000685,0.8981367528077379,375.30279541015625,2475.17041015625,2366.3793093890804,-1.7511740325693532,-0.022910536821201005,5.138037891844016,34,8274.937042735195,2354.1169934626214,1.7453646530473952,-1.413329157841641,3622.643625189187,0.37133162186351454,0.9997863459204497,0.9659224920619143,0.9876276423993134,0.862534196473616,0.2181705816309244,0.8703328998683916,0.8095238095238095,1.0,0.07574529646045858,0.07574529646045858,inside_convoy_envelope,inside,True,0.05474527180194855,2.0412657260894775,1.4829988479614258,1.0548449754714966,vae_candidate_pool_v1,belief_limited_heuristic_v1,17
VAE000544,vae_candidate_000544,0.8971397455664367,-1324.567626953125,1901.0302734375,2240.1152875706707,-0.9285420233516033,0.022779244255109226,5.312111261529991,37,8433.376928986547,2414.016249244236,1.817439754174402,-2.1902713859830802,6861.936628993867,0.029363343922920174,0.9951793089435473,0.9997844639954527,0.8141833535800587,1.0,0.22717996927180026,0.9830573677356931,0.8809523809523809,0.0,0.07574322410127778,0.0,astern_vae,astern,False,0.09867396205663681,1.2912765741348267,1.5037981271743774,1.647339105606079,vae_candidate_pool_v1,belief_limited_heuristic_v1,18
VAE000252,vae_candidate_000252,0.8951750786910169,1361.6988525390625,-2442.1279296875,2632.862502638295,2.0680152323936727,0.00035954347962791836,5.185743810401905,34,8379.17317291959,2391.3960364877894,1.6967827713541783,1.0739369646757482,6096.313253801352,0.3540919226639374,0.9898018947225247,0.968980870557584,0.8790839333618017,1.0,0.2120978464192723,0.9740093606145142,0.8095238095238095,0.0,0.07371370068395885,0.0,ahead_vae,ahead,False,0.07310497760772705,0.7501074075698853,2.523634672164917,1.5570472478866577,vae_candidate_pool_v1,belief_limited_heuristic_v1,19
VAE000213,vae_candidate_000213,0.8930554585287082,-319.36151123046875,-2152.1064453125,2301.502464480308,1.4246437004745456,-0.03631122362488734,5.163638132772943,35,8141.482854149995,2383.8000901559535,1.8034109399639509,1.6806377294903607,3261.908838917766,0.33289848831495217,0.9981676987695443,0.9725495679765768,0.9939734959986921,0.7766449616470871,0.22542636749549386,0.8651975291477284,0.8333333333333334,1.0,0.07578398226310909,0.07578398226310909,inside_convoy_envelope,inside,True,0.054059602320194244,0.6887126564979553,1.8860619068145752,1.5502127408981323,vae_candidate_pool_v1,belief_limited_heuristic_v1,20
VAE000317,vae_candidate_000317,0.8924352962373524,-0.08697509765625,-2315.433349609375,2351.1425969535876,1.582811311495142,0.03317739155918513,4.8140990909356125,36,8119.676162268868,2534.565081604961,1.749284084548157,1.5919587336538366,2705.8166185636815,0.2721774605920875,0.9995488643948465,0.9815939074267641,0.9997760846248166,0.6442420520389718,0.21866051056851962,0.9485628840759255,0.8571428571428571,1.0,0.07349172946128883,0.07349172946128883,inside_convoy_envelope,inside,True,0.0672127902507782,1.0784037113189697,1.524864673614502,1.1356093883514404,vae_candidate_pool_v1,belief_limited_heuristic_v1,21
VAE000148,vae_candidate_000148,0.891410815196394,-936.6089477539062,1586.677001953125,1859.1683230377605,-0.967546294517317,0.06060470362329252,4.927702121692852,38,8291.812549524026,2493.1502291447305,1.8381699944560943,-2.1134416554491837,6416.916087063046,0.09123983356216347,0.9462080593147041,0.9979202665579501,0.8563456232595483,1.0,0.2297712493070118,0.969246491664582,0.9047619047619048,1.0,0.07850925825913818,0.07850925825913818,inside_convoy_envelope,inside,True,0.07184316217899323,0.6533541083335876,1.4969971179962158,1.3545796871185303,vae_candidate_pool_v1,belief_limited_heuristic_v1,22
VAE001154,vae_candidate_001154,0.8894818604661113,1141.39990234375,2029.2901611328125,2271.7175466404137,-2.075821951055542,0.006863262532481046,5.037264119165636,34,8215.438709390766,2528.1272036189066,1.6370020950371245,-1.0589074400017702,6228.200348571198,0.4116365871743743,0.9968939853122523,0.958233617989031,0.8718208397105565,1.0,0.20462526187964056,0.8822788223630993,0.8095238095238095,1.0,0.07410345598520741,0.07410345598520741,inside_convoy_envelope,inside,True,0.05638262256979942,1.3986798524856567,2.355170965194702,1.5952619314193726,vae_candidate_pool_v1,belief_limited_heuristic_v1,23
VAE000551,vae_candidate_000551,0.8891261103306753,998.2972412109375,1883.0888671875,2194.2335462875553,-2.057595442707973,0.014386662897105662,4.983351998941777,33,8270.564903229602,2468.251137713426,1.6165510346918526,-1.0696105479847144,6138.413200723277,0.42106529156276906,0.9920281954794601,0.956327019258262,0.8770134524070666,1.0,0.20206887933648157,0.9188074003602611,0.7857142857142857,1.0,0.0754262603378663,0.0754262603378663,inside_convoy_envelope,inside,True,0.06187225878238678,1.08645761013031,2.469191074371338,1.831207513809204,vae_candidate_pool_v1,belief_limited_heuristic_v1,24
VAE000459,vae_candidate_000459,0.8889842220841688,-42.739776611328125,2334.523193359375,2180.3372721947753,-1.5688096033886174,0.0525904540309258,5.0518920332116135,38,8214.560290169517,2428.6692133834276,1.9047189718982116,-1.5201925961702498,2841.0702924513266,0.3991052404038158,0.9909201659372192,0.9607045305284183,0.9987199044241474,0.6764453077265064,0.23808987148727645,0.9383207330574376,0.9047619047619048,1.0,0.07606439068516282,0.07606439068516282,inside_convoy_envelope,inside,True,0.06524772197008133,0.8879015445709229,1.5191993713378906,1.1451621055603027,vae_candidate_pool_v1,belief_limited_heuristic_v1,25
VAE000693,vae_candidate_000693,0.8883663735919272,-232.45501708984375,-2427.590576171875,2396.543958984105,1.5146460757116558,0.04617046268243543,4.979029562268541,38,8312.869828658153,2242.7526909406097,2.0382208047467296,1.6731170405605733,3080.1180066724874,0.46706955783579485,0.9999977421160644,0.9464458075986968,0.9947698012997794,0.733361430160116,0.2547776005933412,0.8730925585200844,0.9047619047619048,1.0,0.07727797439683895,0.07727797439683895,inside_convoy_envelope,inside,True,0.055118072777986526,1.157686471939087,2.443319320678711,1.9157835245132446,vae_candidate_pool_v1,belief_limited_heuristic_v1,26
VAE000362,vae_candidate_000362,0.8863886308337384,874.6334228515625,3012.55517578125,3168.9685514901994,-1.8410906817986759,0.027649213932755556,5.553298364365828,37,8318.521061598314,2534.5024807763366,1.7549424649889367,-1.2728527578583617,4864.781287414795,0.08930019044299532,0.8942415718228226,0.9980076934994508,0.955942185615444,1.0,0.2193678081236171,0.8248591350660017,0.8809523809523809,1.0,0.06981053855044116,0.06981053855044116,inside_convoy_envelope,inside,True,0.04897421598434448,1.4161291122436523,1.4831976890563965,1.6637015342712402,vae_candidate_pool_v1,belief_limited_heuristic_v1,27
VAE000119,vae_candidate_000119,0.8838789998281377,-348.427734375,-1952.29296875,1970.186451180579,1.4332400242866727,-0.002436577789979036,4.959257566936424,36,8257.554054736745,2215.9400041111976,1.9674018599777887,1.7059160515131417,3308.1085755254567,0.15717463535508247,0.9656803153244126,0.9938367372226158,0.9908852103157287,0.7876448989346325,0.2459252324972236,0.8153971283666647,0.8571428571428571,1.0,0.08110488407741423,0.08110488407741423,inside_convoy_envelope,inside,True,0.04784364998340607,1.6835683584213257,2.4629642963409424,1.365951657295227,vae_candidate_pool_v1,belief_limited_heuristic_v1,28
VAE000916,vae_candidate_000916,0.8835941769373536,-1331.664794921875,-1761.5740966796875,2193.656533797915,0.9105534972264866,0.011775245327660708,5.058452324546881,32,8209.636975653939,2267.045640250037,1.7193558139245322,2.2428144016909672,6885.1600439143185,0.05381295542864916,0.991983603488318,0.9992762161454696,0.782566874394414,1.0,0.21491947674056652,0.9946821137343399,0.7619047619047619,0.0,0.07829543983106824,0.0,astern_vae,astern,False,0.08089417219161987,0.6900043487548828,1.5096714496612549,1.283998727798462,vae_candidate_pool_v1,belief_limited_heuristic_v1,29
VAE000340,vae_candidate_000340,0.8835297096239731,1512.952880859375,1960.980712890625,2451.9122986043335,-2.2047923406221965,0.026450910746159583,5.352880199198231,34,8441.140069455543,2653.967683186901,1.5176868805047583,-0.910349402221437,7274.27140775095,0.34052873264936,0.9994906993507875,0.9712891041227022,0.7897181356217934,1.0,0.1897108600630948,0.9957657297130138,0.8095238095238095,0.0,0.07140959611509284,0.0,ahead_vae,ahead,False,0.08158189803361893,0.8645036220550537,1.5079879760742188,1.9367353916168213,vae_candidate_pool_v1,belief_limited_heuristic_v1,30
VAE000559,vae_candidate_000559,0.8824192903931514,-442.57452392578125,-3169.967529296875,3259.3317778358205,1.449059910864418,0.05381134537420238,4.153073773084309,36,8158.895901520811,2393.2170166211986,1.843694781992217,1.7463440880995782,3781.366541020583,0.22943395529059707,0.8697114564914584,0.9868976422424859,0.9846310214792222,0.9003253669096627,0.23046184774902712,0.9808427860599733,0.8571428571428571,1.0,0.07153228047725951,0.07153228047725951,inside_convoy_envelope,inside,True,0.09940343350172043,1.0838375091552734,1.5566420555114746,1.5717923641204834,vae_candidate_pool_v1,belief_limited_heuristic_v1,31
VAE000063,vae_candidate_000063,0.8823703788989358,-1379.863525390625,-1766.9124755859375,2339.485817831548,0.909954448120806,0.003655651397506974,4.550403181940766,33,8437.230791763148,2287.604549187129,1.7097517597720076,2.2352938568664937,7003.797030172049,0.208065576695582,0.9993079963987866,0.989216167134426,0.7872267394348137,1.0,0.21371896997150094,0.9516182509410662,0.7857142857142857,0.0,0.07688632997209571,0.0,astern_vae,astern,False,0.06783299893140793,1.3798717260360718,1.5104798078536987,1.2212483882904053,vae_candidate_pool_v1,belief_limited_heuristic_v1,32
VAE001130,vae_candidate_001130,0.8822963606012745,554.11669921875,3329.598876953125,3355.7955493675117,-1.7325045870224023,0.011329743874297122,5.04316240337275,37,8361.700372424171,2537.250615235931,1.7439890600683623,-1.3977583226930936,3939.0421666888283,0.16865862035075296,0.8413960169915861,0.9929054089603336,0.9850662428212739,0.9378671825449592,0.2179986325085453,0.9957792316215692,0.8809523809523809,1.0,0.06926892351707069,0.06926892351707069,inside_convoy_envelope,inside,True,0.08159098774194717,1.631009817123413,1.50080406665802,1.1160590648651123,vae_candidate_pool_v1,belief_limited_heuristic_v1,33
VAE000904,vae_candidate_000904,0.8822042169133031,306.4198913574219,-1797.890380859375,1773.4732812598568,1.7652362665516768,-0.010238623677886118,4.631575824982676,34,8133.74360457372,2493.0575552592272,1.6767029712640973,1.3661177633602304,4094.2216505341103,0.4266846634265251,0.928482866283695,0.9551714093682779,0.9791263678680654,0.9748146786985977,0.20958787140801216,0.8917497618830404,0.8095238095238095,1.0,0.07970473961671169,0.07970473961671169,inside_convoy_envelope,inside,True,0.05772837996482849,1.3422155380249023,2.9767470359802246,1.6562448740005493,vae_candidate_pool_v1,belief_limited_heuristic_v1,34
VAE000930,vae_candidate_000930,0.8821297177194823,-254.8070068359375,-3284.653076171875,3077.901831284217,1.5040358010227155,0.019761445948618884,4.5896111499688566,37,8229.621378201344,2458.2551827426732,1.828920827416443,1.657318298515697,3160.2146109797027,0.30447671900503726,0.9167947821968832,0.9770019798397229,0.9962593086625267,0.7524320502332625,0.22861510342705538,0.9720602097827052,0.8809523809523809,1.0,0.07110652250546629,0.07110652250546629,inside_convoy_envelope,inside,True,0.07257623970508575,0.6709985733032227,2.9577322006225586,1.1978579759597778,vae_candidate_pool_v1,belief_limited_heuristic_v1,35
VAE000502,vae_candidate_000502,0.8818135225526664,397.0821533203125,1687.7283935546875,1695.7701661262226,-1.8025036760213977,0.007766001812957028,4.755679023985828,35,8390.932355966983,2401.267718327079,1.7370696881127687,-1.3313229757554383,4322.996770480368,0.1963067196565862,0.9105099897889746,0.9903968167521524,0.971463025982645,1.0,0.2171337110140961,0.8324678419022431,0.8333333333333334,1.0,0.08194501267321616,0.08194501267321616,inside_convoy_envelope,inside,True,0.049898408353328705,1.7123456001281738,1.4986141920089722,1.8027455806732178,vae_candidate_pool_v1,belief_limited_heuristic_v1,36
VAE000012,vae_candidate_000012,0.8817834378357567,-72.92568969726562,2110.332763671875,2090.969973164572,-1.5276832257473831,0.02859121147417044,4.722538165253543,39,8511.831148378285,2483.826874269416,1.8446767987635189,-1.5853182163682396,2607.168505149167,0.3492355985182949,0.9821091300494053,0.96981727498585,0.9998945592146218,0.6207544059878969,0.23058459984543986,0.9126791355460544,0.9285714285714286,1.0,0.076065332420753,0.076065332420753,inside_convoy_envelope,inside,True,0.060887888073921204,0.7731173634529114,1.5156934261322021,1.7997565269470215,vae_candidate_pool_v1,belief_limited_heuristic_v1,37
VAE000832,vae_candidate_000832,0.8808358204310178,902.740234375,-3168.482666015625,3225.567917536939,1.868314679534442,0.09057060565345534,5.777540592091257,34,8362.177017692722,2498.814577218133,1.6271422777070725,1.3638485797088065,4163.704197489862,0.34103612183773135,0.8791148143017358,0.9712043131425182,0.9786626302872756,0.9913581422594909,0.20339278471338407,0.913439308389148,0.8095238095238095,1.0,0.07010225252660746,0.07010225252660746,inside_convoy_envelope,inside,True,0.06100834161043167,1.85628080368042,2.5464096069335938,1.1756857633590698,vae_candidate_pool_v1,belief_limited_heuristic_v1,38
VAE000169,vae_candidate_000169,0.8807312920523753,-112.4970703125,-1879.1513671875,1854.5696431924073,1.4797886775914273,0.02465708718811054,5.4862579055086185,34,8124.687998989074,2464.7807564852938,1.697828932462506,1.6864610631864763,3385.95774090338,0.2878378664594549,0.9453149724333662,0.9794299510596187,0.9933182885423558,0.8061804145008048,0.21222861655781325,0.9073595672339121,0.8095238095238095,1.0,0.07894668619085413,0.07894668619085413,inside_convoy_envelope,inside,True,0.06005716696381569,1.442580223083496,1.995755910873413,1.178127408027649,vae_candidate_pool_v1,belief_limited_heuristic_v1,39
VAE000669,vae_candidate_000669,0.8805863549090795,-311.28472900390625,-1791.7314453125,1991.9562493130293,1.4000525409941953,-0.053833727202718264,5.118919098571529,33,8308.283842667448,2387.3218508007026,1.6637636880675435,1.687706385392879,3340.136310350962,0.30495622501340525,0.9690157397722668,0.9769300484917689,0.9931737994363384,0.7952705500835624,0.20797046100844294,0.8512788467673115,0.7857142857142857,1.0,0.07832267409316052,0.07832267409316052,inside_convoy_envelope,inside,True,0.052249275147914886,2.26271915435791,1.4884059429168701,1.3522714376449585,vae_candidate_pool_v1,belief_limited_heuristic_v1,40
VAE000201,vae_candidate_000201,0.8800546699794141,-26.97357177734375,-2005.962158203125,1979.2274913700767,1.5365923370138521,0.06687992196889977,4.837354410614863,33,8059.838685661312,2300.871671100752,1.7794885307918973,1.6718802385448408,3102.4598416863764,0.3051835961929313,0.9670851657124939,0.9768959019041887,0.9948953701883053,0.7386809146872325,0.22243606634898716,0.9185434681854188,0.7857142857142857,1.0,0.07973552954133521,0.07973552954133521,inside_convoy_envelope,inside,True,0.06182921677827835,0.8589439988136292,2.3810243606567383,1.3836054801940918,vae_candidate_pool_v1,belief_limited_heuristic_v1,41
VAE000142,vae_candidate_000142,0.880005214792995,223.7881622314453,1955.8724365234375,1879.14286379465,-1.6667948731303812,0.019902222641728116,4.695405953965076,34,8125.594005840563,2324.5767604410885,1.8000306755212712,-1.4548955578176839,3248.6367856230163,0.3054396837978004,0.9500088662843604,0.9768574131642641,0.9932910210583882,0.773484948957861,0.2250038344401589,0.9316612025745132,0.8095238095238095,1.0,0.0804906543299932,0.0804906543299932,inside_convoy_envelope,inside,True,0.0640486553311348,2.132685899734497,2.9419219493865967,1.1710602045059204,vae_candidate_pool_v1,belief_limited_heuristic_v1,42
VAE000939,vae_candidate_000939,0.8798757416476916,155.60525512695312,3297.132080078125,3212.9581284039105,-1.6377673222561826,0.06276950178585208,5.017314037686769,33,8199.817403183226,2555.765246573792,1.57466726102122,-1.4410558295477585,3595.1516624418964,0.20103840947807194,0.8825551395361233,0.989929874681095,0.9915955007445642,0.8559884910575943,0.1968334076276525,0.9873833884270605,0.7857142857142857,1.0,0.06944961895743436,0.06944961895743436,inside_convoy_envelope,inside,True,0.0970996841788292,1.8706629276275635,2.964224338531494,1.7122879028320312,vae_candidate_pool_v1,belief_limited_heuristic_v1,43
VAE001118,vae_candidate_001118,0.8795532871321197,-464.97998046875,-3043.129638671875,3086.9043027896473,1.4053380363354269,0.021166189112328235,4.974463372764068,33,8141.519778362966,2528.763425459893,1.6028772175931956,1.7574208063666952,3995.4567334251315,0.4648117811465514,0.9146678926812798,0.9469529756996793,0.9826361364240374,0.9512992222440789,0.20035965219914945,0.896133280803039,0.7857142857142857,1.0,0.07017396289259979,0.07017396289259979,inside_convoy_envelope,inside,True,0.05836740881204605,1.3371607065200806,1.504619836807251,1.8214094638824463,vae_candidate_pool_v1,belief_limited_heuristic_v1,44
VAE000089,vae_candidate_000089,0.8793431063882577,1269.6495361328125,2517.448486328125,2861.414873891229,-2.03900939711345,0.053512595091097195,5.333658174008066,33,8252.754347006108,2402.4893842697516,1.6643840471930333,-1.0490706613852456,6195.845897736008,0.3634351014247792,0.9605526880627342,0.9673406032939522,0.8669604390883944,1.0,0.20804800589912917,0.9316217922559102,0.7857142857142857,0.0,0.07261754838899491,0.0,ahead_vae,ahead,False,0.06404171884059906,2.364844799041748,1.9715983867645264,1.523587942123413,vae_candidate_pool_v1,belief_limited_heuristic_v1,45
VAE000731,vae_candidate_000731,0.8791466363116011,-944.2295532226562,3246.954833984375,3325.3196017607347,-1.2909417044192457,-0.030078908728657417,5.614910531806363,34,8192.7062754874,2528.382474379471,1.6413785773530674,-1.8807298578992049,4906.651967088897,0.24603471885342199,0.8505639783025811,0.9849429140398858,0.9523538446926249,1.0,0.20517232216913342,0.9997449214441743,0.8095238095238095,1.0,0.06950056476711745,0.06950056476711745,inside_convoy_envelope,inside,True,0.08866029977798462,2.345731735229492,1.9192137718200684,1.0955992937088013,vae_candidate_pool_v1,belief_limited_heuristic_v1,46
VAE000634,vae_candidate_000634,0.878922928111332,304.833984375,-3045.19287109375,3064.6136752548086,1.633225920555821,-0.02929391921753551,5.034398197944969,33,8260.441716964087,2361.669741240011,1.6915759553922443,1.4790728138164362,3108.3568663477026,0.23180118905604918,0.919891723581143,0.9866270925916156,0.9957963470057279,0.7400849681780244,0.21144699442403053,0.9949152053106137,0.7857142857142857,1.0,0.07252450112011086,0.07252450112011086,inside_convoy_envelope,inside,True,0.08103575557470322,0.6682670712471008,2.9149422645568848,1.586780309677124,vae_candidate_pool_v1,belief_limited_heuristic_v1,47
VAE001010,vae_candidate_001010,0.8786202707264161,-879.3665161132812,3238.736328125,3231.1682380759344,-1.3617705123864736,-0.015317099113945168,4.939619815024516,34,8461.731190087829,2350.9213743394575,1.7091555429948657,-1.7951392403172646,4174.454166479383,0.47415713644133994,0.8775742658647562,0.9448389398017167,0.9749404967921937,0.9939176586855675,0.21364444287435821,0.9848934294054974,0.8095238095238095,1.0,0.07216740815201386,0.07216740815201386,inside_convoy_envelope,inside,True,0.076499804854393,0.9598462581634521,2.9532992839813232,1.5288788080215454,vae_candidate_pool_v1,belief_limited_heuristic_v1,48
VAE000802,vae_candidate_000802,0.8783446502482664,124.3048095703125,3160.17333984375,3058.530906271407,-1.5882913310750988,0.05882001110032581,5.133365809507703,39,8292.679064550026,2540.0120821232736,1.8515436993172383,-1.4944813114143685,3164.86099839908,0.2155349278653282,0.9212923428015439,0.9884310644740406,0.9970894222211224,0.7535383329521619,0.23144296241465478,0.8291464449217021,0.9285714285714286,1.0,0.07008247393188302,0.07008247393188302,inside_convoy_envelope,inside,True,0.04949323832988739,2.2177531719207764,2.3420140743255615,1.8793737888336182,vae_candidate_pool_v1,belief_limited_heuristic_v1,49
VAE000906,vae_candidate_000906,0.8781701201918655,498.7887878417969,-3243.117431640625,3355.619765408672,1.7115607921680207,-0.04958315734190922,5.185198786109705,38,8267.942699183788,2448.6617767864386,1.8769700226497334,1.3804487040798634,3968.732161335016,0.07293567963063641,0.8414494602432798,0.9986706861023074,0.9819385241433053,0.9449362288892895,0.23462125283121668,0.9060060778481449,0.9047619047619048,1.0,0.07047186992075478,0.07047186992075478,inside_convoy_envelope,inside,True,0.11468386650085449,1.7964246273040771,2.4277596473693848,1.2292033433914185,vae_candidate_pool_v1,belief_limited_heuristic_v1,50
VAE000507,vae_candidate_000507,0.8778815489569871,87.52133178710938,2462.3955078125,2578.787411392127,-1.6244625708815181,-0.05684269476541975,5.253574978143794,38,8314.254358547305,2520.6804696501827,1.8131865688871753,-1.5739727774736947,2547.0775275200554,0.4351358872615563,0.993975697867056,0.9534063848106222,0.9999949550847844,0.6064470303619179,0.22664832111089692,0.8714397748016888,0.9047619047619048,1.0,0.07227306772732185,0.07227306772732185,inside_convoy_envelope,inside,True,0.054894424974918365,1.0929219722747803,2.939558982849121,1.4001954793930054,vae_candidate_pool_v1,belief_limited_heuristic_v1,51
VAE000452,vae_candidate_000452,0.877815026582094,-123.08843994140625,-1713.55615234375,1772.46672737543,1.479580794779681,-0.01242324882088418,4.482781408090313,34,8362.865310040128,2482.1964866036665,1.6379010384685286,1.6495886099892287,3132.74312292916,0.019670926901219188,0.9282613417913805,0.9999032667779781,0.9968974936407139,0.7458912197450381,0.20473762980856608,0.9547266629981438,0.8095238095238095,1.0,0.07979541202072697,0.07979541202072697,inside_convoy_envelope,inside,True,0.10605008900165558,1.6227812767028809,1.5052776336669922,1.5305641889572144,vae_candidate_pool_v1,belief_limited_heuristic_v1,52
VAE000678,vae_candidate_000678,0.8772107460841322,1212.132568359375,1703.5421142578125,2116.3393500084303,-2.1877218034325367,-0.021357829474864164,4.65543754351023,36,8282.399495341993,2311.5345378620123,1.8803813684542523,-0.9752286796321207,6559.808286771613,0.46966422308641925,0.9849046289966863,0.9458601533455699,0.8278301942281067,1.0,0.23504767105678154,0.922412857880212,0.8571428571428571,0.0,0.0782286366868688,0.0,ahead_vae,ahead,False,0.06246645003557205,2.123051166534424,2.945509910583496,1.2683733701705933,vae_candidate_pool_v1,belief_limited_heuristic_v1,53
VAE000512,vae_candidate_000512,0.8771583246853113,555.7269897460938,1721.1119384765625,1789.5227984144883,-1.8847718630983035,-0.017000207379155193,4.73640464936068,34,8445.36124076914,2441.741317916537,1.648773634778958,-1.2738209978706447,4806.216442651237,0.341073352371309,0.9319739999363713,0.9711980866845387,0.9562259691749296,1.0,0.20609670434736976,0.7934038003341929,0.8095238095238095,1.0,0.08002479194088347,0.08002479194088347,inside_convoy_envelope,inside,True,0.0452856719493866,2.2157435417175293,2.6489081382751465,1.7582117319107056,vae_candidate_pool_v1,belief_limited_heuristic_v1,54
VAE000318,vae_candidate_000318,0.8758319591941405,-1446.470703125,-2924.811279296875,3210.9128126390824,1.1134269057385437,-0.009997465786973695,4.968069633769846,36,8332.685239256194,2460.252850802235,1.7560536498075092,2.0181682820642757,5822.832032564954,0.2860058735228662,0.8831094261565084,0.9796891791925717,0.901587100395973,1.0,0.21950670622593865,0.9999862020701865,0.8571428571428571,0.0,0.07066702339679422,0.0,astern_vae,astern,False,0.08759061992168427,1.9442353248596191,2.918389320373535,1.5000331401824951,vae_candidate_pool_v1,belief_limited_heuristic_v1,55
VAE000141,vae_candidate_000141,0.8747443925858231,-534.056396484375,-1703.3428955078125,1741.9296919437074,1.2720433735950927,0.03679153455534506,5.078660130218429,31,8385.698798123149,2461.8671902851356,1.5016122904131675,1.9063408145500456,5085.842626603083,0.08076140705945445,0.9213979620771826,0.9983702848765529,0.944231158861019,1.0,0.18770153630164593,0.8131000348054968,0.7380952380952381,1.0,0.08048192176143519,0.08048192176143519,inside_convoy_envelope,inside,True,0.04757210239768028,1.1720572710037231,2.339510202407837,1.7260749340057373,vae_candidate_pool_v1,belief_limited_heuristic_v1,56
VAE000555,vae_candidate_000555,0.8739324853187462,1346.78857421875,1852.3721923828125,2419.8840082122147,-2.215362955711009,0.03176047293977744,5.522671435799538,34,8184.990889618378,2515.667645676518,1.6512295513732296,-0.8944692249390068,7085.165863523442,0.08732001804114953,0.9999252629474737,0.9980950144994181,0.7798769614969238,1.0,0.2064036939216537,0.8094016191478249,0.8095238095238095,0.0,0.07326379627809905,0.0,ahead_vae,ahead,False,0.04713716730475426,0.7521714568138123,1.515702247619629,1.1901514530181885,vae_candidate_pool_v1,belief_limited_heuristic_v1,57
VAE000784,vae_candidate_000784,0.8734712372472789,-53.651702880859375,1966.689453125,2117.1410227661854,-1.5645465633606022,-0.010700101816600414,4.946572240015154,32,8342.56776115099,2173.5180090646277,1.7647654492820772,-1.5877461920457914,2314.6044215071406,0.2404890947516869,0.9849891898264647,0.9856107997854777,0.9998563544731263,0.5510962908350335,0.22059568116025965,0.9888896140808615,0.7619047619047619,1.0,0.08043427062966636,0.08043427062966636,inside_convoy_envelope,inside,True,0.07804236561059952,1.074684977531433,1.5057179927825928,1.6738866567611694,vae_candidate_pool_v1,belief_limited_heuristic_v1,58
VAE000009,vae_candidate_000009,0.8732406761525153,154.15969848632812,-2216.0,2166.245893490081,1.6138504603345716,0.02493584508909261,5.185062654722777,34,8163.11219647053,2379.150036430236,1.7506580317115805,1.552678038344314,2526.653072054814,0.133100887545611,0.989724053854508,0.9955775731405079,0.9998358683018763,0.6015840647749557,0.21883225396394757,0.8158204347690111,0.8095238095238095,1.0,0.07686300480654286,0.07686300480654286,inside_convoy_envelope,inside,True,0.04789381101727486,2.2761316299438477,2.054655075073242,1.5838927030563354,vae_candidate_pool_v1,belief_limited_heuristic_v1,59
VAE000488,vae_candidate_000488,0.872704045239305,-1806.037353515625,2457.801025390625,2954.4788649984926,-0.9576011688667057,0.029796832810443746,5.331616219362459,38,8167.055269018765,2550.9794533555955,1.823942493075913,-2.1541946519126434,6627.967204792039,0.37675839814898904,0.9435381410446224,0.9649310653796774,0.8345954600029565,1.0,0.22799281163448912,0.8906122017707705,0.9047619047619048,0.0,0.07032743931402179,0.0,astern_vae,astern,False,0.05756428837776184,1.149762749671936,1.8791855573654175,1.8590456247329712,vae_candidate_pool_v1,belief_limited_heuristic_v1,60
VAE000830,vae_candidate_000830,0.8716654966988586,762.065673828125,-3477.892333984375,3540.449580640606,1.7670906092077838,-0.053508436778215394,5.22350195987999,39,8284.121610787895,2478.2703292107853,1.899631943679676,1.3209936076037938,4449.288772893967,0.12049634893613281,0.7820278808440276,0.9963745472671428,0.9689612109086354,1.0,0.2374539929599595,0.990220394388821,0.9285714285714286,1.0,0.0696482276412749,0.0696482276412749,inside_convoy_envelope,inside,True,0.09591761976480484,1.8378818035125732,1.9766908884048462,1.1324071884155273,vae_candidate_pool_v1,belief_limited_heuristic_v1,61
VAE000175,vae_candidate_000175,0.8715581360338117,1284.07470703125,1746.240478515625,2197.2928241328314,-2.2022948234493303,-0.01799327927282088,5.023940747933735,35,8179.80018575506,2410.6395172321686,1.7749784219297218,-0.9572911094132838,6680.436600438557,0.4710403135625838,0.992262565785247,0.945548331042224,0.8176349616613545,1.0,0.22187230274121522,0.8654733908903937,0.8333333333333334,0.0,0.07617750108778035,0.0,ahead_vae,ahead,False,0.05409617722034454,1.9934154748916626,1.9815623760223389,1.705193042755127,vae_candidate_pool_v1,belief_limited_heuristic_v1,62
VAE000568,vae_candidate_000568,0.8708769905517361,-153.10418701171875,1721.2762451171875,1723.1669707997028,-1.4838741158351048,-0.038134142898631616,5.00844386141843,35,8217.040816362203,2470.0939370775463,1.7244044321147638,-1.69585268065332,3475.7209040353378,0.35251847949629184,0.9170457554826782,0.9692530767832535,0.9921906397515691,0.82755259619889,0.21555055401434547,0.8941580590427834,0.8333333333333334,1.0,0.08070699923901876,0.08070699923901876,inside_convoy_envelope,inside,True,0.05807811766862869,2.3001210689544678,1.5202398300170898,1.9320569038391113,vae_candidate_pool_v1,belief_limited_heuristic_v1,63
VAE000597,vae_candidate_000597,0.8707241783900662,244.78721618652344,1794.242919921875,1856.6550301773693,-1.7128470631738764,-0.05129659531955263,5.19982724730806,31,8343.012055358638,2686.826677359247,1.3829267299233614,-1.4800421857354693,3431.893444411953,0.4162712465534575,0.94572079762159,0.957301513689192,0.9958846687006503,0.8171174867647507,0.17286584124042018,0.8849497805082148,0.7380952380952381,1.0,0.07645252350951078,0.07645252350951078,inside_convoy_envelope,inside,True,0.05675758048892021,1.7406781911849976,2.4426960945129395,1.4803333282470703,vae_candidate_pool_v1,belief_limited_heuristic_v1,64
VAE001076,vae_candidate_001076,0.8700957814453988,-879.2369995117188,3166.439697265625,3430.5166786872865,-1.308731378746144,0.06134592246463067,5.2743209324735165,34,8497.21474695396,2409.2120172561517,1.6608381115008999,-1.7715153523790184,4054.966872568757,0.2291388575091109,0.8181173798443849,0.98693117754724,0.9799234761758115,0.9654683029925611,0.20760476393761249,0.9927311621778053,0.8095238095238095,1.0,0.07080426865172049,0.07080426865172049,inside_convoy_envelope,inside,True,0.09472015500068665,0.883456289768219,1.513517141342163,1.8209296464920044,vae_candidate_pool_v1,belief_limited_heuristic_v1,65
VAE000823,vae_candidate_000823,0.8700107744092772,-965.6455688476562,1595.925537109375,1782.8241819393681,-1.025104328179907,-0.011734418628908734,5.036065603937215,35,8190.239408771269,2273.9150260941196,1.879304769845417,-2.1282227440387946,6262.357384699588,0.13528923748622312,0.9305263240135354,0.9954311805966467,0.8486193553208061,1.0,0.23491309623067713,0.8600054138032263,0.8333333333333334,1.0,0.08244729514685133,0.08244729514685133,inside_convoy_envelope,inside,True,0.1211564913392067,1.9853460788726807,1.4925658702850342,1.9387078285217285,vae_candidate_pool_v1,belief_limited_heuristic_v1,66
VAE000382,vae_candidate_000382,0.8699299499288369,1425.00341796875,-1670.068359375,2242.912645622343,2.2856165543708826,0.006572054456613276,4.677833222142601,34,8174.251768413063,2250.399588925342,1.848294909028579,0.8625481536755244,7026.569903686095,0.38658975904609116,0.9953461300945199,0.9631001066127106,0.7595026116611179,1.0,0.23103686362857237,0.9274120470048607,0.8095238095238095,0.0,0.07820034136042903,0.0,ahead_vae,ahead,False,0.11122222989797592,1.9072394371032715,2.0105628967285156,1.2175428867340088,vae_candidate_pool_v1,belief_limited_heuristic_v1,67
VAE000435,vae_candidate_000435,0.8698380815191096,603.4775390625,3167.550048828125,3312.4271680255392,-1.700624278960122,0.0019225144994617748,5.317549755557052,31,8258.724890275567,2643.9765089174102,1.4196820856917243,-1.4390458601302094,3706.0080748688342,0.20544678233349,0.8543820565052102,0.9894849682972233,0.9913334544467707,0.8823828749687701,0.17746026071146553,0.971538782084352,0.7380952380952381,1.0,0.06811617120342209,0.06811617120342209,inside_convoy_envelope,inside,True,0.0724378153681755,2.234017848968506,1.5065722465515137,1.9212925434112549,vae_candidate_pool_v1,belief_limited_heuristic_v1,68
VAE000949,vae_candidate_000949,0.8696416620442481,-1685.497802734375,-2545.252685546875,3054.7753194908196,0.9985417879977313,-0.0074621811590648325,4.633613794182416,37,8237.191382224342,2212.438830709193,2.030258303611023,2.135588684432997,6277.724417861897,0.3972753306375023,0.9221517284000499,0.9610593050108507,0.8446997572198225,1.0,0.25378228795137786,0.9341715801491227,0.8809523809523809,0.0,0.07500043312595514,0.0,astern_vae,astern,False,0.06449423730373383,1.3508321046829224,2.9290571212768555,1.6740671396255493,vae_candidate_pool_v1,belief_limited_heuristic_v1,69
VAE000123,vae_candidate_000123,0.8693467517365824,-420.31610107421875,-1652.5194091796875,1603.2889267820194,1.2821850678592452,0.025181175752994844,4.820017804521366,35,8365.698370366445,2352.6305080098105,1.778329029794314,1.884588761483543,4819.975306609165,0.2384316397389572,0.8869290655077754,0.9858547917132421,0.951169809214466,1.0,0.22229112872428924,0.8392898558502558,0.8333333333333334,1.0,0.08416845390131385,0.08416845390131385,inside_convoy_envelope,inside,True,0.05073951557278633,1.825866937637329,2.529836654663086,1.096497654914856,vae_candidate_pool_v1,belief_limited_heuristic_v1,70
VAE000463,vae_candidate_000463,0.8689973930994933,25.197601318359375,3041.646484375,3083.863866371845,-1.5549919639272154,0.02127758422759386,5.13334095057947,36,8214.153196724097,2505.9023043854827,1.7489426430856192,-1.5653231054349839,2550.822425153346,0.255992218006478,0.9153887989304529,0.9837062684812922,0.9999850219613631,0.6073386726555586,0.2186178303857024,0.9840035202633732,0.8571428571428571,1.0,0.07045799262709392,0.07045799262709392,inside_convoy_envelope,inside,True,0.0761847198009491,0.9694056510925293,1.5033612251281738,1.2208671569824219,vae_candidate_pool_v1,belief_limited_heuristic_v1,71
VAE000835,vae_candidate_000835,0.8686594205968258,-306.29876708984375,1727.5950927734375,1791.8943828225079,-1.4269915373596946,0.04777734498731066,4.703298149946946,35,8302.031504869725,2560.691851130077,1.6463658451080874,-1.6668237712427878,3344.8927046288823,0.428837861082912,0.9324832843632886,0.9547247987696474,0.9953929068601374,0.7964030249116386,0.20579573063851092,0.8743212151575733,0.8333333333333334,1.0,0.07864086738118993,0.07864086738118993,inside_convoy_envelope,inside,True,0.05528506636619568,1.1335465908050537,2.9619383811950684,1.8058152198791504,vae_candidate_pool_v1,belief_limited_heuristic_v1,72
VAE000760,vae_candidate_000760,0.8683942922787347,357.9878845214844,-3452.7666015625,3465.711243001605,1.7041452172320226,-0.03286093027770561,5.055297983564435,37,8363.5290995794,2496.905977626639,1.7717806840761605,1.4045865060800644,3846.2049994511563,0.23949452459392728,0.8067868775111212,0.9857290017937457,0.9862189176288354,0.9157630951074182,0.22147258550952006,0.9976669266957927,0.8809523809523809,1.0,0.06953785751140251,0.06953785751140251,inside_convoy_envelope,inside,True,0.08304886519908905,1.5349563360214233,2.595424175262451,1.6499848365783691,vae_candidate_pool_v1,belief_limited_heuristic_v1,73
VAE000296,vae_candidate_000296,0.8668386180818531,546.58544921875,1709.0684814453125,1677.2182509344138,-1.8953295248699478,-0.11836705082498476,4.641875203206884,35,8271.543823532058,2167.88798886503,1.95184187043782,-1.3646301795448301,3815.2358731219656,0.46166508179971677,0.9059647266412326,0.9476560229014259,0.9788229295774309,0.908389493600468,0.2439802338047275,0.89739617155746,0.8333333333333334,1.0,0.08564614121205368,0.08564614121205368,inside_convoy_envelope,inside,True,0.05855356156826019,2.32159423828125,2.963350296020508,1.596098780632019,vae_candidate_pool_v1,belief_limited_heuristic_v1,74
VAE000782,vae_candidate_000782,0.8664652950689626,-1659.900390625,-1380.85107421875,2110.5881567103174,0.7246259338002491,-0.011892149905637226,5.009333795598438,36,8226.432398958808,2458.107370354775,1.7802874017520853,2.405074569883907,7745.380500593736,0.0627530928996245,0.9842911908891832,0.9990158353624666,0.6717125436745138,1.0,0.22253592521901067,0.9845881109488821,0.8571428571428571,0.0,0.07627379155594531,0.0,astern_vae,astern,False,0.07639070600271225,1.971998929977417,1.965582013130188,1.1757681369781494,vae_candidate_pool_v1,belief_limited_heuristic_v1,75
VAE000726,vae_candidate_000726,0.8654062967487374,-2011.2392578125,-2405.94189453125,3072.768210509563,0.8792388461617126,0.004166977416500463,4.956230308152831,38,8262.59398269528,2496.0361534978447,1.8425374030330564,2.2665207848445816,7211.772297601112,0.24395067084455258,0.9179972519669259,0.985195656122174,0.7675895678936423,1.0,0.23031717537913204,0.9843361212635294,0.9047619047619048,0.0,0.07060898784924163,0.0,astern_vae,astern,False,0.0763014554977417,0.7046844363212585,2.0254602432250977,1.3130804300308228,vae_candidate_pool_v1,belief_limited_heuristic_v1,76
VAE001196,vae_candidate_001196,0.8653306294299633,-94.15692138671875,3126.34716796875,2988.3330226638536,-1.5147266653548204,-0.018258874861456033,5.333124884344211,37,8079.135831279384,2241.9737771736986,2.0427079804863855,-1.6451248630964288,2835.7410271763565,0.4368160954947269,0.9366626552274427,0.9530516128342075,0.9972389058887862,0.6751764350419897,0.2553384975607982,0.8621150060582005,0.8809523809523809,1.0,0.07473102163455837,0.07473102163455837,inside_convoy_envelope,inside,True,0.05365283042192459,1.9227168560028076,2.4223029613494873,1.3403974771499634,vae_candidate_pool_v1,belief_limited_heuristic_v1,77
VAE000453,vae_candidate_000453,0.8644070041740428,-111.69561767578125,-3158.97412109375,3119.1101206447975,1.518879697668353,0.004071966585651735,5.371536083999542,38,8294.78946630536,2446.293155347373,1.872706547746948,1.626784922507092,2906.6309486321625,0.35314797245349405,0.9068718458555459,0.9691443136582798,0.9984330479692809,0.6920549877695625,0.2340883184683685,0.8624247842124132,0.9047619047619048,1.0,0.0711298464855843,0.0711298464855843,inside_convoy_envelope,inside,True,0.05369355157017708,2.3971118927001953,2.4359066486358643,1.9142647981643677,vae_candidate_pool_v1,belief_limited_heuristic_v1,78
VAE000083,vae_candidate_000083,0.8637992359466192,-2043.5712890625,1646.51123046875,2505.760497315016,-0.6720182861855198,0.006585812673718794,5.141781369467308,37,8116.124939813086,2503.170690381597,1.821220520699368,-2.4629885547305546,7889.252731555693,0.003577368094997868,0.997887813624098,0.9999968006127903,0.6277069971117565,1.0,0.227652565087421,0.9623722174173617,0.8809523809523809,0.0,0.07293335932835245,0.0,astern_vae,astern,False,0.10435687750577927,0.6453913450241089,2.9410862922668457,1.8374005556106567,vae_candidate_pool_v1,belief_limited_heuristic_v1,79
VAE000190,vae_candidate_000190,0.8632983297963321,261.44232177734375,-3201.2734375,3187.3956177944096,1.6336735650480807,0.026229927220185415,5.220703690734958,35,8112.708356255394,2350.558286862258,1.8354018100869742,1.534149015761898,2646.2224357705604,0.11313540836561575,0.8894066451153003,0.9968035065185966,0.999328562448546,0.6300529608977525,0.22942522626087178,0.9661906979587087,0.8333333333333334,1.0,0.0723751871069416,0.0723751871069416,inside_convoy_envelope,inside,True,0.10345058143138885,2.2532896995544434,1.9880280494689941,1.6006791591644287,vae_candidate_pool_v1,belief_limited_heuristic_v1,80
VAE000885,vae_candidate_000885,0.8626476597181442,270.27020263671875,-3302.135986328125,3393.5120653035324,1.6581670236700228,0.0013716323795896187,5.393284492698394,37,8218.093669671318,2665.7131279428095,1.6889516856088835,1.4847972622993597,3361.739132614275,0.26892828567828797,0.8297830743118015,0.9820281013660189,0.9963043589926542,0.8004140791938751,0.21111896070111044,0.9649778540260868,0.8809523809523809,1.0,0.06767767722869929,0.06767767722869929,inside_convoy_envelope,inside,True,0.07078947126865387,0.9137243032455444,1.9356181621551514,1.2238962650299072,vae_candidate_pool_v1,belief_limited_heuristic_v1,81
VAE000793,vae_candidate_000793,0.8622659859682649,-14.913818359375,-1551.53662109375,1654.0551041375372,1.5910921271962257,-0.05928450334169205,4.914216020860035,36,8286.362750681705,2510.0009905899165,1.7308708601334213,1.4912160230518758,3160.79268763201,0.3413877891937318,0.90015710371984,0.9711454740204923,0.9968351584087801,0.7525696875314309,0.21635885751667766,0.9176406296382706,0.8571428571428571,1.0,0.08136695633385845,0.08136695633385845,inside_convoy_envelope,inside,True,0.06168243661522865,1.633991003036499,2.9426002502441406,1.7815171480178833,vae_candidate_pool_v1,belief_limited_heuristic_v1,82
VAE000757,vae_candidate_000757,0.8619773588152453,1872.967041015625,2362.686767578125,2919.788542301886,-2.2448271555224637,0.05121448134175883,5.082531577668086,36,8287.546439575211,2578.082952904065,1.6849213702237593,-0.8455510167255705,7426.561480084571,0.12874411550913623,0.950208591643917,0.9958619586064263,0.7483367256451483,1.0,0.21061517127796991,0.8767404381860281,0.8571428571428571,0.0,0.07009182646023368,0.0,ahead_vae,ahead,False,0.11891716718673706,2.0892868041992188,2.3794918060302734,1.0353667736053467,vae_candidate_pool_v1,belief_limited_heuristic_v1,83
VAE001143,vae_candidate_001143,0.8596629392325446,-1847.598876953125,1809.134033203125,2473.32533406985,-0.7438941306855311,0.004806380664007702,5.138498844192505,37,8183.489098292612,2533.820623946212,1.784380009267696,-2.3928921422402545,7719.751289804006,0.08128074660825345,0.9989841449473787,0.9983492691623119,0.6806873633785299,1.0,0.223047501158462,0.7953970699461133,0.8809523809523809,0.0,0.07272161138045627,0.0,astern_vae,astern,False,0.04551387578248978,0.7309302687644958,2.44973087310791,1.7841825485229492,vae_candidate_pool_v1,belief_limited_heuristic_v1,84
VAE000126,vae_candidate_000126,0.8575836175971192,10.926025390625,-1917.53662109375,1802.670959406444,1.5476012601712343,0.006821576502364149,5.229334457407116,34,8317.064332278014,2387.9811158748184,1.7118983297905994,1.6008129699209237,2636.5182770018628,0.08837284042859993,0.9347759632228239,0.9980488306115378,0.9995495343916629,0.6277424469052054,0.21398729122382493,0.823247167950639,0.8095238095238095,1.0,0.080555894136323,0.080555894136323,inside_convoy_envelope,inside,True,0.04878019168972969,1.5761173963546753,2.478102922439575,1.1480867862701416,vae_candidate_pool_v1,belief_limited_heuristic_v1,85
VAE000098,vae_candidate_000098,0.8574038589708644,-207.56365966796875,-3097.954833984375,3119.2475470140316,1.486422569013344,-0.014400119183585414,5.097436443291678,33,8336.377163698158,2455.7518728702967,1.61195198247484,1.6407699653928633,3032.5929989038,0.3567218600796851,0.9068379599497758,0.9685232985866472,0.9975528436981865,0.7220459521199524,0.201493997809355,0.8430604568942438,0.7857142857142857,1.0,0.07098908348063,0.07098908348063,inside_convoy_envelope,inside,True,0.05120982229709625,1.7109768390655518,2.007589101791382,1.8175441026687622,vae_candidate_pool_v1,belief_limited_heuristic_v1,86
VAE000072,vae_candidate_000072,0.8571114458169429,-1515.099365234375,3188.36865234375,3441.050594016948,-1.080695876053804,0.036584174244853496,5.686422515347647,36,8166.285389198415,2304.9587931712413,1.912558737299995,-2.0243126032911354,5649.842240315233,0.208349557698409,0.8147495249787079,0.9891868167733511,0.8989120797716871,1.0,0.23906984216249938,0.990594503215007,0.8571428571428571,0.0,0.07246289750541646,0.0,astern_vae,astern,False,0.09574973583221436,2.129211187362671,2.403029441833496,1.7425429821014404,vae_candidate_pool_v1,belief_limited_heuristic_v1,87
VAE000377,vae_candidate_000377,0.8568473310802988,-2314.308349609375,1912.3988037109375,2765.2513156083737,-0.6670127600161476,0.005858209767104678,5.17231948791219,37,8184.371900761513,2442.881321919798,1.8506061430932166,-2.468721683806541,7922.956333750176,0.05197888912824444,0.9750963400459907,0.9993247008356737,0.6232337530367378,1.0,0.23132576788665207,0.9677016643000119,0.8809523809523809,0.0,0.07245180178388153,0.0,astern_vae,astern,False,0.10307866334915161,1.4691053628921509,2.032539129257202,1.1044363975524902,vae_candidate_pool_v1,belief_limited_heuristic_v1,88
VAE000480,vae_candidate_000480,0.8565870427590323,-327.88543701171875,3227.969970703125,3421.599852028566,-1.457679351229795,-0.04705190162088715,4.970748652844086,40,8178.834438505893,2225.5962786967084,2.1974661194570753,-1.7309652039808854,3501.510249623385,0.03241408462349238,0.8209521877098467,0.9997373547768978,0.9872003640877288,0.8336929165769964,0.2746832649321344,0.8018102170039599,0.9523809523809523,1.0,0.07384661345497404,0.07384661345497404,inside_convoy_envelope,inside,True,0.0462527722120285,1.9341928958892822,2.494415760040283,1.7756681442260742,vae_candidate_pool_v1,belief_limited_heuristic_v1,89
VAE000531,vae_candidate_000531,0.8565639821188497,1559.23046875,1515.3221435546875,2183.993859486623,-2.354086620534986,-0.027475230447369717,5.2487423548154934,35,8196.52943781486,2442.7088294657733,1.7481002670049957,-0.8149812635021767,7399.4425904874715,0.53817165886318,0.991218622314021,0.9293236316181225,0.7277127477001538,1.0,0.21851253337562446,0.9344885064233351,0.8333333333333334,0.0,0.07585484361874517,0.0,ahead_vae,ahead,False,0.06455102562904358,1.1699893474578857,2.928011894226074,1.0706218481063843,vae_candidate_pool_v1,belief_limited_heuristic_v1,90
VAE000545,vae_candidate_000545,0.8551131811813039,-1934.873046875,1438.613525390625,2405.4571385430095,-0.6467533312330697,-0.025955636871106483,4.446047274446567,35,8285.052787553483,2618.7126018083377,1.6131877905408063,-2.52079495922783,8262.44755439923,0.0036809148444707507,0.9999943704579862,0.9999966127203015,0.5816842018635954,1.0,0.2016484738176008,0.9984151508936204,0.8333333333333334,0.0,0.07212212928514236,0.0,astern_vae,astern,False,0.09074193239212036,1.3485960960388184,2.4782192707061768,1.8035517930984497,vae_candidate_pool_v1,belief_limited_heuristic_v1,91
VAE000628,vae_candidate_000628,0.8542831627658478,556.2484130859375,-3181.40087890625,3312.5829909890635,1.7542977027512443,0.06236974330019136,4.899173224583603,34,8263.955281985813,2306.6472689983734,1.7836505456084633,1.4496646941387408,3288.32558227626,0.10607679013085103,0.8543361280837062,0.9971895654498526,0.9926725299481083,0.7829346624467285,0.2229563182010579,0.8311644743319871,0.8095238095238095,1.0,0.07270569099912058,0.07270569099912058,inside_convoy_envelope,inside,True,0.049739085137844086,2.1562318801879883,1.482469081878662,1.0376468896865845,vae_candidate_pool_v1,belief_limited_heuristic_v1,92
VAE000111,vae_candidate_000111,0.8532732823300699,-464.63702392578125,-3562.217041015625,3549.571803125933,1.471788780843341,0.07862728169227289,5.069263933323126,39,8297.156626522003,2265.4105504210675,2.0748580966000882,1.7484311544387252,3695.8880265195576,0.363149472113669,0.7789457609013104,0.9673913529899463,0.9842643763620015,0.8799733396475137,0.25935726207501103,0.9833949793806855,0.9285714285714286,1.0,0.07286352927442721,0.07286352927442721,inside_convoy_envelope,inside,True,0.07597415894269943,2.0301673412323,2.520099639892578,1.2213010787963867,vae_candidate_pool_v1,belief_limited_heuristic_v1,93
VAE000661,vae_candidate_000661,0.8525132527302262,-1611.639404296875,1325.8236083984375,2052.087283218469,-0.6514714775375006,0.05228160091103074,5.504790402293757,34,8270.652630017776,2479.07152087467,1.6582502828630383,-2.4378395751412616,7909.869427478499,0.1416526315840686,0.9773782734218597,0.9949920153623677,0.6470836561381998,1.0,0.2072812853578798,0.9478916074980719,0.8095238095238095,0.0,0.07654451468361056,0.0,astern_vae,astern,False,0.10745410621166229,0.9342037439346313,2.4511752128601074,1.0888701677322388,vae_candidate_pool_v1,belief_limited_heuristic_v1,94
VAE000592,vae_candidate_000592,0.851687099648109,482.5824279785156,-3595.543212890625,3633.4811013865333,1.713611482643339,-0.05422358909066504,5.148795924776894,41,8193.902128588352,2464.53767456711,2.0302878844144616,1.3737575818557899,4020.9397105681783,0.1643350976460045,0.7500514009756861,0.9932636745272265,0.9806505904284603,0.9573665977543282,0.2537859855518077,0.8529002479289322,0.9761904761904762,1.0,0.06967418745164557,0.06967418745164557,inside_convoy_envelope,inside,True,0.0524568036198616,2.0369608402252197,1.4868686199188232,1.8640519380569458,vae_candidate_pool_v1,belief_limited_heuristic_v1,95
VAE000869,vae_candidate_000869,0.8511608996232147,-1903.510498046875,-1278.831298828125,2418.537985199238,0.6024121635346883,0.012294852229926235,5.046449914187347,38,8292.646692988768,2360.6889987385703,1.9411167526643227,2.551475342285032,8203.781641453568,0.1456629152545078,0.9999350386138163,0.9947049511105673,0.5564584978195006,1.0,0.24263959408304034,0.9553595134135394,0.9047619047619048,0.0,0.07532273637705052,0.0,astern_vae,astern,False,0.10591527819633484,0.7500594258308411,2.0237393379211426,1.5481723546981812,vae_candidate_pool_v1,belief_limited_heuristic_v1,96
VAE000070,vae_candidate_000070,0.8503553270417594,1997.186767578125,1788.1300048828125,2838.662903250415,-2.369636685627842,0.02188693859930008,5.196871172215441,34,8379.161823236744,2190.9808043500097,1.8519948154362376,-0.7500690293626511,7624.113253747511,0.4067736839366869,0.9642783673271232,0.9592010435296536,0.681689266415549,1.0,0.2314993519295297,0.9762792612083905,0.8095238095238095,0.0,0.07606853590349139,0.0,ahead_vae,ahead,False,0.07374534010887146,2.1728405952453613,1.4948618412017822,1.1657103300094604,vae_candidate_pool_v1,belief_limited_heuristic_v1,97
VAE000759,vae_candidate_000759,0.8493412774612643,2071.896484375,1405.9234619140625,2529.4512810015726,-2.5526668608113936,-0.06344557910517327,4.751057416687181,36,8246.13011064877,2426.164387481461,1.79941813934121,-0.6523713718835726,8025.61564412899,0.4344891642580109,0.9968372174319343,0.9535425977298706,0.6070725131003518,1.0,0.22492726741765126,0.9923543079983267,0.8571428571428571,0.0,0.0737815994222649,0.0,ahead_vae,ahead,False,0.09491165727376938,2.266312599182129,2.9314186573028564,1.804080843925476,vae_candidate_pool_v1,belief_limited_heuristic_v1,98
VAE000804,vae_candidate_000804,0.8485878099626452,-1282.576171875,3063.580078125,3337.4735896681154,-1.196695421488814,-0.02169732793615356,5.231465818323043,35,8288.648113101772,2646.4393127140474,1.5955940294386934,-1.9665945600371328,5637.486167183297,0.5326822480048243,0.8469314773946678,0.9307240013168316,0.9226891036517892,1.0,0.19944925367983668,0.9153514953041377,0.8333333333333334,0.0,0.0680161893648656,0.0,astern_vae,astern,False,0.061313360929489136,0.7935072779655457,2.975417375564575,1.6415725946426392,vae_candidate_pool_v1,belief_limited_heuristic_v1,99
VAE000179,vae_candidate_000179,0.8464006546899916,150.29779052734375,3350.171142578125,3337.838624151416,-1.551799991654801,-0.04549454610136541,4.762472794624796,38,8241.80554844792,2207.7934387953896,2.0883476330414528,-1.6352872080363574,2734.3567820158805,0.3542943432807666,0.8468218871296469,0.9689457674122894,0.9979211837640432,0.6510373290514001,0.2610434541301816,0.920023812077782,0.9047619047619048,1.0,0.0743364051485003,0.0743364051485003,inside_convoy_envelope,inside,True,0.06207142025232315,1.691951036453247,2.585404396057129,1.200829029083252,vae_candidate_pool_v1,belief_limited_heuristic_v1,100
VAE000674,vae_candidate_000674,0.8463837617776796,-2351.046142578125,1973.037353515625,2969.213720780247,-0.7189180942460435,-0.00033141908159692096,5.402768763335825,32,8135.254983851285,2242.3368225811605,1.75419536818325,-2.423005978425347,7599.885108169196,0.13158928066179787,0.9405895284915065,0.995677308257918,0.6583214680606283,1.0,0.21927442102290626,0.9934058622602346,0.7619047619047619,0.0,0.07477266157213161,0.0,astern_vae,astern,False,0.09436459839344025,2.060742139816284,2.0596470832824707,1.0516741275787354,vae_candidate_pool_v1,belief_limited_heuristic_v1,101
VAE001077,vae_candidate_001077,0.8462935773582615,-2162.317626953125,1525.9185791015625,2703.3442148867102,-0.639039106004594,0.05450893874708176,4.977306270714519,33,8265.941592794792,2405.875082624736,1.6593902477603497,-2.4480446088381176,7894.3688741403075,0.21103993850149272,0.9827557608923415,0.988906800215418,0.6392695852978051,1.0,0.20742378097004371,0.8859912180829637,0.7857142857142857,0.0,0.07321138490000167,0.0,astern_vae,astern,False,0.05690472573041916,0.7337661385536194,1.922751545906067,1.0763393640518188,vae_candidate_pool_v1,belief_limited_heuristic_v1,102
VAE000019,vae_candidate_000019,0.8455873898400089,2049.6728515625,2405.975830078125,3197.612605632431,-2.271100456607355,-0.030047542353178774,4.8121858175974825,37,8352.022811973691,2601.344790982019,1.7029901394816955,-0.9005397393356167,7226.74455722566,0.3613288467642127,0.8866881126626871,0.9677139395108685,0.7836623028636535,1.0,0.21287376743521194,0.8929594289484135,0.8809523809523809,0.0,0.06890040297377162,0.0,ahead_vae,ahead,False,0.05790364742279053,2.2370660305023193,2.4891836643218994,1.3960999250411987,vae_candidate_pool_v1,belief_limited_heuristic_v1,103
VAE000042,vae_candidate_000042,0.8455812587165329,1772.729736328125,-1547.126953125,2349.7174216958956,2.4268893870340067,-0.04137943264709082,4.95241592513174,36,8131.305136098143,2494.4533479689026,1.7748712556129436,0.673323833908696,7912.185294238686,0.5530110261299808,0.9995221675667454,0.9254734174620594,0.623587844987185,1.0,0.22185890695161795,0.9859347424321498,0.8571428571428571,0.0,0.07399105594401836,0.0,ahead_vae,ahead,False,0.07688024640083313,1.9885461330413818,2.561375617980957,1.05259370803833,vae_candidate_pool_v1,belief_limited_heuristic_v1,104
VAE000954,vae_candidate_000954,0.8451591202653729,-423.35955810546875,3642.650634765625,3596.741908286733,-1.4397193048955679,-0.02070077607746659,4.745774783118588,32,8290.42452943731,2568.531850436826,1.5027552460358262,-1.722574124771692,3792.4804033026553,0.2618588487301212,0.7628181774599443,0.9829552174800688,0.9885038447288806,0.9029715245958703,0.18784440575447828,0.9847912595101201,0.7619047619047619,1.0,0.06835868133924812,0.06835868133924812,inside_convoy_envelope,inside,True,0.07646317780017853,1.7070519924163818,1.497298240661621,1.9164915084838867,vae_candidate_pool_v1,belief_limited_heuristic_v1,105
VAE000805,vae_candidate_000805,0.8436775888308177,-2344.804931640625,2335.7763671875,3234.5619656924846,-0.7511484466387625,0.03715529794352489,5.042921922492702,36,8324.429971657919,2551.8010847709215,1.6947325812324052,-2.3532889090075058,7678.764096421815,0.07675571656481894,0.8766369675807685,0.9985278629571985,0.7091583496169788,1.0,0.21184157265405065,0.9999744490892584,0.8571428571428571,0.0,0.06940771529789576,0.0,astern_vae,astern,False,0.08770757913589478,2.3751626014709473,1.538287878036499,1.358181118965149,vae_candidate_pool_v1,belief_limited_heuristic_v1,106
VAE000407,vae_candidate_000407,0.842984106464326,261.3386535644531,3315.90771484375,3356.535072731504,-1.638955947505561,-0.0011387735719247775,5.068424664984035,32,8315.329332875088,2449.16759915719,1.5712743412953325,-1.5037754796561569,3000.5523764128293,0.34459299358179907,0.8411711106980929,0.9706065114372029,0.997754943574079,0.714417232479245,0.19640929266191656,0.9265161611939442,0.7619047619047619,1.0,0.07045083436911012,0.07045083436911012,inside_convoy_envelope,inside,True,0.0631575658917427,2.095970392227173,1.8513615131378174,1.2432684898376465,vae_candidate_pool_v1,belief_limited_heuristic_v1,107
VAE000079,vae_candidate_000079,0.8418042959316457,1687.8837890625,2897.41357421875,3364.040004246813,-2.108099096453282,0.03891846285487629,5.119043204345188,37,8320.747906840266,2602.2586098665793,1.7087908329730728,-0.9945750942816348,6715.701808802103,0.2918269031252283,0.8388822721067298,0.9788599348423059,0.8385275280681784,1.0,0.2135988541216341,0.8654864228052994,0.8809523809523809,0.0,0.06845765078673151,0.0,ahead_vae,ahead,False,0.05409790575504303,1.9640393257141113,1.866518259048462,1.5195598602294922,vae_candidate_pool_v1,belief_limited_heuristic_v1,108
VAE000596,vae_candidate_000596,0.8408479613601959,1942.1845703125,-1507.402099609375,2464.357066007261,2.4896812065165967,-0.00602134406330286,5.575420427038578,35,8477.718907223621,2405.4904797934278,1.7162691227268367,0.6458901030098938,8217.891377680458,0.5532413528268523,0.99921735143022,0.9254129164174008,0.6019094813681335,1.0,0.2145336403408546,0.9998377234486231,0.8333333333333334,0.0,0.07437454291921888,0.0,ahead_vae,ahead,False,0.0883781760931015,2.292266368865967,2.9189817905426025,1.175183892250061,vae_candidate_pool_v1,belief_limited_heuristic_v1,109
VAE001055,vae_candidate_001055,0.8397094553042973,-2261.859130859375,1398.8355712890625,2732.8304404193555,-0.5649047691092616,-0.015324489921237338,5.029735029903055,36,8272.38745281914,2686.169290517815,1.6200866890951229,-2.592012374401769,8457.292445043046,0.0639853484077818,0.9792770711717145,0.9989768179550051,0.5223293606167935,1.0,0.20251083613689036,0.9936415640570654,0.8571428571428571,0.0,0.06963318222494709,0.0,astern_vae,astern,False,0.09423617273569107,1.832947015762329,2.9715332984924316,1.4648610353469849,vae_candidate_pool_v1,belief_limited_heuristic_v1,110
VAE000834,vae_candidate_000834,0.8395883678625171,-418.04107666015625,3395.986083984375,3417.2822803610925,-1.4419763436274733,0.05092557531220358,4.728241920336813,35,8285.11447572255,2494.1248771405685,1.6937579111907621,-1.6486907346501163,3131.2737580125095,0.26014730167526046,0.8223194608102621,0.9831760496272097,0.9969677642616802,0.7455413709553594,0.21171973889884527,0.8153429384658544,0.8333333333333334,1.0,0.0697036291722636,0.0697036291722636,inside_convoy_envelope,inside,True,0.04783723130822182,0.8182393312454224,2.961883306503296,1.2301158905029297,vae_candidate_pool_v1,belief_limited_heuristic_v1,111
VAE000054,vae_candidate_000054,0.8393661408554227,-1082.787109375,3302.58447265625,3570.801553252271,-1.239416809832445,0.010194668070920681,5.381687860643621,34,7984.469467699575,2320.8921972643525,1.8347541727597227,-1.8919811756864275,4722.83197109579,0.4668386880508183,0.7717258178224514,0.9464977727603757,0.9488620380289771,1.0,0.22934427159496534,0.9219294519740948,0.8095238095238095,1.0,0.07198697492112051,0.07198697492112051,inside_convoy_envelope,inside,True,0.06238609552383423,1.4538944959640503,1.4983463287353516,1.4939913749694824,vae_candidate_pool_v1,belief_limited_heuristic_v1,112
VAE000398,vae_candidate_000398,0.8366043153365034,1760.39697265625,2716.99072265625,3328.3436344613838,-2.1659096676380263,0.03262489202750839,4.612574423976459,35,8198.73385493693,2538.936650383483,1.681393603230976,-0.9430580939242584,6870.153529028151,0.33126860704085376,0.8496631571932366,0.9728152495541148,0.8093579486559466,1.0,0.210174200403872,0.8805163368449588,0.8333333333333334,0.0,0.0693568289001709,0.0,ahead_vae,ahead,False,0.05613705888390541,0.8491052389144897,2.508183240890503,1.3389835357666016,vae_candidate_pool_v1,belief_limited_heuristic_v1,113
VAE001120,vae_candidate_001120,0.8361171698789432,-610.6719360351562,3578.882568359375,3653.9534636279686,-1.3778912408101036,-0.008128936321395169,5.129395147019891,37,8333.138311821029,2352.4833289050484,1.8874114240631579,-1.7718303491010847,3969.0888027656524,0.43356372406352217,0.7428657468779136,0.9537371841621718,0.979860625413662,0.9450211435156315,0.23592642800789473,0.9098771306804337,0.8809523809523809,1.0,0.07124163538854406,0.07124163538854406,inside_convoy_envelope,inside,True,0.06044771522283554,2.330122947692871,1.4960473775863647,1.86066734790802,vae_candidate_pool_v1,belief_limited_heuristic_v1,114
VAE000514,vae_candidate_000514,0.8358711638629213,-10.105743408203125,-3364.08837890625,3394.7520797019806,1.5508098417253031,-0.005067585293795054,5.083693780312609,38,8143.192974520969,2325.168326404071,2.006940382200518,1.5857152265706953,2446.392543936895,0.0756462756890357,0.8293964327750668,0.998570092309166,0.9998887152788493,0.5824744152230702,0.25086754777506476,0.8367775824716277,0.9047619047619048,1.0,0.07224718368054042,0.07224718368054042,inside_convoy_envelope,inside,True,0.1241045892238617,2.232179641723633,1.9351800680160522,1.5106490850448608,vae_candidate_pool_v1,belief_limited_heuristic_v1,115
VAE000633,vae_candidate_000633,0.8357314729564281,84.78741455078125,3387.158203125,3532.6260899581757,-1.6119498712756606,0.00898541112881456,4.924382065003982,35,8181.353869135572,2402.2607635321756,1.7808310477829068,-1.520657371185318,2809.2745467155937,0.12447978096535262,0.7846612467964604,0.9961311955688478,0.998743305866791,0.6688748920751414,0.22260388097286335,0.9610771158077672,0.8333333333333334,1.0,0.0707639712599409,0.0707639712599409,inside_convoy_envelope,inside,True,0.10465431958436966,0.8049111366271973,1.5149717330932617,1.8716872930526733,vae_candidate_pool_v1,belief_limited_heuristic_v1,116
VAE000205,vae_candidate_000205,0.835428802401313,-656.5326538085938,3649.22265625,3712.1919382505926,-1.4121505628741455,0.010933179759294299,5.1249040603812945,39,8271.796905557016,2390.013544146665,1.9727151602559831,-1.7185089109563534,3581.3971445903794,0.22809617268262983,0.7221726398175936,0.9870493300126921,0.9891103180309576,0.8527136058548522,0.2465893950319979,0.9286252258408266,0.9285714285714286,1.0,0.0705798481802087,0.0705798481802087,inside_convoy_envelope,inside,True,0.11101353168487549,1.7475793361663818,2.417239189147949,1.2480347156524658,vae_candidate_pool_v1,belief_limited_heuristic_v1,117
VAE000032,vae_candidate_000032,0.8352345148913439,1964.702392578125,3025.489501953125,3534.4949797172712,-2.157987114971077,-0.029367921811735774,5.040343944146492,35,8402.780843085879,2482.8887448543255,1.6775974136361362,-1.0129734604304519,6554.437537905798,0.2480233912404397,0.7840330278676908,0.984699774732027,0.848409565482003,1.0,0.20969967670451703,0.9873290219855494,0.8333333333333334,0.0,0.0695686485321063,0.0,ahead_vae,ahead,False,0.0774119421839714,2.0381019115448,2.4726336002349854,1.8470673561096191,vae_candidate_pool_v1,belief_limited_heuristic_v1,118
VAE000455,vae_candidate_000455,0.8349916136086768,-2411.937744140625,-1962.3963623046875,3207.636674523685,0.6807605641234061,-0.025904690824046513,5.7195242753756395,38,8130.014595171316,2674.659374802613,1.7475265798533353,2.434927398642341,7919.790576537115,0.20520965743431968,0.88399508143546,0.9895091418167203,0.6493012078313575,1.0,0.2184408224816669,0.984239906193511,0.9047619047619048,0.0,0.06808990735688909,0.0,astern_vae,astern,False,0.07626756280660629,1.4216772317886353,2.0637764930725098,1.78486967086792,vae_candidate_pool_v1,belief_limited_heuristic_v1,119
VAE001121,vae_candidate_001121,0.8347430165026193,457.84881591796875,1248.910400390625,1286.5058956944388,-1.929401885800562,-0.042933176144628035,4.929455889115713,34,8297.00643810333,2334.400122402994,1.7554246505215725,-1.2551239439338593,4794.905334827521,0.4206639757995174,0.7910613169883974,0.9564089979927095,0.9505878487175283,1.0,0.21942808131519656,0.9437339291406611,0.8095238095238095,1.0,0.0922203162583034,0.0922203162583034,inside_convoy_envelope,inside,True,0.06626604497432709,1.793457269668579,2.429555892944336,1.05860435962677,vae_candidate_pool_v1,belief_limited_heuristic_v1,120
VAE000046,vae_candidate_000046,0.8334425250403841,-2190.8779296875,-1154.27197265625,2358.850574897139,0.5133360911327685,-0.014714924493600482,4.747762213644246,35,8235.396000030443,2231.8160670533143,1.904255231782862,2.6135416379634244,8238.160816163689,0.12925846879131797,0.9996799613960061,0.995828874427056,0.5038507846275302,1.0,0.23803190397285776,0.9089452035430667,0.8333333333333334,0.0,0.07770871629165325,0.0,astern_vae,astern,False,0.11423031240701675,1.1417341232299805,2.940579414367676,1.5012290477752686,vae_candidate_pool_v1,belief_limited_heuristic_v1,121
VAE000953,vae_candidate_000953,0.8334124034435381,1162.732177734375,-3487.056884765625,3739.919211461786,1.8709173301814053,0.0004975956594436515,5.258570851951297,34,8230.312135583468,2371.1738972357853,1.7422047978095403,1.2711729190678318,4694.795007020321,0.0950473695686318,0.7122032358467296,0.997743199147604,0.9554477120055596,1.0,0.21777559972619254,0.9672645147622168,0.8095238095238095,0.0,0.07082619115687935,0.0,ahead_vae,ahead,False,0.10318709909915924,2.2668235301971436,1.9725964069366455,1.4688615798950195,vae_candidate_pool_v1,belief_limited_heuristic_v1,122
VAE000608,vae_candidate_000608,0.8323615003160505,-2211.763916015625,2156.379638671875,3143.7297687298496,-0.7412131679973898,-0.05202033566124592,4.784486554753274,33,8152.891812050274,2473.379169518775,1.6364832392741586,-2.4523998212536493,7864.92971886051,0.07171627189000307,0.9007187827233166,0.9987147450910266,0.6359144500871564,1.0,0.20456040490926983,0.9892272010310853,0.7857142857142857,0.0,0.0707239801437967,0.0,astern_vae,astern,False,0.09634856879711151,1.824008822441101,2.4907467365264893,1.8292975425720215,vae_candidate_pool_v1,belief_limited_heuristic_v1,123
VAE000855,vae_candidate_000855,0.8307331428871756,513.5101928710938,3599.213134765625,3683.1841716355843,-1.6968384851954474,0.008670806147300827,4.918710927266748,39,8334.228467607003,2317.0758827429513,2.0195701752526984,-1.4360833622470448,3415.4188981034804,0.32297757805159355,0.7325239186845972,0.9741472825180353,0.9909399225749338,0.8131949757389239,0.2524462719065873,0.9202032681945334,0.9285714285714286,1.0,0.07174876582501102,0.07174876582501102,inside_convoy_envelope,inside,True,0.062100913375616074,2.266663074493408,1.9769566059112549,1.2663506269454956,vae_candidate_pool_v1,belief_limited_heuristic_v1,124
VAE000243,vae_candidate_000243,0.8304630697251371,2238.35205078125,1214.87109375,2573.0015309305954,-2.616489479539015,-0.04764691856663899,5.242255575059858,33,8172.959992198794,2433.715555803088,1.6590701472815925,-0.5727500926174173,8187.608732122844,0.4785991783754966,0.994358218872524,0.9438204612735501,0.5419453108520704,1.0,0.20738376841019907,0.9999996713813767,0.7857142857142857,0.0,0.07346861251595185,0.0,ahead_vae,ahead,False,0.08721643686294556,0.800035297870636,2.9697659015655518,1.0525983572006226,vae_candidate_pool_v1,belief_limited_heuristic_v1,125
VAE000227,vae_candidate_000227,0.8302069064930452,-1247.664306640625,1068.0352783203125,1704.5243810028612,-0.7193320314898596,-0.0010427638377965313,4.764958594348909,36,8321.348998246229,2560.6455179826276,1.6895043052131224,-2.42330338593773,7950.570020370478,0.115067927290462,0.9126214649609288,0.9966934937953851,0.6580975693395457,1.0,0.2111880381516403,0.8637705402670319,0.8571428571428571,0.0,0.0799585221038979,0.0,astern_vae,astern,False,0.05387086048722267,1.6176217794418335,1.9871273040771484,1.3654409646987915,vae_candidate_pool_v1,belief_limited_heuristic_v1,126
VAE001137,vae_candidate_001137,0.8301819667814946,-562.0123901367188,3615.65869140625,3684.053214543475,-1.4484264034840064,0.037053493842783475,5.249520241989835,36,8211.67149289375,2462.958806366023,1.7799745196269103,-1.6561127562630031,3153.7413157420965,0.2179580241510135,0.7322150443601836,0.9881705170292989,0.9963627604910691,0.750890789462404,0.2224968149533638,0.9900971977968753,0.8571428571428571,1.0,0.06959648882264789,0.06959648882264789,inside_convoy_envelope,inside,True,0.0959722101688385,2.410609483718872,1.5034923553466797,1.8317756652832031,vae_candidate_pool_v1,belief_limited_heuristic_v1,127
VAE000773,vae_candidate_000773,0.829748568287922,-1698.58349609375,-3394.697998046875,3655.7608384407977,1.0908868626883594,0.055157472860066385,4.888308850978091,37,8294.535805913776,2405.286752541011,1.8545680707715695,2.1058632637615005,6298.483025307499,0.1956480355100768,0.7422290378760656,0.9904609479837788,0.8602345001349101,1.0,0.23182100884644619,0.986369345478663,0.8809523809523809,0.0,0.07045033691557609,0.0,astern_vae,astern,False,0.09748983383178711,1.132133960723877,2.9683988094329834,1.0641735792160034,vae_candidate_pool_v1,belief_limited_heuristic_v1,128
VAE001067,vae_candidate_001067,0.8293971723930825,-1587.81201171875,-3053.366943359375,3564.62879198863,1.0786622284807994,-0.021586573785910505,4.898108168485895,37,8364.19789471002,2457.1182371565565,1.8003268938545194,2.041343851323084,5982.192065591098,0.4311519196827703,0.7738317561598637,0.9542424725183589,0.8913201882194403,1.0,0.22504086173181492,0.9055704576102589,0.8809523809523809,0.0,0.06986942204699637,0.0,astern_vae,astern,False,0.059782348573207855,2.3233580589294434,1.8177255392074585,1.5978949069976807,vae_candidate_pool_v1,belief_limited_heuristic_v1,129
VAE001132,vae_candidate_001132,0.8293886863214269,-1856.179931640625,3169.25146484375,3656.465532712226,-1.039977773248709,-0.014375418460056136,5.246057108119476,39,8380.9671377448,2471.8734598016945,1.8825400948274418,-2.1159902988011403,6459.752902682465,0.2330163010194174,0.7419806850468897,0.9864871589856987,0.8550267160969316,1.0,0.23531751185343022,0.969384573421727,0.9285714285714286,0.0,0.06948231251058602,0.0,astern_vae,astern,False,0.10265455394983292,1.7497259378433228,2.9770076274871826,1.7745919227600098,vae_candidate_pool_v1,belief_limited_heuristic_v1,130
VAE000442,vae_candidate_000442,0.829032278863942,2364.912353515625,1444.1795654296875,2666.1918787389927,-2.5604604549688794,0.04109758899876809,4.9389887056151975,39,8241.11785512406,2312.5614353669685,2.0463749130102538,-0.5400346096221456,8257.37139580965,0.17588358227231682,0.9866945811952001,0.9922861578322232,0.5141656763185575,1.0,0.2557968641262817,0.8019961953403776,0.9285714285714286,0.0,0.07476755044666655,0.0,ahead_vae,ahead,False,0.128258615732193,1.5465682744979858,1.516982078552246,1.3683143854141235,vae_candidate_pool_v1,belief_limited_heuristic_v1,131
VAE000677,vae_candidate_000677,0.8285671135836947,713.7759399414062,3721.465576171875,3795.7508364524697,-1.746061123330176,-0.012821997969543473,4.844227422748596,39,8347.343104604954,2467.9163068200387,1.8931538742294676,-1.4083535282291606,3785.436749899548,0.30567246585823593,0.6919339849284437,0.9768224000027212,0.9868351559542126,0.9012944642617972,0.23664423427868345,0.9287964522186426,0.9285714285714286,1.0,0.06929659485571464,0.06929659485571464,inside_convoy_envelope,inside,True,0.0635489746928215,2.270700693130493,2.9697346687316895,1.722902774810791,vae_candidate_pool_v1,belief_limited_heuristic_v1,132
VAE000750,vae_candidate_000750,0.8283795227744196,2381.8046875,-2081.6015625,3132.5284101359543,2.419588536861513,0.023261044229339004,4.664602648296462,34,8134.478133579028,2382.604019512763,1.7542736934141252,0.7452651609576197,7593.896622410497,0.29311924921401955,0.9035387594593075,0.9786736294946319,0.678166703231349,1.0,0.21928421167676565,0.8719332732417329,0.8095238095238095,0.0,0.07204151393322797,0.0,ahead_vae,ahead,False,0.05496108531951904,1.7337466478347778,1.4898173809051514,1.7873191833496094,vae_candidate_pool_v1,belief_limited_heuristic_v1,133
VAE001095,vae_candidate_001095,0.8279484813388683,-1773.182373046875,3092.3671875,3485.715969761229,-1.1051520501229053,0.03561131617242755,4.634848509450535,32,8207.762931897123,2446.8361968465274,1.593383361116253,-2.00082928729446,5645.879298602208,0.18421873410781475,0.800249599527859,0.991539830893858,0.9089520089112384,1.0,0.1991729201395316,0.7353898740399337,0.7619047619047619,0.0,0.07021671990353717,0.0,astern_vae,astern,False,0.03888631984591484,2.2520928382873535,1.504447340965271,1.6734877824783325,vae_candidate_pool_v1,belief_limited_heuristic_v1,134
VAE000809,vae_candidate_000809,0.8275201766322178,-2487.58056640625,-2163.014892578125,3283.2285718257917,0.687401728281948,-0.0017064562300049492,5.059129825540563,37,7998.550961956636,2448.503638437144,1.889250971191483,2.4524844690778407,7730.2675524887845,0.12766158638070868,0.8628921725041396,0.9959311603328944,0.6358491200417816,1.0,0.2361563713989354,0.9918901799864454,0.8809523809523809,0.0,0.07072449900256973,0.0,astern_vae,astern,False,0.0793917179107666,0.7555995583534241,1.5162497758865356,1.2731213569641113,vae_candidate_pool_v1,belief_limited_heuristic_v1,135
VAE000615,vae_candidate_000615,0.8264164233024582,2356.328857421875,1523.0130615234375,2798.77233628238,-2.5926538561396275,-0.005126580985927183,5.2266945236241344,34,8314.817613558263,2313.015869013869,1.7678588106949655,-0.5540653784360929,8287.849422634505,0.33234913638718266,0.9703869460559619,0.9726392563104538,0.5261487348932234,1.0,0.2209823513368707,0.9647444839520176,0.8095238095238095,0.0,0.07418390884443475,0.0,ahead_vae,ahead,False,0.1037992537021637,2.0088353157043457,1.9537386894226074,1.0355689525604248,vae_candidate_pool_v1,belief_limited_heuristic_v1,136
VAE000366,vae_candidate_000366,0.8257321865117787,-62.973236083984375,1662.1737060546875,1547.9400984199103,-1.5453061861549995,0.018043366283441283,4.787174564480995,33,8123.752467076766,2306.2402529509945,1.7613785775059356,-1.5782431011513522,2366.6715000311947,0.14421288134265153,0.8717599112020656,0.9948096660104426,0.999972272903975,0.5634932142931416,0.22017232218824195,0.8067787665290881,0.7857142857142857,1.0,0.08590645057799316,0.08590645057799316,inside_convoy_envelope,inside,True,0.04683036357164383,1.2153277397155762,2.0810790061950684,1.9317326545715332,vae_candidate_pool_v1,belief_limited_heuristic_v1,137
VAE000546,vae_candidate_000546,0.8253069604759575,-2390.34423828125,-2424.969482421875,3355.571144922552,0.7776361573933114,-0.016574199005752705,5.266343510107366,37,7986.568574798751,2451.2237819772236,1.8899857840932115,2.3473822971907294,7345.856006767732,0.26455776968177724,0.841464241097935,0.9826041153630587,0.7133104070479865,1.0,0.23624822301165144,0.9092576414604097,0.8809523809523809,0.0,0.07051079652703397,0.0,astern_vae,astern,False,0.060351189225912094,1.433372139930725,1.9001307487487793,1.0988274812698364,vae_candidate_pool_v1,belief_limited_heuristic_v1,138
VAE000249,vae_candidate_000249,0.8251190747567144,-1883.673095703125,1004.1426391601562,2160.8465871134986,-0.4728667399539637,0.005546285148837512,4.734991088953215,33,8246.463214142395,2020.8737498091516,1.9801907670366707,-2.6631796284869917,8250.956640338878,0.1598283626133427,0.9892464499856095,0.9936273068972825,0.4603709559631035,1.0,0.24752384587958384,0.99319257601557,0.7857142857142857,0.0,0.08302850156058719,0.0,astern_vae,astern,False,0.08005405962467194,1.3061109781265259,1.513784408569336,1.7564308643341064,vae_candidate_pool_v1,belief_limited_heuristic_v1,139
VAE001116,vae_candidate_001116,0.824345733355589,-254.83740234375,3545.83935546875,3673.0562552674996,-1.5098340314264562,0.01917163057389517,4.820558528464153,37,8214.950385960106,2588.533701845452,1.739974788070987,-1.6125869915894417,2929.4819635602507,0.3215777377311899,0.7361176954844743,0.9743689666558952,0.9991268972490066,0.6974957056095835,0.21749684850887338,0.9798120423212393,0.8809523809523809,1.0,0.06798271597412404,0.06798271597412404,inside_convoy_envelope,inside,True,0.07480399310588837,0.7422816157341003,2.9576034545898438,1.7112380266189575,vae_candidate_pool_v1,belief_limited_heuristic_v1,140
VAE000975,vae_candidate_000975,0.824309522566743,-756.7478637695312,-1079.3538818359375,1358.8700271977668,0.9313905700485134,0.011082416923674477,5.076943010409266,39,8223.566273720426,2437.809150278466,1.9453811680624191,2.221284500464954,6919.965744021005,0.11987509657390306,0.8147240693107796,0.9964117902871631,0.795788267633264,1.0,0.2431726460078024,0.8278329526678083,0.9285714285714286,1.0,0.08880815561705696,0.08880815561705696,inside_convoy_envelope,inside,True,0.049333758652210236,1.4426130056381226,2.3381876945495605,1.9471375942230225,vae_candidate_pool_v1,belief_limited_heuristic_v1,141
VAE000069,vae_candidate_000069,0.8243080273919836,-2362.634765625,-2605.17138671875,3485.906782586142,0.8289285058628431,-0.048959536252676586,5.132729847789057,33,8312.8728843551,2428.351821241007,1.634749421950415,2.263704611474274,7178.429386480973,0.21953667765875062,0.8001869172560376,0.987999227620054,0.7693915246285643,1.0,0.20434367774380188,0.9963721523260303,0.7857142857142857,0.0,0.07045108788755676,0.0,astern_vae,astern,False,0.08200548589229584,0.689021646976471,2.015322685241699,1.2885938882827759,vae_candidate_pool_v1,belief_limited_heuristic_v1,142
VAE000074,vae_candidate_000074,0.8242071448423244,2514.854248046875,-1715.7232666015625,3075.639751170926,2.528674110066987,0.03129021908620531,5.08617947971182,35,8083.0305204079605,2469.308389227612,1.7535513733934562,0.6442087626090116,7945.973399923681,0.36836643645467637,0.9173255709774998,0.9664584115794951,0.6005659727731613,1.0,0.21919392167418203,0.9599744492996636,0.8333333333333334,0.0,0.07100176416287354,0.0,ahead_vae,ahead,False,0.1049039214849472,1.5674147605895996,2.9544761180877686,1.2813212871551514,vae_candidate_pool_v1,belief_limited_heuristic_v1,143
VAE000803,vae_candidate_000803,0.8238783166886774,-450.121337890625,-1024.3074951171875,1139.074633500983,1.1391578070382398,0.008074035987810103,5.398406508793662,35,8305.91414463704,2495.2854662457244,1.6887305872581024,2.0105088825393636,5793.575488349279,0.06550495900649245,0.7404076243446885,0.9989276586111103,0.9048740596935245,1.0,0.2110913234072628,0.9997675489638084,0.8333333333333334,1.0,0.09612628949787111,0.09612628949787111,inside_convoy_envelope,inside,True,0.08593589067459106,1.8064552545547485,2.4772603511810303,1.7119805812835693,vae_candidate_pool_v1,belief_limited_heuristic_v1,144
VAE000798,vae_candidate_000798,0.8235854937445837,-2476.326171875,2454.99365234375,3477.330932828116,-0.782122102095484,0.03644403909028795,5.092233058455364,35,8112.081695405172,2547.5659781729623,1.693597828731925,-2.323026512404021,7402.881132285965,0.13489745492238336,0.8029980342779629,0.9954575637842522,0.7301668695708576,1.0,0.21169972859149064,0.9997837361566069,0.8333333333333334,0.0,0.06892032837251283,0.0,astern_vae,astern,False,0.08598306030035019,2.3253259658813477,1.9127988815307617,1.5751850605010986,vae_candidate_pool_v1,belief_limited_heuristic_v1,145
VAE000613,vae_candidate_000613,0.8235232287427969,-2405.891845703125,-2448.44189453125,3461.5121279245286,0.8321256069174998,-0.023166826696461196,5.159323444946588,33,8313.317289520945,2525.072775626535,1.572047571679073,2.2863002199758324,7359.348975573433,0.16638884694999923,0.8081503323036133,0.9930946413608874,0.7547627842177238,1.0,0.19650594645988412,0.9756698595463527,0.7857142857142857,0.0,0.06919030095915578,0.0,astern_vae,astern,False,0.10096229612827301,1.8806884288787842,2.360088348388672,1.3573685884475708,vae_candidate_pool_v1,belief_limited_heuristic_v1,146
VAE001146,vae_candidate_001146,0.8228698143246898,418.40386962890625,-3785.261474609375,3723.6846749444026,1.6350392408805345,-0.026804086872984814,5.457160959193652,34,8197.031952531013,2574.657119717239,1.6110272596775688,1.4797493258362746,3309.277606455087,0.241732146702772,0.7180489026049931,0.9854623910346886,0.9958580842148926,0.7879232396321636,0.2013784074596961,0.949619310696958,0.8095238095238095,1.0,0.06806404754450908,0.06806404754450908,inside_convoy_envelope,inside,True,0.06742526590824127,1.2394335269927979,2.95447039604187,1.6032581329345703,vae_candidate_pool_v1,belief_limited_heuristic_v1,147
VAE001019,vae_candidate_001019,0.8213231696059745,-1763.75341796875,-3298.946044921875,3818.0631562092885,1.1210060248419733,-0.03429794976559461,4.465033036513046,39,8354.94936190374,2260.589831094183,2.0648999574238864,1.9862886789822254,5440.649089851364,0.30867084259438704,0.6837705205053187,0.9763690997438466,0.9149176981415368,1.0,0.2581124946779858,0.9755256384726101,0.9285714285714286,0.0,0.07245786652417183,0.0,astern_vae,astern,False,0.10100333392620087,1.1606323719024658,2.9398767948150635,1.6637098789215088,vae_candidate_pool_v1,belief_limited_heuristic_v1,148
VAE000312,vae_candidate_000312,0.8211944337507538,-2571.989501953125,-1970.36181640625,3193.381437382346,0.6711471870014982,0.03555131187898541,5.157876334337688,38,8232.93890929766,2377.842830176276,1.9410894912309864,2.5059967784672805,8036.818258857435,0.3016381768414272,0.8878171815023717,0.9774255465510175,0.5936571312142666,1.0,0.2426361864038733,0.954461173460734,0.9047619047619048,0.0,0.07191616472569952,0.0,astern_vae,astern,False,0.06842654198408127,0.7554827928543091,2.9775352478027344,1.825743556022644,vae_candidate_pool_v1,belief_limited_heuristic_v1,149
VAE000609,vae_candidate_000609,0.820868493931195,117.88165283203125,-3580.6201171875,3716.402422376085,1.5969753205200397,-0.015759493369545848,4.695151049858459,41,8287.724384738929,2377.1453703452858,2.0810993607407293,1.5288578397002077,2722.527914753031,0.266221844779134,0.7206633010329516,0.9823858840468006,0.9991207105386534,0.648220932084055,0.26013742009259117,0.9593421050009097,0.9761904761904762,1.0,0.07076205895909098,0.07076205895909098,inside_convoy_envelope,inside,True,0.0694873183965683,1.535496711730957,1.9670709371566772,1.2854812145233154,vae_candidate_pool_v1,belief_limited_heuristic_v1,150
VAE000026,vae_candidate_000026,0.8208386916245994,2214.465576171875,-1654.7791748046875,2747.585075909521,2.4866939517047864,-0.09275087056291971,4.883287893502485,35,8105.811680431496,2450.5353194527984,1.7620189235135024,0.5621478313220865,8164.573556209204,0.5400412621090551,0.9774203761455281,0.9288437331491612,0.5330047323588301,1.0,0.2202523654391878,0.9627472683955007,0.8333333333333334,0.0,0.07244252205284855,0.0,ahead_vae,ahead,False,0.0702630802989006,2.154909610748291,2.0416712760925293,1.2715685367584229,vae_candidate_pool_v1,belief_limited_heuristic_v1,151
VAE000983,vae_candidate_000983,0.8204586849589537,-731.0357055664062,-3811.92431640625,3831.9301314812187,1.403751218496245,0.02274968216144458,5.054316977886825,33,8438.422590578426,2411.5676193142735,1.6216354332118108,1.7605911172549933,3960.2336771514038,0.32490584376055276,0.6786812092186165,0.97384039356431,0.982042970087375,0.9429127802741437,0.20270442915147635,0.9701303278906002,0.7857142857142857,1.0,0.07001690780396151,0.07001690780396151,inside_convoy_envelope,inside,True,0.10246307402849197,0.9617094397544861,1.9143098592758179,1.6990941762924194,vae_candidate_pool_v1,belief_limited_heuristic_v1,152
VAE000416,vae_candidate_000416,0.8204028167497946,2386.65283203125,-1316.119384765625,2683.3698273112386,2.6124203923758538,0.010881800152939648,5.000193746180692,35,8221.705244300008,2460.699543625275,1.7300057746369857,0.5400540613668795,8316.847730029627,0.5603900551548633,0.9849353319357657,0.9235239273260011,0.5141823598054744,1.0,0.2162507218296232,0.991442813293471,0.8333333333333334,0.0,0.07255997832108164,0.0,ahead_vae,ahead,False,0.07917652279138565,2.210925340652466,1.5172594785690308,1.0777822732925415,vae_candidate_pool_v1,belief_limited_heuristic_v1,153
VAE000670,vae_candidate_000670,0.8199993534460022,2177.992431640625,-1299.271240234375,2537.8393012677993,2.6030948160538054,-0.009758493063023106,4.720408477156038,34,8406.46602178233,2569.397938780472,1.574106396541941,0.528739344472965,8554.630578948414,0.5509166758637569,0.9964148215543688,0.9260225145868428,0.5044452372807692,1.0,0.19676329956774263,0.9867121334186876,0.8095238095238095,0.0,0.07187780386033348,0.0,ahead_vae,ahead,False,0.09735959023237228,1.1032037734985352,2.4572806358337402,1.7374091148376465,vae_candidate_pool_v1,belief_limited_heuristic_v1,154
VAE000920,vae_candidate_000920,0.8193927805124297,2253.99609375,2588.299560546875,3356.502632640954,-2.314333790680175,0.011722790304902966,5.636789488181128,34,8273.971986584456,2217.2750685229735,1.8532981710428655,-0.8155360726047151,7286.01010019041,0.18288373032412375,0.8411809788723965,0.991661664861765,0.728093169273466,1.0,0.2316622713803582,0.8403869266814618,0.8095238095238095,0.0,0.07411596226476934,0.0,ahead_vae,ahead,False,0.0508759431540966,2.3184654712677,1.9694126844406128,1.2791041135787964,vae_candidate_pool_v1,belief_limited_heuristic_v1,155
VAE000430,vae_candidate_000430,0.8193037218643876,-1171.906982421875,-1086.7025146484375,1617.3985165569393,0.7075778119078782,0.06789030140455382,5.284635253583349,36,8326.958568095746,2487.316641420226,1.7381410698686643,2.501905143086469,8165.362421726077,0.02505656040086457,0.8906730213433579,0.9998430504069651,0.5969447657088309,1.0,0.21726763373358304,0.9427237039064461,0.8571428571428571,0.0,0.08226956569968621,0.0,astern_vae,astern,False,0.0660727396607399,0.693780779838562,1.9905126094818115,1.41885244846344,vae_candidate_pool_v1,belief_limited_heuristic_v1,156
VAE000002,vae_candidate_000002,0.819235457124331,-1002.3169555664062,-1006.7489013671875,1384.5977960264943,0.7801145668900555,0.022059084138129625,5.097321034840148,38,8327.624631622788,2325.208719736499,1.9624586404880884,2.383537170837867,7645.912492841737,0.141778381334987,0.8229137355142871,0.9949831348124516,0.6875106874175371,1.0,0.24530733006101105,0.9999746707016017,0.9047619047619048,1.0,0.08942017374084898,0.08942017374084898,inside_convoy_envelope,inside,True,0.08682726323604584,1.1583058834075928,1.525468349456787,1.696027159690857,vae_candidate_pool_v1,belief_limited_heuristic_v1,157
VAE001105,vae_candidate_001105,0.8186054982468831,1661.12890625,-3413.355712890625,3840.1347811091587,2.0411852143093507,0.07690966881065457,5.126420346628888,36,8206.56681523649,2387.9595400164303,1.8370206020255886,1.1773171080910967,5351.904462580756,0.26609574004058834,0.6756647495614481,0.9824024685496819,0.9235807058918749,1.0,0.22962757525319857,0.9949730572651379,0.8571428571428571,0.0,0.07041132525740022,0.0,ahead_vae,ahead,False,0.0810713917016983,0.6994271278381348,2.950611114501953,1.3891026973724365,vae_candidate_pool_v1,belief_limited_heuristic_v1,158
VAE000234,vae_candidate_000234,0.8185738051898074,-2439.148681640625,1232.300537109375,2851.6827243550165,-0.5176937135804428,-0.006403756648223963,4.768711171510439,34,8198.38290801352,2444.7421045808323,1.6963586063953162,-2.630302696657574,8346.143728598501,0.16103747363774518,0.9621676277932196,0.9935307318320715,0.48930264323768013,1.0,0.21204482579941453,0.9163667396917843,0.8095238095238095,0.0,0.07207714865180061,0.0,astern_vae,astern,False,0.061476510018110275,0.6983529925346375,1.4959501028060913,1.3264789581298828,vae_candidate_pool_v1,belief_limited_heuristic_v1,159
VAE000927,vae_candidate_000927,0.8184060984393705,1799.927001953125,-3501.79296875,3893.723865961106,2.000886552651483,-0.017828871284712576,5.316555776300604,41,8078.348261481918,2541.603137408154,1.9968872631941463,1.1228772296535976,5789.533403692863,0.16174608662472575,0.6558789629918891,0.9934737975946584,0.9013502731849997,1.0,0.2496109078992683,0.9820233897556309,0.9761904761904762,0.0,0.06822431313467787,0.0,ahead_vae,ahead,False,0.07551294565200806,1.5952521562576294,1.9748671054840088,1.439711093902588,vae_candidate_pool_v1,belief_limited_heuristic_v1,160
VAE000255,vae_candidate_000255,0.8174139067461494,-2041.980224609375,-2990.412353515625,3671.3155895227596,0.9473022101244684,-0.04494810509981452,4.43094384115733,34,8174.625318982405,2240.487763581208,1.8563868553931362,2.14934233836551,6345.811197240077,0.2901407457922235,0.736734246990183,0.979101809724631,0.8372585859222441,1.0,0.23204835692414202,0.9945863777960872,0.8095238095238095,0.0,0.07309666524396616,0.0,astern_vae,astern,False,0.08083691447973251,1.5341289043426514,1.503765344619751,1.7763111591339111,vae_candidate_pool_v1,belief_limited_heuristic_v1,161
VAE000446,vae_candidate_000446,0.8157536495992171,2119.04541015625,2883.056884765625,3606.7852388011916,-2.2204715478529833,0.05902639893511889,4.832147488768519,37,8180.258362301778,2489.3554774267463,1.8169701213471399,-0.8620947068016911,7214.047048030948,0.19592336893646456,0.759345202636291,0.9904341666750498,0.7592075644691803,1.0,0.22712126516839248,0.9741173107616453,0.8809523809523809,0.0,0.06939132933849293,0.0,ahead_vae,ahead,False,0.10139811784029007,0.6869462132453918,1.5203132629394531,1.8866958618164062,vae_candidate_pool_v1,belief_limited_heuristic_v1,162
VAE000322,vae_candidate_000322,0.8157373659471896,-126.2889404296875,-1119.76513671875,1164.8229333299912,1.4993644296543323,-0.02067526640617172,5.316608445846525,39,8148.927955431689,2520.7479033973614,1.8986054104879653,1.6215529575292893,2930.9361365084383,0.19844260190493235,0.7494580093389737,0.9901873981917331,0.9987121587357362,0.6978419372639139,0.23732567631099566,0.962613938549167,0.9285714285714286,1.0,0.09478268367659524,0.09478268367659524,inside_convoy_envelope,inside,True,0.070232093334198,0.6005013585090637,2.1458353996276855,1.1847152709960938,vae_candidate_pool_v1,belief_limited_heuristic_v1,163
VAE000402,vae_candidate_000402,0.8154083017168072,-2445.938720703125,-2519.542236328125,3459.8499315032373,0.8003886058880292,0.025747736225304116,5.728155589914164,38,8172.8852570928175,2549.2230602364084,1.823897199371607,2.3669517839270684,7624.012703422728,0.30141665537997137,0.8086891953157761,0.9774584401683937,0.6994594599624021,1.0,0.2279871499214509,0.9404288356485704,0.9047619047619048,0.0,0.06892196541729942,0.0,astern_vae,astern,False,0.06563928723335266,1.9648782014846802,2.459500789642334,1.3925962448120117,vae_candidate_pool_v1,belief_limited_heuristic_v1,164
VAE000844,vae_candidate_000844,0.8149153363270605,-399.71405029296875,3717.426025390625,3791.5727559684815,-1.4684684891163031,0.029807217402147212,4.490471628642077,40,8291.11060881239,2349.35266649182,2.053520618646218,-1.6433169470713427,2943.92704820056,0.33826291382964224,0.6934589198444685,0.9716662693434657,0.9973715320990566,0.7009350114763238,0.25669007733077726,0.9776555127085118,0.9523809523809523,1.0,0.07106059320436788,0.07106059320436788,inside_convoy_envelope,inside,True,0.07414804399013519,0.645177960395813,2.96256160736084,1.497358798980713,vae_candidate_pool_v1,belief_limited_heuristic_v1,165
VAE000686,vae_candidate_000686,0.8144743487970363,378.96685791015625,3659.681396484375,3669.4288549228895,-1.69073706369913,-0.039509838449345844,5.055951622138996,36,8210.856804449286,2334.9153658405758,1.8777720884860112,-1.490365428340009,2987.0617791137356,0.40664018299795374,0.7374021659550188,0.9592274491497113,0.9967671786457123,0.7112051855032704,0.2347215110607514,0.9159514278632176,0.8571428571428571,1.0,0.071518946217726,0.071518946217726,inside_convoy_envelope,inside,True,0.06140966713428497,1.357709288597107,2.942237377166748,1.89886474609375,vae_candidate_pool_v1,belief_limited_heuristic_v1,166
VAE000521,vae_candidate_000521,0.8140875073792404,-2287.90185546875,2761.61181640625,3668.9170986258064,-0.8508798176236844,0.04039173431233713,4.735881166057857,37,8491.310038932523,2361.7003038336193,1.8450249364865647,-2.2503211016537716,7173.237425604698,0.15900431336606036,0.7375832649616946,0.9936927124968864,0.7778714491901625,1.0,0.2306281170608206,0.9872482830257132,0.8809523809523809,0.0,0.07103438241909539,0.0,astern_vae,astern,False,0.09715253114700317,0.6983601450920105,1.5225310325622559,1.2672439813613892,vae_candidate_pool_v1,belief_limited_heuristic_v1,167
VAE000970,vae_candidate_000970,0.8138531350960652,105.33255004882812,3537.499267578125,3488.784562534817,-1.6329695404591447,-0.014895485532413938,4.535067941211682,35,8227.837063697922,2489.650788506808,1.7086138666431259,-1.5235185986630624,2875.717441502755,0.4974492802253075,0.7992408236351409,0.9394012929582087,0.9988826163644047,0.6846946289292274,0.21357673333039073,0.7809012588224433,0.8333333333333334,1.0,0.06961842121221769,0.06961842121221769,inside_convoy_envelope,inside,True,0.04386891424655914,1.6404004096984863,2.9355735778808594,1.1832984685897827,vae_candidate_pool_v1,belief_limited_heuristic_v1,168
VAE000542,vae_candidate_000542,0.8134263330282103,-826.0028686523438,-3892.510986328125,4038.85249708066,1.3576561056028071,-0.0002170510231335498,5.055816156326709,40,8401.444228089907,2388.508006875542,1.993330633823727,1.783719496963853,4109.94524318982,0.33711459555903756,0.601866417815865,0.9718564924264181,0.9774173732344593,0.9785583912356713,0.2491663292279659,0.9976228596528456,0.9523809523809523,1.0,0.07005805177413195,0.07005805177413195,inside_convoy_envelope,inside,True,0.09152375161647797,0.7100884914398193,1.5092291831970215,1.6616328954696655,vae_candidate_pool_v1,belief_limited_heuristic_v1,169
VAE001161,vae_candidate_001161,0.8130214860732675,1114.4820556640625,-3775.821044921875,3996.1845388289294,1.853103740502002,-0.024627088269016932,5.080222380092679,37,8046.672223178368,2429.617604817353,1.892550545718614,1.2638618248187747,4747.271696932623,0.20791399934112167,0.6177776539190099,0.9892318169983667,0.9532642504000316,1.0,0.23656881821482675,0.9599987737865562,0.8809523809523809,1.0,0.06960335639947214,0.06960335639947214,inside_convoy_envelope,inside,True,0.06963447481393814,2.2400870323181152,1.5125218629837036,1.1555092334747314,vae_candidate_pool_v1,belief_limited_heuristic_v1,170
VAE000075,vae_candidate_000075,0.8125895084772214,-683.4225463867188,3646.8251953125,3875.8165077621557,-1.3182119923686308,-0.01713400505862136,4.8760912494121635,36,8383.494419426044,2560.3749707454413,1.6771574981016708,-1.8405146662797836,4701.672808521902,0.3352481231873201,0.6625052987877159,0.9721643526538967,0.9638459858495044,1.0,0.20964468726270885,0.8380913437456695,0.8571428571428571,1.0,0.06793340244875053,0.06793340244875053,inside_convoy_envelope,inside,True,0.05059085041284561,0.9842685461044312,1.9848060607910156,1.9478120803833008,vae_candidate_pool_v1,belief_limited_heuristic_v1,171
VAE001158,vae_candidate_001158,0.8123719492619834,2183.356201171875,-3188.389404296875,3843.5823335860514,2.1357051489396386,0.017074943144206958,4.961830803364681,39,8295.912329634155,2297.284171720252,2.0463774096288327,1.0229624477943615,6281.924930863059,0.13182934390020273,0.6743961308923873,0.9956615446444821,0.85365472490092,1.0,0.2557971762036041,0.9779574385841091,0.9285714285714286,0.0,0.07181280014893283,0.0,ahead_vae,ahead,False,0.10029494762420654,2.3549997806549072,1.5013494491577148,1.0653302669525146,vae_candidate_pool_v1,belief_limited_heuristic_v1,172
VAE000306,vae_candidate_000306,0.8123098153007077,-442.056640625,844.5701904296875,1035.8102369191236,-1.095200106826938,0.054188234174699944,4.5154557426822235,37,8223.781358139615,2215.5332230605563,2.030728676995067,-1.9922043125881554,5385.60700620822,0.1657812388080373,0.7034218944449172,0.9931448670208842,0.912513914512477,1.0,0.2538410846243834,0.9991287313543609,0.8809523809523809,1.0,0.10438688458528601,0.10438688458528601,inside_convoy_envelope,inside,True,0.08469003438949585,0.7008415460586548,1.5197341442108154,1.8287994861602783,vae_candidate_pool_v1,belief_limited_heuristic_v1,173
VAE000940,vae_candidate_000940,0.8119614826546886,329.1241760253906,-3670.59130859375,3694.1087531295548,1.6554237497438231,0.005069976600704269,5.23879180696311,32,8245.838129272362,2471.908531613874,1.5699389947891793,1.491238880446674,3119.415835421242,0.13216031883771118,0.7286354421545627,0.9956397645273469,0.9968369752274449,0.7427180560526766,0.1962423743486474,0.8436840133833694,0.7619047619047619,1.0,0.06944582856394889,0.06944582856394889,inside_convoy_envelope,inside,True,0.05128798633813858,1.8670228719711304,1.4913969039916992,1.803092360496521,vae_candidate_pool_v1,belief_limited_heuristic_v1,174
VAE000644,vae_candidate_000644,0.8115423635707384,-277.90460205078125,-803.5614013671875,1033.1503132848982,1.263200483053828,0.022172819611691565,5.09791050252823,40,8115.406132685702,2547.405289421414,1.9348695335187447,1.9005649901476576,5038.108784948981,0.16567882632385267,0.7024566013623521,0.9931533146377731,0.9461172812409627,1.0,0.24185869168984309,0.8544116120072153,0.9523809523809523,1.0,0.10107801138902818,0.10107801138902818,inside_convoy_envelope,inside,True,0.05265101045370102,0.7700254321098328,2.071794271469116,1.610448956489563,vae_candidate_pool_v1,belief_limited_heuristic_v1,175
VAE000267,vae_candidate_000267,0.8108926853598258,1256.0037841796875,912.9682006835938,1532.7087705160156,-2.491828964848483,-0.06556615247748164,4.700616184929888,38,8402.859940838573,2477.877906965462,1.8250575695208566,-0.715329841218792,7968.282253868061,0.5649892056226207,0.8674549520984293,0.9222971899272605,0.6558664419035836,1.0,0.22813219619010708,0.9931572046763516,0.9047619047619048,0.0,0.08403145925828992,0.0,ahead_vae,ahead,False,0.09449764341115952,0.8889114856719971,1.5063334703445435,1.1167789697647095,vae_candidate_pool_v1,belief_limited_heuristic_v1,176
VAE000969,vae_candidate_000969,0.8104865490535879,-1384.564453125,3485.38330078125,3776.1886321398447,-1.183315504463021,-0.03975109972455908,5.024963327655066,31,8200.368966796095,2295.897388114245,1.6465534241466064,-1.9980282488513312,5487.381869680001,0.3932614014112017,0.6990631438479374,0.9618320980090109,0.910116196713103,1.0,0.2058191780183258,0.9997957099605883,0.7380952380952381,0.0,0.07196792626916089,0.0,astern_vae,astern,False,0.08601909875869751,2.3251495361328125,2.9580421447753906,1.3006370067596436,vae_candidate_pool_v1,belief_limited_heuristic_v1,177
VAE000033,vae_candidate_000033,0.8097906994112359,2565.884033203125,-1590.508544921875,3002.102954864448,2.5874875748202437,-0.026378184701682347,4.976024688923957,35,8238.531395977952,2442.6519443986062,1.7392285459936578,0.5277268940678665,8347.760074268293,0.4070251967333749,0.9337646933080457,0.9591512736960924,0.5035707849760424,1.0,0.21740356824920723,0.9622937499719229,0.8333333333333334,0.0,0.07156049144512124,0.0,ahead_vae,ahead,False,0.10437503457069397,0.7733955383300781,1.5034499168395996,1.302285075187683,vae_candidate_pool_v1,belief_limited_heuristic_v1,178
VAE000532,vae_candidate_000532,0.8084299543402267,-1137.245849609375,-926.0324096679688,1405.703241645797,0.6948546279997612,0.0007616659017648385,5.238254293757881,35,8144.956522117611,2410.576818137591,1.782618043977631,2.4474996914917972,7802.510786094147,0.14942508403572607,0.829538438916495,0.9944284144454499,0.6396885223801543,1.0,0.22282725549720386,0.9999056120864986,0.8333333333333334,1.0,0.08785050621206915,0.08785050621206915,inside_convoy_envelope,inside,True,0.08811430633068085,2.3239312171936035,1.513904094696045,1.8745990991592407,vae_candidate_pool_v1,belief_limited_heuristic_v1,179
VAE000576,vae_candidate_000576,0.8078195048721949,-2350.3115234375,-920.68896484375,2662.621024127295,0.39164193768662126,-0.010220217507297222,5.088061073702397,36,8256.480839331572,2404.7991082432586,1.8131290707029541,2.739730498395875,8539.317886999526,0.1385978320410346,0.9870468537406095,0.9952053428067402,0.39113282465369126,1.0,0.22664113383786927,0.8678096276350697,0.8571428571428571,0.0,0.07341295542248366,0.0,astern_vae,astern,False,0.054407086223363876,0.6003483533859253,2.522899627685547,1.0400651693344116,vae_candidate_pool_v1,belief_limited_heuristic_v1,180
VAE000308,vae_candidate_000308,0.8063482784271694,-2659.43798828125,-1997.691162109375,3279.8288269239893,0.6167458788642034,0.028914420908382563,4.949452797937078,33,8467.465523856858,2223.030949548262,1.7531335207546672,2.5537611956339727,8278.960055179832,0.12218872226281352,0.8638704446916684,0.996272120631676,0.5545577863621265,1.0,0.2191416900943334,0.994856024608443,0.7857142857142857,0.0,0.0741505143945975,0.0,astern_vae,astern,False,0.08099950850009918,2.2068023681640625,1.5032250881195068,1.4899704456329346,vae_candidate_pool_v1,belief_limited_heuristic_v1,181
VAE000221,vae_candidate_000221,0.8062508969594767,2561.4677734375,1912.4722900390625,3328.954741579072,-2.500878791729416,-0.04487688526016109,4.901216787854621,36,8310.039907240034,2408.7343518994285,1.7985001776259604,-0.6855907471205382,7957.389100289381,0.44279160319725186,0.849480875293448,0.9517795427036876,0.6331303869161429,1.0,0.22481252220324505,0.9413079410595867,0.8571428571428571,0.0,0.07109308633852948,0.0,ahead_vae,ahead,False,0.06580442190170288,1.6006367206573486,2.059027671813965,1.131805181503296,vae_candidate_pool_v1,belief_limited_heuristic_v1,182
VAE000025,vae_candidate_000025,0.806238516739104,1978.53759765625,1037.26220703125,2353.868803932157,-2.660988628146019,-0.010658060648763911,5.598977994589062,37,8271.477525890663,2475.774153013977,1.8067896969862294,-0.49126208609253813,8461.197040053718,0.6222700885973174,0.9995977959812223,0.906278679711445,0.4717390930845361,1.0,0.22584871212327867,0.875503108685164,0.8809523809523809,0.0,0.0741657700922503,0.0,ahead_vae,ahead,False,0.055446308106184006,0.8874381184577942,2.5909335613250732,1.7860039472579956,vae_candidate_pool_v1,belief_limited_heuristic_v1,183
VAE000816,vae_candidate_000816,0.80557940466932,265.72259521484375,1092.6016845703125,1097.7680478428151,-1.81427281066095,0.08739576298317073,4.448147726039091,37,8312.219649152461,2472.7981321998886,1.8000975846938039,-1.2399240799456723,5039.046825037793,0.486939814349915,0.7257362437010558,0.9418844637738986,0.9457593381723219,1.0,0.22501219808672548,0.8821568887409661,0.8809523809523809,1.0,0.0982877780438821,0.0982877780438821,inside_convoy_envelope,inside,True,0.05636558681726456,1.5339981317520142,2.0626866817474365,1.2619483470916748,vae_candidate_pool_v1,belief_limited_heuristic_v1,184
VAE000536,vae_candidate_000536,0.805321710022262,-68.50628662109375,-891.261474609375,1063.7715673078646,1.5027344435667838,-0.008767573995920583,4.67669805594712,39,8246.406077431524,2423.203359455672,1.9516863633587216,1.630090636027089,2907.6233238443338,0.1042102925081867,0.7135342474987935,0.9972875098223464,0.9982426074258107,0.6922912675819842,0.2439607954198402,0.9982571092487642,0.9285714285714286,1.0,0.1005239407534927,0.1005239407534927,inside_convoy_envelope,inside,True,0.09091124683618546,1.63015615940094,2.4909958839416504,1.7516095638275146,vae_candidate_pool_v1,belief_limited_heuristic_v1,185
VAE001007,vae_candidate_001007,0.8038758547792885,-2630.9521484375,2639.73193359375,3654.7482681451993,-0.7754856810172783,0.024695615211341657,5.142379129313538,37,8139.384599205191,2438.9137190126585,1.8638618421561568,-2.341411357361173,7419.582850564183,0.22991372855791314,0.7425857957815611,0.9868430296658428,0.7174823894085443,1.0,0.2329827302695196,0.9907114479819171,0.8809523809523809,0.0,0.07000676335302544,0.0,astern_vae,astern,False,0.0956965833902359,0.8050894737243652,2.943314790725708,1.9399113655090332,vae_candidate_pool_v1,belief_limited_heuristic_v1,186
VAE000345,vae_candidate_000345,0.8026975879955197,2439.759521484375,-2238.749267578125,3363.0119221813707,2.396340183744601,-0.029183913990723065,4.986930190686699,35,8156.078319469601,2312.6587580827795,1.8555604242864567,0.7160685558544702,7670.966730412385,0.454513062079716,0.8391965022705189,0.9492374562712774,0.6564239015514061,1.0,0.2319450530358071,0.905540091075621,0.8333333333333334,0.0,0.07251623467205297,0.0,ahead_vae,ahead,False,0.05977770313620567,2.228883981704712,2.5743467807769775,1.3963069915771484,vae_candidate_pool_v1,belief_limited_heuristic_v1,187
VAE000424,vae_candidate_000424,0.8026932244324491,-2224.72216796875,-869.5437622070312,2304.585571298142,0.3789025543737095,0.013157238629538355,5.030495248932109,37,8234.905324432473,2441.3415081904973,1.840409974720796,2.7758473378456223,8563.362375062814,0.1557324374439791,0.9982805134345427,0.9939490960012128,0.3576454124167847,1.0,0.2300512468400995,0.8296100799691374,0.8809523809523809,0.0,0.0749568559919517,0.0,astern_vae,astern,False,0.04954963177442551,1.0019831657409668,2.9715096950531006,1.6174412965774536,vae_candidate_pool_v1,belief_limited_heuristic_v1,188
VAE000643,vae_candidate_000643,0.8022544476473501,-2520.427490234375,607.7369995117188,2484.0627874492993,-0.2530597195634146,0.04271045509815016,5.023316713408521,36,8169.959619719066,2352.109505549948,1.8733764381634639,-2.8458224789282283,8500.788170262253,0.12277246308165829,0.9986650596463602,0.9962364614844976,0.2914766685880078,1.0,0.23417205477043299,0.9765973905428077,0.8571428571428571,0.0,0.07509885509478997,0.0,astern_vae,astern,False,0.10069552063941956,1.4080942869186401,2.0862209796905518,1.2309974431991577,vae_candidate_pool_v1,belief_limited_heuristic_v1,189
VAE001129,vae_candidate_001129,0.801458202978775,-2652.74169921875,1633.6739501953125,3180.054264504465,-0.5783563866859516,-0.017200167818509658,5.131705669892644,35,8232.782174748185,2377.368890048457,1.7882360433372426,-2.580436434722351,8235.35940390237,0.2416829110719093,0.8913434547026736,0.9854682835763269,0.5321654549915209,1.0,0.22352950541715533,0.8703153706603701,0.8333333333333334,0.0,0.07195990025004687,0.0,astern_vae,astern,False,0.05474291369318962,1.662271499633789,1.5157523155212402,1.5637977123260498,vae_candidate_pool_v1,belief_limited_heuristic_v1,190
VAE000651,vae_candidate_000651,0.8013645628681084,-2293.62060546875,2668.659423828125,3508.718954131336,-0.8623903235028432,-0.023899176098473723,4.998197325076812,34,8309.298759843516,2369.2620138534976,1.7270362417264817,-2.3031015061854236,7317.344242237672,0.37639809131259455,0.7926497279001374,0.9649973151128164,0.7436351696951723,1.0,0.21587953021581022,0.8434261340889314,0.8095238095238095,0.0,0.07127397140728978,0.0,astern_vae,astern,False,0.05125564709305763,1.3479599952697754,1.5067611932754517,1.796534538269043,vae_candidate_pool_v1,belief_limited_heuristic_v1,191
VAE000818,vae_candidate_000818,0.8009291321480593,-351.3533935546875,980.1088256835938,1043.4305727059582,-1.2524263927177472,-0.029966805684325356,5.379362209154323,36,8338.378851474616,2517.1601991398707,1.7151812536831763,-1.9191330665563713,5212.163757678654,0.3052266779540851,0.7061842257589878,0.9768894291100095,0.9399417415171366,1.0,0.21439765671039704,0.850887567261296,0.8571428571428571,1.0,0.10072156606699756,0.10072156606699756,inside_convoy_envelope,inside,True,0.05219931900501251,1.6261287927627563,2.948458671569824,1.1555187702178955,vae_candidate_pool_v1,belief_limited_heuristic_v1,192
VAE000174,vae_candidate_000174,0.8008807517106447,-1326.449951171875,780.0379028320312,1584.4644220904217,-0.5330961377246628,-0.009372164853264574,5.0631051632610315,37,8229.78546288629,2444.182965846626,1.839414039675669,-2.617868680718395,8349.044530835683,0.25700095516030713,0.8818551522657814,0.9835783135491902,0.500108420100116,1.0,0.22992675495945863,0.9912143431390663,0.8809523809523809,0.0,0.0834106976709219,0.0,astern_vae,astern,False,0.07906876504421234,1.7403833866119385,1.5247249603271484,1.1393918991088867,vae_candidate_pool_v1,belief_limited_heuristic_v1,193
VAE000527,vae_candidate_000527,0.800867306595074,-682.5307006835938,-901.6813354492188,1147.4863930828706,0.9543664183225906,-0.0031254719609448405,4.994698963854487,33,8311.76868081258,2413.7400513169046,1.6448639975231156,2.1841007633062577,6757.865227718142,0.11125431345358205,0.743372719014421,0.9969088098482883,0.8177505421516996,1.0,0.20560799969038945,0.9415894840776345,0.7857142857142857,1.0,0.09657593435771383,0.09657593435771383,inside_convoy_envelope,inside,True,0.06585754454135895,1.1787223815917969,2.409053325653076,1.8543634414672852,vae_candidate_pool_v1,belief_limited_heuristic_v1,194
VAE001203,vae_candidate_001203,0.8001178669616219,-1797.083740234375,-3176.60595703125,3815.8394802953767,1.0543117884743134,-0.002987424827462675,4.815170265041971,35,8240.625628534912,2309.2250321012702,1.8392535507112517,2.0842934402880164,6059.421197204574,0.3949995599078977,0.6845855434200339,0.9614983668570363,0.8710319631472847,1.0,0.22990669383890647,0.9315340881673471,0.8333333333333334,0.0,0.07167434218676004,0.0,astern_vae,astern,False,0.06402628868818283,1.7549842596054077,2.9138870239257812,1.1680071353912354,vae_candidate_pool_v1,belief_limited_heuristic_v1,195
VAE000843,vae_candidate_000843,0.8000970270467488,499.64019775390625,-999.7461547851562,1172.9190789354955,2.036110057049119,0.0458293754833252,5.064462916711873,35,8400.536047532203,2494.8244184785613,1.6700176397909792,1.151311972023999,5699.971548230071,0.5899925631365597,0.7522875898230872,0.915472408329068,0.9132990786446199,1.0,0.2087522049738724,0.8784299688758378,0.8333333333333334,1.0,0.0946431151144142,0.0946431151144142,inside_convoy_envelope,inside,True,0.055848222225904465,1.0893445014953613,1.5244505405426025,1.9218511581420898,vae_candidate_pool_v1,belief_limited_heuristic_v1,196
VAE000720,vae_candidate_000720,0.7988194497220765,2676.93603515625,-1369.94873046875,2978.405137112794,2.680981185210928,0.008368530511687344,4.724854046624587,34,8276.471740437302,2378.9166218965265,1.7268493828250546,0.46897999889055186,8458.073937116162,0.4934974558145786,0.9387158647057832,0.9403407361437401,0.45197664930171294,1.0,0.21585617285313183,0.9996220162717407,0.8095238095238095,0.0,0.0725393346174665,0.0,ahead_vae,ahead,False,0.08896324038505554,0.6408220529556274,2.006535530090332,1.8817479610443115,vae_candidate_pool_v1,belief_limited_heuristic_v1,197
VAE000606,vae_candidate_000606,0.7975882306581039,-2762.300048828125,2856.913818359375,3710.9201509474565,-0.8142237509444135,-0.03985551691219278,4.869058398520541,39,8453.813847275473,2534.465443151977,1.8202270015855413,-2.3672244195575725,7815.580226922215,0.23490487611310729,0.7226282082675236,0.9862682429312515,0.699264588842428,1.0,0.22752837519819266,0.9982236989076838,0.9285714285714286,0.0,0.06853054206385732,0.0,astern_vae,astern,False,0.08358687907457352,0.8278619647026062,1.9960728883743286,1.931203842163086,vae_candidate_pool_v1,belief_limited_heuristic_v1,198
VAE001200,vae_candidate_001200,0.797427969259114,2207.98876953125,3000.767333984375,3810.1706922546764,-2.1721287122679294,-0.01021708473170707,5.0219299519225125,34,8218.236349663517,2488.7514505444715,1.662335822576239,-0.9796810260535708,6646.379016770186,0.2374787142702144,0.6866618608917509,0.9859671015591656,0.8303196525657722,1.0,0.20779197782202988,0.9309400666647254,0.8095238095238095,0.0,0.06902018600388758,0.0,ahead_vae,ahead,False,0.06392201036214828,1.7384449243545532,2.4927425384521484,1.1005033254623413,vae_candidate_pool_v1,belief_limited_heuristic_v1,199
VAE001100,vae_candidate_001100,0.7973417709675297,-2439.256591796875,-812.6583251953125,2446.8108247137066,0.29591104162391657,0.03022310233766886,4.971740372705635,37,8258.494011758221,2330.3709523690186,1.9225418733468846,2.875904714303546,8580.613554941765,0.2531688654632661,0.9995858602010492,0.9840617841984463,0.26257313116772707,1.0,0.24031773416836058,0.9952817493250092,0.8809523809523809,0.0,0.07561251227430886,0.0,astern_vae,astern,False,0.09326784312725067,2.4277098178863525,1.5042436122894287,1.0721017122268677,vae_candidate_pool_v1,belief_limited_heuristic_v1,200
VAE000112,vae_candidate_000112,0.7971299331321039,-2408.474609375,-612.0397338867188,2523.5177108556923,0.28619485261217664,0.000384570934281398,5.337344037129038,38,8159.448254630727,2614.8981163340277,1.7810168645007083,2.8557823719118987,8565.679350857321,0.17415903468365362,0.9971201048024906,0.9924363047911213,0.28193495516647443,1.0,0.22262710806258854,0.9157660423575575,0.9047619047619048,0.0,0.07149251308445402,0.0,astern_vae,astern,False,0.06137987598776817,0.6312564015388489,2.968106746673584,1.6263428926467896,vae_candidate_pool_v1,belief_limited_heuristic_v1,201
VAE000618,vae_candidate_000618,0.7967488967588742,-2021.178466796875,2909.7587890625,3721.690361270015,-0.9907832551520325,-0.03206424606544026,5.106121745053946,38,8295.636457219685,2712.5239541575265,1.6887303279796941,-2.182873644503201,6986.496758132438,0.4657805423857383,0.7187653687066035,0.9467356401801112,0.8184562224900271,1.0,0.21109129099746177,0.8727584900495623,0.9047619047619048,0.0,0.06644157816120307,0.0,astern_vae,astern,False,0.05507277697324753,1.6212190389633179,2.025771141052246,1.5331335067749023,vae_candidate_pool_v1,belief_limited_heuristic_v1,202
VAE000526,vae_candidate_000526,0.7966893136831465,22.615631103515625,-3818.636962890625,3793.8740321036107,1.559940271777762,-0.013730779132845828,4.8755715887412086,34,8225.528067623965,2399.5970285091475,1.7225697366533723,1.5679216026791851,2423.233204666296,0.25131940856203827,0.6926191397653573,0.9842925757715555,0.9999958679834748,0.5769602868253085,0.21532121708167154,0.9830667650312197,0.8095238095238095,1.0,0.0703084974651362,0.0703084974651362,inside_convoy_envelope,inside,True,0.07586215436458588,1.6107537746429443,2.6625356674194336,1.5332567691802979,vae_candidate_pool_v1,belief_limited_heuristic_v1,203
VAE000352,vae_candidate_000352,0.7963741241916178,-2688.899658203125,-2437.028564453125,3662.637221486608,0.7340366135809744,0.012111433298485354,4.6271535928701635,39,8170.316641847166,2433.520137020581,1.961511120777302,2.4196674733073045,7740.252887878444,0.09243988836836316,0.7398032320121269,0.997865237561733,0.6608308106987824,1.0,0.24518889009716274,0.9615670861393439,0.9285714285714286,0.0,0.07006059708324885,0.0,astern_vae,astern,False,0.10454234480857849,0.7794180512428284,2.037431001663208,1.073948860168457,vae_candidate_pool_v1,belief_limited_heuristic_v1,204
VAE001065,vae_candidate_001065,0.7953171323486867,-2605.25927734375,3106.681884765625,3824.2197679175806,-0.8567397740981707,0.015274319017991632,5.289319306111206,36,8123.118048321024,2498.240762388797,1.7739666293941212,-2.2695785604736307,7138.204977610747,0.12735485874718655,0.681512407532317,0.9959506625344956,0.765626126580541,1.0,0.22174582867426515,0.9969521517071188,0.8571428571428571,0.0,0.06889421344198755,0.0,astern_vae,astern,False,0.09208788722753525,2.1447513103485107,1.5179572105407715,1.9217000007629395,vae_candidate_pool_v1,belief_limited_heuristic_v1,205
VAE000917,vae_candidate_000917,0.7948191412860973,-719.3822631835938,3753.133544921875,3859.2078977395913,-1.3989539709475691,0.0103157557312163,5.2531014470903745,36,8314.346207356324,2343.650745317972,1.8474874776613655,-1.7323229269110076,3650.2989915583407,0.6069061318680099,0.6686384152200416,0.9107082342780572,0.9869829179071049,0.8691188075138907,0.23093593470767068,0.8973876003287945,0.8571428571428571,1.0,0.0710354739918574,0.0710354739918574,inside_convoy_envelope,inside,True,0.058552294969558716,0.7614388465881348,1.4839922189712524,1.1233329772949219,vae_candidate_pool_v1,belief_limited_heuristic_v1,206
VAE000910,vae_candidate_000910,0.7944744473403814,-468.44598388671875,901.7621459960938,1013.7672162997071,-1.1115926515816317,0.030296329268445003,4.833611480446788,37,8308.696370250336,2440.4600389756206,1.8247237921351438,-1.9997036727397164,5674.803666693662,0.10694554840750237,0.6954061394842915,0.9971433866506385,0.9094207025531938,1.0,0.22809047401689297,0.8129222614678722,0.8809523809523809,1.0,0.10315038129552188,0.10315038129552188,inside_convoy_envelope,inside,True,0.04755113273859024,1.6385765075683594,2.3471689224243164,1.6129668951034546,vae_candidate_pool_v1,belief_limited_heuristic_v1,207
VAE000210,vae_candidate_000210,0.7937644098141664,-1300.576904296875,-817.0281982421875,1550.165261921076,0.5450054490614467,-0.06490052381728635,5.086941850153194,36,8299.764003096945,2443.290029733946,1.7752590456868795,2.531686680711061,8202.825196252445,0.2599716022798364,0.872384208247966,0.9831986391232106,0.5727903884246349,1.0,0.22190738071085994,0.8002390611599484,0.8571428571428571,0.0,0.08408737247407756,0.0,astern_vae,astern,False,0.04607107490301132,2.3761236667633057,2.429067850112915,1.3172155618667603,vae_candidate_pool_v1,belief_limited_heuristic_v1,208
VAE000417,vae_candidate_000417,0.79317924305143,-2055.242919921875,527.6209106445312,2176.6048753366395,-0.25473685571383464,0.022577877108750585,4.959329877865704,35,8331.75688446873,2221.995335817722,1.8905506293579177,-2.8642779207672078,8621.758763879845,0.21920814773657882,0.9906104501317325,0.9880349744875261,0.2737739646886686,1.0,0.23631882866973972,0.9884360494398936,0.8333333333333334,0.0,0.07912990896513208,0.0,astern_vae,astern,False,0.09667803347110748,1.8642425537109375,2.9614388942718506,1.5385857820510864,vae_candidate_pool_v1,belief_limited_heuristic_v1,209
VAE001163,vae_candidate_001163,0.7929690912167188,2715.64892578125,1003.9418334960938,2947.6970395794,-2.7658943021135713,0.0022805388550342053,5.5992053797462855,36,8361.51172316582,2405.2021616318993,1.7900539170597827,-0.37341781262118756,8662.703592017919,0.31728249395095215,0.9448723018306238,0.9750433742941672,0.3647998338370045,1.0,0.22375673963247283,0.957466813532934,0.8571428571428571,0.0,0.072241254193657,0.0,ahead_vae,ahead,False,0.10545983910560608,2.2471582889556885,1.9270250797271729,1.0762195587158203,vae_candidate_pool_v1,belief_limited_heuristic_v1,210
VAE001083,vae_candidate_001083,0.7928813907001439,2677.050048828125,-1477.1199951171875,3156.41661841438,2.6641571281218264,0.026602236959081187,5.085211072116446,34,8305.59643289371,2416.7825261794524,1.6938327272176505,0.5040377624270482,8439.930787467316,0.3884335230856899,0.8974840382969652,0.9627517405976717,0.4829650907128185,1.0,0.21172909090220632,0.9418317060280276,0.8095238095238095,0.0,0.07143348052080384,0.0,ahead_vae,ahead,False,0.10862958431243896,2.3472096920013428,1.931604266166687,1.866809368133545,vae_candidate_pool_v1,belief_limited_heuristic_v1,211
VAE000228,vae_candidate_000228,0.7928277300575748,-1387.36572265625,3712.306396484375,4061.123552562063,-1.1777568427508505,-0.01286253409543894,5.061076479373623,37,8332.221650276613,2355.457582103482,1.8852355557140705,-1.9766983449343816,5454.026784352753,0.32976107510431796,0.5935625066517508,0.9730598692359713,0.9187466112371127,1.0,0.23565444446425882,0.9999982886637485,0.8809523809523809,0.0,0.07055163951565957,0.0,astern_vae,astern,False,0.08715230226516724,1.310784101486206,2.4778122901916504,1.687676191329956,vae_candidate_pool_v1,belief_limited_heuristic_v1,212
VAE000990,vae_candidate_000990,0.7923759153680358,-2645.455810546875,-631.1424560546875,2679.705434565559,0.24592825671434074,-0.01244541513890587,4.91512721743714,36,8309.103806660793,2320.142396176963,1.867384183276331,2.883218981736547,8626.114248181882,0.16632241882850382,0.9853195742652961,0.9931001412573045,0.2555085453811434,1.0,0.23342302290954137,0.9918542040716896,0.8571428571428571,0.0,0.07457319933845079,0.0,astern_vae,astern,False,0.09515872597694397,1.8022139072418213,1.4925734996795654,1.129654049873352,vae_candidate_pool_v1,belief_limited_heuristic_v1,213
VAE000588,vae_candidate_000588,0.7921577103073534,1614.7802734375,977.9664916992188,1799.891824335817,-2.6041056127172637,0.01807332407813501,5.248801047438785,33,8187.015201676444,2228.24883288907,1.808942054324888,-0.5194137167943944,8213.271265998184,0.3813208789038085,0.9341880981270704,0.9640869422828379,0.49637126466653186,1.0,0.226117756790611,0.8135008683514443,0.7857142857142857,0.0,0.08291554185084901,0.0,ahead_vae,ahead,False,0.12691351771354675,1.158832311630249,1.52974271774292,1.379292368888855,vae_candidate_pool_v1,belief_limited_heuristic_v1,214
VAE000691,vae_candidate_000691,0.7913502585610447,727.091796875,922.734619140625,1185.4432173949224,-2.2508988226286113,0.013472819742097615,5.152224716760911,36,8104.59732104621,2493.36841329155,1.781494991320482,-0.8772210112190842,7098.506239410034,0.12445596871521225,0.7566488616487873,0.99613267367549,0.7689652691755692,1.0,0.22268687391506026,0.804519964606942,0.8571428571428571,1.0,0.09419544466723428,0.09419544466723428,inside_convoy_envelope,inside,True,0.04656720533967018,0.8631226420402527,2.9492170810699463,1.4769192934036255,vae_candidate_pool_v1,belief_limited_heuristic_v1,215
VAE001119,vae_candidate_001119,0.7895203644630727,-2358.6826171875,-654.4478759765625,2482.404935450698,0.26328400860731327,0.01805066498861405,5.266996740025493,36,8247.134336045912,2487.6926444392566,1.754699328774061,2.8963593099710945,8604.354567241355,0.03645175957566901,0.9987171612760812,0.999667854086111,0.2427826935370573,1.0,0.21933741609675764,0.9212917482013387,0.8571428571428571,0.0,0.07322873022031869,0.0,astern_vae,astern,False,0.06228042393922806,1.9270761013031006,2.4689059257507324,1.0615334510803223,vae_candidate_pool_v1,belief_limited_heuristic_v1,216
VAE000479,vae_candidate_000479,0.7892971753694425,2315.75390625,-807.0333251953125,2492.7448389450165,2.762240993931557,-0.026214570025891053,4.966800472795084,36,8131.528344149817,2380.2188953257155,1.860002046649276,0.35313708963234564,8452.933244841293,0.6060498537813891,0.9983753089259431,0.9109522637238142,0.34584301173618226,1.0,0.2325002558311595,0.9487545066486038,0.8571428571428571,0.0,0.0746520686050881,0.0,ahead_vae,ahead,False,0.10728174448013306,1.6517088413238525,2.5163872241973877,1.3036772012710571,vae_candidate_pool_v1,belief_limited_heuristic_v1,217
VAE000774,vae_candidate_000774,0.7892260948548923,1574.9267578125,-3555.82421875,3805.019823281754,1.99343836009299,-0.07681749266615424,4.623794926589652,35,8389.351666980789,2325.714271995273,1.7938382768174592,1.0713368008306496,6059.698319044839,0.42783577374867754,0.6885466853822858,0.954932911482173,0.877841550757174,1.0,0.2242297846021824,0.7886262014897147,0.8333333333333334,0.0,0.07138896102800814,0.0,ahead_vae,ahead,False,0.04474137723445892,2.2637991905212402,2.4552834033966064,1.3078017234802246,vae_candidate_pool_v1,belief_limited_heuristic_v1,218
VAE000154,vae_candidate_000154,0.7890219002411584,2421.38671875,-2756.47998046875,3697.4891553591765,2.268238791357122,-0.03065518156059931,4.004689837960912,32,8078.230605474505,2422.9689681999644,1.6348799950738169,0.8426986806720722,7184.270388194513,0.030312891679766807,0.7274297649281452,0.9997702997390608,0.7464416752412634,1.0,0.2043599993842271,0.8581071308497901,0.7619047619047619,0.0,0.07017260353772692,0.0,ahead_vae,ahead,False,0.05312906205654144,2.2996013164520264,2.824819564819336,1.860595703125,vae_candidate_pool_v1,belief_limited_heuristic_v1,219
VAE000465,vae_candidate_000465,0.7887843443160117,2985.267822265625,1161.0458984375,3086.6501242280597,-2.7771685830639115,-0.0460461865827974,4.706843516860277,38,8145.0890469908045,2494.2939361320305,1.8704242698217597,-0.41047025710867907,8463.827620283435,0.1913517118681205,0.9147282606946961,0.9908740276315873,0.3990405664803932,1.0,0.23380303372771996,0.8480139231894211,0.9047619047619048,0.0,0.0706189255561088,0.0,ahead_vae,ahead,False,0.05183389037847519,1.3945573568344116,2.4834277629852295,1.4691646099090576,vae_candidate_pool_v1,belief_limited_heuristic_v1,220
VAE000279,vae_candidate_000279,0.7884723491574146,2677.7998046875,2951.273681640625,3914.38252603751,-2.268071974234024,-0.10069328874751851,4.7808222805681435,34,8120.134129525076,2563.4154927904037,1.633415638381956,-0.9742139681032875,6682.653891655766,0.23955644248236707,0.6482192064634527,0.9857216570416907,0.8272605365269771,1.0,0.2041769547977445,0.9690478671988798,0.8095238095238095,0.0,0.06790261066978784,0.0,ahead_vae,ahead,False,0.07179264724254608,1.4228384494781494,1.9480420351028442,1.6172479391098022,vae_candidate_pool_v1,belief_limited_heuristic_v1,221
VAE000908,vae_candidate_000908,0.7882365179640526,2243.1015625,-759.15625,2444.0654662890893,2.7715276925878984,0.011020341998920474,5.121464455038121,40,8064.872309219175,2353.62157830828,2.1072975325870664,0.38108530300081456,8361.68876995038,0.7843459600480347,0.9996330039721366,0.8539252048713101,0.37192813328050034,1.0,0.2634121915733833,0.9595649575959276,0.9523809523809523,0.0,0.07533026864014734,0.0,ahead_vae,ahead,False,0.06953713297843933,2.0235652923583984,1.996703863143921,1.8799407482147217,vae_candidate_pool_v1,belief_limited_heuristic_v1,222
VAE001031,vae_candidate_001031,0.7879967152560322,-2918.36083984375,1938.52783203125,3547.749019560232,-0.5885136473488985,0.0010166912366291149,4.763540970198143,37,8424.890190741677,2462.2151748801416,1.7836575293553651,-2.552062315004265,8371.704135334592,0.1383362664872306,0.7795626118012768,0.995223394099332,0.5559707007908736,1.0,0.22295719116942064,0.9997680744587722,0.8809523809523809,0.0,0.06981850684779442,0.0,astern_vae,astern,False,0.08593739569187164,0.9690061211585999,2.0143702030181885,1.7310876846313477,vae_candidate_pool_v1,belief_limited_heuristic_v1,223
VAE000485,vae_candidate_000485,0.7879410978862688,2565.107666015625,2544.569580078125,3611.1120970571346,-2.3796702934865612,0.02357420085348927,4.8845711081811825,36,8281.112875367351,2451.1048252981955,1.77358460969179,-0.7383481592497426,7774.314943690579,0.05416504520073406,0.757844948852679,0.999266716274737,0.6730671598014606,1.0,0.22169807621147375,0.8211762642467243,0.8571428571428571,0.0,0.06988170506119591,0.0,ahead_vae,ahead,False,0.048531800508499146,1.6549636125564575,2.5469939708709717,1.6498981714248657,vae_candidate_pool_v1,belief_limited_heuristic_v1,224
VAE000537,vae_candidate_000537,0.7873920834654335,-2712.848876953125,2025.7242431640625,3317.5836900387208,-0.6308913130528071,-0.018520394113078847,5.511076830014176,36,8314.821253321032,2520.151297115393,1.7179992459973092,-2.529221734650065,8252.52030704874,0.1094390791009201,0.852859337767253,0.9970087592656764,0.5748091671725066,1.0,0.21474990574966366,0.690688075764108,0.8571428571428571,0.0,0.06959472142943958,0.0,astern_vae,astern,False,0.03417954221367836,2.385664939880371,1.9435384273529053,1.0541008710861206,vae_candidate_pool_v1,belief_limited_heuristic_v1,225
VAE001022,vae_candidate_001022,0.7868845255179266,-2798.218505859375,-2382.728271484375,3568.9269599661,0.6507668159757113,-0.021110129744531414,5.360729743021365,31,8213.569784177333,2530.96869013154,1.491224292384546,2.469715707869551,8003.806089939037,0.1177594542436069,0.7723659356695132,0.9965371821681843,0.6224560830506708,1.0,0.18640303654806825,0.9766177873576968,0.7380952380952381,0.0,0.06891048944044202,0.0,astern_vae,astern,False,0.100689597427845,0.6766312122344971,2.5008046627044678,1.5694103240966797,vae_candidate_pool_v1,belief_limited_heuristic_v1,226
VAE000461,vae_candidate_000461,0.7848756234755051,456.5287780761719,-4006.54541015625,4092.0381330913087,1.6599590209968722,-0.07307398749708685,5.3824347755433015,35,8250.00768399926,2512.006443095267,1.6888572490413725,1.4085596450958342,3811.610032145524,0.29681361526880234,0.5820444178094343,0.9781366394110523,0.9868684701335221,0.9075261981298867,0.21110715613017156,0.855840958105389,0.8333333333333334,1.0,0.06827269143887145,0.06827269143887145,inside_convoy_envelope,inside,True,0.0528353676199913,1.043521523475647,2.5344250202178955,1.8812404870986938,vae_candidate_pool_v1,belief_limited_heuristic_v1,227
VAE000367,vae_candidate_000367,0.7842769921406325,-1527.45263671875,795.1793212890625,1702.6209750525277,-0.5135659543017501,-0.05112978908114768,5.395687318295131,32,8293.29086765577,2272.0711721889134,1.6982481469123363,-2.6791564883691903,8435.87097548803,0.04433430008286676,0.9121642047586933,0.999508697939368,0.44612971934320256,1.0,0.21228101836404203,0.8344366041168002,0.7619047619047619,0.0,0.08362155424075791,0.0,astern_vae,astern,False,0.0501398891210556,0.7804214954376221,2.4073052406311035,1.3609886169433594,vae_candidate_pool_v1,belief_limited_heuristic_v1,228
VAE001054,vae_candidate_001054,0.783387506498504,-2875.593994140625,1060.4837646484375,3144.49049388338,-0.3713669179898504,-0.05039695254563428,5.096859591261613,38,8336.778654808199,2515.9618144588294,1.811679125263157,-2.820622688145577,8704.771734855007,0.016871557648648616,0.9005260381916488,0.9999288393236384,0.3154871380484259,1.0,0.22645989065789462,0.9988596232399174,0.9047619047619048,0.0,0.07011419625349047,0.0,astern_vae,astern,False,0.09021424502134323,1.8855140209197998,2.3703765869140625,1.152947187423706,vae_candidate_pool_v1,belief_limited_heuristic_v1,229
VAE001015,vae_candidate_001015,0.7831241922791812,-2284.950927734375,-647.7071533203125,2409.059866977132,0.2569480446870155,-0.05607187355684774,5.281005555282073,36,8299.794604536497,2429.507141957058,1.785323722372438,2.8285727353459302,8644.616724750415,0.46131132337104763,0.9999844838274388,0.9477347838761211,0.30793321054194017,1.0,0.22316546529655476,0.8476376502312074,0.8571428571428571,0.0,0.07441490383790576,0.0,astern_vae,astern,False,0.05178622901439667,2.304457664489746,2.5712428092956543,1.4995403289794922,vae_candidate_pool_v1,belief_limited_heuristic_v1,230
VAE001048,vae_candidate_001048,0.782550839646744,-2029.871826171875,767.294677734375,1981.362908706177,-0.3434659044004975,-0.03830934056535009,4.759073548543002,35,8200.412824789166,2422.9367374010885,1.7615308492616024,-2.8364360897546455,8549.506337689134,0.007908128472881748,0.9674129131665671,0.9999843654574945,0.3004425094652611,1.0,0.2201913561577003,0.8558269466448942,0.8333333333333334,0.0,0.07798614584591139,0.0,astern_vae,astern,False,0.05283355712890625,0.8081653118133545,1.9836114645004272,1.642204761505127,vae_candidate_pool_v1,belief_limited_heuristic_v1,231
VAE000539,vae_candidate_000539,0.782446649699118,2554.168701171875,-1078.766357421875,2798.9009953111645,2.771868037745817,0.0061431378264699505,5.308011634362266,32,8165.115659505599,2274.8102651825657,1.7228301285817404,0.37586775367044667,8430.141334526234,0.579106177840683,0.9703681203876677,0.9184760758279855,0.3670798424880607,1.0,0.21535376607271756,0.9731059986919336,0.7619047619047619,0.0,0.0748311367983788,0.0,ahead_vae,ahead,False,0.10167527943849564,1.5454586744308472,2.953169822692871,1.2497621774673462,vae_candidate_pool_v1,belief_limited_heuristic_v1,232
VAE000944,vae_candidate_000944,0.7814053065729791,2944.010009765625,-1973.328857421875,3539.0482099660867,2.558400914103627,0.021276932139922624,5.176228892016765,34,8356.860911829903,2389.7399187235314,1.7024920980399083,0.604468671626089,8234.208982893459,0.2993853997780671,0.7825002591002695,0.9777589677337556,0.5683249772938254,1.0,0.21281151225498854,0.9891726542286013,0.8095238095238095,0.0,0.07089207999548383,0.0,ahead_vae,ahead,False,0.09637165814638138,1.0207996368408203,2.4835562705993652,1.503320336341858,vae_candidate_pool_v1,belief_limited_heuristic_v1,233
VAE001178,vae_candidate_001178,0.7813094825644256,2890.46142578125,-2361.24755859375,3693.147534172217,2.4592403370880334,0.017054720766259128,5.187566646994765,39,8199.292216688642,2179.9724180644425,2.1819120644552643,0.699407037268019,7677.683471342313,0.4111534363041436,0.7289780667118255,0.958330221186381,0.6437640510963486,1.0,0.27273900805690804,0.9646399320542838,0.9285714285714286,0.0,0.07414918939455448,0.0,ahead_vae,ahead,False,0.070708729326725,0.6993760466575623,2.954119920730591,1.5885707139968872,vae_candidate_pool_v1,belief_limited_heuristic_v1,234
VAE000105,vae_candidate_000105,0.7811947444926208,3188.612548828125,1085.619140625,3215.439895767567,-2.8379929341619374,-0.0598040797745085,4.6602053020164425,39,8034.872045007966,2401.837323717405,2.020887104699724,-0.3634037992023642,8363.88509257106,0.32420698213052823,0.8818811674143182,0.97395182299166,0.35545779128963273,1.0,0.2526108880874655,0.9979048885439349,0.9285714285714286,0.0,0.07155477245718773,0.0,ahead_vae,ahead,False,0.09126295149326324,1.5730218887329102,2.394543170928955,1.8887828588485718,vae_candidate_pool_v1,belief_limited_heuristic_v1,235
VAE001028,vae_candidate_001028,0.7809259199786129,-407.45697021484375,-716.1692504882812,885.6428535494246,1.0597408991733854,-0.026175947971127694,4.906738171422016,36,8413.969419378935,2512.447559339999,1.7029604650475212,2.0556758064452807,6144.6063112670745,0.1925292719765972,0.648228625703694,0.9907617095353434,0.8847311302778467,1.0,0.21287005813094015,0.9964246990779118,0.8571428571428571,1.0,0.11149872046218812,0.11149872046218812,inside_convoy_envelope,inside,True,0.09248913079500198,1.7560434341430664,1.5603536367416382,1.8093833923339844,vae_candidate_pool_v1,belief_limited_heuristic_v1,236
VAE000017,vae_candidate_000017,0.7808506873362085,-2924.256103515625,-2160.740966796875,3621.437593628033,0.6782510936544568,0.0732336506856651,4.545323536114358,37,8339.087249110049,2367.1287728583047,1.8743958840989154,2.5365752106210016,8205.20105877241,0.10271973953139224,0.7542551779455137,0.9973644823553591,0.5687764230507945,1.0,0.23429948551236443,0.9656839106749487,0.8809523809523809,0.0,0.07107541099815749,0.0,astern_vae,astern,False,0.10357355326414108,0.7978635430335999,2.0834662914276123,1.0604908466339111,vae_candidate_pool_v1,belief_limited_heuristic_v1,237
VAE001210,vae_candidate_001210,0.7794713034357102,2966.83203125,-2350.052001953125,3729.6023572942345,2.4589375455657043,0.002367244833014879,4.684295605337784,36,8158.501402080937,2301.290989744903,1.9174346497190573,0.6850223528571038,7773.9880389307655,0.24672422744046418,0.7159208131646564,0.9848588304096502,0.6326903218366254,1.0,0.23967933121488216,0.9999851784382539,0.8571428571428571,0.0,0.07196808017097148,0.0,ahead_vae,ahead,False,0.08760242909193039,2.1707098484039307,2.467050313949585,1.4709248542785645,vae_candidate_pool_v1,belief_limited_heuristic_v1,238
VAE000560,vae_candidate_000560,0.7788147822016999,2115.349365234375,3528.916748046875,4120.134605850582,-2.0885780135019165,-0.016447543876163637,4.822003433435666,35,8407.881629196672,2507.8702520435236,1.6598788513167713,-1.0694621839640401,6240.050861393892,0.19092643228208583,0.5715911066578137,0.9909144243747751,0.876942158914101,1.0,0.2074848564145964,0.9920652273077778,0.8333333333333334,0.0,0.06824978585839728,0.0,ahead_vae,ahead,False,0.07947751134634018,1.2265510559082031,2.937549591064453,1.8950080871582031,vae_candidate_pool_v1,belief_limited_heuristic_v1,239
VAE000948,vae_candidate_000948,0.7784337020832083,1597.24462890625,890.9849243164062,1713.585314449964,-2.6181532511382914,-0.04251176849949089,4.8878106106787955,32,8024.620407150524,2550.2602287201926,1.5636551597982542,-0.5659511709509926,8140.910929308044,0.7571346701054451,0.9147841615615012,0.863403509879929,0.5362189218299763,1.0,0.19545689497478178,0.9560331039692618,0.7619047619047619,0.0,0.07999332499095561,0.0,ahead_vae,ahead,False,0.06876211613416672,2.3313732147216797,1.5005438327789307,1.3734686374664307,vae_candidate_pool_v1,belief_limited_heuristic_v1,240
VAE000854,vae_candidate_000854,0.7767795627150376,1645.160888671875,-3981.835693359375,4269.962365210218,1.9688868867633755,0.04676830556793861,5.025285907963687,37,8383.397416011016,2412.142313217417,1.8296951741048244,1.2194740723943565,5149.864035830478,0.17581428051413783,0.5163279826018459,0.9922922197970003,0.938918493665484,1.0,0.22871189676310305,0.9870361561069056,0.8809523809523809,0.0,0.0694132513890629,0.0,ahead_vae,ahead,False,0.07729797065258026,2.172565460205078,2.9569125175476074,1.3926082849502563,vae_candidate_pool_v1,belief_limited_heuristic_v1,241
VAE000297,vae_candidate_000297,0.7763177322111107,-2072.171875,-3187.547607421875,3829.476013722725,0.9899822950038979,0.06093363956569392,5.094465644485679,36,8334.818699113823,2455.764581891034,1.7588127768660895,2.2125439981515895,6956.384133007141,0.46110326100639043,0.6795827250158075,0.947781080829452,0.8010508321060306,1.0,0.2198515971082612,0.8354247381442129,0.8571428571428571,0.0,0.06941265193726769,0.0,astern_vae,astern,False,0.050261467695236206,2.1888251304626465,2.3540849685668945,1.4778186082839966,vae_candidate_pool_v1,belief_limited_heuristic_v1,242
VAE000458,vae_candidate_000458,0.7746143683636151,-845.5725708007812,3851.281494140625,4111.804105699668,-1.3870560158391314,-0.01494696800821733,5.470405757525695,35,8402.685458825896,2518.9196985518606,1.6536196139778718,-1.769483605758879,4127.907762319448,0.6387220039147706,0.5746886293044652,0.9014291580458663,0.9803265307329478,0.9828351815046305,0.20670245174723398,0.9083420437160555,0.8333333333333334,1.0,0.06811530546769072,0.06811530546769072,inside_convoy_envelope,inside,True,0.060209035873413086,1.8052904605865479,2.9489779472351074,1.1226171255111694,vae_candidate_pool_v1,belief_limited_heuristic_v1,243
VAE000967,vae_candidate_000967,0.7744591547866545,-1109.38623046875,-625.3826293945312,1443.3278582579082,0.5179009383534829,-0.004411155231313983,5.186879198309313,35,8144.9937049163655,2371.6889207083054,1.8118388452955432,2.6192805600049964,8242.206338331343,0.12117748831671515,0.8411294123164459,0.9963334939535182,0.49888528710958396,1.0,0.2264798556619429,0.8354692576418659,0.8333333333333334,1.0,0.0873669375874294,0.0873669375874294,inside_convoy_envelope,inside,True,0.05026695132255554,1.0226292610168457,1.9865857362747192,1.1025912761688232,vae_candidate_pool_v1,belief_limited_heuristic_v1,244
VAE000730,vae_candidate_000730,0.7737287718982919,-908.4099731445312,4241.47314453125,4251.9502250441665,-1.3170130748626672,0.045095179748971995,4.760853836357195,37,8303.282827938787,2145.050996086299,2.077371989136121,-1.779484398978154,3818.7570485768747,0.32221625803649045,0.5229129900112852,0.9742679633795119,0.9783035573158989,0.9092278687087797,0.2596714986420151,0.996184233297068,0.8809523809523809,0.0,0.07401778891497623,0.0,port_vae,port,False,0.09266223013401031,1.0364457368850708,2.945244550704956,1.6612988710403442,vae_candidate_pool_v1,belief_limited_heuristic_v1,245
VAE001198,vae_candidate_001198,0.7735818384932416,2134.224609375,3566.343017578125,4154.685109056587,-2.0978727478589545,0.00706011332016603,5.036321426928639,36,8268.636901282447,2637.2228921676538,1.650903706381551,-1.0366597924106726,6479.427077573948,0.08524243335967352,0.5587649187093101,0.9981845315955757,0.8607085387306546,1.0,0.20636296329769388,0.9684135933882237,0.8571428571428571,0.0,0.06661456980870481,0.0,ahead_vae,ahead,False,0.10290056467056274,1.2101430892944336,2.4217581748962402,1.4381413459777832,vae_candidate_pool_v1,belief_limited_heuristic_v1,246
VAE000622,vae_candidate_000622,0.7725983806904843,2323.217529296875,-1089.21044921875,2487.005844588736,2.7415303147910572,-0.008257398255420871,5.040880685016342,34,8539.119860049239,2620.6184286985012,1.5193646462773738,0.3918049405433151,8892.738784169793,0.8006552686538704,0.9985700182970095,0.8481182494229293,0.3818572007870313,1.0,0.18992058078467172,0.9001844392919821,0.8095238095238095,0.0,0.07154482021789522,0.0,ahead_vae,ahead,False,0.0589679516851902,1.4306747913360596,2.544844150543213,1.450900673866272,vae_candidate_pool_v1,belief_limited_heuristic_v1,247
VAE000989,vae_candidate_000989,0.771674066768193,2620.633056640625,-944.4761352539062,2682.140528381472,2.7826959152801782,-0.029732837794046875,5.147832878178958,36,8333.266929796344,2179.3587703199382,1.9822502300682148,0.3291639005155685,8590.36029812683,0.7319559157099307,0.9850647749588411,0.8719343185047317,0.32325192970821837,1.0,0.24778127875852685,0.942780886368429,0.8571428571428571,0.0,0.07691215082225188,0.0,ahead_vae,ahead,False,0.0660836398601532,0.8618544936180115,2.9502320289611816,1.4464831352233887,vae_candidate_pool_v1,belief_limited_heuristic_v1,248
VAE001168,vae_candidate_001168,0.7716160777117136,2986.54296875,-1942.33056640625,3642.1609114126236,2.5379346545383026,-0.001032044280349143,4.62776493715571,34,8370.131866068828,2286.2617686260787,1.7767268395553337,0.6026259547711412,8191.604562668355,0.2871750776669715,0.7470108544013991,0.9795239218927294,0.5668078181159293,1.0,0.22209085494441672,0.9961373611859707,0.8095238095238095,0.0,0.07231961811715949,0.0,ahead_vae,ahead,False,0.09269533306360245,1.3657164573669434,2.9319043159484863,1.6910239458084106,vae_candidate_pool_v1,belief_limited_heuristic_v1,249
VAE001009,vae_candidate_001009,0.7709786146708856,2444.4599609375,621.7833862304688,2492.949912471324,-2.885610122135815,-0.027586849344890384,4.472279882143115,36,8217.375210175112,2236.0093858587693,1.959276642124391,-0.28356938079886845,8514.797289503891,0.7268168438217941,0.9983681219560642,0.8736466868642072,0.2797842536583348,1.0,0.24490958026554888,0.9791665477992462,0.8571428571428571,0.0,0.07686379920432725,0.0,ahead_vae,ahead,False,0.07460424304008484,0.684887707233429,1.990817666053772,1.6348353624343872,vae_candidate_pool_v1,belief_limited_heuristic_v1,250
VAE000208,vae_candidate_000208,0.7709610045315757,2722.48876953125,-451.8807373046875,2745.9421923045297,2.9151204661749626,0.0822229703766337,5.1687766184879935,37,8076.003672463082,2514.9345629286527,1.8217069988104109,0.3086951577914647,8458.334225369746,0.7172378027419439,0.9776309201236622,0.8768121046604112,0.3038157320590834,1.0,0.22771337485130136,0.9703496224507364,0.8809523809523809,0.0,0.07161580993693019,0.0,ahead_vae,ahead,False,0.0721265897154808,2.116325855255127,1.518356204032898,1.1451867818832397,vae_candidate_pool_v1,belief_limited_heuristic_v1,251
VAE000037,vae_candidate_000037,0.7707104710339571,-2667.9755859375,533.668701171875,2893.569913868844,-0.19344433216931403,0.011503759389137357,4.877738818238411,36,8009.355617331582,2636.2595429776593,1.7049700680336262,-2.9366445620313417,8378.254107668185,0.09023181175747055,0.9549929909387884,0.9979659356740652,0.203516338100659,1.0,0.21312125850420327,0.9330922692699588,0.8571428571428571,0.0,0.0695862976045925,0.0,astern_vae,astern,False,0.0643017515540123,1.9131050109863281,2.004061698913574,1.4365832805633545,vae_candidate_pool_v1,belief_limited_heuristic_v1,252
VAE000947,vae_candidate_000947,0.7706541037200866,-13.781036376953125,-924.4931030273438,1016.1187937520546,1.5205996101136796,-0.019943619403653738,5.291325044949678,34,8324.437613161597,2464.892292719306,1.6570135786053781,1.6010494240724606,2715.565989101828,0.3230614284708935,0.6962629942181231,0.9741339741424894,0.9995424099549244,0.6465633307385305,0.20712669732567227,0.8797180502978543,0.8095238095238095,1.0,0.10277631216871874,0.10277631216871874,inside_convoy_envelope,inside,True,0.056026309728622437,1.924254059791565,2.3557965755462646,1.8808629512786865,vae_candidate_pool_v1,belief_limited_heuristic_v1,253
VAE001151,vae_candidate_001151,0.7706285649757986,-2159.378173828125,-369.7943420410156,2143.152703960578,0.2067428949871422,0.027010641708580793,4.856850729500403,35,8343.623759292697,2355.2181292979394,1.7810749542203705,2.961860400311232,8630.254532618561,0.32260503891773407,0.9876066379098626,0.9742063700073018,0.17876614608865599,1.0,0.22263436927754632,0.9772567691787658,0.8333333333333334,0.0,0.07734993012933353,0.0,astern_vae,astern,False,0.10050275921821594,0.9706522226333618,2.99019718170166,1.0675690174102783,vae_candidate_pool_v1,belief_limited_heuristic_v1,254
VAE001190,vae_candidate_001190,0.7701893077237114,-532.4506225585938,3913.990234375,4046.464211372444,-1.4696813496681238,0.006546058680106658,5.4095835941992,39,8264.278857526668,2429.8047422062173,1.9421745941133746,-1.6653652452415626,3199.327131242411,0.5878984458968932,0.5990279886123293,0.9160540330468132,0.9955316914328939,0.7617445550577169,0.24277182426417182,0.8808178452599699,0.9285714285714286,1.0,0.06947177643253731,0.06947177643253731,inside_convoy_envelope,inside,True,0.05617896467447281,1.1956368684768677,1.8816503286361694,1.3921204805374146,vae_candidate_pool_v1,belief_limited_heuristic_v1,255
VAE001001,vae_candidate_001001,0.7690494183313042,-2856.586181640625,2541.92431640625,3807.4864889159053,-0.6956186374621901,0.004498738479369483,4.877779980887429,34,8202.103488913655,2488.792641711442,1.6655779330938723,-2.4414752776482334,7876.242179794641,0.13412068845702219,0.6876442902068779,0.9955096474632317,0.6443074568716327,1.0,0.20819724163673403,0.962105011010294,0.8095238095238095,0.0,0.06902835608689667,0.0,astern_vae,astern,False,0.10441863536834717,2.112156391143799,2.3982913494110107,1.5791168212890625,vae_candidate_pool_v1,belief_limited_heuristic_v1,256
VAE000577,vae_candidate_000577,0.7685287007731867,3117.426513671875,-1589.2938232421875,3445.089034574501,2.686863988379204,-0.0018859301206523515,4.8039487310743505,34,8253.446918450427,2493.4445557280687,1.6521285601656843,0.4528427350899371,8512.497631256683,0.2784610644647292,0.8134530034481997,0.9807397968132117,0.43752350573001597,1.0,0.20651607002071054,0.9976103610194684,0.8095238095238095,0.0,0.06965750510584182,0.0,ahead_vae,ahead,False,0.09153494238853455,2.2978076934814453,1.5119264125823975,1.685779094696045,vae_candidate_pool_v1,belief_limited_heuristic_v1,257
VAE001106,vae_candidate_001106,0.7684283865034547,3038.5107421875,579.3009643554688,2934.916314597438,-2.9523092454342255,-0.06162275113956995,5.672475096055531,33,8204.87870302348,2487.4353983400288,1.6169253295404395,-0.2509061592951376,8565.551253837024,0.38934436995751565,0.9473469554133277,0.9625790619998971,0.24828184655673388,1.0,0.20211566619255494,0.9999925210136871,0.7857142857142857,0.0,0.07119605708862563,0.0,ahead_vae,ahead,False,0.08750511705875397,1.8013949394226074,1.9495596885681152,1.7600091695785522,vae_candidate_pool_v1,belief_limited_heuristic_v1,258
VAE001002,vae_candidate_001002,0.7683121744450974,-1982.484619140625,-3728.19970703125,4199.281660751951,1.0865006562661856,0.004767797834546118,5.387918573008362,36,8363.995950577348,2408.8830163850316,1.7867877946938278,2.0598597951581543,6055.897290205418,0.3508419425835635,0.5422719681453827,0.9695418398351469,0.8827732276357333,1.0,0.22334847433672847,0.9986627326866213,0.8571428571428571,0.0,0.06955198059722323,0.0,astern_vae,astern,False,0.08407417684793472,0.8085209131240845,2.4574334621429443,1.351495385169983,vae_candidate_pool_v1,belief_limited_heuristic_v1,259
VAE000903,vae_candidate_000903,0.7682737006719758,-3059.19384765625,914.6309204101562,3285.5579583012427,-0.3428728094825121,-0.011579253576374014,4.49465664234925,36,8420.400850515933,2475.56166183569,1.727014508364873,-2.810299097683655,8767.7368455466,0.08927557405537051,0.8622203590265104,0.9980087910123647,0.32526651560607656,1.0,0.21587681354560911,0.9769113491473749,0.8571428571428571,0.0,0.07023976407189743,0.0,astern_vae,astern,False,0.07392885535955429,0.7411530613899231,2.5105156898498535,1.9209229946136475,vae_candidate_pool_v1,belief_limited_heuristic_v1,260
VAE001199,vae_candidate_001199,0.7676425698797865,2252.138671875,563.3629150390625,2374.172559720802,-2.9159810035792746,-0.012395096920293605,4.775969284440559,35,8126.40546131184,2234.8241032783776,1.9271974408461872,-0.23800674693081214,8424.216456968537,0.4885836449256824,0.9998739102805297,0.9414992733725729,0.23576603310661576,1.0,0.2408996801057734,0.8488648266018076,0.8333333333333334,0.0,0.07758898621484575,0.0,ahead_vae,ahead,False,0.05194183066487312,0.6401926875114441,2.481248140335083,1.4960519075393677,vae_candidate_pool_v1,belief_limited_heuristic_v1,261
VAE000400,vae_candidate_000400,0.7673519843722945,-2685.910400390625,-450.9462585449219,2910.695369817257,0.1873916432365998,0.02458526553514039,4.926420951659609,39,8220.809728825678,2507.5055731044413,1.891943242178469,2.978786275888334,8518.53695417089,0.03217405360738462,0.9518932220052132,0.9997412298923545,0.16208810823667857,1.0,0.23649290527230862,0.9317953588740677,0.9285714285714286,0.0,0.07101840112455748,0.0,astern_vae,astern,False,0.06407228112220764,0.8158779740333557,1.4969706535339355,1.4013707637786865,vae_candidate_pool_v1,belief_limited_heuristic_v1,262
VAE001024,vae_candidate_001024,0.7670766466008728,2227.7890625,-744.6923217773438,2403.5673163549905,2.7883107560792664,0.020965728119205163,5.296470700367498,39,8386.376546121397,2272.8351195140526,2.046078620235003,0.3742476256297327,8636.781797976202,0.9304505834276864,0.9999975943798356,0.7987363624755535,0.3655723353986057,1.0,0.25575982752937537,0.9012693604554515,0.9285714285714286,0.0,0.07673053506006734,0.0,ahead_vae,ahead,False,0.05913048982620239,1.0690226554870605,1.9880156517028809,1.8792742490768433,vae_candidate_pool_v1,belief_limited_heuristic_v1,263
VAE000787,vae_candidate_000787,0.7669885741728206,3029.5068359375,1973.751953125,3555.9290206243136,-2.545030473412884,0.026824928297221547,4.434063863089884,33,8413.548490297992,2549.3040280686696,1.5385552822642172,-0.5697372518796875,8459.689550260866,0.1892860036622599,0.7767905865751189,0.9910694146784196,0.5394108222106273,1.0,0.19231941028302715,0.8785132565421643,0.7857142857142857,0.0,0.06865240814099424,0.0,ahead_vae,ahead,False,0.05585971474647522,1.6310441493988037,2.930006504058838,1.4349709749221802,vae_candidate_pool_v1,belief_limited_heuristic_v1,264
VAE001147,vae_candidate_001147,0.7664932749616115,2209.7724609375,443.79119873046875,2200.95258943014,-2.9530838480168544,-0.008603211430500203,5.309733756354157,35,8345.256532697684,2181.5040332107565,1.9225264906168305,-0.1971120170034389,8610.882602649768,0.24312668447708852,0.992538398243442,0.9852950034894804,0.1958380906224284,1.0,0.2403158113271038,0.8298893744608044,0.8333333333333334,0.0,0.07962807164960503,0.0,ahead_vae,ahead,False,0.04958362877368927,2.1321184635162354,2.487126350402832,1.5313969850540161,vae_candidate_pool_v1,belief_limited_heuristic_v1,265
VAE000397,vae_candidate_000397,0.7658881001683918,2727.921142578125,910.818115234375,2973.402913570735,-2.870302837701254,-0.029832630475180633,5.249707872022837,34,8357.267183026932,2292.134917426826,1.774902303846057,-0.30112244636371993,8661.05475382594,0.5758611191830836,0.9397388236843405,0.9193618423831524,0.2965923342436798,1.0,0.22186278798075712,0.9972944642926043,0.8095238095238095,0.0,0.07387757728851696,0.0,ahead_vae,ahead,False,0.08272424340248108,1.3181794881820679,2.9269862174987793,1.5459935665130615,vae_candidate_pool_v1,belief_limited_heuristic_v1,266
VAE000587,vae_candidate_000587,0.7651070508385317,3064.897705078125,2067.98193359375,3739.7908842187985,-2.5440878935562865,0.000896722126399126,4.9022671570811305,35,8179.3137987452865,2146.709611436908,1.9933238973287766,-0.5966080379071075,7972.412250274126,0.21052050521250898,0.7122495345750715,0.988961138888869,0.5618397234260158,1.0,0.24916548716609707,0.9998898404553006,0.8333333333333334,0.0,0.07471163168205312,0.0,ahead_vae,ahead,False,0.08635051548480988,2.2396631240844727,1.4756138324737549,1.3198579549789429,vae_candidate_pool_v1,belief_limited_heuristic_v1,267
VAE000117,vae_candidate_000117,0.764530158514264,3274.00439453125,1612.6666259765625,3638.2513653298824,-2.668062599247423,-0.03929345766693925,5.188860542252524,38,8315.56882285705,2592.8860216261796,1.7624151113429736,-0.5128235120093092,8518.048445288576,0.2412713213479427,0.74838148230879,0.9855174967718647,0.4906395022801793,1.0,0.2203018889178717,0.9788358847486545,0.9047619047619048,0.0,0.06797055444654702,0.0,ahead_vae,ahead,False,0.07450307905673981,1.2540521621704102,2.454575538635254,1.8587108850479126,vae_candidate_pool_v1,belief_limited_heuristic_v1,268
VAE000654,vae_candidate_000654,0.7632909663433256,2547.182373046875,740.2572021484375,2647.9876440136686,-2.8823279132815576,0.01627578039976128,5.383944791737779,36,8157.5024537384215,2345.343047332364,1.881650294735833,-0.24298895990847427,8482.161668810524,0.6876105945368778,0.9884420062421292,0.8863823786750851,0.24060485056586786,1.0,0.2352062868419791,0.9678204636401314,0.8571428571428571,0.0,0.07436999868709042,0.0,ahead_vae,ahead,False,0.07148385047912598,1.8930680751800537,2.413166046142578,1.3522486686706543,vae_candidate_pool_v1,belief_limited_heuristic_v1,269
VAE000151,vae_candidate_000151,0.7621951237953333,1673.1337890625,632.6710205078125,1764.2166614880384,-2.8030906524257624,0.0499119869965275,5.000766975686781,39,8348.737915893533,2354.1392171651432,1.9843196677007298,-0.28859001416750324,8673.47511606121,0.35473964774557887,0.9264342664386329,0.9688684764875732,0.28460083101891714,1.0,0.24803995846259122,0.8156799129604774,0.9285714285714286,0.0,0.08153571895562921,0.0,ahead_vae,ahead,False,0.04787715524435043,1.6294121742248535,2.9434659481048584,1.0810738801956177,vae_candidate_pool_v1,belief_limited_heuristic_v1,270
VAE000320,vae_candidate_000320,0.7620900723851323,2953.03662109375,245.54904174804688,2827.9813827208823,-3.049079085377351,-0.06315309943871016,4.839611360825261,37,8158.458015514611,2371.1220424901758,1.9126686224827678,-0.15566666765115245,8427.424905663649,0.4263734181080592,0.9659672549583727,0.9552357925341912,0.15503874026209652,1.0,0.23908357781034598,0.9997658879406587,0.8809523809523809,0.0,0.07322402310673914,0.0,ahead_vae,ahead,False,0.08593114465475082,2.254998207092285,1.5046672821044922,1.9393815994262695,vae_candidate_pool_v1,belief_limited_heuristic_v1,271
VAE000541,vae_candidate_000541,0.7616626631624566,3243.923828125,-1510.4033203125,3568.5038189715874,2.6951339190386414,0.017541191375613465,5.094484091709107,37,8209.05036824317,2549.3118843905827,1.7680145433648313,0.463999925926766,8481.994187396023,0.2902294870283466,0.772510357185895,0.9790891139771326,0.4475286895761777,1.0,0.22100181792060392,0.9861581541151813,0.8809523809523809,0.0,0.06867826886517578,0.0,ahead_vae,ahead,False,0.09756927937269211,1.2855044603347778,2.9236276149749756,1.9433577060699463,vae_candidate_pool_v1,belief_limited_heuristic_v1,272
VAE000116,vae_candidate_000116,0.7611848838957821,-1563.083251953125,-551.2141723632812,1577.2991462891478,0.3784618318594336,0.03770198314861162,5.1036666768313745,35,8258.320276613284,2423.187841078203,1.748997712198505,2.8008328048789717,8593.312552852774,0.3884405640232115,0.879900500846612,0.9627504072470292,0.33420334671637675,1.0,0.21862471402481312,0.979445662712011,0.8333333333333334,0.0,0.08379433191943061,0.0,astern_vae,astern,False,0.09984268248081207,1.2824881076812744,1.5167346000671387,1.414507269859314,vae_candidate_pool_v1,belief_limited_heuristic_v1,273
VAE001122,vae_candidate_001122,0.760418580962181,2871.359130859375,640.9723510742188,2832.736980691468,-2.9268933331713725,0.022259185271984512,5.369022723753839,36,8227.502987647116,2379.63610721268,1.8387551497823071,-0.19244013514643615,8530.743396873986,0.49203909918089955,0.9652201099079839,0.9406856860377859,0.19125455338944553,1.0,0.2298443937227884,0.9661014829379788,0.8571428571428571,0.0,0.07306344377759777,0.0,ahead_vae,ahead,False,0.10347229242324829,2.000483751296997,1.4675164222717285,1.8823041915893555,vae_candidate_pool_v1,belief_limited_heuristic_v1,274
VAE000612,vae_candidate_000612,0.7601907890968926,2007.366455078125,723.00439453125,2267.808322261578,-2.811891988366988,0.09450047115030819,5.117973274339969,40,8082.544030280246,2452.7554100291536,2.0177049984704016,-0.23520019407249698,8431.597480262326,0.804550232987026,0.9967021154768673,0.846717685375607,0.23303767245176765,1.0,0.2522131248088002,0.9629340453787372,0.9523809523809523,0.0,0.07510731732455439,0.0,ahead_vae,ahead,False,0.07030657678842545,0.7605704665184021,2.972694158554077,1.06685471534729,vae_candidate_pool_v1,belief_limited_heuristic_v1,275
VAE001222,vae_candidate_001222,0.759758287138942,1199.9217529296875,-737.755126953125,1538.418202895754,2.5985381143154496,-0.0030642875410743114,4.951883038350396,32,8280.93352123227,2523.76186111174,1.5311661064982511,0.5399902517332695,8400.205779606687,0.7921946859211276,0.8690750920821102,0.8511423097457382,0.5141276304556814,1.0,0.1913957633122814,0.9990835215999397,0.7619047619047619,0.0,0.08343140446223962,0.0,ahead_vae,ahead,False,0.08990892022848129,1.5660022497177124,1.9571634531021118,1.813827395439148,vae_candidate_pool_v1,belief_limited_heuristic_v1,276
VAE001144,vae_candidate_001144,0.7593712631977939,-1509.848876953125,-544.305908203125,1660.934377573279,0.3315158938534924,0.028815220223753168,5.157573275768752,35,8343.541970743241,2543.4270863756187,1.649294829210772,2.8388919799600543,8722.395545241608,0.08438894548550369,0.9018971233773885,0.9982206827958151,0.2980991778806645,1.0,0.2061618536513465,0.8472122671014146,0.8333333333333334,0.0,0.0808676214151768,0.0,astern_vae,astern,False,0.05173239856958389,1.517646074295044,2.026930809020996,1.0736221075057983,vae_candidate_pool_v1,belief_limited_heuristic_v1,277
VAE000240,vae_candidate_000240,0.7584178733954297,3174.156982421875,-1464.0084228515625,3505.880595995363,2.731691257542737,0.052409584570835,5.311521460331736,34,8242.855819754383,2536.245806578856,1.6263344876150927,0.4623109806178916,8508.765495047171,0.3487480242381382,0.7935921513695615,0.969900638136159,0.4460176795956448,1.0,0.2032918109518866,0.9589105352233778,0.8095238095238095,0.0,0.06896733587435963,0.0,ahead_vae,ahead,False,0.10514171421527863,1.2580983638763428,2.9268975257873535,1.8450111150741577,vae_candidate_pool_v1,belief_limited_heuristic_v1,278
VAE000086,vae_candidate_000086,0.7583131268115347,-1949.15625,-196.97781372070312,2057.508516665119,0.08074304715665284,-0.008573875076576568,4.532844442171759,36,8242.763033893158,2457.399287604279,1.777272241914589,3.052275731356564,8429.102142691458,0.2054895227425352,0.9780700441642147,0.9894806082308287,0.08919821511379047,1.0,0.22215903023932362,0.9977769985898759,0.8571428571428571,0.0,0.07676955998484669,0.0,astern_vae,astern,False,0.08314967155456543,1.451946496963501,2.405017137527466,1.7908753156661987,vae_candidate_pool_v1,belief_limited_heuristic_v1,279
VAE000632,vae_candidate_000632,0.7572612948567536,1856.46728515625,637.4669799804688,1975.4652092262213,-2.8449398937482955,-0.011759769221770496,5.069186146960481,34,8430.33958993511,2572.255765600365,1.567904831950296,-0.30841252906326816,8813.366962482613,0.7807483563054345,0.9665039404391677,0.8551935177022856,0.3035464508305894,1.0,0.195988103993787,0.9987675250585466,0.8095238095238095,0.0,0.07620414980997295,0.0,ahead_vae,ahead,False,0.0842018872499466,2.1160037517547607,1.9422208070755005,1.8205933570861816,vae_candidate_pool_v1,belief_limited_heuristic_v1,280
VAE000146,vae_candidate_000146,0.756012026570537,1841.274169921875,544.7356567382812,1995.4978214139223,-2.8338414865549266,0.022641299361737244,4.720776824749814,39,8249.110863651753,2666.4932592658247,1.7730336438449534,-0.28510986767312924,8666.086088581611,0.712801914737569,0.969543014913401,0.8782662594434998,0.2812628853909382,1.0,0.22162920548061918,0.8506957287116808,0.9285714285714286,0.0,0.07502963899840394,0.0,ahead_vae,ahead,False,0.05217484384775162,1.6954011917114258,1.513044834136963,1.9068931341171265,vae_candidate_pool_v1,belief_limited_heuristic_v1,281
VAE001150,vae_candidate_001150,0.756005778897866,2966.731201171875,-805.7916870117188,3110.316227549767,2.862523737560454,0.015354613588478127,5.380056858597787,33,8415.89352878579,2379.7947110066066,1.647685092392388,0.2944235296178175,8744.342571977551,0.5371627585099046,0.9090293384048184,0.9295819775623495,0.2901882337484791,1.0,0.2059606365490485,0.9936014221053829,0.7857142857142857,0.0,0.07207900550242258,0.0,ahead_vae,ahead,False,0.08027471601963043,0.9944109916687012,1.9337272644042969,1.1766879558563232,vae_candidate_pool_v1,belief_limited_heuristic_v1,282
VAE000650,vae_candidate_000650,0.7556735506667804,3105.147216796875,1111.8426513671875,3372.642743503619,-2.8223774338129104,-0.01888864345433844,5.036621168164249,39,8235.032504913746,2393.9648016916267,1.97825161331374,-0.33810386323122116,8562.884168126755,0.3177298303548066,0.8362443809871423,0.9749735454521269,0.33169890192806467,1.0,0.2472814516642175,0.9036324552273765,0.9285714285714286,0.0,0.07122310385194618,0.0,ahead_vae,ahead,False,0.05948712304234505,2.186099052429199,2.490593433380127,1.626752495765686,vae_candidate_pool_v1,belief_limited_heuristic_v1,283
VAE000547,vae_candidate_000547,0.7555341055971354,3208.5966796875,1292.337158203125,3389.9193941879985,-2.773483639940693,0.009849917177323576,4.503014674242649,36,8364.021363125199,2555.835250494274,1.684048177314618,-0.3582590964717765,8729.167914278545,0.3012964956386295,0.830901574592603,0.9774762728304951,0.3506443941891303,1.0,0.21050602216432726,0.9386724376334913,0.8571428571428571,0.0,0.06895149323809328,0.0,ahead_vae,ahead,False,0.06531262397766113,2.325792074203491,1.885072946548462,1.4639843702316284,vae_candidate_pool_v1,belief_limited_heuristic_v1,284
VAE001026,vae_candidate_001026,0.7552660443622042,-3176.876708984375,-1278.5611572265625,3414.7372055311653,0.33069423738462,-0.03295707120506483,4.751998627664606,34,8239.33367906993,2519.791655813392,1.637654157881819,2.777941345000109,8596.779389518904,0.07676076164700589,0.8231237748072471,0.9985276695214651,0.35568912552627713,1.0,0.20470676973522736,0.9267113755726769,0.8095238095238095,0.0,0.06938384503806194,0.0,astern_vae,astern,False,0.06319086253643036,0.7213947176933289,1.4882566928863525,1.0937731266021729,vae_candidate_pool_v1,belief_limited_heuristic_v1,285
VAE000348,vae_candidate_000348,0.755157854564897,3226.08935546875,1001.5044555664062,3460.23000579011,-2.850486757079103,-0.09024243473319683,5.490645037312303,37,8329.597065140544,2186.1966493998934,2.0318353236156326,-0.3813483312438869,8544.87115448573,0.256822700192084,0.8085660228549604,0.9836009603929564,0.3721722794106974,1.0,0.25397941545195407,0.9220148659710434,0.8809523809523809,0.0,0.0744416013907585,0.0,ahead_vae,ahead,False,0.06240027770400047,1.7458723783493042,1.5134376287460327,1.227974772453308,vae_candidate_pool_v1,belief_limited_heuristic_v1,286
VAE000258,vae_candidate_000258,0.7522475726821461,-2089.938232421875,-3923.774658203125,4417.887461845199,1.0971036398859928,-0.03881213059145745,4.983224938712125,38,8289.618006256078,2635.3108855745704,1.739471118827606,2.005676883112343,5882.45042080091,0.3251718240033059,0.4631382643033072,0.9737979237561158,0.9069203706403588,1.0,0.21743388985345075,0.9887332915680828,0.9047619047619048,0.0,0.0663091596538912,0.0,astern_vae,astern,False,0.09655559062957764,1.2722935676574707,2.4437272548675537,1.7202088832855225,vae_candidate_pool_v1,belief_limited_heuristic_v1,287
VAE001047,vae_candidate_001047,0.7521277682182972,-1938.544189453125,-280.85546875,1848.4957694628595,0.1676012206031503,0.026695331070488514,4.649518490059106,33,7993.06569838177,2428.6419420441775,1.699953595335,3.0006867640571318,8254.926534542947,0.16439398192054677,0.944125117843108,0.99325885704373,0.14044008357055382,1.0,0.212494199416875,0.9861883626981427,0.7857142857142857,0.0,0.07950424322450556,0.0,astern_vae,astern,False,0.07697497308254242,1.4531514644622803,2.5253586769104004,1.1460669040679932,vae_candidate_pool_v1,belief_limited_heuristic_v1,288
VAE001176,vae_candidate_001176,0.7521235950021482,3062.160888671875,1698.1424560546875,3521.826379945454,-2.627459923824572,0.13449588723067418,4.77819503002244,36,8247.293143152465,2691.139454895303,1.6220149987177293,-0.379636842534547,8657.370960780388,0.1912024833783046,0.7882810046733773,0.9908882127587642,0.370583193465968,1.0,0.20275187483971616,0.9694201439012727,0.8571428571428571,0.0,0.06709210826819244,0.0,ahead_vae,ahead,False,0.10264547169208527,2.2731235027313232,1.8730814456939697,1.5612009763717651,vae_candidate_pool_v1,belief_limited_heuristic_v1,289
VAE001071,vae_candidate_001071,0.7516830198415612,-478.10400390625,4461.39453125,4441.065395968055,-1.4718764154390254,-0.003702412925845827,4.911541251561992,37,8281.322573199104,2739.12813598271,1.6311341244117272,-1.6734186510766136,3573.0751244268063,0.27273884875212495,0.4549745524452554,0.9815183727276293,0.9947389488722506,0.8507321724825729,0.2038917655514659,0.9996151027480258,0.8809523809523809,0.0,0.06511209785135032,0.0,port_vae,port,False,0.08555423468351364,2.2104294300079346,1.4927456378936768,1.7836999893188477,vae_candidate_pool_v1,belief_limited_heuristic_v1,290
VAE000331,vae_candidate_000331,0.751477327981033,1781.836669921875,-3931.06982421875,4315.966998755694,1.9881916801298454,0.005965407218675147,5.154757178467518,32,8336.120485074998,2394.3522852086962,1.603237808236911,1.1593663806786234,5528.327586941668,0.23362296046030706,0.4996049807765994,0.9864170265848866,0.9165498955110316,1.0,0.20040472602961387,0.9015761000701389,0.7619047619047619,0.0,0.0696368307063646,0.0,ahead_vae,ahead,False,0.05917657911777496,2.1291322708129883,1.4748374223709106,1.5487149953842163,vae_candidate_pool_v1,belief_limited_heuristic_v1,291
VAE001051,vae_candidate_001051,0.7510559322188658,-3363.25,-1422.1767578125,3628.147418538811,0.40171176767307765,-0.0268087691486031,4.9995056295090565,39,8339.461721011305,2393.832751381485,1.9535871183864848,2.713072116768113,8580.118806021153,0.18556439421173307,0.7519153074583517,0.9914161378621466,0.4155255653371143,1.0,0.2441983897983106,0.9244439906318449,0.9285714285714286,0.0,0.07066032237496038,0.0,astern_vae,astern,False,0.06280649453401566,2.3257973194122314,2.951093912124634,1.2838313579559326,vae_candidate_pool_v1,belief_limited_heuristic_v1,292
VAE001018,vae_candidate_001018,0.7508603348481908,3026.5439453125,2170.735595703125,3759.242193933415,-2.5123297324522142,0.048237166827881955,5.162382534165456,35,8259.452384520508,2465.1508135506438,1.7189897882011638,-0.5810257543096969,8257.152897967155,0.2989527873907911,0.7052158919445308,0.9778227188594358,0.548881653501794,1.0,0.21487372352514547,0.9176051626252218,0.8333333333333334,0.0,0.0694194949005729,0.0,ahead_vae,ahead,False,0.06167668476700783,0.6567769050598145,2.4652326107025146,1.9211809635162354,vae_candidate_pool_v1,belief_limited_heuristic_v1,293
VAE001081,vae_candidate_001081,0.7507111539225044,-1488.277099609375,548.0737915039062,1448.2904329358357,-0.3899248998990523,-0.03348054964640381,4.717492992841409,33,8498.553537051757,2301.535475227684,1.6871405040743879,-2.7851483033371447,8767.471608132168,0.34149874997275287,0.8426366031927025,0.9711268965566855,0.3489442921455816,1.0,0.21089256300929848,0.9852454139019133,0.7857142857142857,0.0,0.08808023315323878,0.0,astern_vae,astern,False,0.09790600091218948,1.943529486656189,1.9300172328948975,1.2768683433532715,vae_candidate_pool_v1,belief_limited_heuristic_v1,294
VAE000418,vae_candidate_000418,0.7503410283793523,-1222.0986328125,-711.3223266601562,1448.2460562563588,0.513790620421728,0.0020298806426161595,5.708621591879838,33,8309.32865494293,2426.243436889081,1.6368678906428025,2.6298319138106816,8432.930752467419,0.5305726350087745,0.8426231482906807,0.9312587214897039,0.48971316533604875,1.0,0.2046084863303503,0.7823859090316329,0.7857142857142857,0.0,0.08655874307782573,0.0,astern_vae,astern,False,0.0440358892083168,0.9333733916282654,2.571443557739258,1.6859545707702637,vae_candidate_pool_v1,belief_limited_heuristic_v1,295
VAE000181,vae_candidate_000181,0.7501148426791777,-3.8309326171875,-4275.25439453125,4259.554655007716,1.528095001263469,0.009084964464496857,4.615009093013264,34,8181.991528619144,2658.4466559498323,1.5631186373690658,1.6225826167908217,3078.408338625851,0.31029284345674335,0.5201305076338876,0.976122097313306,0.9986593897306749,0.7329543663394883,0.19538982967113322,0.9473481155673444,0.8095238095238095,0.0,0.06625447871488488,0.0,starboard_vae,starboard,False,0.06697092950344086,1.080582857131958,1.5272514820098877,1.082425832748413,vae_candidate_pool_v1,belief_limited_heuristic_v1,296
VAE001037,vae_candidate_001037,0.7496249290591979,3324.7998046875,1539.8017578125,3655.7798923990867,-2.6704669546860993,0.014229833662154533,4.613726972640021,33,8250.66989106121,2337.799727286216,1.7108716302862308,-0.4568958652415393,8435.722024572877,0.1310346171300334,0.7422223234987861,0.9957136206670405,0.44116450486627135,1.0,0.21385895378577885,0.991780103043006,0.7857142857142857,0.0,0.07148827748747386,0.0,ahead_vae,ahead,False,0.09519468992948532,1.5266644954681396,2.9731767177581787,1.6798295974731445,vae_candidate_pool_v1,belief_limited_heuristic_v1,297
VAE000700,vae_candidate_000700,0.7494902943856478,2301.96044921875,-400.4074401855469,2351.792288050089,2.9632187989256047,-0.029757490341716406,5.250112309612699,36,8368.566760052972,2369.316287312085,1.815634288319096,0.14861636432247252,8627.143610392088,0.7012248007948509,0.9995607801353082,0.8820262877312124,0.14806989092406442,1.0,0.226954286039887,0.9874825748038163,0.8571428571428571,0.0,0.07559822268859241,0.0,ahead_vae,ahead,False,0.09706071019172668,2.2055258750915527,2.456727981567383,1.1769382953643799,vae_candidate_pool_v1,belief_limited_heuristic_v1,298
VAE000517,vae_candidate_000517,0.749428590640862,3151.541015625,-821.0699462890625,3142.792896896878,2.913936289796148,0.006071334613315442,4.944614248261402,37,8235.120597168903,2348.310472500188,1.9132699289599613,0.233727698406961,8555.087567180432,0.5112277388447719,0.9009559432650018,0.9360722479323776,0.23160546584308558,1.0,0.23915874111999516,0.9672850016248288,0.8809523809523809,0.0,0.07250299071476995,0.0,ahead_vae,ahead,False,0.10318203270435333,1.6128857135772705,2.9316258430480957,1.8298397064208984,vae_candidate_pool_v1,belief_limited_heuristic_v1,299
VAE000881,vae_candidate_000881,0.7494135414945687,3030.5771484375,-397.840576171875,2966.0685906695053,2.9500549127860585,-0.005951089118921674,4.709871205922843,34,8526.278228849447,2435.2354355743396,1.6374892667296672,0.1855866516848137,8829.223716244827,0.0880827580971828,0.9412246159435149,0.9980616106789608,0.1845231430489248,1.0,0.2046861583412084,0.8074205283987596,0.8095238095238095,0.0,0.07171616980633871,0.0,ahead_vae,ahead,False,0.046905308961868286,2.105679750442505,1.9528841972351074,1.9119960069656372,vae_candidate_pool_v1,belief_limited_heuristic_v1,300
VAE000614,vae_candidate_000614,0.7490086568996219,3053.57568359375,-893.64794921875,3257.190399053269,2.8524529896848536,-0.026636018203357446,4.253066709187385,37,8360.919689076023,2612.239541516089,1.694082956228516,0.2625036457015819,8752.376447248575,0.47409416767535584,0.8703159801821027,0.9448533143343198,0.259499241758188,1.0,0.2117603695285645,0.9947485816308805,0.8809523809523809,0.0,0.068604364448024,0.0,ahead_vae,ahead,False,0.08093422651290894,0.981651782989502,1.9351143836975098,1.9187097549438477,vae_candidate_pool_v1,belief_limited_heuristic_v1,301
VAE000441,vae_candidate_000441,0.7488243535366838,-2037.55908203125,3811.483154296875,4297.290711294031,-1.075363501968883,0.047835422812757336,4.949361592828358,35,8359.773040267166,2589.6954307115952,1.6166829826285014,-2.018393728808153,5952.700399165304,0.47568457287073607,0.5063764740987293,0.9444897158874348,0.9014895497599346,1.0,0.20208537282856268,0.9449679083774117,0.8333333333333334,0.0,0.06698375685019034,0.0,astern_vae,astern,False,0.06650432199239731,0.8462117910385132,2.132530689239502,1.4570411443710327,vae_candidate_pool_v1,belief_limited_heuristic_v1,302
VAE001113,vae_candidate_001113,0.7487554214039805,-1660.801513671875,-242.6639404296875,1643.0824203788143,0.1592438911214244,-0.01884523559666438,5.235922092673833,39,8183.842074787829,2577.2975296310365,1.8490251119331984,2.963503526871705,8510.972738775406,0.3177283117822491,0.8973554270690528,0.9749737826608331,0.17714924708633692,1.0,0.2311281389916498,0.992006288631798,0.9285714285714286,0.0,0.08085663794116188,0.0,astern_vae,astern,False,0.07944852113723755,0.739111065864563,2.964412212371826,1.558303952217102,vae_candidate_pool_v1,belief_limited_heuristic_v1,303
VAE000697,vae_candidate_000697,0.7484525839205898,-1499.41259765625,-4101.72900390625,4422.086426293997,1.1799116290039129,-0.0062446766318288915,4.979098769185334,37,8031.702918950621,2427.54529679008,1.897696451536896,1.9554363479540522,5263.872838384665,0.38782524174609767,0.46165547448031563,0.9628668449437903,0.9269335659635015,1.0,0.237212056442112,0.9444391273842543,0.8809523809523809,0.0,0.06910781792214836,0.0,astern_vae,astern,False,0.06640192121267319,0.8882941007614136,2.4918251037597656,1.0940576791763306,vae_candidate_pool_v1,belief_limited_heuristic_v1,304
VAE000150,vae_candidate_000150,0.7478494468806388,-3262.60791015625,-908.974853515625,3341.942913920327,0.2726922104003459,0.0071043892834136155,4.244348015729102,34,8116.355704826678,2647.919305709069,1.5820241141808,2.8760048324728613,8526.799768808607,0.07528301186075058,0.8455877451116199,0.9985837860906677,0.2624765246194314,1.0,0.1977530142726,0.9595026193477116,0.8095238095238095,0.0,0.06803391648341237,0.0,astern_vae,astern,False,0.06952318549156189,1.9570468664169312,2.9488649368286133,1.1349785327911377,vae_candidate_pool_v1,belief_limited_heuristic_v1,305
VAE000127,vae_candidate_000127,0.7476821296970536,2347.380126953125,-536.7677001953125,2450.8013673242463,2.9242118304742357,0.03235942663636104,4.710095392315646,37,8164.863281648449,2481.6634520863713,1.826038467821902,0.24974024975191902,8524.910658468109,0.843048967073738,0.9995122590746525,0.8325946672864352,0.24715227566924874,1.0,0.22825480847773774,0.8652665569921331,0.8809523809523809,0.0,0.07350987998566492,0.0,ahead_vae,ahead,False,0.05406875163316727,1.3084014654159546,1.9966211318969727,1.1051881313323975,vae_candidate_pool_v1,belief_limited_heuristic_v1,306
VAE000722,vae_candidate_000722,0.747495290007921,-1347.935546875,3876.21142578125,4184.709305428139,-1.2616446025686963,0.03756681529111867,5.279360952779575,36,8389.080166596152,2466.193253754486,1.7400472873804123,-1.8423812357299783,4626.242545150202,0.7091383173753512,0.5476522342945745,0.8794616341074895,0.963346941040288,1.0,0.21750591092255153,0.8087844003491361,0.8571428571428571,0.0,0.06873980143757974,0.0,astern_vae,astern,False,0.047064848244190216,1.4852854013442993,2.94174861907959,1.102999210357666,vae_candidate_pool_v1,belief_limited_heuristic_v1,307
VAE001093,vae_candidate_001093,0.7474472019413171,3029.3935546875,475.58099365234375,3105.6385013947106,-2.9824008465797167,-0.005976146875183147,4.789086108127655,36,8326.947354599744,2432.3997151661024,1.77738593013818,-0.16516795388525954,8613.554184696306,0.3679561387356678,0.9101682192843934,0.9665322447642499,0.16441800146831725,1.0,0.2221732412672725,0.9924868257332946,0.8571428571428571,0.0,0.0713555961606668,0.0,ahead_vae,ahead,False,0.07968806475400925,1.073882818222046,1.5025827884674072,1.28440523147583,vae_candidate_pool_v1,belief_limited_heuristic_v1,308
VAE000735,vae_candidate_000735,0.7473221860058401,-385.48779296875,-689.0272827148438,797.3328155984047,1.0820782969013076,0.06069529741049435,4.97768852446365,34,8008.353482920142,2369.8024634313706,1.7915277356454338,2.12020965409898,6202.899025270919,0.016666657642179672,0.6153606800091869,0.9999305572382515,0.8528310216546242,1.0,0.22394096695567922,0.8469700331563995,0.8095238095238095,1.0,0.12098370921075503,0.12098370921075503,inside_convoy_envelope,inside,True,0.05170176923274994,0.8386261463165283,1.5277111530303955,1.1582857370376587,vae_candidate_pool_v1,belief_limited_heuristic_v1,309
VAE001074,vae_candidate_001074,0.7467988059293548,888.3587036132812,783.9185791015625,1185.771581788207,-2.434437801717761,-0.01876118695686479,4.737164019703004,37,8269.349890995696,2495.03287022803,1.7933046907230692,-0.7259160388288969,7840.832499038487,0.7597728544716084,0.7567629435143005,0.8624962387331199,0.6638208188739327,1.0,0.22416308634038365,0.8679709261296507,0.8809523809523809,1.0,0.09413375857144297,0.09413375857144297,inside_convoy_envelope,inside,True,0.05442862957715988,1.151656150817871,1.4950201511383057,1.1459221839904785,vae_candidate_pool_v1,belief_limited_heuristic_v1,310
VAE000329,vae_candidate_000329,0.7467725062470547,3249.05419921875,2620.465087890625,3968.3953714500567,-2.4632366106707755,-0.06307404664685733,5.476052032138397,31,8310.880941962743,2678.621895472837,1.3925256979805507,-0.7414300895658751,7938.293225745267,0.2552724602880314,0.6281334379400915,0.9837972664578409,0.6753432979368149,1.0,0.17406571224756884,0.9350976821687101,0.7380952380952381,0.0,0.06639382585448458,0.0,ahead_vae,ahead,False,0.06466052681207657,1.8274238109588623,2.9243063926696777,1.5218278169631958,vae_candidate_pool_v1,belief_limited_heuristic_v1,311
VAE000721,vae_candidate_000721,0.7465626797854641,-2224.53564453125,423.941650390625,2192.647423888736,-0.17116055369161748,-0.060655289849215845,4.861677726094923,35,8197.870250822894,2369.2973531929815,1.8019694951615095,-3.0310873897473916,8409.154664031712,0.25582280722632056,0.9919053233611531,0.9837277094036403,0.11028049688030264,1.0,0.2252461868951887,0.7810641679933051,0.8333333333333334,0.0,0.07678025744858366,0.0,astern_vae,astern,False,0.043887220323085785,0.790635883808136,1.504868984222412,1.230373740196228,vae_candidate_pool_v1,belief_limited_heuristic_v1,312
VAE001085,vae_candidate_001085,0.7465499117369158,1903.224853515625,-943.2794799804688,2107.5740291489833,2.7040651949624586,0.08433059753102239,5.360355806881517,38,8141.9429165628035,2287.4177105234558,2.0403753309161408,0.5218580561583572,8198.463960088022,1.3433283981851425,0.9839649341350706,0.6127557012608372,0.4984917359796155,1.0,0.2550469163645176,0.9878060627912832,0.9047619047619048,0.0,0.07870089625557523,0.0,ahead_vae,ahead,False,0.0776003897190094,1.4708619117736816,1.493902325630188,1.7464632987976074,vae_candidate_pool_v1,belief_limited_heuristic_v1,313
VAE000801,vae_candidate_000801,0.745457463211304,1983.324462890625,3850.72412109375,4378.908200219051,-2.041559269377956,0.0476858353216294,4.617468527855081,39,8305.20034018458,2319.599390230975,2.024424143167587,-1.0523475488902079,6130.282130713225,0.012061699143131488,0.4769806610737361,0.9999636292943964,0.868588906704985,1.0,0.25305301789594836,0.8330620200117075,0.9285714285714286,0.0,0.07074643894455339,0.0,ahead_vae,ahead,False,0.12456174194812775,2.2366442680358887,2.9382216930389404,1.1609529256820679,vae_candidate_pool_v1,belief_limited_heuristic_v1,314
VAE000762,vae_candidate_000762,0.745402695881519,2505.880615234375,-279.7817077636719,2581.326800922697,3.058537860135797,0.01370699882581036,5.387743206669587,36,8166.4474947090475,2390.9525307355166,1.8437344595415415,0.0967617922798072,8359.238726514302,0.5631440477019842,0.9938038864010977,0.9227904257249036,0.09661086868261791,1.0,0.23046680744269268,0.9415009680910977,0.8571428571428571,0.0,0.07402292971736443,0.0,ahead_vae,ahead,False,0.10869209468364716,1.3575258255004883,2.930375576019287,1.6276278495788574,vae_candidate_pool_v1,belief_limited_heuristic_v1,315
VAE000478,vae_candidate_000478,0.7452535651003162,-3198.77197265625,2071.556640625,3825.1031442407757,-0.5514936735405038,0.07052292209191746,5.066814915048601,36,8207.417422277838,2460.6878677652917,1.782540684525862,-2.5195760579573716,8103.991809793102,0.3004299244675264,0.6811882155993751,0.9776046747360981,0.5826752417306978,1.0,0.22281758556573275,0.8402536727125623,0.8571428571428571,0.0,0.0693835219755276,0.0,astern_vae,astern,False,0.05085935443639755,0.7132107019424438,2.4603278636932373,1.2806075811386108,vae_candidate_pool_v1,belief_limited_heuristic_v1,316
VAE000384,vae_candidate_000384,0.7450205993907384,2130.18505859375,3799.46630859375,4334.966146302116,-2.0823397604652985,-0.011922059539802918,4.7416833064953,37,8186.299224776265,2332.240085607911,1.9379423505670348,-1.0711749526642975,5969.156964979022,0.14639344021304002,0.492742654816472,0.9946518018629591,0.8777640218933608,1.0,0.24224279382087935,0.8024524245534629,0.8809523809523809,0.0,0.07061989148993085,0.0,ahead_vae,ahead,False,0.046327169984579086,1.633910059928894,2.4431252479553223,1.4242867231369019,vae_candidate_pool_v1,belief_limited_heuristic_v1,317
VAE000999,vae_candidate_000999,0.7449722367498394,1448.662841796875,4359.033203125,4576.715953972143,-1.869652651679113,-0.05889547567535111,4.59520871478069,35,8279.347672250116,2509.1135521136366,1.6848126243645567,-1.3308354775860312,4404.92845781638,0.1904165669096676,0.4083340742031179,0.9909627387753464,0.9713472803534807,1.0,0.2106015780455696,0.9637337749316002,0.8333333333333334,0.0,0.06774009258625759,0.0,ahead_vae,ahead,False,0.07049399614334106,0.6048282384872437,2.516911029815674,1.0798914432525635,vae_candidate_pool_v1,belief_limited_heuristic_v1,318
VAE000125,vae_candidate_000125,0.7448960580637118,-2411.379638671875,3453.46875,4292.624775094235,-0.9367000705654116,0.016031033246409986,4.586123662856442,33,8444.753277573347,2675.128241740069,1.4607717716947883,-2.1888615497779718,7073.624149090001,0.17818418813090908,0.5080720305585774,0.9920835773414824,0.8150011061153909,1.0,0.18259647146184854,0.9836271089588502,0.7857142857142857,0.0,0.06595269934668328,0.0,astern_vae,astern,False,0.09847889840602875,0.9933589100837708,1.4986398220062256,1.6357755661010742,vae_candidate_pool_v1,belief_limited_heuristic_v1,319
VAE000184,vae_candidate_000184,0.7426745268523185,-3059.01025390625,719.6964111328125,3178.4272221761858,-0.2093592461585227,0.010408613155545615,4.980153610502215,31,8118.524110064507,2326.2170750513856,1.6414753670170674,-2.921824794275725,8430.380509883495,0.06548390247122049,0.8917708148285282,0.9989283476611435,0.21800307169949665,1.0,0.20518442087713343,0.8795479654504005,0.7380952380952381,0.0,0.07277595012290551,0.0,astern_vae,astern,False,0.05600275099277496,1.2131192684173584,1.4872090816497803,1.2843974828720093,vae_candidate_pool_v1,belief_limited_heuristic_v1,320
VAE000744,vae_candidate_000744,0.7420875731057339,-2101.47607421875,-3822.946533203125,4277.237545276462,1.0450229043656205,0.048539101834040435,5.147136431459489,37,8160.177848439459,2464.2909435252036,1.8399673599828412,2.145108851058214,6502.014592908605,0.45908347180007547,0.5136739758002093,0.9482295060375735,0.8395659773038255,1.0,0.22999591999785515,0.9148760895665805,0.8809523809523809,0.0,0.06871142174522973,0.0,astern_vae,astern,False,0.06123725324869156,1.894805908203125,2.9478583335876465,1.7018860578536987,vae_candidate_pool_v1,belief_limited_heuristic_v1,321
VAE000346,vae_candidate_000346,0.7414784276973134,2847.95458984375,-2956.050048828125,4165.307516697718,2.323945996413565,-0.010344876213069249,5.196883688417345,33,8279.059866773632,2329.3839846849155,1.711164775350539,0.8073017809631591,7407.360831936425,0.2466001942755538,0.5548293795306803,0.9848739729093836,0.722424122286414,1.0,0.21389559691881738,0.9894995047393287,0.7857142857142857,0.0,0.07084242320250027,0.0,ahead_vae,ahead,False,0.07830049097537994,0.8814879059791565,2.9265663623809814,1.889591932296753,vae_candidate_pool_v1,belief_limited_heuristic_v1,322
VAE000589,vae_candidate_000589,0.7405040989553816,3330.32958984375,1704.7371826171875,3874.834545062118,-2.6648311693192337,-0.007457065872154975,4.636866902485172,40,8331.388415144911,2495.932460344647,1.9235779055236548,-0.4842185501427144,8535.502361698276,0.20545553046215703,0.6628682643894039,0.9894840759493941,0.4655168880580139,1.0,0.24044723819045685,0.9999997764946426,0.9523809523809523,0.0,0.06878838529053603,0.0,ahead_vae,ahead,False,0.08722520619630814,0.9916467070579529,2.890381336212158,1.9103834629058838,vae_candidate_pool_v1,belief_limited_heuristic_v1,323
VAE000701,vae_candidate_000701,0.7402893488871105,-1371.27734375,-569.3783569335938,1555.0798079991764,0.3686965110586209,-0.0569308632838469,4.864929616539395,33,8131.062803600375,2322.661630489676,1.7473531158122049,2.7159652792473254,8364.617373909663,0.7560653205263074,0.8737588336894898,0.863770538987557,0.41289226288754866,1.0,0.2184191394765256,0.8987497317276443,0.7857142857142857,0.0,0.08553962995368987,0.0,astern_vae,astern,False,0.05875413492321968,0.7737537622451782,1.512338399887085,1.430004358291626,vae_candidate_pool_v1,belief_limited_heuristic_v1,324
VAE000638,vae_candidate_000638,0.7402427656743431,-3346.812744140625,-901.6401977539062,3513.1803860924506,0.27282254546910206,-0.025305522556710956,4.962669510498765,34,8147.577162195424,2506.19290749852,1.6650831972618563,2.8434645855639804,8524.318773138773,0.008472289832156643,0.7911657841072082,0.9999820551835898,0.2937313650152991,1.0,0.20813539965773203,0.9907316685693247,0.8095238095238095,0.0,0.06936717269260671,0.0,astern_vae,astern,False,0.09568735957145691,0.867695152759552,2.13187313079834,1.524004340171814,vae_candidate_pool_v1,belief_limited_heuristic_v1,325
VAE000421,vae_candidate_000421,0.7401931742163611,-1586.59765625,434.5443115234375,1589.4105574514397,-0.2740669092700691,-0.03193743606658276,4.877527440493671,36,8325.769063921241,2604.3341044915373,1.6602804042952541,-2.899463180386307,8707.345532591946,0.20118661360848827,0.8831969643898085,0.9899150720864267,0.23977052410320313,1.0,0.20753505053690677,0.8206810494864029,0.8571428571428571,0.0,0.08155230598153962,0.0,astern_vae,astern,False,0.04847254604101181,2.0472607612609863,2.453277587890625,1.5573866367340088,vae_candidate_pool_v1,belief_limited_heuristic_v1,326
VAE001066,vae_candidate_001066,0.740175568261971,-323.1434326171875,566.12109375,685.0346466295834,-1.0781662247148327,-0.0014304420105178248,5.2482137448067485,37,8360.052108710914,2424.924522700074,1.8251329856379233,-2.064856870885478,6099.3153559635575,0.27717288105630566,0.5735129855424146,0.9809164434476227,0.8804145927422847,1.0,0.2281416232047404,0.9791638956438214,0.8809523809523809,1.0,0.1344622069217867,0.1344622069217867,inside_convoy_envelope,inside,True,0.09992949664592743,2.3050413131713867,1.5285911560058594,1.191406011581421,vae_candidate_pool_v1,belief_limited_heuristic_v1,327
VAE000611,vae_candidate_000611,0.7398972916916967,2368.737060546875,1054.6236572265625,2537.2383008506595,-2.6921690019694013,0.010189729943163122,4.673864548168846,35,8288.03386392202,2401.982615354869,1.7581125239672297,-0.43923392167722863,8522.748683332828,1.2105160311604577,0.9964459617471275,0.6762682736136457,0.4252462295102925,1.0,0.21976406549590372,0.887342186505386,0.8333333333333334,0.0,0.07406494280965674,0.0,ahead_vae,ahead,False,0.057096414268016815,2.0599331855773926,2.947113275527954,1.4073063135147095,vae_candidate_pool_v1,belief_limited_heuristic_v1,328
VAE000023,vae_candidate_000023,0.7394727994363507,2933.80419921875,3480.87158203125,4389.374168439299,-2.2439083321506885,-0.02017261148359832,5.557817921411131,37,8289.628145774,2428.326147004517,1.8380598916886643,-0.9178569329227029,6964.969378101044,0.07771610659968475,0.4732505362479174,0.9984908115220547,0.7943014808041022,1.0,0.22975748646108304,0.9865879726801682,0.8809523809523809,0.0,0.0690631533210411,0.0,ahead_vae,ahead,False,0.09740695357322693,1.3230040073394775,1.9800580739974976,1.1008468866348267,vae_candidate_pool_v1,belief_limited_heuristic_v1,329
VAE000753,vae_candidate_000753,0.7391479920669675,-2424.837158203125,-3655.469970703125,4331.83641727921,1.0090939272763113,-0.004526955350594532,5.21893432127295,36,8493.079233700477,2617.749757866245,1.6192324435998027,2.127971770962888,6712.884134642009,0.4579293281769109,0.4938712029560321,0.9484849233556516,0.84875209434424,1.0,0.20240405544997533,0.9605960829323821,0.8571428571428571,0.0,0.0665664022296952,0.0,astern_vae,astern,False,0.06976931542158127,1.415413498878479,2.4607183933258057,1.6472201347351074,vae_candidate_pool_v1,belief_limited_heuristic_v1,330
VAE000958,vae_candidate_000958,0.7390874305973397,-1513.474853515625,-649.9833374023438,1601.083292063166,0.3742284509123585,0.0056854521974674214,5.274007897429253,36,8452.591626751588,2657.9298643905518,1.6023932122755336,2.7730496548749026,8842.564300165817,0.683112340067016,0.8863391987303593,0.8878059690747013,0.36025664647679767,1.0,0.2002991515344417,0.8332486995983686,0.8571428571428571,0.0,0.08077696399412317,0.0,astern_vae,astern,False,0.04999406635761261,0.7259054183959961,2.8392281532287598,1.403469443321228,vae_candidate_pool_v1,belief_limited_heuristic_v1,331
VAE000508,vae_candidate_000508,0.7382778252655463,1891.124755859375,4108.154296875,4582.592900337005,-1.9860789386844473,-0.04752796503228067,4.881184564549637,39,8277.74535887068,2375.2814851082535,1.9835240064151745,-1.2030416799376265,5192.487184323985,0.19636064405494924,0.40636129673543053,0.9903915571074104,0.9331369490556072,1.0,0.2479405008018968,0.8913578920113343,0.9285714285714286,0.0,0.06966350324709007,0.0,ahead_vae,ahead,False,0.05767177417874336,1.1201063394546509,2.936389207839966,1.3126174211502075,vae_candidate_pool_v1,belief_limited_heuristic_v1,332
VAE000325,vae_candidate_000325,0.7378836237784849,-2240.40966796875,-3690.2373046875,4404.909642990578,1.0003661329833387,0.013499616031225235,5.054633197491723,36,8297.112045997535,2199.8856498629702,1.9723111915730713,2.1547261366376804,6409.624832573185,0.24376191120799118,0.46773161518611905,0.9852184438094698,0.8343025666899365,1.0,0.24653889894663392,0.9538031864628923,0.8571428571428571,0.0,0.07280534284643042,0.0,astern_vae,astern,False,0.1062452495098114,1.1325503587722778,2.3711938858032227,1.8720815181732178,vae_candidate_pool_v1,belief_limited_heuristic_v1,333
VAE000269,vae_candidate_000269,0.7370464788605661,-3037.621826171875,-383.6407775878906,3035.4174593786965,0.129377109002547,0.011487903063567652,4.504483821909056,38,8245.002021074846,2142.060422915673,2.151597906276404,3.0237034476508144,8439.715664067586,0.27915121877755866,0.926515723704461,0.9806448287907344,0.11761632758690782,1.0,0.2689497382845505,0.8153206382616812,0.9047619047619048,0.0,0.07635475458611445,0.0,astern_vae,astern,False,0.04783459007740021,1.859520435333252,1.842123031616211,1.780347228050232,vae_candidate_pool_v1,belief_limited_heuristic_v1,334
VAE000523,vae_candidate_000523,0.7364247519533961,2465.2314453125,-267.1531066894531,2582.709473412842,3.0337159627538837,-0.09404446077833437,5.091995714347118,39,8160.390745084313,2379.2366872060675,2.0087042778008115,0.013832230057575745,8192.51919112593,0.6156440308803115,0.993709330564707,0.9082008492162927,0.013831788973676188,1.0,0.25108803472510144,0.9976768127127625,0.9285714285714286,0.0,0.07418529119867878,0.0,ahead_vae,ahead,False,0.08305782079696655,1.868577003479004,2.8729124069213867,1.8653640747070312,vae_candidate_pool_v1,belief_limited_heuristic_v1,335
VAE000676,vae_candidate_000676,0.7348217250566216,2816.829345703125,3147.012451171875,4297.514664491456,-2.2977017628843233,0.023749591011256777,5.348224887321899,36,8316.461194152605,2536.243570161987,1.7067620446626675,-0.8201412996942131,7527.415339217867,0.1128057869774377,0.5062951293095709,0.9968220857031777,0.7312422200756666,1.0,0.21334525558283343,0.9745849433445973,0.8571428571428571,0.0,0.06767377181183226,0.0,ahead_vae,ahead,False,0.10126820206642151,1.329635500907898,2.9294097423553467,1.3882784843444824,vae_candidate_pool_v1,belief_limited_heuristic_v1,336
VAE000171,vae_candidate_000171,0.7347626244590705,-3103.69287109375,-2328.9765625,3966.5366027238188,0.6196088570143302,0.04104649012182125,4.879722915824029,34,8349.193156313191,2342.0405630174473,1.738761422421795,2.5630302866972845,8271.03558463078,0.06079907058127354,0.6288257293396833,0.9990761528922001,0.5468208444825923,1.0,0.2173451778027244,0.9628786049460976,0.8095238095238095,0.0,0.07089075531970855,0.0,astern_vae,astern,False,0.10423927009105682,1.2530158758163452,2.9767937660217285,1.044938564300537,vae_candidate_pool_v1,belief_limited_heuristic_v1,337
VAE000102,vae_candidate_000102,0.7346882749490398,922.364013671875,-861.5762329101562,1188.670713451477,2.392671994842911,-0.001020755889415902,5.237675088599546,32,8233.315655238366,2385.314993981083,1.6294066113224266,0.7478999028574668,7658.252434310913,0.8435119962481634,0.7577695794320178,0.8324217655477326,0.6801006402981367,1.0,0.20367582641530332,0.8678357116399719,0.7619047619047619,1.0,0.09517334391599021,0.09517334391599021,inside_convoy_envelope,inside,True,0.05441056936979294,1.1471489667892456,1.5027960538864136,1.534437894821167,vae_candidate_pool_v1,belief_limited_heuristic_v1,338
VAE000454,vae_candidate_000454,0.734631318552744,1735.18701171875,1260.2598876953125,2033.5342520151444,-2.49181718922377,0.008241206245031829,4.638775481875088,39,8272.100446798078,2257.732471988828,2.088220372459379,-0.6415342581209912,7978.513909857986,1.5389177146852504,0.9749325558859022,0.5159366064829004,0.5984253599265712,1.0,0.2610275465574224,0.9230170742840208,0.9285714285714286,0.0,0.07980475481719514,0.0,ahead_vae,ahead,False,0.11196573078632355,0.8268734812736511,2.498356819152832,1.7143486738204956,vae_candidate_pool_v1,belief_limited_heuristic_v1,339
VAE000590,vae_candidate_000590,0.7345843909644844,442.4372863769531,4472.29638671875,4530.562377287781,-1.6877729756397588,-0.018403334195598798,5.030769095146509,35,8203.774391555584,2533.723941482858,1.6838175846557504,-1.472223012145633,3328.7884549700166,0.23169490039618612,0.42397109878253075,0.9866392987380898,0.9951455834717171,0.7925686797547659,0.2104771980819688,0.9929281286562719,0.8333333333333334,0.0,0.06747932626488051,0.0,port_vae,port,False,0.07991481572389603,1.3167694807052612,1.8421123027801514,1.909603476524353,vae_candidate_pool_v1,belief_limited_heuristic_v1,340
VAE000915,vae_candidate_000915,0.73435020490459,2620.432373046875,32.08140563964844,2649.2478181078204,-3.1337240835982154,-0.02123011044324767,4.854834874101492,34,8348.142360922955,2547.935101849899,1.5984560827396574,-0.029098680434825372,8418.739372363149,0.06754747273701624,0.9883249317069187,0.9988597683715056,0.029094574138861243,1.0,0.19980701034245718,0.7934895631240423,0.8095238095238095,0.0,0.07157853889065031,0.0,ahead_vae,ahead,False,0.04529547691345215,2.283803939819336,2.4801602363586426,1.273909568786621,vae_candidate_pool_v1,belief_limited_heuristic_v1,341
VAE000819,vae_candidate_000819,0.734224681414837,3440.408447265625,2506.9892578125,4179.017255245066,-2.489283658748099,-0.02910012804722617,4.886577291885356,37,8338.11815581152,2219.2142915048507,1.99955999135127,-0.6814091228889202,7873.955469874408,0.04037021209680124,0.5497562802432504,0.9995926168261876,0.6298880948974542,1.0,0.24994499891890876,0.9989292660817768,0.8809523809523809,0.0,0.07269256581842755,0.0,ahead_vae,ahead,False,0.0901227667927742,1.282271146774292,2.8922879695892334,1.5497992038726807,vae_candidate_pool_v1,belief_limited_heuristic_v1,342
VAE000986,vae_candidate_000986,0.7338973123042764,47.15008544921875,-4394.66259765625,4406.986750487934,1.5867329506983157,-0.022264431790241318,5.106490371444356,34,8063.648743563911,2407.9688861328996,1.7510415222985396,1.5325952711012356,2714.1770791405424,0.16520677403291173,0.4669953950065864,0.9931921855711452,0.999270428401661,0.6462326378906054,0.21888019028731745,0.9929243242490969,0.8095238095238095,0.0,0.0694032039210407,0.0,starboard_vae,starboard,False,0.09462009370326996,0.6835775375366211,1.501364827156067,1.2253501415252686,vae_candidate_pool_v1,belief_limited_heuristic_v1,343
VAE000500,vae_candidate_000500,0.7334903850492066,3639.88525390625,947.9736328125,3631.8181861977096,-2.872950332401908,-0.016065241964831757,4.716610602768927,39,8339.151442373177,2406.615128629443,1.9432832337760142,-0.2847075631527168,8679.411517825492,0.019055301109895062,0.750632892512166,0.9999092266216378,0.28087679884893685,1.0,0.24291040422200177,0.9874356995669111,0.9285714285714286,0.0,0.07046479021688397,0.0,ahead_vae,ahead,False,0.07745377719402313,1.44350004196167,1.968215823173523,1.8989403247833252,vae_candidate_pool_v1,belief_limited_heuristic_v1,344
VAE000129,vae_candidate_000129,0.7330393546903992,3140.918701171875,2443.719482421875,4005.582387172804,-2.444530227005308,0.029835661837833986,4.833310180947077,36,8297.55389004571,2510.189211930652,1.72840677623125,-0.6672267647466509,8071.396921080635,0.1745799695104231,0.6142736860647617,0.992399791381783,0.6188098799982183,1.0,0.21605084702890626,0.8144641342820125,0.8571428571428571,0.0,0.06840660672018264,0.0,ahead_vae,ahead,False,0.04773322492837906,1.139249563217163,2.9449076652526855,1.177299976348877,vae_candidate_pool_v1,belief_limited_heuristic_v1,345
VAE000219,vae_candidate_000219,0.7323003299301127,-1427.141357421875,-629.521240234375,1564.1644069516312,0.3993812520475875,-0.02128733131017782,5.036971710212568,36,8332.164317147857,2274.537275034873,1.899553878689289,2.7209240702320274,8534.588549494765,0.8527503503022547,0.87628448390608,0.8289571840025742,0.4083708379485287,1.0,0.23744423483616112,0.8446849343885534,0.8571428571428571,0.0,0.08598435508520741,0.0,astern_vae,astern,False,0.05141368880867958,2.276498556137085,1.519020915031433,1.777234435081482,vae_candidate_pool_v1,belief_limited_heuristic_v1,346
VAE000113,vae_candidate_000113,0.7322482275375691,658.0154418945312,639.2361450195312,904.1634160740173,-2.3369771979708185,-0.006967297130300507,4.93713581955284,34,8292.821833528647,2473.4074069200306,1.6576045307268483,-0.8115827527492752,7502.528139417692,0.6115596215586552,0.6550963308993257,0.9093767824514972,0.7253775722468987,1.0,0.20720056634085604,0.9896003962650569,0.8095238095238095,1.0,0.11035332049469232,0.11035332049469232,inside_convoy_envelope,inside,True,0.09618902951478958,1.3728572130203247,2.4830989837646484,1.1822774410247803,vae_candidate_pool_v1,belief_limited_heuristic_v1,347
VAE000241,vae_candidate_000241,0.7321598594268338,-1508.28564453125,4323.39501953125,4490.03369245501,-1.2408231052379293,-0.03788431082608364,5.216482975982011,38,8182.90135329649,2371.711027806094,1.9580082077537502,-1.9386538591779474,5155.7548899965295,0.5561110669449809,0.43790450772585904,0.9246572232597066,0.9330999545975864,1.0,0.24475102596921877,0.9123002953799404,0.9047619047619048,0.0,0.06983402567758479,0.0,astern_vae,astern,False,0.06082802638411522,2.0845370292663574,2.0876033306121826,1.1107906103134155,vae_candidate_pool_v1,belief_limited_heuristic_v1,348
VAE000433,vae_candidate_000433,0.7320675140357669,2201.802001953125,3862.049072265625,4417.6546461550615,-2.093194143272795,0.028510831789562305,5.209032528331472,36,8234.646110252112,2371.0506509193015,1.8438123916529134,-1.0198876785274358,6330.773390317316,0.09302863462895149,0.4632205278988508,0.9978379781966547,0.8520492313400063,1.0,0.23047654895661418,0.8215992583620578,0.8571428571428571,0.0,0.0699058934153055,0.0,ahead_vae,ahead,False,0.04858245700597763,0.7947641015052795,1.5150392055511475,1.89313805103302,vae_candidate_pool_v1,belief_limited_heuristic_v1,349
VAE000166,vae_candidate_000166,0.7319945851021197,2054.988525390625,-1227.878173828125,2432.116561624751,2.6127523874017844,0.008799237625593323,5.169782795799006,38,8309.84619773423,2376.5201191239694,1.9241951496376752,0.537639503813603,8354.531904098265,1.5067647975140466,0.9998050334639096,0.5319938914897175,0.5121099430945286,1.0,0.2405243937047094,0.9546657388448894,0.9047619047619048,0.0,0.07500945873318988,0.0,ahead_vae,ahead,False,0.06846990436315536,1.2230923175811768,2.5607855319976807,1.3589019775390625,vae_candidate_pool_v1,belief_limited_heuristic_v1,350
VAE001123,vae_candidate_001123,0.7318742656928308,975.542236328125,4504.10205078125,4647.012917854895,-1.7784185842887892,-0.0006017250975010731,4.496624860151751,35,8288.699846953457,2591.2780033375916,1.6295497455732748,-1.363775794398505,4239.648726378495,0.27033092280945326,0.38502191683441833,0.9818412880399368,0.9786476722253429,1.0,0.20369371819665935,0.8994544008268102,0.8333333333333334,0.0,0.06660679569776824,0.0,port_vae,port,False,0.05885899439454079,2.0419416427612305,1.9232341051101685,1.2863332033157349,vae_candidate_pool_v1,belief_limited_heuristic_v1,351
VAE000941,vae_candidate_000941,0.7316377536309923,2885.882568359375,1154.56396484375,3178.0079670113023,-2.782068111119789,0.004675336918417961,4.39867140396983,32,8269.323155568862,2288.0567084028303,1.6912711096381499,-0.354849205551586,8549.1181129071,0.8985739791430805,0.891880825250837,0.8113631881850663,0.34744896939930864,1.0,0.21140888870476873,0.9948111680248771,0.7619047619047619,0.0,0.07335207813460655,0.0,ahead_vae,ahead,False,0.08097217231988907,1.4188446998596191,2.937676191329956,1.8802094459533691,vae_candidate_pool_v1,belief_limited_heuristic_v1,352
VAE000790,vae_candidate_000790,0.7314886858251906,-3307.653076171875,-1360.1265869140625,3578.8566984290237,0.40154642254799927,0.0779310228372195,4.7718656831812005,35,8192.973897724174,2530.2187977355647,1.6883729875283344,2.8179772538790138,8572.29283374463,0.19798556927326005,0.7689696304346779,0.9902323973271558,0.3179963627301189,1.0,0.2110466234410418,0.9197453169791294,0.8333333333333334,0.0,0.06890537034577593,0.0,astern_vae,astern,False,0.062025707215070724,1.3325170278549194,1.854007363319397,1.5007017850875854,vae_candidate_pool_v1,belief_limited_heuristic_v1,353
VAE000573,vae_candidate_000573,0.731387880868541,-1746.611572265625,-145.30616760253906,1838.6623616505944,0.09768400890508369,0.05965311055024067,5.126671634052815,35,8297.614435940897,2404.8813606606504,1.7539658663544162,3.10356175523495,8383.05228807429,0.3411009556635376,0.9421740953848138,0.9711934698708556,0.03802173135771226,1.0,0.21924573329430203,0.9967967938600368,0.8333333333333334,0.0,0.0798637247610498,0.0,astern_vae,astern,False,0.08232349157333374,0.9352751970291138,2.930323600769043,1.913730502128601,vae_candidate_pool_v1,belief_limited_heuristic_v1,354
VAE000133,vae_candidate_000133,0.7312813074048004,1492.948974609375,393.7079162597656,1591.9096274579458,-2.8262300945858185,-0.014517982052498072,5.287939060226704,35,8390.130602868945,2495.249785334208,1.6718037545353779,-0.32988054105647263,8746.029837068905,0.6751358366631695,0.8838725919067697,0.8903110299818671,0.3239300128641289,1.0,0.20897546931692224,0.8346066078410685,0.8333333333333334,0.0,0.08264570807016702,0.0,ahead_vae,ahead,False,0.050160787999629974,1.9393738508224487,1.9544198513031006,1.4435406923294067,vae_candidate_pool_v1,belief_limited_heuristic_v1,355
VAE000145,vae_candidate_000145,0.7311959368245531,-1703.638671875,306.91925048828125,1718.1729608661317,-0.15804527657443204,-0.020000717217178096,5.1973403285565585,34,8174.602033354586,2382.031233830287,1.746082848354668,-3.003548094232539,8424.619885780192,0.5014683075257035,0.9158702705828775,0.938438836007586,0.13760654048536256,1.0,0.2182603560443335,0.9918288397826115,0.8095238095238095,0.0,0.08188675674685365,0.0,astern_vae,astern,False,0.07936187088489532,2.3288955688476562,1.5359439849853516,1.7770555019378662,vae_candidate_pool_v1,belief_limited_heuristic_v1,356
VAE000864,vae_candidate_000864,0.731159056749659,-3411.150634765625,1948.3798828125,3967.079626762709,-0.5073036424462453,0.0651024642037573,5.0277922976725895,36,8181.79656891749,2601.9279290313502,1.6910582241247747,-2.5691865469397905,8286.969600105944,0.20048010475216776,0.6286234881334284,0.9899855414010648,0.5416561882559331,1.0,0.21138227801559684,0.9173536953322269,0.8571428571428571,0.0,0.06732808987858777,0.0,astern_vae,astern,False,0.06163593381643295,1.823244571685791,2.4861950874328613,1.126427173614502,vae_candidate_pool_v1,belief_limited_heuristic_v1,357
VAE000857,vae_candidate_000857,0.7311533107190544,-2354.30224609375,-218.35299682617188,2386.1849551393225,0.06561146172843557,0.03287166893630207,4.6521344037887955,35,8362.826431832267,2508.5314288875334,1.6683816884750824,3.10885286079766,8440.458928053844,0.4395271213301446,0.9999639221131095,0.9524764898712309,0.032733944174179457,1.0,0.2085477110593853,0.826813155723833,0.8333333333333334,0.0,0.07352112095444664,0.0,astern_vae,astern,False,0.12532269954681396,2.354185104370117,1.9921984672546387,1.3522632122039795,vae_candidate_pool_v1,belief_limited_heuristic_v1,358
VAE000497,vae_candidate_000497,0.7310745736875417,2377.21875,-187.39373779296875,2419.7213547186034,3.0945209484596155,-0.004237405941954914,4.86144043531339,39,8343.681401105372,2498.937269777821,1.8704734165291705,0.04283429918822293,8443.03567040642,0.44151701840593055,0.99992648061725,0.9520522321934484,0.04282120182398969,1.0,0.23380917706614632,0.7225407386821355,0.9285714285714286,0.0,0.0734348442004328,0.0,ahead_vae,ahead,False,0.13701458275318146,0.9445176720619202,2.953827381134033,1.8358027935028076,vae_candidate_pool_v1,belief_limited_heuristic_v1,359
VAE000712,vae_candidate_000712,0.7310060650266839,-1192.8974609375,-703.9764404296875,1442.1244306174194,0.57439980469164,0.031746583438265634,4.846740927312554,36,8202.922166515526,2524.221590531379,1.7386270528497008,2.598939432336419,8328.036005862527,0.9726338829568606,0.8407631445080378,0.7815624602072373,0.5164098702352895,1.0,0.2173283816062126,0.8769470977563167,0.8571428571428571,0.0,0.0856501223082842,0.0,astern_vae,astern,False,0.05564412474632263,0.9673947691917419,2.099470376968384,1.4372875690460205,vae_candidate_pool_v1,belief_limited_heuristic_v1,360
VAE000635,vae_candidate_000635,0.7309444697200629,-1066.697509765625,-978.3184204101562,1582.6402638006375,0.7435035377001821,0.06444631847704517,4.537033921826276,37,8102.356520488291,2509.045848617268,1.8200435401154635,2.4625354343666563,7880.802270301816,1.3500959900956184,0.8813587426512782,0.609456513152898,0.6280596640684254,1.0,0.22750544251443294,0.9394654360038187,0.8809523809523809,1.0,0.08273384381181043,0.08273384381181043,inside_convoy_envelope,inside,True,0.06545957922935486,1.9659987688064575,1.919395923614502,1.827763557434082,vae_candidate_pool_v1,belief_limited_heuristic_v1,361
VAE000899,vae_candidate_000899,0.7309157919404621,804.77978515625,-4432.0234375,4647.190887727196,1.7200223256431466,-0.006706850383660497,5.491963892387236,33,8230.575239710075,2500.0971068191366,1.6037138245485187,1.4148634775629862,3747.9859559703136,0.12234122907640277,0.38496370702195204,0.9962628207215306,0.9878670875504962,0.8923776085643604,0.20046422806856484,0.9960499393114043,0.7857142857142857,0.0,0.06780696900069261,0.0,starboard_vae,starboard,False,0.08177638053894043,2.186617136001587,1.489254117012024,1.0455658435821533,vae_candidate_pool_v1,belief_limited_heuristic_v1,362
VAE000792,vae_candidate_000792,0.7305989463596286,3254.2431640625,-2705.61376953125,4222.521574992065,2.4607522375294155,0.012763024183461579,4.459443091175915,40,8379.795012609537,2332.4602237988393,2.0465028321758623,0.6936034402438394,7934.79089388326,0.14033655762315922,0.5337120352861855,0.9950844879165683,0.6393121824922234,1.0,0.2558128540219828,0.9475911813784456,0.9523809523809523,0.0,0.07069821738761646,0.0,ahead_vae,ahead,False,0.10751380771398544,1.2208091020584106,1.9309799671173096,1.2979991436004639,vae_candidate_pool_v1,belief_limited_heuristic_v1,363
VAE001082,vae_candidate_001082,0.7301673474170526,2382.316162109375,3769.705078125,4470.210185197842,-2.1208830593711614,0.012808451386999733,5.077641620165225,33,8235.417585973557,2570.390841475697,1.5589390982747002,-1.007901142831632,6568.537637659769,0.18071926590876486,0.44478489259389076,0.9918573342189327,0.8457136805182379,1.0,0.19486738728433753,0.962534777245676,0.7857142857142857,0.0,0.06706159040632362,0.0,ahead_vae,ahead,False,0.07021372020244598,1.0695033073425293,2.0422146320343018,1.9171111583709717,vae_candidate_pool_v1,belief_limited_heuristic_v1,364
VAE000776,vae_candidate_000776,0.7301289111191768,2515.64306640625,567.9261474609375,2585.8755157736177,-2.8966850245315587,-0.011465822526900786,4.821082810355021,35,8197.36544065466,2523.9315447043773,1.691672059280188,-0.25637345158513514,8569.446171053893,1.0879813330800447,0.9934901459025657,0.7321371138824581,0.2535742089899211,1.0,0.2114590074100235,0.9941943531763472,0.8333333333333334,0.0,0.07222498011727062,0.0,ahead_vae,ahead,False,0.09392539411783218,0.6948127746582031,1.5054965019226074,1.3902517557144165,vae_candidate_pool_v1,belief_limited_heuristic_v1,365
VAE001211,vae_candidate_001211,0.7300076352180607,-1638.0478515625,-484.82257080078125,1648.9571758770646,0.2623558147952362,-0.0240544297614786,4.892123879291867,36,8246.571878114302,2464.320750665965,1.7714619079967147,2.855182409033079,8606.837715391968,0.8270658923705059,0.8988594423624824,0.8385190110170985,0.2825105288871742,1.0,0.22143273849958933,0.9823955156841422,0.8571428571428571,0.0,0.08198780326092689,0.0,astern_vae,astern,False,0.09889659285545349,0.8727222084999084,2.0042972564697266,1.0682342052459717,vae_candidate_pool_v1,belief_limited_heuristic_v1,366
VAE000011,vae_candidate_000011,0.7299377222335114,614.6226196289062,4504.19580078125,4515.073552072617,-1.7579530819240463,-0.01901735095202389,4.426353774885392,38,8185.358191518931,2275.3865127775275,2.040284490411847,-1.4026569226177708,3613.1042838654184,0.36570859280056545,0.42927437148758285,0.9669352974860455,0.9858978407434527,0.8602629247298615,0.25503556130148086,0.8436753416654104,0.9047619047619048,0.0,0.07137593222472494,0.0,port_vae,port,False,0.05128689855337143,1.5397061109542847,2.023693084716797,1.0849088430404663,vae_candidate_pool_v1,belief_limited_heuristic_v1,367
VAE000896,vae_candidate_000896,0.7297426022570781,-1076.971923828125,-1113.2486572265625,1588.5173796295035,0.7485163269519952,0.0007427093339200567,4.744299919662052,34,8196.402270092673,2586.783911618182,1.603597981439257,2.393819035971718,7768.674088919293,1.3123145546160733,0.8829551119343271,0.6278065280087994,0.6800080527969228,1.0,0.20044974767990711,0.8064470926046537,0.8095238095238095,1.0,0.08177483967276329,0.08177483967276329,inside_convoy_envelope,inside,True,0.04679166153073311,1.0637856721878052,1.508838415145874,1.048539638519287,vae_candidate_pool_v1,belief_limited_heuristic_v1,368
VAE000373,vae_candidate_000373,0.72901377639416,2521.68798828125,-532.5208740234375,2705.3112784723467,2.961702182938951,-0.014225117222841102,4.848993290469781,34,8297.433379922282,2457.518436871793,1.6673944753745775,0.1656653534280015,8589.097937503173,0.866463619432563,0.9825333629698527,0.8237627337569992,0.16490861141937294,1.0,0.2084243094218222,0.9646374005197822,0.8095238095238095,0.0,0.07248492237503809,0.0,ahead_vae,ahead,False,0.07070812582969666,2.17379093170166,2.9493818283081055,1.2344191074371338,vae_candidate_pool_v1,belief_limited_heuristic_v1,369
VAE000233,vae_candidate_000233,0.7288939156519051,3248.03662109375,-2092.903564453125,3972.206632913228,2.5494790105443195,0.027572283631567017,5.487769348618191,38,8282.179912446989,2171.543051154903,2.1128588870816953,0.6196859266770417,8003.386586647187,0.29619824407488116,0.6267137704312546,0.9782265391093948,0.5807795143728892,1.0,0.2641073608852119,0.7961251220275062,0.9047619047619048,0.0,0.07385862203744746,0.0,ahead_vae,ahead,False,0.04559739679098129,1.2919931411743164,2.9685568809509277,1.9039225578308105,vae_candidate_pool_v1,belief_limited_heuristic_v1,370
VAE000994,vae_candidate_000994,0.7286166234212351,-473.79669189453125,-4312.71435546875,4389.74871383315,1.4760605567729594,0.019576922300476134,5.338966558337954,36,8155.489505175532,2365.7611155342934,1.8658708430854902,1.6851090191173095,3280.5676629932723,0.5241441062591722,0.47311722521959815,0.932876304847904,0.9934734159521296,0.7810875388079219,0.23323385538568628,0.8898382222545105,0.8571428571428571,0.0,0.07003827592805313,0.0,starboard_vae,starboard,False,0.05745304003357887,2.039217710494995,1.4825937747955322,1.0585309267044067,vae_candidate_pool_v1,belief_limited_heuristic_v1,371
VAE000943,vae_candidate_000943,0.7284860901626538,3090.0107421875,-2674.907958984375,4110.491928506552,2.456847083712147,0.061306959524736554,5.219102047052811,35,8389.442848817516,2478.867420191944,1.6829903465516443,0.7460525294023823,7843.507153509227,0.2424610136611962,0.5751766871964383,0.9853750222680016,0.678745136408752,1.0,0.21037379331895553,0.811342859861989,0.8333333333333334,0.0,0.06866087680607454,0.0,ahead_vae,ahead,False,0.04736511409282684,0.7436015009880066,1.485437273979187,1.4481120109558105,vae_candidate_pool_v1,belief_limited_heuristic_v1,372
VAE000887,vae_candidate_000887,0.7284612609924385,-1674.671875,194.62506103515625,1616.5722060955543,-0.0703950537706979,0.09147966012150455,5.064129474578138,38,8500.835244557886,2296.189522890414,1.9467683027550624,-2.9797179396975904,8759.776610145585,0.4794017598184813,0.8904551738150236,0.9436355094483593,0.1611686942670553,1.0,0.2433460378443828,0.9150380841206142,0.9047619047619048,0.0,0.08466726572741687,0.0,astern_vae,astern,False,0.06126316636800766,2.1908276081085205,1.5174673795700073,1.7994565963745117,vae_candidate_pool_v1,belief_limited_heuristic_v1,373
VAE000222,vae_candidate_000222,0.7280767725657247,3123.681884765625,-2509.35791015625,4091.316726845848,2.4569603912689297,0.05511605336285394,4.847371328248736,37,8316.440970149928,2329.8323183896855,1.9095874399657067,0.7397483156837172,7713.386040260279,0.35240971253073683,0.5823130314724194,0.9692718505852053,0.674102029319425,1.0,0.23869842999571333,0.7935634890464683,0.8809523809523809,0.0,0.0709209558999524,0.0,ahead_vae,ahead,False,0.04530392959713936,0.8078140616416931,2.9545788764953613,1.8920263051986694,vae_candidate_pool_v1,belief_limited_heuristic_v1,374
VAE000494,vae_candidate_000494,0.7274778555986618,2860.561767578125,266.5049743652344,2907.916795902164,-3.058192788989828,0.035604268538146806,5.113658528841688,37,8100.027016435935,2327.4863645579185,1.9625833554045484,-0.04779559606181815,8201.978098214,0.6005839005317561,0.9524026461912214,0.9125028895965284,0.047777400612260906,1.0,0.24532291942556855,0.983718082374848,0.8809523809523809,0.0,0.07360352534135703,0.0,ahead_vae,ahead,False,0.07608547806739807,1.7178398370742798,2.9417595863342285,1.264885663986206,vae_candidate_pool_v1,belief_limited_heuristic_v1,375
VAE000727,vae_candidate_000727,0.7273285646058139,-3518.841552734375,1686.60888671875,3991.0035384199095,-0.4693860590223215,0.04031676969608916,5.351947021596383,37,8181.300250428884,2301.267201314088,1.9652252927230012,-2.6318898248713825,8264.200816208642,0.04631704828708033,0.6197090700166354,0.9994637786313647,0.48791787072723347,1.0,0.24565316159037515,0.969009263599332,0.8809523809523809,0.0,0.07155646128142337,0.0,astern_vae,astern,False,0.10275007784366608,2.3051915168762207,1.999313235282898,1.400904893875122,vae_candidate_pool_v1,belief_limited_heuristic_v1,376
VAE001104,vae_candidate_001104,0.7270074363096249,3510.804443359375,-1276.9656982421875,3746.4749978726286,2.811615942812002,0.019540689529328765,4.995184537491083,38,8505.650659873721,2419.2559225605983,1.8466910402817724,0.34951740030711975,8819.843446787778,0.2626701347257021,0.7098361168840579,0.9828500471234658,0.3424444265594572,1.0,0.23083638003522156,0.9955916575765374,0.9047619047619048,0.0,0.07003251797888643,0.0,ahead_vae,ahead,False,0.08146597445011139,0.7581598162651062,2.5290348529815674,1.924966812133789,vae_candidate_pool_v1,belief_limited_heuristic_v1,377
VAE000224,vae_candidate_000224,0.7267679425275907,3616.802490234375,884.5884399414062,3545.1171721916157,-2.9000309322390145,0.007821119172239424,4.898916390407209,40,8254.353841307582,2292.4827116426877,2.1138338108966117,-0.23374060217853915,8560.871948814862,0.06504526746847673,0.7804523914541263,0.9989426511674675,0.23161801873925947,1.0,0.26422922636207646,0.8803738265283956,0.9523809523809523,0.0,0.07242929756734501,0.0,ahead_vae,ahead,False,0.05611726641654968,0.7401158809661865,1.5071049928665161,1.4857840538024902,vae_candidate_pool_v1,belief_limited_heuristic_v1,378
VAE000067,vae_candidate_000067,0.7264404659187174,3136.110595703125,535.8687133789062,3232.1587407224492,-2.9969876144020384,-0.01273333396406302,5.0993011839028615,36,8320.559754352082,2494.0214249208275,1.7348014519119637,-0.1573383731518177,8608.571052996973,0.17361863664097577,0.8773009946720406,0.992483052960075,0.15669001474875768,1.0,0.21685018148899546,0.7921078875470947,0.8571428571428571,0.0,0.0701578697520837,0.0,ahead_vae,ahead,False,0.1293952614068985,2.3564612865448,1.5173447132110596,1.1970869302749634,vae_candidate_pool_v1,belief_limited_heuristic_v1,379
VAE000796,vae_candidate_000796,0.7263996821328521,3187.27587890625,2192.770263671875,3948.5568215765384,-2.6016266851248844,0.0191847465159516,5.086117259716962,35,8302.919962260827,2551.751433374992,1.6519573306307955,-0.5207812219489572,8471.852217950473,0.2685332822243942,0.6355188894952024,0.9820805396519621,0.4975579455407786,1.0,0.20649466632884944,0.9768130920124252,0.8333333333333334,0.0,0.06794881457199936,0.0,ahead_vae,ahead,False,0.07390017062425613,1.0097678899765015,2.036383628845215,1.3552727699279785,vae_candidate_pool_v1,belief_limited_heuristic_v1,380
VAE000482,vae_candidate_000482,0.7260837565515885,-608.8551635742188,-665.0060424804688,922.6169692944236,0.8448736341937236,0.01946224084835794,5.057492551418109,38,8238.436467074736,2503.239771437769,1.842622413106085,2.3161812602444276,7427.206276249561,0.6586929218156129,0.6619261724073034,0.8953964740492584,0.734826873899734,1.0,0.23032780163826064,0.8133170211267298,0.9047619047619048,1.0,0.10869212755326932,0.10869212755326932,inside_convoy_envelope,inside,True,0.04759770631790161,0.6906240582466125,2.4846436977386475,1.527227759361267,vae_candidate_pool_v1,belief_limited_heuristic_v1,381
VAE000865,vae_candidate_000865,0.7260765035374988,-1309.653076171875,339.0582580566406,1395.8630065254044,-0.26752550091308885,-0.014194943716355898,5.30887541942001,38,8262.118581321534,2365.0009513588907,1.944736892280104,-2.8882620963930603,8591.156248767693,0.2916930507931454,0.8264604354764815,0.9788791853688095,0.2506295993509475,1.0,0.243092111535013,0.8357610097031299,0.9047619047619048,0.0,0.08863252371121999,0.0,astern_vae,astern,False,0.0503029003739357,2.2296392917633057,1.9624499082565308,1.3931829929351807,vae_candidate_pool_v1,belief_limited_heuristic_v1,382
VAE000987,vae_candidate_000987,0.7258647865961181,-1504.561279296875,-165.753173828125,1392.0053175018488,0.18148368596448297,0.011794308477624723,5.074462880936751,37,8457.762176021046,2298.9595641016745,1.9028954268389127,2.9719032761029354,8724.525177851452,0.10148434873189957,0.8252486341564983,0.9974274407926516,0.16887619609281385,1.0,0.23786192835486408,0.9893839610176846,0.8809523809523809,0.0,0.0895393590047098,0.0,astern_vae,astern,False,0.07825103402137756,2.0786144733428955,2.456503391265869,1.6212575435638428,vae_candidate_pool_v1,belief_limited_heuristic_v1,383
VAE001148,vae_candidate_001148,0.7257560345048578,2944.16064453125,63.015174865722656,2952.24908395481,-3.1093637763479505,0.05220374383689248,5.070392000774672,35,8079.189863304302,2179.3775300755383,1.9877774574997078,0.019974866595049837,8121.108018107034,0.05659830200121909,0.9439783999883277,0.9991993718124268,0.019973538308582537,1.0,0.24847218218746348,0.8335529376184129,0.8333333333333334,0.0,0.07595578871837079,0.0,ahead_vae,ahead,False,0.050031378865242004,2.196998119354248,1.5026288032531738,1.8884884119033813,vae_candidate_pool_v1,belief_limited_heuristic_v1,384
VAE000409,vae_candidate_000409,0.7256179667621296,-3284.4462890625,2537.139404296875,4112.535951459169,-0.6519539656200427,-0.03185024421751616,5.733424830014217,36,8146.605645964409,2361.3051080740183,1.8714304875567414,-2.5214889321872667,8002.056451504741,0.23379560001232197,0.5744164403409814,0.986397035999605,0.5811195740267392,1.0,0.23392881094459267,0.9672226278728651,0.8571428571428571,0.0,0.07043927759421856,0.0,astern_vae,astern,False,0.07133547216653824,1.960701823234558,1.522392749786377,1.1173107624053955,vae_candidate_pool_v1,belief_limited_heuristic_v1,385
VAE000481,vae_candidate_000481,0.7253707446610469,2759.865478515625,-170.80206298828125,2746.176840390482,3.0403021035055717,0.008997354387198465,5.104571269524401,35,8232.78487859444,2236.7075089365453,1.9006934631724086,0.11028790447142026,8428.948197165895,0.8286521080876705,0.9776009070552316,0.837934899217878,0.11006446068851275,1.0,0.23758668289655108,0.991974754414397,0.8333333333333334,0.0,0.07566063146949281,0.0,ahead_vae,ahead,False,0.07943305373191833,0.677170991897583,2.9431838989257812,1.1617424488067627,vae_candidate_pool_v1,belief_limited_heuristic_v1,386
VAE000109,vae_candidate_000109,0.7253406115234317,3263.592529296875,-2800.79296875,4363.120308130497,2.4071609590333165,-0.0029256361810055006,5.49681064262052,40,8218.585614020874,2524.8558388531965,1.9276417386085416,0.7315060583754714,7802.599755075476,0.08622677496044728,0.4826254307926951,0.9981423872026864,0.6679911544286216,1.0,0.2409552173260677,0.9999354096504228,0.9523809523809523,0.0,0.06777241155451294,0.0,ahead_vae,ahead,False,0.08656510710716248,1.8773155212402344,2.050757646560669,1.4353313446044922,vae_candidate_pool_v1,belief_limited_heuristic_v1,387
VAE000968,vae_candidate_000968,0.7251312680981254,-1473.6513671875,222.33786010742188,1552.113066808737,-0.1543040497646136,0.04794251436178299,5.263773041306994,33,8247.802455723615,2192.93024500537,1.8245294254165374,-2.9393460894633967,8520.189180806055,0.4665800811173113,0.872929714603824,0.9465559528590053,0.20087061001138629,1.0,0.22806617817706717,0.9410062129865495,0.7857142857142857,0.0,0.0874532244807579,0.0,astern_vae,astern,False,0.06574761867523193,2.1590962409973145,1.5143611431121826,1.6543270349502563,vae_candidate_pool_v1,belief_limited_heuristic_v1,388
VAE000914,vae_candidate_000914,0.7250383980875995,-1070.07763671875,4454.943359375,4483.129712441881,-1.387060148087743,0.01240598352159194,5.575003726266314,37,8148.851557092981,2532.0258453095867,1.7932349024018357,-1.7421265219804583,3884.278007830945,0.6471882266394428,0.44029601588131473,0.8988911481879174,0.9853588494735245,0.9248280971026059,0.22415436280022946,0.8909731725489755,0.8809523809523809,0.0,0.0675656088712663,0.0,port_vae,port,False,0.057616282254457474,1.2822597026824951,2.033726930618286,1.071864366531372,vae_candidate_pool_v1,belief_limited_heuristic_v1,389
VAE001035,vae_candidate_001035,0.7249086944908129,-1815.00830078125,-970.9210205078125,2051.7295094583874,0.5056323835187917,0.02516188103695385,4.993075477684851,36,8178.909275689791,2432.828549760525,1.8092376061111328,2.6611221511079557,8377.317919148269,1.2664439933198186,0.9773322553081216,0.6498376687645491,0.4621964577260061,1.0,0.2261547007638916,0.7608588080338564,0.8571428571428571,0.0,0.07715446156891512,0.0,astern_vae,astern,False,0.041644588112831116,1.1529512405395508,1.9861855506896973,1.1972249746322632,vae_candidate_pool_v1,belief_limited_heuristic_v1,390
VAE000438,vae_candidate_000438,0.7245150685038048,-1453.940673828125,-377.5868835449219,1513.4748753359738,0.25197275722240386,-0.025485629654688677,5.041865887247542,39,8172.535067730883,2286.8783876865255,2.086722717341451,2.8641342667127008,8486.377921361476,0.7637411284103496,0.861941054796303,0.8611268003752852,0.27391212747982646,1.0,0.2608403396676814,0.9459604214384728,0.9285714285714286,0.0,0.08687454826260085,0.0,astern_vae,astern,False,0.06669774651527405,1.7992178201675415,1.5171027183532715,1.477370023727417,vae_candidate_pool_v1,belief_limited_heuristic_v1,391
VAE001193,vae_candidate_001193,0.7242919088013189,2266.228515625,1744.712158203125,2809.812997926828,-2.473198705204308,-0.03984284138333019,5.799396130955822,37,8122.80599453888,2399.1954482333954,1.8985848655987119,-0.7082367897688154,7730.018614710247,1.6700358092074172,0.9687507180132919,0.45046166515935443,0.650495607049591,1.0,0.23732310819983898,0.9165019761579561,0.8809523809523809,0.0,0.07289631492595482,0.0,ahead_vae,ahead,False,0.061498306691646576,2.183663845062256,2.6010334491729736,1.7874587774276733,vae_candidate_pool_v1,belief_limited_heuristic_v1,392
VAE000153,vae_candidate_000153,0.7238237712345861,-1281.423095703125,-2387.936279296875,2610.3975844905312,1.1416802383078002,0.03252846951663599,5.0050226128568935,32,8372.636225870674,2391.284524572626,1.5982933873288958,2.0324408847986297,5870.316674519833,1.9437647818175154,0.9916668348558938,0.317809296767251,0.8953211877235344,1.0,0.19978667341611198,0.7831263816290573,0.7619047619047619,0.0,0.07382497143213967,0.0,astern_vae,astern,False,0.04411929100751877,1.1299631595611572,2.5262105464935303,1.0796318054199219,vae_candidate_pool_v1,belief_limited_heuristic_v1,393
VAE000662,vae_candidate_000662,0.7238131767003618,108.76239013671875,-4517.9990234375,4434.970008554829,1.559566647778692,0.023947860807673083,5.114233977460828,37,8205.607047905942,2459.320224645621,1.8334789458154195,1.605973866618774,2746.3922668552314,0.3462805826285537,0.4571164117971223,0.9703207961520395,0.9993813341477354,0.653902920679817,0.22918486822692744,0.9054837060488284,0.8809523809523809,0.0,0.06859121839213904,0.0,starboard_vae,starboard,False,0.059769079089164734,1.923957109451294,1.503765344619751,1.8889023065567017,vae_candidate_pool_v1,belief_limited_heuristic_v1,394
VAE000292,vae_candidate_000292,0.723280724116598,2841.6142578125,249.39779663085938,2803.4321271420836,-3.0669263386793664,0.03413194749862405,5.406909135092692,34,8172.558429509883,2615.8815490542265,1.5903869673965045,-0.0405343674118027,8271.849519378,0.5258063911898097,0.969701477815232,0.9324597432849395,0.04052326842664493,1.0,0.19879837092456307,0.8929967082607575,0.8095238095238095,0.0,0.07013159724263829,0.0,ahead_vae,ahead,False,0.11662386357784271,1.9730454683303833,2.0512514114379883,1.9329079389572144,vae_candidate_pool_v1,belief_limited_heuristic_v1,395
VAE000595,vae_candidate_000595,0.7231686083654988,3332.728271484375,734.9865112304688,3489.3717437619766,-2.882123488079878,-0.0035567175282194756,4.631972212912615,33,8386.223621164027,2531.991764399999,1.554122372135329,-0.26302588303813473,8756.128619427247,0.029001722021293475,0.7990476131496612,0.9997897397680577,0.260003553563154,1.0,0.19426529651691612,0.8497174676711415,0.7857142857142857,0.0,0.06902152920197394,0.0,ahead_vae,ahead,False,0.052050214260816574,1.140479564666748,1.4974002838134766,1.3665611743927002,vae_candidate_pool_v1,belief_limited_heuristic_v1,396
VAE001216,vae_candidate_001216,0.7227489894875011,3502.3701171875,-1592.3212890625,3890.1292333466,2.6976530232242464,0.019749060595574065,5.183878270763923,33,8244.422050940218,2420.7753274443808,1.6534811159609644,0.46368869096112086,8456.576368435492,0.24822287954500233,0.657210153872917,0.9846752790637179,0.44725033994492536,1.0,0.20668513949512055,0.9931043838039032,0.7857142857142857,0.0,0.06983774169839374,0.0,ahead_vae,ahead,False,0.08000732958316803,1.1384923458099365,2.929138422012329,1.3850504159927368,vae_candidate_pool_v1,belief_limited_heuristic_v1,397
VAE000096,vae_candidate_000096,0.7222613961674876,-975.9915161132812,670.3599243164062,1272.0231237888588,-0.6068603432883051,0.11607603699389263,5.588377851436815,37,8263.706894775241,2403.790241195899,1.8626456887991292,-2.4186562733075956,7786.99737898748,1.215464459602317,0.786221739821915,0.673950760098436,0.6615894136043423,1.0,0.23283071109989115,0.9942315664294157,0.8809523809523809,1.0,0.09189099541493943,0.09189099541493943,inside_convoy_envelope,inside,True,0.08062896877527237,1.642892599105835,2.007685899734497,1.6848200559616089,vae_candidate_pool_v1,belief_limited_heuristic_v1,398
VAE000203,vae_candidate_000203,0.721537243036529,2962.64794921875,-3064.52392578125,4323.537782388505,2.345182689405074,-0.015163969138022376,4.96916708838761,33,8258.601755699821,2441.9423460505463,1.6363342083336214,0.781245995046697,7583.439888824474,0.24393689158025866,0.49686722643057696,0.9851973201854463,0.7041646677963391,1.0,0.20454177604170268,0.9976037600373884,0.7857142857142857,0.0,0.06894817529176217,0.0,ahead_vae,ahead,False,0.0829920843243599,0.6487956047058105,2.8691940307617188,1.627306342124939,vae_candidate_pool_v1,belief_limited_heuristic_v1,399
VAE000381,vae_candidate_000381,0.7207843800491834,3538.988037109375,1161.4110107421875,3775.5591019487397,-2.808870122119663,0.001113718348482152,5.349564269825968,38,8180.305411013551,2367.0433510483194,1.962491870744475,-0.3316088131216479,8505.266247584193,0.1962408318907567,0.6992921024817405,0.9904032413368232,0.3255646137173096,1.0,0.24531148384305937,0.9635367835554627,0.9047619047619048,0.0,0.07084143107668156,0.0,ahead_vae,ahead,False,0.104085274040699,1.4770309925079346,1.897468090057373,1.5616230964660645,vae_candidate_pool_v1,belief_limited_heuristic_v1,400
VAE000100,vae_candidate_000100,0.7206893614745065,2853.250732421875,477.4000244140625,2948.393384474983,-2.9805160897779284,0.08729237759240474,4.7805155604974585,33,8372.889152985716,2340.6026766444998,1.683879077661911,-0.07378418621946001,8522.650849797445,0.6038170272582084,0.9447359826723268,0.9115871759967502,0.07371725628391788,1.0,0.21048488470773888,0.9602097220319461,0.7857142857142857,0.0,0.07319398764379569,0.0,ahead_vae,ahead,False,0.06968198716640472,0.7281860113143921,2.5888710021972656,1.2639615535736084,vae_candidate_pool_v1,belief_limited_heuristic_v1,401
VAE000264,vae_candidate_000264,0.7206587416242664,2473.4453125,-266.6582946777344,2308.5909799224373,3.011668332268747,0.006604423814103257,5.06383574409155,38,8210.439745945481,2296.683114300273,2.015190471249648,0.1365287451351496,8446.626864086462,0.9703444382449917,0.9984217365709402,0.7825076877228161,0.13610498873389745,1.0,0.251898808906206,0.9113856753805879,0.9047619047619048,0.0,0.07700110932734265,0.0,ahead_vae,ahead,False,0.0606839582324028,1.8369243144989014,2.9499189853668213,1.818142056465149,vae_candidate_pool_v1,belief_limited_heuristic_v1,402
VAE000437,vae_candidate_000437,0.720573570571346,-918.3162231445312,-1160.4736328125,1531.052785509413,0.9141761735191662,0.017979769152638405,4.74168015519593,35,8219.010975174162,2314.501418605421,1.8398864993312989,2.245396249223265,6940.996183987004,1.518391108278521,0.8669836069837977,0.5261906175037363,0.7809568960459911,1.0,0.22998581241641236,0.8267213684014025,0.8333333333333334,1.0,0.0861184057441375,0.0861184057441375,inside_convoy_envelope,inside,True,0.049199119210243225,1.1630580425262451,1.5117067098617554,1.0673487186431885,vae_candidate_pool_v1,belief_limited_heuristic_v1,403
VAE000285,vae_candidate_000285,0.7204335588181828,3531.11083984375,-1581.884765625,3882.5304667592227,2.6846835943435954,0.0788599419845473,4.854983392004031,38,8233.894375148368,2442.0232199886655,1.8898551390209433,0.5357690012307458,8326.789487094607,0.3635942820862854,0.6600224720336028,0.9673123040414074,0.510502436247649,1.0,0.2362318923776179,0.761856325467764,0.9047619047619048,0.0,0.0695468800810343,0.0,ahead_vae,ahead,False,0.04175407066941261,1.4118359088897705,2.5571608543395996,1.1103017330169678,vae_candidate_pool_v1,belief_limited_heuristic_v1,404
VAE000087,vae_candidate_000087,0.7202788128338292,-999.6619262695312,4651.32373046875,4603.714375331372,-1.3637259004824753,0.019077683101235112,4.807037835076154,37,8176.060728717585,2826.7043423506357,1.6009480128622846,-1.7587890700060826,4304.904191272431,0.6221874015495862,0.39930653176715203,0.9063027766868992,0.9823813448757197,1.0,0.20011850160778558,0.8813854078075039,0.8809523809523809,0.0,0.06406057703875992,0.0,port_vae,port,False,0.05625796318054199,1.6598663330078125,2.4082491397857666,1.3302134275436401,vae_candidate_pool_v1,belief_limited_heuristic_v1,405
VAE001217,vae_candidate_001217,0.7199281193398537,2262.018310546875,4025.091796875,4634.41022695258,-2.1246140080085003,0.04454249778531671,5.073525659111037,37,8382.771032419623,2589.8500153142645,1.7042743445899753,-0.9724361477959761,6861.807500780187,0.11184212789456893,0.38915457442927726,0.9968760929692807,0.8262604174118724,1.0,0.2130342930737469,0.9944861169443225,0.8809523809523809,0.0,0.06661228386863134,0.0,ahead_vae,ahead,False,0.09375543892383575,1.612905740737915,1.5074578523635864,1.2820703983306885,vae_candidate_pool_v1,belief_limited_heuristic_v1,406
VAE000447,vae_candidate_000447,0.7198518681485485,2473.250732421875,-3728.14599609375,4517.946414091149,2.1737741407812496,-0.03641295051210411,4.655044988742029,33,8240.468412569644,2688.316528917552,1.4896410739216417,0.9314055622964397,7074.407408225176,0.179264679471175,0.42828867029571693,0.9919875354582822,0.8024594416699301,1.0,0.1862051342402052,0.993567326155429,0.7857142857142857,0.0,0.06559971635915623,0.0,ahead_vae,ahead,False,0.08025605231523514,1.476676106452942,1.930567979812622,1.6939092874526978,vae_candidate_pool_v1,belief_limited_heuristic_v1,407
VAE000716,vae_candidate_000716,0.7193636827509289,3345.507568359375,-2646.185302734375,4266.320837303576,2.454627992837528,0.009299406627079758,5.1581587766458155,34,8296.765483018005,2585.2105469040366,1.5851639373494104,0.6962640673793452,8023.679977893688,0.18427460378468874,0.517657677610785,0.9915347130637082,0.6413557992775129,1.0,0.1981454921686763,0.9973785756723387,0.8095238095238095,0.0,0.0670933043409537,0.0,ahead_vae,ahead,False,0.08279550075531006,0.7521271109580994,2.9497809410095215,1.3187932968139648,vae_candidate_pool_v1,belief_limited_heuristic_v1,408
VAE001213,vae_candidate_001213,0.7189997366834529,1977.425537109375,-885.556884765625,2181.69896768479,2.7640473008757387,-0.01982617642304194,4.908233915473086,33,8351.177464060856,2172.5021537078464,1.8188882255975185,0.3577191762910135,8583.207179741357,1.2125196835961243,0.9910318845797395,0.6753304133986487,0.35013870316874696,1.0,0.2273610281996898,0.8670099131738549,0.7857142857142857,0.0,0.07993106797177148,0.0,ahead_vae,ahead,False,0.054300423711538315,0.8837065696716309,2.9616599082946777,1.3086118698120117,vae_candidate_pool_v1,belief_limited_heuristic_v1,409
VAE000132,vae_candidate_000132,0.7184420210874867,614.7722778320312,4776.69384765625,4841.871756683996,-1.711106331054501,0.05274150077317504,5.16181054522659,35,8265.98371711489,2494.7952178828264,1.6972217787533344,-1.377744821762117,4034.3173207921636,0.24562593569152338,0.32394822239538074,0.9849926551369756,0.981423360090651,0.9605517430457532,0.2121527223441668,0.9915595432356974,0.8333333333333334,0.0,0.0676976647843095,0.0,port_vae,port,False,0.0792321264743805,0.825888454914093,2.9383862018585205,1.719472885131836,vae_candidate_pool_v1,belief_limited_heuristic_v1,410
VAE000824,vae_candidate_000824,0.7183963797851824,-1059.267333984375,-760.8406372070312,1232.3643161922782,0.6321312579073717,0.04579840792570876,5.1733345471239724,35,8212.638522441861,2526.5323845186895,1.6867878619274168,2.5552598036081307,8238.881318047153,0.8933687845933745,0.7728065796650803,0.8133953363451545,0.5533101046515925,1.0,0.2108484827409271,0.8716701236050628,0.8333333333333334,1.0,0.0920228057448599,0.0920228057448599,inside_convoy_envelope,inside,True,0.054925527423620224,2.1758460998535156,1.5080984830856323,1.780151605606079,vae_candidate_pool_v1,belief_limited_heuristic_v1,411
VAE000334,vae_candidate_000334,0.7182465827238061,-990.1083374023438,-405.6899719238281,1085.9518848229304,0.4005363478537222,-0.022678022526985024,4.768746064303061,36,8314.075060936048,2674.126217125714,1.6192229767956767,2.7183782832090864,8678.799434369555,0.4005304721010135,0.721507460002605,0.9604271444263888,0.41069334752533454,1.0,0.2024028720994596,0.979209733269389,0.8571428571428571,1.0,0.09713585008503563,0.09713585008503563,inside_convoy_envelope,inside,True,0.07461751252412796,1.9393749237060547,2.916569232940674,1.1059279441833496,vae_candidate_pool_v1,belief_limited_heuristic_v1,412
VAE000936,vae_candidate_000936,0.71814353872999,2262.652099609375,1399.20556640625,2669.350836843474,-2.5600871589040324,0.01462327326009072,5.351426353754144,34,8079.6922769025405,2535.5035303524114,1.6596628655977494,-0.56688222142567,8177.4384099053395,1.5660983798083665,0.9863790839211594,0.5023489648526908,0.5370045694082042,1.0,0.20745785819971868,0.9387875505908599,0.8095238095238095,0.0,0.07170287171977069,0.0,ahead_vae,ahead,False,0.06533390283584595,2.162795305252075,2.0509424209594727,1.1005048751831055,vae_candidate_pool_v1,belief_limited_heuristic_v1,413
VAE000624,vae_candidate_000624,0.718143256060161,3247.600341796875,492.6556396484375,3270.227124096009,-2.977311687879506,0.0024253562139129737,5.642306477514872,36,8132.802873826032,2631.8460984221215,1.681906176154029,-0.1618556094963741,8450.628322551509,0.5892464565968452,0.8666188645761576,0.915679842661768,0.16114983959601548,1.0,0.21023827201925363,0.9469208856620276,0.8571428571428571,0.0,0.06840008408641753,0.0,ahead_vae,ahead,False,0.06688647717237473,2.306666135787964,1.523152232170105,1.1847140789031982,vae_candidate_pool_v1,belief_limited_heuristic_v1,414
VAE000010,vae_candidate_000010,0.7180272893789461,-17.41888427734375,536.518310546875,628.1875594191855,-1.5741489431189044,0.04605738005264698,5.303053627937316,36,8247.018168020608,2531.8176597783618,1.724142370345394,-1.5213863304182418,2936.0471207018804,0.22585716566243907,0.55242140631132,0.9873012549365032,0.9987795744496041,0.6990588382623525,0.21551779629317425,0.9731236182941665,0.8571428571428571,1.0,0.14304416998224714,0.14304416998224714,inside_convoy_envelope,inside,True,0.07286243140697479,2.281564235687256,2.4755561351776123,1.4623152017593384,vae_candidate_pool_v1,belief_limited_heuristic_v1,415
VAE000895,vae_candidate_000895,0.7178426420851316,-3059.81103515625,3116.5146484375,4336.886410699755,-0.7637453679248456,0.026925065061520335,5.417724341715521,36,8192.025699179045,2479.6204871770615,1.7722540552696717,-2.3509222206034273,7524.592430822438,0.33836406817710707,0.49205060211582397,0.9716494829487221,0.7108249938542434,1.0,0.22153175690870897,0.9333219041587437,0.8571428571428571,0.0,0.06842009007007026,0.0,astern_vae,astern,False,0.06434258818626404,1.233096957206726,1.4965698719024658,1.1691114902496338,vae_candidate_pool_v1,belief_limited_heuristic_v1,416
VAE000688,vae_candidate_000688,0.7178075027081068,-3216.171630859375,-2937.703369140625,4330.815131287618,0.7518857541575,0.004473630403376113,5.62168923893479,36,8361.448347830788,2520.116780592125,1.708442329683302,2.3941805298356695,7845.739387160731,0.2045338065464859,0.494239631169618,0.9895778899003019,0.679742959392343,1.0,0.21355529121041275,0.9452439085531982,0.8571428571428571,0.0,0.06783525381600111,0.0,astern_vae,astern,False,0.10797497630119324,2.2197046279907227,1.5104687213897705,1.9331650733947754,vae_candidate_pool_v1,belief_limited_heuristic_v1,417
VAE001029,vae_candidate_001029,0.7174902476799522,-1664.96240234375,-4456.431640625,4748.285447007169,1.1785728681142993,-0.01665654218408147,5.522573753328485,34,8240.950239035752,2512.422031999399,1.6421356597266916,1.946363243291412,5360.086248254182,0.33402627329454715,0.35259750695228015,0.9723649965921923,0.9302998264545523,1.0,0.20526695746583645,0.9960680090776735,0.8095238095238095,0.0,0.06754540164197206,0.0,astern_vae,astern,False,0.09274394810199738,2.112736701965332,1.5055221319198608,1.694475531578064,vae_candidate_pool_v1,belief_limited_heuristic_v1,418
VAE001180,vae_candidate_001180,0.7174668350351024,632.6014404296875,4593.32763671875,4642.746387589217,-1.7625120619069685,-0.044570434988355105,5.070037707901023,37,8199.652200062883,2407.2001885593486,1.8745372880018976,-1.4236510266711797,3583.3781852380985,0.27735301213845065,0.3864186524968746,0.9808917903333839,0.9891936494759449,0.8531852821995473,0.2343171610002372,0.8312993983345048,0.8809523809523809,0.0,0.06914270772569342,0.0,port_vae,port,False,0.049755558371543884,0.8336658477783203,2.4546656608581543,1.5200854539871216,vae_candidate_pool_v1,belief_limited_heuristic_v1,419
VAE001153,vae_candidate_001153,0.7169061189533851,727.6295166015625,-4730.775390625,4767.146125780163,1.7409447028729486,-0.047544256313920084,4.524278656947392,36,8274.994818697385,2398.164545736425,1.814077313390048,1.3531036944029255,4128.774949965182,0.35817034129489006,0.3467191394355191,0.9682698992041474,0.9763983870360587,0.9830416547536147,0.226759664173756,0.899016338316353,0.8571428571428571,0.0,0.0691482864078057,0.0,starboard_vae,starboard,False,0.058793772011995316,1.263790249824524,2.9636218547821045,1.2586321830749512,vae_candidate_pool_v1,belief_limited_heuristic_v1,420
VAE001145,vae_candidate_001145,0.7165481631116184,3746.541748046875,1930.4989013671875,4070.878436530971,-2.709112785289285,-0.052098207011889094,4.764029300118606,37,8342.631537428404,2249.7267043617926,1.97137342495323,-0.4845780753123973,8430.159065394819,0.04737491684295625,0.5899266678868564,0.9994390092484697,0.46583505176090656,1.0,0.24642167811915375,0.9982103563709102,0.8809523809523809,0.0,0.07228421090476272,0.0,ahead_vae,ahead,False,0.08357307314872742,2.0778207778930664,1.9482378959655762,1.5620373487472534,vae_candidate_pool_v1,belief_limited_heuristic_v1,421
VAE000655,vae_candidate_000655,0.7165406602113514,3551.912109375,-575.3883056640625,3558.7706148228394,2.9594628125486793,0.02403177912382813,5.2211993399365735,36,8210.648929761272,2537.539496152001,1.7278745467721892,0.20616162016494258,8556.22434339291,0.31052046087439367,0.7758253472310552,0.9760873349121943,0.20470431928851435,1.0,0.21598431834652365,0.9850746144578085,0.8571428571428571,0.0,0.06884770316242425,0.0,ahead_vae,ahead,False,0.07656505703926086,1.2574537992477417,2.8812851905822754,1.111962914466858,vae_candidate_pool_v1,belief_limited_heuristic_v1,422
VAE000675,vae_candidate_000675,0.7161689538165248,3526.7685546875,2026.2977294921875,3977.97564709676,-2.6027247211572857,0.07484495581679318,4.468791838060698,37,8227.154699114222,2395.136170430877,1.8776811701631317,-0.4640229766157143,8429.150784351077,0.03750762383449047,0.6245644306608136,0.999648335768883,0.4475493029870816,1.0,0.23471014627039147,0.9047333305741733,0.8809523809523809,0.0,0.07008813210401736,0.0,ahead_vae,ahead,False,0.059654515236616135,1.5407249927520752,1.9635217189788818,1.375978946685791,vae_candidate_pool_v1,belief_limited_heuristic_v1,423
VAE000758,vae_candidate_000758,0.7161637446915754,1871.100341796875,-4288.93994140625,4682.290391258391,1.9594652923645226,-0.04547219289779028,5.033563188277809,31,8152.447989006277,2457.6636401950555,1.5472169434331045,1.1366551683274804,5658.845712930191,0.19154267273560865,0.3735663569752759,0.9908558596294166,0.9072316325521687,1.0,0.19340211792913806,0.9559801272330255,0.7380952380952381,0.0,0.06838452259971789,0.0,ahead_vae,ahead,False,0.06875071674585342,1.1783900260925293,2.0040295124053955,1.4900023937225342,vae_candidate_pool_v1,belief_limited_heuristic_v1,424
VAE000157,vae_candidate_000157,0.7160175413925097,-1169.049072265625,496.973388671875,1180.150215587018,-0.40365250984885487,0.01768458469231025,4.989983141012593,33,8237.825292707486,2651.614012580583,1.5107446231899013,-2.720255559048628,8601.828747187332,0.5776144873301929,0.7548080682555273,0.9188837933521126,0.4089809744320105,1.0,0.18884307789873767,0.9431992759211942,0.7857142857142857,0.0,0.09295496199639623,0.0,astern_vae,astern,False,0.108369380235672,1.9389612674713135,1.5202677249908447,1.4966731071472168,vae_candidate_pool_v1,belief_limited_heuristic_v1,425
VAE000107,vae_candidate_000107,0.7156867982829799,1096.67138671875,-4588.0166015625,4791.054892741206,1.8136988533422773,0.06351201135721304,5.208535283411025,35,8277.753937475003,2380.962464465777,1.7758365198683268,1.3914058116047292,3819.7530963253494,0.2708670376112525,0.3393424640279915,0.9817696339738788,0.9839526258518244,0.909465022934607,0.22197956498354085,0.9660305066346013,0.8333333333333334,0.0,0.06938944220634338,0.0,starboard_vae,starboard,False,0.07104337960481644,0.7507641911506653,2.0072884559631348,1.2759648561477661,vae_candidate_pool_v1,belief_limited_heuristic_v1,426
VAE000202,vae_candidate_000202,0.7152164283982555,2238.885498046875,58.880409240722656,2392.0659163979067,-3.118625828406577,-0.035664470348279506,5.232882515894304,35,8174.757151049295,2556.4583807738704,1.6747672423049897,-0.05863129553149576,8310.512890139411,0.8989167477107358,0.9999881003198368,0.8112290720316181,0.058597709199712474,1.0,0.20934590528812372,0.9898568789757675,0.8333333333333334,0.0,0.07294856284608225,0.0,ahead_vae,ahead,False,0.07845517992973328,1.575054407119751,1.4761807918548584,1.0646207332611084,vae_candidate_pool_v1,belief_limited_heuristic_v1,427
VAE001134,vae_candidate_001134,0.7151588780686399,3459.681884765625,2538.1064453125,4203.2992772153375,-2.5334294954438903,-0.030261787922245695,4.976990264934772,35,8324.445691271543,2263.1931351128706,1.8577663959802382,-0.6384249460681484,8033.532145320954,0.1992234126123078,0.5407903042069087,0.9901102831945918,0.5959313570480185,1.0,0.23222079949752977,0.9408307278476512,0.8333333333333334,0.0,0.0718883036802397,0.0,ahead_vae,ahead,False,0.06571464240550995,2.0761899948120117,1.5229721069335938,1.9222151041030884,vae_candidate_pool_v1,belief_limited_heuristic_v1,428
VAE000812,vae_candidate_000812,0.7148117815122246,3072.464111328125,-84.64897918701172,3063.948948032848,3.1233023641458435,0.0443959931830793,5.13774431617828,37,8311.210122829241,2287.0819088352564,1.9465059844439374,0.06268628262702983,8438.160513604887,0.5593936755047322,0.9200453064535744,0.9237885132295467,0.06264523566979155,1.0,0.24331324805549218,0.8815370049465125,0.8809523809523809,0.0,0.07368486521921708,0.0,ahead_vae,ahead,False,0.05627908930182457,0.7748445272445679,2.4893712997436523,1.1483280658721924,vae_candidate_pool_v1,belief_limited_heuristic_v1,429
VAE001109,vae_candidate_001109,0.7141537215922305,3414.568359375,1978.046875,4067.2197621336068,-2.6171717369723546,-0.04321144783655993,4.707917919809065,33,8367.363077964981,2533.0231056908583,1.5569912580194227,-0.5676323644539985,8417.0094679822,0.032125903515365824,0.5912902040188489,0.9997420037712351,0.5376372234148183,1.0,0.19462390725242784,0.8868072868487483,0.7857142857142857,0.0,0.06800026135563415,0.0,ahead_vae,ahead,False,0.0570204071700573,2.171224355697632,2.5491697788238525,1.9158889055252075,vae_candidate_pool_v1,belief_limited_heuristic_v1,430
VAE001159,vae_candidate_001159,0.713915123932724,3431.08984375,868.1964111328125,3630.898544741643,-2.889298698573573,0.008574542670872324,5.055702745499877,36,8225.126451516977,2334.530582204893,1.8748233327053478,-0.24371941234534789,8545.40487454067,0.02935565243557381,0.7509543310110697,0.999784576888337,0.2413137803618433,1.0,0.23435291658816848,0.8879938035214672,0.8571428571428571,0.0,0.07159230168274702,0.0,ahead_vae,ahead,False,0.057189203798770905,2.2415363788604736,1.4955966472625732,1.7973957061767578,vae_candidate_pool_v1,belief_limited_heuristic_v1,431
VAE001179,vae_candidate_001179,0.7139066647472798,-1111.906005859375,-670.4703369140625,1360.443212345576,0.5401209602260604,0.03620485845852678,4.84528613769879,39,8139.759645486299,2516.8684425085235,1.9036737024564356,2.63767655182226,8343.26562059623,1.0167554008007635,0.8152283540060615,0.7630639702805864,0.48285855624675045,1.0,0.23795921280705445,0.8469402082993849,0.9285714285714286,1.0,0.08793238205044333,0.08793238205044333,inside_convoy_envelope,inside,True,0.051697999238967896,1.9799602031707764,2.963317394256592,1.5217618942260742,vae_candidate_pool_v1,belief_limited_heuristic_v1,432
VAE000027,vae_candidate_000027,0.7135832005504337,-640.3912963867188,4625.11181640625,4802.066746594753,-1.4354029514547404,-0.030269740236671967,4.953367269666327,34,8121.683148041668,2492.7118100353,1.6794257331727014,-1.7364594423717248,3797.902205587826,0.33194163747744465,0.3359734979822148,0.9727056932834942,0.9863092202000695,0.9042624299018633,0.20992821664658767,0.9992273205061608,0.8095238095238095,0.0,0.06779848325832173,0.0,port_vae,port,False,0.08484023809432983,1.8518354892730713,2.380859136581421,1.256635308265686,vae_candidate_pool_v1,belief_limited_heuristic_v1,433
VAE001008,vae_candidate_001008,0.7125842567217128,439.93084716796875,-4845.47509765625,4775.284659126418,1.7138995421523457,0.022745860152036255,5.186518098953683,38,8348.026386691652,2226.732820747905,2.0442390168072313,1.4504389715894839,3212.9465325944393,0.24702269853046577,0.34419864394261135,0.9848223612101001,0.9927657926821584,0.7649872696653427,0.2555298771009039,0.9978976274523522,0.9047619047619048,0.0,0.07196077037761202,0.0,starboard_vae,starboard,False,0.08326304703950882,2.3505568504333496,1.4915854930877686,1.6050022840499878,vae_candidate_pool_v1,belief_limited_heuristic_v1,434
VAE000524,vae_candidate_000524,0.7125784135630493,1905.06787109375,-1148.4029541015625,2125.8243259711858,2.579535044539723,0.012444747889624217,5.000406092275083,36,8345.825987176479,2523.5225916627014,1.7093302499232623,0.5745023569396948,8377.336077660824,1.6216976737958284,0.9858902245616263,0.474560315300763,0.5434171051353534,1.0,0.2136662812404078,0.9205645940734767,0.8571428571428571,0.0,0.07530616706238517,0.0,ahead_vae,ahead,False,0.06216038390994072,0.641242504119873,2.9076614379882812,1.0579557418823242,vae_candidate_pool_v1,belief_limited_heuristic_v1,435
VAE000530,vae_candidate_000530,0.712431858762036,819.7945556640625,1944.3897705078125,2206.468744324737,-1.9465590015831788,-0.0172015834441048,5.2191468953740365,40,8268.520621653362,2500.852170582859,1.9343905274673443,-1.212235235450719,5243.45361932358,2.4988725831333514,0.9929447888753218,0.09976581052694022,0.93640274507908,1.0,0.24179881593341804,0.9994049158477332,0.9523809523809523,1.0,0.07492174934780918,0.07492174934780918,inside_convoy_envelope,inside,True,0.08513733744621277,2.032097816467285,1.504906415939331,1.303501009941101,vae_candidate_pool_v1,belief_limited_heuristic_v1,436
VAE000681,vae_candidate_000681,0.7124264053624231,860.201904296875,-4547.35009765625,4628.408641711419,1.7388381002705586,0.0026685842981112712,5.3455701915210305,30,8186.241149396594,2382.5615605768544,1.5381283965600598,1.405423137617346,3697.6788696968697,0.3057420506678725,0.3911299133327092,0.9768119286121046,0.986356989466136,0.8803997308802071,0.19226604957000748,0.8778956092722342,0.7142857142857143,0.0,0.06953205892052845,0.0,starboard_vae,starboard,False,0.05577456206083298,2.2267847061157227,2.012880325317383,1.797877550125122,vae_candidate_pool_v1,belief_limited_heuristic_v1,437
VAE000110,vae_candidate_000110,0.710811035610217,2857.03955078125,304.28546142578125,2825.5639728683404,-3.0560462175473377,0.03424183443666262,4.490426897348299,33,8247.513843173598,2327.2604170849204,1.7192771996460303,-0.051304601605792755,8356.008622737096,0.7631368943968839,0.9663441047896698,0.8613356871176059,0.051282097562668334,1.0,0.2149096499557538,0.956036738538905,0.7857142857142857,0.0,0.07387390617691184,0.0,ahead_vae,ahead,False,0.0687628984451294,1.0433496236801147,2.9197447299957275,1.9360809326171875,vae_candidate_pool_v1,belief_limited_heuristic_v1,438
VAE000044,vae_candidate_000044,0.7101354204754715,818.165771484375,4782.185546875,4960.094092060657,-1.730256849304944,0.0678753169216997,5.216833833196182,39,8210.240236292177,2595.4465843832754,1.8301919749275646,-1.3434604873631495,4379.11276854217,0.2846185952038396,0.2896862452911482,0.9798844088271975,0.9742703075965031,1.0,0.22877399686594557,0.9181510206964737,0.9285714285714286,0.0,0.06630342703621846,0.0,port_vae,port,False,0.06176532804965973,0.9487776756286621,2.0122320652008057,1.9127711057662964,vae_candidate_pool_v1,belief_limited_heuristic_v1,439
VAE000935,vae_candidate_000935,0.7096224983230103,2732.537109375,1018.7146606445312,3033.1853000313354,-2.739831113763078,0.0025158595545453593,5.109224482251581,34,8247.180868220783,2454.4733425431355,1.6796356280048592,-0.39924568027216956,8552.688385845779,1.2853579611769368,0.9270118179753734,0.640789053470496,0.3887234571070538,1.0,0.2099544535006074,0.9692434495155102,0.8095238095238095,0.0,0.0712946296121831,0.0,ahead_vae,ahead,False,0.07184238731861115,1.0523459911346436,2.8509726524353027,1.7368290424346924,vae_candidate_pool_v1,belief_limited_heuristic_v1,440
VAE001099,vae_candidate_001099,0.7093338653538366,603.123046875,4546.78857421875,4736.146148781157,-1.746425023131744,0.0008787351406764267,4.675221652690496,34,8373.426762017742,2480.792173967341,1.6367611485392257,-1.3942888953173727,3912.557674428902,0.4222224984065974,0.3564082564246284,0.9560902195005377,0.9844629640959347,0.9315613510545004,0.20459514356740321,0.8947043659576457,0.8095238095238095,0.0,0.06795409342548457,0.0,port_vae,port,False,0.05815790593624115,1.1325623989105225,2.1215481758117676,1.1363263130187988,vae_candidate_pool_v1,belief_limited_heuristic_v1,441
VAE000451,vae_candidate_000451,0.709218689978635,3578.40234375,-2729.916015625,4398.570881507159,2.4646303254395656,0.030379087971780575,4.2974635391601,34,8030.667851266386,2347.9800736599946,1.8031541107240094,0.7073414161220086,7629.800960623622,0.04528685148850808,0.46998080079641485,0.9994873628934569,0.6498153011379845,1.0,0.22539426384050118,0.9968285879509367,0.8095238095238095,0.0,0.07034099297330504,0.0,ahead_vae,ahead,False,0.08234812319278717,1.8553502559661865,2.8645102977752686,1.7889208793640137,vae_candidate_pool_v1,belief_limited_heuristic_v1,442
VAE000163,vae_candidate_000163,0.7091804213820457,2373.81982421875,-74.70278930664062,2535.2298095710144,3.1012871615292394,-0.07307773517675883,5.127400184441245,40,8170.740949524141,2381.5895486507666,2.0555669860655965,-0.03277224311620472,8244.389634183726,0.9932515238292319,0.996549049286596,0.7729843032482382,0.032766377090909515,1.0,0.25694587325819956,0.990422982605795,0.9523809523809523,0.0,0.07439306118702603,0.0,ahead_vae,ahead,False,0.0787058174610138,1.2109265327453613,2.9146785736083984,1.5599006414413452,vae_candidate_pool_v1,belief_limited_heuristic_v1,443
VAE000376,vae_candidate_000376,0.7091360786866422,3654.145263671875,-955.0453491210938,3711.6895766999137,2.8984687850515547,-0.005350641701398691,4.837460353047436,36,8245.521949190213,2455.61213512144,1.7779706099867625,0.23777322683684,8591.925813689126,0.25313534536616,0.7223526098023502,0.9840659818672317,0.23553908955366162,1.0,0.2222463262483453,0.9977115889515484,0.8571428571428571,0.0,0.06963968237859518,0.0,ahead_vae,ahead,False,0.09144344925880432,1.9587260484695435,1.8674530982971191,1.8401727676391602,vae_candidate_pool_v1,belief_limited_heuristic_v1,444
VAE001096,vae_candidate_001096,0.7090685287335692,1109.21630859375,-4787.8359375,4966.74028255844,1.7510610893265444,0.024704734449403964,4.783340991081284,37,8293.778153780686,2599.3100563761254,1.7162921756344343,1.4152362987126532,3852.906335097923,0.17581797486577863,0.28782631640826434,0.9922918967042597,0.9879249186520747,0.9173586512137912,0.21453652195430428,0.9890349110900061,0.8809523809523809,0.0,0.06622782956658772,0.0,starboard_vae,starboard,False,0.0781032145023346,0.7878206372261047,2.564607620239258,1.6561137437820435,vae_candidate_pool_v1,belief_limited_heuristic_v1,445
VAE000278,vae_candidate_000278,0.7089048843607464,-3512.396484375,-670.0660400390625,3698.275781132097,0.20653219511368373,-0.003859969972512586,5.673891381251396,36,8065.544574129195,2422.26747395722,1.842666360834456,2.9312004885035976,8393.566622977718,0.019516512108205486,0.7271490373271473,0.999904779461253,0.20884343338435923,1.0,0.230333295104307,0.9846924431942724,0.8571428571428571,0.0,0.0701847453921978,0.0,astern_vae,astern,False,0.0981050580739975,1.648624300956726,2.010021209716797,1.09738028049469,vae_candidate_pool_v1,belief_limited_heuristic_v1,446
VAE000501,vae_candidate_000501,0.7083367082069352,3089.97314453125,162.157958984375,3227.1826369574264,-3.0621683226676626,-0.02327688671002256,5.012740384373576,33,8243.937051325562,2526.185168467685,1.5845797146470866,-0.10270121763215308,8459.485077421232,0.5787137071504529,0.878671425455748,0.9185834385039137,0.1025207719527456,1.0,0.19807246433088582,0.9636368356290633,0.7857142857142857,0.0,0.06977204931835404,0.0,ahead_vae,ahead,False,0.07047117501497269,1.0927424430847168,2.933131217956543,1.9239847660064697,vae_candidate_pool_v1,belief_limited_heuristic_v1,447
VAE000389,vae_candidate_000389,0.7078984331803241,3098.97802734375,264.2476806640625,3123.402755433335,-3.0893964938301632,-0.02718690824569851,4.5086446985743756,34,8281.242640709894,2502.806580840354,1.6404240173270892,-0.07938306800532839,8453.63536580917,0.56729062433441,0.905810932954,0.9216799746192073,0.07929971993525176,1.0,0.20505300216588615,0.8809311440992624,0.8095238095238095,0.0,0.07036109245306972,0.0,ahead_vae,ahead,False,0.0561947226524353,2.064875602722168,2.4531142711639404,1.6527469158172607,vae_candidate_pool_v1,belief_limited_heuristic_v1,448
VAE000728,vae_candidate_000728,0.707827842113863,303.4124755859375,-4817.2685546875,4824.551186939771,1.675099983065213,-0.07178167195241007,5.543980105113008,31,8265.297513157577,2338.355844975304,1.6039565572213699,1.3947109985721708,3750.086092199286,0.23544047502580748,0.32915125448823884,0.9862058427365719,0.9845369944934665,0.89287764099983,0.20049456965267123,0.9932684007806875,0.7380952380952381,0.0,0.07003489554599115,0.0,starboard_vae,starboard,False,0.09443844854831696,0.7710980772972107,2.504099130630493,1.3404912948608398,vae_candidate_pool_v1,belief_limited_heuristic_v1,449
VAE000754,vae_candidate_000754,0.7069794794421946,16.76263427734375,-4424.60546875,4474.485964334707,1.546538210262254,-0.007950280543126579,4.981044358597047,35,8185.685413042133,2413.9049959017684,1.7713028470532497,1.587104162784413,2547.068917787897,0.03044604983620025,0.44329733063233573,0.9997682774130077,0.9998670301896024,0.6064449804256898,0.2214128558816562,0.7560459326715363,0.8333333333333334,0.0,0.06921117427265956,0.0,starboard_vae,starboard,False,0.13341492414474487,1.3397808074951172,1.4990882873535156,1.4018985033035278,vae_candidate_pool_v1,belief_limited_heuristic_v1,450
VAE000723,vae_candidate_000723,0.7067071431068422,-1246.357666015625,-935.7354736328125,1367.2053830888126,0.6642804503547002,0.08323076041894165,4.98115739958634,39,8320.980589994844,2290.209296583869,2.0465149653699153,2.560542963654035,8212.49864033972,1.2062449733753011,0.8173908160938079,0.6782650835679016,0.54890166113611,1.0,0.2558143706712394,0.8399002819323442,0.9285714285714286,0.0,0.09035320203497747,0.0,astern_vae,astern,False,0.050815384835004807,0.6194729804992676,1.9549262523651123,1.6451623439788818,vae_candidate_pool_v1,belief_limited_heuristic_v1,451
VAE000211,vae_candidate_000211,0.7063796377243563,-3415.43505859375,-890.2843627929688,3576.7936402200544,0.25017423162269836,-0.00464194167367189,4.968236947483483,34,8229.645974377589,2543.3143693810157,1.6244177226884626,2.8867764802934235,8604.994766259566,0.38506091093456624,0.7696763959145777,0.9633877776479589,0.2520675220195387,1.0,0.20305221533605783,0.8532234908930643,0.8095238095238095,0.0,0.06873207562915348,0.0,astern_vae,astern,False,0.05249827727675438,2.3579511642456055,2.5834977626800537,1.9197509288787842,vae_candidate_pool_v1,belief_limited_heuristic_v1,452
VAE000199,vae_candidate_000199,0.7063016027567071,-1395.8759765625,-4594.87939453125,4812.480916340034,1.2867418968348685,-0.04335089266198874,4.842228473269067,35,8550.685036419789,2379.421879613742,1.7202663097330444,1.8114998640929356,4349.18743122462,0.23197666301335174,0.3328041278642066,0.9866069292038762,0.9711705018132828,1.0,0.21503328871663055,0.7801279908589402,0.8333333333333334,0.0,0.06932921452406347,0.0,starboard_vae,starboard,False,0.1307508498430252,1.8401306867599487,1.8978270292282104,1.724832534790039,vae_candidate_pool_v1,belief_limited_heuristic_v1,453
VAE000625,vae_candidate_000625,0.7062720643758428,3645.748046875,-2165.18115234375,4213.193974516879,2.5775943492406355,-0.025202310717680955,4.961762170881566,37,8236.428319518653,2403.3656795455086,1.8691447954577323,0.5387959936314765,8302.723468184524,0.13609675466048188,0.5371444832587817,0.9953765613601083,0.5131029325341385,1.0,0.23364309943221653,0.9731782261536996,0.8809523809523809,0.0,0.06964879224152241,0.0,ahead_vae,ahead,False,0.07287727296352386,2.2697582244873047,2.945502996444702,1.430420160293579,vae_candidate_pool_v1,belief_limited_heuristic_v1,454
VAE000013,vae_candidate_000013,0.7062189599300046,3464.129150390625,-2820.052978515625,4452.102886003027,2.448617050477545,-0.005405114814306404,4.917121769061987,38,8330.17209606754,2165.7341790657388,2.1063205861472443,0.6875704882979429,7811.983679144016,0.12539923482895965,0.4511054683305864,0.9960739068311851,0.6346615542586148,1.0,0.26329007326840553,0.9951373603179023,0.9047619047619048,0.0,0.07339682047863491,0.0,ahead_vae,ahead,False,0.08117372542619705,0.8382363319396973,2.5334417819976807,1.4549025297164917,vae_candidate_pool_v1,belief_limited_heuristic_v1,455
VAE001036,vae_candidate_001036,0.7062146125513541,1702.046142578125,957.7420043945312,1984.4573821536928,-2.6217804261061652,-0.039963064505226215,5.147608804540201,34,8178.938466606926,2542.529012807391,1.6349936069543103,-0.5597752919888541,8280.69572221566,1.6164341995887848,0.9678850942185223,0.47718898405031873,0.530995799500781,1.0,0.20437420086928879,0.971712757315861,0.8095238095238095,0.0,0.07649977405351184,0.0,ahead_vae,ahead,False,0.10204906016588211,2.1728010177612305,1.950460433959961,1.1181665658950806,vae_candidate_pool_v1,belief_limited_heuristic_v1,456
VAE000991,vae_candidate_000991,0.7062104458886319,2418.032958984375,4180.59423828125,4795.906171630234,-2.156747463767085,-0.04331879357317568,5.274939941053461,35,8270.769029559173,2666.0809198488387,1.5872627513958455,-1.0281639833958838,6554.063495330802,0.145795852995509,0.3378560296013967,0.9946952988919635,0.8563523288135777,1.0,0.1984078439244807,0.9922505370857456,0.8333333333333334,0.0,0.06557689320154912,0.0,ahead_vae,ahead,False,0.09496356546878815,0.713204026222229,2.596174955368042,1.7265030145645142,vae_candidate_pool_v1,belief_limited_heuristic_v1,457
VAE000540,vae_candidate_000540,0.7057284099782252,3634.57373046875,182.35214233398438,3603.811498844321,-3.0465247052152034,-0.081658998718205,4.545922130298712,39,8195.588990050383,2593.7353300159384,1.834673461534079,-0.17672694709279477,8523.938316402518,0.06596541188548155,0.7603748900971441,0.99891253553047,0.175808447756562,1.0,0.22933418269175987,0.844629999238039,0.9285714285714286,0.0,0.06805985808699917,0.0,ahead_vae,ahead,False,0.05140678212046623,1.5783631801605225,1.9992347955703735,1.9248414039611816,vae_candidate_pool_v1,belief_limited_heuristic_v1,458
VAE000509,vae_candidate_000509,0.7054279404656765,253.93609619140625,-4519.82470703125,4552.0794582699145,1.6110046116230474,0.0469478092221866,4.677027706285905,33,8255.221938422994,2392.5501510477357,1.670798729492929,1.5775358511889321,2448.131663472584,0.07849044921297721,0.41664962431630903,0.9984606029092256,0.9999772894914328,0.5828884913029962,0.20884984118661612,0.9114340076776005,0.7857142857142857,0.0,0.06943479014049478,0.0,starboard_vae,starboard,False,0.11384136974811554,1.1102278232574463,2.403684616088867,1.146846890449524,vae_candidate_pool_v1,belief_limited_heuristic_v1,459
VAE001108,vae_candidate_001108,0.7053774108248348,1913.687255859375,677.0877075195312,2139.446502700806,-2.8012234858900706,-0.007355541791677974,5.111922568862507,38,8283.255953475978,2465.2639308209614,1.8608831082653785,-0.34772470949140044,8627.569292207405,1.4619254076681953,0.9872487016417865,0.554327987141271,0.3407595759005386,1.0,0.2326103885331723,0.9984676044526262,0.9047619047619048,0.0,0.0759167743866584,0.0,ahead_vae,ahead,False,0.08384903520345688,1.7982592582702637,2.489838123321533,1.9240525960922241,vae_candidate_pool_v1,belief_limited_heuristic_v1,460
VAE000456,vae_candidate_000456,0.7052059965168122,2020.743896484375,-4420.630859375,4841.6503630558855,1.9997322574187892,0.007742894026306803,5.434665175078531,37,8443.63053764326,2434.886984507694,1.7996733847397888,1.1496032901973108,5674.256504899693,0.13844448758509786,0.3240144383412921,0.9952159295999657,0.912601817467912,1.0,0.2249591730924736,0.8632688874341593,0.8809523809523809,0.0,0.06849930683604648,0.0,ahead_vae,ahead,False,0.05380468815565109,1.390815019607544,2.942296266555786,1.8552651405334473,vae_candidate_pool_v1,belief_limited_heuristic_v1,461
VAE000684,vae_candidate_000684,0.7046608753614083,-487.39044189453125,447.67218017578125,709.6145642682502,-0.7046505211784949,0.029779475095646615,4.677914214490784,38,8148.032780291567,2498.3042058209103,1.8667472060118189,-2.4071626573156513,7721.848835618878,0.36982053883571414,0.5826598089908601,0.9661961132593594,0.6701642004291012,1.0,0.23334340075147736,0.9636227419004124,0.9047619047619048,1.0,0.1304509189115225,0.1304509189115225,inside_convoy_envelope,inside,True,0.07046785950660706,1.4788827896118164,2.311232805252075,1.286361575126648,vae_candidate_pool_v1,belief_limited_heuristic_v1,462
VAE000081,vae_candidate_000081,0.7046310559427275,1602.241455078125,-4491.4521484375,4927.431388087727,1.9227561346981012,0.01872008884360011,4.723367490987965,35,8279.45869293436,2389.1771458373673,1.769366290056262,1.2375566077352922,4966.0052625752905,0.08220358188727528,0.2989304581498057,0.9983115938762421,0.9449875722679739,1.0,0.22117078625703274,0.9039300232982443,0.8333333333333334,0.0,0.0691532874550459,0.0,ahead_vae,ahead,False,0.1150006353855133,1.6178207397460938,2.0307793617248535,1.373018503189087,vae_candidate_pool_v1,belief_limited_heuristic_v1,463
VAE000616,vae_candidate_000616,0.7041352836895761,1771.7646484375,-1511.02392578125,2273.4693128134736,2.407397430801556,-0.06615255906833808,5.324345810195857,37,8247.907956153098,2479.748649534144,1.8090486900127323,0.6680426637198995,8010.9834963720905,1.8716438455610087,0.9969781073110185,0.35183511698370756,0.6194505958828257,1.0,0.22613108625159153,0.9420164659300966,0.8809523809523809,0.0,0.07467941770961717,0.0,ahead_vae,ahead,False,0.06593833118677139,0.7252483367919922,2.502680540084839,1.802739143371582,vae_candidate_pool_v1,belief_limited_heuristic_v1,464
VAE000639,vae_candidate_000639,0.7040819636453861,3605.78857421875,1820.755615234375,4002.736007253644,-2.698343140205667,0.02990898145039517,4.902835545952202,34,8282.750462094124,2466.467059434819,1.6642900623932297,-0.41334053193373094,8575.919238724437,0.14080707389532598,0.6153350186092081,0.9950515260610688,0.4016707696128474,1.0,0.20803625779915372,0.9685362555853556,0.8095238095238095,0.0,0.06900935911801467,0.0,ahead_vae,ahead,False,0.07166323810815811,0.7846894264221191,1.9868032932281494,1.8050175905227661,vae_candidate_pool_v1,belief_limited_heuristic_v1,465
VAE001221,vae_candidate_001221,0.7039991612941906,3572.427490234375,2597.092041015625,4312.888326129892,-2.526971152864144,0.00664897068178538,5.30731174311887,38,8127.372062921232,2300.386754903626,2.032509557586222,-0.6079725300438636,7985.001617001653,0.04067368659702986,0.5007194998794557,0.9995864698196302,0.5712044720842621,1.0,0.2540636946982778,0.9119545821154672,0.9047619047619048,0.0,0.07118047667924725,0.0,ahead_vae,ahead,False,0.060773495584726334,1.6041604280471802,2.9171602725982666,1.1414868831634521,vae_candidate_pool_v1,belief_limited_heuristic_v1,466
VAE001114,vae_candidate_001114,0.703648444167495,2741.91259765625,93.47179412841797,2849.0122149060307,-3.099085568394896,0.0021619419650377495,5.198883919690689,35,8249.536347897561,2582.8917736841386,1.6426018017381174,-0.040345143229859236,8347.00211792975,0.8779620183766225,0.962605216040309,0.8193602858107011,0.04033419895003416,1.0,0.20532522521726468,0.9941294607748553,0.8333333333333334,0.0,0.07031295526867336,0.0,ahead_vae,ahead,False,0.08057031035423279,2.1744518280029297,1.5090019702911377,1.0465242862701416,vae_candidate_pool_v1,belief_limited_heuristic_v1,467
VAE000579,vae_candidate_000579,0.7035380135129558,3706.94677734375,1887.013916015625,4279.850107736791,-2.650183152867441,-0.047408005585371074,5.05149362933631,38,8180.696998399745,2492.798279211468,1.8634002658859723,-0.5388175063077231,8300.731622145884,0.06002512159529649,0.5127217344300941,0.9990995166143608,0.5131213973280467,1.0,0.23292503323574654,0.999264402318808,0.9047619047619048,0.0,0.06830926306477023,0.0,ahead_vae,ahead,False,0.08489919453859329,0.7614719271659851,1.9445972442626953,1.8732354640960693,vae_candidate_pool_v1,belief_limited_heuristic_v1,468
VAE000745,vae_candidate_000745,0.7033744703925692,412.91156005859375,4884.4775390625,4727.252070576519,-1.636938872145507,0.02446675964496986,4.892537299383898,37,8199.1632621366,2483.88304801984,1.8167745870137022,-1.4801870217993163,3215.597958327262,0.3892626128424721,0.35921368490532124,0.9625945772158642,0.9958977846913569,0.765618561506491,0.22709682337671278,0.9075913003307444,0.8809523809523809,0.0,0.06796426204678985,0.0,port_vae,port,False,0.060092926025390625,1.7040270566940308,2.4692344665527344,1.1162222623825073,vae_candidate_pool_v1,belief_limited_heuristic_v1,469
VAE000851,vae_candidate_000851,0.7029456963785546,2167.3759765625,-4292.22314453125,4883.903749860722,2.030264763851319,0.005040475526188568,4.853089844630451,36,8210.950890133709,2366.6813413601276,1.8525471033927754,1.1163683652646628,5730.675998365388,0.20527439185867125,0.31151443226592657,0.989502545245824,0.8985122705462795,1.0,0.23156838792409692,0.9444366596831665,0.8571428571428571,0.0,0.06955233041438391,0.0,ahead_vae,ahead,False,0.06640144437551498,1.3671777248382568,1.954803228378296,1.6729718446731567,vae_candidate_pool_v1,belief_limited_heuristic_v1,470
VAE000781,vae_candidate_000781,0.7025167040638731,-1412.5390625,278.74298095703125,1426.375755838371,-0.15960828765605836,0.034967964857199364,5.392872541508288,33,8438.226756686186,2578.485434048705,1.5166943386019034,-2.947016401076535,8777.547022421786,0.6668700090546653,0.8359424608079066,0.8928807518689545,0.19335080109397093,1.0,0.18958679232523792,0.99988394671252,0.7857142857142857,0.0,0.08545161231270029,0.0,astern_vae,astern,False,0.08632633090019226,2.260164260864258,1.5208660364151,1.246835708618164,vae_candidate_pool_v1,belief_limited_heuristic_v1,471
VAE000341,vae_candidate_000341,0.7023292953850374,3956.93896484375,-1048.4864501953125,3955.699416749894,2.8391975836627394,0.020683942638232606,5.306696405000676,37,8363.5693693338,2427.269791147717,1.822602702127729,0.3230790125652858,8701.48655552538,0.05630828911064212,0.6328607573987214,0.9992075535566599,0.317487772683382,1.0,0.2278253377659661,0.9985371376153275,0.8809523809523809,0.0,0.06961402134756846,0.0,ahead_vae,ahead,False,0.08392752707004547,0.9546878337860107,2.0077576637268066,1.5422070026397705,vae_candidate_pool_v1,belief_limited_heuristic_v1,472
VAE000336,vae_candidate_000336,0.702300612694992,888.7942504882812,-4778.49365234375,4817.951787928816,1.7374995305965755,0.05127575702191892,5.1641288259218685,36,8277.188351374742,2670.9609246895907,1.6283663846625547,1.4553688800151374,3606.4819572673896,0.29327190463842334,0.3311457203290891,0.9786515698010558,0.9933456454613161,0.8586861803017595,0.20354579808281933,0.865363892505597,0.8571428571428571,0.0,0.06549935569311098,0.0,starboard_vae,starboard,False,0.05408165603876114,1.19851815700531,1.486069679260254,1.8813118934631348,vae_candidate_pool_v1,belief_limited_heuristic_v1,473
VAE000483,vae_candidate_000483,0.7021768457426562,-85.59613037109375,4539.57275390625,4617.8995638328715,-1.5478576567571256,0.014688810521842243,5.115160906840718,38,8327.484747683917,2615.647707511044,1.7445784386945586,-1.5790461863108252,2684.2584972827576,0.14808723098498877,0.39460006940799924,0.9945275547953221,0.9999659701019912,0.6391091660197042,0.21807230483681983,0.7989528407180443,0.9047619047619048,0.0,0.06632560938590279,0.0,port_vae,port,False,0.0459226593375206,2.3031363487243652,2.9232962131500244,1.678528904914856,vae_candidate_pool_v1,belief_limited_heuristic_v1,474
VAE000605,vae_candidate_000605,0.7018934532726757,1070.1123046875,4790.59033203125,4872.801339151796,-1.7788306498119464,-0.025083233693993564,5.20485554550973,32,8072.786432815912,2646.194186205453,1.4979758233048106,-1.3878452374718402,4070.731853557793,0.2854027516038553,0.3147720025159784,0.9797741691066049,0.9833110771834133,0.9692218698947126,0.18724697791310133,0.8778101253929441,0.7619047619047619,0.0,0.06579847294508369,0.0,port_vae,port,False,0.05576279014348984,1.2291966676712036,2.938377857208252,1.6237128973007202,vae_candidate_pool_v1,belief_limited_heuristic_v1,475
VAE000231,vae_candidate_000231,0.7016418693636759,3303.63037109375,-2823.287841796875,4373.719277242725,2.393712329421836,0.055961706665867146,4.930255616445861,32,8295.88697873989,2200.63511256866,1.7528272387548514,0.8038420308338241,7341.4111140376235,0.3094377107074018,0.4788335542549486,0.9762524752661353,0.7200275584614003,1.0,0.21910340484435642,0.8267777722136076,0.7619047619047619,0.0,0.0728241420318995,0.0,ahead_vae,ahead,False,0.04920594394207001,2.3726634979248047,2.922899007797241,1.8778893947601318,vae_candidate_pool_v1,belief_limited_heuristic_v1,476
VAE000159,vae_candidate_000159,0.7012816205141605,3452.0224609375,2890.7197265625,4375.257131946973,-2.444223667827007,-0.016203107009195274,4.8991736926116785,33,8307.276710747687,2351.5953178370455,1.6892451327258757,-0.7135720927719813,7819.7488260518285,0.021975972856405956,0.47828416585378875,0.9998792690132235,0.6545385455912738,1.0,0.21115564159073447,0.8815585713866638,0.7857142857142857,0.0,0.07023681977022185,0.0,ahead_vae,ahead,False,0.05628209561109543,0.8893758058547974,2.4428212642669678,1.0776562690734863,vae_candidate_pool_v1,belief_limited_heuristic_v1,477
VAE000892,vae_candidate_000892,0.7009515647840442,-2334.92333984375,4353.03759765625,4895.539791954068,-1.06156052701068,0.021138550427396843,5.014618192268852,36,8191.989086903405,2278.1315940456334,1.9290093319170152,-2.0588935761517164,5853.708722601,0.24972899188695763,0.30812105326516764,0.9844897173044511,0.8832267445562595,1.0,0.2411261664896269,0.9796268118485029,0.8571428571428571,0.0,0.07099776236570832,0.0,astern_vae,astern,False,0.09978656470775604,0.8907148241996765,1.5068256855010986,1.9044239521026611,vae_candidate_pool_v1,belief_limited_heuristic_v1,478
VAE000566,vae_candidate_000566,0.7003609822520449,2279.55419921875,4375.4228515625,5033.353297060942,-2.0421919753422575,-0.09657530481030674,5.07377231785355,36,8295.747989652436,2382.651242097548,1.8213209060030222,-1.1959759830578425,5254.349626300798,0.1291728725753989,0.2695830052147468,0.9958343892368202,0.9305734100490503,1.0,0.22766511325037778,0.9799794103190904,0.8571428571428571,0.0,0.069169828994976,0.0,ahead_vae,ahead,False,0.07485628873109818,2.0867881774902344,1.9746737480163574,1.514896273612976,vae_candidate_pool_v1,belief_limited_heuristic_v1,479
VAE001064,vae_candidate_001064,0.6994817944742131,-808.1149291992188,5058.96826171875,4967.2057318417155,-1.420315329666987,0.010403882997609692,5.649755475065897,33,7998.791372966391,2784.4520869086928,1.4816643144542316,-1.7108734409251964,3873.9660692916123,0.3449164672557985,0.287696329263216,0.9705518499098651,0.9902052325225189,0.9223728736408601,0.18520803930677895,0.999870404757803,0.7857142857142857,0.0,0.06421053405449058,0.0,port_vae,port,False,0.08825993537902832,1.3296960592269897,1.4787489175796509,1.443482756614685,vae_candidate_pool_v1,belief_limited_heuristic_v1,480
VAE001079,vae_candidate_001079,0.6992562387438486,2033.162353515625,-4515.75927734375,4913.306162054091,1.9995281589403393,-0.03136249638026833,4.732957817693632,40,8166.037866605172,2273.4738286342026,2.1545602478114647,1.1107019982691855,5663.043943664337,0.29384041245129544,0.30298115733390857,0.9785693186384298,0.8960106165686854,1.0,0.2693200309764331,0.8828342035660958,0.9523809523809523,0.0,0.07107097709884617,0.0,ahead_vae,ahead,False,0.05646030604839325,0.9249468445777893,1.5043175220489502,1.2907190322875977,vae_candidate_pool_v1,belief_limited_heuristic_v1,481
VAE000719,vae_candidate_000719,0.6991488041700573,2428.496826171875,-4356.974609375,5070.795796112428,2.040513014241858,0.11710724944526994,4.720589535224875,35,8215.040444082373,2631.841907441883,1.6188199222019832,1.2181868887932048,5306.963899907851,0.0823059088928386,0.2596497724724785,0.9983073901793527,0.9384747451224722,1.0,0.2023524902752479,0.9990460266839721,0.8333333333333334,0.0,0.06577250987836471,0.0,ahead_vae,ahead,False,0.08457046747207642,1.9099206924438477,1.916738748550415,1.7750234603881836,vae_candidate_pool_v1,belief_limited_heuristic_v1,482
VAE000339,vae_candidate_000339,0.6989697699240498,2995.007080078125,-25.33037757873535,2981.1528832532545,3.142448453411774,0.0434504727024271,4.843286440990292,37,8211.15067325418,2563.5571094750876,1.7577402829980493,0.04259467288044696,8312.86388973059,0.8154591242227172,0.9381506456503632,0.8427671023649184,0.042581794085923594,1.0,0.21971753537475616,0.9086492690208521,0.8809523809523809,0.0,0.07006868377035964,0.0,ahead_vae,ahead,False,0.06025666743516922,1.0556509494781494,2.609863758087158,1.7998464107513428,vae_candidate_pool_v1,belief_limited_heuristic_v1,483
VAE000945,vae_candidate_000945,0.6987507485402239,-533.9949340820312,4647.5703125,4724.2061348139705,-1.437333476510373,0.012887607632148104,5.109989922933795,33,8223.034007240036,2517.8024424392297,1.593896815870071,-1.6913715694472722,3488.6158213028434,0.31848821767805036,0.36017704526745203,0.974854944667444,0.9927396080277975,0.8306228145959151,0.19923710198375888,0.8171194731931996,0.7857142857142857,0.0,0.06749951984236206,0.0,port_vae,port,False,0.0480479821562767,1.9342060089111328,1.4911143779754639,1.9132717847824097,vae_candidate_pool_v1,belief_limited_heuristic_v1,484
VAE001201,vae_candidate_001201,0.6985462433899647,3381.285888671875,-2689.65771484375,4366.649935692672,2.4670260209194534,0.007783992027489313,4.904088605936777,33,8198.538063069562,2418.083974616575,1.66458563990169,0.6823506246978293,7887.713888185794,0.04715550750712083,0.48136162213411404,0.9994441925324524,0.6306190667951543,1.0,0.20807320498771126,0.889380460388547,0.7857142857142857,0.0,0.06926159127749595,0.0,ahead_vae,ahead,False,0.05738739296793938,2.3380978107452393,2.0863468647003174,1.7809631824493408,vae_candidate_pool_v1,belief_limited_heuristic_v1,485
VAE000658,vae_candidate_000658,0.6983812107644303,3302.279052734375,-412.2551574707031,3302.0017549218096,3.011666612201349,-0.056192479055598384,4.809614593745423,33,8172.813258095094,2465.9730926865172,1.6373971517556163,0.07373356233284614,8332.267279751522,0.5650922103386122,0.8574426552371464,0.9222696129795345,0.07366677004126543,1.0,0.20467464396945204,0.9695895349378907,0.7857142857142857,0.0,0.07038975339381963,0.0,ahead_vae,ahead,False,0.07193077355623245,2.040759325027466,2.936147451400757,1.5129140615463257,vae_candidate_pool_v1,belief_limited_heuristic_v1,486
VAE000799,vae_candidate_000799,0.6982195907173299,3350.052490234375,-366.4714050292969,3418.4383941248593,3.073391187538296,-0.00066171943201398,5.014348368320431,38,8401.7531189774,2333.481915472085,1.9382475393476313,0.06753974661948384,8540.080594859475,0.40388570875901625,0.8219536916798997,0.9597704390645032,0.06748840991620668,1.0,0.2422809424184539,0.9017833175337836,0.9047619047619048,0.0,0.07199932159179329,0.0,ahead_vae,ahead,False,0.059207748621702194,2.1655433177948,2.9741852283477783,1.921399474143982,vae_candidate_pool_v1,belief_limited_heuristic_v1,487
VAE000183,vae_candidate_000183,0.6970727425414796,161.67782592773438,4590.390625,4651.844056315853,-1.5795261753515286,-0.011755900430680314,5.091928855829533,36,8430.498806893149,2327.396399490079,1.8347583437624118,-1.573822378668945,2352.896831305088,0.30019043457265204,0.383443253287409,0.9776400972694429,0.9999954215085215,0.5602135312631162,0.22934479297030147,0.963577941586864,0.8571428571428571,0.0,0.07031971279790812,0.0,port_vae,port,False,0.070457324385643,2.3359341621398926,2.97383451461792,1.3769900798797607,vae_candidate_pool_v1,belief_limited_heuristic_v1,488
VAE000926,vae_candidate_000926,0.6969748376174388,3841.232177734375,-1019.6425170898438,3983.9891410683463,2.9065917848197236,0.07595095890078712,4.844161162717328,38,8252.367036769416,2487.9891513914704,1.850787589389086,0.3109518276708568,8617.843906481407,0.15503197561359894,0.622323516603781,0.9940032969353736,0.3059649555623969,1.0,0.23134844867363574,0.9909099650698961,0.9047619047619048,0.0,0.06874852708645139,0.0,ahead_vae,ahead,False,0.07892733067274094,0.7338783144950867,2.0128796100616455,1.8723127841949463,vae_candidate_pool_v1,belief_limited_heuristic_v1,489
VAE000853,vae_candidate_000853,0.6968926633047374,1202.272216796875,4891.33349609375,5134.776265469353,-1.7880304252668937,0.010381494989295274,4.9162224726676325,36,8234.836451442625,2437.4173757154012,1.7935670620795998,-1.343180733333604,4232.783770033615,0.23111996128727896,0.2432173349232401,0.9867052292083693,0.9742072177505898,1.0,0.22419588275994998,0.9639108170086153,0.8571428571428571,0.0,0.06829374682393702,0.0,port_vae,port,False,0.07053574919700623,0.7408072352409363,2.94913387298584,1.8873815536499023,vae_candidate_pool_v1,belief_limited_heuristic_v1,490
VAE001135,vae_candidate_001135,0.6968765758670508,-3899.63916015625,-1143.097412109375,4012.306588193333,0.3041848137791287,-0.04782406062213148,5.024111641101597,35,8275.237067022214,2386.793857826384,1.7720366038753874,2.7895837791885327,8590.744710154624,0.08597299165346528,0.6117662487348102,0.9981532990655939,0.3447841960873794,1.0,0.22150457548442343,0.9888751344682392,0.8333333333333334,0.0,0.07015212437971004,0.0,astern_vae,astern,False,0.07803632318973541,1.6945838928222656,1.4997279644012451,1.2955045700073242,vae_candidate_pool_v1,belief_limited_heuristic_v1,491
VAE000876,vae_candidate_000876,0.696604645872255,2189.6025390625,267.0675354003906,2191.3198413213263,-3.0168291807920538,-0.03694966369998341,5.061572272846533,32,8300.949995009269,2567.6782492702737,1.5013487213429866,-0.1617131364977228,8606.066568960874,1.1817836961560355,0.9918017660126929,0.6896375015407531,0.1610092270912855,1.0,0.18766859016787332,0.9915325076588503,0.7619047619047619,0.0,0.07424338627846341,0.0,ahead_vae,ahead,False,0.07921921461820602,1.9181418418884277,1.5286431312561035,1.3307931423187256,vae_candidate_pool_v1,belief_limited_heuristic_v1,492
VAE000961,vae_candidate_000961,0.6964781579395064,2324.2861328125,-26.49148178100586,2259.484567064443,3.1294684197638367,0.010257290489781069,4.823154178692724,36,8369.207001449211,2226.028208836231,1.9323577243734564,0.022381524315737054,8416.928629530634,1.0107413246932213,0.9962745207958574,0.7656163989645701,0.022379655756563036,1.0,0.24154471554668205,0.9688414233462069,0.8571428571428571,0.0,0.07843731114296039,0.0,ahead_vae,ahead,False,0.07174030691385269,0.6834735870361328,1.9148681163787842,1.6064581871032715,vae_candidate_pool_v1,belief_limited_heuristic_v1,493
VAE000338,vae_candidate_000338,0.6963338660804739,-359.906494140625,4721.849609375,4853.6797737816505,-1.5231771184161795,-0.018810411714426822,5.073307197353502,35,8219.751564888214,2499.901103752338,1.703281872982791,-1.6372259468880404,3040.020695256491,0.2801478574264429,0.3204275322750106,0.9805072832853652,0.997794364069346,0.7238144512515454,0.21291023412284887,0.9999956041060373,0.8333333333333334,0.0,0.06763029609115069,0.0,port_vae,port,False,0.08708349615335464,2.193999767303467,1.4911701679229736,1.303333044052124,vae_candidate_pool_v1,belief_limited_heuristic_v1,494
VAE000314,vae_candidate_000314,0.6958319912137866,3481.570068359375,294.71295166015625,3465.951297952092,-3.0346195196651577,0.02274438618171857,5.3607415150837845,34,8191.408561112442,2269.132384252989,1.8291970630406333,-0.0842287477429168,8353.269104746843,0.08358943837610644,0.8067088385878378,0.9982542183128589,0.08412918984336142,1.0,0.22864963288007917,0.8520269513089422,0.8095238095238095,0.0,0.07299642231990691,0.0,ahead_vae,ahead,False,0.12218800187110901,0.6560611128807068,2.954758644104004,1.2177870273590088,vae_candidate_pool_v1,belief_limited_heuristic_v1,495
VAE000041,vae_candidate_000041,0.6955879692849511,3764.981201171875,1120.256103515625,3849.2748169866354,-2.825882785974702,0.009204937468266079,4.755833069256728,32,8366.755189792975,2511.070809319845,1.5231194255373017,-0.30650493014682484,8734.474944361991,0.04895223113274216,0.6723000291212861,0.9994010393896013,0.3017283076476494,1.0,0.19038992819216272,0.9040576421037609,0.7619047619047619,0.0,0.06861865348144648,0.0,ahead_vae,ahead,False,0.059551678597927094,1.5792114734649658,2.5568184852600098,1.9087131023406982,vae_candidate_pool_v1,belief_limited_heuristic_v1,496
VAE000029,vae_candidate_000029,0.695453630035678,-1596.352294921875,-21.285825729370117,1488.6685111432498,-0.0027679063979108125,0.07367256939968032,4.908240868219846,34,8379.681051968286,2401.6651716930587,1.6894252007139396,-3.0651521777922017,8538.616814774725,0.3542655766231261,0.8547048533241494,0.9689507572067079,0.07636605539565133,1.0,0.21117815008924246,0.8443808067923648,0.8095238095238095,0.0,0.08588863768063029,0.0,astern_vae,astern,False,0.05137546360492706,1.757953405380249,2.952174425125122,1.7403689622879028,vae_candidate_pool_v1,belief_limited_heuristic_v1,497
VAE000875,vae_candidate_000875,0.6952451309812397,3768.84912109375,-911.0459594726562,3843.5042134252903,2.8479942995186267,0.04788139484450524,4.715978597039118,33,8256.574862472362,2350.4780142358,1.7004263397482093,0.34147974891567157,8566.973751198779,0.072495408975227,0.6744248844500572,0.998686679259549,0.33488176671468267,1.0,0.21255329246852617,0.7953538998445588,0.7857142857142857,0.0,0.07096746323082248,0.0,ahead_vae,ahead,False,0.12902399897575378,1.8166241645812988,1.8830310106277466,1.1735649108886719,vae_candidate_pool_v1,belief_limited_heuristic_v1,498
VAE000173,vae_candidate_000173,0.6952081489380953,-1071.614013671875,4707.751953125,4770.992878267981,-1.3860156110203097,0.020773775777779745,5.234005494337903,36,8329.205483461184,2354.6718059396144,1.8355598121859775,-1.7348032667917037,3683.006102184457,0.6113191442224128,0.3455265904451402,0.9094458050563976,0.986580981352724,0.8769062148058231,0.2294449765232472,0.9190101110581584,0.8571428571428571,0.0,0.06980319894707838,0.0,port_vae,port,False,0.061905357986688614,0.7762812376022339,1.8947778940200806,1.2167961597442627,vae_candidate_pool_v1,belief_limited_heuristic_v1,499
VAE000704,vae_candidate_000704,0.6950745624674739,-238.86627197265625,5090.2890625,4921.732324829302,-1.4951828893862356,0.02108921233278208,5.243573738276927,40,8267.152931935056,2403.155276195811,2.0133634798863773,-1.6253205518707754,2850.120798528424,0.20702508538328845,0.30056095196598437,0.989323368185828,0.9985139226568474,0.6786001901258153,0.25167043498579716,0.9846538271134156,0.9523809523809523,0.0,0.06894897375674552,0.0,port_vae,port,False,0.09811882674694061,1.5307585000991821,1.4926577806472778,1.3400951623916626,vae_candidate_pool_v1,belief_limited_heuristic_v1,500
VAE000197,vae_candidate_000197,0.6949824035839923,-456.43096923828125,-4721.18212890625,4683.373984136971,1.494708943152366,0.002387725703619003,4.804317950743797,35,8215.632844074466,2512.4712092753066,1.6956098395235308,1.6492714361410459,3148.8000015333296,0.5422138904145595,0.3732171530269508,0.9282841698011979,0.9969224084982853,0.7497142860793642,0.21195122994044135,0.9121484118537094,0.8333333333333334,0.0,0.06761008835657831,0.0,starboard_vae,starboard,False,0.060804057866334915,1.515226125717163,1.990729808807373,1.1339044570922852,vae_candidate_pool_v1,belief_limited_heuristic_v1,501
VAE000342,vae_candidate_000342,0.6948851785040959,2212.40625,163.51962280273438,2128.27218992712,-3.0687058952659148,0.0022246954372632023,4.362616930868379,35,8330.416079405184,2393.0779353660514,1.7556765489229973,-0.07066206288661517,8478.586454241544,1.0810836086791087,0.986139299990259,0.7351861952539682,0.0706032734551301,1.0,0.21945956861537466,0.9974286864509034,0.8333333333333334,0.0,0.07695148274763616,0.0,ahead_vae,ahead,False,0.0916944295167923,0.8442785739898682,1.5172269344329834,1.3787424564361572,vae_candidate_pool_v1,belief_limited_heuristic_v1,502
VAE000711,vae_candidate_000711,0.694880449036332,409.2806701660156,4862.4443359375,4735.815134858045,-1.67713867235664,0.0003390377196352995,4.764636393669605,37,8179.3256417324865,2176.3002419083605,2.078573636967577,-1.464114943513518,3034.855421059743,0.33143318546183287,0.35651246442523415,0.9727884791675097,0.9943149360704521,0.7225846240618435,0.2598217046209471,0.8316006607831308,0.8809523809523809,0.0,0.07297390692583466,0.0,port_vae,port,False,0.04979235678911209,2.374738931655884,1.4932136535644531,1.8050274848937988,vae_candidate_pool_v1,belief_limited_heuristic_v1,503
VAE000627,vae_candidate_000627,0.6944041051933305,463.98944091796875,4868.14794921875,4926.971455176043,-1.6609722233432926,0.014888894821904027,4.567333641225886,38,8386.951192247405,2440.338626744761,1.8566471992369382,-1.4657315354245966,3306.4350554556195,0.3341638518895793,0.29906185176588135,0.9723424395907716,0.9944857700610156,0.7872464417751475,0.23208089990461728,0.9504431581673608,0.9047619047619048,0.0,0.06836551289006867,0.0,port_vae,port,False,0.06759238988161087,0.8715770840644836,2.390066385269165,1.6030099391937256,vae_candidate_pool_v1,belief_limited_heuristic_v1,504
VAE000548,vae_candidate_000548,0.6943472625733444,3539.131591796875,131.2720947265625,3550.6934922366977,-3.0912408173437296,-0.009193966477818515,5.066922281601761,38,8215.69211577299,2294.243679122583,2.0160434930740556,-0.05954580272388206,8337.663082945879,0.08192984359505484,0.7785659249496882,0.9983228136730815,0.059510620343632706,1.0,0.25200543663425695,0.9116149884353013,0.9047619047619048,0.0,0.07239879066363651,0.0,ahead_vae,ahead,False,0.06072001904249191,0.6645229458808899,1.518093466758728,1.4394195079803467,vae_candidate_pool_v1,belief_limited_heuristic_v1,505
VAE000302,vae_candidate_000302,0.6940791343331273,3757.685302734375,1949.5819091796875,4259.054862996252,-2.7071434197650754,-0.03388484857960679,4.917745247488516,38,8174.0359364144315,2385.608483928032,1.9487130041991874,-0.4683340824043244,8370.73275903898,0.06390013994620025,0.5203132767597282,0.9989795403303982,0.45140037832372376,1.0,0.24358912552489842,0.9893184470509794,0.9047619047619048,0.0,0.0698766178893524,0.0,ahead_vae,ahead,False,0.07822310924530029,0.7524773478507996,2.9499125480651855,1.458847999572754,vae_candidate_pool_v1,belief_limited_heuristic_v1,506
VAE000741,vae_candidate_000741,0.6934470926309437,-735.4641723632812,-396.64422607421875,837.165679909782,0.5241206750190658,-0.01885393652625746,5.083366518110425,37,8296.25989809363,2540.6928856301333,1.7553640663859646,2.5986180420444702,8415.792814254028,0.2448375489537514,0.6302044519968003,0.9850883578500351,0.5166850634200694,1.0,0.21942050829824558,0.8307203837777396,0.8809523809523809,1.0,0.11557635085490381,0.11557635085490381,inside_convoy_envelope,inside,True,0.04968489706516266,2.377460241317749,2.1321663856506348,1.9361516237258911,vae_candidate_pool_v1,belief_limited_heuristic_v1,507
VAE000374,vae_candidate_000374,0.6932406460116292,2215.073974609375,49.753021240234375,2116.7670901620086,-3.1511747357994695,-0.05201324675694376,4.843638922380166,37,8191.468611768606,2493.0360002801744,1.811804786678052,-0.04243116454726738,8289.846424509715,1.0604258544457628,0.9849497761118231,0.7442502705411738,0.04241843348892365,1.0,0.2264755983347565,0.976578148583967,0.8809523809523809,0.0,0.07579095027878623,0.0,ahead_vae,ahead,False,0.07383181899785995,0.7006611824035645,1.9346039295196533,1.9307119846343994,vae_candidate_pool_v1,belief_limited_heuristic_v1,508
VAE000356,vae_candidate_000356,0.6932226268699354,2844.45556640625,4124.1640625,4974.400046304485,-2.1877067930463325,-0.03632949340623924,5.294306749061963,38,8327.097849043044,2284.441013077984,1.9976066730942614,-0.9902153539496998,6477.616753296102,0.12384798743331471,0.285691629573882,0.9961703178340653,0.8361441217419201,1.0,0.24970083413678268,0.999875388714975,0.9047619047619048,0.0,0.07079675691662456,0.0,ahead_vae,ahead,False,0.08629228174686432,1.0346181392669678,2.0349998474121094,1.5927457809448242,vae_candidate_pool_v1,belief_limited_heuristic_v1,509
VAE001078,vae_candidate_001078,0.6929026325670973,3749.898193359375,1219.2196044921875,3953.1288318630022,-2.8348086913809927,-0.031456807413355554,4.755633790974206,33,8267.328211692637,2476.5424155704077,1.611769710574566,-0.338240769622156,8620.686712048975,0.047603626102584506,0.633817531157978,0.9994335806714083,0.33182805429679985,1.0,0.20147121382182076,0.9238381485555751,0.7857142857142857,0.0,0.06894710586441681,0.0,ahead_vae,ahead,False,0.0627046525478363,0.8117507696151733,2.567429304122925,1.3122990131378174,vae_candidate_pool_v1,belief_limited_heuristic_v1,510
VAE000538,vae_candidate_000538,0.6928381215212818,-1087.939208984375,-4520.66162109375,4885.7903726576915,1.3259009965149788,0.039754934557453915,4.772956717092045,37,8273.15496757018,2384.208904210807,1.8757988235428065,1.8554465916322684,4611.550483127208,0.5092881131028203,0.3109627964893893,0.9365459067279722,0.9597599246119941,1.0,0.2344748529428508,0.8225356888073418,0.8809523809523809,0.0,0.06926352951032334,0.0,starboard_vae,starboard,False,0.04869474470615387,0.8425853848457336,2.432877779006958,1.3537579774856567,vae_candidate_pool_v1,belief_limited_heuristic_v1,511
VAE000034,vae_candidate_000034,0.692627839990476,3010.18896484375,-3673.52001953125,4733.958760150074,2.296438006054516,0.027908422766066848,4.8205393971526975,38,8303.624354990403,2492.518161501442,1.8360206908719499,0.8730630703013438,7244.949851694985,0.18998884632874535,0.3570971689236444,0.9910031707631077,0.766300497366289,1.0,0.22950258635899373,0.9019345227459062,0.9047619047619048,0.0,0.06781199799597831,0.0,ahead_vae,ahead,False,0.059230510145425797,1.4631391763687134,2.911081075668335,1.8736956119537354,vae_candidate_pool_v1,belief_limited_heuristic_v1,512
VAE000427,vae_candidate_000427,0.6923263119651712,-685.9524536132812,415.96453857421875,862.5207347893491,-0.5173771468968419,0.028771335288357586,4.808019731594084,35,8291.935595424886,2460.6007923736393,1.7154219568781879,-2.5954441714045937,8363.75445229544,0.48335584676850873,0.639639122661207,0.9427201354999494,0.5193998468485267,1.0,0.21442774460977349,0.9219211260229805,0.8333333333333334,1.0,0.11391504093871825,0.11391504093871825,inside_convoy_envelope,inside,True,0.0623847134411335,1.1392595767974854,1.5068409442901611,1.9415231943130493,vae_candidate_pool_v1,belief_limited_heuristic_v1,513
VAE000668,vae_candidate_000668,0.6921421935016314,3880.570556640625,1244.26025390625,4027.970088022067,-2.8300884187887148,0.012630755922446012,4.481293829366649,41,8122.775976156465,2577.7606492505547,1.9581086744335292,-0.29887347887863236,8521.689183538532,0.021058052256918813,0.6059248207999061,0.9998891437054012,0.2944438126410378,1.0,0.24476358430419115,0.938641143598275,0.9761904761904762,0.0,0.06755085629057914,0.0,ahead_vae,ahead,False,0.06530684232711792,0.7539849877357483,1.9414440393447876,1.697150468826294,vae_candidate_pool_v1,belief_limited_heuristic_v1,514
VAE000284,vae_candidate_000284,0.6919703689215991,811.2999877929688,-4791.48779296875,4931.3316248627,1.7309622999794598,-0.05557646233594757,4.650166682168935,29,8252.233870305381,2529.7096187701113,1.389171287315719,1.355053891274386,4237.643282769999,0.2471509354962611,0.29781759912998523,0.9848066790926968,0.9768177282526219,1.0,0.17364641091446487,0.8408825775654853,0.6904761904761905,0.0,0.06715819822336148,0.0,starboard_vae,starboard,False,0.05093768984079361,1.2877823114395142,2.9795355796813965,1.781821608543396,vae_candidate_pool_v1,belief_limited_heuristic_v1,515
VAE000396,vae_candidate_000396,0.6918223196233174,-1209.74658203125,-2432.1298828125,2729.7592410444404,1.151975659580259,-0.03277486177574314,5.452676514695826,37,8443.590694488743,2375.112277845097,1.8449746646890817,1.9568421322337912,5379.566133645911,2.3678352026728167,0.9796538496843818,0.1423550430536607,0.9264051641330874,1.0,0.2306218330861352,0.7817603331042979,0.8809523809523809,0.0,0.07349699763092511,0.0,astern_vae,astern,False,0.04396549239754677,1.0855505466461182,2.4771060943603516,1.0636818408966064,vae_candidate_pool_v1,belief_limited_heuristic_v1,516
VAE000298,vae_candidate_000298,0.6913188036180924,-800.0057983398438,4854.154296875,4980.687519098624,-1.4162367813880743,0.012537585294359901,4.8525775327368486,35,8295.609969140278,2408.9491100549944,1.7514272159244029,-1.712818286907359,3558.897537607145,0.39842481139362046,0.2839465139706355,0.9608366292041443,0.9899318216325353,0.8473565565731297,0.21892840199055036,0.9962797657854683,0.8333333333333334,0.0,0.06880960343458535,0.0,port_vae,port,False,0.08193879574537277,0.7104227542877197,2.988862991333008,1.0792388916015625,vae_candidate_pool_v1,belief_limited_heuristic_v1,517
VAE000866,vae_candidate_000866,0.6912563934014652,-3776.08544921875,-1399.318115234375,3985.1860653160256,0.3904591979607833,0.011592607622305842,4.584656490982496,32,8245.159986624078,2385.353102807458,1.6270399429954387,2.762726063251316,8542.71488417099,0.10853743974082691,0.621877431463634,0.997057796101358,0.3698676739226311,1.0,0.20337999287442984,0.8883541492715812,0.7619047619047619,0.0,0.07022016556056877,0.0,astern_vae,astern,False,0.11729231476783752,1.4410713911056519,1.4916647672653198,1.3929834365844727,vae_candidate_pool_v1,belief_limited_heuristic_v1,518
VAE000997,vae_candidate_000997,0.6911732781193034,-1019.6749877929688,523.7561645507812,1194.8411468846837,-0.47293737368290784,0.0678940503918555,4.8827605360938495,38,8465.268863373056,2625.5206741181673,1.7097294719437899,-2.60076122951503,8608.85999755083,1.1799982774957598,0.7599084969862303,0.6904632085020468,0.5148489335154203,1.0,0.21371618399297374,0.992351001935227,0.9047619047619048,1.0,0.0925279390317913,0.0925279390317913,inside_convoy_envelope,inside,True,0.07961960881948471,0.7901394963264465,1.9705911874771118,1.1783841848373413,vae_candidate_pool_v1,belief_limited_heuristic_v1,519
VAE000492,vae_candidate_000492,0.6904990011455167,-597.6687622070312,-5062.81689453125,4916.814360296453,1.4313641651276725,-0.004067430260203969,4.694208632424517,37,8250.454888736649,2346.90462772633,1.9108578848058413,1.7061610582019162,3438.8485930138713,0.4427687987171638,0.30197214076934903,0.9517844280300026,0.9908521759828259,0.8187734745271122,0.23885723560073016,0.9365094959876661,0.8809523809523809,0.0,0.0698286518879769,0.0,starboard_vae,starboard,False,0.06491608917713165,0.7277417778968811,1.513075590133667,1.0645840167999268,vae_candidate_pool_v1,belief_limited_heuristic_v1,520
VAE000091,vae_candidate_000091,0.6904380059350018,220.72743225097656,4756.61865234375,4771.301316709305,-1.5965595199505949,0.021397840363376823,4.83343572585585,39,8219.110763717024,2385.946094545131,1.9887452087384203,-1.5236352932758215,2770.7713048941605,0.36675210193828156,0.345431064189645,0.9667484580595801,0.9988881245643179,0.6597074535462287,0.24859315109230254,0.8682378515819279,0.9285714285714286,0.0,0.06934477475422257,0.0,port_vae,port,False,0.05446430295705795,1.3212800025939941,1.9532995223999023,1.3691083192825317,vae_candidate_pool_v1,belief_limited_heuristic_v1,521
VAE000137,vae_candidate_000137,0.6903820518947461,2126.068115234375,-4464.42333984375,4982.532571040934,1.9980936513997227,0.0068073154379332005,4.968680963807856,38,8193.426083688342,2479.28374725293,1.8706469193681985,1.1503063176280037,5607.931570526454,0.006269472973937651,0.2834356337170792,0.9999901734593444,0.9128890243399821,1.0,0.2338308649210248,0.7895512919454487,0.9047619047619048,0.0,0.06781903820005714,0.0,ahead_vae,ahead,False,0.12968644499778748,1.8674700260162354,2.3744282722473145,1.312975287437439,vae_candidate_pool_v1,belief_limited_heuristic_v1,522
VAE000891,vae_candidate_000891,0.6901832926998831,824.1537475585938,5010.8515625,5056.302572019249,-1.7444595325142562,0.0756142131049298,5.161849155464822,33,8210.858266066645,2534.1149701891973,1.5859849794571117,-1.3215189079706071,4481.437599375217,0.323885168912714,0.2634671146161459,0.974003056404492,0.9690909381928534,1.0,0.19824812243213896,0.9154788199443777,0.7857142857142857,0.0,0.0670152358521901,0.0,port_vae,port,False,0.06133377552032471,1.9903793334960938,2.9097373485565186,1.2054059505462646,vae_candidate_pool_v1,belief_limited_heuristic_v1,523
VAE000090,vae_candidate_000090,0.6901569628144356,-877.1421508789062,-5105.201171875,5161.203520946585,1.3780684592424812,-0.024965380492932322,5.584569003181932,39,8274.418907473913,2402.5419240360234,1.9618063149752913,1.73855881385438,3750.4471756032685,0.3310662856575066,0.23663033540893383,0.9728481416758772,0.9859608471426646,0.8929636132388734,0.24522578937191142,0.9924310435954006,0.9285714285714286,0.0,0.06878247369216967,0.0,starboard_vae,starboard,False,0.09487304836511612,1.7334935665130615,2.9607810974121094,1.2832878828048706,vae_candidate_pool_v1,belief_limited_heuristic_v1,524
VAE000962,vae_candidate_000962,0.6900535865678854,135.69671630859375,-4613.09033203125,4655.667720081343,1.6370233010295627,0.05877668504522417,4.914420745360559,36,8159.346756218835,2445.47065105119,1.8041999045753483,1.5633460376054542,2506.191711789478,0.3867615421495232,0.3821959998639943,0.9630677159123319,0.9999722467238719,0.5967123123308281,0.22552498807191854,0.8743974765961898,0.8571428571428571,0.0,0.06858111715292725,0.0,starboard_vae,starboard,False,0.05529545247554779,1.210444688796997,1.475621223449707,1.8786052465438843,vae_candidate_pool_v1,belief_limited_heuristic_v1,525
VAE000393,vae_candidate_000393,0.6900062738296782,1811.81494140625,988.7385864257812,2032.8853962829176,-2.6577983916069607,-0.043879419077012934,4.650827939213836,34,8435.671385657386,2342.179735707777,1.7208342628946467,-0.5276736810598452,8467.603438461172,1.6666847911307843,0.9748448365775291,0.4521292053827676,0.5035248106734979,1.0,0.21510428286183084,0.87941328773198,0.8095238095238095,0.0,0.07851201614786066,0.0,ahead_vae,ahead,False,0.05598410591483116,1.4720557928085327,2.9363479614257812,1.5846476554870605,vae_candidate_pool_v1,belief_limited_heuristic_v1,526
VAE000158,vae_candidate_000158,0.689514679776193,3647.798583984375,-2796.56201171875,4531.426196861928,2.477666735622665,0.02416858405955215,5.035490198771866,33,8212.179648375246,2454.977963971983,1.636846297186199,0.6880945020266805,7902.63410952036,0.043549825214485686,0.4236761376533163,0.9995259281146116,0.6350664197845515,1.0,0.20460578714827488,0.9824799748152682,0.7857142857142857,0.0,0.06855102057097996,0.0,ahead_vae,ahead,False,0.07566451281309128,1.3125299215316772,2.068424940109253,1.5798039436340332,vae_candidate_pool_v1,belief_limited_heuristic_v1,527
VAE000335,vae_candidate_000335,0.6894383516589488,-3709.1279296875,-960.8097534179688,3906.708599329511,0.2873567350782571,0.01584434660638148,4.946797366476025,32,8353.953579587707,2565.531042949929,1.4930716408894362,2.870080265117918,8735.964629804388,0.047782836636083764,0.651066286648691,0.9994293087266508,0.26818872707649066,1.0,0.18663395511117953,0.9820136698471752,0.7619047619047619,0.0,0.06782642241319381,0.0,astern_vae,astern,False,0.09902318567037582,1.2432423830032349,1.4906573295593262,1.1045031547546387,vae_candidate_pool_v1,belief_limited_heuristic_v1,528
VAE000979,vae_candidate_000979,0.6885309791355622,-194.94964599609375,4715.083984375,4753.9385412369875,-1.5720166847876058,0.02708610107590945,5.794166028229652,36,8207.752170834105,2581.461086274966,1.6990755226647551,-1.542489867726278,2812.7283260585023,0.4738374003779522,0.35083015761994585,0.9449119110042156,0.9995993989372245,0.6696972204901196,0.2123844403330944,0.9401207653458555,0.8571428571428571,0.0,0.06665215873506723,0.0,port_vae,port,False,0.06558167934417725,1.1931560039520264,2.3114521503448486,1.5091824531555176,vae_candidate_pool_v1,belief_limited_heuristic_v1,529
VAE000473,vae_candidate_000473,0.6881453137545228,1667.833984375,738.4979248046875,1844.3676893501877,-2.723804943758324,-0.005029607814355147,5.261632605355566,36,8186.213939742261,2472.4918866303256,1.7786255850702113,-0.4228173176458244,8479.848305454467,1.5662779205858508,0.9433097837761387,0.5022591954172176,0.41033129298715054,1.0,0.2223281981337764,0.9996220959196768,0.8571428571428571,0.0,0.07896955833205539,0.0,ahead_vae,ahead,False,0.08896306157112122,0.7146954536437988,2.411048173904419,1.6269463300704956,vae_candidate_pool_v1,belief_limited_heuristic_v1,530
VAE000814,vae_candidate_000814,0.6877544529817662,3787.027587890625,-2061.759033203125,4241.346373368585,2.6445873919397966,-0.0345427203537317,5.20158181392028,35,8231.12282125687,2664.2999257988904,1.5959741381338264,0.4624625412962653,8555.183480875476,0.14393479485885363,0.526798608661314,0.994829629272477,0.446153324939839,1.0,0.1994967672667283,0.977318486311734,0.8333333333333334,0.0,0.06619645260419976,0.0,ahead_vae,ahead,False,0.10048457980155945,1.0205965042114258,2.9590001106262207,1.3877928256988525,vae_candidate_pool_v1,belief_limited_heuristic_v1,531
VAE000379,vae_candidate_000379,0.6877004898972325,-1193.9755859375,-452.4868469238281,1244.0591950309147,0.400171822711822,0.017109176848007154,4.668343303147953,37,8309.085363903509,2428.5484754447393,1.8335878673648403,2.7585300077259785,8614.5797645729,0.9998626628909735,0.7767865860594078,0.7702089329823543,0.37376289629322024,1.0,0.22919848342060503,0.9356200941527535,0.8809523809523809,0.0,0.0925830616811887,0.0,astern_vae,astern,False,0.06475479900836945,1.882198452949524,2.929749011993408,1.8287737369537354,vae_candidate_pool_v1,belief_limited_heuristic_v1,532
VAE000863,vae_candidate_000863,0.6875970991859044,2623.258544921875,-4216.984375,4915.474343425359,2.1150031724424587,-0.03414156389451183,5.4607123155330255,33,8247.758903771932,2625.2797833482127,1.524061135403445,0.9924479172528236,6706.890575594038,0.0060510383764555975,0.30235732088172573,0.9999908462615721,0.8373666197777491,1.0,0.19050764192543063,0.9579027344815888,0.7857142857142857,0.0,0.06596388491544851,0.0,ahead_vae,ahead,False,0.10536432266235352,0.7291711568832397,1.4971842765808105,1.9294847249984741,vae_candidate_pool_v1,belief_limited_heuristic_v1,533
VAE000585,vae_candidate_000585,0.6873602585273653,3801.7236328125,-212.85256958007812,3746.2361628068393,3.0553093995999143,0.04443037303572451,4.840652753819423,38,8455.445971416504,2722.4041238810833,1.6508000898027366,0.13071362702560332,8738.156490107043,0.05545323851611262,0.7099224180534711,0.999231431564415,0.1303417149155793,1.0,0.20635001122534208,0.9326345511202865,0.9047619047619048,0.0,0.06624822646409165,0.0,ahead_vae,ahead,False,0.06422054022550583,0.8446119427680969,1.516405701637268,1.238757610321045,vae_candidate_pool_v1,belief_limited_heuristic_v1,534
VAE001004,vae_candidate_001004,0.6872938104042462,3589.782470703125,710.432861328125,3752.9542161310724,-2.9455560918231236,0.022782732961948403,4.892243462710226,31,8209.405324152349,2502.0096653279525,1.5092494008030892,-0.1732538288047211,8517.82018309414,0.03470719637212838,0.7074930794696828,0.9996988828586957,0.17238837191226028,1.0,0.18865617510038615,0.9763430873481257,0.7380952380952381,0.0,0.0689425526188328,0.0,ahead_vae,ahead,False,0.10076916217803955,1.3743019104003906,2.0235683917999268,1.6265298128128052,vae_candidate_pool_v1,belief_limited_heuristic_v1,535
VAE001088,vae_candidate_001088,0.6867849273725171,-932.2315063476562,-405.482666015625,953.5366949686036,0.4560300014724103,0.03403448179270138,4.636838796033315,31,8230.324892795077,2498.2404116351536,1.5076845527985094,2.7195971339100846,8531.540332491271,0.04176286157215336,0.6733355072077116,0.9995640292199024,0.4095817269290652,1.0,0.18846056909981368,0.8202777776798563,0.7380952380952381,1.0,0.10650718086563139,0.10650718086563139,inside_convoy_envelope,inside,True,0.048424333333969116,2.3491954803466797,2.972196578979492,1.9543792009353638,vae_candidate_pool_v1,belief_limited_heuristic_v1,536
VAE000307,vae_candidate_000307,0.6866074236263379,-1067.111328125,-5013.6201171875,5081.7406414950665,1.3521572034640101,-0.03192542396248194,4.91983575587038,34,8100.560248824109,2269.5117698826202,1.8494024183384163,1.757510026163301,3733.7795285241355,0.366161959972837,0.2567902137600072,0.966854184930753,0.9826195783999027,0.8889951258390799,0.23117530229230204,0.9994763186902167,0.8095238095238095,0.0,0.07103499632229825,0.0,starboard_vae,starboard,False,0.08926373720169067,2.1017138957977295,1.5586023330688477,1.3561840057373047,vae_candidate_pool_v1,belief_limited_heuristic_v1,537
VAE000489,vae_candidate_000489,0.6863597120238399,3876.89697265625,1563.8184814453125,4224.930489615157,-2.7155065090364605,-0.018976598543662664,5.243551657031835,34,8202.404956066737,2212.5841190594037,1.8734319363788643,-0.4450627430969953,8355.906220350158,0.08815776647672591,0.5328263045705546,0.9980583100754254,0.43051451204210867,1.0,0.23417899204735804,0.976170003366026,0.8095238095238095,0.0,0.07279173177655933,0.0,ahead_vae,ahead,False,0.10081906616687775,2.430191993713379,1.5091564655303955,1.3063596487045288,vae_candidate_pool_v1,belief_limited_heuristic_v1,538
VAE000659,vae_candidate_000659,0.6863057895932553,-1447.887939453125,71.25296783447266,1562.5268980564888,-0.03226846397324931,-0.010000248892437547,4.969239876425451,34,8268.432944490964,2307.7817817348814,1.7818082594771159,-3.1193244385089813,8317.768915222787,0.6753521530226502,0.8758307129296105,0.890243421624823,0.022266374757176157,1.0,0.22272603243463948,0.997137834039956,0.8095238095238095,0.0,0.08556523543339642,0.0,astern_vae,astern,False,0.09193849563598633,0.8156059980392456,1.976779580116272,1.6771721839904785,vae_candidate_pool_v1,belief_limited_heuristic_v1,539
VAE001175,vae_candidate_001175,0.686046611799909,-629.8731079101562,4691.66162109375,4749.460605116164,-1.4588758412720537,0.036497731447760674,5.0227422543059905,38,8207.670154211843,2373.251054587048,1.9508326664161941,-1.6462190808699788,2984.9623643182354,0.4342772708105873,0.35222973143914804,0.9535871855122577,0.9971570521647627,0.7107053248376751,0.24385408330202427,0.7874587082522873,0.9047619047619048,0.0,0.06956174787891993,0.0,port_vae,port,False,0.04460892826318741,2.329535484313965,1.477504014968872,1.3843592405319214,vae_candidate_pool_v1,belief_limited_heuristic_v1,540
VAE000951,vae_candidate_000951,0.6859638792289234,3674.799072265625,1310.432373046875,3990.3823110955245,-2.8176985255131606,-0.028380643752588936,5.521335221430211,36,8104.30241519305,2143.851662351795,2.0720113495119517,-0.35227477182922146,8346.320618870674,0.07335810568521639,0.6199406389017588,0.998655250299179,0.3450337770200186,1.0,0.25900141868899396,0.7906951366115815,0.8571428571428571,0.0,0.07441287277516972,0.0,ahead_vae,ahead,False,0.1295562982559204,2.37768292427063,1.507792353630066,1.6555593013763428,vae_candidate_pool_v1,belief_limited_heuristic_v1,541
VAE000388,vae_candidate_000388,0.6859427249043569,964.1353149414062,896.8494262695312,1497.4924541873042,-2.409862320718156,0.020909383797001538,5.204768086907063,36,8170.49235983684,2499.1914180608496,1.7630099025159205,-0.7108209490746356,7822.4283685647515,1.5961896472551091,0.857294730067425,0.4873047042375081,0.6524561277778593,1.0,0.22037623781449006,0.816303866961145,0.8571428571428571,1.0,0.08461244999133709,0.08461244999133709,inside_convoy_envelope,inside,True,0.047951143234968185,2.280839443206787,2.0964932441711426,1.568718671798706,vae_candidate_pool_v1,belief_limited_heuristic_v1,542
VAE000426,vae_candidate_000426,0.6858089637260253,1715.145751953125,-4671.509765625,5035.028683464619,1.9539186110060922,-0.012369677161102172,4.9899674422853755,35,8034.467586026177,2323.08365755767,1.8751935119733143,1.1753043654225996,5239.135016229544,0.11901365413440244,0.2691335702955623,0.9964631152672789,0.9228071419115391,1.0,0.2343991889966643,0.8287736734445431,0.8333333333333334,0.0,0.070182983836754,0.0,ahead_vae,ahead,False,0.049447935074567795,0.8515763878822327,2.9307169914245605,1.1927679777145386,vae_candidate_pool_v1,belief_limited_heuristic_v1,543
VAE000919,vae_candidate_000919,0.6854230386690576,-221.3519287109375,-2042.987548828125,2096.018659085583,1.4506859192860628,0.026552523814835787,4.910494423293415,39,8197.154485622299,2402.945302101535,1.9799654040941062,1.7174592581185666,3575.0612797141016,2.7166129462304376,0.982683878760892,0.04447645007804585,0.9892642568356329,0.8512050665985956,0.24749567551176327,0.9624391072771564,0.9285714285714286,1.0,0.07713277594968825,0.07713277594968825,inside_convoy_envelope,inside,True,0.07019153982400894,1.007590889930725,2.072906494140625,1.1231606006622314,vae_candidate_pool_v1,belief_limited_heuristic_v1,544
VAE000372,vae_candidate_000372,0.6854127860854543,1756.26171875,-5174.72021484375,5337.94895493528,1.857712740058192,-0.022497737446874007,5.359020113436128,37,8338.378981590184,2474.4538902896825,1.7932495419517487,1.2613821760847277,4895.989237551747,0.09812386639241644,0.1956022838486357,0.9975948574252484,0.9525121248313384,1.0,0.22415619274396859,0.9972485231245717,0.8809523809523809,0.0,0.06760366202999868,0.0,starboard_vae,starboard,False,0.09184713661670685,1.6855260133743286,2.04740047454834,1.1241594552993774,vae_candidate_pool_v1,belief_limited_heuristic_v1,545
VAE000392,vae_candidate_000392,0.6853945118578886,2244.903564453125,4551.0,5143.245079690829,-2.0001098525001315,0.04185605977627339,4.864493633452353,37,8263.032410058508,2395.4321431441244,1.8692973703608349,-1.0996267413133882,5885.2489366409645,0.12824724620487382,0.24109368840946951,0.9958937936114528,0.891037989290415,1.0,0.23366217129510436,0.9672243464302828,0.8809523809523809,0.0,0.0689053198762132,0.0,ahead_vae,ahead,False,0.07133589684963226,2.270198345184326,2.447678565979004,1.4466785192489624,vae_candidate_pool_v1,belief_limited_heuristic_v1,546
VAE000444,vae_candidate_000444,0.6853576709367095,-111.619384765625,470.13427734375,452.2461049462378,-1.318343537174411,-0.008049658071912732,5.216891540016057,41,8188.495043338963,2752.333895357684,1.8191924614981607,-1.8312987744872948,4768.550607618177,0.2516966342486957,0.48813947290640114,0.9842456366708952,0.9662606866255371,1.0,0.2273990576872701,0.8169860837476302,0.9761904761904762,1.0,0.18759484553752195,0.18759484553752195,inside_convoy_envelope,inside,True,0.048032134771347046,1.7048351764678955,2.4764716625213623,1.8733024597167969,vae_candidate_pool_v1,belief_limited_heuristic_v1,547
VAE001062,vae_candidate_001062,0.6851191105173899,956.2720947265625,-5333.97705078125,5270.779185421285,1.7638684997278065,0.028834709156306294,4.767784396682548,36,8235.20359663711,2577.53916488208,1.6959884379435612,1.406558863018293,3889.310678248956,0.12720815062404212,0.21057455126244068,0.9959599739604656,0.986543316904237,0.926026351964037,0.21199855474294516,0.9780352315826853,0.8571428571428571,0.0,0.06629697447652641,0.0,starboard_vae,starboard,False,0.10027167946100235,2.3535287380218506,2.9052939414978027,1.42442786693573,vae_candidate_pool_v1,belief_limited_heuristic_v1,548
VAE000403,vae_candidate_000403,0.6850414929838263,-269.74737548828125,479.3123779296875,516.9946872367664,-1.0570384900326617,-0.004607433098552339,5.720845432420846,37,8201.352344335068,2670.5318217679537,1.6893455664819186,-2.0891615966556834,6383.1536102771715,0.2473097170642877,0.51157230077069,0.9847872506243149,0.8686302846979491,1.0,0.21116819581023982,0.8386475799543902,0.8809523809523809,1.0,0.16721969684790589,0.16721969684790589,inside_convoy_envelope,inside,True,0.050659798085689545,0.7311758995056152,2.9399542808532715,1.8691315650939941,vae_candidate_pool_v1,belief_limited_heuristic_v1,549
VAE000212,vae_candidate_000212,0.684976440131762,-967.0906372070312,-2176.04345703125,2364.361509072946,1.130112105989412,0.012811313189037745,4.684584050712077,33,8267.419860591313,2367.4978241822205,1.685987527565231,2.0242918607894196,5750.23664420967,2.4406094251874935,0.9997599339177227,0.11789579772090919,0.8989211674710773,1.0,0.21074844094565387,0.7975752801961675,0.7857142857142857,1.0,0.07556638458424335,0.07556638458424335,inside_convoy_envelope,inside,True,0.045764029026031494,1.0478854179382324,1.502382516860962,1.436487078666687,vae_candidate_pool_v1,belief_limited_heuristic_v1,550
VAE000666,vae_candidate_000666,0.6845684633530807,532.1893310546875,-566.4297485351562,776.5041128621297,2.3079415754516597,-0.024360495590960055,4.769732890080025,36,8199.039828395284,2286.602085458875,1.920210806337145,0.8092905825471741,7312.4742103153285,0.8532524759897722,0.6075934316549055,0.8287680689340251,0.7237978499320129,1.0,0.24002635079214313,0.8777329261452024,0.8571428571428571,1.0,0.12396448168504035,0.12396448168504035,inside_convoy_envelope,inside,True,0.055752161890268326,1.8677752017974854,2.0634918212890625,1.0987083911895752,vae_candidate_pool_v1,belief_limited_heuristic_v1,551
VAE001021,vae_candidate_001021,0.6845483634716782,-3911.7587890625,-1186.431396484375,4118.578329915264,0.28765016113603237,-0.05843668714781524,4.991852194354209,36,8195.348344535281,2408.602965327672,1.8237691537869203,2.7955058053059463,8526.468818590693,0.13927608347561496,0.5721696448166692,0.995158377153246,0.3392192835414988,1.0,0.22797114422336504,0.9822568443002335,0.8571428571428571,0.0,0.06970194864105234,0.0,astern_vae,astern,False,0.09894271939992905,0.6918829083442688,2.932650089263916,1.3522484302520752,vae_candidate_pool_v1,belief_limited_heuristic_v1,552
VAE001189,vae_candidate_001189,0.6842465396088067,-944.1705932617188,-767.77783203125,1160.4307504572816,0.6227133572267178,-0.015387563120273555,5.126230574351775,33,8242.260314565232,2128.189926395665,1.881296424185783,2.5034917332428024,7888.119113547889,1.165492237350647,0.7479196541156704,0.6971491157430507,0.5956711216510167,1.0,0.23516205302322288,0.8667382565254917,0.7857142857142857,1.0,0.09964580688684112,0.09964580688684112,inside_convoy_envelope,inside,True,0.05426424741744995,1.1145899295806885,2.941307783126831,1.6965346336364746,vae_candidate_pool_v1,belief_limited_heuristic_v1,553
VAE000831,vae_candidate_000831,0.6841988786647272,-1597.241455078125,4700.93505859375,4900.111607284819,-1.2563986373703304,-0.0250523389442123,5.051358632978612,32,8171.955311765847,2215.6221331413085,1.7673733432229977,-1.910246355163675,4810.1982896468835,0.49936390574834677,0.30679363030173257,0.9389436720785438,0.942937931382226,1.0,0.2209216679028747,0.8595477751331723,0.7619047619047619,0.0,0.0721088463786766,0.0,port_vae,port,False,0.05331668257713318,2.161020517349243,1.9363656044006348,1.929353952407837,vae_candidate_pool_v1,belief_limited_heuristic_v1,554
VAE001111,vae_candidate_001111,0.6840717722527646,122.97686767578125,-483.8500671386719,508.9704661912453,1.8306995315336905,-0.03964951305249004,5.1585288604155926,32,8280.450451428824,2338.729713013453,1.6524030283775601,1.2712436090036123,4678.084650998368,0.42790727607831336,0.5086520669385928,0.9549180770672883,0.9554685744889904,1.0,0.20655037854719502,0.8456018225082486,0.7619047619047619,1.0,0.1712720573245462,0.1712720573245462,inside_convoy_envelope,inside,True,0.05152909457683563,1.072403907775879,2.9743571281433105,1.5973137617111206,vae_candidate_pool_v1,belief_limited_heuristic_v1,555
VAE000584,vae_candidate_000584,0.684001222684188,3424.296630859375,3140.88671875,4702.281906463356,-2.413677196666256,-0.007423238463829788,4.749418825987773,36,8249.645763689663,2534.8065424322417,1.721560862058721,-0.7353386953873668,7818.412376063956,0.1168751749040644,0.3671498326773981,0.9965889339014318,0.6708383718244275,1.0,0.21519510775734013,0.9944208509955472,0.8571428571428571,0.0,0.06728699046735002,0.0,ahead_vae,ahead,False,0.0807390883564949,2.0338802337646484,1.9375978708267212,1.9182517528533936,vae_candidate_pool_v1,belief_limited_heuristic_v1,556
VAE001038,vae_candidate_001038,0.6839960415314308,73.9388427734375,4917.783203125,4814.90169012731,-1.5818333734852081,-0.01761881102645174,4.679997547937525,37,8101.738583474993,2529.258817037739,1.8056360860258578,-1.5773780911310367,2582.527383044122,0.38167206947670124,0.3320697503756375,0.9640215664413705,0.9999783402673029,0.6148874721533624,0.22570451075323222,0.9404184880036871,0.8809523809523809,0.0,0.067300919517944,0.0,port_vae,port,False,0.06563735008239746,2.234325647354126,1.9456243515014648,1.6518023014068604,vae_candidate_pool_v1,belief_limited_heuristic_v1,557
VAE000518,vae_candidate_000518,0.6839031772701848,2521.798583984375,4352.25732421875,5077.531141577584,-2.086330546876354,-0.0770586497990093,4.088333743391608,36,8185.551605549921,2547.0920083937053,1.7266722791807825,-1.1323207565124482,5781.392581490236,0.16337180549475305,0.2578876655826624,0.9933422412325906,0.9053999264772573,1.0,0.2158340348975978,0.8823738172511808,0.8571428571428571,0.0,0.06683622213260314,0.0,ahead_vae,ahead,False,0.05639589950442314,2.259622812271118,1.8898721933364868,1.9094882011413574,vae_candidate_pool_v1,belief_limited_heuristic_v1,558
VAE000410,vae_candidate_000410,0.683417368119293,-1463.491943359375,-505.5732116699219,1498.9398584323021,0.3289153471254192,-0.00887361034098678,5.203461879880518,35,8219.460933849883,2481.233878146503,1.7161569617527632,2.803803696123387,8577.262244354908,1.0728529788491445,0.8577178894077592,0.7388098219784776,0.33140180801462527,1.0,0.2145196202190954,0.7765097724425449,0.8333333333333334,0.0,0.08476715227973954,0.0,astern_vae,astern,False,0.04337689280509949,1.0840837955474854,2.401078462600708,1.295935034751892,vae_candidate_pool_v1,belief_limited_heuristic_v1,559
VAE000682,vae_candidate_000682,0.6831379528336006,3724.308349609375,-2196.956298828125,4451.720691240836,2.601917794696912,0.007355713992379867,4.88308090073129,37,8214.02271487473,2487.1289324617173,1.8111212446835276,0.5470305728852607,8309.062348563783,0.12527273568631303,0.45123923878968236,0.9960818135392926,0.5201534188241917,1.0,0.22639015558544096,0.9881051984917328,0.8809523809523809,0.0,0.06818404359722105,0.0,ahead_vae,ahead,False,0.09681251645088196,0.624645471572876,2.8691720962524414,1.1955792903900146,vae_candidate_pool_v1,belief_limited_heuristic_v1,560
VAE000648,vae_candidate_000648,0.6830472145811496,739.4798583984375,5069.8232421875,5048.857063726733,-1.7298940587623899,-0.07465511689544495,4.508778708260504,38,8178.485187754927,2178.621233083325,2.1326961903314636,-1.4863537117228482,2860.6506851211157,0.13871591390324212,0.2654417456817654,0.9951971825823389,0.9964368404105016,0.681107305981218,0.26658702379143295,0.9830227025887568,0.9047619047619048,0.0,0.07269427978785553,0.0,port_vae,port,False,0.09868572652339935,1.275840163230896,2.017951011657715,1.2028744220733643,vae_candidate_pool_v1,belief_limited_heuristic_v1,561
VAE001131,vae_candidate_001131,0.6828943505849775,64.49630737304688,4680.02734375,4744.682953859946,-1.5823560590859451,0.005640705648533419,4.744524391233195,34,8184.521123851366,2485.545722787937,1.6713364567187798,-1.5535958888553145,2625.9484573502423,0.4175952728519052,0.35372618096940234,0.9570334259672222,0.9998520761143999,0.6252258231786291,0.20891705708984748,0.9158443490325407,0.8095238095238095,0.0,0.06792975529004125,0.0,port_vae,port,False,0.06139245629310608,1.5767935514450073,2.0210652351379395,1.4308382272720337,vae_candidate_pool_v1,belief_limited_heuristic_v1,562
VAE000619,vae_candidate_000619,0.6816773093854286,3839.82861328125,-2421.24560546875,4437.0228096054525,2.5953277653769953,-0.03475556486992556,5.37350973706524,38,8247.674358221366,2515.607064654528,1.8315099630854854,0.511509323342873,8423.401694787311,0.06096859216346795,0.4563946698836183,0.9990709955181336,0.4894939439928514,1.0,0.22893874538568568,0.9917636525258955,0.9047619047619048,0.0,0.06780554297110601,0.0,ahead_vae,ahead,False,0.07933027297258377,0.7878777384757996,2.5187923908233643,1.2254732847213745,vae_candidate_pool_v1,belief_limited_heuristic_v1,563
VAE000217,vae_candidate_000217,0.681479982637225,-3404.05078125,-2851.5498046875,4389.647372016612,0.6958461172776461,0.009667339941995496,4.904886878443767,39,8444.476362789157,2434.0659464037963,1.8974028221358328,2.4554138762541426,8075.449811511415,0.43773049046724255,0.47315329433533354,0.9528580030136276,0.6335854393713997,1.0,0.2371753527669791,0.7237657664850851,0.9285714285714286,0.0,0.0689411797558986,0.0,astern_vae,astern,False,0.037648171186447144,2.291171073913574,1.4752402305603027,1.038221001625061,vae_candidate_pool_v1,belief_limited_heuristic_v1,564
VAE001157,vae_candidate_001157,0.6811289015575113,733.4039306640625,-5038.94189453125,5212.097875969344,1.720359951655517,0.010724986171484952,5.334676376779959,38,8096.491029651014,2320.1424904860223,2.0228892191717063,1.4319576881057607,3418.3145235868774,0.13586528952697297,0.2242763953042601,0.9953922503378896,0.9903773883689173,0.813884410377828,0.2528611523964633,0.961125757100776,0.9047619047619048,0.0,0.07009418437987981,0.0,starboard_vae,starboard,False,0.10464323312044144,1.1566333770751953,2.6109862327575684,1.6245698928833008,vae_candidate_pool_v1,belief_limited_heuristic_v1,565
VAE000898,vae_candidate_000898,0.6808263890505072,-888.6753540039062,-4739.32666015625,4863.723219095648,1.4057751404782395,-0.011833865670543765,5.192186604205678,35,8309.009132281377,2380.356760385562,1.769606706101147,1.7239836474410108,3620.3447367601857,0.5641588829142213,0.3174499281682991,0.9225193244986027,0.988289749032744,0.8619868420857585,0.22120083826264336,0.8401393294296342,0.8333333333333334,0.0,0.06933125146725568,0.0,starboard_vae,starboard,False,0.05084512382745743,2.2822086811065674,1.968914270401001,1.3282581567764282,vae_candidate_pool_v1,belief_limited_heuristic_v1,566
VAE000971,vae_candidate_000971,0.6802108422147388,1608.458740234375,-5471.2646484375,5505.193752110042,1.8378894574207103,0.03606867386336479,5.243843913813764,38,8299.595207760274,2511.3112516162005,1.8231657051577372,1.339771870032448,4344.990405917882,0.13146499599511133,0.1615844350610412,0.995685458115749,0.973432330993484,1.0,0.22789571314471715,0.9976756048132955,0.9047619047619048,0.0,0.06700474678134134,0.0,starboard_vae,starboard,False,0.0830567255616188,2.0312130451202393,1.9383580684661865,1.3991338014602661,vae_candidate_pool_v1,belief_limited_heuristic_v1,567
VAE000918,vae_candidate_000918,0.6796015135025245,-537.7999877929688,-4864.60302734375,4978.470162003778,1.4565352661520095,0.02443356068118065,5.0823310120387415,36,8174.004242676878,2645.198055537686,1.664981633667997,1.7094909481189646,3749.856304706562,0.4770393290586248,0.2845612164699764,0.9441791047310092,0.9903973090965472,0.8928229296920385,0.20812270420849963,0.8205503355830578,0.8571428571428571,0.0,0.06569544051107219,0.0,starboard_vae,starboard,False,0.048456914722919464,1.992065191268921,1.4795827865600586,1.0427536964416504,vae_candidate_pool_v1,belief_limited_heuristic_v1,568
VAE001195,vae_candidate_001195,0.6793579385470065,534.9371337890625,478.2218017578125,834.9973205059905,-2.431912986439306,-0.020092624499962863,5.056323915714335,38,8252.514673220128,2283.0948446412735,2.0168487859922313,-0.7297722916504502,7672.954874259802,0.9483423836231784,0.6293969886789252,0.7915153102827494,0.66669993528292,1.0,0.2521060982490289,0.8790912458658862,0.9047619047619048,1.0,0.11806234665750642,0.11806234665750642,inside_convoy_envelope,inside,True,0.055939555168151855,2.1009459495544434,1.4961074590682983,1.4521265029907227,vae_candidate_pool_v1,belief_limited_heuristic_v1,569
VAE000665,vae_candidate_000665,0.6790566685476537,3656.345703125,-526.6387939453125,3780.737228002322,2.968279116842836,-0.014328269114370932,5.098850506481356,31,8155.897313735655,2339.06850729343,1.6249761939767804,0.15898526763258605,8423.351525023756,0.2830298956821453,0.6974079513131558,0.9801068497179031,0.15831635328420815,1.0,0.20312202424709755,0.9991797425215847,0.7380952380952381,0.0,0.07127424963866513,0.0,ahead_vae,ahead,False,0.08476662635803223,0.9343851804733276,2.9324162006378174,1.9096825122833252,vae_candidate_pool_v1,belief_limited_heuristic_v1,570
VAE001138,vae_candidate_001138,0.67890375274675,-726.4979858398438,-1722.2745361328125,1974.9723089802187,1.1555675289625602,0.022267624978647243,4.699533771981245,34,8188.437852419565,2297.0789071094405,1.8075983902177513,2.0082927496058796,5549.949156254511,2.4062426669212744,0.9664274362656445,0.1292019942955528,0.9058151989901949,1.0,0.2259497987772189,0.8061477318209788,0.8095238095238095,1.0,0.07980598216912169,0.07980598216912169,inside_convoy_envelope,inside,True,0.04675674811005592,1.5646148920059204,1.4973490238189697,1.5460538864135742,vae_candidate_pool_v1,belief_limited_heuristic_v1,571
VAE001069,vae_candidate_001069,0.6783829779710621,-227.8641357421875,-4975.234375,4911.773068958116,1.5524746305014314,-0.012416173294180745,4.988605633233738,36,8261.411991008383,2456.237312534569,1.7740991821130614,1.576701849794181,2504.9821567112663,0.2797035512889241,0.303422715237986,0.9805686606778636,0.9999825624497307,0.596424323026492,0.22176239776413267,0.9732897619449281,0.8571428571428571,0.0,0.068180858179566,0.0,starboard_vae,starboard,False,0.10162529349327087,1.2138879299163818,1.9569333791732788,1.9353206157684326,vae_candidate_pool_v1,belief_limited_heuristic_v1,572
VAE000574,vae_candidate_000574,0.6783469577476632,627.8136596679688,-1863.55908203125,2025.774595510245,1.9060651156221862,0.051244939899884684,5.286260335272638,37,8401.140943512475,2529.3858329017917,1.7411988494811026,1.2867724778674916,4782.219902215838,2.8053927702749717,0.9738738809070874,0.02799242737858393,0.9599356475446619,1.0,0.21764985618513782,0.8839339130098497,0.8809523809523809,1.0,0.07617089667818436,0.07617089667818436,inside_convoy_envelope,inside,True,0.05661456286907196,1.0358508825302124,1.958869218826294,1.3540922403335571,vae_candidate_pool_v1,belief_limited_heuristic_v1,573
VAE000960,vae_candidate_000960,0.6781521715627854,560.0298461914062,2077.0048828125,2030.0079426950344,-1.7731508538405776,-0.015412775361742652,4.606080106404096,36,8193.020086632789,2469.394619665705,1.7793770448947508,-1.383854575110958,3949.083038513918,2.925906137883662,0.9744540573896194,0.01158515118418274,0.9825772193328077,0.9402578663128376,0.22242213061184385,0.9693571984296979,0.8571428571428571,1.0,0.07689919417691603,0.07689919417691603,inside_convoy_envelope,inside,True,0.07187138497829437,2.1804001331329346,1.9727050065994263,1.7002469301223755,vae_candidate_pool_v1,belief_limited_heuristic_v1,574
VAE000071,vae_candidate_000071,0.6770781350747727,-1516.398193359375,5057.5068359375,5399.688387433176,-1.2707985683360206,-0.022995712117585845,4.283059300351422,37,8103.926173719076,2238.1889864446757,2.0399028923349873,-1.8937897973713584,4694.691262712966,0.2936350697897018,0.18250643725162188,0.9785990452625062,0.9482895207626642,1.0,0.2549878615418734,0.9982440137016874,0.8809523809523809,0.0,0.07138848900765732,0.0,port_vae,port,False,0.09092492610216141,2.1435434818267822,1.4876829385757446,1.5772919654846191,vae_candidate_pool_v1,belief_limited_heuristic_v1,575
VAE000022,vae_candidate_000022,0.676689886622071,-2616.687744140625,-4321.79052734375,4992.666525033453,1.0337385220836806,-0.038094965220992476,4.347900462001443,38,7949.543289513479,2359.069304540831,2.026285880603652,2.0697591662851207,5875.4263950220575,0.4963227000439665,0.2806395270081547,0.9396698079326502,0.8780793310286614,1.0,0.2532857350754565,0.8791981371864701,0.9047619047619048,0.0,0.06965986467904366,0.0,astern_vae,astern,False,0.05595433712005615,1.1523653268814087,1.5180628299713135,1.6468909978866577,vae_candidate_pool_v1,belief_limited_heuristic_v1,576
VAE000561,vae_candidate_000561,0.6765001282100949,-663.2908325195312,-4950.37451171875,5073.158298948675,1.414683416836172,-0.00661207731300698,5.167707448228157,32,8217.63698550027,2190.4351557111995,1.777757931094416,1.7202971594406142,3389.9743112340784,0.26706916931345565,0.2590308315590391,0.9822742503224751,0.9888455493850833,0.8071367407700186,0.222219741386802,0.9505455458028192,0.7619047619047619,0.0,0.0724430798796212,0.0,starboard_vae,starboard,False,0.10691967606544495,2.0396547317504883,1.4900503158569336,1.2094261646270752,vae_candidate_pool_v1,belief_limited_heuristic_v1,577
VAE000848,vae_candidate_000848,0.6764572456730418,3827.10546875,-1210.7135009765625,4112.025803406232,2.800615931087966,-0.019935010335126013,5.330186791543438,34,8174.769160941604,2609.9637575602324,1.5935619171298403,0.32104171216670113,8580.68512744861,0.16989984371549482,0.5746061738943075,0.9928008533208399,0.31555521984318174,1.0,0.19919523964123004,0.9755181648932895,0.8095238095238095,0.0,0.06702303230447007,0.0,ahead_vae,ahead,False,0.10100545734167099,2.355848550796509,2.0471436977386475,1.407762885093689,vae_candidate_pool_v1,belief_limited_heuristic_v1,578
VAE000266,vae_candidate_000266,0.6764057785894105,3775.724365234375,-2005.4183349609375,4263.948290137673,2.635362222114709,-0.018140122025649855,5.3017633893851,37,8317.31679021667,2306.4268000725015,1.928762728171883,0.48809030944943405,8427.679595163372,0.30248072356681366,0.5185244505602528,0.9773002231862884,0.46894004830603153,1.0,0.2410953410214854,0.8230470387042971,0.8809523809523809,0.0,0.07108821386836242,0.0,ahead_vae,ahead,False,0.04875614494085312,1.896159052848816,2.956209421157837,1.3503539562225342,vae_candidate_pool_v1,belief_limited_heuristic_v1,579
VAE000604,vae_candidate_000604,0.6764038092981893,-956.5376586914062,-350.6602478027344,946.0071994496568,0.36993067731921536,0.003648296642359389,5.573685850728161,36,8193.262706941772,2328.6078398418804,1.886901654467828,2.7753102729129373,8483.748345828742,0.3239424758333562,0.6705614726310085,0.9739939366017532,0.358146902908143,1.0,0.2358627068084785,0.7962708969293012,0.8571428571428571,1.0,0.10865546269582874,0.10865546269582874,inside_convoy_envelope,inside,True,0.045614130795001984,2.371896982192993,1.9691530466079712,1.2120811939239502,vae_candidate_pool_v1,belief_limited_heuristic_v1,580
VAE000996,vae_candidate_000996,0.6763336585078735,2733.179931640625,-4126.81982421875,5003.271646538059,2.1342617453688684,0.026853864047478176,4.7262041231803265,32,8145.664986217326,2705.411286143655,1.4520786378215418,1.034184772268403,6489.436382066795,0.012944190308675108,0.2777314036207261,0.9999581125691785,0.8594458758904943,1.0,0.18150982972769272,0.8783731627320578,0.7619047619047619,0.0,0.06499070414279222,0.0,ahead_vae,ahead,False,0.1186925396323204,0.9082254767417908,1.9618642330169678,1.7012039422988892,vae_candidate_pool_v1,belief_limited_heuristic_v1,581
VAE000557,vae_candidate_000557,0.6757166025380228,-1573.2255859375,-80.0092544555664,1388.7303129596958,0.03519147161904572,0.021523980765928583,4.921491949257495,35,8225.436496691746,2371.7163129704572,1.7940987756259794,3.1279251627366764,8257.082653444391,0.5512794019275301,0.8242176243394979,0.9259275487291213,0.013667065341845013,1.0,0.22426234695324743,0.9683198623683745,0.8333333333333334,0.0,0.08874853760917627,0.0,astern_vae,astern,False,0.07160880416631699,1.1590220928192139,2.001166820526123,1.3982661962509155,vae_candidate_pool_v1,belief_limited_heuristic_v1,582
VAE000305,vae_candidate_000305,0.6755857816185071,-463.8406982421875,4992.52099609375,5025.867232310827,-1.492953238673386,-0.04154026130650852,5.379157675758877,35,8334.268685930298,2212.192021142035,1.898356288723171,-1.6901796762229158,3189.0573689273433,0.43232697692196953,0.27159686357312396,0.9539966204355272,0.9928822676886142,0.7592993735541294,0.23729453609039639,0.967946235547343,0.8333333333333334,0.0,0.07204055695457708,0.0,port_vae,port,False,0.07151523232460022,0.9355362057685852,1.980536937713623,1.1061007976531982,vae_candidate_pool_v1,belief_limited_heuristic_v1,583
VAE000657,vae_candidate_000657,0.675299420473887,3543.28173828125,3035.397216796875,4649.526042984268,-2.4607455634599855,0.029083475968338667,4.930045786970787,38,8412.150293001374,2514.7261388852207,1.7963289839459742,-0.6517636141614689,8213.194074144994,0.01873689307168469,0.384200320540719,0.9999122347772034,0.6065894485031077,1.0,0.22454112299324677,0.9195572753381508,0.9047619047619048,0.0,0.06756076754311836,0.0,ahead_vae,ahead,False,0.06199488043785095,0.6543209552764893,2.8950212001800537,1.1182446479797363,vae_candidate_pool_v1,belief_limited_heuristic_v1,584
VAE000218,vae_candidate_000218,0.6752138514634425,3559.55029296875,3076.35595703125,4711.460452645259,-2.4473239025827427,0.011545080701767222,4.557564708704268,38,8380.490483326665,2428.324173335552,1.8672716184397036,-0.6827236703052832,8034.114440877389,0.071778718647606,0.3642224617596285,0.9987125068132896,0.6309085408128915,1.0,0.23340895230496295,0.9396071074600384,0.9047619047619048,0.0,0.06872204726343346,0.0,ahead_vae,ahead,False,0.06548592448234558,2.001945972442627,1.4826910495758057,1.5119563341140747,vae_candidate_pool_v1,belief_limited_heuristic_v1,585
VAE000543,vae_candidate_000543,0.6750689098268069,3687.655517578125,-1522.659423828125,4134.23153181165,2.753476899054073,-0.0574797337261005,5.149250668208696,38,8292.504664848706,2423.5638823761374,1.89079045130182,0.33063602080962023,8630.146976427426,0.00038291907861287555,0.566353592509111,0.9999999633432453,0.3246446654302263,1.0,0.2363488064127275,0.8655902957340063,0.9047619047619048,0.0,0.06943695500415034,0.0,ahead_vae,ahead,False,0.05411168560385704,1.2369427680969238,2.511121988296509,1.588011384010315,vae_candidate_pool_v1,belief_limited_heuristic_v1,586
VAE000909,vae_candidate_000909,0.6746356565089551,2290.0107421875,98.47388458251953,2167.6611565281414,-3.1341292074372253,0.0241849864741103,4.944505219214609,35,8373.969638886143,2374.132056385988,1.7604828161529353,0.016721540321542525,8412.49623860278,1.1451464840684482,0.9898474766075539,0.7064563632676313,0.016720761081037358,1.0,0.22006035201911692,0.9369597072080119,0.8333333333333334,0.0,0.07687291010507177,0.0,ahead_vae,ahead,False,0.06499812006950378,1.2795051336288452,1.9985389709472656,1.8178038597106934,vae_candidate_pool_v1,belief_limited_heuristic_v1,587
VAE000413,vae_candidate_000413,0.6745370334103901,-898.5310668945312,-1073.21240234375,1339.8849141073722,0.8478033309852029,-0.010389361954206484,4.632290482793995,36,8445.288339003373,2443.0082317204888,1.7448700515125029,2.283399960650384,7370.112573822033,1.690799273511022,0.8086032681652853,0.44014243359319183,0.7566621710018644,1.0,0.21810875643906286,0.8060231465451335,0.8571428571428571,1.0,0.08926275630483557,0.08926275630483557,inside_convoy_envelope,inside,True,0.04674222320318222,1.5265696048736572,2.9495363235473633,1.2265256643295288,vae_candidate_pool_v1,belief_limited_heuristic_v1,588
VAE000115,vae_candidate_000115,0.6733513397794781,3599.27587890625,-3200.8056640625,4829.978965469772,2.42107375337744,0.03013472506416121,4.807133888227884,36,8107.524140302337,2605.649851148509,1.704112239734124,0.7506536252765141,7705.929411184047,0.08987254942259515,0.3275158393628147,0.9979820899980005,0.6821168647216247,1.0,0.2130140299667655,0.978016245677379,0.8571428571428571,0.0,0.06631306825081605,0.0,ahead_vae,ahead,False,0.0742555633187294,1.7539794445037842,2.871583938598633,1.5121039152145386,vae_candidate_pool_v1,belief_limited_heuristic_v1,589
VAE000121,vae_candidate_000121,0.6732754293793687,159.07485961914062,5409.91943359375,5305.689583572248,-1.6569148052422369,0.040269065537318766,4.820508809032534,36,8231.687182476813,2535.9558167984037,1.7245347893991423,-1.4444087828102374,3553.3434486935607,0.29569116821905794,0.20269836602781036,0.9783004818269749,0.9920237204803205,0.8460341544508478,0.21556684867489279,0.999300734338943,0.8571428571428571,0.0,0.06681360631569033,0.0,port_vae,port,False,0.08957450836896896,2.3148932456970215,2.9505438804626465,1.198486566543579,vae_candidate_pool_v1,belief_limited_heuristic_v1,590
VAE000563,vae_candidate_000563,0.6727682056274135,1801.504150390625,-4985.32080078125,5305.08367158204,1.8958630765002953,0.032167751218985276,4.398385162028339,33,8107.449406945188,2324.412791898086,1.7511221273081634,1.2778973283084831,4566.273578470764,0.21209053643003672,0.20283331904049756,0.9887964924312278,0.9574108749760318,1.0,0.21889026591352043,0.9018999842771935,0.7857142857142857,0.0,0.06996267830214926,0.0,starboard_vae,starboard,False,0.059225309640169144,2.1830332279205322,2.4355504512786865,1.4556303024291992,vae_candidate_pool_v1,belief_limited_heuristic_v1,591
VAE000242,vae_candidate_000242,0.6726260272779924,1757.614501953125,-64.37232971191406,1779.2718155136185,3.0682571296708696,-0.006690203422257276,5.271531609134664,35,8360.379597871919,2460.3573535522073,1.7015466369759757,0.06664532049666619,8505.669692116624,1.0928147483847293,0.9297531144498397,0.7299939532025581,0.06659599615658382,1.0,0.21269332962199697,0.9743109532404615,0.8333333333333334,0.0,0.07995946038057687,0.0,ahead_vae,ahead,False,0.10134445875883102,1.443969964981079,1.497639536857605,1.938467025756836,vae_candidate_pool_v1,belief_limited_heuristic_v1,592
VAE000391,vae_candidate_000391,0.6722378900484401,3829.5859375,2180.76220703125,4521.3021806246115,-2.5762079517246055,0.015832702400272552,4.943257859280872,39,8355.122906965347,2598.3530420382394,1.79644367537027,-0.5495519994649151,8482.03634080687,0.18962392371052816,0.42713845877458295,0.9910375955119832,0.5223052450485461,1.0,0.22455545942128374,0.9175564076821717,0.9285714285714286,0.0,0.0666273737662398,0.0,ahead_vae,ahead,False,0.06166877970099449,2.3052592277526855,2.0298190116882324,1.27371084690094,vae_candidate_pool_v1,belief_limited_heuristic_v1,593
VAE001075,vae_candidate_001075,0.6719671539779244,3772.001220703125,145.798828125,3754.172208978183,-3.1168109290688117,-0.03471655010164497,5.0307676621786515,37,8268.495485311749,2341.2968758120323,1.9112554853087442,-0.05949827462262634,8393.085329722202,0.0009848034608723744,0.7070522359521421,0.9999997575405555,0.05946317641054272,1.0,0.23890693566359303,0.9164548124418532,0.8809523809523809,0.0,0.07125519974505143,0.0,ahead_vae,ahead,False,0.061490703374147415,0.7018576860427856,2.998079299926758,1.4152148962020874,vae_candidate_pool_v1,belief_limited_heuristic_v1,594
VAE001068,vae_candidate_001068,0.6715860987130947,-953.4606323242188,-248.68145751953125,1015.2712760020698,0.26395912877982947,-0.030840349864252256,5.205590821870956,37,8232.312729478574,2450.0172088670047,1.8344704867498927,2.846793174945712,8589.021800874165,0.6810934454833988,0.6959542264906392,0.888442351576977,0.290547985016852,1.0,0.22930881084373658,0.9907961210828152,0.8809523809523809,1.0,0.10298270915558679,0.10298270915558679,inside_convoy_envelope,inside,True,0.09565789252519608,1.3243422508239746,2.8989224433898926,1.1928396224975586,vae_candidate_pool_v1,belief_limited_heuristic_v1,595
VAE000040,vae_candidate_000040,0.6713884470359351,-39.14581298828125,5219.6474609375,5202.55224211458,-1.5196245374328115,-0.04370877919892611,5.239827870358933,35,8103.62247736118,2314.1729046251676,1.8663497787474699,-1.6656768953559078,3071.48746663317,0.19564525774354302,0.226560190946935,0.9904612179839158,0.9955022145835911,0.7313065396745643,0.23329372234343373,0.9995043346678412,0.8333333333333334,0.0,0.07019694045977828,0.0,port_vae,port,False,0.08920956403017044,0.7107037901878357,2.0374364852905273,1.120092749595642,vae_candidate_pool_v1,belief_limited_heuristic_v1,596
VAE000004,vae_candidate_000004,0.6701887103035016,1642.347412109375,-5007.80517578125,5347.869075837525,1.9007459988661466,-0.03764381589546346,5.0815266524831735,38,8283.041166512277,2347.8429482525553,1.9540007859561732,1.2032028388281832,5167.677562207888,0.2651912791941098,0.19345520743219857,0.9825211927163111,0.9331948769620652,1.0,0.24425009824452165,0.879567334757535,0.9047619047619048,0.0,0.06951144264874015,0.0,starboard_vae,starboard,False,0.056005433201789856,2.149911880493164,2.514835834503174,1.534699559211731,vae_candidate_pool_v1,belief_limited_heuristic_v1,597
VAE000663,vae_candidate_000663,0.6696099681622114,-3700.0712890625,2711.627685546875,4635.432133647485,-0.630822343694899,-0.039009099771364124,4.7464556567749066,38,8338.816447746492,2514.7529618571384,1.8121070664881098,-2.5497794096662583,8323.535267282286,0.24164955456494933,0.38881869575345435,0.9854722750288072,0.5578668056078215,1.0,0.22651338331101373,0.9824779156965102,0.9047619047619048,0.0,0.06759221973066724,0.0,astern_vae,astern,False,0.09886910021305084,0.9570396542549133,2.941420555114746,1.7363265752792358,vae_candidate_pool_v1,belief_limited_heuristic_v1,598
VAE000771,vae_candidate_000771,0.6689226004139496,-626.5387573242188,4983.13232421875,5102.302019157523,-1.4530677561652536,0.01252769362198409,5.401838972965889,36,8269.451934760558,2527.6124845739632,1.7223256987064783,-1.6759972038025555,3381.988373663732,0.24197097941369194,0.2514722275853985,0.9854337907326646,0.9944714893335144,0.8052353270627933,0.2152907123383098,0.78736527017043,0.8571428571428571,0.0,0.06705226502365794,0.0,port_vae,port,False,0.04459833726286888,1.1054575443267822,2.96596622467041,1.746724247932434,vae_candidate_pool_v1,belief_limited_heuristic_v1,599
VAE000365,vae_candidate_000365,0.6685475904672703,-4032.091796875,-993.5492553710938,4092.9965935301684,0.27054847042308416,0.010599040470913916,4.088518670012284,37,8287.276798124467,2267.6860214257213,1.9688242793834865,2.881643223637623,8591.71612333031,0.10512155431521314,0.5816875522767512,0.997239907818927,0.25703168117603953,1.0,0.2461030349229358,0.9043542815711502,0.8809523809523809,0.0,0.07195751349114608,0.0,astern_vae,astern,False,0.05959678813815117,1.8773193359375,2.5797922611236572,1.2159072160720825,vae_candidate_pool_v1,belief_limited_heuristic_v1,600
VAE000913,vae_candidate_000913,0.6680349556489785,-417.40411376953125,-391.30718994140625,567.8408796598744,0.7613140034046576,0.000727215398099073,5.178272200686711,34,8104.3912289697455,2458.9163325542777,1.7061404028652236,2.3810058655832353,7566.123130085429,0.40171743109465174,0.5301702504083561,0.9601954183976755,0.689346651559198,1.0,0.21326755035815295,0.9752104949654784,0.8095238095238095,1.0,0.15566739395446477,0.15566739395446477,inside_convoy_envelope,inside,True,0.073440320789814,2.2959983348846436,1.5195705890655518,1.9043283462524414,vae_candidate_pool_v1,belief_limited_heuristic_v1,601
VAE001182,vae_candidate_001182,0.6679624889468223,3279.406005859375,-4086.612060546875,5199.511781149023,2.241187903600209,0.03966778586644636,4.7017837405220115,37,8169.61885516104,2457.052762719911,1.8432551075994537,0.9400725358560307,6802.182777141407,0.056130326800684305,0.22729085003927868,0.9992125533808862,0.8076008790598856,1.0,0.2304068884499317,0.9776789959649896,0.8809523809523809,0.0,0.06798388006704799,0.0,ahead_vae,ahead,False,0.07415501773357391,0.813618540763855,1.5117676258087158,1.7721409797668457,vae_candidate_pool_v1,belief_limited_heuristic_v1,602
VAE000496,vae_candidate_000496,0.6666155478221945,-545.8138427734375,-5169.81201171875,5194.804532280203,1.411702051748534,-0.044120863324885115,4.410310154717241,38,8110.801832308139,2428.903306552698,1.928899408508299,1.6857697385163741,3343.3407081795017,0.1963987832687717,0.228425134220737,0.9903878362473315,0.9933978348799924,0.7960335019475004,0.2411124260635374,0.7975968804739021,0.9047619047619048,0.0,0.06841071176282874,0.0,starboard_vae,starboard,False,0.04576651379466057,1.0385512113571167,2.9395270347595215,1.9174718856811523,vae_candidate_pool_v1,belief_limited_heuristic_v1,603
VAE000880,vae_candidate_000880,0.6663001591319225,-1786.68017578125,186.96359252929688,1656.3090878695716,-0.1267362848845302,-0.02519280305450751,5.401525161957747,37,8265.53751998686,2561.606630206696,1.7475040211861121,-3.04004917175977,8482.62849582921,0.9863616818442638,0.9007286236166696,0.7758639753845664,0.10136906796858944,1.0,0.21843800264826402,0.756987448205364,0.8809523809523809,0.0,0.08076996962613407,0.0,astern_vae,astern,False,0.04122080281376839,1.6777642965316772,1.4894939661026,1.20930016040802,vae_candidate_pool_v1,belief_limited_heuristic_v1,604
VAE000976,vae_candidate_000976,0.6662881576381796,-13.637542724609375,-5029.8154296875,5033.529385890839,1.578981211303634,0.02275181362850674,5.144117587705463,38,8223.075973169893,2376.308789593301,1.9446722612680003,1.5853632559146658,2495.837401714978,0.39107601934534464,0.26953574624810694,0.9622497172043749,0.9998939041641173,0.5942470004083281,0.24308403265850004,0.9634763952664499,0.9047619047619048,0.0,0.06928625800337848,0.0,starboard_vae,starboard,False,0.07043346762657166,1.349181890487671,2.951087474822998,1.773357629776001,vae_candidate_pool_v1,belief_limited_heuristic_v1,605
VAE000344,vae_candidate_000344,0.6662658531624989,1207.4700927734375,5417.78759765625,5514.000842918247,-1.7763188023977365,-0.004769265596978616,5.81801698073666,37,8317.865438095776,2405.88260442978,1.8489084263282236,-1.3700431167890352,4016.2089518700354,0.26791333505131476,0.15992001073197784,0.9821626884454706,0.9799166601193022,0.9562402266357227,0.23111355329102795,0.9289084828413019,0.8809523809523809,0.0,0.06850418049814049,0.0,port_vae,port,False,0.0635683462023735,1.345413327217102,2.934602737426758,1.2174160480499268,vae_candidate_pool_v1,belief_limited_heuristic_v1,606
VAE001181,vae_candidate_001181,0.6659228515082116,4147.46630859375,-1681.42822265625,4378.086891874538,2.7516285195380252,-0.00592568536545587,5.421820195325705,37,8133.088404658943,2526.7244950525505,1.8004801614672696,0.3840384486863127,8487.349422292098,0.019872528864465444,0.4772737843170379,0.9999012738982516,0.37466779901697217,1.0,0.2250600201834087,0.9904532474917913,0.8809523809523809,0.0,0.06775392458667452,0.0,ahead_vae,ahead,False,0.09581350535154343,1.5820558071136475,2.49822998046875,1.6248568296432495,vae_candidate_pool_v1,belief_limited_heuristic_v1,607
VAE000626,vae_candidate_000626,0.6654801677081505,-1992.716552734375,-4801.3642578125,5233.559193520612,1.198504897397111,-0.050850870559916904,4.908082885412622,36,8213.19015447733,2237.7855392515025,1.9587191069966394,1.8922368856327652,4717.9922842428505,0.5520865830971997,0.2191979044037187,0.9257160183207851,0.9487812816690439,1.0,0.24483988837457993,0.8973215162970328,0.8571428571428571,0.0,0.07146667159287808,0.0,astern_vae,astern,False,0.05854253098368645,1.6640230417251587,2.0895094871520996,1.7989578247070312,vae_candidate_pool_v1,belief_limited_heuristic_v1,608
VAE001215,vae_candidate_001215,0.66536997547235,-785.3704223632812,5509.828125,5465.008741010265,-1.4124606601460012,-0.0259372706975216,4.5617153320715795,36,8187.527162447537,2297.6969100689166,1.9136257521921027,-1.7550692641413135,3759.0118591681853,0.32491882603843325,0.16933842277949632,0.9738383214258812,0.9830697314733136,0.8950028236114727,0.23920321902401284,0.9924429297864047,0.8571428571428571,0.0,0.07029252886225743,0.0,port_vae,port,False,0.0948670506477356,0.7224016785621643,1.9023799896240234,1.4635635614395142,vae_candidate_pool_v1,belief_limited_heuristic_v1,609
VAE001034,vae_candidate_001034,0.6651083601957352,184.11862182617188,5328.90869140625,5257.288682595341,-1.6397084390500707,0.026438207813299874,4.929976526860693,34,8111.018452408175,2434.7138614904798,1.7216925464265562,-1.4754460067264226,3195.871258407325,0.28986626686983863,0.2136731288712668,0.9791410541149214,0.9954576013007272,0.7609217281922203,0.21521156830331953,0.988707655903234,0.8095238095238095,0.0,0.06828452924645873,0.0,port_vae,port,False,0.07796671241521835,2.2719695568084717,2.5218758583068848,1.8199591636657715,vae_candidate_pool_v1,belief_limited_heuristic_v1,610
VAE000185,vae_candidate_000185,0.6644253383447084,-2.483306884765625,-5001.453125,4982.700263405876,1.5659774598016258,-0.01767876837972215,5.068345204258914,34,8180.1236907255925,2550.3188604300144,1.6297634121133844,1.5579364254084453,2655.3006657401907,0.38425434879637343,0.2833892285420409,0.9635391055608079,0.9999173126077247,0.6322144442238549,0.20372042651417305,0.9202434557535534,0.8095238095238095,0.0,0.06686706581925853,0.0,starboard_vae,starboard,False,0.062107522040605545,2.109158754348755,2.952225685119629,1.7463953495025635,vae_candidate_pool_v1,belief_limited_heuristic_v1,611
VAE001194,vae_candidate_001194,0.664374590721139,3575.081787109375,-3039.526611328125,4715.305021976621,2.445078994431396,-0.053375472223317795,4.496692893543735,33,8414.046662656452,2530.94453766374,1.5496242192837293,0.6431381869350788,8250.900866193295,0.08240043275299014,0.3629998001623301,0.9983035024075398,0.599709623006127,1.0,0.19370302741046616,0.9829807535945358,0.7857142857142857,0.0,0.06728373868137769,0.0,ahead_vae,ahead,False,0.07583297789096832,0.7085606455802917,2.10371732711792,1.4206711053848267,vae_candidate_pool_v1,belief_limited_heuristic_v1,612
VAE001184,vae_candidate_001184,0.6640543697790159,3746.3701171875,-2179.696533203125,4432.762801195165,2.649425086135428,0.011378406376278849,4.480871735777432,35,8370.696170954057,2461.550600217525,1.6986257286719493,0.5035459738306438,8519.483247128737,0.17136742047957476,0.4578929007764766,0.9926762510653001,0.48253440275294185,1.0,0.21232821608399366,0.8630037949181516,0.8333333333333334,0.0,0.06851982454607712,0.0,ahead_vae,ahead,False,0.12076316773891449,1.166879653930664,2.9881787300109863,1.1939178705215454,vae_candidate_pool_v1,belief_limited_heuristic_v1,613
VAE000959,vae_candidate_000959,0.6637820437778895,3900.031494140625,-2922.389892578125,4800.025278766218,2.5145332782897714,0.015535467927127004,5.3171673405656295,38,8311.205662310804,2431.778449600001,1.8801632604526166,0.6425948432271488,8110.784495642585,0.03610988598422394,0.3365966942482685,0.9996740544532089,0.5992747412511696,1.0,0.23502040755657708,0.9667068017485858,0.9047619047619048,0.0,0.06861216827861183,0.0,ahead_vae,ahead,False,0.07120847702026367,1.533085823059082,2.972564458847046,1.6430858373641968,vae_candidate_pool_v1,belief_limited_heuristic_v1,614
VAE001177,vae_candidate_001177,0.6636598462924775,3832.83935546875,705.4110107421875,4063.5881295636996,-2.8943753323809913,0.03530188279196687,4.670287681186266,39,8369.793188851612,2532.0508100526827,1.8402527003015272,-0.2119154384168349,8715.133006313054,0.08921195773775192,0.5926438126946325,0.9980116259256557,0.21033287427788852,1.0,0.2300315875376909,0.8719913335948505,0.9285714285714286,0.0,0.06801741243396368,0.0,ahead_vae,ahead,False,0.0549689345061779,1.1722708940505981,1.508050799369812,1.03751540184021,vae_candidate_pool_v1,belief_limited_heuristic_v1,615
VAE000439,vae_candidate_000439,0.6633975496478363,-1414.248779296875,-124.52630615234375,1327.653685614814,0.05811096413117244,-0.019509467672821783,4.806927633702895,38,8219.086384829696,2520.556354508921,1.834271590838988,3.0639722217857996,8389.789369841863,0.7130497728242108,0.8046262198927362,0.8781852036744615,0.07754251231743395,1.0,0.2292839488548735,0.8387421628551356,0.9047619047619048,0.0,0.0888564631581163,0.0,astern_vae,astern,False,0.1238613948225975,1.1707050800323486,1.5152788162231445,1.3658117055892944,vae_candidate_pool_v1,belief_limited_heuristic_v1,616
VAE000375,vae_candidate_000375,0.6630811117403397,47.235443115234375,-5163.42138671875,5074.632916972516,1.5889283283423978,-0.005954727938054984,5.060323489585528,34,8161.617505992146,2403.501583802328,1.7332382578976855,1.5467095973093408,2599.3720617247936,0.3397176651549348,0.2586449748090887,0.9714243914893508,0.9997099287559841,0.6188981099344747,0.21665478223721069,0.9870787853110006,0.8095238095238095,0.0,0.06885760253437412,0.0,starboard_vae,starboard,False,0.07731448113918304,0.706598699092865,1.9838793277740479,1.4763550758361816,vae_candidate_pool_v1,belief_limited_heuristic_v1,617
VAE001139,vae_candidate_001139,0.6625233887530921,-3669.705078125,2443.716796875,4493.638850447139,-0.5610802986249736,0.038041740102785646,4.789709555781173,35,8253.683024128599,2585.800829019585,1.639929536151441,-2.542470614862034,8274.326270385074,0.3032898228524332,0.4366577365610831,0.977179555991327,0.563917643163923,1.0,0.20499119201893012,0.7859399222185784,0.8333333333333334,0.0,0.06683841516610106,0.0,astern_vae,astern,False,0.044436946511268616,1.040784478187561,1.9192190170288086,1.798322319984436,vae_candidate_pool_v1,belief_limited_heuristic_v1,618
VAE001152,vae_candidate_001152,0.6622003497627196,3226.130859375,-3705.243896484375,4906.594208898029,2.30914021151645,-0.06026240113196169,5.017907082391591,36,8300.850606161284,2617.427549012353,1.6569340922650913,0.7721900409413813,7772.794191203886,0.19386436356376713,0.3049170789189641,0.9906335426128212,0.6977058217003725,1.0,0.2071167615331364,0.9143628940206004,0.8571428571428571,0.0,0.06605205637778304,0.0,ahead_vae,ahead,False,0.061155300587415695,1.9093716144561768,2.927633762359619,1.5181459188461304,vae_candidate_pool_v1,belief_limited_heuristic_v1,619
VAE000043,vae_candidate_000043,0.6621736587345676,-3231.8818359375,-3905.607421875,5163.707769561978,0.879668027715895,0.006894859647250794,5.173613728633097,40,8302.907780677519,2316.3924675645685,2.0797811276061844,2.2688194855211496,7110.937024703643,0.3336220746681184,0.23601224830261194,0.9724312161456483,0.7661142081049865,1.0,0.25997264095077305,0.9851972355667779,0.9523809523809523,0.0,0.07013421834575198,0.0,astern_vae,astern,False,0.09792348742485046,1.8550902605056763,2.4520297050476074,1.7863805294036865,vae_candidate_pool_v1,belief_limited_heuristic_v1,620
VAE000846,vae_candidate_000846,0.661648543850695,-1812.748291015625,-5440.50048828125,5586.4369957822055,1.233072364466366,-0.00481058380335971,5.178123514798616,37,8257.58964912747,2508.841777369834,1.785974088735342,1.9037097053200676,5069.654356032579,0.3822124575639979,0.1467017544007296,0.9639208587783462,0.9450942699695569,1.0,0.22324676109191774,0.9994562444622717,0.8809523809523809,0.0,0.06700385443394874,0.0,starboard_vae,starboard,False,0.08930166810750961,1.1673091650009155,1.5094496011734009,1.6125023365020752,vae_candidate_pool_v1,belief_limited_heuristic_v1,621
VAE001056,vae_candidate_001056,0.6613169676450735,-209.077880859375,-1810.562744140625,1997.1993896070285,1.4667457076425257,-0.04920026196229748,4.497818698006159,36,8288.780511031291,2395.1025217297656,1.813375539213235,1.6256466839849708,2845.9151540525318,2.6486057595944645,0.969794813686928,0.059538392409131224,0.9984960962637159,0.6775988462029837,0.22667194240165436,0.9324216386623866,0.8571428571428571,1.0,0.07816826072173316,0.07816826072173316,inside_convoy_envelope,inside,True,0.06418284773826599,1.3116081953048706,2.501356601715088,1.1909111738204956,vae_candidate_pool_v1,belief_limited_heuristic_v1,622
VAE000064,vae_candidate_000064,0.660686377614652,3840.05078125,2936.7919921875,4716.076955803691,-2.4702424587372644,0.022868469770869804,4.799077523099986,37,8415.949031484484,2298.382800371834,1.912829515305885,-0.648481725081659,8095.696281587217,0.09466978338874021,0.3627545582791365,0.9977610809458974,0.6039770346109405,1.0,0.23910368941323562,0.8457179799037159,0.8809523809523809,0.0,0.07074523207119002,0.0,ahead_vae,ahead,False,0.12298919260501862,1.1214033365249634,2.5260958671569824,1.834822416305542,vae_candidate_pool_v1,belief_limited_heuristic_v1,623
VAE000601,vae_candidate_000601,0.6603157989257118,1348.4029541015625,1044.8154296875,1701.7730400341316,-2.5014438648330177,0.013733953290312842,5.256826095120018,37,8175.048824670719,2416.952760114548,1.8725921860908143,-0.6264148354664626,8039.813238673545,1.9824053060125888,0.9119601746914241,0.29995778013542895,0.5862440663292506,1.0,0.2340740232613518,0.9671941599320486,0.8809523809523809,0.0,0.08169824606846003,0.0,ahead_vae,ahead,False,0.07132843881845474,2.1297428607940674,2.9268054962158203,1.5253928899765015,vae_candidate_pool_v1,belief_limited_heuristic_v1,624
VAE000874,vae_candidate_000874,0.6600741218194494,639.5718994140625,-5510.10009765625,5564.846116578293,1.6804324693405253,-0.028169450934020242,4.6512295886374515,36,8205.004346066265,2504.4762801227585,1.7518897130521658,1.432990733315248,3607.853576342596,0.24027861148849117,0.15055434255150382,0.9856358552352873,0.9905198261355364,0.8590127562720468,0.21898621413152072,0.9931932487899341,0.8571428571428571,0.0,0.06708933795318854,0.0,starboard_vae,starboard,False,0.08005441725254059,1.5986031293869019,1.4981329441070557,1.4660297632217407,vae_candidate_pool_v1,belief_limited_heuristic_v1,625
VAE000630,vae_candidate_000630,0.6597608067702877,-588.7006225585938,-4990.31591796875,5251.322994139618,1.4266034353868433,0.008369302435333285,4.899530047305163,36,8210.25159015508,2198.2129380350884,1.9946939732940687,1.723358520638283,3420.401226525768,0.49375461723292724,0.2150531444922539,0.9402798117547575,0.9883849433331388,0.8143812444108971,0.2493367466617586,0.9397981820616331,0.8571428571428571,0.0,0.07218364379423294,0.0,starboard_vae,starboard,False,0.06552150100469589,0.7498563528060913,1.8826470375061035,1.6081126928329468,vae_candidate_pool_v1,belief_limited_heuristic_v1,626
VAE000414,vae_candidate_000414,0.6595929071551146,3627.93115234375,-3213.667724609375,4900.170247008364,2.411825641613132,0.024763142767925853,5.060291415361662,33,8274.689171314218,2569.5733845465948,1.55203398083738,0.7545301547445871,7788.904354039928,0.023227331974391863,0.3067766257561835,0.9998651288261853,0.6849464181005285,1.0,0.1940042476046725,0.9345849901142318,0.7857142857142857,0.0,0.06665965021514282,0.0,ahead_vae,ahead,False,0.10996458679437637,2.376540184020996,1.9780737161636353,1.5184181928634644,vae_candidate_pool_v1,belief_limited_heuristic_v1,627
VAE000901,vae_candidate_000901,0.6590162697905191,889.3873901367188,-553.7207641601562,954.4979636982654,2.5929220830564534,-0.001831397362599993,4.914091642298058,36,8430.002838991773,2254.1953593857093,1.894450353425451,0.5468391731707396,8372.834535291999,1.0433294492741647,0.6736894457532459,0.7516730628136075,0.5199899399992777,1.0,0.2368062941781814,0.8709291202705889,0.8571428571428571,1.0,0.10885457325978981,0.10885457325978981,inside_convoy_envelope,inside,True,0.0548255518078804,2.2779006958007812,2.948910713195801,1.0600765943527222,vae_candidate_pool_v1,belief_limited_heuristic_v1,628
VAE001136,vae_candidate_001136,0.6576931281139325,617.5146484375,5562.55810546875,5659.337404698489,-1.73338506348746,0.009449611341022292,5.197005686607271,36,8279.364537001917,2416.650091578748,1.7992508759099513,-1.398757978761311,3798.327553305292,0.1635457454189577,0.13423255011932422,0.993328088450274,0.985237867155838,0.9043637031679267,0.2249063594887439,0.9567605879311435,0.8571428571428571,0.0,0.06827428460177257,0.0,port_vae,port,False,0.10561361908912659,1.5964573621749878,1.9198942184448242,1.3063561916351318,vae_candidate_pool_v1,belief_limited_heuristic_v1,629
VAE000223,vae_candidate_000223,0.6576642881212504,3431.689453125,-3433.657470703125,5008.746360177118,2.364990814039674,-0.027108488880618162,5.588373874946483,35,8337.316375707043,2706.409026982202,1.5511304698679924,0.7494933506695018,7946.989877226001,0.03609034198593797,0.2762373510995993,0.9996744071468741,0.6812679628775135,1.0,0.19389130873349905,0.99658518847502,0.8333333333333334,0.0,0.06492251885098507,0.0,ahead_vae,ahead,False,0.09237036108970642,1.437964677810669,1.5157225131988525,1.7709672451019287,vae_candidate_pool_v1,belief_limited_heuristic_v1,630
VAE000383,vae_candidate_000383,0.6574398797110727,978.6282958984375,5901.87890625,5889.167784405063,-1.7604596465445872,0.018465064800471664,5.0152637350158935,38,8284.413281410167,2469.690002685866,1.8572886154090997,-1.3626679422447343,4128.19285456261,0.12880503353957895,0.10012074039797444,0.995858047091358,0.978419358272135,0.9829030606101452,0.23216107692613747,0.9511044142603297,0.9047619047619048,0.0,0.06738796578284484,0.0,port_vae,port,False,0.1068054661154747,2.0349278450012207,1.480096697807312,1.8620550632476807,vae_candidate_pool_v1,belief_limited_heuristic_v1,631
VAE001084,vae_candidate_001084,0.6572876529620048,-3047.934814453125,4435.99169921875,5342.575045911984,-0.9198065791940392,0.07373300932000587,4.78820873617179,38,8252.688664250876,2537.9006641385245,1.8143184447778866,-2.148053065075748,6630.383554533534,0.31864690415378794,0.19459898054160832,0.9748300938483341,0.837962873725034,1.0,0.22678980559723583,0.9545955950911659,0.9047619047619048,0.0,0.06675888637651158,0.0,astern_vae,astern,False,0.06845502555370331,2.098721742630005,1.953386902809143,1.5912785530090332,vae_candidate_pool_v1,belief_limited_heuristic_v1,632
VAE001013,vae_candidate_001013,0.6556599389030026,1350.840576171875,898.5000610351562,1596.2398178975848,-2.547227822370308,-0.03075822762942905,4.794569700094467,37,8363.660541732424,2429.719382074616,1.820745345014974,-0.6251230588489138,8203.88264723893,1.8690849598935195,0.8850395420459896,0.3530575782720039,0.5851970646980037,1.0,0.22759316812687175,0.8658163286731028,0.8809523809523809,0.0,0.08333046072018313,0.0,ahead_vae,ahead,False,0.054141685366630554,1.7253515720367432,2.0841047763824463,1.853094220161438,vae_candidate_pool_v1,belief_limited_heuristic_v1,633
VAE001202,vae_candidate_001202,0.6555049332844541,-398.74420166015625,5050.5244140625,5182.89982447415,-1.505593564691059,0.07061898842360582,4.6815073199172845,38,8224.695967343403,2297.079967680036,2.0113499049360195,-1.5653801004751282,2341.592871729206,0.3317886116932218,0.23131043416047642,0.972730621715529,0.9999853322820836,0.5575221123164776,0.25141873811700244,0.9841468027509628,0.9047619047619048,0.0,0.07046362384057404,0.0,port_vae,port,False,0.0762348622083664,2.0622119903564453,1.4919605255126953,1.9148180484771729,vae_candidate_pool_v1,belief_limited_heuristic_v1,634
VAE000886,vae_candidate_000886,0.6553620010126101,-60.8544921875,5343.47265625,5272.758413708489,-1.5564616967494866,-0.0018393568200198965,4.990242101966944,36,8245.451877500906,2461.886219797426,1.773454546338315,-1.5869703136603264,2594.9202306590114,0.2046424649091707,0.2101225298357572,0.9895668521718111,0.9998692039258067,0.6178381501569075,0.22168181829228936,0.9805050655172215,0.8571428571428571,0.0,0.06784671303048163,0.0,port_vae,port,False,0.09951099753379822,0.6371403336524963,1.4943163394927979,1.1755704879760742,vae_candidate_pool_v1,belief_limited_heuristic_v1,635
VAE000956,vae_candidate_000956,0.6552789015451662,3700.379150390625,-2998.566162109375,4824.233196837868,2.503421990020353,-0.034642985291061565,5.028776986079206,36,8215.766360076805,2288.1603117169902,1.91499644464314,0.6035276782783783,8063.0040932592565,0.03664521222349792,0.3292472055113235,0.9996643196724271,0.5675504725304399,1.0,0.2393745555803925,0.9952462232239823,0.8571428571428571,0.0,0.07087668997366098,0.0,ahead_vae,ahead,False,0.09329044818878174,1.5114930868148804,1.9909005165100098,1.8259581327438354,vae_candidate_pool_v1,belief_limited_heuristic_v1,636
VAE000259,vae_candidate_000259,0.654715777677742,549.556884765625,5285.84326171875,5328.538426308937,-1.6674079528330774,0.02680781905063878,4.6990473234697445,32,8221.933884278584,2317.891876810706,1.6791242149731096,-1.4473768817060768,3312.43310797652,0.0426368330013831,0.19765428945165053,0.9995455939628706,0.9923934830784935,0.7886745495182191,0.2098905268716387,0.8718957741738317,0.7619047619047619,0.0,0.07002563007129191,0.0,port_vae,port,False,0.11957690864801407,0.8063468933105469,2.4556024074554443,1.8890410661697388,vae_candidate_pool_v1,belief_limited_heuristic_v1,637
VAE000924,vae_candidate_000924,0.654633039165379,-699.1688842773438,5317.63720703125,5282.981092166804,-1.460782769353443,-0.0644142023317095,4.53613837353307,38,8257.37788712763,2383.0767710408195,1.9310939502516287,-1.7452240865680597,3779.9394030204403,0.5762482415700778,0.20779834985794043,0.9192564058141646,0.9848260093509277,0.8999855721477239,0.24138674378145358,0.8302640282970211,0.9047619047619048,0.0,0.06900437614828789,0.0,port_vae,port,False,0.04962926357984543,1.1345188617706299,1.9607754945755005,1.6599100828170776,vae_candidate_pool_v1,belief_limited_heuristic_v1,638
VAE000237,vae_candidate_000237,0.6543117530700288,-334.94268798828125,5327.25390625,5302.736410052934,-1.4791286457515787,0.005045254879545609,4.74314610348349,34,8262.749013582554,2614.257933414822,1.5740043252369014,-1.6574187529586688,3319.300711703784,0.4484472235722883,0.20335670006695208,0.9505607103845621,0.9962506229595253,0.7903096932628058,0.19675054065461267,0.944989903661725,0.8095238095238095,0.0,0.06581094147513794,0.0,port_vae,port,False,0.06650859117507935,0.9999913573265076,2.4324095249176025,1.1999082565307617,vae_candidate_pool_v1,belief_limited_heuristic_v1,639
VAE000707,vae_candidate_000707,0.6541784624327182,-113.735107421875,-5312.73193359375,5265.973923768899,1.5781709715899686,0.03602770684097683,5.41720530218056,35,8428.444101092615,2383.9325502652023,1.7419138407969734,1.5994493888408015,2624.4217031974395,0.2351313463605349,0.2116747356419898,0.9862418749325821,0.9995895291018306,0.6248623102851046,0.21773923009962168,0.984912008245143,0.8333333333333334,0.0,0.06895922269654277,0.0,starboard_vae,starboard,False,0.09802644699811935,0.7443203330039978,1.5002037286758423,1.0724397897720337,vae_candidate_pool_v1,belief_limited_heuristic_v1,640
VAE000840,vae_candidate_000840,0.6540871362704067,4255.345703125,2007.6151123046875,4474.762255879683,-2.685885622446026,0.013412926547184886,5.072784014810199,35,8089.908436094041,2450.1469876228207,1.7657625397477437,-0.4422941045965821,8360.13086700234,0.29855960483233845,0.44320127354847355,0.9778805819098176,0.4280139373534447,1.0,0.22072031746846796,0.9540561664968282,0.8333333333333334,0.0,0.06871050395804942,0.0,ahead_vae,ahead,False,0.0683409571647644,2.223926067352295,2.024423360824585,1.6824042797088623,vae_candidate_pool_v1,belief_limited_heuristic_v1,641
VAE001097,vae_candidate_001097,0.653973973987397,-1112.80908203125,4997.16259765625,5344.713578492809,-1.3590235590566173,0.07204795519438081,5.262951050735324,36,8333.07208430658,2423.3041675999543,1.7827458449097768,-1.710521139338795,3560.2395842600577,0.20416088686039546,0.19413638719584828,0.9896157278472058,0.9902543592332824,0.84767609149049,0.2228432306137221,0.758429011745423,0.8571428571428571,0.0,0.06833885887275408,0.0,port_vae,port,False,0.04137840121984482,1.4785616397857666,2.931295394897461,1.1172395944595337,vae_candidate_pool_v1,belief_limited_heuristic_v1,642
VAE000360,vae_candidate_000360,0.6537534136793248,466.0817565917969,-5102.4794921875,5169.868596952782,1.6465914826377566,0.04831564150173136,5.161652260054419,37,8070.6196291737115,2431.6630727153097,1.8853476548528396,1.5433168124537684,2652.4938246892343,0.15017006634002694,0.2344961576674858,0.9943728246205096,0.9996224619040155,0.6315461487355319,0.23566845685660495,0.8132918949499994,0.8809523809523809,0.0,0.06839809191343021,0.0,starboard_vae,starboard,False,0.047594740986824036,2.1193699836730957,2.928032398223877,1.075972557067871,vae_candidate_pool_v1,belief_limited_heuristic_v1,643
VAE000683,vae_candidate_000683,0.6533760601057415,309.8033447265625,5336.70654296875,5393.763398191517,-1.6430597254634056,0.03326707508092329,4.875144989764133,37,8262.069986633027,2527.516552990534,1.771816925654387,-1.4652658530454643,3383.738252143675,0.44037576527853073,0.18373570247735657,0.9522957730433708,0.9944368253729958,0.805651964796113,0.22147711570679837,0.9248922688528494,0.8809523809523809,0.0,0.06686245677127976,0.0,port_vae,port,False,0.06288208067417145,0.7913596034049988,2.950793504714966,1.619693636894226,vae_candidate_pool_v1,belief_limited_heuristic_v1,644
VAE000168,vae_candidate_000168,0.6525626427146191,-3496.0634765625,-3156.0751953125,4683.817275958824,0.7338180133223922,0.03363071740545941,5.295348831140971,36,8158.9371533156545,2439.6558306530183,1.8085909337157398,2.4414053576728607,7811.333671263611,0.4008158384978009,0.37307434200155776,0.9603714925185582,0.6443609277561286,1.0,0.22607386671446747,0.743845217128497,0.8571428571428571,0.0,0.06863918852525926,0.0,astern_vae,astern,False,0.03979460522532463,0.8277895450592041,2.358729124069214,1.5377691984176636,vae_candidate_pool_v1,belief_limited_heuristic_v1,645
VAE000525,vae_candidate_000525,0.652399732606881,-1492.1796875,5400.45556640625,5704.842278541186,-1.3102145321065226,0.0498935218824006,4.566210178513248,35,8076.320060441467,2428.4985280673172,1.784500517719569,-1.78148459960087,4063.8227032837785,0.4358240044461368,0.12686306877940848,0.9532612452097279,0.9778872057991492,0.9675768341151854,0.22306256471494612,0.9918126629203712,0.8333333333333334,0.0,0.06812950446566882,0.0,port_vae,port,False,0.07935401797294617,2.201568126678467,2.4613101482391357,1.181517243385315,vae_candidate_pool_v1,belief_limited_heuristic_v1,646
VAE000144,vae_candidate_000144,0.652227822400064,3878.19482421875,3180.456298828125,4950.041679783704,-2.4364594046415124,0.0203569736962401,5.245765797083924,36,8181.726018754883,2356.016038909271,1.867580479563587,-0.6847762752520405,7827.421917289892,0.12171482960392943,0.29251298145392574,0.9963009450855742,0.63249973897819,1.0,0.23344755994544839,0.9587500139923479,0.8571428571428571,0.0,0.06967635727267883,0.0,ahead_vae,ahead,False,0.06935558468103409,0.7996700406074524,2.513762950897217,1.729195475578308,vae_candidate_pool_v1,belief_limited_heuristic_v1,647
VAE000161,vae_candidate_000161,0.6512187577209018,-2231.297119140625,-5010.63427734375,5540.124522182851,1.1720849858784907,0.029870278034539694,5.3145471509711175,38,8343.938016797998,2416.263644722187,1.8848127365152063,1.9993779457458427,5665.310515249131,0.47838053732169517,0.1550564004454671,0.9438707967251447,0.9095561167920214,1.0,0.2356015920644008,0.9579633424739581,0.9047619047619048,0.0,0.06832722494244821,0.0,astern_vae,astern,False,0.06918191909790039,1.4400111436843872,1.5277615785598755,1.6830430030822754,vae_candidate_pool_v1,belief_limited_heuristic_v1,648
VAE000528,vae_candidate_000528,0.6506604026407322,-3931.341796875,-2533.559326171875,4629.255649530243,0.577681625812244,0.01364798054529383,4.841037141818883,37,8189.4180116276075,2326.045687314962,1.9423632119897634,2.5775590083228437,8164.425699303541,0.3311907730524625,0.3908508484681539,0.9728279055988722,0.5345993939499861,1.0,0.24279540149872042,0.8412867644601968,0.8809523809523809,0.0,0.07042193846796,0.0,astern_vae,astern,False,0.0509880930185318,1.1448054313659668,2.5205740928649902,1.4885368347167969,vae_candidate_pool_v1,belief_limited_heuristic_v1,649
VAE000516,vae_candidate_000516,0.6505672468006102,4005.14794921875,-2630.148681640625,4781.679174935034,2.5669106947592977,0.028572564693849164,5.29515137155934,37,8289.545057621153,2359.7869717063613,1.891464647492138,0.6032545235243457,8165.15479082211,0.18708319158242803,0.34222511745621664,0.9912754611099905,0.5673255525051942,1.0,0.23643308093651724,0.896003649769972,0.8809523809523809,0.0,0.06972350070960126,0.0,ahead_vae,ahead,False,0.05834835395216942,2.2489523887634277,1.5022166967391968,1.9090158939361572,vae_candidate_pool_v1,belief_limited_heuristic_v1,650
VAE000080,vae_candidate_000080,0.6505538803030189,4018.5498046875,-1631.4859619140625,4475.767532019423,2.746916765077134,-0.025632138868151084,4.864320567018904,36,8501.868750830372,2419.975903045654,1.7497542742905472,0.3690437496445081,8802.403733783041,0.10379438710870614,0.4428518413052657,0.997309098421565,0.36072372841193556,1.0,0.2187192842863184,0.992636225039618,0.8571428571428571,0.0,0.06904147881211257,0.0,ahead_vae,ahead,False,0.09476885199546814,0.7350484132766724,2.515580177307129,1.21131432056427,vae_candidate_pool_v1,belief_limited_heuristic_v1,651
VAE001127,vae_candidate_001127,0.6505155543914366,-1463.54443359375,-5333.259765625,5678.933903361035,1.294851124354851,-0.04693381971663133,5.043613301523576,40,8216.392054388913,2641.5527662618115,1.8429754371085252,1.7998077095183105,4437.8280980793215,0.5310697621395789,0.1310204079589798,0.931132888247451,0.9738913016738409,1.0,0.23037192963856565,0.8942095560083018,0.9523809523809523,0.0,0.06527069328956611,0.0,starboard_vae,starboard,False,0.05808563157916069,1.258068561553955,2.0476996898651123,1.130230188369751,vae_candidate_pool_v1,belief_limited_heuristic_v1,652
VAE000198,vae_candidate_000198,0.6497421551836795,632.728759765625,-5239.50927734375,5393.453197501119,1.6465992558585911,-0.003933668975672471,5.189566276798862,36,8199.648918312645,2600.2838381328497,1.6884433205682832,1.4910597287555298,3245.141527305871,0.32960423950002227,0.18380022061922086,0.9730852564341907,0.9968227214101044,0.7726527445966359,0.2110554150710354,0.8727154393168026,0.8571428571428571,0.0,0.06594283976352723,0.0,starboard_vae,starboard,False,0.05506694316864014,1.6590676307678223,2.9306323528289795,1.9246959686279297,vae_candidate_pool_v1,belief_limited_heuristic_v1,653
VAE000867,vae_candidate_000867,0.6497169730375068,3704.391357421875,-3102.087158203125,4854.997670007944,2.450867255683171,0.016124598301755274,5.161665290793255,36,8142.407870485125,2173.724691129345,2.0339726504256506,0.7068499962083775,7603.287133715547,0.25581488946163944,0.32003592176332457,0.9837287111500965,0.6494416982718932,1.0,0.2542465813032063,0.8198202647654361,0.8571428571428571,0.0,0.07293778453159067,0.0,ahead_vae,ahead,False,0.04836967960000038,1.299580454826355,2.9583890438079834,1.3056648969650269,vae_candidate_pool_v1,belief_limited_heuristic_v1,654
VAE000861,vae_candidate_000861,0.6487585179875605,3893.251220703125,-2827.65966796875,4869.605507055841,2.515342238360003,-0.02296290182847245,4.534454599750477,37,8259.215498031122,2413.042476142983,1.8565128497740955,0.6032875134013189,8170.302772021789,0.0541095854979976,0.31571326641058556,0.9992682167612443,0.5673527191491872,1.0,0.23206410622176193,0.9487509395172002,0.8809523809523809,0.0,0.06884430014195943,0.0,ahead_vae,ahead,False,0.10728245973587036,0.6989461183547974,1.498726725578308,1.7263154983520508,vae_candidate_pool_v1,belief_limited_heuristic_v1,655
VAE000680,vae_candidate_000680,0.6487527687649487,-3945.458984375,-2435.797119140625,4637.047874292903,0.5613603554166695,-0.04811506285477268,5.03545458214556,36,8255.362184338454,2594.0793932765637,1.6810595776235384,2.5321172353183514,8253.919273074811,0.3575651720276579,0.38828791529341833,0.9683758879047644,0.5724374089236433,1.0,0.2101324472029423,0.7819711673109739,0.8571428571428571,0.0,0.06659045735057921,0.0,astern_vae,astern,False,0.043989211320877075,1.9948796033859253,1.4672212600708008,1.4240913391113281,vae_candidate_pool_v1,belief_limited_heuristic_v1,656
VAE000187,vae_candidate_000187,0.6483111795613221,2107.800537109375,-5559.599609375,5813.704307337751,1.9188063327675529,-0.03700091896805269,5.25282666291786,37,8254.41298549446,2663.829927754868,1.6827090732594283,1.1857854018541876,5568.926264947686,0.20008948188060582,0.11048154077306717,0.9900243983061137,0.9267943296565744,1.0,0.21033863415742854,0.9336349305029008,0.8809523809523809,0.0,0.06492638708891377,0.0,starboard_vae,starboard,False,0.06439835578203201,1.8650702238082886,2.428466796875,1.6666676998138428,vae_candidate_pool_v1,belief_limited_heuristic_v1,657
VAE000423,vae_candidate_000423,0.6480677137947957,-978.2681274414062,-374.01116943359375,1078.5317945687339,0.3355664928902824,-0.008244018453034024,4.7371705090106815,35,8202.476828545614,2318.2825300805794,1.8405883534060583,2.797782142246477,8503.883646171573,0.9809148157810553,0.7188451565130313,0.7781312808444176,0.33707703968142083,1.0,0.2300735441757573,0.848047787004666,0.8333333333333334,1.0,0.10089549346253242,0.10089549346253242,inside_convoy_envelope,inside,True,0.05183818191289902,2.3906733989715576,2.438105583190918,1.1918439865112305,vae_candidate_pool_v1,belief_limited_heuristic_v1,658
VAE001101,vae_candidate_001101,0.6479024971328862,-3905.982421875,-2811.011474609375,4796.3715594624,0.6126972890657496,0.006122513322270673,5.07225858586503,38,8171.12343656479,2294.680291349239,2.0266541383699295,2.5350178778463146,8021.536890320873,0.3518258763635693,0.3377136192824277,0.9693725291710298,0.5700566268341646,1.0,0.2533317672962412,0.9142212928442511,0.9047619047619048,0.0,0.07080060245546033,0.0,astern_vae,astern,False,0.061132725328207016,0.8283731937408447,2.000217914581299,1.394157886505127,vae_candidate_pool_v1,belief_limited_heuristic_v1,659
VAE000239,vae_candidate_000239,0.6476896585412395,-397.91668701171875,5340.138671875,5441.716538494135,-1.468894598332721,0.04543959671162711,4.8778917700631315,35,8332.376601094951,2502.315538471304,1.678638118908131,-1.627258458545445,2968.5417560523774,0.31606687937997235,0.1739534108283876,0.9752326505294167,0.9984064372594081,0.706795656202947,0.20982976486351637,0.9775605551922341,0.8333333333333334,0.0,0.06715577081090435,0.0,port_vae,port,False,0.07411988079547882,2.1229989528656006,1.8796800374984741,1.4427125453948975,vae_candidate_pool_v1,belief_limited_heuristic_v1,660
VAE000673,vae_candidate_000673,0.6474094557662012,2496.941162109375,5541.837890625,5968.115246595174,-1.9483685553792214,0.009672540090391788,5.3686475806318255,37,8367.914248308794,2520.0921128174614,1.7545594493367265,-1.1835515581201799,5493.534720767091,0.05437463723870195,0.09011211648874784,0.9992610318027284,0.9259530549341544,1.0,0.2193199311670908,0.9725377136034895,0.8809523809523809,0.0,0.06663259433948673,0.0,port_vae,port,False,0.07270409166812897,2.340461492538452,1.5177156925201416,1.2491410970687866,vae_candidate_pool_v1,belief_limited_heuristic_v1,661
VAE000900,vae_candidate_000900,0.6470086374135686,3610.105712890625,3971.63671875,5273.2362017284495,-2.291985616604195,-0.03518075248826385,5.251624990142848,36,8141.136145065477,2381.3305440293398,1.8569396979957336,-0.8847877894738617,6999.660304376564,0.09025483977778315,0.2100135101989147,0.9979648980212512,0.773780579006806,1.0,0.2321174622494667,0.8785117988646628,0.8571428571428571,0.0,0.06906801290345604,0.0,ahead_vae,ahead,False,0.0558595135807991,2.251615047454834,1.5049628019332886,1.6507377624511719,vae_candidate_pool_v1,belief_limited_heuristic_v1,662
VAE000474,vae_candidate_000474,0.6467512125575597,-486.736572265625,-5251.63134765625,5339.943957453756,1.4662553826975622,-0.0314077733648731,4.9441686965445655,32,8049.708120577592,2279.8680327676543,1.7436532992346816,1.6439294975273582,2861.949902366561,0.3687153243899297,0.19516916996753683,0.9663955673257497,0.997326961374808,0.6814166434206098,0.2179566624043352,0.9999936850104655,0.7619047619047619,0.0,0.07070483212796126,0.0,starboard_vae,starboard,False,0.08748576045036316,1.3789384365081787,1.9464598894119263,1.6256965398788452,vae_candidate_pool_v1,belief_limited_heuristic_v1,663
VAE001206,vae_candidate_001206,0.6463636069763121,4110.63671875,-2124.531982421875,4727.420293699331,2.672954084565357,0.061904029583113376,5.5614341461265235,37,8337.065869307524,2566.9365098049375,1.7289138933617636,0.5305425986075492,8489.86498038905,0.13170053465412887,0.35916051818540473,0.9956700063805894,0.506001424679065,1.0,0.21611423667022045,0.9098463793447369,0.8809523809523809,0.0,0.06682552118570247,0.0,ahead_vae,ahead,False,0.06044291704893112,1.9259157180786133,1.5046401023864746,1.6150836944580078,vae_candidate_pool_v1,belief_limited_heuristic_v1,664
VAE000244,vae_candidate_000244,0.6463585602472302,-221.34259033203125,5113.162109375,5181.221017846799,-1.5060528192704465,0.055427214011297174,4.729897631436307,40,8231.746273883973,2463.3298385476373,1.9726291569778347,-1.5801126203080493,2539.911194091376,0.3979440045592375,0.23171924299759344,0.9609298445297147,0.9999566036514659,0.6047407604979467,0.24657864462222934,0.8079425134423661,0.9523809523809523,0.0,0.06789026818351741,0.0,port_vae,port,False,0.046966325491666794,1.3191680908203125,1.4727318286895752,1.103949785232544,vae_candidate_pool_v1,belief_limited_heuristic_v1,665
VAE001212,vae_candidate_001212,0.6463259533436975,-4013.8564453125,-489.1214599609375,4061.1422444139193,0.08904754061413664,-0.006869552603926929,5.391791584287805,36,8182.761235144206,2458.4330322225196,1.7895516565482668,3.04567556037173,8380.593364149121,0.05809384039054947,0.5935555388634931,0.9991565136902991,0.09577008656269048,1.0,0.22369395706853334,0.961001492510747,0.8571428571428571,0.0,0.0690649326717326,0.0,astern_vae,astern,False,0.06986138224601746,1.5208536386489868,2.96412992477417,1.5836846828460693,vae_candidate_pool_v1,belief_limited_heuristic_v1,666
VAE000756,vae_candidate_000756,0.6461968956336276,2363.75244140625,-5346.94921875,5800.939511545435,1.9979609028624559,0.046240684914985876,4.7664239489893045,36,8266.443264048161,2562.366670953157,1.699583611357838,1.1898724356423236,5451.98438836519,0.1967450328010549,0.11231329286085462,0.9903540235244075,0.9283215491428976,1.0,0.21244795141972975,0.9144302011132776,0.8571428571428571,0.0,0.06617957789084039,0.0,starboard_vae,starboard,False,0.06116603687405586,2.2488083839416504,2.942695379257202,1.7305359840393066,vae_candidate_pool_v1,belief_limited_heuristic_v1,667
VAE000645,vae_candidate_000645,0.6460637483360276,-2357.92236328125,5279.4541015625,5825.188273822356,-1.1667754081471216,0.020794506455426867,5.133972760260977,36,8336.52787112232,2339.060814058715,1.8461873929266817,-1.9540227389872447,5286.543560220011,0.3278771439139091,0.10885340028544066,0.9733640540245471,0.9274630617554169,1.0,0.2307734241158352,0.9766365858816077,0.8571428571428571,0.0,0.0693863007064305,0.0,astern_vae,astern,False,0.10068413615226746,1.0085150003433228,2.04145884513855,1.7029989957809448,vae_candidate_pool_v1,belief_limited_heuristic_v1,668
VAE000807,vae_candidate_000807,0.6459747547791089,3406.011474609375,-3893.622314453125,5199.992505348203,2.282463995508427,-0.01567569961912782,4.917110302976664,36,8315.444221223475,2469.0516904425863,1.7534236659073197,0.8434529584622379,7373.077860424435,0.08658336193929594,0.22717522248060576,0.998127000903563,0.7469433976471835,1.0,0.21917795823841496,0.8667936065857881,0.8571428571428571,0.0,0.06777483491175913,0.0,ahead_vae,ahead,False,0.05427161604166031,1.3502812385559082,2.042665481567383,1.8277534246444702,vae_candidate_pool_v1,belief_limited_heuristic_v1,669
VAE000672,vae_candidate_000672,0.6457862504651978,3804.732421875,205.03335571289062,3879.6581326566584,-3.12128055164211,-0.005820651538508671,5.0937093213219775,38,8393.389325788628,2532.5245122133233,1.7876914818929748,-0.026132753486191963,8456.69778500004,0.060292231131742646,0.6610849012760772,0.9990914869816477,0.026129779154248498,1.0,0.22346143523662185,0.8249193903705544,0.9047619047619048,0.0,0.06828138278653949,0.0,ahead_vae,ahead,False,0.04898148030042648,1.3615667819976807,1.499370813369751,1.4363739490509033,vae_candidate_pool_v1,belief_limited_heuristic_v1,670
VAE000030,vae_candidate_000030,0.6454300141737326,-1152.69873046875,-5618.845703125,5811.045523730622,1.3402426533056198,-0.021546424177451232,5.205793427231607,35,8260.487153779952,2237.9026336304937,1.8933076811238447,1.7798035761067228,3903.1590452495193,0.4118299586042734,0.11086116056016138,0.9581949245255879,0.9782373814481182,0.9293235822022665,0.2366634601404806,0.9982101976607142,0.8333333333333334,0.0,0.07114322128772067,0.0,starboard_vae,starboard,False,0.08357290923595428,1.4115426540374756,1.905048131942749,1.751678466796875,vae_candidate_pool_v1,belief_limited_heuristic_v1,671
VAE001086,vae_candidate_001086,0.6453287566848502,453.6726379394531,-5650.142578125,5583.064709341595,1.630946895463911,-0.004512505601111002,5.443522600715636,36,8210.10802510941,2428.7170824966747,1.8054135678133636,1.5061332525247713,2954.1621703415094,0.23806037540411795,0.14729864063641077,0.9858986006338875,0.9979100717856039,0.703371945319407,0.22567669597667045,0.9970215446982965,0.8571428571428571,0.0,0.06815354932265398,0.0,starboard_vae,starboard,False,0.08250032365322113,1.8278923034667969,1.4974920749664307,1.4100170135498047,vae_candidate_pool_v1,belief_limited_heuristic_v1,672
VAE000510,vae_candidate_000510,0.644937752499182,4221.02880859375,-1171.26025390625,4343.511832288834,2.851332244943874,-0.010260304457458198,4.9154882961468065,36,8275.082044462204,2525.2796255598473,1.7227438874467114,0.280000104188461,8650.687904618977,0.0507637922602786,0.489665049442266,0.9993558976856276,0.2763557486949993,1.0,0.21534298593083892,0.9279834448809404,0.8571428571428571,0.0,0.06777440001692914,0.0,ahead_vae,ahead,False,0.11112412810325623,1.9726617336273193,2.549635648727417,1.3222992420196533,vae_candidate_pool_v1,belief_limited_heuristic_v1,673
VAE000254,vae_candidate_000254,0.6448386993288351,-1257.843994140625,5387.3564453125,5425.096552843377,-1.3667518766478255,-0.020041489648642358,4.778576290583673,35,8299.90305268179,2411.2480727675747,1.7488522947009122,-1.79488226659061,4195.326182040295,0.6560023788205481,0.17730086051361388,0.8962184607336823,0.9749976324643312,0.9988871862000702,0.21860653683761402,0.8520771523408422,0.8333333333333334,0.0,0.06847879513567576,0.0,port_vae,port,False,0.05235134810209274,1.171600580215454,1.9699681997299194,1.2187602519989014,vae_candidate_pool_v1,belief_limited_heuristic_v1,674
VAE000045,vae_candidate_000045,0.6447451412883822,4207.8583984375,-1957.9959716796875,4540.679051003607,2.736210450567025,0.05811007858445454,5.075389379759053,32,8167.493602860882,2290.236631061669,1.7107274287368934,0.4634922816072227,8329.70238921171,0.21401198443364233,0.42052204545451305,0.9885933539514808,0.4470746610613169,1.0,0.21384092859211168,0.9084346706361226,0.7619047619047619,0.0,0.0711034086712565,0.0,ahead_vae,ahead,False,0.06022338941693306,1.5552003383636475,2.9707703590393066,1.5528475046157837,vae_candidate_pool_v1,belief_limited_heuristic_v1,675
VAE000810,vae_candidate_000810,0.6446472143168545,-3896.6259765625,2518.285400390625,4667.611142224822,-0.5934953134846802,0.03454155122116395,4.490137421003326,34,8433.639317120907,2345.4525790942894,1.718847064601716,-2.513555788883949,8202.441444187865,0.2275859046655278,0.37831273591651804,0.9871069583771026,0.5875573563887583,1.0,0.2148558830752145,0.7184533697768958,0.8095238095238095,0.0,0.07001420712054048,0.0,astern_vae,astern,False,0.03708600997924805,2.373685598373413,1.5050793886184692,1.610159993171692,vae_candidate_pool_v1,belief_limited_heuristic_v1,676
VAE000893,vae_candidate_000893,0.6446443439495774,4303.7724609375,-2176.3525390625,4815.52756907984,2.6868902472509917,0.07299670752628283,4.871961756516116,37,8267.655873831278,2453.2731365810746,1.824204106876135,0.5276991138650848,8378.327579571062,0.09497413566041192,0.3318800249122976,0.9977466729201465,0.503546783965216,1.0,0.22802551335951687,0.9859788434951553,0.8809523809523809,0.0,0.0682999960030959,0.0,ahead_vae,ahead,False,0.09763626754283905,0.725551426410675,1.50156569480896,1.7727255821228027,vae_candidate_pool_v1,belief_limited_heuristic_v1,677
VAE001033,vae_candidate_001033,0.6444900913735884,-1326.80029296875,-5747.3173828125,5958.7113573743245,1.3312407063283955,0.018452957802856173,5.107340296611282,34,8216.626833215738,2486.9044932576853,1.6638962638131949,1.8288049050642539,4501.105964424363,0.2924268642975356,0.09126102433144077,0.9787735435395624,0.966900017358722,1.0,0.20798703297664936,0.9578128658205859,0.8095238095238095,0.0,0.06713194728603297,0.0,starboard_vae,starboard,False,0.10538405179977417,0.7067792415618896,2.9972710609436035,1.4302223920822144,vae_candidate_pool_v1,belief_limited_heuristic_v1,678
VAE000078,vae_candidate_000078,0.6444750095098986,568.8262939453125,-1618.9149169921875,1682.6237071613737,1.9213663620746155,-0.0652677901253322,4.425926762477409,35,8157.827445005315,2544.3386735374957,1.686236983717353,1.154958501389846,5622.912936914765,2.8520029908415423,0.9072989167495834,0.02081943415668258,0.9147781965838376,1.0,0.21077962296466912,0.9072342195609527,0.8333333333333334,1.0,0.08053054705248659,0.08053054705248659,inside_convoy_envelope,inside,True,0.06003784015774727,1.4391082525253296,2.9380881786346436,1.278106689453125,vae_candidate_pool_v1,belief_limited_heuristic_v1,679
VAE001020,vae_candidate_001020,0.6442343817374186,434.98919677734375,-5649.462890625,5462.755073576548,1.6102722650431964,0.017382097324869318,4.959265335117399,36,8304.316985739024,2501.06926349863,1.733296513134035,1.5487024858714664,2683.918187135066,0.08815973471834626,0.16978107096430964,0.9980582234289018,0.9997559410247351,0.6390281397940634,0.21666206414175437,0.9424052556800325,0.8571428571428571,0.0,0.06716772668610717,0.0,starboard_vae,starboard,False,0.10852079838514328,2.3894922733306885,2.9771997928619385,1.0999774932861328,vae_candidate_pool_v1,belief_limited_heuristic_v1,680
VAE000737,vae_candidate_000737,0.6442060334590421,2413.082763671875,-5324.80712890625,5799.080256288578,2.011806092174133,-0.03464982807096288,4.763911100641368,34,8269.409837115598,2440.5350558136465,1.684687488079951,1.0951367333446973,5956.382216730442,0.12098466647924533,0.11258203994541392,0.9963451389887502,0.8889908707513543,1.0,0.21058593600999387,0.9977748359948839,0.8095238095238095,0.0,0.06785417569601879,0.0,ahead_vae,ahead,False,0.08314766734838486,2.294473171234131,2.945080280303955,1.7758629322052002,vae_candidate_pool_v1,belief_limited_heuristic_v1,681
VAE000980,vae_candidate_000980,0.6440523791277752,1395.8751220703125,-5652.0947265625,5820.798731916944,1.8086499665877065,-0.019457509564995902,5.321397578947026,37,8313.48659036198,2435.6819843370354,1.8272498697912412,1.313485177437091,4471.119422917581,0.004909002570291588,0.10947352026424464,0.9999939754355397,0.9670777350506803,1.0,0.22840623372390514,0.76084880199152,0.8809523809523809,0.0,0.06790337980789742,0.0,starboard_vae,starboard,False,0.13288943469524384,2.4144225120544434,2.9385650157928467,1.5245321989059448,vae_candidate_pool_v1,belief_limited_heuristic_v1,682
VAE000788,vae_candidate_000788,0.6438694108110595,493.0101013183594,-5581.267578125,5541.048900130354,1.667842546280787,0.04537684441349465,5.20823034632108,36,8183.37800750553,2368.3216356555768,1.8575016391643093,1.519126951722501,2787.8028688002787,0.24710469390392584,0.15488630758981942,0.9848123349029321,0.9986654347895516,0.6637625878095902,0.23218770489553867,0.9998496537083033,0.8571428571428571,0.0,0.06910209537760906,0.0,starboard_vae,starboard,False,0.0883365273475647,1.0743666887283325,2.936098098754883,1.3871595859527588,vae_candidate_pool_v1,belief_limited_heuristic_v1,683
VAE000503,vae_candidate_000503,0.643861133314572,-760.4811401367188,-754.1758422851562,1006.5356588811816,0.7927717525039779,-0.01558390454000846,4.902040948033353,36,8148.820205866349,2635.041916474605,1.6765643877671867,2.333236996545807,7533.833164213152,1.5852767063892819,0.6927686709569038,0.4927600632223353,0.7231524238029635,1.0,0.20957054847089834,0.8928901074866848,0.8571428571428571,1.0,0.1019394418277624,0.1019394418277624,inside_convoy_envelope,inside,True,0.05789358168840408,1.3824933767318726,1.5195198059082031,1.4368809461593628,vae_candidate_pool_v1,belief_limited_heuristic_v1,684
VAE000290,vae_candidate_000290,0.6435293161427772,-475.67791748046875,5393.0546875,5396.535085645395,-1.5184156936087378,0.005458103565200739,4.836349262776285,33,8077.1722738790295,2427.0389670302256,1.68336326228732,-1.6177188564158544,2803.229917037165,0.36871092376043535,0.18315993220340418,0.9663963603529446,0.9988993400749799,0.6674356945326583,0.210420407785915,0.9999709576594503,0.7857142857142857,0.0,0.06832017175199243,0.0,port_vae,port,False,0.08679617196321487,1.0138121843338013,2.4941742420196533,1.6707311868667603,vae_candidate_pool_v1,belief_limited_heuristic_v1,685
VAE000058,vae_candidate_000058,0.6435267774552621,-171.72064208984375,-5459.01318359375,5561.273453093537,1.6106076520786963,-0.019588109473475543,5.020073319686184,39,8240.467846049212,2512.5276520315997,1.8836572771748346,1.5113968920376213,2997.287833802293,0.44305030493288267,0.15119894981727217,0.9517241054594623,0.9982363722163589,0.7136399604291174,0.23545715964685432,0.9904558863251062,0.9285714285714286,0.0,0.06697222671973295,0.0,starboard_vae,starboard,False,0.07872060686349869,1.746961236000061,2.9489994049072266,1.2748385667800903,vae_candidate_pool_v1,belief_limited_heuristic_v1,686
VAE000164,vae_candidate_000164,0.6434485556847854,-59.24432373046875,-5540.4248046875,5463.82729777961,1.5615460410009976,-0.019490968514793358,5.419976480165683,38,8207.669059235912,2437.346321823014,1.8995315762475418,1.5605556440740023,2521.2691843649254,0.265519741232906,0.16957036935317,0.9824781227454238,0.9999475646669554,0.6003021867535536,0.23744144703094272,0.9841979098031607,0.9047619047619048,0.0,0.06809404059996806,0.0,starboard_vae,starboard,False,0.09828012436628342,0.7475971579551697,2.940558910369873,1.2974255084991455,vae_candidate_pool_v1,belief_limited_heuristic_v1,687
VAE001025,vae_candidate_001025,0.6433244631988417,2411.4306640625,5838.95068359375,6213.237204524019,-1.9460294673322793,-0.05592864739113462,4.8691531808980715,36,8194.744643110584,2523.0082624609927,1.7411989755211257,-1.2514918336486485,4967.862061561314,0.1098309612249464,0.06400914620359205,0.9969873202727026,0.9494539716769594,1.0,0.2176498719401407,0.9892194702607844,0.8571428571428571,0.0,0.06653469698100754,0.0,port_vae,port,False,0.07818108052015305,1.3001993894577026,2.908919334411621,1.9174290895462036,vae_candidate_pool_v1,belief_limited_heuristic_v1,688
VAE000216,vae_candidate_000216,0.6432499284751928,789.671875,-433.1962890625,986.057680359778,2.668587263727311,-0.052793286997595265,5.169390009116622,35,8212.0382016199,2444.2892126401975,1.7436707897649697,0.42021210286488775,8494.768691638737,1.0837527847703061,0.6852806469602227,0.7340076275846729,0.40795411266616843,1.0,0.2179588487206212,0.9316774971210853,0.8333333333333334,1.0,0.1048368890855752,0.1048368890855752,inside_convoy_envelope,inside,True,0.06405152380466461,2.1363067626953125,1.5284757614135742,1.1189579963684082,vae_candidate_pool_v1,belief_limited_heuristic_v1,689
VAE000570,vae_candidate_000570,0.6429521156182363,4119.8193359375,-3131.048095703125,5073.773271314594,2.4477676067577714,-0.017409201143892047,4.887190179515687,36,8198.077477251718,2472.4061003588836,1.7761133389050867,0.6764158456881291,7940.767632433739,0.16349156473865678,0.25886987041689985,0.9933324985118184,0.6260020505884323,1.0,0.22201416736313584,0.9944880613327637,0.8571428571428571,0.0,0.06784626781363251,0.0,ahead_vae,ahead,False,0.09375429153442383,1.4281895160675049,1.5096862316131592,1.7817076444625854,vae_candidate_pool_v1,belief_limited_heuristic_v1,690
VAE000641,vae_candidate_000641,0.6426823698343558,975.2059326171875,-6139.5830078125,6213.096253341208,1.7352985163454906,-0.00016432450560359345,4.61383404952658,40,8230.975111477072,2414.122531727418,2.0130260424383994,1.4061298127386987,3730.716019736762,0.09878228669034739,0.0640221543376272,0.9975624980096978,0.9864730763377445,0.8882657189849433,0.25162825530479993,0.9532786201639979,0.9523809523809523,0.0,0.0680751906630045,0.0,starboard_vae,starboard,False,0.10635530203580856,1.7536768913269043,1.480766773223877,1.8098783493041992,vae_candidate_pool_v1,belief_limited_heuristic_v1,691
VAE000988,vae_candidate_000988,0.6422886371278661,2116.8369140625,-6295.5068359375,6628.997448160331,1.8869932872507869,0.036611103800536914,5.236643411991895,39,8146.641741699983,2395.04891166442,1.998810406738098,1.291210470139543,4550.176485451779,0.12643079949681083,0.034020308587942805,0.996009133568696,0.9611698067425364,1.0,0.24985130084226226,0.9999442175645444,0.9285714285714286,0.0,0.06823975031815312,0.0,starboard_vae,starboard,False,0.0879182443022728,1.3736668825149536,2.9508938789367676,1.5999821424484253,vae_candidate_pool_v1,belief_limited_heuristic_v1,692
VAE000859,vae_candidate_000859,0.6420198123053361,3485.943603515625,3918.62646484375,5216.813638731289,-2.3377417106383818,0.04764238550382673,4.907973975962213,34,8114.162317340376,2442.9733167009626,1.7152068499545798,-0.7562085574475846,7578.879873378079,0.029687332624627413,0.22315382098859865,0.9997796817523537,0.6861683259705124,1.0,0.21440085624432248,0.9999809084063741,0.8095238095238095,0.0,0.06818994106372432,0.0,ahead_vae,ahead,False,0.08764776587486267,1.8667526245117188,1.9779269695281982,1.8671462535858154,vae_candidate_pool_v1,belief_limited_heuristic_v1,693
VAE001125,vae_candidate_001125,0.6416549400165708,-415.4808349609375,-5269.43994140625,5256.822026553158,1.50137195682007,-0.012668290013586226,4.902407675118321,32,8391.582935459837,2271.1863829148833,1.6790101111445996,1.627552406756137,2743.5470260320863,0.470804929040689,0.21378086199268087,0.9456017290415673,0.9983898060001452,0.653225482388592,0.20987626389307495,0.9692921943958547,0.7619047619047619,0.0,0.07081828282719033,0.0,starboard_vae,starboard,False,0.07185480743646622,1.8275172710418701,2.0323219299316406,1.6189782619476318,vae_candidate_pool_v1,belief_limited_heuristic_v1,694
VAE000607,vae_candidate_000607,0.6414817317146106,1440.46533203125,496.69671630859375,1469.8282748305846,-2.76649421097372,-0.041255138641688435,5.0906180484868955,35,8224.224618002325,2356.3139465071167,1.8060922432772275,-0.4163535812577615,8474.5868187153,1.6722866341086482,0.8491176310676308,0.44934191639156823,0.4044282449488159,1.0,0.22576153040965344,0.98820984792776,0.8333333333333334,0.0,0.08691275217144268,0.0,ahead_vae,ahead,False,0.07776274532079697,1.1053149700164795,2.4673428535461426,1.5992013216018677,vae_candidate_pool_v1,belief_limited_heuristic_v1,695
VAE000580,vae_candidate_000580,0.6413323515257205,464.66717529296875,5051.900390625,5284.134589692703,-1.6617477284216524,-0.06544628539869757,5.663881488625357,35,8244.351048097633,2306.914232362909,1.8402639561157133,-1.5452912105668384,2516.4142715006014,0.3711126679317198,0.2075372006509605,0.965962205334888,0.9996747621545685,0.5991462551191908,0.23003299451446416,0.927443357609955,0.8333333333333334,0.0,0.07022933011759346,0.0,port_vae,port,False,0.06331606209278107,1.6258165836334229,2.9490294456481934,1.6092573404312134,vae_candidate_pool_v1,belief_limited_heuristic_v1,696
VAE000108,vae_candidate_000108,0.6400050951174304,1695.94287109375,5948.97509765625,6272.26179119898,-1.8689019824463755,0.0016979167517932865,5.201836204480412,34,8079.334001609142,2291.5344625338757,1.8364409218505526,-1.2709927543916244,4575.409750454226,0.1598487402280375,0.05874893214502318,0.9936256852587473,0.9553945190189554,1.0,0.22955511523131908,0.9989317062243608,0.8095238095238095,0.0,0.0700581355769126,0.0,port_vae,port,False,0.08441341668367386,1.4881213903427124,2.054135799407959,1.8273197412490845,vae_candidate_pool_v1,belief_limited_heuristic_v1,697
VAE001169,vae_candidate_001169,0.6399464973348875,724.6107177734375,-5551.42626953125,5591.548802344908,1.7437615571888112,0.03776959898673686,4.760666840382484,34,8310.589382944961,2468.6978729376888,1.6572161210145058,1.4356006953877183,3566.306768642133,0.4178107214027402,0.14580039089106478,0.9569897263210784,0.9908749821510678,0.8491206592005079,0.20715201512681322,0.8990387009503001,0.8095238095238095,0.0,0.06754469876521445,0.0,starboard_vae,starboard,False,0.05879709869623184,1.3871158361434937,1.4898946285247803,1.1811875104904175,vae_candidate_pool_v1,belief_limited_heuristic_v1,698
VAE001060,vae_candidate_001060,0.639744070418871,-111.28338623046875,5472.15283203125,5536.067890376494,-1.5536378941303366,-0.009111020254753608,4.853093561274508,36,8175.041169108054,2437.8819543800546,1.80634158277972,-1.59706577971421,2651.7699911475406,0.2835303712651185,0.15580446898785671,0.9800369066177728,0.9996549777635428,0.6313738074160811,0.225792697847465,0.9984362864918077,0.8571428571428571,0.0,0.068054112087449,0.0,port_vae,port,False,0.08381426334381104,0.7730876803398132,2.499760866165161,1.8221936225891113,vae_candidate_pool_v1,belief_limited_heuristic_v1,699
VAE000369,vae_candidate_000369,0.6396291151183695,598.6821899414062,5431.65185546875,5518.310977979043,-1.6854935789555412,-0.03163655489837076,5.098249474911659,35,8182.98742970276,2587.564103727499,1.6529702703717104,-1.4877356295326227,3257.546707210959,0.3567584374148252,0.15911001075647793,0.9685169117910457,0.9965524430498361,0.7756063588597522,0.2066212837964638,0.8686622840180818,0.8333333333333334,0.0,0.06603189093496092,0.0,port_vae,port,False,0.05452108383178711,1.422131061553955,2.4939911365509033,1.6014714241027832,vae_candidate_pool_v1,belief_limited_heuristic_v1,700
VAE001049,vae_candidate_001049,0.6393270915934111,-260.52191162109375,5305.6142578125,5303.1352507995425,-1.512467135572313,0.002173431534017342,5.095671131478306,33,8129.179373665223,2593.9164923221774,1.5649888326850507,-1.6269520864834628,3046.088003535252,0.3913735598907446,0.20326770320033344,0.962192987983061,0.9984236796320528,0.7252590484607743,0.19562360408563134,0.8166696337150628,0.7857142857142857,0.0,0.06609897408966839,0.0,port_vae,port,False,0.04799455404281616,2.1900014877319336,2.961381435394287,1.7653634548187256,vae_candidate_pool_v1,belief_limited_heuristic_v1,701
VAE000315,vae_candidate_000315,0.6388280941221256,836.6561279296875,-5941.806640625,6033.552310174747,1.7047615816831907,-0.005861024039206351,5.290683227771233,35,8218.11792621031,2448.899811270507,1.739100410910322,1.430970047867396,3570.367157463357,0.19203000721586116,0.08243172112830924,0.9908094135383447,0.9902402228501814,0.8500874184436564,0.21738755136379026,0.9980272019489285,0.8333333333333334,0.0,0.06763895668861289,0.0,starboard_vae,starboard,False,0.09114442020654678,1.1766866445541382,1.5336825847625732,1.73712158203125,vae_candidate_pool_v1,belief_limited_heuristic_v1,702
VAE000505,vae_candidate_000505,0.6386942669738096,3709.09716796875,-3360.606201171875,5015.394769236977,2.3890828132878057,0.031132673550939394,4.786188872713369,36,8415.231326934083,2484.127832739564,1.7221163941740005,0.7836425138529272,7714.361950816998,0.3942077735331608,0.27442961749211836,0.9616505649581206,0.7058642603667568,1.0,0.21526454927175007,0.8034048350376717,0.8571428571428571,0.0,0.0676696252542002,0.0,ahead_vae,ahead,False,0.046437643468379974,1.111167073249817,1.9308443069458008,1.3910876512527466,vae_candidate_pool_v1,belief_limited_heuristic_v1,703
VAE000229,vae_candidate_000229,0.6386348640836016,-3313.97705078125,-4115.7353515625,5375.108926648219,0.899991913816455,-0.006196477662977169,4.637323107985429,34,8252.843346631791,2302.8132077841874,1.7890258006223156,2.235404262110361,6902.625120467575,0.3485534746109359,0.18764403715487793,0.9699338701352052,0.787158651736099,1.0,0.22362822507778946,0.9540397253091022,0.8095238095238095,0.0,0.07024107846906515,0.0,astern_vae,astern,False,0.10619543492794037,0.7109088897705078,2.395864486694336,1.6711690425872803,vae_candidate_pool_v1,belief_limited_heuristic_v1,704
VAE000890,vae_candidate_000890,0.6384930453060675,670.864990234375,-5780.67529296875,5759.4346372691725,1.6563722116461697,-0.004867817298076288,4.88425908193193,34,8316.428756641686,2390.9257370544797,1.709920655737433,1.480352624645547,3132.2969996796055,0.15507339933170083,0.11843135669465671,0.9940000983583485,0.9959127556704421,0.7457849999237156,0.2137400819671791,0.9891786981839042,0.8095238095238095,0.0,0.06860420968568441,0.0,starboard_vae,starboard,False,0.09636910259723663,1.7123562097549438,2.871647834777832,1.8909590244293213,vae_candidate_pool_v1,belief_limited_heuristic_v1,705
VAE000572,vae_candidate_000572,0.6382648122162227,-908.7860717773438,-475.5694274902344,1069.542893477019,0.4780078057300784,-0.0359410621098169,4.844710193538932,38,8655.211125066033,2507.9056921557076,1.7506314627709745,2.627643785749898,8769.980114910246,1.4532609476183413,0.7156131708638145,0.5586324746707156,0.491619784439816,1.0,0.2188289328463718,0.9999631282749554,0.9047619047619048,1.0,0.09933666423199713,0.09933666423199713,inside_convoy_envelope,inside,True,0.08779636770486832,1.1092133522033691,1.9787516593933105,1.1954243183135986,vae_candidate_pool_v1,belief_limited_heuristic_v1,706
VAE000925,vae_candidate_000925,0.6379094586447207,92.73153686523438,5898.38134765625,5746.46599715713,-1.630981125210179,0.10933261415907061,5.1793023865219014,34,8285.65766638013,2375.9717733609104,1.7270728391781076,-1.4012789142205435,3739.7612509811997,0.43900859022482175,0.12039443366066728,0.9525867495314656,0.9856662974139696,0.8904193454717142,0.21588410489726345,0.9402223660798873,0.8095238095238095,0.0,0.06884979008030612,0.0,port_vae,port,False,0.06560066342353821,1.7034032344818115,2.936678886413574,1.1242088079452515,vae_candidate_pool_v1,belief_limited_heuristic_v1,707
VAE000368,vae_candidate_000368,0.6375350391340773,146.26336669921875,462.6083679199219,403.109300091035,-1.8545084972714685,0.06661813231690497,5.165896466907039,32,8151.856404468536,2438.862110753389,1.6095564422267261,-1.2204660240014196,5088.507038815984,0.5572163472024245,0.47057759310938435,0.9243652322396403,0.939259401503008,1.0,0.20119455527834076,0.872237624738174,0.7619047619047619,1.0,0.2093006482150985,0.2093006482150985,inside_convoy_envelope,inside,True,0.05500224605202675,2.0903382301330566,1.5039918422698975,1.729783296585083,vae_candidate_pool_v1,belief_limited_heuristic_v1,708
VAE000204,vae_candidate_000204,0.6374665815508413,-2536.72900390625,-5129.39111328125,5739.228701014245,1.1022306739079826,-0.020507793006801424,5.31690611076127,35,8304.79919455707,2559.640953403397,1.6464928849374707,2.0188541866750094,5904.750451138096,0.4240672275753627,0.12150070415147383,0.9557114690112118,0.9012901676347894,1.0,0.20581161061718384,0.9565302185564087,0.8333333333333334,0.0,0.0662357409312456,0.0,astern_vae,astern,False,0.06886939704418182,1.5866379737854004,2.069164514541626,1.394625186920166,vae_candidate_pool_v1,belief_limited_heuristic_v1,709
VAE000845,vae_candidate_000845,0.6372312973945244,-728.1530151367188,-5731.388671875,5793.723049093638,1.4324164255899083,0.03720132836159958,5.278539215847313,37,8363.782184254515,2525.179321149833,1.751889807001019,1.746377556361485,3947.3444550193353,0.5273056483848169,0.11335917331702967,0.9320830108279341,0.9846251757792784,0.9398439178617465,0.21898622587512737,0.9032086203616221,0.8809523809523809,0.0,0.06664755746725984,0.0,starboard_vae,starboard,False,0.05942289158701897,0.803469717502594,2.0636837482452393,1.4957062005996704,vae_candidate_pool_v1,belief_limited_heuristic_v1,710
VAE000330,vae_candidate_000330,0.6367895805902759,-3965.1484375,-1631.27978515625,4343.404248952615,0.3558661548861007,-0.03171851698427318,4.876103248058039,34,8177.984620424053,2430.750472191973,1.7103785791274013,2.7540079817194196,8490.089956872966,0.3200031564139505,0.48970375833710617,0.9746172125877159,0.37795334945267817,1.0,0.21379732239092517,0.7085565745879092,0.8095238095238095,0.0,0.06910802812565088,0.0,astern_vae,astern,False,0.03604429215192795,2.1984972953796387,1.5044294595718384,1.434434413909912,vae_candidate_pool_v1,belief_limited_heuristic_v1,711
VAE000052,vae_candidate_000052,0.6367163468207774,-1037.422119140625,-360.23614501953125,1120.878134682355,0.36419441885254955,0.02910776073993692,5.51090697298744,31,8112.694784945202,2352.6152974793786,1.624222939569314,2.806505995477181,8435.141345612408,1.1749723260748444,0.7339666888265081,0.6927843039589183,0.3288510094542977,1.0,0.20302786744616425,0.9860259655545695,0.7380952380952381,1.0,0.09847694907063978,0.09847694907063978,inside_convoy_envelope,inside,True,0.0769142210483551,1.5118056535720825,2.3355891704559326,1.3459721803665161,vae_candidate_pool_v1,belief_limited_heuristic_v1,712
VAE000928,vae_candidate_000928,0.6359900652517003,1971.655517578125,-6353.1513671875,6800.224419041862,1.858158051716959,-0.057594941375610505,5.288400946077153,39,8222.923365837816,2449.038121580711,1.9366128928552409,1.225839660497224,5085.395571808558,0.12365655650138585,0.02572971616800052,0.9961821326299272,0.9410901070370681,1.0,0.2420766116069051,0.9999098206457643,0.9285714285714286,0.0,0.06735857311220164,0.0,starboard_vae,starboard,False,0.08809518814086914,1.249307632446289,2.9251561164855957,1.8608520030975342,vae_candidate_pool_v1,belief_limited_heuristic_v1,713
VAE000316,vae_candidate_000316,0.6359828529156664,621.0894165039062,-5627.41162109375,5591.85153380796,1.6737586931302255,0.045060288584482466,4.8516035382250235,36,8245.65113169631,2457.1711193380866,1.7768147160410057,1.5128942490440507,2930.226847769596,0.034770405681449956,0.14574713920832152,0.9996977851716957,0.9983241429881515,0.697673058992761,0.22210183950512571,0.8520665389457133,0.8571428571428571,0.0,0.06772572475239765,0.0,starboard_vae,starboard,False,0.1221829354763031,0.673508882522583,1.487803339958191,1.6278325319290161,vae_candidate_pool_v1,belief_limited_heuristic_v1,714
VAE001098,vae_candidate_001098,0.6359244326434432,-461.3375244140625,5687.310546875,5828.852144228641,-1.4849912418990667,-0.02136428924836134,5.037771977707527,37,8355.523195263917,2446.641740087456,1.8099129786139965,-1.6779657009390878,3326.3480883041466,0.3811471859889153,0.10833788366161955,0.9641192549132467,0.9942628568329879,0.7919876400724158,0.22623912232674956,0.9711138713969804,0.8809523809523809,0.0,0.06772885483900326,0.0,port_vae,port,False,0.07232590764760971,2.2049365043640137,1.969116449356079,1.3679651021957397,vae_candidate_pool_v1,belief_limited_heuristic_v1,715
VAE000301,vae_candidate_000301,0.6359192950693582,-51.316436767578125,5734.5986328125,5601.15058834023,-1.5789888419799634,-0.02287101583182866,5.0493615980097974,36,8161.701192957942,2578.4051122701267,1.7106873989564588,-1.5854748274416584,2697.924582006584,0.27254315578098587,0.1441184058149448,0.9815447204206773,0.9998922727436307,0.6423629957158533,0.21383592486955735,0.9775987545339297,0.8571428571428571,0.0,0.06610693200643677,0.0,port_vae,port,False,0.10040172189474106,1.023044228553772,1.4926602840423584,1.0830219984054565,vae_candidate_pool_v1,belief_limited_heuristic_v1,716
VAE001039,vae_candidate_001039,0.6357728117302456,3189.583740234375,5243.95361328125,6105.353185191133,-2.1041100019513586,-0.04001857852220403,5.26146279737074,36,8078.18848535715,2578.5720806439604,1.7282606529101523,-1.0775012301606386,6096.418038301291,0.008104703614354669,0.0746163590162907,0.9999835785347198,0.880777313604714,1.0,0.21603258161376904,0.9991475508456115,0.8571428571428571,0.0,0.06588371117022392,0.0,ahead_vae,ahead,False,0.08981490135192871,1.5631811618804932,1.5186126232147217,1.3674677610397339,vae_candidate_pool_v1,belief_limited_heuristic_v1,717
VAE000053,vae_candidate_000053,0.6345446335440406,549.2046508789062,-6045.46240234375,6082.886512120944,1.6424577154980102,-0.024546181591685198,5.166259940112321,37,8304.877169944042,2553.815708907335,1.7445320655255072,1.4745887565000981,3339.7659550588846,0.22742067301872915,0.0769947845990594,0.9871255920333382,0.9953756202587212,0.7951823702521154,0.2180665081906884,0.9961321354573082,0.8809523809523809,0.0,0.06615039443717631,0.0,starboard_vae,starboard,False,0.08183391392230988,2.137512683868408,1.970538854598999,1.3966602087020874,vae_candidate_pool_v1,belief_limited_heuristic_v1,718
VAE000687,vae_candidate_000687,0.6345415296764587,-366.4239501953125,263.5691833496094,520.1807363233329,-0.6204046780655541,0.02157132157861547,5.310499528957822,38,8297.419781634631,2374.912959239773,1.9283809693182776,-2.4996166539456235,8067.569303377141,0.6087003945354872,0.5127329740600005,0.9101959135676733,0.5987792153664471,1.0,0.2410476211647847,0.9991755584534179,0.9047619047619048,1.0,0.16793016279949605,0.16793016279949605,inside_convoy_envelope,inside,True,0.08476025611162186,1.4254206418991089,2.4307422637939453,1.4010258913040161,vae_candidate_pool_v1,belief_limited_heuristic_v1,719
VAE000257,vae_candidate_000257,0.634464688510957,-2126.27490234375,5687.7138671875,6159.962958602924,-1.236464626322039,0.01310325625147615,4.781809536063827,36,8263.217491911779,2274.809468448615,1.915174231767371,-1.892024771016278,4767.41457672052,0.4231955147150634,0.06908196908107023,0.955890638043396,0.9488482744722769,1.0,0.23939677897092138,0.9817261340648836,0.8571428571428571,0.0,0.07034100816881944,0.0,port_vae,port,False,0.09911765158176422,1.1956840753555298,2.4082398414611816,1.128296971321106,vae_candidate_pool_v1,belief_limited_heuristic_v1,720
VAE000554,vae_candidate_000554,0.6344056457762473,-231.94927978515625,5497.443359375,5385.724876921198,-1.5425407617802545,0.009055030088690389,4.725979043340464,38,8312.859050794246,2483.226289905237,1.8408435589967629,-1.5899968617208482,2642.370103846006,0.4798331200664787,0.18541277797288291,0.9435359860530603,0.9998156753921505,0.6291357390109538,0.23010544487459536,0.8964701610214084,0.9047619047619048,0.0,0.06745802571732645,0.0,port_vae,port,False,0.05841697379946709,1.774820327758789,1.4887819290161133,1.6654374599456787,vae_candidate_pool_v1,belief_limited_heuristic_v1,721
VAE000062,vae_candidate_000062,0.6342468212538807,-1276.7958984375,-5804.52685546875,5947.093876649533,1.3596090204382414,-0.04940936983043759,5.022117815595483,37,8260.98040823787,2397.2469062887412,1.8683462515612224,1.732574263321115,3696.5671674186005,0.494322132172751,0.0926963417717565,0.9401452581549767,0.9869424655249445,0.8801350398615716,0.2335432814451528,0.9837026908317942,0.8809523809523809,0.0,0.06843415723088912,0.0,starboard_vae,starboard,False,0.07608015090227127,1.3556162118911743,2.4409983158111572,1.8962340354919434,vae_candidate_pool_v1,belief_limited_heuristic_v1,722
VAE000139,vae_candidate_000139,0.6339777101071945,1492.042236328125,487.02728271484375,1498.4910055996386,-2.842819582431073,-0.04363520539546984,5.74120188742116,33,8129.436459176507,2435.641320659361,1.6666337250917558,-0.34240827655418987,8475.295438742276,1.6115910130417996,0.8575867142830726,0.47960831397071585,0.3357565368254261,1.0,0.20832921563646947,0.9643930653331392,0.7857142857142857,0.0,0.08531623076055443,0.0,ahead_vae,ahead,False,0.07064997404813766,1.103896141052246,2.965282917022705,1.19448721408844,vae_candidate_pool_v1,belief_limited_heuristic_v1,723
VAE000513,vae_candidate_000513,0.6339189268550327,1496.20458984375,-6866.484375,6968.18884398764,1.8249821611854589,-0.026981120785092794,4.634078797129058,38,8271.54191497357,2409.125394553628,1.9069430194002341,1.289629371619241,4609.68693318156,0.22235049559185605,0.01935377970010695,0.9876909031017927,0.9607322893544833,1.0,0.23836787742502927,0.999660590432733,0.9047619047619048,0.0,0.06789008507343589,0.0,starboard_vae,starboard,False,0.08565860986709595,1.6806403398513794,2.1246235370635986,1.5306751728057861,vae_candidate_pool_v1,belief_limited_heuristic_v1,724
VAE000800,vae_candidate_000800,0.6338555289497332,2678.327392578125,-5441.0107421875,5945.771410580878,2.035871735855386,-0.01629231961038448,4.441388425726,33,8096.585059394943,2269.810714796697,1.7956529995337092,1.0894285981240233,5760.528504715361,0.1746743588441957,0.09286085403177036,0.9923915917339134,0.8863625047157374,1.0,0.22445662494171364,0.9747006538264336,0.7857142857142857,0.0,0.07055911560719627,0.0,ahead_vae,ahead,False,0.07329704612493515,0.6680335998535156,2.957186222076416,1.4321200847625732,vae_candidate_pool_v1,belief_limited_heuristic_v1,725
VAE000124,vae_candidate_000124,0.6337173034223154,-975.1674194335938,-6690.8310546875,6694.223248538188,1.3787461080497467,0.011693338621553057,5.305148226272303,37,8273.893761420584,2575.4291675220156,1.7363696012288306,1.7745398841616,4196.272674439002,0.3039653228163406,0.030626516462695885,0.977078574217713,0.979315982114378,0.9991125415330957,0.21704620015360382,0.9697371855616173,0.8809523809523809,0.0,0.06564990904555087,0.0,starboard_vae,starboard,False,0.10256429761648178,0.7777594923973083,2.0592212677001953,1.6854218244552612,vae_candidate_pool_v1,belief_limited_heuristic_v1,726
VAE001167,vae_candidate_001167,0.6333543212689874,3824.481201171875,-3520.384033203125,5301.310123967809,2.379914099233906,-0.03282054785771226,5.999773731189634,35,8291.414133224707,2419.9822031457334,1.7443244356506697,0.7288580064981753,7796.612186694339,0.05305405008700115,0.20367517862562642,0.9992964819834711,0.6660182160147731,1.0,0.21804055445633372,0.9944601042414875,0.8333333333333334,0.0,0.06842565912949061,0.0,ahead_vae,ahead,False,0.08076215535402298,2.1375374794006348,2.9596493244171143,1.8149023056030273,vae_candidate_pool_v1,belief_limited_heuristic_v1,727
VAE001124,vae_candidate_001124,0.6331607654919216,1739.580322265625,-7117.330078125,7460.983936742777,1.7842583464749673,-0.05781015701433807,4.83828674633368,39,8366.576003374976,2402.156948427838,1.9405081324411637,1.2995241501004877,4556.197137337544,0.1222328762575502,0.007892183049497152,0.9962694292952745,0.9634307870405316,1.0,0.24256351655514546,0.9826207854620307,0.9285714285714286,0.0,0.06784792727280903,0.0,starboard_vae,starboard,False,0.09882128238677979,1.0053377151489258,2.9162726402282715,1.4520254135131836,vae_candidate_pool_v1,belief_limited_heuristic_v1,728
VAE000520,vae_candidate_000520,0.6331348656034187,1296.7398681640625,6249.8056640625,6564.965154351582,-1.7498195825505987,-0.02003751108431176,5.113573318595394,36,8322.989357473056,2561.6398659429874,1.6885156414785485,-1.4118105821235063,3847.0026425124224,0.14276234420112055,0.03765860825002226,0.9949133763238076,0.9873883649007682,0.9159530101220054,0.21106445518481856,0.9893949363271207,0.8571428571428571,0.0,0.06585823859968697,0.0,port_vae,port,False,0.07825572043657303,2.317561149597168,2.345259428024292,1.1034440994262695,vae_candidate_pool_v1,belief_limited_heuristic_v1,729
VAE000059,vae_candidate_000059,0.6331308880126315,962.2395629882812,-6545.8955078125,6647.235084342482,1.7469600347668757,-0.04606938738885674,5.305347789969706,34,8233.142381913012,2404.4844927944437,1.7174785053019601,1.348563231434061,4160.0059833784635,0.220029309720422,0.03304053917330808,0.9879455263310946,0.9754076889165739,0.9904776150901103,0.21468481316274501,0.9976226601977141,0.8095238095238095,0.0,0.06806653081776473,0.0,starboard_vae,starboard,False,0.09152393043041229,1.7859132289886475,1.4863379001617432,1.2821840047836304,vae_candidate_pool_v1,belief_limited_heuristic_v1,730
VAE000484,vae_candidate_000484,0.6324610734393425,-4241.57421875,2405.380615234375,4831.656154191107,-0.48338828058915295,0.031080305357212207,5.124220965006337,37,8241.665507244983,2286.713067517283,1.9632475585583902,-2.627124067643428,8300.045814958547,0.08467445816952786,0.3270114031371968,0.998208629725715,0.49207229372833133,1.0,0.24540594481979877,0.8724949109274879,0.8809523809523809,0.0,0.07088874161797604,0.0,astern_vae,astern,False,0.11949585378170013,0.75618976354599,2.021775722503662,1.4108167886734009,vae_candidate_pool_v1,belief_limited_heuristic_v1,731
VAE000761,vae_candidate_000761,0.6322473563774013,3795.794189453125,3576.025390625,5293.489487888965,-2.39376039501805,0.04186245758441133,4.665301282616355,36,8235.987229882447,2480.7368965427827,1.7620009172242368,-0.7059698009873316,7876.877021284739,0.039426004155091565,0.20542754352279138,0.9996114478837709,0.648772136312284,1.0,0.2202501146530296,0.9913539094977186,0.8571428571428571,0.0,0.06757029242978486,0.0,ahead_vae,ahead,False,0.09539850056171417,0.8491919636726379,1.5057975053787231,1.3776628971099854,vae_candidate_pool_v1,belief_limited_heuristic_v1,732
VAE001209,vae_candidate_001209,0.6320314105909428,-539.652099609375,5531.96923828125,5604.223781079946,-1.4728305435427829,-0.008250869988256845,5.490525130372309,37,8379.56475462118,2419.221677826067,1.8251753605372552,-1.677012980035267,3293.9643826645724,0.37296171184981386,0.14358311436818447,0.965626128699839,0.994364312752102,0.7842772339677554,0.2281469200671569,0.7957350534067212,0.8809523809523809,0.0,0.06823943435567253,0.0,port_vae,port,False,0.04555263742804527,0.9789449572563171,2.9585764408111572,1.6922796964645386,vae_candidate_pool_v1,belief_limited_heuristic_v1,733
VAE000031,vae_candidate_000031,0.6314307685466367,3535.794677734375,3780.62158203125,5165.998564245866,-2.3410873167374304,0.05090494173378078,5.193292954890686,35,8213.560005812551,2644.2042888510723,1.6115419114901834,-0.7496003951185819,7813.626069715056,0.039961740517791,0.23544777003278894,0.9996008179504444,0.6813463191640124,1.0,0.20144273893627293,0.8178357061876983,0.8333333333333334,0.0,0.06555603173728719,0.0,ahead_vae,ahead,False,0.12639978528022766,1.2504583597183228,1.8553266525268555,1.6061147451400757,vae_candidate_pool_v1,belief_limited_heuristic_v1,734
VAE000419,vae_candidate_000419,0.6310831813587202,-1229.89111328125,-5808.73486328125,5890.744144958606,1.3314527695755574,0.015180844949205033,4.455093121409009,34,8229.311942935896,2287.0614841997854,1.806498277419562,1.8253207289634406,4285.3982127561085,0.521246918103227,0.09991271215159296,0.9335994681772917,0.9677831536139205,1.0,0.22581228467744524,0.8893634047704656,0.8095238095238095,0.0,0.0702502716716063,0.0,starboard_vae,starboard,False,0.057384949177503586,1.4985225200653076,2.4876914024353027,1.2493566274642944,vae_candidate_pool_v1,belief_limited_heuristic_v1,735
VAE000099,vae_candidate_000099,0.6310044451497968,1139.3232421875,6819.77490234375,6913.194532809154,-1.7169430566194417,0.006783859883187642,4.84748482782253,39,8229.517320640549,2484.966941868687,1.9070831449548358,-1.4178657370871637,3709.6095326891727,0.14502536900894336,0.021269984223635987,0.9947511199621186,0.9883288907539504,0.8832403649259936,0.23838539311935447,0.9990971768603809,0.9285714285714286,0.0,0.06680965380648446,0.0,port_vae,port,False,0.08464377373456955,2.3596551418304443,1.4888478517532349,1.0997776985168457,vae_candidate_pool_v1,belief_limited_heuristic_v1,736
VAE000084,vae_candidate_000084,0.6304314845844895,-1053.001220703125,-5419.13623046875,5582.8158351294305,1.4373898884163923,0.01449786491639567,4.955316589751149,35,8300.645431510384,2376.0527409941715,1.7745984788426312,1.7187006300897967,3573.3411345173317,0.6104974216902612,0.14734276175201588,0.9096814798774302,0.989082083395498,0.8507955082184123,0.2218248098553289,0.896516359757421,0.8333333333333334,0.0,0.06892839166246516,0.0,starboard_vae,starboard,False,0.05842377617955208,2.3291850090026855,2.9668948650360107,1.8137216567993164,vae_candidate_pool_v1,belief_limited_heuristic_v1,737
VAE000294,vae_candidate_000294,0.6303622549331929,1122.67431640625,5927.04541015625,5978.124894890422,-1.711075228004619,-0.048979080971530115,4.752199919342599,39,8209.498427472405,2370.2395307372817,2.0042677850054704,-1.479496506556704,3108.8525052396167,0.27394401301492666,0.08890182219056132,0.9813557055009958,0.9958350657404517,0.740202977438004,0.2505334731256838,0.9378512636351318,0.9285714285714286,0.0,0.06885224645564586,0.0,port_vae,port,False,0.06516134738922119,1.317252278327942,1.9406217336654663,1.9032502174377441,vae_candidate_pool_v1,belief_limited_heuristic_v1,738
VAE001102,vae_candidate_001102,0.6298788472924758,2249.010986328125,6123.78271484375,6473.748262667779,-1.9169489359571903,-0.05018652140611695,4.661758096595109,35,8179.944430992935,2216.519798374417,1.9303945204016246,-1.2748302390387198,4505.943203507901,0.12866523743197678,0.043407138818670046,0.9958670205928593,0.9565208156513595,1.0,0.24129931505020308,0.9008876869166738,0.8333333333333334,0.0,0.07129645653191688,0.0,port_vae,port,False,0.059073224663734436,1.000145435333252,2.570758819580078,1.0953972339630127,vae_candidate_pool_v1,belief_limited_heuristic_v1,739
VAE000299,vae_candidate_000299,0.6298067701888609,127.74209594726562,1624.155517578125,1760.9293853694383,-1.633542088039259,-0.03469736568219885,4.407780364131251,34,8372.878570467985,2590.087500481049,1.5677964914684104,-1.542747931232733,2823.8837588357337,2.8347644804151413,0.9257006255256554,0.023351814517648173,0.9996066695407074,0.67235327591327,0.1959745614335513,0.8783125719018677,0.8095238095238095,1.0,0.0787597094148774,0.0787597094148774,inside_convoy_envelope,inside,True,0.05583202838897705,0.7781499028205872,1.959237813949585,1.8141374588012695,vae_candidate_pool_v1,belief_limited_heuristic_v1,740
VAE000155,vae_candidate_000155,0.6296968275962135,2783.169189453125,7129.95068359375,7703.7432777586955,-1.9493656614019037,-0.06771371161294998,4.909772226491902,37,8086.609178793499,2321.470870143781,1.970933771732268,-1.2599407038008394,4683.686239052095,0.005395967736087526,0.0049048917271525055,0.9999927209007096,0.9520722061364271,1.0,0.2463667214665335,0.9970742419868825,0.8809523809523809,0.0,0.06915748271967537,0.0,port_vae,port,False,0.09199018776416779,2.2576375007629395,1.487748146057129,1.1694519519805908,vae_candidate_pool_v1,belief_limited_heuristic_v1,741
VAE000905,vae_candidate_000905,0.6294444647094154,1899.491455078125,6567.029296875,6862.755293881214,-1.8582947831167607,-0.005699447018587624,5.032932487688942,36,8410.542447658692,2598.6356266850817,1.6471498289920614,-1.28899731749162,4834.975437886418,0.03851056259600272,0.023170525611851026,0.9996292799623101,0.9605567170001093,1.0,0.20589372862400768,0.9406940415822275,0.8571428571428571,0.0,0.0652661611786159,0.0,port_vae,port,False,0.10884393751621246,1.0903733968734741,2.4744749069213867,1.773619294166565,vae_candidate_pool_v1,belief_limited_heuristic_v1,742
VAE000581,vae_candidate_000581,0.6292974654164567,-672.6433715820312,-6286.04638671875,6368.227288787128,1.4136855717711339,0.08542248115841931,5.134655956876303,37,8340.50237322678,2501.528217088964,1.7733893978945117,1.813329562977079,4431.391059557541,0.4593082673035669,0.05095991003260382,0.948179688272112,0.9707327019272892,1.0,0.22167367473681396,0.9438104175319606,0.8809523809523809,0.0,0.06672893944941774,0.0,starboard_vae,starboard,False,0.06628074496984482,1.0456633567810059,1.5093196630477905,1.784303069114685,vae_candidate_pool_v1,belief_limited_heuristic_v1,743
VAE001187,vae_candidate_001187,0.6284692432749968,3842.3955078125,3487.734619140625,5101.722257234304,-2.383193224884309,-0.033545067324448494,4.8196923023850085,37,8227.452615321528,2431.7229986715583,1.8493632877848039,-0.7919444960299328,7510.185871354606,0.49633670735464236,0.2516212082649077,0.9396664727826731,0.7117205530316467,1.0,0.23117041097310048,0.7883043571878616,0.8809523809523809,0.0,0.06840191031079584,0.0,ahead_vae,ahead,False,0.04470484331250191,1.1641356945037842,2.4358794689178467,1.3564213514328003,vae_candidate_pool_v1,belief_limited_heuristic_v1,744
VAE000779,vae_candidate_000779,0.6278523980761378,205.3817901611328,5591.798828125,5575.567000790342,-1.6594958329425082,-0.016788158401382175,5.0011300750806065,35,8425.758837085401,2429.81988436415,1.7095623236623012,-1.4988849790486671,3028.9255909647063,0.49761149597067456,0.14863214291772933,0.9393625836752529,0.9974154930799093,0.7211727597535015,0.21369529045778765,0.9171068030612582,0.8333333333333334,0.0,0.0680863167273941,0.0,port_vae,port,False,0.06159597635269165,1.1696871519088745,1.9444540739059448,1.1995967626571655,vae_candidate_pool_v1,belief_limited_heuristic_v1,745
VAE000387,vae_candidate_000387,0.6278189609333419,391.2540283203125,5806.47900390625,5723.345791265879,-1.6216808803676306,0.06250190858532119,5.005227010543195,35,8292.015493829518,2211.978327757071,1.908213973839199,-1.4574098646368414,3135.963395613827,0.3686649116240923,0.12395567488718906,0.9664046515519724,0.9935786392042887,0.7466579513366255,0.23852674672989987,0.8987445169619874,0.8333333333333334,0.0,0.07165116682983229,0.0,port_vae,port,False,0.0587533600628376,0.6883403062820435,2.4566006660461426,1.1907546520233154,vae_candidate_pool_v1,belief_limited_heuristic_v1,746
VAE000708,vae_candidate_000708,0.6276830782509275,1059.9716796875,6340.41650390625,6291.645373070144,-1.783443388442185,0.055640050032136096,5.368084115084496,35,8334.641325694176,2322.4317776048024,1.8081654392606772,-1.302509215115472,4448.698455956708,0.34535839777496213,0.05710116509945064,0.9704770916161997,0.9642263634601063,1.0,0.22602067990758465,0.8862775172027015,0.8333333333333334,0.0,0.06946524093150956,0.0,port_vae,port,False,0.05694527179002762,0.7876592874526978,2.4177956581115723,1.7301371097564697,vae_candidate_pool_v1,belief_limited_heuristic_v1,747
VAE000849,vae_candidate_000849,0.6274912720771496,271.7196044921875,5658.76171875,5693.811466205541,-1.5719814938122105,-0.017204546939098474,5.2495983600427465,35,8394.303127220133,2338.4141371199344,1.7830436226022008,-1.586815706716681,2472.5798806831217,0.19765673965918704,0.12862072393010024,0.9902647103358113,0.9998716924773581,0.5887094954007432,0.2228804528252751,0.9928933352121975,0.8333333333333334,0.0,0.0694459855711018,0.0,port_vae,port,False,0.07989668846130371,1.2869560718536377,2.9080259799957275,1.0975322723388672,vae_candidate_pool_v1,belief_limited_heuristic_v1,748
VAE000932,vae_candidate_000932,0.6271610630132838,-816.7745971679688,225.8798828125,815.5028701307617,-0.2687634131451768,-0.010827794675552642,5.337476624517281,34,8150.892306079185,2416.106555554541,1.726464601725887,-2.8836570351201694,8497.562188860484,0.48091740415685247,0.622134194884487,0.9432854557213026,0.25508500789097227,1.0,0.21580807521573586,0.8215904895747345,0.8095238095238095,1.0,0.11870428736117218,0.11870428736117218,inside_convoy_envelope,inside,True,0.048581406474113464,2.0120739936828613,1.9736714363098145,1.02324640750885,vae_candidate_pool_v1,belief_limited_heuristic_v1,749
VAE001080,vae_candidate_001080,0.6271127227163178,2969.290771484375,-5644.26953125,6226.300339384702,2.039095218338153,0.02601217973984276,5.119939924258501,36,8256.744935824296,2474.7852410331716,1.7617980083000284,1.128509614991484,5770.596511124106,0.0687371474196732,0.06281292697066143,0.998819266144826,0.9037752977713015,1.0,0.22022475103750355,0.888903697725548,0.8571428571428571,0.0,0.06717858313224302,0.0,ahead_vae,ahead,False,0.05731913819909096,0.775000274181366,2.9599180221557617,1.0753583908081055,vae_candidate_pool_v1,belief_limited_heuristic_v1,750
VAE000073,vae_candidate_000073,0.6270297828448514,3602.310546875,6296.93408203125,7300.836667147076,-2.0891946255656966,-0.11733881338569051,4.641698234130477,38,8044.024534783262,2341.938042309627,2.0171342741114997,-1.169736841409787,5296.439033635914,0.059840081276551604,0.01067017871341331,0.9991050582692715,0.9206478940879947,1.0,0.25214178426393746,0.9945155619084596,0.9047619047619048,0.0,0.06892105936824124,0.0,ahead_vae,ahead,False,0.09373804181814194,1.8534388542175293,1.506710410118103,1.8411462306976318,vae_candidate_pool_v1,belief_limited_heuristic_v1,751
VAE000443,vae_candidate_000443,0.6269160640794647,2194.365234375,-6513.6328125,6910.723941754296,1.9149356960817447,-0.006211943786809356,5.101886582026338,36,8235.852880607657,2500.4103554613107,1.7481658486584268,1.2204450137212393,5175.289570270435,0.12406459121948178,0.02135981455463138,0.9961569274856787,0.9392521903980685,1.0,0.21852073108230335,0.9689895027038914,0.8571428571428571,0.0,0.06659340401244392,0.0,starboard_vae,starboard,False,0.1027550920844078,1.2723366022109985,2.621887445449829,1.15615975856781,vae_candidate_pool_v1,belief_limited_heuristic_v1,752
VAE000495,vae_candidate_000495,0.6267881229191871,2076.08544921875,6600.7236328125,6916.350618080897,-1.9182701512812692,-0.026105687136368835,5.085936858521,34,8112.121478762094,2395.345371055513,1.7497513238603606,-1.2494281894448926,4835.048498867488,0.15562385057418757,0.021155707752986776,0.9939575142025157,0.9488041595668625,1.0,0.21871891548254507,0.9896943874501517,0.8095238095238095,0.0,0.06815773455236802,0.0,port_vae,port,False,0.07838451862335205,2.015089511871338,1.9374785423278809,1.2725787162780762,vae_candidate_pool_v1,belief_limited_heuristic_v1,753
VAE000015,vae_candidate_000015,0.626752063473522,3476.28125,-5144.408203125,6264.952887391276,2.139291102104996,-0.0005803508097808862,4.661533863167939,39,8169.234621292379,2435.3649779773446,1.9602848408772657,1.0017212006750162,6453.568680963726,0.0003490247730044694,0.059380332161603065,0.9999999695454272,0.84239970660034,1.0,0.24503560510965822,0.9679927786642832,0.9285714285714286,0.0,0.06775560609517996,0.0,ahead_vae,ahead,False,0.10300606489181519,0.6677435636520386,2.9455008506774902,1.5303961038589478,vae_candidate_pool_v1,belief_limited_heuristic_v1,754
VAE000359,vae_candidate_000359,0.6265963899471784,-1010.7639770507812,5413.978515625,5619.665252286244,-1.388818404527942,0.04998217858325349,4.767015299668509,34,8162.208794705677,2309.4859314248974,1.8036650747358727,-1.7027920704785977,3363.64722506283,0.3793831454089176,0.14091583211058703,0.9644466314367955,0.9913012026738955,0.8008683869197214,0.22545813434198408,0.7822691225265308,0.8095238095238095,0.0,0.07001827453243946,0.0,port_vae,port,False,0.04402274265885353,1.4395389556884766,1.8891470432281494,1.9541791677474976,vae_candidate_pool_v1,belief_limited_heuristic_v1,755
VAE000664,vae_candidate_000664,0.6265037778156579,-714.9049682617188,6117.37890625,6118.389200713287,-1.4369003985822064,-0.03111288651368447,5.254630937637012,35,8304.67278237252,2231.5696773576524,1.8885786143332897,-1.7358051415212712,3565.3921317002864,0.41669947728986245,0.07326372695770376,0.957214893582285,0.9864169074686716,0.8489028885000682,0.2360723267916612,0.9880857802194051,0.8333333333333334,0.0,0.07111668252972753,0.0,port_vae,port,False,0.07771257311105728,0.6918463110923767,2.9095723628997803,1.0417535305023193,vae_candidate_pool_v1,belief_limited_heuristic_v1,756
VAE000780,vae_candidate_000780,0.6264721088328233,-432.26849365234375,-1181.4776611328125,1245.8774705677822,1.2440642299737688,-0.03456709537267478,4.718286165743429,33,8414.299973775016,2615.9006276022883,1.4992522423402017,1.8629613282433495,4928.583861037343,2.526738349428719,0.7774036100600898,0.0915712506562415,0.9576225432603382,1.0,0.18740653029252521,0.9994729436136138,0.7857142857142857,1.0,0.09065734146406083,0.09065734146406083,inside_convoy_envelope,inside,True,0.08526276051998138,2.272608518600464,1.544415831565857,1.2959496974945068,vae_candidate_pool_v1,belief_limited_heuristic_v1,757
VAE000897,vae_candidate_000897,0.6263061928789718,1103.31884765625,-6315.37255859375,6389.864737696233,1.7268792210870905,0.013573202388137638,5.121887707789367,35,8040.812877939384,2407.8824121245375,1.8077268736653325,1.4282866348908405,3525.4919492543777,0.2367661270871757,0.04932783963626616,0.9860507972536533,0.9898626678926296,0.8394028450605661,0.22596585920816656,0.988874723690535,0.8333333333333334,0.0,0.06815477081713063,0.0,starboard_vae,starboard,False,0.07803615182638168,0.84611576795578,2.6475954055786133,1.0991535186767578,vae_candidate_pool_v1,belief_limited_heuristic_v1,758
VAE000050,vae_candidate_000050,0.6262939516573717,-496.0885009765625,-5931.48388671875,6020.131219092344,1.5129917780426827,0.0329076142833559,5.134183429445792,35,8164.123287920589,2496.8078443345485,1.7170121557241158,1.6615084898304666,3226.1121749410095,0.364151782770213,0.08396276428280633,0.9672130978159793,0.9958884722752301,0.768121946414526,0.21462651946551448,0.9956856176652771,0.8333333333333334,0.0,0.06698146627649725,0.0,starboard_vae,starboard,False,0.09300466626882553,0.7452093362808228,2.969621419906616,1.9139889478683472,vae_candidate_pool_v1,belief_limited_heuristic_v1,759
VAE000777,vae_candidate_000777,0.6262831750290568,-606.4754028320312,5705.21533203125,5866.0162423213005,-1.4932873227380177,-0.00265077568936033,5.065199672388105,38,8189.775606632431,2284.360788115225,2.031172917569918,-1.6509561065411358,2932.8133119358054,0.44072790928010597,0.10321519046373485,0.9522206891328828,0.9967889248291925,0.6982888837942394,0.25389661469623975,0.9891893779786048,0.9047619047619048,0.0,0.07031785958786971,0.0,port_vae,port,False,0.0781683400273323,1.239300012588501,2.4461700916290283,1.3454254865646362,vae_candidate_pool_v1,belief_limited_heuristic_v1,760
VAE000274,vae_candidate_000274,0.6258811232818321,3888.1474609375,3347.29736328125,5135.358530624764,-2.4472007586817024,0.003081751080452476,4.971763691865453,33,8207.043571289903,2497.3164910782775,1.6101028388167373,-0.6913101438276382,7914.95674553905,0.21559163195803907,0.24307093968629667,0.9884250000363768,0.6375470788384496,1.0,0.20126285485209217,0.8901788726029531,0.7857142857142857,0.0,0.06745444787801527,0.0,ahead_vae,ahead,False,0.05750196427106857,2.1190085411071777,2.976952075958252,1.7678017616271973,vae_candidate_pool_v1,belief_limited_heuristic_v1,761
VAE000094,vae_candidate_000094,0.6258804169090163,3403.8896484375,6833.0888671875,7658.552417857223,-1.9897671281061047,-0.09699044041252461,4.738332672144162,36,8225.511803272426,2398.446656480742,1.8247757760951606,-1.248815965896213,4878.120352752727,0.1072447384445574,0.005368043461911354,0.9971273963581131,0.9486106018039265,1.0,0.22809697201189508,0.9893741444931067,0.8571428571428571,0.0,0.06789812010752837,0.0,port_vae,port,False,0.09628608077764511,2.231072425842285,2.9386825561523438,1.4780141115188599,vae_candidate_pool_v1,belief_limited_heuristic_v1,762
VAE000006,vae_candidate_000006,0.625360327114814,-657.1242065429688,-5689.17626953125,5622.295558979012,1.4573734807616978,-0.018398259342956795,5.424609779145861,33,8218.30370214325,2499.1734668276213,1.6067020661467566,1.6658209134851394,3267.6647659603696,0.534365879281461,0.1404651884873166,0.9302958785292208,0.9954885602305331,0.7780154204667546,0.20083775826834457,0.9138801272565457,0.7857142857142857,0.0,0.06712711631882098,0.0,starboard_vae,starboard,False,0.061078399419784546,2.1282057762145996,2.46354341506958,1.7828391790390015,vae_candidate_pool_v1,belief_limited_heuristic_v1,763
VAE000652,vae_candidate_000652,0.625342664793975,125.35995483398438,5747.40478515625,5691.873548306748,-1.5867140940623579,0.04180311537718779,4.708931364961039,36,8305.208818429575,2518.188327077809,1.7213284146971675,-1.5130754441502474,2993.112401168969,0.1171913478572466,0.1289314055749204,0.9965704747315509,0.9983346123114515,0.7126458098021354,0.21516605183714593,0.7748211043971959,0.8571428571428571,0.0,0.06680839099390501,0.0,port_vae,port,False,0.0431884229183197,1.1245276927947998,2.8986711502075195,1.9361462593078613,vae_candidate_pool_v1,belief_limited_heuristic_v1,764
VAE000196,vae_candidate_000196,0.6253298080599567,1122.383544921875,-6231.00830078125,6261.788391404061,1.7568190310915033,0.0015531375782453266,4.8739982041144705,39,8171.034587523693,2326.97776353521,2.0511400988753357,1.3863267600765357,3786.2705680840218,0.40085108910417566,0.05965543302096053,0.9603646153741601,0.9830336837098752,0.9014929924009576,0.25639251235941696,0.872242525550514,0.9285714285714286,0.0,0.06944326051935627,0.0,starboard_vae,starboard,False,0.055002909153699875,0.7490643858909607,2.978196620941162,1.8284014463424683,vae_candidate_pool_v1,belief_limited_heuristic_v1,765
VAE000770,vae_candidate_000770,0.625075722944959,-485.70062255859375,5778.1953125,5683.890932956335,-1.4570901172860884,-0.0250485349238328,5.880196802309678,33,8385.839297417684,2217.4101755489,1.7746853663118087,-1.7095510712275375,3355.943522222922,0.38838826834684537,0.1302171391830638,0.962760309993356,0.9903889952633494,0.7990341719578387,0.2218356707889761,0.8375238926906807,0.7857142857142857,0.0,0.07154700630785549,0.0,port_vae,port,False,0.05052059888839722,0.7994258403778076,1.4865400791168213,1.9246617555618286,vae_candidate_pool_v1,belief_limited_heuristic_v1,766
VAE000236,vae_candidate_000236,0.6250604738924118,2764.851318359375,8912.3427734375,9451.656018288493,-1.8750037945153335,0.03814902192932358,4.28904475998866,39,8312.9208486075,2357.844661465212,1.9897374399766714,-1.228439837145136,5011.721953811681,0.05044970121632696,8.272637059921788e-05,0.9993638418566448,0.9419661897970975,1.0,0.24871717999708393,0.9459905965436406,0.9285714285714286,0.0,0.06823886279913918,0.0,port_vae,port,False,0.1078292727470398,1.6231259107589722,2.5561578273773193,1.6697158813476562,vae_candidate_pool_v1,belief_limited_heuristic_v1,767
VAE000746,vae_candidate_000746,0.6248186169066839,-360.6087646484375,-6540.7470703125,6437.446002626376,1.440842055170188,0.012477931864198141,4.356136545046723,35,8296.382467886267,2424.6159308607735,1.7399482234031058,1.7132285302838028,3577.744140711531,0.30297163740902744,0.045891798883527436,0.9772270467044746,0.9898736704307024,0.851843843026555,0.21749352792538823,0.9999983138123546,0.8333333333333334,0.0,0.06781753621160647,0.0,starboard_vae,starboard,False,0.08715314418077469,1.480034351348877,1.527371883392334,1.1259846687316895,vae_candidate_pool_v1,belief_limited_heuristic_v1,768
VAE001191,vae_candidate_001191,0.6247853732858254,601.6052856445312,-6518.69677734375,6561.835989874539,1.6708142578973944,-0.04689719880596961,4.929591309916284,37,8249.393658883504,2283.8454173019045,1.9638711504032071,1.4238811968864298,3466.848000679732,0.2552673518911557,0.03784455353804402,0.9837979114097473,0.9892273696518499,0.825440000161841,0.2454838938004009,0.9999993738342096,0.8809523809523809,0.0,0.07004531310808013,0.0,starboard_vae,starboard,False,0.08719740808010101,1.3357346057891846,2.4628472328186035,1.3754637241363525,vae_candidate_pool_v1,belief_limited_heuristic_v1,769
VAE000907,vae_candidate_000907,0.6245793473133961,2671.4189453125,-6054.65576171875,6475.947295314256,1.9447090319133788,-0.04120756671538132,4.81869439096267,36,8260.438448590749,2178.2126125016007,2.0007790574011075,1.155676054961033,5324.647015309537,0.15842612301020506,0.043260333054699375,0.9937384039034958,0.9150678214837034,1.0,0.25009738217513844,0.915353819485269,0.8571428571428571,0.0,0.07200126450040932,0.0,starboard_vae,starboard,False,0.06131373345851898,1.1538639068603516,2.1001932621002197,1.8946633338928223,vae_candidate_pool_v1,belief_limited_heuristic_v1,770
VAE000786,vae_candidate_000786,0.6245713081391894,-1079.430908203125,-418.1647033691406,1042.6508173955037,0.3470785161055254,0.02844265594457953,4.693140665544523,35,8403.709719797625,2507.8208407740212,1.6607355966068764,2.8229567934288475,8766.326116990609,1.0991667063656765,0.7059017828754487,0.7271693006379976,0.3132713784824032,1.0,0.20759194957585955,0.8284999176711056,0.8333333333333334,1.0,0.10083829079151822,0.10083829079151822,inside_convoy_envelope,inside,True,0.04941468685865402,0.7400575876235962,2.954202890396118,1.8931291103363037,vae_candidate_pool_v1,belief_limited_heuristic_v1,771
VAE000057,vae_candidate_000057,0.623951836795722,981.9367065429688,-6060.38623046875,6115.253211040356,1.7412216832485188,0.027017032863635923,5.235459615065868,37,8347.527587427821,2518.145846609192,1.7602039084061438,1.4273880032049109,3685.302055350924,0.33516332155538536,0.07358729594917249,0.9721783009725639,0.9897346375434959,0.8774528703216486,0.22002548855076798,0.8314492904160432,0.8809523809523809,0.0,0.06660003569112999,0.0,starboard_vae,starboard,False,0.049773864448070526,1.845481514930725,2.5823962688446045,1.7025343179702759,vae_candidate_pool_v1,belief_limited_heuristic_v1,772
VAE001219,vae_candidate_001219,0.6238415965868721,310.15386962890625,-5544.384765625,5616.460760021518,1.612780182412558,0.019322173983527813,4.846304325816866,37,8339.000672847997,2474.859431984195,1.7928220230662688,1.5481346451607634,2663.1835789052075,0.3881698735029453,0.14146630351920209,0.9628016517168178,0.9997432350815463,0.6340913283107636,0.2241027528832836,0.8854313312332799,0.8809523809523809,0.0,0.06743692649940199,0.0,starboard_vae,starboard,False,0.05682555213570595,0.863810658454895,2.9955155849456787,1.1173913478851318,vae_candidate_pool_v1,belief_limited_heuristic_v1,773
VAE000599,vae_candidate_000599,0.6234148491547212,-2162.4248046875,5231.05908203125,5644.060113933548,-1.1856885881457937,-0.04125767406649802,4.993105593922642,37,8257.331892348115,2363.834355494718,1.895592330671571,-1.9971617395104975,5567.149860026632,0.6013011139937996,0.13677746672100005,0.9123001261445416,0.9104748958424123,1.0,0.23694904133394637,0.7886831252939638,0.8809523809523809,0.0,0.06909886957832936,0.0,port_vae,port,False,0.044747840613126755,0.8695237040519714,2.4556374549865723,1.4862086772918701,vae_candidate_pool_v1,belief_limited_heuristic_v1,774
VAE000225,vae_candidate_000225,0.6230183756390757,179.2165069580078,-5995.49462890625,5922.591333397188,1.6533157029840972,-0.04846559502291814,4.800060769477002,37,8254.881739492199,2648.0914895075402,1.6926138203882026,1.4398113555827783,3703.5834229404772,0.5345731322680749,0.09578200288381815,0.9302430927894552,0.9914337268459322,0.8818055768905898,0.21157672754852533,0.8537446597261356,0.8809523809523809,0.0,0.06505931077420665,0.0,starboard_vae,starboard,False,0.05256521701812744,1.2609977722167969,1.4752395153045654,1.0607424974441528,vae_candidate_pool_v1,belief_limited_heuristic_v1,775
VAE000060,vae_candidate_000060,0.6228970122426196,1615.564453125,6357.99951171875,6726.9646220552995,-1.834882935580606,0.005691483277355345,5.281131412186734,33,8406.740487005878,2460.1527777252277,1.5956007094655278,-1.3010182347318318,4611.713181954756,0.24573130088546624,0.02903514825736042,0.984979841959083,0.9638300624586872,1.0,0.19945008868319097,0.9320638261093368,0.7857142857142857,0.0,0.0671726632274758,0.0,port_vae,port,False,0.0641196221113205,1.0592498779296875,2.106199264526367,1.6795601844787598,vae_candidate_pool_v1,belief_limited_heuristic_v1,776
VAE001172,vae_candidate_001172,0.6226910954173172,-664.8689575195312,-6384.8837890625,6572.079972564661,1.427729019772593,0.015235598873401139,5.161245072131441,35,8221.423798440803,2344.419817609914,1.815873641666115,1.7290992326906018,3611.15205147069,0.29476758067373504,0.03723870236064841,0.9784348450189326,0.9874962395646654,0.8597981074930214,0.22698420520826437,0.9946658379213648,0.8333333333333334,0.0,0.06903668580376418,0.0,starboard_vae,starboard,False,0.0936485230922699,1.749884843826294,2.4844326972961426,1.0963490009307861,vae_candidate_pool_v1,belief_limited_heuristic_v1,777
VAE001016,vae_candidate_001016,0.6226333502532444,1143.182373046875,-6145.51953125,6279.187575520232,1.7574479064357418,0.022530077664690167,5.44185836781096,37,8220.017719737927,2492.7247327883815,1.8057376262276066,1.4066748248187422,3802.2615295179144,0.3505970839410153,0.058155741414472384,0.9695839033188929,0.986562270037487,0.905300364170932,0.22571720327845082,0.8493514414573738,0.8809523809523809,0.0,0.0669162645290658,0.0,starboard_vae,starboard,False,0.052003659307956696,2.0196762084960938,1.5332071781158447,1.0837819576263428,vae_candidate_pool_v1,belief_limited_heuristic_v1,778
VAE000235,vae_candidate_000235,0.6224678539517379,746.6502685546875,6085.5791015625,6130.690039378713,-1.631045354528017,0.04572723223741741,4.660855876677278,37,8365.34544671072,2425.5832133815784,1.8234827776274913,-1.4648200668243587,3296.8446606687735,0.016923647062554226,0.07200562801081506,0.9999283992514798,0.994389769803994,0.7849630144449461,0.22793534720343642,0.8394949727365321,0.8809523809523809,0.0,0.06790228986244988,0.0,port_vae,port,False,0.1237679272890091,1.2370747327804565,2.302349805831909,1.8312301635742188,vae_candidate_pool_v1,belief_limited_heuristic_v1,779
VAE000477,vae_candidate_000477,0.6223244788502231,-1090.295166015625,5797.48193359375,5933.035376640753,-1.4328271986349717,0.022803680652800317,5.129076203471102,33,8146.324562986609,2355.9543569024722,1.7194333989320538,-1.6859617743020212,3276.4506514926984,0.45585533937002665,0.09445701725715468,0.9489424051097237,0.99337578616472,0.780107297974452,0.21492917486650673,0.991027989590079,0.7857142857142857,0.0,0.0691147730112224,0.0,port_vae,port,False,0.07898189127445221,1.9832299947738647,2.443932294845581,1.389344573020935,vae_candidate_pool_v1,belief_limited_heuristic_v1,780
VAE000653,vae_candidate_000653,0.6220856763343514,3307.435302734375,6867.58837890625,7569.383447970139,-1.9591857334492926,-0.009354322031306537,4.631641793901084,35,8163.323524579448,2487.105272621028,1.7238793508223806,-1.1917612421718071,5331.203159867606,0.05023729642550644,0.006399617493029466,0.9993691861986247,0.9290221100635223,1.0,0.21548491885279758,0.9957938713099975,0.8333333333333334,0.0,0.06663118315378187,0.0,port_vae,port,False,0.0816008597612381,1.2972822189331055,1.4899497032165527,1.364205002784729,vae_candidate_pool_v1,belief_limited_heuristic_v1,781
VAE000170,vae_candidate_000170,0.6218280396551713,2326.6884765625,-7393.5126953125,7664.255206218846,1.9027290892090636,-0.0255517445944864,5.343433100559012,35,8346.030473382378,2549.5388823667063,1.6448505280746935,1.2133118197862427,5308.7906771185435,0.14098172163863398,0.005307492887959059,0.9950392632828124,0.9367800050702891,1.0,0.20560631600933668,0.996818494442204,0.8333333333333334,0.0,0.06571034472697163,0.0,starboard_vae,starboard,False,0.0921926349401474,2.1616454124450684,2.9602010250091553,1.1931650638580322,vae_candidate_pool_v1,belief_limited_heuristic_v1,782
VAE000271,vae_candidate_000271,0.6217215124001091,2722.135986328125,8192.5,8555.614736024487,-1.8579317743206212,-0.0454996583728902,4.765172332367363,34,8121.196418998114,2360.9946398008265,1.773225228159947,-1.329160537642062,4235.733587945155,0.030671769036218374,0.0007748260690840671,0.9997648290834797,0.9709478440917512,1.0,0.22165315351999337,0.9338383132256789,0.8095238095238095,0.0,0.06835452176517373,0.0,port_vae,port,False,0.11009827256202698,0.6682950854301453,1.515974521636963,1.0973024368286133,vae_candidate_pool_v1,belief_limited_heuristic_v1,783
VAE000884,vae_candidate_000884,0.621639646610992,4234.6787109375,-2583.251708984375,4982.789391543457,2.5687219871489226,-0.07973098004090727,5.318551080249448,35,8028.894600058816,2436.2657888979074,1.7893183712390133,0.4931396863999631,8225.572140184564,0.16820499379914144,0.28336456615572275,0.9929434311561042,0.4733938124700374,1.0,0.22366479640487666,0.9969565142355392,0.8333333333333334,0.0,0.06847644717613612,0.0,ahead_vae,ahead,False,0.09208443015813828,1.0159461498260498,1.509748935699463,1.876293420791626,vae_candidate_pool_v1,belief_limited_heuristic_v1,784
VAE001128,vae_candidate_001128,0.6216119135374039,4374.26318359375,-2132.976318359375,4946.121045523108,2.713574733498342,0.05670741717441474,5.26058383489407,35,8384.502033574965,2656.94493685714,1.571115871352194,0.48472533726586536,8656.67655578649,0.15211276435583176,0.2936198843089121,0.9942265718935648,0.4659653546260953,1.0,0.19638948391902425,0.9819762027502066,0.8333333333333334,0.0,0.06552634172410644,0.0,ahead_vae,ahead,False,0.07549738883972168,1.502543568611145,1.9336633682250977,1.1471952199935913,vae_candidate_pool_v1,belief_limited_heuristic_v1,785
VAE000739,vae_candidate_000739,0.6214939851492111,-4136.07177734375,-2579.762451171875,4888.604422963095,0.5662438657279331,0.047727905947098706,4.72949182212546,37,8336.11163401921,2436.038457735965,1.8220238685699142,2.6230766938089594,8447.657028902322,0.3299041327134007,0.3101410262894058,0.9730367021534473,0.4955917125926745,1.0,0.22775298357123927,0.8711361504923973,0.8809523809523809,0.0,0.06847102702319148,0.0,astern_vae,astern,False,0.05485346168279648,2.0110597610473633,2.9569218158721924,1.4039745330810547,vae_candidate_pool_v1,belief_limited_heuristic_v1,786
VAE000245,vae_candidate_000245,0.6214773674077602,-1214.949462890625,-7266.3564453125,7425.1010102312985,1.3931307457899131,-0.0011252198697413501,5.944395550985579,37,8347.856824739289,2587.1726083475132,1.7131734203396014,1.7473366879301395,4013.0510462268376,0.37076767508760317,0.008451030017051704,0.9660247338764885,0.9844571813662938,0.9554883443397232,0.21414667754245018,0.976920722342603,0.8809523809523809,0.0,0.06527585448747601,0.0,starboard_vae,starboard,False,0.10060133039951324,1.2213407754898071,2.367155075073242,1.2666699886322021,vae_candidate_pool_v1,belief_limited_heuristic_v1,787
VAE000206,vae_candidate_000206,0.6213997155170351,4108.27685546875,-7018.837890625,8095.250468855787,2.0528446681396897,0.07755435528727973,5.12889546349891,38,8204.807996275938,2521.270938557917,1.836942897670436,1.1663023407373834,5546.840536490388,0.07371256606396592,0.0021732187458763244,0.9986422293601552,0.9193016584754827,1.0,0.2296178622088045,0.9675317197859992,0.9047619047619048,0.0,0.06604161958383853,0.0,ahead_vae,ahead,False,0.10312090069055557,0.8124805092811584,2.6069111824035645,1.8644309043884277,vae_candidate_pool_v1,belief_limited_heuristic_v1,788
VAE000337,vae_candidate_000337,0.6211776560218292,104.239013671875,5646.439453125,5517.798608498115,-1.5765334829980935,-0.00612418671122718,4.885651900687613,36,8192.03174552003,2397.740252444498,1.832773260557219,-1.5711833573029268,2400.910638991724,0.3739346606760494,0.1592061432017968,0.965448649164124,0.9999999251036938,0.5716453902361248,0.22909665756965236,0.8710004016382477,0.8571428571428571,0.0,0.06865808370987225,0.0,port_vae,port,False,0.054835159331560135,0.7154428362846375,1.9555861949920654,1.4040167331695557,vae_candidate_pool_v1,belief_limited_heuristic_v1,789
VAE000710,vae_candidate_000710,0.6211643274833661,504.27618408203125,5816.23388671875,5768.68541992949,-1.6736319275718545,0.005577639075199468,4.655411360582015,34,8170.887032964863,2285.3007971151246,1.8208171687024506,-1.4623830869427392,3155.981977651658,0.25270223243547707,0.11704609806153775,0.9841201709973365,0.9941290384215371,0.7514242803932518,0.22760214608780632,0.7998841211062765,0.8095238095238095,0.0,0.07035162377284825,0.0,port_vae,port,False,0.046030089259147644,1.5765211582183838,1.5298012495040894,1.9102373123168945,vae_candidate_pool_v1,belief_limited_heuristic_v1,790
VAE001053,vae_candidate_001053,0.6211603219521908,-147.7725830078125,-5829.79248046875,5856.427279649871,1.5567840532340387,-0.03512815178749623,5.433728811718009,34,8332.116644600836,2562.068850227888,1.5926955973199586,1.5496804485682578,2737.4245694551437,0.3330322506904446,0.10451849712101349,0.9725277080633843,0.9997770681269547,0.6517677546321771,0.19908694966499482,0.9999729192688043,0.8095238095238095,0.0,0.06613895811325537,0.0,starboard_vae,starboard,False,0.0868123322725296,1.4338648319244385,1.9525809288024902,1.0902225971221924,vae_candidate_pool_v1,belief_limited_heuristic_v1,791
VAE001094,vae_candidate_001094,0.6210753271359961,4358.77978515625,-2007.3968505859375,4807.217392949856,2.7657858431884437,-0.006766710823197906,5.083045467854544,37,8257.836423125207,2452.3899651799925,1.8270310066658342,0.3690400995781522,8586.496485740601,0.06099303660909694,0.33440394817420493,0.9990702506588794,0.3607203240922376,1.0,0.22837887583322927,0.9990779548136127,0.8809523809523809,0.0,0.06832215014866608,0.0,ahead_vae,ahead,False,0.08991693705320358,1.9270691871643066,2.4961302280426025,1.2697234153747559,vae_candidate_pool_v1,belief_limited_heuristic_v1,792
VAE000733,vae_candidate_000733,0.6205723033936418,-2193.133544921875,-5782.59521484375,6221.928439975167,1.1960410797799794,0.06137513858739291,5.08123602734637,36,8246.08535144945,2282.3058712104694,1.91284961387932,2.0069267123972074,5552.10339289613,0.464875356914103,0.06321121538014352,0.946938725732587,0.9063931067640782,1.0,0.239106201734915,0.9520675070364689,0.8571428571428571,0.0,0.07019169187217288,0.0,starboard_vae,starboard,False,0.06792569905519485,2.1560964584350586,2.599848747253418,1.503801941871643,vae_candidate_pool_v1,belief_limited_heuristic_v1,793
VAE000005,vae_candidate_000005,0.6202753701527497,-1498.49267578125,-6191.6396484375,6410.485271259006,1.33574296468843,0.004521947931863723,5.268592910756099,35,8243.74333227314,2566.723569647541,1.6541103689633734,1.8103716368332272,4449.573536615788,0.17848560493084942,0.04781326369135603,0.9920568430090487,0.9714388371722844,1.0,0.20676379612042167,0.7486573763617098,0.8333333333333334,0.0,0.065868469919637,0.0,starboard_vae,starboard,False,0.0403146855533123,1.8672195672988892,2.9759817123413086,1.4631916284561157,vae_candidate_pool_v1,belief_limited_heuristic_v1,794
VAE000610,vae_candidate_000610,0.6201791971921639,2974.7568359375,-5883.486328125,6646.9340771439865,2.0520094817580827,0.009815291917263262,4.881889456842013,35,8398.356226314832,2547.9928642176046,1.6355941371386509,1.0993984637489744,6084.057777420918,0.11861167198545175,0.03305651245677253,0.9964869394074342,0.8909343443276859,1.0,0.20444926714233136,0.9731940338487081,0.8333333333333334,0.0,0.06598983444617681,0.0,ahead_vae,ahead,False,0.07288157194852829,2.185351848602295,2.9144139289855957,1.5838085412979126,vae_candidate_pool_v1,belief_limited_heuristic_v1,795
VAE000828,vae_candidate_000828,0.6196694400525433,130.76852416992188,5547.880859375,5514.840266586789,-1.6171753097549442,-0.0348271146502112,5.126139214172797,37,8357.601008403972,2512.619760882018,1.7619489409048343,-1.5592444584850602,2608.99587262088,0.49706273823337654,0.15976202386355423,0.9394934862489985,0.9999332779112622,0.6211894934811619,0.2202436176131043,0.8516132496161688,0.8809523809523809,0.0,0.06696650122358817,0.0,port_vae,port,False,0.05229200795292854,2.0839550495147705,2.965463161468506,1.2668445110321045,vae_candidate_pool_v1,belief_limited_heuristic_v1,796
VAE000143,vae_candidate_000143,0.6192604314389646,997.3692016601562,-5557.09423828125,5681.715633307018,1.7354348474093182,0.10326842851466497,5.342595831647346,34,8146.977736371136,2354.1819361673424,1.772729061971214,1.5094262346951395,2849.4170514067155,0.3585634314695312,0.13056917983569313,0.9682009619314402,0.9981174468622562,0.6784326312873132,0.22159113274640174,0.8558881205275206,0.8095238095238095,0.0,0.06926164671390493,0.0,starboard_vae,starboard,False,0.052841462194919586,1.1434227228164673,1.975457787513733,1.2921535968780518,vae_candidate_pool_v1,belief_limited_heuristic_v1,797
VAE001142,vae_candidate_001142,0.6191408673597472,-844.8389282226562,-6083.82373046875,6038.959865119668,1.4375544439558308,0.016976781953747376,4.726707949652559,38,8412.581500219901,2374.0508260219776,1.9026736313192105,1.7210149915877102,3606.2944796759093,0.49194439701386555,0.08182118580670666,0.9407080538533303,0.9887383774393327,0.8586415427799784,0.23783420391490132,0.8393906512871538,0.9047619047619048,0.0,0.06871492896929295,0.0,starboard_vae,starboard,False,0.05075203627347946,0.6608843207359314,1.9086055755615234,1.2846544981002808,vae_candidate_pool_v1,belief_limited_heuristic_v1,798
VAE000282,vae_candidate_000282,0.6191197234696899,4396.41455078125,-1033.29052734375,4415.676139046264,2.896571780064319,-0.015295678474860831,4.929049836771398,34,8215.374596740841,2543.771194943817,1.626947358411774,0.22972519505061342,8578.79055600737,0.036401383055798764,0.46391982413307853,0.9996687714051621,0.22770994658598132,1.0,0.20336841980147174,0.8492117450172982,0.8095238095238095,0.0,0.06746696787607605,0.0,ahead_vae,ahead,False,0.12254702299833298,1.7955297231674194,2.947293758392334,1.222974419593811,vae_candidate_pool_v1,belief_limited_heuristic_v1,799
VAE001000,vae_candidate_001000,0.6190609948496684,2613.64013671875,-7148.4794921875,7716.488302213523,1.9234644203218882,0.058173111260014204,5.18050736954704,33,8132.021494676888,2525.2004807664575,1.6070136239277455,1.2763013445279194,4776.860693555391,0.199922346231294,0.0047809823658478846,0.9900410011542675,0.9569488490819824,1.0,0.2008767029909682,0.9693498102654001,0.7857142857142857,0.0,0.0660828608233746,0.0,starboard_vae,starboard,False,0.07186949998140335,1.5339927673339844,2.1016366481781006,1.5060088634490967,vae_candidate_pool_v1,belief_limited_heuristic_v1,800
VAE000642,vae_candidate_000642,0.6187227819120715,709.0986328125,5881.1171875,5906.213533330047,-1.661425332035197,-0.0026769718503894947,5.5358373636104306,34,8218.908255837918,2484.0284482023994,1.6653603448960337,-1.4828442934049855,3196.3650509718805,0.30923218928698915,0.09788917122037283,0.9762837582178495,0.9961347125556155,0.7610392978504478,0.2081700431120042,0.8513758349046393,0.8095238095238095,0.0,0.06719545645080502,0.0,port_vae,port,False,0.05226166546344757,0.7838727235794067,2.957824945449829,1.5268460512161255,vae_candidate_pool_v1,belief_limited_heuristic_v1,801
VAE001017,vae_candidate_001017,0.6185635427723919,848.317138671875,-328.3370361328125,985.0163518581444,2.8389279299282943,-0.024758332477285046,5.687406966320012,35,8260.0236110916,2484.667100712479,1.7053697141904465,0.27790639118421395,8624.753252926428,1.0173311377546561,0.6848991410981659,0.7628191217797663,0.274342970235369,1.0,0.2131712142738058,0.8401708815064007,0.8333333333333334,1.0,0.10452406516130475,0.10452406516130475,inside_convoy_envelope,inside,True,0.05084905028343201,1.450500249862671,2.473109722137451,1.399034857749939,vae_candidate_pool_v1,belief_limited_heuristic_v1,802
VAE000594,vae_candidate_000594,0.6180131172460402,-518.3878784179688,-6928.2138671875,6780.2026791132175,1.4669842746357709,0.01313603998290274,5.104530784588467,38,8359.654094898087,2519.055652904729,1.8045026602208762,1.6877444189369248,3477.267497594402,0.3770859291988628,0.026599143102537085,0.9648707897688966,0.993169362336326,0.8279208327605719,0.22556283252760953,0.98868602008495,0.9047619047619048,0.0,0.06634445385050244,0.0,starboard_vae,starboard,False,0.07795775681734085,2.3344929218292236,2.107901096343994,1.1002650260925293,vae_candidate_pool_v1,belief_limited_heuristic_v1,803
VAE000093,vae_candidate_000093,0.6170613538250846,124.58624267578125,5599.05078125,5638.166155230511,-1.5837605078500478,-0.0566299870082414,5.0051052437836425,34,8208.292218397497,2408.042365037083,1.720132829709969,-1.6144621327479867,2764.0548249291096,0.3956147059281421,0.13776889066991052,0.9613799230599309,0.9990468001653914,0.658108291649788,0.21501660371374612,0.8473056822680739,0.8095238095238095,0.0,0.06843301549319919,0.0,port_vae,port,False,0.051744215190410614,1.6446058750152588,1.480269432067871,1.340303897857666,vae_candidate_pool_v1,belief_limited_heuristic_v1,804
VAE000230,vae_candidate_000230,0.616794848114257,589.841552734375,335.0999755859375,554.547241272614,-2.6209275723245207,0.04370531508131513,5.516556066203658,37,8312.83017527256,2302.9916627479442,1.9326822143066857,-0.4769597661839573,8442.33285881365,0.25093704993585453,0.5252931223102998,0.9843400832487907,0.45908037362100595,1.0,0.24158527678833572,0.7649975969125429,0.8809523809523809,1.0,0.15975367426589998,0.15975367426589998,inside_convoy_envelope,inside,True,0.04209963232278824,2.301802635192871,2.9888689517974854,1.8174675703048706,vae_candidate_pool_v1,belief_limited_heuristic_v1,805
VAE000582,vae_candidate_000582,0.616575654394131,3625.977783203125,4944.884765625,6217.547387222234,-2.1823350763374454,0.018844864007218985,5.4885897103874175,35,8180.098416812823,2415.31297074847,1.7714793816453376,-0.9404127132451288,6772.890642402215,0.0333806123760616,0.06361240999135973,0.9997214595447874,0.8078014449513706,1.0,0.2214349227056672,0.9851448919956711,0.8333333333333334,0.0,0.0680690902885415,0.0,ahead_vae,ahead,False,0.07659047096967697,1.8323705196380615,1.5210294723510742,1.6651995182037354,vae_candidate_pool_v1,belief_limited_heuristic_v1,806
VAE000457,vae_candidate_000457,0.6164515196008242,2168.48779296875,7993.1162109375,8170.084950468342,-1.8180977210336766,0.020510511561624357,5.005917673859173,38,8233.600093551744,2397.252880422787,1.9252182860373002,-1.302984420994492,4490.587688182186,0.1585107908140133,0.001847837589897572,0.9937317233581129,0.964352222260509,1.0,0.24065228575466252,0.8183786237107378,0.9047619047619048,0.0,0.06781682979075536,0.0,port_vae,port,False,0.04819776490330696,2.246046543121338,1.943434238433838,1.4016249179840088,vae_candidate_pool_v1,belief_limited_heuristic_v1,807
VAE001092,vae_candidate_001092,0.6163113170292276,811.606201171875,6072.20263671875,6262.774617348616,-1.7388219576309998,-0.013686759601377399,5.180906276787292,35,8189.553496720752,2450.6453986977995,1.7439231607445327,-1.4164574555601708,3680.4698744296275,0.3653563308119776,0.059569584662336555,0.9669982549159065,0.988113379965645,0.8763023510546732,0.21799039509306659,0.844737107401273,0.8333333333333334,0.0,0.0675278456110213,0.0,port_vae,port,False,0.05142024904489517,1.385270357131958,1.5015628337860107,1.7560601234436035,vae_candidate_pool_v1,belief_limited_heuristic_v1,808
VAE000873,vae_candidate_000873,0.6162374473491337,614.2551879882812,-6066.51318359375,6105.337875679749,1.6719931822595004,-0.01623987778170556,5.129867912714988,34,8126.392837096557,2397.5359296965344,1.7450825672438899,1.4533595935485872,3333.1671844700954,0.10698221871754086,0.07461795932245142,0.9971414291888827,0.9931122282971998,0.7936112343976418,0.21813532090548624,0.807629676291256,0.8095238095238095,0.0,0.06839784294019634,0.0,starboard_vae,starboard,False,0.046929750591516495,0.8313500881195068,1.5203001499176025,1.2253555059432983,vae_candidate_pool_v1,belief_limited_heuristic_v1,809
VAE000445,vae_candidate_000445,0.616098754297001,2462.274658203125,7317.0859375,7941.084764272602,-1.911174742175452,-0.0233680908637478,5.053634390379079,34,8260.046215049288,2583.352060590393,1.5933560867574126,-1.253786002278089,5029.5093466298495,0.016526803374526056,0.003015206303339798,0.9999317177467669,0.95017162640994,1.0,0.19916951084467657,0.9074292738328673,0.8095238095238095,0.0,0.06523631642560367,0.0,port_vae,port,False,0.11446500569581985,1.3852163553237915,1.5258909463882446,1.7045297622680664,vae_candidate_pool_v1,belief_limited_heuristic_v1,810
VAE000767,vae_candidate_000767,0.6156272424191214,4362.5732421875,8431.994140625,9500.021705341871,-2.022766225235675,-0.03837049040480013,5.034178103689962,36,8121.772329600663,2459.65796811897,1.8020920463363586,-1.1571969187589184,5516.463820473118,0.10984660062290219,7.268621319709727e-05,0.9969864630925122,0.9156801273140681,1.0,0.22526150579204482,0.9529479758547951,0.8571428571428571,0.0,0.06672863952726447,0.0,port_vae,port,False,0.10642437636852264,1.2674217224121094,2.9306366443634033,1.5723406076431274,vae_candidate_pool_v1,belief_limited_heuristic_v1,811
VAE000232,vae_candidate_000232,0.6155797503011271,465.0631408691406,6221.71728515625,6315.426742065907,-1.6095049195130284,0.11158617533060786,5.332391593310444,35,8253.674128721645,2434.540866330239,1.7418215413831124,-1.420501558746157,3642.915446162212,0.34862923408368585,0.05513184903147325,0.9699209313936353,0.9887269853936931,0.8673608205148123,0.21772769267288905,0.8543593797692031,0.8333333333333334,0.0,0.06772606542982408,0.0,port_vae,port,False,0.052644286304712296,2.0255661010742188,1.4932773113250732,1.4623584747314453,vae_candidate_pool_v1,belief_limited_heuristic_v1,812
VAE001214,vae_candidate_001214,0.6154495505163098,3682.929931640625,8531.103515625,9177.343066962685,-1.9794995397287112,0.011399107637144554,5.364890979279824,34,8326.94860025362,2464.4021299926494,1.6568433830151312,-1.1506940062239375,5646.293781521557,0.02684484245576435,0.0001694641115002124,0.999819849427497,0.9130472132502175,1.0,0.2071054228768914,0.9930603697240313,0.8095238095238095,0.0,0.066642716057926,0.0,port_vae,port,False,0.09454880654811859,0.7633336186408997,1.826225757598877,1.2343807220458984,vae_candidate_pool_v1,belief_limited_heuristic_v1,813
VAE000047,vae_candidate_000047,0.6153752429527427,-848.8416137695312,-6145.33984375,6241.272535130321,1.3660387576102015,-0.041084758890503524,5.443569559236216,35,8405.949775875633,2534.538066196838,1.642791455142126,1.7344691370890877,3870.356045727003,0.3535261693899474,0.06146448304559615,0.9690788797936005,0.9866354805306417,0.9215133442207151,0.20534893189276576,0.7722476909852327,0.8333333333333334,0.0,0.0663133177341887,0.0,starboard_vae,starboard,False,0.042901962995529175,2.3396904468536377,1.9457769393920898,1.7472341060638428,vae_candidate_pool_v1,belief_limited_heuristic_v1,814
VAE000380,vae_candidate_000380,0.6151834804728058,-2847.46875,4612.4375,5366.980348468047,-1.0314880053789006,-0.04475864223949549,4.645842877866747,36,8242.917036427842,2355.050835441052,1.8544762932408119,-2.1548632904503884,6509.966548950293,0.6816902220261258,0.1893651805051979,0.8882544043668306,0.8342269450085668,1.0,0.23180953665510148,0.752957000429759,0.8571428571428571,0.0,0.06939528938775878,0.0,astern_vae,astern,False,0.04078143090009689,2.025540828704834,2.9375956058502197,1.1038074493408203,vae_candidate_pool_v1,belief_limited_heuristic_v1,815
VAE000364,vae_candidate_000364,0.6147544202962854,842.96337890625,-6320.794921875,6445.568797707543,1.6833567323757095,0.03625771148466696,4.208595393536046,37,7996.603763858573,2365.317000479708,1.9561708988592017,1.4944936326987508,2968.005295069047,0.093775412663889,0.04532573434120856,0.9978031535938219,0.9970903615319952,0.7066679273973921,0.2445213623574002,0.9307364867990593,0.8809523809523809,0.0,0.06880613725901294,0.0,starboard_vae,starboard,False,0.1106465607881546,1.4839954376220703,2.958686351776123,1.2819695472717285,vae_candidate_pool_v1,belief_limited_heuristic_v1,816
VAE001011,vae_candidate_001011,0.6146594453512085,590.36572265625,6438.31494140625,6573.150779924967,-1.6815209684429941,0.011958754076250876,5.07926449223832,35,8224.555436078519,2192.2989953879737,1.9411353887873812,-1.448112931070548,3182.3084355149945,0.27048835612699995,0.03717584997017217,0.9818202607570085,0.9924838266011415,0.7576924846464272,0.24264192359842265,0.9987482252824383,0.8333333333333334,0.0,0.07170848233007011,0.0,port_vae,port,False,0.08417797088623047,1.437201976776123,2.9462852478027344,1.9236788749694824,vae_candidate_pool_v1,belief_limited_heuristic_v1,817
VAE000825,vae_candidate_000825,0.6143189899448569,-682.8540649414062,-697.0711669921875,862.2981532051275,0.7909725548000629,0.028264460632497625,4.865240734111082,37,8324.580088326096,2508.8519074389333,1.7715946563619458,2.3788845594222283,7751.722668693612,1.564090191332415,0.6395563644341793,0.5033530425987957,0.6908818406888527,1.0,0.22144933204524322,0.8401424428261041,0.8809523809523809,1.0,0.11353121235710811,0.11353121235710811,inside_convoy_envelope,inside,True,0.05084551125764847,1.4833508729934692,2.441213846206665,1.7749478816986084,vae_candidate_pool_v1,belief_limited_heuristic_v1,818
VAE000878,vae_candidate_000878,0.6142420768958534,-4391.96484375,2675.04736328125,5174.474488563158,-0.524890579531896,0.043317964161996805,4.401106133686296,36,8090.302401049555,2693.300718863784,1.6521630256129032,-2.5733841098959003,8268.370603619172,0.19377941389828623,0.23336689220269524,0.9906417237165788,0.5381229548050568,1.0,0.2065203782016129,0.9382195074354052,0.8571428571428571,0.0,0.06501504642266401,0.0,astern_vae,astern,False,0.06522907316684723,1.8426001071929932,2.8716001510620117,1.8634527921676636,vae_candidate_pool_v1,belief_limited_heuristic_v1,819
VAE000942,vae_candidate_000942,0.6139205804524185,1276.814453125,6527.57763671875,6652.8140979066675,-1.7527342072054513,0.005204650721439756,4.571006457268781,34,8228.22175619695,2348.8876996533004,1.7591816071536897,-1.383653795662902,3838.7536298690275,0.03142198344648194,0.03274567285969918,0.9997531850476192,0.9825398837031422,0.9139889594926256,0.2198977008942112,0.8019862887883694,0.8095238095238095,0.0,0.06893683849886521,0.0,port_vae,port,False,0.12825976312160492,2.378865957260132,1.909614086151123,1.3346093893051147,vae_candidate_pool_v1,belief_limited_heuristic_v1,820
VAE000837,vae_candidate_000837,0.613728971994319,2294.28369140625,7688.65673828125,8041.231975920377,-1.8370493860692414,0.015910702920642936,4.842584852178877,38,8310.536132761763,2530.2791291648664,1.8071163752073456,-1.2886325645999088,4744.159735393965,0.1167096881690115,0.002439934315412986,0.9965985757456899,0.960455221106723,1.0,0.2258895469009182,0.7868302087782072,0.9047619047619048,0.0,0.0659011042911335,0.0,port_vae,port,False,0.04453771561384201,1.3168981075286865,1.9342387914657593,1.8249140977859497,vae_candidate_pool_v1,belief_limited_heuristic_v1,821
VAE000870,vae_candidate_000870,0.6137227146567886,3600.734375,7384.35302734375,8227.776285686212,-2.0403321288364205,-0.03538762532587525,4.8224224566529115,33,8356.305182957563,2315.997113101672,1.7051462473308672,-1.1366481500792478,5616.116461691301,0.014595366367578855,0.0016282940803831183,0.9999467447655492,0.9072286804343274,1.0,0.2131432809163584,0.9989872018213243,0.7857142857142857,0.0,0.06908249967086383,0.0,port_vae,port,False,0.08448854833841324,1.7576589584350586,1.4994001388549805,1.7821274995803833,vae_candidate_pool_v1,belief_limited_heuristic_v1,822
VAE000617,vae_candidate_000617,0.6136783590014799,-593.5580444335938,6250.49560546875,6321.442106889891,-1.4355490474654797,0.08846854995344854,5.294935137756159,37,8287.41271170704,2454.2006739676385,1.8191674884927944,-1.6175750561708648,2839.0492256607167,0.3294627972518329,0.054642726380784996,0.9731081419088664,0.9989060747425977,0.6759641013477897,0.2273959360615993,0.9996824364672222,0.8809523809523809,0.0,0.06742813156753924,0.0,port_vae,port,False,0.08882170170545578,2.336841106414795,2.940364360809326,1.5744807720184326,vae_candidate_pool_v1,belief_limited_heuristic_v1,823
VAE000660,vae_candidate_000660,0.6136718225932781,3759.801513671875,-3874.737060546875,5549.664413409095,2.365913185044502,0.046502863481233433,5.049072212018551,35,8048.854419786599,2332.8416169678753,1.8640120590550373,0.8221823320265255,7187.359905223646,0.28808713487388005,0.15330754960019768,0.9793945550431178,0.7326329206679254,1.0,0.23300150738187966,0.8396171715717634,0.8333333333333334,0.0,0.06970059178998628,0.0,ahead_vae,ahead,False,0.05078018456697464,1.5819189548492432,1.8812636137008667,1.7650861740112305,vae_candidate_pool_v1,belief_limited_heuristic_v1,824
VAE000300,vae_candidate_000300,0.6136111313962298,-344.44183349609375,-917.989990234375,1044.7607902270681,1.226391407404035,0.039459261460078617,5.040760754774397,36,8204.25874133496,2570.2226201205153,1.707231482715334,1.9546605076458363,5455.719055489901,2.241614080312179,0.7066659429295478,0.1891866238718995,0.9272244020162107,1.0,0.21340393533941676,0.8957087604963708,0.8571428571428571,1.0,0.10020850392202849,0.10020850392202849,inside_convoy_envelope,inside,True,0.0583050437271595,0.9395323395729065,1.952144742012024,1.6035906076431274,vae_candidate_pool_v1,belief_limited_heuristic_v1,825
VAE000504,vae_candidate_000504,0.6134724331696615,-755.6006469726562,-498.80767822265625,894.2516817501715,0.593059073052701,0.06415699281312322,4.789171261412557,35,8202.198628254453,2442.6232193515075,1.7469532419988367,2.6126905733502155,8313.976065527762,1.3429635449213833,0.651422415782301,0.6129334211702441,0.5045857437710711,1.0,0.2183691552498546,0.8895062905479841,0.8333333333333334,1.0,0.11142393900382218,0.11142393900382218,inside_convoy_envelope,inside,True,0.05740542709827423,0.9794546365737915,2.962188243865967,1.5208661556243896,vae_candidate_pool_v1,belief_limited_heuristic_v1,826
VAE000295,vae_candidate_000295,0.6134273490454346,4124.974609375,7798.3779296875,8877.56381660705,-2.027788426921223,0.01840298986979118,5.1966069949764835,37,8341.051733496763,2327.9368897909317,1.9055033069091853,-1.0954012367987789,5887.410520213429,0.14560561396691352,0.00035916579028785176,0.9947091088922577,0.8891119623749845,1.0,0.23818791336364817,0.9738139551768918,0.8809523809523809,0.0,0.06879036985861844,0.0,port_vae,port,False,0.07305113226175308,1.7279627323150635,2.026954174041748,1.1873729228973389,vae_candidate_pool_v1,belief_limited_heuristic_v1,827
VAE000262,vae_candidate_000262,0.6129235805812819,3434.31982421875,-5333.4814453125,6228.259466500829,2.188613328738845,0.033674876757043434,4.706364144733667,31,8158.967289060173,2389.76227490729,1.5899072907076537,0.9866542016079916,6493.0446098164775,0.055571498003548665,0.06263511509417538,0.9992281508179185,0.8341854969859894,1.0,0.1987384113384567,0.9663649481513559,0.7380952380952381,0.0,0.06845927471803306,0.0,ahead_vae,ahead,False,0.1034080982208252,1.4074022769927979,2.109795570373535,1.3228209018707275,vae_candidate_pool_v1,belief_limited_heuristic_v1,828
VAE000821,vae_candidate_000821,0.6129129976826333,2023.3720703125,6994.76171875,7426.625775428576,-1.7796122251489344,-0.09470858754147354,4.819901669649607,37,8306.434529102691,2340.103063053909,1.903496544080866,-1.4566890159823322,3270.6543449783117,0.013036409659377577,0.008426580592740833,0.9999575136075097,0.9934968216134962,0.7787272249948362,0.23793706801010825,0.9636003982685934,0.8809523809523809,0.0,0.06885193091633801,0.0,port_vae,port,False,0.10407032072544098,0.787893533706665,2.0996129512786865,1.0846593379974365,vae_candidate_pool_v1,belief_limited_heuristic_v1,829
VAE000207,vae_candidate_000207,0.6128411249992581,737.1160888671875,-6070.63134765625,6162.24993039925,1.706682151992125,0.011131945461222691,5.2083155433530255,36,8082.10661244716,2288.7367291237433,1.9461758837229461,1.4460424470588917,3276.6102111491373,0.40187220198111073,0.06885767929674297,0.9601651552066678,0.9922283221560354,0.7801452883688422,0.24327198546536827,0.8724229511073709,0.8571428571428571,0.0,0.07014703083612557,0.0,starboard_vae,starboard,False,0.05502732843160629,1.4600164890289307,1.4776904582977295,1.7236192226409912,vae_candidate_pool_v1,belief_limited_heuristic_v1,830
VAE000938,vae_candidate_000938,0.6127672930052289,943.1472778320312,-6552.90673828125,6613.774438457527,1.6892574718862663,-0.019750344659214335,5.134787720910737,36,8258.613420117765,2416.7183606266594,1.8037208338661406,1.4325848370443126,3531.4772069435166,0.3262593730134406,0.034856979340751944,0.9736239230783319,0.9904639866347084,0.8408279064151231,0.22546510423326757,0.8924303053837573,0.8571428571428571,0.0,0.0678856433020804,0.0,starboard_vae,starboard,False,0.05782688409090042,2.2725884914398193,2.975555896759033,1.09207284450531,vae_candidate_pool_v1,belief_limited_heuristic_v1,831
VAE000931,vae_candidate_000931,0.612710060562769,3269.792724609375,-8848.0888671875,9493.282155496388,1.9167896235906305,0.007135836976836928,5.402308396533654,38,8253.930426994668,2402.330978236168,1.9164167196532245,1.231938866976,5009.409465456267,0.09027022414756858,7.401251770534877e-05,0.9979642046475856,0.9431350725131075,1.0,0.23955208995665306,0.8130969402704498,0.9047619047619048,0.0,0.06754960604862735,0.0,starboard_vae,starboard,False,0.04757173731923103,0.9378438591957092,1.9983476400375366,1.5757408142089844,vae_candidate_pool_v1,belief_limited_heuristic_v1,832
VAE000327,vae_candidate_000327,0.6124130218614923,-118.0181884765625,-5610.716796875,5624.34372040733,1.5205993712703485,-0.006403019885467448,5.090687406764461,31,8174.394727731434,2456.178558768307,1.543995935483738,1.6145902624339776,2811.6980678428245,0.4863170097832892,0.14011502673740817,0.9420300905374053,0.9990411988564121,0.6694519209149582,0.19299949193546725,0.8851688038627746,0.7380952380952381,0.0,0.06774156121035443,0.0,starboard_vae,starboard,False,0.05678848177194595,1.0433847904205322,1.5091831684112549,1.5025694370269775,vae_candidate_pool_v1,belief_limited_heuristic_v1,833
VAE000200,vae_candidate_000200,0.612302925939816,101.60498046875,-5684.728515625,5727.850002729551,1.591212392879963,-0.020213143417404718,5.097676920368209,31,8299.186517953036,2542.365010430433,1.469224851903457,1.5301671172924254,2877.3635437243665,0.4509816242922797,0.1232556716059121,0.9500098479287353,0.9991747471996187,0.685086558029611,0.18365310648793212,0.9058423065680152,0.7380952380952381,0.0,0.06646889493744276,0.0,starboard_vae,starboard,False,0.05982396379113197,0.9396835565567017,1.4982972145080566,1.8826134204864502,vae_candidate_pool_v1,belief_limited_heuristic_v1,834
VAE000371,vae_candidate_000371,0.6116413059937881,-1513.02783203125,6452.04150390625,6728.752283981571,-1.3534240341895407,0.04931404129077603,4.959599765518216,37,8289.112402429766,2500.741184579205,1.784945452475731,-1.7388545781094764,3852.0148076573414,0.14643996661743008,0.028950343190763075,0.9946484078985319,0.9859114182891389,0.9171463827755575,0.2231181815594664,0.7339553609603809,0.8809523809523809,0.0,0.06662979732086109,0.0,port_vae,port,False,0.03873288631439209,0.7224504947662354,2.0181055068969727,1.7824010848999023,vae_candidate_pool_v1,belief_limited_heuristic_v1,835
VAE000283,vae_candidate_000283,0.6112679224699605,2251.9462890625,7428.4912109375,7854.720746424215,-1.8553181979069238,0.00949881226376158,5.143539683688709,32,8304.367977382113,2353.8818139959426,1.637037920859223,-1.2767756434191078,4659.496544619341,0.15731977851190138,0.0036081121625991044,0.9938253725153352,0.9570864098282518,1.0,0.20462974010740287,0.8870168278607432,0.7619047619047619,0.0,0.06853948709485899,0.0,port_vae,port,False,0.05705016478896141,0.8941909074783325,2.4501307010650635,1.3969018459320068,vae_candidate_pool_v1,belief_limited_heuristic_v1,836
VAE000598,vae_candidate_000598,0.6112159427744636,3447.91357421875,-8233.2119140625,8929.532387156974,1.992947431747025,0.06831136636302872,4.530655879797286,36,8222.440121352092,2398.8132566928507,1.82517848638582,1.2169565882057969,5099.2984712294465,0.021419940708212515,0.00031608252600993296,0.9998853009205754,0.9380491532835988,1.0,0.2281473107982275,0.8395064438427529,0.8571428571428571,0.0,0.06768049118789791,0.0,starboard_vae,starboard,False,0.05076642334461212,0.6771448254585266,2.4631149768829346,1.843342661857605,vae_candidate_pool_v1,belief_limited_heuristic_v1,837
VAE000068,vae_candidate_000068,0.6109490063874633,3394.6376953125,7129.9765625,7783.8960102841,-2.008486267245952,-0.049630922044730456,4.7468830715880195,36,8476.374867839233,2350.899916471265,1.8065841892267087,-1.1827373083885715,5383.495765919519,0.10888180277517323,0.004171587382633225,0.9970391151592739,0.9256452558547786,1.0,0.2258230236533386,0.8640359231858817,0.8571428571428571,0.0,0.0685589482490276,0.0,port_vae,port,False,0.0539059042930603,0.8689697980880737,1.9160737991333008,1.7845802307128906,vae_candidate_pool_v1,belief_limited_heuristic_v1,838
VAE001107,vae_candidate_001107,0.6103164943785131,3692.684814453125,7936.2275390625,8941.8537825456,-2.001751562032322,-0.027116835362622632,4.515770256759121,37,8167.9205812975715,2442.925971395017,1.8542996275607442,-1.1669579269200936,5456.007169927427,0.09525163536643565,0.00030660419372372676,0.9977334959098446,0.9195594692250356,1.0,0.23178745344509302,0.8554384995874916,0.8809523809523809,0.0,0.06702871746928019,0.0,port_vae,port,False,0.12174953520298004,1.8741722106933594,1.4905648231506348,1.4226710796356201,vae_candidate_pool_v1,belief_limited_heuristic_v1,839
VAE000321,vae_candidate_000321,0.6102604110314374,708.4187622070312,6698.087890625,6686.644218642126,-1.6622184023959317,0.04916581925342326,5.255408227915029,37,8273.016731232256,2441.0664392156564,1.8321381649842836,-1.4302084319404382,3576.2407615064612,0.3885440668803697,0.03100535928418735,0.9627308041416323,0.9901337884188888,0.8514858955967765,0.22901727062303545,0.8759480974448056,0.8809523809523809,0.0,0.06749696288486902,0.0,port_vae,port,False,0.055507171899080276,2.1941308975219727,2.9647457599639893,1.082334041595459,vae_candidate_pool_v1,belief_limited_heuristic_v1,840
VAE000134,vae_candidate_000134,0.6102375139544283,-424.7415771484375,5917.4990234375,5925.275906766636,-1.5288102016240896,0.008122018476053912,4.633696351415726,36,8244.928567946226,2542.3038382499526,1.7174660078897006,-1.6046604334896495,2820.0000278702973,0.2216024208016829,0.09544003540624171,0.9877732504307197,0.9994266659325863,0.6714285780643565,0.21468325098621258,0.7856383278474364,0.8571428571428571,0.0,0.06638791742597384,0.0,port_vae,port,False,0.0444028377532959,0.8093928098678589,1.516223669052124,1.5764062404632568,vae_candidate_pool_v1,belief_limited_heuristic_v1,841
VAE001012,vae_candidate_001012,0.6100644292187901,-606.0159301757812,6860.50341796875,6788.314626382886,-1.4848852608832004,-0.0161037736416467,5.032739797828605,34,8192.917124179936,2547.860081235882,1.6287888241031,-1.6728111663482395,3368.963932824271,0.3581509157947001,0.02624388274438387,0.9682733040298321,0.9948009974494784,0.8021342697200645,0.2035986030128875,0.9862535583239306,0.8095238095238095,0.0,0.06600089267886967,0.0,port_vae,port,False,0.0975334644317627,0.7562141418457031,2.480508327484131,1.066888689994812,vae_candidate_pool_v1,belief_limited_heuristic_v1,842
VAE000209,vae_candidate_000209,0.6100512569905339,381.6070861816406,6484.349609375,6523.361305677183,-1.6367760292532323,-0.02631782164756633,5.466453028760491,36,8404.21931054891,2448.094192053217,1.74975402127751,-1.5311344459841272,2779.4086996747747,0.20882444014077928,0.04019514104688731,0.9891376479838991,0.9992135707054046,0.6617639761130416,0.21871925265968875,0.9999052783685571,0.8571428571428571,0.0,0.0674144971164306,0.0,port_vae,port,False,0.08811580389738083,2.1514554023742676,2.0254101753234863,1.243283748626709,vae_candidate_pool_v1,belief_limited_heuristic_v1,843
VAE000152,vae_candidate_000152,0.610016602485912,305.72149658203125,6023.79541015625,6123.8450796701545,-1.6002035821850435,-0.004554801812254832,4.864774091524758,39,8151.088146195742,2497.1657180780862,1.9160271257760615,-1.5459438732170043,2698.9482647316922,0.38574423427986404,0.07270353646987898,0.9632593360227981,0.9996911936704465,0.6426067296980219,0.2395033907220077,0.9131492721862391,0.9285714285714286,0.0,0.06693582138576266,0.0,port_vae,port,False,0.06096233054995537,2.2547929286956787,1.9658300876617432,1.3917847871780396,vae_candidate_pool_v1,belief_limited_heuristic_v1,844
VAE000794,vae_candidate_000794,0.6097635149346028,3216.00146484375,-6856.36328125,7473.168542272311,2.0169884043218245,0.023697412667238675,4.533785400012219,33,8429.214317350239,2446.8702292351195,1.5999849838816913,1.1483016619352073,5688.004203210747,0.03424433497152046,0.007710094962193332,0.9997068600287495,0.9120688744581658,1.0,0.1999981229852114,0.9196112273329455,0.7857142857142857,0.0,0.06716010984211358,0.0,starboard_vae,starboard,False,0.1125292032957077,0.6726183891296387,1.4993141889572144,1.7126688957214355,vae_candidate_pool_v1,belief_limited_heuristic_v1,845
VAE000431,vae_candidate_000431,0.6097347340173556,2566.289306640625,-8762.0966796875,9172.614870130898,1.8926289065231747,-0.006150687618145556,4.782025353118873,36,8265.14224226393,2593.8311210672637,1.679231111685788,1.242813059448473,5118.05127277684,0.003869650751041176,0.00017152895943090173,0.9999962564554377,0.9466939273658523,1.0,0.2099038889607235,0.8055739101229945,0.8571428571428571,0.0,0.0649058886853292,0.0,starboard_vae,starboard,False,0.12784305214881897,2.016353130340576,2.4877002239227295,1.9307523965835571,vae_candidate_pool_v1,belief_limited_heuristic_v1,846
VAE000272,vae_candidate_000272,0.6094133120245119,3203.46240234375,-6188.20361328125,7005.0107071207,2.0487694324861034,0.07652188763325339,4.539164075526161,32,8337.40987184232,2493.8359948986786,1.5390436489709163,1.169345108736943,5553.444492055984,0.04313174311866774,0.018156638648071512,0.9995349852813309,0.9204948933781464,1.0,0.19238045612136453,0.8768477289336576,0.7619047619047619,0.0,0.06663098623977588,0.0,starboard_vae,starboard,False,0.055630482733249664,0.7800319790840149,2.537153482437134,1.6697365045547485,vae_candidate_pool_v1,belief_limited_heuristic_v1,847
VAE000263,vae_candidate_000263,0.6093824198577606,-861.4965209960938,6643.3408203125,6713.992665134915,-1.4578237363707647,-0.07788005978603864,5.7314721402837865,36,8467.511745210904,2265.3254379188875,1.8767917738588602,-1.7616489770050672,3830.447807316864,0.1659816638082947,0.029656940074442015,0.9931283197578376,0.981842847595691,0.9120113826944914,0.23459897173235753,0.7439535520338568,0.8571428571428571,0.0,0.07026761366926546,0.0,port_vae,port,False,0.03980628773570061,2.1788854598999023,2.5600075721740723,1.2060742378234863,vae_candidate_pool_v1,belief_limited_heuristic_v1,848
VAE000583,vae_candidate_000583,0.6091627528504702,3681.392333984375,5350.52392578125,6579.834552791582,-2.1651844154332154,-0.020240291546343978,5.378503999207699,35,8293.96289830783,2676.3197491059927,1.5767685798929776,-0.9966485297029218,6751.798888730027,0.010248989491417504,0.036785567603900435,0.9999737397834707,0.8396554552230614,1.0,0.1970960724866222,0.9261125167930309,0.8333333333333334,0.0,0.06444854286587615,0.0,ahead_vae,ahead,False,0.06308884173631668,1.418183445930481,1.971980333328247,1.8726437091827393,vae_candidate_pool_v1,belief_limited_heuristic_v1,849
VAE000998,vae_candidate_000998,0.609154781426731,-1487.536865234375,-6825.9443359375,6894.941933165818,1.3714712386530081,-0.05685976897615878,5.489254900945128,39,8282.718187055163,2502.5346366440504,1.8815320688703445,1.7132616459606267,3653.1939005738345,0.27362653276842086,0.021941471759436042,0.9813986252827657,0.9898689690809698,0.8698080715651987,0.23519150860879307,0.7785266224996239,0.9285714285714286,0.0,0.06655616740347138,0.0,starboard_vae,starboard,False,0.13093040883541107,2.0225424766540527,2.4861676692962646,1.8037923574447632,vae_candidate_pool_v1,belief_limited_heuristic_v1,850
VAE000667,vae_candidate_000667,0.6090748478430619,-283.99285888671875,-855.297607421875,994.535327051712,1.1840947352632591,-0.03812588785719545,5.15379469196357,39,8165.506820125164,2311.959842585913,2.065861370112887,1.9193720304693385,4961.925468928375,2.239614453466695,0.6883839729026808,0.18997041218646837,0.9398601479544679,1.0,0.25823267126411087,0.8406339685573261,0.9285714285714286,1.0,0.10566235069420606,0.10566235069420606,inside_convoy_envelope,inside,True,0.0509067103266716,1.700608253479004,2.929267168045044,1.0540194511413574,vae_candidate_pool_v1,belief_limited_heuristic_v1,851
VAE000180,vae_candidate_000180,0.6089459885068801,3826.9677734375,-7161.6318359375,8087.022835699366,2.0279831412956857,0.01893798896547499,5.073170855724493,35,8378.719072270254,2476.0184233596983,1.6870833649670813,1.1325475012595831,5797.571794953217,0.02389776877230254,0.0022120339201667917,0.999857230956777,0.9054961698926594,1.0,0.21088542062088517,0.9027264921416354,0.8333333333333334,0.0,0.0666269518883842,0.0,starboard_vae,starboard,False,0.059349969029426575,1.2611596584320068,1.8837482929229736,1.9058382511138916,vae_candidate_pool_v1,belief_limited_heuristic_v1,852
VAE001126,vae_candidate_001126,0.6088636044877731,-583.7711181640625,6041.83251953125,6218.521028686166,-1.4535708275018273,0.03739458416940632,4.529477688124063,36,8102.8486145190145,2278.037649637503,1.9503110358361138,-1.6506272419185595,2916.953536184367,0.4414755733297133,0.06352306917911663,0.9520610867840316,0.9968152044195737,0.6945127467105635,0.24378887947951422,0.9639761092413172,0.8571428571428571,0.0,0.07030411920206679,0.0,port_vae,port,False,0.07055117189884186,1.5365700721740723,1.4826571941375732,1.1577341556549072,vae_candidate_pool_v1,belief_limited_heuristic_v1,853
VAE000499,vae_candidate_000499,0.6087444834866128,3953.0166015625,6716.47998046875,7838.322288586993,-2.0669156507465023,0.027466987560343648,5.480044757759637,35,8167.221009529972,2399.794498606881,1.7857459874818358,-1.047210015282947,6161.82030082207,0.1690840851030413,0.003732028822073759,0.992869655059079,0.8660316357603431,1.0,0.22321824843522947,0.9988539546402513,0.8333333333333334,0.0,0.06785656354115079,0.0,ahead_vae,ahead,False,0.0843113586306572,0.7885394096374512,1.9332902431488037,1.4054663181304932,vae_candidate_pool_v1,belief_limited_heuristic_v1,854
VAE000131,vae_candidate_000131,0.6086165933137024,998.2947998046875,-6729.1796875,6891.096158251539,1.7279029148386293,0.022723071763647643,5.108364795050597,38,8165.607045520154,2498.576270316752,1.862526707956893,1.4364128105148117,3570.0726174514757,0.3379956665459052,0.02208527926156932,0.9717105953638849,0.9909841156377885,0.850017289869399,0.23281583849461163,0.839895878889284,0.9047619047619048,0.0,0.06664364970772355,0.0,starboard_vae,starboard,False,0.05081483721733093,2.4042375087738037,2.0105481147766113,1.2055799961090088,vae_candidate_pool_v1,belief_limited_heuristic_v1,855
VAE000401,vae_candidate_000401,0.6085076510818845,431.41455078125,-6315.4912109375,6272.9369708501035,1.6181000148125326,0.01355673055368373,4.948307337069767,39,8215.568714667474,2653.541571691476,1.7889618478331115,1.5370493693309444,2929.2285388846076,0.4314791369550117,0.05869088490499456,0.9541740732759847,0.9994306254703942,0.697435366401097,0.22362023097913894,0.910925576382261,0.9285714285714286,0.0,0.06485278545235153,0.0,starboard_vae,starboard,False,0.060611724853515625,1.6907031536102295,1.4982455968856812,1.2894783020019531,vae_candidate_pool_v1,belief_limited_heuristic_v1,856
VAE000194,vae_candidate_000194,0.6083545146222669,-1666.207763671875,-6439.80322265625,6682.015797600536,1.3199394401034252,-0.0008130043778288082,4.761189885021386,37,8308.429157089826,2557.8921836590534,1.7410072037718978,1.8208402091085392,4534.237263044883,0.5632947776037623,0.031238681368035533,0.9227501875407895,0.9689015641196151,1.0,0.21762590047148722,0.8361784577337936,0.8809523809523809,0.0,0.06587178582511613,0.0,starboard_vae,starboard,False,0.050354376435279846,2.3829894065856934,2.992182493209839,1.9338188171386719,vae_candidate_pool_v1,belief_limited_heuristic_v1,857
VAE000103,vae_candidate_000103,0.6081767691207488,4692.0126953125,8927.1337890625,9845.59045809293,-2.017652241298549,-0.0024660330980771747,4.979506261437516,33,8155.562371600676,2488.5608274872448,1.6259671451315085,-1.1264064453893212,5752.988871368207,0.16437915254833868,2.8105378945854113e-05,0.9932600704363408,0.9028731277407139,1.0,0.20324589314143857,0.9618753940547125,0.7857142857142857,0.0,0.06626914491707755,0.0,port_vae,port,False,0.10447154194116592,1.309682011604309,2.3738863468170166,1.2884693145751953,vae_candidate_pool_v1,belief_limited_heuristic_v1,858
VAE000246,vae_candidate_000246,0.6081263634928447,-3686.63134765625,4974.6103515625,6089.041854457627,-0.8988195053214748,-0.03314393384563199,5.015539817474453,34,8166.757081339113,2706.2811033132257,1.5383543155431978,-2.27591708211395,7354.009072826957,0.17861902464457965,0.07633716063150003,0.9920449949989015,0.7615332926775573,1.0,0.19229428944289972,0.9829761281306854,0.8095238095238095,0.0,0.06433273475985794,0.0,astern_vae,astern,False,0.09870151430368423,0.7151995897293091,1.9359837770462036,1.8543591499328613,vae_candidate_pool_v1,belief_limited_heuristic_v1,859
VAE000192,vae_candidate_000192,0.6081259656710418,3503.730712890625,7466.15625,8285.63289670248,-2.0020938934329293,0.021929031080219808,5.333067070879561,33,8176.26850762504,2423.8992032375163,1.6651150215735835,-1.117569729076644,5759.3114319629985,0.0031797079776407777,0.0014325034780409255,0.9999974723664239,0.8990389587449273,1.0,0.20813937769669794,0.945086474175168,0.7857142857142857,0.0,0.06740737135113041,0.0,port_vae,port,False,0.0665273442864418,2.305143356323242,2.4341745376586914,1.2530064582824707,vae_candidate_pool_v1,belief_limited_heuristic_v1,860
VAE000515,vae_candidate_000515,0.6080255336466526,3872.022705078125,8162.51953125,8905.186153860663,-2.0614103642795825,-0.040613928994426576,4.6750930396079236,37,8323.524837283381,2687.1281580308782,1.654268744765106,-1.1207962183046372,6040.063876404887,0.030640788312009004,0.0003356245707307337,0.9997653038859586,0.9004470551631479,1.0,0.20678359309563826,0.8713145593383729,0.8809523809523809,0.0,0.06379123399413396,0.0,port_vae,port,False,0.05487752705812454,1.2734524011611938,1.4943807125091553,1.0562024116516113,vae_candidate_pool_v1,belief_limited_heuristic_v1,861
VAE000603,vae_candidate_000603,0.6077218492852035,133.01663208007812,-6407.2822265625,6537.030930479997,1.5928365740678259,-0.020547221037497586,5.418594720408313,36,8312.12891667826,2442.655252766265,1.7730788683570837,1.5282088584844697,2794.326005775447,0.2951157630092811,0.03934625708581339,0.9783842394950162,0.9990932908248485,0.6653157156608207,0.22163485854463547,0.9999402711613017,0.8571428571428571,0.0,0.06751261109163083,0.0,starboard_vae,starboard,False,0.08659201860427856,2.32411789894104,2.981292724609375,1.5531704425811768,vae_candidate_pool_v1,belief_limited_heuristic_v1,862
VAE000021,vae_candidate_000021,0.6074064543765427,397.4294128417969,-5937.39306640625,5946.4352863135555,1.5967958205437098,0.048859655614355436,5.064278669010835,39,8205.636040925378,2317.645020194632,2.050715616093986,1.5936564886604387,2504.60529151883,0.3066881764536724,0.09277824036039277,0.9766693228690454,0.9997387178785913,0.5963345932187691,0.25633945201174824,0.8201778321968396,0.9285714285714286,0.0,0.06971612401517238,0.0,starboard_vae,starboard,False,0.04841239005327225,0.7389952540397644,1.953513264656067,1.135143518447876,vae_candidate_pool_v1,belief_limited_heuristic_v1,863
VAE000165,vae_candidate_000165,0.6073009787059214,-273.93505859375,-6073.5771484375,5999.779315685665,1.4978164066333215,-0.008504156483144527,4.495433784696503,37,8299.813771397594,2459.1714237479164,1.8127777940423848,1.6352720904733273,2988.8277905359855,0.49869477554710595,0.08632766823841556,0.9391037860597677,0.9979221579193016,0.7116256644133299,0.2265972242552981,0.8617400630181997,0.8809523809523809,0.0,0.06748404306771638,0.0,starboard_vae,starboard,False,0.05360358953475952,1.5462019443511963,1.9854815006256104,1.0852853059768677,vae_candidate_pool_v1,belief_limited_heuristic_v1,864
VAE000395,vae_candidate_000395,0.6067659516059849,1185.1900634765625,8751.8359375,8733.520975811953,-1.7396245147929572,-0.05790071860906227,4.665928293669126,35,8197.379892042256,2537.112021825204,1.68288073599965,-1.4598688574058982,3428.9694780459054,0.19207906341018344,0.0005090878454909742,0.9908047317118651,0.9938538544574687,0.8164213042966442,0.21036009199995626,0.936203002152684,0.8333333333333334,0.0,0.06572527962684889,0.0,port_vae,port,False,0.10967253148555756,1.8371460437774658,2.9787380695343018,1.5387401580810547,vae_candidate_pool_v1,belief_limited_heuristic_v1,865
VAE000879,vae_candidate_000879,0.606668774156325,-2334.17529296875,-6092.93505859375,6465.6261675063415,1.2059721921615207,-0.016235293534107166,4.70762757818601,35,8149.89941538886,2351.108640519935,1.8265985056092202,1.9193851678941656,4993.479085595549,0.5374384316117327,0.04395299859103188,0.9295114302219771,0.9398556606609096,1.0,0.22832481320115253,0.8465111100870779,0.8333333333333334,0.0,0.06898337140267528,0.0,starboard_vae,starboard,False,0.05164378881454468,1.6496872901916504,2.436305522918701,1.4952832460403442,vae_candidate_pool_v1,belief_limited_heuristic_v1,866
VAE000679,vae_candidate_000679,0.6065670217388522,4215.6865234375,-4270.609375,5961.2051763861755,2.3264248640953373,0.005804649960885241,5.172589658704918,35,8421.589345448398,2274.5814081548106,1.8271428335499433,0.8209724394553419,7403.955351087116,0.16925486606263496,0.09095522195622374,0.9928552783986772,0.7318089027417808,1.0,0.22839285419374292,0.9531378536340981,0.8333333333333334,0.0,0.07038745402335517,0.0,ahead_vae,ahead,False,0.0681481882929802,2.3560996055603027,1.5305380821228027,1.156719446182251,vae_candidate_pool_v1,belief_limited_heuristic_v1,867
VAE000498,vae_candidate_000498,0.6061922390272552,-165.1094970703125,-6437.50341796875,6297.903503745862,1.5646671198266713,-0.049922873363038814,5.041680203508635,35,8220.308863432383,2436.108506490299,1.747765975103308,1.5270026604000828,2793.6551943433014,0.41898232994773044,0.05657738773101791,0.9567517165104771,0.9990412106438732,0.665155998653167,0.2184707468879135,0.9999676952689316,0.8333333333333334,0.0,0.0677184045888962,0.0,starboard_vae,starboard,False,0.08677046000957489,0.7851470708847046,2.589548110961914,1.6301013231277466,vae_candidate_pool_v1,belief_limited_heuristic_v1,868
VAE000558,vae_candidate_000558,0.6060772797764163,-324.64715576171875,5793.85400390625,5903.852336288893,-1.4927389875974293,0.08667030971346915,4.655297320177333,33,8280.741491225388,2543.77554705918,1.5666281455052071,-1.5621833562788947,2615.0020953637504,0.4529859509364191,0.09819594125032546,0.9495721521961178,0.9999629085987428,0.6226195465151787,0.1958285181881509,0.9587664431778357,0.7857142857142857,0.0,0.06636892382329375,0.0,port_vae,port,False,0.06935922801494598,0.690847635269165,1.4789958000183105,1.1893057823181152,vae_candidate_pool_v1,belief_limited_heuristic_v1,869
VAE000811,vae_candidate_000811,0.6056588867939184,4870.4423828125,9180.40625,10372.901033482745,-2.0345521000701767,-0.026346149317171965,4.6802054883322555,38,8280.345251985449,2538.8571422965097,1.8075773341871368,-1.1333867028367883,5807.336553073847,0.15729131931478335,6.04381786810593e-06,0.9938276016900356,0.9058519699097882,1.0,0.2259471667733921,0.8244159769165068,0.9047619047619048,0.0,0.06549308687533052,0.0,port_vae,port,False,0.12561210989952087,2.381357192993164,2.0035781860351562,1.539276123046875,vae_candidate_pool_v1,belief_limited_heuristic_v1,870
VAE000136,vae_candidate_000136,0.6056311761330683,5030.19677734375,-9775.298828125,10974.94479325789,2.0536669024889362,-0.023310142419255355,4.697303452859254,33,8182.75951071633,2553.537023050811,1.579326757367572,1.0646156086816012,6200.662880328529,0.07829764391866911,9.192110090338275e-07,0.9984681525643824,0.8746026243125672,1.0,0.1974158446709465,0.9788957111092932,0.7857142857142857,0.0,0.06527545406677768,0.0,starboard_vae,starboard,False,0.07452132552862167,1.774407148361206,2.024251937866211,1.175598382949829,vae_candidate_pool_v1,belief_limited_heuristic_v1,871
VAE000487,vae_candidate_000487,0.6056128782430122,4112.98828125,-7454.21875,8624.427958810087,2.0999420096213846,-0.016611846128948265,4.638513350226722,35,8290.830873257924,2332.818223835568,1.8096270903061384,1.02503879783946,6297.425959857096,0.06766571317181924,0.0006595757788464778,0.9988557744990909,0.8547343287460747,1.0,0.2262033862882673,0.9800206535142494,0.8333333333333334,0.0,0.06875747295057766,0.0,starboard_vae,starboard,False,0.07486920803785324,2.163416624069214,1.5380221605300903,1.8713500499725342,vae_candidate_pool_v1,belief_limited_heuristic_v1,872
VAE000966,vae_candidate_000966,0.6055787919860323,2170.990966796875,-8284.802734375,8618.788600521642,1.8401072414253952,0.013227335987099692,5.031116188403069,35,8131.331865796757,2464.9868790839455,1.7461910022518052,1.3147127481514984,4444.218122054718,0.37320780248200336,0.0006683833267232881,0.965581279948329,0.9673893999170413,1.0,0.21827387528147565,0.8241242595898766,0.8333333333333334,0.0,0.0667631453948893,0.0,starboard_vae,starboard,False,0.048885688185691833,1.6622991561889648,2.100762367248535,1.7655234336853027,vae_candidate_pool_v1,belief_limited_heuristic_v1,873
VAE001171,vae_candidate_001171,0.6054320507882599,375.99432373046875,-5931.0693359375,5986.271279932958,1.6082113264263733,0.026268098292698078,5.134416612633153,35,8122.090604414072,2447.3655913126768,1.7607648696394043,1.5596494254561188,2537.7478138671827,0.38035194173145515,0.08792637006199462,0.9642670178366913,0.999937873938557,0.6042256699683768,0.22009560870492553,0.9230381425211697,0.8333333333333334,0.0,0.0677078271275066,0.0,starboard_vae,starboard,False,0.0625707134604454,2.099989414215088,1.4972341060638428,1.80763840675354,vae_candidate_pool_v1,belief_limited_heuristic_v1,874
VAE000251,vae_candidate_000251,0.6051837836441979,3544.54150390625,8017.31884765625,8735.22820252163,-1.9842741763598808,-0.05508355619381667,5.19800876713964,37,8228.193574144701,2362.614788031973,1.9032871078832436,-1.212402033423729,5098.70895702018,0.11730448998195865,0.000507010663846808,0.9965638570788025,0.9364612659981839,1.0,0.23791088848540545,0.7560975435072537,0.8809523809523809,0.0,0.06827387958777002,0.0,port_vae,port,False,0.1334092915058136,2.186955451965332,1.5093309879302979,1.1959704160690308,vae_candidate_pool_v1,belief_limited_heuristic_v1,875
VAE000434,vae_candidate_000434,0.6050922919199967,-368.99847412109375,6362.54736328125,6445.740779130375,-1.5371568524986856,-0.025505196462579448,4.8892011088571,37,8285.511252704833,2515.287167484223,1.7753943663974385,-1.629940997553687,3000.64727872093,0.4639618144033007,0.04531381279978362,0.9471433149616377,0.998251463761311,0.7144398282668881,0.22192429579967982,0.9594561361242695,0.8809523809523809,0.0,0.06652658416569852,0.0,port_vae,port,False,0.06951279193162918,1.7914621829986572,2.939180374145508,1.891444206237793,vae_candidate_pool_v1,belief_limited_heuristic_v1,876
VAE000309,vae_candidate_000309,0.6048579312408395,1570.991943359375,-7807.0078125,7968.728107507191,1.7779554635324708,0.024427970232180442,5.057389308282555,37,8345.544837089565,2373.2848112829333,1.8680873066559085,1.3880651602895029,3850.2906979236636,0.3318454493685279,0.0028451420185151392,0.9727213639529069,0.9833510644457595,0.9167358804580151,0.23351091333198856,0.8168799199392329,0.8809523809523809,0.0,0.06819798552985044,0.0,starboard_vae,starboard,False,0.04801952466368675,1.964848279953003,1.4974966049194336,1.2986154556274414,vae_candidate_pool_v1,belief_limited_heuristic_v1,877
VAE000768,vae_candidate_000768,0.6045163875369403,-573.8665161132812,-6732.0625,6655.004995640781,1.472272572808081,0.0018886236556973485,5.100864621889971,35,8170.006471676608,2320.985800578304,1.8457512035468078,1.671208704437409,3128.28667699128,0.4293732452033452,0.032630493757847635,0.9546134234510572,0.9949629116073171,0.7448301611884,0.23071890044335097,0.9814924602288908,0.8333333333333334,0.0,0.06940773983667815,0.0,starboard_vae,starboard,False,0.07533903419971466,1.564635992050171,1.9846364259719849,1.0868926048278809,vae_candidate_pool_v1,belief_limited_heuristic_v1,878
VAE001220,vae_candidate_001220,0.6043531652520236,-4437.83642578125,3165.156005859375,5360.444108641558,-0.631176483422148,-0.03245940547253809,4.5633780431694975,35,8191.385351652037,2516.4364193854494,1.6979493273631663,-2.542875575640183,8184.791485912404,0.3039940882080784,0.19075715020320178,0.9770742691918568,0.5635831677568008,1.0,0.21224366592039579,0.9765895455840992,0.8333333333333334,0.0,0.06705046154008265,0.0,astern_vae,astern,False,0.07383512705564499,1.0720324516296387,2.8512778282165527,1.3571749925613403,vae_candidate_pool_v1,belief_limited_heuristic_v1,879
VAE000385,vae_candidate_000385,0.6036920395646386,3941.6884765625,-5124.8798828125,6450.990268886808,2.2081720313974427,-0.04432529631688659,4.634026462615117,37,8399.107423774647,2321.9929695752558,1.8971762869851798,0.8890953258754648,7095.433829661407,0.12205189528835003,0.04495118742597779,0.9962804545572712,0.7765020168389409,1.0,0.23714703587314748,0.9371380838194887,0.8809523809523809,0.0,0.06939984872059297,0.0,ahead_vae,ahead,False,0.06503069400787354,2.290457248687744,1.9202916622161865,1.7077370882034302,vae_candidate_pool_v1,belief_limited_heuristic_v1,880
VAE000752,vae_candidate_000752,0.6035261991304486,564.766845703125,6324.52490234375,6210.9187861182445,-1.6401724217529665,0.005293387504932613,5.25047426846623,35,8325.081377594,2408.2384207538908,1.7457420627109772,-1.496126844331894,3022.5799612165947,0.3652832881689805,0.0642233838204037,0.9670113020856187,0.9972135292266809,0.7196618955277606,0.21821775783887215,0.8452386049776148,0.8333333333333334,0.0,0.06814043269541863,0.0,port_vae,port,False,0.05148334801197052,1.0386440753936768,2.93631911277771,1.294135332107544,vae_candidate_pool_v1,belief_limited_heuristic_v1,881
VAE000370,vae_candidate_000370,0.6031901083050594,4491.55908203125,-8175.06884765625,9268.913830415046,2.0884900404967115,-0.017061386213489623,4.943973874637149,38,8353.583788950164,2359.2900480911176,1.9280994367970388,1.0360412268795918,6287.157518436398,0.12074615130468348,0.0001338101813447349,0.9963595180367469,0.8603934635894871,1.0,0.24101242959962985,0.8865383634760506,0.9047619047619048,0.0,0.06822621974978377,0.0,starboard_vae,starboard,False,0.05698224902153015,1.4840294122695923,2.9493565559387207,1.4857643842697144,vae_candidate_pool_v1,belief_limited_heuristic_v1,882
VAE000386,vae_candidate_000386,0.6030674927624232,-4088.1484375,-5071.7255859375,6401.6990996097775,0.8940739421160051,-0.005601076031610337,4.924613133023264,36,8079.324863404367,2382.294718849853,1.8703890084985655,2.2419176354421775,6889.8795458648765,0.35900775280159325,0.04845378888498614,0.9681229530104687,0.783124856307258,1.0,0.23379862606232069,0.9997824479681707,0.8571428571428571,0.0,0.06853219794243003,0.0,astern_vae,astern,False,0.08855368196964264,1.4215606451034546,2.933790683746338,1.242506504058838,vae_candidate_pool_v1,belief_limited_heuristic_v1,883
VAE000147,vae_candidate_000147,0.6030163886473326,5080.578125,9638.978515625,10840.860092871451,-2.0692966858751434,-0.004920342344656874,4.790805114625654,33,8387.464967057376,2553.6209494782274,1.5407308840051321,-1.0772163100593066,6222.653617949476,0.15246004921450762,1.4148974295138077e-06,0.9942002306023532,0.8806423594409978,1.0,0.19259136050064152,0.949442857026371,0.7857142857142857,0.0,0.06522929699631251,0.0,port_vae,port,False,0.10714329034090042,1.422163724899292,2.4385321140289307,1.2780518531799316,vae_candidate_pool_v1,belief_limited_heuristic_v1,884
VAE000806,vae_candidate_000806,0.602970736024149,681.5457153320312,7881.427734375,7946.869835730565,-1.6662352916251149,-0.012296502509139004,4.720526695325461,36,8249.991234525058,2460.978233302061,1.773132708317604,-1.4876538644738173,3137.6117649149664,0.3160480320545509,0.002978865783159408,0.9752355796084963,0.9965456560622564,0.7470504202178492,0.2216415885397005,0.9872626082487556,0.8571428571428571,0.0,0.06690224469900373,0.0,port_vae,port,False,0.07738598436117172,0.881226122379303,1.9711430072784424,1.3087314367294312,vae_candidate_pool_v1,belief_limited_heuristic_v1,885
VAE001032,vae_candidate_001032,0.6028270919874644,103.4727783203125,-6616.89208984375,6551.919175756314,1.5883443541179623,0.009870108907124187,5.3100961086155385,39,8250.205586279122,2373.5184005846486,1.9916234597294566,1.563118408378955,2436.7922240064327,0.24976665780959426,0.03843899050112161,0.9844850625569684,0.9999705249291968,0.5801886247634364,0.24895293246618208,0.9643787557158626,0.9285714285714286,0.0,0.06857186942461925,0.0,starboard_vae,starboard,False,0.10388635098934174,1.5888571739196777,2.9882020950317383,1.2400619983673096,vae_candidate_pool_v1,belief_limited_heuristic_v1,886
VAE000646,vae_candidate_000646,0.6024630525000698,-948.1087036132812,-6430.03515625,6551.09122406759,1.40319025431162,-0.08780859313983905,5.4016358530242465,34,8410.65725066729,2292.5252638893135,1.7633350967906036,1.6505938061383338,2955.6673534363763,0.41788855170035843,0.03848897543232342,0.9569739347078488,0.9968178702370807,0.7037303222467562,0.22041688709882545,0.9998489102709454,0.8095238095238095,0.0,0.0698597677761281,0.0,starboard_vae,starboard,False,0.0861937552690506,2.0444040298461914,2.9259586334228516,1.9169822931289673,vae_candidate_pool_v1,belief_limited_heuristic_v1,887
VAE000839,vae_candidate_000839,0.6022787725082032,-3549.505126953125,4282.04296875,5549.993863662284,-0.8985027216621881,-0.02875813284114643,4.202893007823921,34,8317.660404957827,2612.2110382883875,1.5648383170015348,-2.271848064768751,7361.230023993523,0.5462991943323798,0.15324741429531705,0.9272265217189575,0.7641642161881924,1.0,0.19560478962519184,0.8129601009415814,0.8095238095238095,0.0,0.06567059923456219,0.0,astern_vae,astern,False,0.0475555956363678,2.0589871406555176,2.4549319744110107,1.1555603742599487,vae_candidate_pool_v1,belief_limited_heuristic_v1,888
VAE000448,vae_candidate_000448,0.6022412670331223,225.06622314453125,6354.568359375,6368.305310112605,-1.5455124399142057,-0.07653468789610846,5.50071236512615,34,8159.674495176571,2338.2978578121897,1.7819940556104057,-1.6726149015716958,3155.559406074125,0.189838400008562,0.05095394529022036,0.9910173709453229,0.9948209654991953,0.7513236681128869,0.2227492569513007,0.788372860109321,0.8095238095238095,0.0,0.06922198129569221,0.0,port_vae,port,False,0.0447126179933548,1.0283184051513672,2.9458038806915283,1.8840354681015015,vae_candidate_pool_v1,belief_limited_heuristic_v1,889
VAE001070,vae_candidate_001070,0.6020289330149713,-884.3196411132812,-6034.29638671875,6079.639286731246,1.4388558124287587,-0.05683278520349727,4.683475190214599,32,8182.632036876844,2412.939738185959,1.620729289299471,1.6459040559575373,3020.1382839112794,0.543736221589544,0.07734354458470702,0.9278908866596789,0.9971807402111281,0.7190805437883998,0.20259116116243386,0.9538848789288208,0.7619047619047619,0.0,0.06815982990434513,0.0,starboard_vae,starboard,False,0.0683048665523529,1.0803000926971436,2.4355039596557617,1.245208501815796,vae_candidate_pool_v1,belief_limited_heuristic_v1,890
VAE000378,vae_candidate_000378,0.601889934345307,62.659210205078125,6520.34228515625,6484.865099227687,-1.5756229638324442,-0.0870463205784838,4.994132153455571,34,8234.737373563408,2816.498790549447,1.4659514755965177,-1.6530160103358327,3483.2792107749774,0.4463056822704168,0.042669259474138035,0.9510239274726706,0.9966218654998856,0.8293521930416613,0.18324393444956472,0.8406462288581352,0.8095238095238095,0.0,0.06296772965951933,0.0,port_vae,port,False,0.05090823769569397,1.3254622220993042,1.4722421169281006,1.1553770303726196,vae_candidate_pool_v1,belief_limited_heuristic_v1,891
VAE000055,vae_candidate_000055,0.6017719868856353,-3150.681884765625,-5955.91064453125,6837.986274714851,1.0620781095630525,-0.01782645027806933,4.738346190347084,34,8036.394871335067,2490.1786176351234,1.698975630551684,2.0616880937486717,5984.577733388735,0.4136875797414795,0.0241565696958882,0.9578223434279285,0.8819128192142559,1.0,0.2123719538189605,0.9243190866901017,0.8095238095238095,0.0,0.06681259452321688,0.0,astern_vae,astern,False,0.06278546899557114,1.5273938179016113,1.8834776878356934,1.2626475095748901,vae_candidate_pool_v1,belief_limited_heuristic_v1,892
VAE000326,vae_candidate_000326,0.6017599926324673,3456.821533203125,6877.4931640625,7701.258234624307,-2.0720550684569075,0.029616032758205783,4.977146808907706,37,8161.279673171388,2432.075550427268,1.8640879609610992,-1.0399215523746799,6229.292869610532,0.05887720226665216,0.004929388036577406,0.9991336190842868,0.8623645128126796,1.0,0.2330109951201374,0.856181574358196,0.8809523809523809,0.0,0.06739834091343264,0.0,port_vae,port,False,0.05287940055131912,1.7823446989059448,2.9415712356567383,1.6578662395477295,vae_candidate_pool_v1,belief_limited_heuristic_v1,893
VAE000186,vae_candidate_000186,0.601743274437913,731.71337890625,-1085.5618896484375,1345.5378542143226,2.1614204803555883,-0.06135372915358578,4.907723267476016,34,8209.743639931465,2329.33200023546,1.7779433868853014,0.9188184440806195,6832.893915558922,2.527557242349873,0.8104324990546337,0.09133520272784135,0.7948852544512992,1.0,0.22224292336066268,0.8864914993816713,0.8095238095238095,1.0,0.09048397828051923,0.09048397828051923,inside_convoy_envelope,inside,True,0.056975603103637695,0.7636789679527283,2.925302743911743,1.9336622953414917,vae_candidate_pool_v1,belief_limited_heuristic_v1,894
VAE001072,vae_candidate_001072,0.6015739992511105,452.3099670410156,6471.74267578125,6407.278835890565,-1.6857211896801294,-0.01578694808796096,4.722383656473356,35,8318.0301599292,2508.7762526512297,1.6772029728213131,-1.4716584119976246,3319.739847734746,0.46933827662154143,0.04804619303656833,0.9459338892086451,0.9950898604395982,0.7904142494606539,0.20965037160266414,0.8619187891612374,0.8333333333333334,0.0,0.06662082201965681,0.0,port_vae,port,False,0.05362705513834953,2.2241809368133545,2.964247703552246,1.176921010017395,vae_candidate_pool_v1,belief_limited_heuristic_v1,895
VAE000475,vae_candidate_000475,0.6015227733757803,7.638519287109375,-5960.44482421875,6036.384816487879,1.5957605125805179,0.007107768262939612,4.974719907924349,41,8270.433897074825,2506.5930557419547,1.9777515326184507,1.5529399092722154,2653.86592356436,0.5051758503617119,0.08211146663474633,0.9375446915907983,0.9998405784126817,0.6318728389438952,0.24721894157730634,0.8248635849288997,0.9761904761904762,0.0,0.06681119176958493,0.0,starboard_vae,starboard,False,0.04897475242614746,1.1566085815429688,1.9785799980163574,1.4996503591537476,vae_candidate_pool_v1,belief_limited_heuristic_v1,896
VAE000813,vae_candidate_000813,0.601509414536558,-808.7463989257812,-6454.9794921875,6598.267467974569,1.4427528193071177,-0.04214369295700834,5.008246647361739,35,8272.431245526446,2487.095139921791,1.7011494896345356,1.6566961413256671,3187.6516575284923,0.5064692512149213,0.035727197352105985,0.9372313476967222,0.9963128789724963,0.7589646803639267,0.21264368620431695,0.9684302796355237,0.8333333333333334,0.0,0.0668662898272564,0.0,starboard_vae,starboard,False,0.07163655757904053,0.7895225286483765,2.4479897022247314,1.6157604455947876,vae_candidate_pool_v1,belief_limited_heuristic_v1,897
VAE000097,vae_candidate_000097,0.601488223915572,3550.554443359375,8370.2724609375,9154.918328142996,-1.9598024172027055,0.037891729671042464,5.312761147650912,37,8292.90937848379,2372.9403586495837,1.8802170285185067,-1.1438985067160452,5593.650883528939,0.22870194765909613,0.000179469544650955,0.986980750697908,0.9102545821120448,1.0,0.23502712856481334,0.8003351020077948,0.8809523809523809,0.0,0.06803756600933916,0.0,port_vae,port,False,0.04608216881752014,2.2299365997314453,1.9963003396987915,1.366283655166626,vae_candidate_pool_v1,belief_limited_heuristic_v1,898
VAE000128,vae_candidate_000128,0.6008713738704747,169.17108154296875,6411.228515625,6388.096410784133,-1.556634017917539,-0.02688405086179493,4.789048016662242,38,8114.481823247678,2583.3175305081304,1.8127796355565657,-1.611842686534049,2914.1180662799825,0.3550252793908346,0.04945956521796382,0.9688188508235284,0.9991577164429122,0.6938376348285673,0.22659745444457072,0.8272486776729042,0.9047619047619048,0.0,0.06569995313768504,0.0,port_vae,port,False,0.04926295205950737,1.9254465103149414,2.5673959255218506,1.5050643682479858,vae_candidate_pool_v1,belief_limited_heuristic_v1,899
VAE000709,vae_candidate_000709,0.6008661521077332,3162.342529296875,6757.06689453125,7444.083254976882,-1.966240480051735,0.07296994041765852,4.745483159969451,36,8271.270112491617,2475.307991137012,1.75833270150172,-1.1023822331203996,5942.9261655798255,0.21480699264368772,0.00815113200038617,0.9885087768163177,0.8922854019280095,1.0,0.219791587687715,0.8212972428519288,0.8571428571428571,0.0,0.06679714199650798,0.0,port_vae,port,False,0.048546284437179565,0.9768158197402954,2.9168787002563477,1.7393969297409058,vae_candidate_pool_v1,belief_limited_heuristic_v1,900
VAE000565,vae_candidate_000565,0.6005006560329023,421.5943908691406,-6627.84912109375,6700.203345703546,1.66169889724464,-0.016150394683542797,4.879497971431796,33,8133.021011590234,2360.6003789598926,1.718856311079435,1.4637433616616111,3216.088604245975,0.4158761451395381,0.030330402374667696,0.9573813582032602,0.9942753017101358,0.7657353819633275,0.21485703888492938,0.9478386628104619,0.7857142857142857,0.0,0.0687596662426681,0.0,starboard_vae,starboard,False,0.06706828624010086,2.1337053775787354,2.591325283050537,1.2006006240844727,vae_candidate_pool_v1,belief_limited_heuristic_v1,901
VAE001042,vae_candidate_001042,0.6004121858831641,-238.93634033203125,6688.64306640625,6718.1112941410765,-1.5306598536666494,-0.04596738818082943,5.119436256805442,35,8229.684951690018,2600.50916867389,1.6354092323541234,-1.656900188103973,3298.6075862313737,0.48811803551708466,0.02945829333448213,0.9416084983875234,0.996295352198822,0.7853827586265175,0.20442615404426542,0.932604141364374,0.8333333333333334,0.0,0.06533602785011718,0.0,port_vae,port,False,0.06421515345573425,0.7514979243278503,2.4137120246887207,1.763224720954895,vae_candidate_pool_v1,belief_limited_heuristic_v1,902
VAE000698,vae_candidate_000698,0.6000120955690978,391.7092590332031,-6564.88330078125,6652.730936563174,1.6445942160539893,-0.0007775431702287142,4.383793354010697,37,8275.140154999375,2611.7705191099417,1.711951081120869,1.4962208943655748,3221.061504135258,0.4908290705319056,0.03275005161753327,0.9409711866800761,0.9972205409595989,0.76691940574649,0.21399388514010861,0.8994602753096845,0.8809523809523809,0.0,0.06520473056845319,0.0,starboard_vae,starboard,False,0.058859869837760925,0.7751871347427368,2.94960880279541,1.556437611579895,vae_candidate_pool_v1,belief_limited_heuristic_v1,903
VAE000182,vae_candidate_000182,0.5999873071438728,3915.388427734375,-5766.66259765625,6952.0955669379855,2.159411345388979,0.028424704715080643,5.061422737519004,36,8160.435759308511,2439.7913989013755,1.8081583220342157,1.0106060129158945,6402.9056419208055,0.26077056203036886,0.019898284665437405,0.9830957973687084,0.8471540035647034,1.0,0.22601979025427696,0.8815223859120601,0.8571428571428571,0.0,0.0674663123251486,0.0,ahead_vae,ahead,False,0.05627705156803131,0.7661420702934265,2.9356203079223633,1.906139850616455,vae_candidate_pool_v1,belief_limited_heuristic_v1,904
VAE000791,vae_candidate_000791,0.5999287660383122,4546.50830078125,-4309.99951171875,6229.117485313087,2.309845555987334,-0.031439758150986444,4.966522665874796,37,8325.492359603535,2358.395057406533,1.8844093110648348,0.8003073394514735,7490.904546810437,0.2626397659042437,0.06255737064770725,0.9828539896852589,0.7175701824741955,1.0,0.23555116388310435,0.9961908460410548,0.8809523809523809,0.0,0.06890715351010845,0.0,ahead_vae,ahead,False,0.09265754371881485,1.248321533203125,1.5092363357543945,1.1808263063430786,vae_candidate_pool_v1,belief_limited_heuristic_v1,905
VAE000946,vae_candidate_000946,0.5992092459044187,-285.83392333984375,958.4014282226562,943.0710496678888,-1.273730881281351,0.009267436995255935,5.238738278601705,35,8287.554410977707,2335.4032340109634,1.8083386903057965,-1.8585943353131862,4591.702721060551,2.219460303470849,0.6694789403108538,0.1979388602932421,0.9588712162182494,1.0,0.22604233628822457,0.8364458050571764,0.8333333333333334,1.0,0.10877410884273854,0.10877410884273854,inside_convoy_envelope,inside,True,0.050387367606163025,1.4543977975845337,2.9581708908081055,1.450049638748169,vae_candidate_pool_v1,belief_limited_heuristic_v1,906
VAE000871,vae_candidate_000871,0.5991257904407756,-1126.99365234375,8174.13671875,8432.63764816133,-1.3912756550894796,0.048701375773063174,4.377969190158329,34,8406.792420817608,2469.834411094736,1.6374979156635716,-1.7016156227272503,3545.36703918327,0.45426252000296474,0.0010286267459397118,0.9492924392717172,0.9914553522100557,0.84413500932935,0.20468723945794645,0.9579310991291331,0.8095238095238095,0.0,0.06664923573583073,0.0,port_vae,port,False,0.06917483359575272,1.3989804983139038,2.921612024307251,1.6350668668746948,vae_candidate_pool_v1,belief_limited_heuristic_v1,907
VAE000003,vae_candidate_000003,0.5990553820633424,-1786.08837890625,5687.169921875,5902.143311845773,-1.218354847006025,-0.1140900407875858,4.9826563104139066,33,8255.690285866018,2442.8735976427456,1.636287272081488,-2.037327847371354,5895.14953900945,0.665234111249434,0.09841845025336093,0.8933861515402564,0.89313374887409,1.0,0.204535909010186,0.8058892985217291,0.7857142857142857,0.0,0.06777507422236892,0.0,port_vae,port,False,0.04672662168741226,1.912071704864502,2.439289093017578,1.0406087636947632,vae_candidate_pool_v1,belief_limited_heuristic_v1,908
VAE000765,vae_candidate_000765,0.5988524359520914,4100.2275390625,-9288.5986328125,10068.264909268371,1.9774161824855436,0.006960614514046486,4.619162571321476,32,8111.248621842759,2371.7732327240583,1.6633709081435035,1.1711370856182957,5340.985428677903,0.07970270632479814,1.487625587936114e-05,0.998412710192458,0.9211936382612284,1.0,0.20792136351793794,0.8070859631659946,0.7619047619047619,0.0,0.06800726529330475,0.0,starboard_vae,starboard,False,0.12766669690608978,2.188713550567627,1.5053859949111938,1.5395129919052124,vae_candidate_pool_v1,belief_limited_heuristic_v1,909
VAE000937,vae_candidate_000937,0.5988382865775242,1224.25390625,-9515.822265625,9608.251175307965,1.685487545566837,-0.02049844170098434,4.9819451114474305,36,8178.73567719777,2505.1838745156047,1.757020062294461,1.435606666321972,3584.6416708527045,0.17194157669275545,5.423980744822208e-05,0.9926272144607099,0.9908757869207614,0.8534861121077868,0.21962750778680762,0.7721687170799509,0.8571428571428571,0.0,0.06605524417260507,0.0,starboard_vae,starboard,False,0.042893186211586,1.8158413171768188,2.940430164337158,1.8743219375610352,vae_candidate_pool_v1,belief_limited_heuristic_v1,910
VAE000829,vae_candidate_000829,0.5985905840886168,-703.8908081054688,-7743.37451171875,7729.938755749716,1.4380057374140354,-0.018946118196142735,5.074086714344401,33,8357.990919706259,2338.480223408415,1.6884116630727786,1.6846407979796159,3272.7996072016454,0.3275140174503892,0.004653298092980807,0.9734224923457728,0.9935267141760543,0.7792380017146775,0.21105145788409732,0.9604437302971723,0.7857142857142857,0.0,0.06880064853370094,0.0,starboard_vae,starboard,False,0.1047980934381485,0.9628832936286926,2.5371155738830566,1.6972800493240356,vae_candidate_pool_v1,belief_limited_heuristic_v1,911
VAE000076,vae_candidate_000076,0.5979900289157288,3658.356689453125,5959.78564453125,7026.816695721842,-2.131496136289886,0.051680768428224645,5.095092664331528,38,8353.864787606415,2534.4879311338395,1.7947581222846631,-0.9584157488716826,6875.869792157591,0.11069805686637801,0.01747867567252488,0.9969396121485519,0.8182819409715908,1.0,0.2243447652855829,0.8546352782688877,0.9047619047619048,0.0,0.0660653747033269,0.0,ahead_vae,ahead,False,0.05267981439828873,1.8722573518753052,1.9805443286895752,1.9208245277404785,vae_candidate_pool_v1,belief_limited_heuristic_v1,912
VAE000260,vae_candidate_000260,0.5979321690625523,-69.84771728515625,-6451.333984375,6370.9338527313075,1.5486440219311337,-0.006469953529259161,5.1864270197467155,35,8260.060146501104,2411.6485598948416,1.7569961692579752,1.5864786781294005,2540.883865881317,0.3880059920129224,0.05075333199789063,0.9628326596706537,0.9998770344484811,0.6049723490193611,0.2196245211572469,0.9740834504327328,0.8333333333333334,0.0,0.06804522612207735,0.0,starboard_vae,starboard,False,0.0731254443526268,2.310225248336792,2.969714403152466,1.082901120185852,vae_candidate_pool_v1,belief_limited_heuristic_v1,913
VAE000586,vae_candidate_000586,0.5976034521497491,-119.4798583984375,-6328.052734375,6211.641452956874,1.5424368186106354,-0.05342683184737929,5.114089781708543,39,8138.908418379819,2439.097951582793,1.9645776720689478,1.5457290031317783,2642.3309483396715,0.4606785542459433,0.06415654167142949,0.9478755241941685,0.9996858310939128,0.6291264162713504,0.24557220900861848,0.8512134555844745,0.9285714285714286,0.0,0.06772979968072045,0.0,starboard_vae,starboard,False,0.052240923047065735,1.7283003330230713,1.492576241493225,1.8810114860534668,vae_candidate_pool_v1,belief_limited_heuristic_v1,914
VAE001045,vae_candidate_001045,0.5971815940982464,382.4870300292969,7406.1533203125,7497.406193215186,-1.6018002728556378,0.01000993313262424,5.0506093517823905,35,8191.412568058038,2403.54938567851,1.7776906747004757,-1.5297824476015311,2737.3955422485333,0.19157713483161087,0.007359051863494482,0.9908525790016292,0.9991590487496961,0.651760843392508,0.22221133433755946,0.9834432196723507,0.8333333333333334,0.0,0.06786391765563672,0.0,port_vae,port,False,0.0985422134399414,2.117154121398926,2.9502110481262207,1.5781052112579346,vae_candidate_pool_v1,belief_limited_heuristic_v1,915
VAE000287,vae_candidate_000287,0.5967217667867231,-150.55572509765625,6052.55615234375,6166.08615367173,-1.5394130943390367,-0.019014885753987496,5.28442409545946,35,8232.94190445552,2324.710704445962,1.8287067929419736,-1.621194445004744,2736.50813338862,0.3197155227474313,0.06848278000187699,0.9746624333513075,0.9987302836280794,0.6515495555687191,0.2285883491177467,0.7998639195866063,0.8333333333333334,0.0,0.06950120714262116,0.0,port_vae,port,False,0.04602775722742081,1.9197907447814941,2.4300458431243896,1.9232009649276733,vae_candidate_pool_v1,belief_limited_heuristic_v1,916
VAE000390,vae_candidate_000390,0.5965469292778801,-594.4612426757812,-7119.908203125,7121.538981827151,1.4793602376555905,0.013875975064679788,5.367547317262565,31,8203.21173147888,2305.709730995023,1.6389780608000828,1.6761083909988825,3155.236840902235,0.36053173157671603,0.014784668774772927,0.9678546880231256,0.9944598077594508,0.7512468668814846,0.20487225760001035,0.9848273084499873,0.7380952380952381,0.0,0.06952300907918021,0.0,starboard_vae,starboard,False,0.0980568379163742,0.7654968500137329,2.5037848949432373,1.6477876901626587,vae_candidate_pool_v1,belief_limited_heuristic_v1,917
VAE000355,vae_candidate_000355,0.5964832681363338,157.5611572265625,6349.04296875,6370.744491358996,-1.6075600346544092,0.030655702701327857,5.496274797542924,36,8227.860101487642,2374.344182651244,1.8427733712389351,-1.503376916234056,2923.24742205426,0.3713861837227331,0.05076776226283851,0.9659125923025278,0.9977281722615345,0.6960112909653,0.2303466714048669,0.8159988099106887,0.8571428571428571,0.0,0.06862742127734035,0.0,port_vae,port,False,0.047914959490299225,1.621976613998413,1.4926283359527588,1.6313495635986328,vae_candidate_pool_v1,belief_limited_heuristic_v1,918
VAE000303,vae_candidate_000303,0.5960326999513835,221.93321228027344,-6759.03955078125,6719.7637168225865,1.606082837374683,-0.04753966125482986,4.830574749542216,34,8319.90337766028,2513.3786743487976,1.625933235544059,1.4879701549602802,3193.080612677366,0.47615673476110687,0.029378916422233295,0.9443815537546181,0.9965718730978199,0.7602572887327061,0.20324165444300737,0.9214191277504503,0.8095238095238095,0.0,0.06645100118431432,0.0,starboard_vae,starboard,False,0.062301501631736755,2.040576457977295,2.9677975177764893,1.1863385438919067,vae_candidate_pool_v1,belief_limited_heuristic_v1,919
VAE000066,vae_candidate_000066,0.5959024605559874,-1126.17626953125,6995.38916015625,7237.177202023828,-1.3949750475137028,0.0011826454517316744,5.144647632895788,34,8383.84432568377,2489.550140172946,1.6289765556936948,-1.7454349606243587,3908.3946289105006,0.46428518029897814,0.011996792787060912,0.9470709393377699,0.9847893913989982,0.9305701497405954,0.20362206946171185,0.7909194776106641,0.8095238095238095,0.0,0.06661714769839489,0.0,port_vae,port,False,0.045002177357673645,0.7380946278572083,2.9732208251953125,1.9687724113464355,vae_candidate_pool_v1,belief_limited_heuristic_v1,920
VAE000649,vae_candidate_000649,0.5954974440717694,679.6422119140625,6250.8017578125,6427.983090998787,-1.688646207128308,-0.06637545826600454,5.464488580966976,35,8338.398203987237,2235.460692268226,1.877666142935999,-1.5193219047274897,2661.5245012454257,0.36860461723213866,0.046558710634455325,0.966415514860367,0.9986754844299799,0.6336963098203394,0.2347082678669999,0.9148276704063395,0.8333333333333334,0.0,0.07092448546956942,0.0,port_vae,port,False,0.061229512095451355,0.7814895510673523,2.3947205543518066,1.6725196838378906,vae_candidate_pool_v1,belief_limited_heuristic_v1,921
VAE001006,vae_candidate_001006,0.5954483573033996,4078.292236328125,-5367.7509765625,6750.699615785261,2.2234116153778074,0.004012662500977798,5.453161211148965,34,8161.452794575647,2434.4451422647016,1.7112420810378128,0.9221937007129635,6870.195629475631,0.05759583816369451,0.027926399316204532,0.9991709090885066,0.7969286927348553,1.0,0.2139052601297266,0.9004268707261306,0.8095238095238095,0.0,0.06760415345239744,0.0,ahead_vae,ahead,False,0.11552871763706207,1.6898781061172485,2.9067962169647217,1.7966620922088623,vae_candidate_pool_v1,belief_limited_heuristic_v1,922
VAE000358,vae_candidate_000358,0.5952645738010772,499.26708984375,-6519.51171875,6593.346853002933,1.6639963650626906,0.03411454759210928,5.154872535451918,38,8231.154711219006,2385.726377801463,1.9350945935748327,1.5117108361192122,2867.6220769577612,0.3582404608995622,0.036007162683075994,0.9682576074440408,0.998254960159455,0.6827671611804194,0.2418868241968541,0.8234781439250936,0.9047619047619048,0.0,0.06837266909440459,0.0,starboard_vae,starboard,False,0.04880795627832413,1.4793916940689087,1.9940755367279053,1.91710364818573,vae_candidate_pool_v1,belief_limited_heuristic_v1,923
VAE000842,vae_candidate_000842,0.5948948025734804,-4286.25146484375,-4285.9091796875,6017.53328762589,0.7783240986205624,0.041291573796101766,5.165873798134991,36,8285.832881487117,2560.007942467323,1.6971687182200812,2.404560128765333,7855.944342881773,0.31487763650710787,0.08426173541676191,0.97541714101074,0.6720935588716012,1.0,0.21214608977751015,0.9996015753989159,0.8571428571428571,0.0,0.06610333618427361,0.0,astern_vae,astern,False,0.08900852501392365,2.1456871032714844,2.488312005996704,1.6980994939804077,vae_candidate_pool_v1,belief_limited_heuristic_v1,924
VAE000833,vae_candidate_000833,0.5935938490696634,-206.861083984375,-7149.87255859375,7348.10486418576,1.58625198905906,0.007113489863363971,4.936627288248982,40,8168.660181486944,2415.503809358557,2.0272225801352577,1.5624541543940966,2483.563341306459,0.4132727626191397,0.009771292114205075,0.957905679906192,0.9999652042816098,0.5913246050729664,0.2534028225169072,0.9998088416258881,0.9523809523809523,0.0,0.06772300441535067,0.0,starboard_vae,starboard,False,0.08847306668758392,2.1302504539489746,1.5095769166946411,1.3173989057540894,vae_candidate_pool_v1,belief_limited_heuristic_v1,925
VAE000888,vae_candidate_000888,0.5929762522211021,-666.9937133789062,-6432.0380859375,6471.953321451345,1.4941151354020397,-0.028979118574145025,4.945413418534278,39,8382.23788120554,2181.7546361815016,2.1325475224355697,1.6184983996136089,2578.971325572552,0.1875580070901093,0.04352727796085449,0.9912312493677526,0.9988624718515569,0.6140407918029885,0.2665684403044462,0.7612693989164543,0.9285714285714286,0.0,0.07190476940626618,0.0,starboard_vae,starboard,False,0.041689638048410416,0.9529604911804199,1.5081334114074707,1.0627758502960205,vae_candidate_pool_v1,belief_limited_heuristic_v1,926
VAE000035,vae_candidate_000035,0.5926895180778629,983.6407470703125,-6935.1259765625,6981.316514759707,1.7328116591021772,0.022137484070381245,4.53960887404366,34,8301.196834225626,2233.9188859778646,1.833457323345979,1.4309184785579971,3369.4710448491205,0.3892026782323932,0.01891929516564622,0.9626059491659305,0.9902330342625443,0.802255010678362,0.22918216541824737,0.8222533061954533,0.8095238095238095,0.0,0.07079529159386434,0.0,starboard_vae,starboard,False,0.04866086319088936,0.7638554573059082,2.4229214191436768,1.3681633472442627,vae_candidate_pool_v1,belief_limited_heuristic_v1,927
VAE000699,vae_candidate_000699,0.5926130559851687,4261.50341796875,-5202.72265625,6807.809886980239,2.2484103710203516,-0.01862316181340354,4.877788777719511,32,8329.750201530132,2298.2199704283953,1.6715770756531825,0.8745591207560379,7105.496078492328,0.14276435319761435,0.02540679166489842,0.9949132334049116,0.767260825439529,1.0,0.2089471344566478,0.9972439029064215,0.7619047619047619,0.0,0.06970330242946297,0.0,ahead_vae,ahead,False,0.08268193900585175,2.3952736854553223,2.5328729152679443,1.396559476852417,vae_candidate_pool_v1,belief_limited_heuristic_v1,928
VAE000985,vae_candidate_000985,0.5923809999591797,-248.64923095703125,-1042.497802734375,1059.7117850934014,1.3536830797694541,0.07507426332146279,5.470333701096623,35,8266.409201776103,2460.4507661792577,1.7208240431928237,1.8629838371418022,4737.287389324842,2.720630601893373,0.712070096475832,0.043651884407248376,0.957616059866326,1.0,0.21510300539910296,0.9930944592352506,0.8333333333333334,1.0,0.10036972257238877,0.10036972257238877,inside_convoy_envelope,inside,True,0.09453083574771881,0.7212041616439819,2.0440773963928223,1.9443061351776123,vae_candidate_pool_v1,belief_limited_heuristic_v1,929
VAE001030,vae_candidate_001030,0.5921646016514381,274.347412109375,-6661.283203125,6524.9469430982035,1.5900267213335406,0.025121359814720138,4.703874949689671,35,8194.060338999016,2375.828311280935,1.797851569022435,1.5766872920709727,2424.057732387474,0.3749618578690374,0.04009588661750284,0.9652607958251109,0.9999826483142384,0.5771566029493986,0.22473144612780438,0.9669827878594058,0.8333333333333334,0.0,0.06855938070773576,0.0,starboard_vae,starboard,False,0.07127630710601807,1.775855541229248,2.486008405685425,1.5120478868484497,vae_candidate_pool_v1,belief_limited_heuristic_v1,930
VAE001149,vae_candidate_001149,0.5916872085082464,676.2095947265625,-6681.412109375,6815.876955779446,1.648697103363492,0.036655416506483435,5.1746960316206625,37,8241.827189408712,2353.099229647915,1.9078225520203214,1.5295509667327842,2690.938746861196,0.3645200143497158,0.025067212228131804,0.9671474920463505,0.9991495307136883,0.640699701633618,0.23847781900254017,0.8934908115342772,0.8809523809523809,0.0,0.06881591498194854,0.0,starboard_vae,starboard,False,0.057980895042419434,2.3118581771850586,2.5389339923858643,1.1130502223968506,vae_candidate_pool_v1,belief_limited_heuristic_v1,931
VAE000743,vae_candidate_000743,0.5914995193888632,-117.80560302734375,1022.6235961914062,1071.7107892979677,-1.4506304378833503,0.001732315714643476,5.339605559637937,38,8153.620360898724,2656.658417692117,1.7542738593252225,-1.6892298999917994,3601.454858656536,2.600209631929822,0.7163933145242605,0.07150159995633276,0.9929949381638193,0.8574892520610801,0.2192842324156528,0.912210486631889,0.9047619047619048,1.0,0.0980452906732459,0.0980452906732459,inside_convoy_envelope,inside,True,0.06081385165452957,1.801370620727539,1.5178732872009277,1.9269675016403198,vae_candidate_pool_v1,belief_limited_heuristic_v1,932
VAE000415,vae_candidate_000415,0.5906319390265677,-3716.20703125,-6162.43408203125,7314.910691972075,1.0550901681369775,0.03343652818197851,5.016085413755092,36,8218.478353887194,2454.306213441147,1.7847703326389839,2.1199390136347938,6383.140626866982,0.4835521665233138,0.010395136535044614,0.9426745068526712,0.8529723153478808,1.0,0.22309629157987299,0.909535559973383,0.8571428571428571,0.0,0.06714350973374247,0.0,astern_vae,astern,False,0.06039445847272873,0.9423654675483704,3.0033862590789795,1.7076267004013062,vae_candidate_pool_v1,belief_limited_heuristic_v1,933
VAE000978,vae_candidate_000978,0.5900797652323829,4004.5556640625,5905.87158203125,7064.500816599402,-2.1829216528371647,0.03220262343769955,4.575420155510571,31,8335.769507092005,2317.4410639306707,1.6047496817703213,-0.9264683773149289,6859.7764014675495,0.0722775316051063,0.016359250042148405,0.9986945580616553,0.7995036221783254,1.0,0.20059371022129016,0.9360718979186461,0.7380952380952381,0.0,0.06930694045971766,0.0,ahead_vae,ahead,False,0.06483660638332367,2.132129430770874,1.5095913410186768,1.6551897525787354,vae_candidate_pool_v1,belief_limited_heuristic_v1,934
VAE000717,vae_candidate_000717,0.5899009314928656,156.7088623046875,6543.1396484375,6512.9221121742585,-1.6062996690860125,-0.0747961065922484,5.1986921473542065,36,8235.641420564403,2520.527721958358,1.7342575473630735,-1.610089091096029,2842.100078557447,0.4240579975365524,0.04085378432386792,0.955713367937576,0.9992281386522208,0.6766904948946302,0.21678219342038418,0.8245916403229518,0.8571428571428571,0.0,0.06644501193880498,0.0,port_vae,port,False,0.04894197732210159,2.0103354454040527,2.916245698928833,1.5415053367614746,vae_candidate_pool_v1,belief_limited_heuristic_v1,935
VAE000425,vae_candidate_000425,0.5892988222774465,-574.7970581054688,6198.775390625,6189.172031259276,-1.4756681393986635,0.035204290688515605,5.319818460615124,37,8299.709022550956,2554.5294100881624,1.745130666221197,-1.630720223502614,3046.997592120403,0.64045975574881,0.06626161210269459,0.9009105545425011,0.9982051005028667,0.7254756171715245,0.21814133327764962,0.8099259714406442,0.8809523809523809,0.0,0.0660978981243905,0.0,port_vae,port,False,0.047198664397001266,1.0959872007369995,2.460691213607788,1.1210508346557617,vae_candidate_pool_v1,belief_limited_heuristic_v1,936
VAE000357,vae_candidate_000357,0.5888544685548213,293.99371337890625,-6500.22314453125,6690.099124552541,1.6201741545429476,0.067693782591051,4.874276679378534,37,8347.903629096181,2464.5007198064036,1.7984374929595033,1.5891122816378964,2616.9786202135756,0.2707190090786653,0.030832168828008665,0.9817894324678034,0.9998322675883313,0.6230901476698989,0.2248046866199379,0.8176305955811333,0.8809523809523809,0.0,0.06713675307499706,0.0,starboard_vae,starboard,False,0.04810874164104462,2.2648746967315674,2.4317212104797363,1.9303009510040283,vae_candidate_pool_v1,belief_limited_heuristic_v1,937
VAE000808,vae_candidate_000808,0.5882002771485529,4542.63330078125,-3841.590087890625,5905.066245191511,2.440135084900871,-0.02601945251057581,4.682188865120169,36,8375.771657761024,2380.3391447219346,1.805671873183652,0.6754381161783469,8025.011001631045,0.18364770887739912,0.09803813442818676,0.9915920505377009,0.6252392970893944,1.0,0.2257089841479565,0.9205807009259128,0.8571428571428571,0.0,0.06868444744747154,0.0,ahead_vae,ahead,False,0.11236988753080368,2.0360682010650635,1.9326441287994385,1.3716599941253662,vae_candidate_pool_v1,belief_limited_heuristic_v1,938
VAE001188,vae_candidate_001188,0.5881288181730294,-359.43212890625,-6767.9091796875,6851.351823672009,1.514631223514767,0.01258329862832896,5.066253577145403,38,8297.242505502376,2324.2149008477622,1.9704868090537122,1.6395447287033547,2888.697479223909,0.3807986855969985,0.02362007192608247,0.9641840452872481,0.997637759234056,0.6877851141009307,0.24631085113171403,0.7880915525814249,0.9047619047619048,0.0,0.06926246105653527,0.0,starboard_vae,starboard,False,0.04468069598078728,2.058464527130127,1.9383339881896973,1.830931544303894,vae_candidate_pool_v1,belief_limited_heuristic_v1,939
VAE000755,vae_candidate_000755,0.5872023836965579,4484.0400390625,-7173.41162109375,8475.2775562977,2.157252825592617,0.010744572332725537,4.720458264714745,38,8368.928031772113,2315.0286522460265,1.96136035634217,0.9950844003299023,6498.170451880924,0.09384148400383285,0.0009329805911729021,0.9978000591121325,0.8388049194054803,1.0,0.24517004454277125,0.7279409883293844,0.9047619047619048,0.0,0.0690562502375209,0.0,ahead_vae,ahead,False,0.13644134998321533,2.35772705078125,2.9049763679504395,1.332004427909851,vae_candidate_pool_v1,belief_limited_heuristic_v1,940
VAE000491,vae_candidate_000491,0.587056027584906,209.48512268066406,6536.32373046875,6436.962896186638,-1.590557747556676,-0.015256151078663465,5.32480297430134,38,8320.642757470252,2363.4419416273313,1.9323321610054833,-1.5662910571117807,2400.904568484934,0.36358666338496026,0.04592565156753547,0.9673136587694209,0.9999898512897073,0.5716439448773653,0.24154152012568542,0.823471110471276,0.9047619047619048,0.0,0.0687520119842707,0.0,port_vae,port,False,0.048807110637426376,1.3662664890289307,2.8634142875671387,1.8219127655029297,vae_candidate_pool_v1,belief_limited_heuristic_v1,941
VAE000191,vae_candidate_000191,0.5869824159207968,-4005.61865234375,3916.738525390625,5596.504501753207,-0.8044004686114737,-0.08437302846075158,5.08621164061631,35,8248.531733297425,2550.3089661466292,1.663790334697951,-2.421565213439071,7882.831418451813,0.4809216025773172,0.1449304741990477,0.9432844846380373,0.6594053013857463,1.0,0.20797379183724388,0.8181742277771439,0.8333333333333334,0.0,0.06644779205407422,0.0,astern_vae,astern,False,0.04817342758178711,1.7220033407211304,1.475630760192871,1.2800147533416748,vae_candidate_pool_v1,belief_limited_heuristic_v1,942
VAE000889,vae_candidate_000889,0.5864960945102566,129.1820068359375,6826.06982421875,6849.412134799643,-1.5412506962719472,0.05243392495853521,4.653990749430915,36,8189.043310296321,2584.967731258599,1.7006471150339875,-1.5479080323593106,2771.7075317230942,0.38527926054356176,0.023697285523623678,0.9633467588435101,0.9997380744238816,0.6599303646959748,0.21258088937924843,0.8428228301220971,0.8571428571428571,0.0,0.06550238473893412,0.0,port_vae,port,False,0.05118006467819214,2.026949882507324,2.368272304534912,1.3511974811553955,vae_candidate_pool_v1,belief_limited_heuristic_v1,943
VAE000333,vae_candidate_000333,0.5852396566498353,1042.726318359375,-720.4466552734375,1084.1400113260763,2.5410159369892176,0.024211759202275872,5.161578037875513,37,8249.020996419926,2696.977252376992,1.6631140466699406,0.6247884758028512,8268.203932994244,1.9746439015544424,0.7208578420550981,0.3035203489203945,0.5849257215296175,1.0,0.20788925583374257,0.87746546188704,0.8809523809523809,1.0,0.09706616212837747,0.09706616212837747,inside_convoy_envelope,inside,True,0.05571535974740982,2.138709545135498,2.4058194160461426,1.2558554410934448,vae_candidate_pool_v1,belief_limited_heuristic_v1,944
VAE001141,vae_candidate_001141,0.5848898707146739,-375.5247802734375,-8660.0263671875,8704.653350294482,1.514653312206814,-0.016904223120483106,4.811763599624955,35,8234.272411655107,2526.9891016329125,1.6820521053882298,1.610035118262496,2848.0639622248723,0.24106279943966036,0.0005454370127570947,0.9855423980488167,0.9992302573929697,0.6781104671963981,0.21025651317352873,0.8398563802572689,0.8333333333333334,0.0,0.06585589137325355,0.0,starboard_vae,starboard,False,0.12372300028800964,1.3526197671890259,1.510323405265808,1.6328524351119995,vae_candidate_pool_v1,belief_limited_heuristic_v1,945
VAE000288,vae_candidate_000288,0.5848782010929733,210.981201171875,724.5933227539062,764.8822665582281,-1.8379243754188868,0.040553386106867734,5.498998619644127,36,8171.549429892844,2541.947297723799,1.7331316231950002,-1.2631148920640387,4897.325024230079,2.027878774484082,0.6032592035404383,0.27933402941347907,0.9530383078614915,1.0,0.21664145289937503,0.7937664590676936,0.8571428571428571,1.0,0.12315711961282313,0.12315711961282313,inside_convoy_envelope,inside,True,0.045327141880989075,1.5983537435531616,1.4970219135284424,1.5879815816879272,vae_candidate_pool_v1,belief_limited_heuristic_v1,946
VAE000656,vae_candidate_000656,0.5846820385036876,367.591796875,330.86016845703125,499.3575467504137,-2.4493087395102555,-0.014947110216217476,4.640796294233362,34,8162.419452437477,2410.1224745369864,1.7283070274864865,-0.7072310242957551,7770.708650802353,1.0259769952224442,0.5051594103960645,0.7591317937707578,0.6497313892183068,1.0,0.2160383784358108,0.8741046412202386,0.8095238095238095,1.0,0.17362330491960729,0.17362330491960729,inside_convoy_envelope,inside,True,0.05525558441877365,2.1488122940063477,1.504384160041809,1.037827491760254,vae_candidate_pool_v1,belief_limited_heuristic_v1,947
VAE001059,vae_candidate_001059,0.5842921081941099,859.0826416015625,-849.3924560546875,1131.7039673562408,2.338841744293155,0.008927700166573361,4.850840415935477,37,8295.609243056308,2502.8644560868524,1.7820344949107076,0.8116786094632115,7525.402638191805,2.329844031633533,0.7378030078152771,0.15588456249532512,0.725443551998513,1.0,0.22275431186383846,0.9098986635088852,0.8809523809523809,1.0,0.09639034638268859,0.09639034638268859,inside_convoy_envelope,inside,True,0.06045107543468475,2.250662088394165,1.5157214403152466,1.9245245456695557,vae_candidate_pool_v1,belief_limited_heuristic_v1,948
VAE000289,vae_candidate_000289,0.5840216988761625,-38.169097900390625,-6359.47802734375,6265.635606039764,1.6130635320370663,0.025472587026060922,4.9757640722941225,34,8202.831999040965,2474.5530618606817,1.6750135680737015,1.5540017085787883,2611.961040399246,0.4825424242412031,0.059321118128353396,0.94290900937155,0.9998589737143477,0.6218954858093443,0.2093766960092127,0.826797351984601,0.8095238095238095,0.0,0.06718088576181686,0.0,starboard_vae,starboard,False,0.04920831322669983,2.2711400985717773,1.5001248121261597,1.7570170164108276,vae_candidate_pool_v1,belief_limited_heuristic_v1,949
VAE000399,vae_candidate_000399,0.5838319343177544,704.4091186523438,-7099.0185546875,7175.642527124256,1.685153552011644,0.001976383849489755,4.461303839616111,34,8220.383623751542,2163.5167264946454,1.9117300840002278,1.4584154854276392,3071.7393941515797,0.47201381144819776,0.013416136517300305,0.945327226688423,0.9936919164119234,0.7313665224170428,0.23896626050002848,0.8619896992140853,0.8095238095238095,0.0,0.07210183681950558,0.0,starboard_vae,starboard,False,0.05363636836409569,1.125998616218567,1.9691258668899536,1.4444904327392578,vae_candidate_pool_v1,belief_limited_heuristic_v1,950
VAE000519,vae_candidate_000519,0.5831367199420348,547.0360717773438,8112.6162109375,8237.32336914238,-1.6074806930404584,-0.04168195191565689,5.035544848203779,36,8309.849722337434,2551.61985313505,1.6978266970428253,-1.5757939124649916,2593.117001770036,0.1182877137385181,0.0015943727502254492,0.996506080951038,0.9999875120947264,0.6174088099452467,0.21222833713035316,0.8374814173986846,0.8571428571428571,0.0,0.06558092666005631,0.0,port_vae,port,False,0.12401758134365082,1.4734516143798828,2.9916183948516846,1.1090171337127686,vae_candidate_pool_v1,belief_limited_heuristic_v1,951
VAE001197,vae_candidate_001197,0.5826663274784788,-392.11566162109375,600.0289916992188,781.7542883025794,-1.019433151844342,0.04130639399044792,5.000456233906144,34,8193.460412701002,2341.9653068309835,1.7718669196530439,-2.0808531077550034,6044.139407417867,1.9749056341716882,0.6095514124671899,0.30340001677010364,0.8727167870660879,1.0,0.22148336495663049,0.8740462173647706,0.8095238095238095,1.0,0.12286835052962161,0.12286835052962161,inside_convoy_envelope,inside,True,0.05524763464927673,0.7491559982299805,2.4527204036712646,1.5410642623901367,vae_candidate_pool_v1,belief_limited_heuristic_v1,952
VAE000692,vae_candidate_000692,0.5825847347567852,541.844482421875,-8894.19140625,9004.359003554331,1.6579382750380574,-0.039816238342833266,5.042570700070653,36,8112.56930778378,2418.5030546177645,1.8348367937737502,1.443838140208902,3426.2304874675037,0.548261279632779,0.0002624932902013984,0.9267160199392136,0.9919516287070819,0.815769163682739,0.22935459922171877,0.8080500156234027,0.8571428571428571,0.0,0.06740009601077307,0.0,starboard_vae,starboard,False,0.0469788983464241,1.1099088191986084,2.9916844367980957,1.9081904888153076,vae_candidate_pool_v1,belief_limited_heuristic_v1,953
VAE000432,vae_candidate_000432,0.5822952846155952,-639.4092407226562,-6711.009765625,6585.242195905855,1.5016493320069786,-0.013176426214770616,5.104887218249226,34,8409.106107984533,2279.463757588406,1.7737662737093334,1.6267668953680439,2746.3109938264884,0.5467304800866449,0.036472351404412365,0.92711444934043,0.9984340565940092,0.6538835699586877,0.22172078421366667,0.9033616320441824,0.8095238095238095,0.0,0.07007414789972527,0.0,starboard_vae,starboard,False,0.0594460666179657,1.0252219438552856,1.5157902240753174,1.7972075939178467,vae_candidate_pool_v1,belief_limited_heuristic_v1,954
VAE001041,vae_candidate_001041,0.5817043485338422,-243.65631103515625,1007.3468627929688,936.0791692385396,-1.3036408770036778,-0.02239443305688175,4.869976247090063,36,8326.662755835749,2418.4506324726926,1.787698594953985,-1.860346209642997,4695.212584419665,2.610280347687433,0.6668993755967969,0.06892854331121445,0.9583724904367801,1.0,0.22346232436924812,0.9999503359489925,0.8571428571428571,1.0,0.10844413608202606,0.10844413608202606,inside_convoy_envelope,inside,True,0.08788146078586578,2.12790584564209,2.514594554901123,1.284482479095459,vae_candidate_pool_v1,belief_limited_heuristic_v1,955
VAE000486,vae_candidate_000486,0.5805362576477572,-89.45196533203125,-7134.8525390625,7047.439804177273,1.5604457196446264,0.05557739317901724,5.27451491767681,34,8237.224731036995,2406.881589610359,1.7149176783443354,1.636724327124184,2944.3231627903274,0.5012821638127065,0.016858008735667875,0.9384835693170481,0.9978275364419568,0.7010293244738874,0.21436470979304192,0.8602274378769424,0.8095238095238095,0.0,0.0679114451652414,0.0,starboard_vae,starboard,False,0.05340544879436493,1.468018889427185,1.5273840427398682,1.918413758277893,vae_candidate_pool_v1,belief_limited_heuristic_v1,956
VAE000363,vae_candidate_000363,0.5803946127353995,-2654.8369140625,-8472.4462890625,8876.231325706927,1.2677372830962692,0.08629879364898484,5.064891564848771,35,8199.537982856378,2479.1492205355366,1.7217734018992696,1.9601541641425089,5406.091026001366,0.5439548260253354,0.00036033963134111285,0.9278343303562233,0.9251530119378998,1.0,0.2152216752374087,0.7202902815908926,0.8333333333333334,0.0,0.06650479156821455,0.0,starboard_vae,starboard,False,0.03728014603257179,0.7256894707679749,2.878044605255127,1.3653910160064697,vae_candidate_pool_v1,belief_limited_heuristic_v1,957
VAE000567,vae_candidate_000567,0.5800465756634987,4688.31005859375,-3684.386962890625,5963.906489521039,2.444885440684534,-0.026847304444171723,5.481286813111324,33,8417.231441181893,2402.575297726381,1.631802760930833,0.6698599084610877,8090.042320632495,0.2784507070981488,0.09062489140545416,0.9807412202848287,0.6208761741598893,1.0,0.20397534511635412,0.9508331296748038,0.7857142857142857,0.0,0.06830609940891377,0.0,ahead_vae,ahead,False,0.10686098039150238,2.2250049114227295,1.4891128540039062,1.3567248582839966,vae_candidate_pool_v1,belief_limited_heuristic_v1,958
VAE000440,vae_candidate_000440,0.5800111563606108,527.297119140625,-880.305419921875,1015.094543127036,2.117315034145163,0.020309407521987195,5.771772585836286,32,8155.777984645941,2340.0320119139365,1.6767286483793646,1.0445870269666175,6119.7794096167045,2.4362519374669374,0.6958898326001262,0.11930464400716312,0.8647171922427722,1.0,0.20959108104742058,0.9635014828626498,0.7619047619047619,1.0,0.10412104997487807,0.10412104997487807,inside_convoy_envelope,inside,True,0.10409356653690338,0.7111688256263733,2.024681329727173,1.307063102722168,vae_candidate_pool_v1,belief_limited_heuristic_v1,959
VAE000858,vae_candidate_000858,0.5796762060492165,-4615.6943359375,2948.93408203125,5359.792911747103,-0.5719963115549249,0.009361091882079103,4.590722102971323,33,8169.066722456781,2464.7348851462766,1.6389710580880232,-2.560235250152789,8180.566993353193,0.33270520341510623,0.1908962206438297,0.972581140332158,0.5491588488400623,1.0,0.2048713822610029,0.7529092637790991,0.7857142857142857,0.0,0.06777193931763958,0.0,astern_vae,astern,False,0.04077623784542084,1.2728692293167114,2.0371923446655273,1.8610115051269531,vae_candidate_pool_v1,belief_limited_heuristic_v1,960
VAE000957,vae_candidate_000957,0.5789235095364196,3719.6806640625,-7091.77294921875,8012.063689692707,2.109783442603091,-0.05041470766155921,4.979596041347384,31,8129.80168602918,2448.1989147569943,1.5575250526335844,0.9813945033251434,6554.185532170729,0.2513285453660745,0.0025961255104448317,0.9842914396713739,0.8312733325249849,1.0,0.19469063157919805,0.8155042976545983,0.7380952380952381,0.0,0.06710835262861264,0.0,starboard_vae,starboard,False,0.047856345772743225,1.8177647590637207,2.9359734058380127,1.6912437677383423,vae_candidate_pool_v1,belief_limited_heuristic_v1,961
VAE000277,vae_candidate_000277,0.5786721143343785,-2607.943115234375,-7396.47607421875,8054.174354538378,1.205229867634212,0.04995786238963143,4.884436205074699,33,8202.660148853258,2287.253205377734,1.7589155025990615,1.9863206483452134,5403.784202350927,0.5094207671428247,0.0023734297643451824,0.9365135647619509,0.914904793546222,1.0,0.21986443782488269,0.7276498083426486,0.7857142857142857,0.0,0.06964069307708891,0.0,starboard_vae,starboard,False,0.03806060552597046,1.2307956218719482,1.527051329612732,1.1661186218261719,vae_candidate_pool_v1,belief_limited_heuristic_v1,962
VAE000856,vae_candidate_000856,0.578039331437273,168.51974487304688,-6709.412109375,6730.718915472256,1.6124071942172384,0.04180970398389534,5.2608399294172274,38,8225.83693150789,2493.7911859209553,1.852436864718645,1.5709951633564494,2495.4267337443025,0.490685736131989,0.02885729379968674,0.9410049630038901,0.999999980232011,0.5941492223200721,0.23155460808983064,0.825486927719285,0.9047619047619048,0.0,0.06674239576932017,0.0,starboard_vae,starboard,False,0.049049943685531616,1.1868441104888916,1.4874861240386963,1.059985637664795,vae_candidate_pool_v1,belief_limited_heuristic_v1,963
VAE000911,vae_candidate_000911,0.5779414833233123,-664.9485473632812,490.883544921875,827.1555111995751,-0.6107255150418182,-0.07479340723650033,4.89609582202243,37,8289.320517053166,2392.5085280762514,1.865646239481559,-2.6056605457844753,8348.816963153069,1.6488411343854508,0.6264761512483855,0.46101719833348953,0.5106426809353054,1.0,0.23320577993519487,0.9936597949950127,0.8809523809523809,1.0,0.11775139923182774,0.11775139923182774,inside_convoy_envelope,inside,True,0.08030678331851959,1.1208549737930298,1.9971559047698975,1.6845046281814575,vae_candidate_pool_v1,belief_limited_heuristic_v1,964
VAE000412,vae_candidate_000412,0.5776159758136841,3646.365234375,6132.701171875,7117.2898640313615,-2.063752605288853,0.004291387364868061,5.46722499096051,35,8522.83826588891,2320.176135385888,1.7699575143455861,-1.0735486609360723,6104.66477238648,0.543675800086588,0.014897186300737596,0.9279065150177025,0.8788987755099726,1.0,0.22124468929319827,0.7414321063680991,0.8333333333333334,0.0,0.0692025334263408,0.0,ahead_vae,ahead,False,0.039534684270620346,2.086515426635742,2.945038318634033,1.238731861114502,vae_candidate_pool_v1,belief_limited_heuristic_v1,965
VAE001043,vae_candidate_001043,0.5775716772833174,218.2997589111328,-937.940185546875,988.5118850535832,1.8049527899330233,0.02186143587854256,4.684344213435603,35,8254.837938542618,2505.2029435239483,1.6924528540153807,1.3585012995353127,4188.28794654736,2.9365686147730377,0.6861795086403949,0.010471954638515635,0.9775499182747618,0.9972114158446095,0.2115566067519226,0.9991531963810026,0.8333333333333334,1.0,0.10411922306534911,0.10411922306534911,inside_convoy_envelope,inside,True,0.0898064449429512,2.2479407787323,2.405510187149048,1.8336395025253296,vae_candidate_pool_v1,belief_limited_heuristic_v1,966
VAE000304,vae_candidate_000304,0.5772101494758477,-471.48052978515625,-514.0552368164062,692.6912481755056,0.7903581210079165,-0.022501917671388545,5.02335026483427,39,8136.413717368769,2451.475270226315,1.955257980388815,2.3287326149104883,7373.566210230736,1.728396542911181,0.576360818175802,0.42152569099479514,0.7262562016014921,1.0,0.24440724754860188,0.9011844483057221,0.9285714285714286,1.0,0.13317458960763395,0.13317458960763395,inside_convoy_envelope,inside,True,0.059117741882801056,1.4616875648498535,2.949995279312134,1.4225560426712036,vae_candidate_pool_v1,belief_limited_heuristic_v1,967
VAE001003,vae_candidate_001003,0.576826632528661,-4536.16064453125,1120.673583984375,4753.902566998151,-0.22992221400657084,0.004311965923759482,4.90739249734442,35,8396.370146635998,2555.977410815823,1.6308704255042763,-2.9073584736594626,8760.322812888107,0.07537387536727841,0.3508413897366969,0.9985803670230582,0.23209814630566397,1.0,0.20385880318803454,0.7203116279256563,0.8333333333333334,0.0,0.0669270055336661,0.0,astern_vae,astern,False,0.03728240355849266,0.9800234436988831,1.9132623672485352,1.4467582702636719,vae_candidate_pool_v1,belief_limited_heuristic_v1,968
VAE000571,vae_candidate_000571,0.5764122917179588,-505.24346923828125,1052.81787109375,1156.4251190559153,-1.1114401247992467,0.010945097694470749,4.859922017084624,34,8190.547960213732,2319.8815474105145,1.789369987763527,-2.019207431096076,5641.414507983448,2.778139170411259,0.7465146941264652,0.03266266402270168,0.9011370802987351,1.0,0.22367124847044087,0.8045783608459188,0.8095238095238095,1.0,0.09726468153713769,0.09726468153713769,inside_convoy_envelope,inside,True,0.04657399654388428,2.24507474899292,1.9856188297271729,1.8274179697036743,vae_candidate_pool_v1,belief_limited_heuristic_v1,969
VAE001162,vae_candidate_001162,0.5759873577727385,65.36532592773438,-8422.9267578125,8499.687320581103,1.5440940907427758,0.049295852798798785,4.597963213828799,33,8118.6437766094805,2164.7439367629945,1.8776901228809777,1.6467944156458156,2774.903124762358,0.12608822597077585,0.0008820115822028027,0.9960307027377076,0.9971135349287803,0.6606912201815138,0.2347112653601222,0.7569968260558556,0.7857142857142857,0.0,0.07185549031341523,0.0,starboard_vae,starboard,False,0.041221827268600464,2.4098165035247803,2.480297565460205,1.4304838180541992,vae_candidate_pool_v1,belief_limited_heuristic_v1,970
VAE001052,vae_candidate_001052,0.5748114194930719,-4136.3505859375,-6432.44384765625,7661.68647066425,1.032342056904592,0.02723967921285433,4.736478681741254,39,8073.973283848846,2384.290718930315,2.0259004025883534,2.1364902758980557,6340.522510947843,0.5625380316206647,0.005334690104898965,0.9229521081271596,0.8442168457655386,1.0,0.25323755032354417,0.7430435607889717,0.9285714285714286,0.0,0.06815774440300078,0.0,astern_vae,astern,False,0.03970819339156151,1.6347217559814453,1.999969244003296,1.426153540611267,vae_candidate_pool_v1,belief_limited_heuristic_v1,971
VAE000729,vae_candidate_000729,0.5739150756742439,-4754.330078125,4673.97265625,6653.225038718781,-0.7818429762011508,-0.017622277830589145,4.640549082362764,35,8438.664545310268,2390.7230382828643,1.7348624799141086,-2.3773719552192314,7746.37583250589,0.4406256870947691,0.03272404261555233,0.9522424906564295,0.6919746138810373,1.0,0.21685780998926357,0.9754469488007484,0.8333333333333334,0.0,0.06822352753293301,0.0,astern_vae,astern,False,0.07350724935531616,0.8515233397483826,2.4103167057037354,1.3007441759109497,vae_candidate_pool_v1,belief_limited_heuristic_v1,972
VAE000562,vae_candidate_000562,0.5736171186750674,464.83905029296875,-8294.7998046875,8273.055858677346,1.632118252414418,-0.007322621606801366,5.073293832341782,35,8231.58007113621,2369.061859830945,1.7947684905126147,1.502151779568574,2928.091883492564,0.525584169380644,0.001473116198776796,0.9325155003507587,0.9976448880744169,0.6971647341648962,0.22434606131407683,0.8324039256350563,0.8333333333333334,0.0,0.06824084156596832,0.0,starboard_vae,starboard,False,0.049890585243701935,0.7792237997055054,2.4828317165374756,1.8526307344436646,vae_candidate_pool_v1,belief_limited_heuristic_v1,973
VAE001050,vae_candidate_001050,0.5717170186863206,-484.42779541015625,-459.1498107910156,829.3722844825077,0.7142597464859678,0.0009123593906595963,5.294669481338231,33,8241.682749864884,2331.957648332329,1.7170280423275917,2.428245266494485,7758.120118492609,1.8636217198959897,0.6273019340756693,0.35567075210891297,0.6543686451426859,1.0,0.21462850529094896,0.984311698169159,0.7857142857142857,1.0,0.11810791953973727,0.11810791953973727,inside_convoy_envelope,inside,True,0.07629284262657166,1.4789636135101318,2.518157720565796,1.8316426277160645,vae_candidate_pool_v1,belief_limited_heuristic_v1,974
VAE001063,vae_candidate_001063,0.5709742996131826,-4752.02587890625,2181.776611328125,5342.108199766322,-0.42904319544609415,-0.021970299336114538,5.067571874094408,35,8202.088153712946,2500.7000453212722,1.7064045864100983,-2.7345197574798137,8521.928510057112,0.14808399332968208,0.1947000673611634,0.9945277936451971,0.3959231162611631,1.0,0.2133005733012623,0.8694898529497702,0.8333333333333334,0.0,0.06727270580217037,0.0,astern_vae,astern,False,0.054632000625133514,1.6178805828094482,1.519718885421753,1.9397387504577637,vae_candidate_pool_v1,belief_limited_heuristic_v1,975
VAE001117,vae_candidate_001117,0.5708128465701834,-318.44134521484375,794.6414794921875,794.3556330101043,-1.2150460484064085,0.023636316532049822,4.8641559449830165,37,8171.96034927197,2438.9024821500934,1.8564405138141287,-1.9029102886513347,4970.033114736494,2.3749462485666566,0.6142505750330548,0.13987940807428345,0.9453552155840649,1.0,0.23205506422676608,0.962324808660842,0.8809523809523809,1.0,0.12067825845578968,0.12067825845578968,inside_convoy_envelope,inside,True,0.07016507536172867,2.278167724609375,2.4903974533081055,1.217283844947815,vae_candidate_pool_v1,belief_limited_heuristic_v1,976
VAE000471,vae_candidate_000471,0.5681533288099102,-377.8148193359375,6053.4453125,6148.347028231622,-1.5219667144323574,0.048112362076198054,5.068300610832865,35,8390.135938482263,2163.6067661889006,1.9280607603715654,-1.5715135770812376,2169.6240365457074,0.6508694406428096,0.0702303613144777,0.8977786620335562,0.9999997427760244,0.5165771515585018,0.24100759504644567,0.8344021110611272,0.8333333333333334,0.0,0.0723705558080832,0.0,port_vae,port,False,0.05013564974069595,1.3391618728637695,2.9272074699401855,1.212732195854187,vae_candidate_pool_v1,belief_limited_heuristic_v1,977
VAE000671,vae_candidate_000671,0.5681112588063651,5125.3857421875,4945.115234375,7066.104999053496,-2.358128782014084,-0.028579688431718066,4.851683233618464,33,8145.190545470157,2574.6675569452254,1.573589796412175,-0.8120435600074273,7472.451085214746,0.3719506322252708,0.016313027156776183,0.9658100968011062,0.7256946924512986,1.0,0.19669872455152188,0.883719050844095,0.7857142857142857,0.0,0.0655836179600436,0.0,ahead_vae,ahead,False,0.11794854700565338,1.809728980064392,1.4943569898605347,1.2598929405212402,vae_candidate_pool_v1,belief_limited_heuristic_v1,978
VAE000104,vae_candidate_000104,0.5678085401012412,-4121.5224609375,-4639.640625,6282.04944733497,0.8714221649054117,-0.05704105014645525,4.773435561075607,32,8227.283238097474,2456.448802495118,1.5833823971491061,2.2131294385379268,6895.55819954994,0.5316593794334947,0.05791206886365132,0.9309835056918674,0.8007002523840306,1.0,0.19792279964363826,0.6815283178308983,0.7619047619047619,0.0,0.0674264767136928,0.0,astern_vae,astern,False,0.03323044627904892,1.1422266960144043,2.4988481998443604,1.0860549211502075,vae_candidate_pool_v1,belief_limited_heuristic_v1,979
VAE000323,vae_candidate_000323,0.5673461764866762,-2852.273193359375,7168.451171875,7754.943660385657,-1.2134127902101635,-0.019624441388882616,5.396940257975561,31,8409.107374797783,2530.5688833381,1.4567788659391552,-1.9478043047685123,5448.578445804713,0.6960107966848397,0.004424116800315978,0.8837030050294898,0.9297702793444433,1.0,0.1820973582423944,0.7499351606483212,0.7380952380952381,0.0,0.06592805678883192,0.0,port_vae,port,False,0.04045318812131882,2.2578465938568115,1.46299147605896,1.046848177909851,vae_candidate_pool_v1,belief_limited_heuristic_v1,980
VAE000160,vae_candidate_000160,0.5673250761532092,193.53656005859375,-7613.4306640625,7753.545657313997,1.6139238270592853,0.0716344689519523,5.603082339369144,37,8343.76564307602,2344.520682542029,1.891409467206402,1.5993032954824609,2581.391364694746,0.5277607848029111,0.00443665461680632,0.931968452208036,0.99959370388386,0.6146169915939871,0.23642618340080024,0.8047619063406377,0.8809523809523809,0.0,0.0687009114662312,0.0,starboard_vae,starboard,False,0.04659534618258476,0.855069100856781,2.501469373703003,1.7820229530334473,vae_candidate_pool_v1,belief_limited_heuristic_v1,981
VAE000922,vae_candidate_000922,0.5578902083833189,-4741.26416015625,6729.3388671875,8224.918502913906,-0.9397658608923758,-0.012630935284238256,5.185569389511406,31,8440.377845133129,2373.103736434844,1.547686811720907,-2.2144577279816557,6963.563715181954,0.5662659260973157,0.0016385766208971747,0.921955063497185,0.7999038142868665,1.0,0.19346085146511338,0.8193238006954303,0.7380952380952381,0.0,0.06813197707675694,0.0,astern_vae,astern,False,0.048310425132513046,1.408915638923645,1.9542829990386963,1.672838568687439,vae_candidate_pool_v1,belief_limited_heuristic_v1,982
VAE000550,vae_candidate_000550,0.557252079337555,-433.860595703125,-811.1310424804688,848.3907898731659,1.0736464223516626,0.028985357425341883,4.897427944869609,34,8188.336210138094,2610.8825184522857,1.5903617442739468,2.0969315886634723,6369.914001958017,2.286772070564705,0.6343830703647315,0.171823058996391,0.8647543761097962,1.0,0.19879521803424335,0.8184325179672715,0.8095238095238095,1.0,0.11403231543818688,0.11403231543818688,inside_convoy_envelope,inside,True,0.04820418357849121,2.1118276119232178,2.0975239276885986,1.1664334535598755,vae_candidate_pool_v1,belief_limited_heuristic_v1,983
VAE000600,vae_candidate_000600,0.553849653854672,818.713134765625,-601.83984375,937.2185012797306,2.4854164312003904,0.01569275994312601,5.47727580780465,39,8282.505399665746,2436.0827025035164,1.9329065211801528,0.6718689823325292,7998.722387066579,2.146664647528542,0.6673198798437411,0.22771836317636412,0.6224498504478824,1.0,0.2416133151475191,0.8670325905516668,0.9285714285714286,1.0,0.10820543010632552,0.10820543010632552,inside_convoy_envelope,inside,True,0.05430344492197037,2.1015655994415283,1.4919710159301758,1.6437827348709106,vae_candidate_pool_v1,belief_limited_heuristic_v1,984
VAE001090,vae_candidate_001090,0.5512124012328407,-918.8945922851562,485.551025390625,1037.461185810947,-0.5188312127386729,-0.0003771810207997255,5.173135696918246,34,8087.874147771565,2387.015564382893,1.7611213477441263,-2.6231386218719197,8207.873443746561,1.973230242595507,0.7040207478867678,0.3041705142220793,0.4955379236756495,1.0,0.2201401684680158,0.7946260726380445,0.8095238095238095,1.0,0.10235380126871545,0.10235380126871545,inside_convoy_envelope,inside,True,0.045425526797771454,2.1335840225219727,1.962783932685852,1.282368540763855,vae_candidate_pool_v1,belief_limited_heuristic_v1,985
VAE000450,vae_candidate_000450,0.5471406839523352,134.42950439453125,-891.8150024414062,865.7566671934891,1.6939738373473145,-0.02029102845544245,4.548706333792558,38,8334.948024834595,2403.2652740468784,1.89705092534428,1.4273277877870358,3570.2789884319677,3.132269148020686,0.640842131624663,2.173178159903255e-05,0.9897260299257796,0.8500664258171352,0.237131365668035,0.9972451194065164,0.9047619047619048,1.0,0.11413057074054334,0.11413057074054334,inside_convoy_envelope,inside,True,0.08268295228481293,2.180525779724121,2.9235291481018066,1.917550802230835,vae_candidate_pool_v1,belief_limited_heuristic_v1,986
VAE000014,vae_candidate_000014,0.5457908937166961,-106.2298583984375,803.5493774414062,857.3328910828952,-1.4480132109664337,-0.0009890352553408325,4.859356174953901,36,8351.576885721483,2336.181057294226,1.845132331789956,-1.6945684778787002,3349.3646479867857,2.775487293454,0.6377099023658489,0.03313568347078233,0.992350001002191,0.797467773330187,0.2306415414737445,0.9999996311645684,0.8571428571428571,1.0,0.11549491398989975,0.11549491398989975,inside_convoy_envelope,inside,True,0.08721346408128738,0.8874333500862122,2.937739849090576,1.7677804231643677,vae_candidate_pool_v1,belief_limited_heuristic_v1,987
VAE001115,vae_candidate_001115,0.5392749014818993,56.672119140625,-837.4486083984375,873.9154813752657,1.662467150120366,0.0017250530495171847,4.8384591809476865,37,8109.97246242184,2501.295126072678,1.8239688102645206,1.4808505565189443,3219.658441065816,3.096897693527888,0.6438740374883897,0.0004993267325322237,0.9959576056364324,0.7665853431109085,0.22799610128306508,0.986120554956308,0.8809523809523809,1.0,0.11262148862858895,0.11262148862858895,inside_convoy_envelope,inside,True,0.0975833609700203,2.058596134185791,1.5116651058197021,1.427264928817749,vae_candidate_pool_v1,belief_limited_heuristic_v1,988
VAE000178,vae_candidate_000178,0.523294125355439,-160.03839111328125,568.9127197265625,656.5427483872623,-1.3057527711161907,0.04060321293236982,4.541329433098525,35,8106.907022669648,2437.353003153516,1.771309367317859,-1.7952366695412325,4180.500830663033,2.7132898593202297,0.5629290180246059,0.045164022145484095,0.9749188174956614,0.9953573406340556,0.22141367091473238,0.982124761574149,0.8333333333333334,1.0,0.1388295301944478,0.1388295301944478,inside_convoy_envelope,inside,True,0.09898649156093597,0.8506588935852051,1.5813167095184326,1.5454596281051636,vae_candidate_pool_v1,belief_limited_heuristic_v1,989
VAE000696,vae_candidate_000696,0.5228191162004647,308.27874755859375,-773.145263671875,817.9073101320113,1.993525583392706,-0.01609731710366193,5.26631094871443,32,8400.241377935312,2415.9928465925873,1.5767490162856204,1.1319697530934258,5756.153237524155,2.913643562866015,0.6230302747782833,0.012934045917871062,0.9052508487856974,1.0,0.19709362703570255,0.8858730260000964,0.7619047619047619,1.0,0.11842989157497132,0.11842989157497132,inside_convoy_envelope,inside,True,0.056887999176979065,1.5511817932128906,2.4019651412963867,1.595154047012329,vae_candidate_pool_v1,belief_limited_heuristic_v1,990
VAE000715,vae_candidate_000715,0.5227989367041428,-27.237457275390625,1080.669677734375,924.8671703530729,-1.547669993162747,0.020695323482870086,5.25821271848123,38,8191.997314939763,2511.6628503628767,1.8468535276260916,-1.573227336944176,2531.570237641001,3.017764884869104,0.6627580131555614,0.0038284334421205823,0.9999970450962823,0.6027548184859526,0.23085669095326145,0.8412773883776985,0.9047619047619048,1.0,0.10846070844228581,0.10846070844228581,inside_convoy_envelope,inside,True,0.05098692327737808,0.7911390066146851,1.5117334127426147,1.2490909099578857,vae_candidate_pool_v1,belief_limited_heuristic_v1,991
VAE000933,vae_candidate_000933,0.5215750773483284,-835.4597778320312,-481.87335205078125,956.2523000859039,0.5104684509083914,0.0371604638068052,5.423704818247444,36,8206.465086626129,2473.5523522371163,1.7734758055314914,2.668284666488207,8431.816602817948,2.1026336760961764,0.6743352636943204,0.24644111751084646,0.4558330984827574,1.0,0.22168447569143643,0.8035297245874464,0.8571428571428571,1.0,0.10654108830286642,0.10654108830286642,inside_convoy_envelope,inside,True,0.04645214229822159,1.036890983581543,2.116605043411255,1.8197882175445557,vae_candidate_pool_v1,belief_limited_heuristic_v1,992
VAE000162,vae_candidate_000162,0.5170433146417235,-9.913238525390625,-226.52606201171875,218.99243684616445,1.4903515545632224,0.04141700639348613,5.1023852891905435,34,8184.312620495414,2387.9026372009403,1.7397229470291902,1.6926581054200567,3365.082264216833,0.22337281068115522,0.4068930464761525,0.9875779263476502,0.9925840377080184,0.8012100629087698,0.21746536837864877,0.9185915353966495,0.8095238095238095,1.0,0.37145074828186664,0.37145074828186664,inside_convoy_envelope,inside,True,0.061837051063776016,1.2197381258010864,1.9001413583755493,1.512891173362732,vae_candidate_pool_v1,belief_limited_heuristic_v1,993
VAE000167,vae_candidate_000167,0.5089144365161116,-490.34197998046875,-176.091552734375,572.1144775145046,0.3136296005196598,0.028023107905051775,5.257105560954213,37,8215.54330059297,2643.7530321928234,1.7035094702794906,2.8559861609751853,8627.588962712092,1.393327506332691,0.5317401863797798,0.5882693587760616,0.28173942725493784,1.0,0.21293868378493633,0.9512927623275833,0.8809523809523809,1.0,0.1536601575839102,0.1536601575839102,inside_convoy_envelope,inside,True,0.06776608526706696,1.9385303258895874,1.9104652404785156,1.6754440069198608,vae_candidate_pool_v1,belief_limited_heuristic_v1,994
VAE000324,vae_candidate_000324,0.5038962098875264,139.27267456054688,-799.8177490234375,624.7911507376027,1.7300738258199924,-0.003108096552853003,5.2490020464610065,38,8215.74089879546,2482.393081088799,1.863229321821644,1.4084107312169476,3777.99818513281,3.0736219383134324,0.5511647858119283,0.0011545599237791082,0.9868444057403304,0.8995233774125737,0.2329036652277055,0.9991148045422311,0.9047619047619048,1.0,0.14397883882812737,0.14397883882812737,inside_convoy_envelope,inside,True,0.08466951549053192,0.7008546590805054,2.90228271484375,1.3071011304855347,vae_candidate_pool_v1,belief_limited_heuristic_v1,995
VAE000695,vae_candidate_000695,0.49503674397801456,-242.96661376953125,565.5003051757812,508.2077273980189,-1.1846201955513636,-0.014780571480656712,4.9571316964081555,34,8285.9878321948,2554.1914180011017,1.6065016816002078,-1.9717530295190864,5585.629054374651,2.35647849026871,0.5083747103874029,0.14634621447625706,0.9206880149564131,1.0,0.20081271020002597,0.953930770821314,0.8095238095238095,1.0,0.17024306451508547,0.17024306451508547,inside_convoy_envelope,inside,True,0.06831452995538712,2.267930269241333,2.9593398571014404,1.7232120037078857,vae_candidate_pool_v1,belief_limited_heuristic_v1,996
VAE000273,vae_candidate_000273,0.49490971949511353,-183.02496337890625,-406.03961181640625,525.215881522457,1.154238747059619,-0.053904411666409476,4.855632147350489,37,8190.519105012964,2287.099215260796,1.9751736877061237,1.9334494948637648,5043.980206685191,2.56622500735103,0.5145686156806841,0.0805038465521683,0.9349588879995643,1.0,0.24689671096326546,0.9828620129848068,0.8809523809523809,1.0,0.1671910543933799,0.1671910543933799,inside_convoy_envelope,inside,True,0.0987401083111763,2.3992843627929688,2.425656795501709,1.8680834770202637,vae_candidate_pool_v1,belief_limited_heuristic_v1,997
VAE000039,vae_candidate_000039,0.48393938918264806,24.200775146484375,-749.8172607421875,684.8252530373218,1.6116553981105544,0.012443398547229307,5.020611351787067,33,8220.4281525143,2438.2619819300767,1.6464143203953923,1.5423806540264684,2670.835222697503,2.9945776177286554,0.5734351221454159,0.0053936301186157665,0.9995963019355044,0.6359131482613103,0.20580179004942403,0.9686544605192885,0.7857142857142857,1.0,0.13441209184954775,0.13441209184954775,inside_convoy_envelope,inside,True,0.0716930478811264,2.277660846710205,1.965874433517456,1.5583558082580566,vae_candidate_pool_v1,belief_limited_heuristic_v1,998
VAE001183,vae_candidate_001183,0.4656245501849039,-251.233642578125,457.9711608886719,566.8805215445607,-1.1071608309468286,-0.004488580281051639,4.90369636839725,38,8199.283380650419,2301.1394407047646,2.0140245675657593,-2.038920402924016,5753.197392588213,3.0819515856775905,0.5298175910591486,0.0008890006797132588,0.8924162991363462,1.0,0.2517530709457199,0.7854571006765854,0.9047619047619048,1.0,0.156951999141338,0.156951999141338,inside_convoy_envelope,inside,True,0.04438234865665436,2.3052802085876465,1.9456696510314941,1.3366669416427612,vae_candidate_pool_v1,belief_limited_heuristic_v1,999
VAE000319,vae_candidate_000319,0.4492136539736093,312.35833740234375,462.84881591796875,524.5248418352617,-2.162939684101589,0.017439108252335925,4.945241006735925,35,8209.398906166623,2643.049757060674,1.613063061433357,-0.9612138612358684,6867.090079064169,2.7574515320044184,0.5143165895742102,0.03643967478358562,0.8198871382865621,1.0,0.20163288267916962,0.8564699695976766,0.8333333333333334,1.0,0.16529299394331168,0.16529299394331168,inside_convoy_envelope,inside,True,0.05291671305894852,2.2786006927490234,1.527427315711975,1.129199504852295,vae_candidate_pool_v1,belief_limited_heuristic_v1,1000
