profile_id,name,belief_score,u_pos_x,u_pos_y,estimated_range_m,estimated_bearing_rad,estimated_convoy_heading_rad,estimated_convoy_speed_mps,estimated_contact_count,estimated_formation_width_m,estimated_formation_depth_m,estimated_contact_density_per_km2,estimated_aspect_rad,projected_target_span_m,bearing_alignment_error_rad,range_score,bearing_alignment_score,aspect_score,formation_span_score,contact_density_score,spread_score,contact_score,inside_score,uncertainty_score,inside_uncertainty_penalty,spawn_region,approach_side,inside_convoy_envelope,spread_rad,launch_delay_s,salvo_interval_s,u_boat_initial_speed_mps,candidate_source_label,selector_method,belief_rank
VAE000974,vae_candidate_000974,0.9254004266733897,-349.06597900390625,-2042.09326171875,2215.5838358709616,1.3908228306704888,0.00808913302776595,4.548066111921838,39,8354.973158491297,2581.8474083869082,1.8079606624902573,1.7588589559470702,4098.3376593543535,0.23100100488479502,0.9935916384094834,0.9867188503083664,0.9823682816762414,0.9757946807986556,0.22599508281128217,0.9445969948499409,0.9285714285714286,1.0,0.07387333502629835,0.07387333502629835,inside_convoy_envelope,inside,True,0.06643244624137878,1.08815598487854,1.5101289749145508,1.1248730421066284,vae_candidate_pool_v1,belief_limited_heuristic_v1,1
VAE000476,vae_candidate_000476,0.9205423880380976,970.9406127929688,-2228.049560546875,2488.8920409902094,1.9374734465053034,0.01319511571830061,5.099002281794323,36,8263.684285885185,2396.650536007404,1.8177078028440998,1.21731432280279,5109.084612819355,0.19222664659307953,0.9985073919958236,0.9907906395421318,0.9381730490887537,1.0,0.22721347535551248,0.970662153558306,0.8571428571428571,1.0,0.07440827186204287,0.07440827186204287,inside_convoy_envelope,inside,True,0.10232512652873993,1.0386145114898682,2.4800455570220947,1.166490077972412,vae_candidate_pool_v1,belief_limited_heuristic_v1,2
VAE000270,vae_candidate_000270,0.9160168239813077,-244.95556640625,2109.7021484375,2085.027787753344,-1.4366718405250243,-0.0644254683667191,5.091357192897035,34,8182.518446864511,2395.745043944779,1.734408229713049,-1.769346281431488,3962.6625896872356,0.1082696425101326,0.9814209782871687,0.9970722827734843,0.9803536269229821,0.9434910927826752,0.21680102871413112,0.9995166684559382,0.8095238095238095,1.0,0.07733310779648281,0.07733310779648281,inside_convoy_envelope,inside,True,0.08918523043394089,0.7178706526756287,2.968291759490967,1.107508897781372,vae_candidate_pool_v1,belief_limited_heuristic_v1,3
VAE000995,vae_candidate_000995,0.9145823319764755,551.3719482421875,2318.94140625,2434.4181148281477,-1.8147760003572058,0.013350624972899083,5.6043671182194394,34,8153.414664297576,2688.371059320739,1.551137064304488,-1.3134660282596882,4674.892003238557,0.09411562217312075,0.9997760918711064,0.9977871965111333,0.9670728617687344,1.0,0.193892133038061,0.8364401723913041,0.8095238095238095,1.0,0.07122341635151382,0.07122341635151382,inside_convoy_envelope,inside,True,0.12414625287055969,1.7994318008422852,1.5161569118499756,1.8145631551742554,vae_candidate_pool_v1,belief_limited_heuristic_v1,4
VAE000685,vae_candidate_000685,0.9139278164368534,375.30279541015625,2475.17041015625,2565.3987107250446,-1.793699281998049,-0.0001537756767188447,5.079583174739876,38,8309.079667041367,2501.789081642592,1.8280159501506157,-1.348047147268463,4275.552421557937,0.4138568712922103,0.9948419434951705,0.9577883102336996,0.9752938097661925,1.0,0.22850199376882696,0.8703328998683916,0.9047619047619048,1.0,0.0725810194529784,0.0725810194529784,inside_convoy_envelope,inside,True,0.05474527180194855,2.0412657260894775,1.4829988479614258,1.0548449754714966,vae_candidate_pool_v1,belief_limited_heuristic_v1,5
VAE000775,vae_candidate_000775,0.913546797641533,632.5062866210938,2150.01318359375,2168.951674424124,-1.8482804679910323,-0.0049039286206785816,5.174949839132315,37,8229.044079707393,2629.3449760373364,1.7100340776676177,-1.2982161142194395,4747.669016058111,0.35869166785796547,0.9899593804995793,0.9681784571230152,0.9630794651732031,1.0,0.21375425970845222,0.9183209603131381,0.8809523809523809,1.0,0.07376320571614664,0.07376320571614664,inside_convoy_envelope,inside,True,0.06179297715425491,2.0742435455322266,2.413447380065918,1.251239538192749,vae_candidate_pool_v1,belief_limited_heuristic_v1,6
VAE001110,vae_candidate_001110,0.9124813976627073,-360.17218017578125,-2530.086669921875,2599.013469158661,1.4537775286558372,0.03458379501602324,4.749422555875633,38,8214.515453685086,2594.1185372396194,1.7832483404524397,1.7223989199499796,3804.941796584637,0.03634491737469547,0.9925409332062596,0.9996697980960909,0.9885303197778537,0.9059385229963421,0.22290604255655497,0.816830767214282,0.9047619047619048,1.0,0.07131274756582429,0.07131274756582429,inside_convoy_envelope,inside,True,0.04801368713378906,2.3045201301574707,2.5684421062469482,1.622840166091919,vae_candidate_pool_v1,belief_limited_heuristic_v1,7
VAE001061,vae_candidate_001061,0.9100672815104343,-699.7500610351562,1907.180419921875,1998.1604876857264,-1.2047841690361516,0.044297883359421766,5.466074764737008,37,8251.086020213292,2446.803022096439,1.8327009333913347,-1.8925106011942197,4930.2077406076305,0.23827383679193326,0.969936597066364,0.9858734205291817,0.948694770168668,1.0,0.22908761667391683,0.9484087959090742,0.8809523809523809,1.0,0.07749261864908281,0.07749261864908281,inside_convoy_envelope,inside,True,0.06718196719884872,2.0349321365356445,1.501373529434204,1.2951470613479614,vae_candidate_pool_v1,belief_limited_heuristic_v1,8
VAE001091,vae_candidate_001091,0.9065219862578413,261.50244140625,2069.8974609375,2234.640022279606,-1.7026389144355358,-0.049983784421305896,4.854412354457021,36,8296.240028981982,2496.115716670152,1.7384270751150799,-1.488937523575563,3166.1194053839026,0.18482128768116457,0.9948443527979978,0.9914845542225252,0.9966514386488217,0.753837953662834,0.21730338438938498,0.994881060399858,0.8571428571428571,1.0,0.07475361644917673,0.07475361644917673,inside_convoy_envelope,inside,True,0.09351810812950134,0.8803181052207947,2.317575693130493,1.786739706993103,vae_candidate_pool_v1,belief_limited_heuristic_v1,9
VAE000142,vae_candidate_000142,0.9046222078536319,223.7881622314453,1955.8724365234375,1979.4742253207735,-1.697917748175944,0.09306144122829695,4.6866621824448425,38,8193.22586569605,2219.818435556715,2.089350086168044,-1.3506134641855523,3955.69321482714,0.33656255884336317,0.967123114376042,0.9719477178683329,0.9758575269761276,0.9418317178159856,0.2611687607710055,0.9316612025745132,0.9047619047619048,1.0,0.08096072868986978,0.08096072868986978,inside_convoy_envelope,inside,True,0.0640486553311348,2.132685899734497,2.9419219493865967,1.1710602045059204,vae_candidate_pool_v1,belief_limited_heuristic_v1,10
VAE001218,vae_candidate_001218,0.901708821472343,469.57196044921875,-2328.4677734375,2490.0521873651614,1.7984946379249442,0.06303080736238129,4.474111754819055,34,8233.08508194504,2448.9962882381046,1.6862741661763094,1.4061288230272295,3765.471555901892,0.3325258518093943,0.9984682072013529,0.9726104209449967,0.9864729141004267,0.8965408466433076,0.21078427077203868,0.8484603398801489,0.8095238095238095,1.0,0.07369323933987819,0.07369323933987819,inside_convoy_envelope,inside,True,0.05189049243927002,1.2797236442565918,2.961656093597412,1.2631051540374756,vae_candidate_pool_v1,belief_limited_heuristic_v1,11
VAE001076,vae_candidate_001076,0.8996421680503186,-879.2369995117188,3166.439697265625,3190.3205946184967,-1.2961329009409917,0.02159699259403865,4.837978771302963,38,8244.486586515692,2481.6733697216405,1.8572713543873303,-1.8238627600547628,4466.8343697461405,0.21654037970395845,0.8886311008358562,0.9883232996093242,0.968149219825844,1.0,0.23215891929841628,0.9927311621778053,0.9047619047619048,1.0,0.07045618034076676,0.07045618034076676,inside_convoy_envelope,inside,True,0.09472015500068665,0.883456289768219,1.513517141342163,1.8209296464920044,vae_candidate_pool_v1,belief_limited_heuristic_v1,12
VAE000732,vae_candidate_000732,0.8992423962053555,671.5775146484375,3068.540283203125,3045.5100786406488,-1.8029537593796914,-0.04950735299032416,5.0619140988985265,38,8267.281228882623,2216.2694117301608,2.0739502428275522,-1.3881462472004258,3681.041129018048,0.11745487064300121,0.924254231945721,0.9965550515148962,0.9833657959974424,0.8764383640519162,0.25924378035344403,0.9653182267745519,0.9047619047619048,1.0,0.07495340490209657,0.07495340490209657,inside_convoy_envelope,inside,True,0.10366175323724747,1.7097830772399902,1.9589869976043701,1.8730581998825073,vae_candidate_pool_v1,belief_limited_heuristic_v1,13
VAE000089,vae_candidate_000089,0.8992265464272142,1269.6495361328125,2517.448486328125,2729.868278929393,-2.0447303006747832,-0.07104205989131916,5.103904299693704,36,8161.674094950458,2409.0480428038377,1.8309555066045224,-1.167904412806329,5416.189875330076,0.36915600498611223,0.9796405301142137,0.9663161075650505,0.9199309797305254,1.0,0.2288694383255653,0.9316217922559102,0.8571428571428571,0.0,0.07307657627017637,0.0,ahead_vae,ahead,False,0.06404171884059906,2.364844799041748,1.9715983867645264,1.523587942123413,vae_candidate_pool_v1,belief_limited_heuristic_v1,14
VAE000317,vae_candidate_000317,0.8991061394752529,-0.08697509765625,-2315.433349609375,2462.9701225336275,1.5610043971700869,0.03811430653991593,4.98754730555637,39,8140.128456186967,2374.0361588077685,2.0181155059655493,1.618702562959623,2761.1262364724244,0.25037054626703226,0.9992507087735513,0.9844103402905787,0.998852715712279,0.6574110086839106,0.25226443824569367,0.9485628840759255,0.9285714285714286,1.0,0.07490608193570973,0.07490608193570973,inside_convoy_envelope,inside,True,0.0672127902507782,1.0784037113189697,1.524864673614502,1.1356093883514404,vae_candidate_pool_v1,belief_limited_heuristic_v1,15
VAE000593,vae_candidate_000593,0.8985978603314287,314.5001525878906,2423.236328125,2464.950285462309,-1.7038791157428481,0.004701645023372621,4.73692978142115,35,8430.465564532391,2340.3842686282096,1.7739007417183688,-1.4330118928235724,3476.1188666247754,0.3179799044090485,0.9992028623856568,0.9749344676798365,0.990522732592153,0.8276473491963751,0.2217375927147961,0.8666149324098802,0.8333333333333334,1.0,0.07531941451878126,0.07531941451878126,inside_convoy_envelope,inside,True,0.05424783378839493,1.1882416009902954,1.9220961332321167,1.7435647249221802,vae_candidate_pool_v1,belief_limited_heuristic_v1,16
VAE000281,vae_candidate_000281,0.898078705483099,15.973388671875,2474.280517578125,2476.4483454737433,-1.5822735913892687,0.015952753847876724,5.196661918212773,35,8332.494340081275,2588.311406573093,1.6228429409647864,-1.5433663083526477,2815.8695500111107,0.23600669054837042,0.9988958180871397,0.9861397238769574,0.999623820631648,0.6704451309550263,0.2028553676205983,0.991349386679414,0.8333333333333334,1.0,0.07202123973881933,0.07202123973881933,inside_convoy_envelope,inside,True,0.07913228869438171,0.7572708129882812,2.9591245651245117,1.5363452434539795,vae_candidate_pool_v1,belief_limited_heuristic_v1,17
VAE000276,vae_candidate_000276,0.8969291008725179,-978.2861938476562,2368.912841796875,2674.4065805189416,-1.1909434884015029,-0.036900779538119294,4.801415456000027,37,8140.12001677323,2434.2642868318776,1.8672530967597158,-1.9875499447264096,5520.982772635782,0.30439883840290705,0.9858666173016019,0.9770136524618886,0.9144078726938376,1.0,0.23340663709496448,0.784889306638387,0.8809523809523809,1.0,0.07297829452720571,0.07297829452720571,inside_convoy_envelope,inside,True,0.04431818798184395,1.0862183570861816,1.532810091972351,1.768478512763977,vae_candidate_pool_v1,belief_limited_heuristic_v1,18
VAE000119,vae_candidate_000119,0.8967877220378789,-348.427734375,-1952.29296875,2013.9665860152395,1.3921679485106768,0.0013572940755246336,4.521496863900314,32,8361.308118661354,2618.560478038267,1.4615481980482223,1.750781999154641,4073.0644903198495,0.1982467111310784,0.9722226159706652,0.9902066980082029,0.9838462577584621,0.9697772595999642,0.1826935247560278,0.8153971283666647,0.7619047619047619,1.0,0.07530611104186037,0.07530611104186037,inside_convoy_envelope,inside,True,0.04784364998340607,1.6835683584213257,2.4629642963409424,1.365951657295227,vae_candidate_pool_v1,belief_limited_heuristic_v1,19
VAE000340,vae_candidate_000340,0.8961897175289427,1512.952880859375,1960.980712890625,2466.22678398465,-2.249174414409999,-0.02321911560306871,5.116889491236802,42,8063.421400563117,2425.106583811419,2.1478260368591586,-0.9156373547828626,6835.915073893494,0.3849108064371627,0.999171234557919,0.9634159632220172,0.7929510788105126,1.0,0.26847825460739483,0.9957657297130138,1.0,0.0,0.07419261256333758,0.0,ahead_vae,ahead,False,0.08158189803361893,0.8645036220550537,1.5079879760742188,1.9367353916168213,vae_candidate_pool_v1,belief_limited_heuristic_v1,20
VAE000544,vae_candidate_000544,0.8955302123656012,-1324.567626953125,1901.0302734375,2262.142812319717,-0.9490290667759663,0.014815837103110943,4.7538704790969115,35,8281.901252498143,2577.545957999211,1.6395760992828068,-2.177747749710716,6840.887351645875,0.0498503873472832,0.9964138927189201,0.9993788633665238,0.8213906369229087,1.0,0.20494701241035085,0.9830573677356931,0.8333333333333334,0.0,0.07357926930974469,0.0,astern_vae,astern,False,0.09867396205663681,1.2912765741348267,1.5037981271743774,1.647339105606079,vae_candidate_pool_v1,belief_limited_heuristic_v1,21
VAE000820,vae_candidate_000820,0.8950660518692379,1121.8551025390625,-1983.94140625,2279.5355020651373,2.104512085338479,-0.012551110257313843,5.002950540832887,33,8261.04391079133,2417.242115993938,1.6525661656191997,1.0245294579940005,6357.0811180265555,0.3819803808595217,0.9972605276029417,0.9639641255952149,0.8544698370305459,1.0,0.20657077070239996,0.9975123794955161,0.7857142857142857,1.0,0.07544960830645427,0.07544960830645427,inside_convoy_envelope,inside,True,0.08291124552488327,1.4564250707626343,2.344118595123291,1.6316289901733398,vae_candidate_pool_v1,belief_limited_heuristic_v1,22
VAE000551,vae_candidate_000551,0.8945443204441756,998.2972412109375,1883.0888671875,2159.9709865864415,-2.040956710638564,-0.016768345997027218,5.249305636377753,34,8317.909921970931,2530.338385664079,1.6154223985603415,-1.1174042889482563,5918.0785385744775,0.40442655949336004,0.9891679917563605,0.9596640961774514,0.8989665053967952,1.0,0.2019277998200427,0.9188074003602611,0.8095238095238095,1.0,0.07493594232736886,0.07493594232736886,inside_convoy_envelope,inside,True,0.06187225878238678,1.08645761013031,2.469191074371338,1.831207513809204,vae_candidate_pool_v1,belief_limited_heuristic_v1,23
VAE000252,vae_candidate_000252,0.8942597912801861,1361.6988525390625,-2442.1279296875,2942.387948501552,2.070210542662396,0.027283268868384704,5.116786782037806,40,8219.756118096224,2502.4395077709723,1.9446321935623672,1.0986653797957822,5966.898539067926,0.3562872329326605,0.9459065757313013,0.9685991411762034,0.8906011879788451,1.0,0.2430790241952959,0.9740093606145142,0.9523809523809523,0.0,0.07097004948447048,0.0,ahead_vae,ahead,False,0.07310497760772705,0.7501074075698853,2.523634672164917,1.5570472478866577,vae_candidate_pool_v1,belief_limited_heuristic_v1,24
VAE000435,vae_candidate_000435,0.8928902318234819,603.4775390625,3167.550048828125,3091.6177145108154,-1.7639787971804433,-0.014637945545468935,4.98565757574755,36,8222.490687748463,2354.5566212364997,1.8594734075170747,-1.392251801954819,3777.419928383113,0.26880130055381124,0.9135451243385051,0.9820449673515534,0.9841032237021723,0.8993856972340746,0.23243417593963434,0.971538782084352,0.8571428571428571,1.0,0.07255983624558024,0.07255983624558024,inside_convoy_envelope,inside,True,0.0724378153681755,2.234017848968506,1.5065722465515137,1.9212925434112549,vae_candidate_pool_v1,belief_limited_heuristic_v1,25
VAE000362,vae_candidate_000362,0.8920180900342417,874.6334228515625,3012.55517578125,3010.687006955,-1.8701068382365482,0.002004813628479077,4.969377372590683,34,8302.328785600805,2534.0580723601956,1.616078399855033,-1.2694810017247657,4883.827363917903,0.11831634688086767,0.9319288633954541,0.9965043912194493,0.9549469576969594,1.0,0.20200979998187912,0.8248591350660017,0.8095238095238095,1.0,0.07031097506102425,0.07031097506102425,inside_convoy_envelope,inside,True,0.04897421598434448,1.4161291122436523,1.4831976890563965,1.6637015342712402,vae_candidate_pool_v1,belief_limited_heuristic_v1,26
VAE001154,vae_candidate_001154,0.8914870804720341,1141.39990234375,2029.2901611328125,2171.2275201337084,-2.074678293025854,0.02676956567892245,4.718222825885447,38,8290.49790140346,2477.4406151679163,1.8501192835844482,-1.0401447948850169,6332.5195160725125,0.4104929291446863,0.9901552361449241,0.9584621126244209,0.8624775163066283,1.0,0.23126491044805603,0.8822788223630993,0.9047619047619048,1.0,0.07549327870714913,0.07549327870714913,inside_convoy_envelope,inside,True,0.05638262256979942,1.3986798524856567,2.355170965194702,1.5952619314193726,vae_candidate_pool_v1,belief_limited_heuristic_v1,27
VAE000141,vae_candidate_000141,0.8897987855399485,-534.056396484375,-1703.3428955078125,1794.528254381637,1.266151308400785,0.011144761048549058,5.401788474390123,37,8367.818519300676,2586.2639402731475,1.7096870683598517,1.886586106237558,5057.147552034148,0.08665347225376219,0.9330468943212408,0.9981239682768285,0.9505513957291664,1.0,0.21371088354498147,0.8131000348054968,0.8809523809523809,1.0,0.07831381436331428,0.07831381436331428,inside_convoy_envelope,inside,True,0.04757210239768028,1.1720572710037231,2.339510202407837,1.7260749340057373,vae_candidate_pool_v1,belief_limited_heuristic_v1,28
VAE000555,vae_candidate_000555,0.8894582685101617,1346.78857421875,1852.3721923828125,2249.681499174193,-2.162642493527966,-0.04332186824600561,5.158134858860311,37,8239.925142403874,2543.9314034914364,1.7651152264215557,-1.0222720283078328,6467.256289836219,0.14004048022419235,0.9957377196770077,0.9951051733323827,0.8532949238450704,1.0,0.22063940330269446,0.8094016191478249,0.8809523809523809,0.0,0.07407394884416747,0.0,ahead_vae,ahead,False,0.04713716730475426,0.7521714568138123,1.515702247619629,1.1901514530181885,vae_candidate_pool_v1,belief_limited_heuristic_v1,29
VAE000459,vae_candidate_000459,0.8888591052715309,-42.739776611328125,2334.523193359375,2271.795065860996,-1.547604614215411,0.04112356233332673,4.534385550034589,39,8319.222208150379,2477.3746882316864,1.892300858763395,-1.5528644770410553,2626.1474455080725,0.37790025123060933,0.9968977321900693,0.964720713794271,0.9998392286902898,0.6252732013114458,0.23653760734542437,0.9383207330574376,0.9285714285714286,1.0,0.07470489939836863,0.07470489939836863,inside_convoy_envelope,inside,True,0.06524772197008133,0.8879015445709229,1.5191993713378906,1.1451621055603027,vae_candidate_pool_v1,belief_limited_heuristic_v1,30
VAE000201,vae_candidate_000201,0.8886845367371284,-26.97357177734375,-2005.962158203125,2084.6460069178415,1.6025010919805207,-0.054067914694666694,4.788554441000614,35,8203.595588845717,2506.77931116752,1.7019535368525134,1.4850236469146056,3200.345750662803,0.3710923511595999,0.9813763336524659,0.9659658892036194,0.9963237783380932,0.7619870834911435,0.21274419210656417,0.9185434681854188,0.8333333333333334,1.0,0.07591343255201519,0.07591343255201519,inside_convoy_envelope,inside,True,0.06182921677827835,0.8589439988136292,2.3810243606567383,1.3836054801940918,vae_candidate_pool_v1,belief_limited_heuristic_v1,31
VAE000063,vae_candidate_000063,0.8880332038134495,-1379.863525390625,-1766.9124755859375,2308.7358129783074,0.8876162556889081,-0.036358621275177076,4.927076427393164,35,8046.771394696005,2565.330105010237,1.6955208050221386,2.2176177766257084,6896.552722060213,0.18572738426368418,0.9984267300356969,0.9914010953991859,0.7980033891762555,1.0,0.21194010062776733,0.9516182509410662,0.8333333333333334,0.0,0.07343891980195942,0.0,astern_vae,astern,False,0.06783299893140793,1.3798717260360718,1.5104798078536987,1.2212483882904053,vae_candidate_pool_v1,belief_limited_heuristic_v1,32
VAE000559,vae_candidate_000559,0.8879221588921394,-442.57452392578125,-3169.967529296875,3169.1694130793394,1.4221121974114228,-0.014331244633513205,5.08810156648091,36,8178.108729222141,2543.03882240547,1.7309982557975616,1.7051492115448579,3615.571454017961,0.2024862418376019,0.8941893467940962,0.9897848046292896,0.9909882191672342,0.8608503461947526,0.2163747819746952,0.9808427860599733,0.8571428571428571,1.0,0.06973816115266519,0.06973816115266519,inside_convoy_envelope,inside,True,0.09940343350172043,1.0838375091552734,1.5566420555114746,1.5717923641204834,vae_candidate_pool_v1,belief_limited_heuristic_v1,33
VAE000009,vae_candidate_000009,0.8874610136431702,154.15969848632812,-2216.0,2189.7042046755755,1.6818037706015017,-0.008531501956782633,4.837151506239238,32,8157.649083574375,2305.7254264128337,1.70128616436674,1.4512573810315097,3262.107137061447,0.06514757727868092,0.9916748623336179,0.9989393235174997,0.9928637241510908,0.7766921754908207,0.2126607705458425,0.8158204347690111,0.7619047619047619,1.0,0.07774099630337371,0.07774099630337371,inside_convoy_envelope,inside,True,0.04789381101727486,2.2761316299438477,2.054655075073242,1.5838927030563354,vae_candidate_pool_v1,belief_limited_heuristic_v1,34
VAE000123,vae_candidate_000123,0.8874555591507787,-420.31610107421875,-1652.5194091796875,1726.415582101911,1.3301513768526014,-0.006973065096292349,4.997506151646522,38,8307.127122721971,2345.231173499377,1.950505062428959,1.8044682116408997,4205.019183396187,0.2863979487323134,0.9178065742489091,0.9796338356842235,0.9728227258353247,1.0,0.24381313280361988,0.8392898558502558,0.9047619047619048,1.0,0.08222118191547877,0.08222118191547877,inside_convoy_envelope,inside,True,0.05073951557278633,1.825866937637329,2.529836654663086,1.096497654914856,vae_candidate_pool_v1,belief_limited_heuristic_v1,35
VAE000669,vae_candidate_000669,0.8866147860440344,-311.28472900390625,-1791.7314453125,1859.334729220373,1.4264506888401138,0.05447854767872068,5.2777141635718765,34,8383.50823924653,2390.9508140308385,1.6962211712759505,1.7696205124284001,3999.7317498155826,0.3313543728593238,0.9462402502143555,0.9728013004524113,0.980299498550483,0.9523170832894244,0.21202764640949381,0.8512788467673115,0.8095238095238095,1.0,0.0797652180901718,0.0797652180901718,inside_convoy_envelope,inside,True,0.052249275147914886,2.26271915435791,1.4884059429168701,1.3522714376449585,vae_candidate_pool_v1,belief_limited_heuristic_v1,36
VAE000766,vae_candidate_000766,0.8861107771490271,-143.002197265625,-2080.208984375,2097.391441666398,1.5056703772488054,-0.07622175452829745,5.220337576710442,39,8283.678048191077,2180.4616032451727,2.1592004014588557,1.5597005218126914,2272.2395689391183,0.09868135142132939,0.9828385783911555,0.9975674726796958,0.9999384421874695,0.5410094211759805,0.26990005018235697,0.9847210819774889,0.9285714285714286,1.0,0.08049444717474985,0.08049444717474985,inside_convoy_envelope,inside,True,0.09809483587741852,0.8582721948623657,2.0946741104125977,1.1107302904129028,vae_candidate_pool_v1,belief_limited_heuristic_v1,37
VAE000916,vae_candidate_000916,0.8859725569609529,-1331.664794921875,-1761.5740966796875,2286.777789616797,0.9279199877080576,0.036516455143286865,4.684045911989313,33,8109.887028059859,2576.9007702869094,1.5790702087844621,2.250189121025023,7100.3216396273365,0.07117944591022017,0.997579631572504,0.998733906312155,0.7779543821346282,1.0,0.19738377609805777,0.9946821137343399,0.7857142857142857,0.0,0.07344687577506848,0.0,astern_vae,astern,False,0.08089417219161987,0.6900043487548828,1.5096714496612549,1.283998727798462,vae_candidate_pool_v1,belief_limited_heuristic_v1,38
VAE000296,vae_candidate_000296,0.8858790363096982,546.58544921875,1709.0684814453125,1722.483584556067,-1.8435658962062171,-0.01174788031609646,5.322362232248423,38,8161.541461360092,2379.486536054677,1.9567176102927963,-1.3097746376996724,4405.116539613017,0.40990145313598614,0.9168853222599191,0.9585800500312394,0.9661268174013738,1.0,0.24458970128659954,0.89739617155746,0.9047619047619048,1.0,0.08185666794396605,0.08185666794396605,inside_convoy_envelope,inside,True,0.05855356156826019,2.32159423828125,2.963350296020508,1.596098780632019,vae_candidate_pool_v1,belief_limited_heuristic_v1,39
VAE000213,vae_candidate_000213,0.884441083433991,-319.36151123046875,-2152.1064453125,2095.2843036607555,1.4486293134171269,-0.0015909737254452868,5.413720615396244,33,8161.686184495153,2370.9512899888286,1.7053417163276525,1.6913723664472207,3335.4579779642645,0.35688410125753345,0.9826008464153918,0.9684949647583498,0.9927395121617035,0.794156661420063,0.21316771454095657,0.8651975291477284,0.7857142857142857,1.0,0.07758570999877572,0.07758570999877572,inside_convoy_envelope,inside,True,0.054059602320194244,0.6887126564979553,1.8860619068145752,1.5502127408981323,vae_candidate_pool_v1,belief_limited_heuristic_v1,40
VAE000502,vae_candidate_000502,0.884193702294483,397.0821533203125,1687.7283935546875,1746.1407977316703,-1.7961289857774505,-0.05882192493706858,5.075072629301487,36,8215.42784485594,2588.1362258474214,1.6931100341643561,-1.4042855927494111,3913.984331340732,0.189932029412639,0.9223607375724745,0.9910085348494251,0.9861690881926073,0.9319010312716028,0.21163875427054452,0.8324678419022431,0.8571428571428571,1.0,0.07903769907315891,0.07903769907315891,inside_convoy_envelope,inside,True,0.049898408353328705,1.7123456001281738,1.4986141920089722,1.8027455806732178,vae_candidate_pool_v1,belief_limited_heuristic_v1,41
VAE000678,vae_candidate_000678,0.8836416755795379,1212.132568359375,1703.5421142578125,2123.2425649251695,-2.1790847954687917,-0.00446848159806065,4.837189130856707,40,8232.467234618216,2359.371771727728,2.0593662990943913,-0.966976339719062,6616.4921343370215,0.4610272151226742,0.9856251735784106,0.9477979973261719,0.8231726714389489,1.0,0.2574207873867989,0.922412857880212,0.9523809523809523,0.0,0.07748573736519349,0.0,ahead_vae,ahead,False,0.06246645003557205,2.123051166534424,2.945509910583496,1.2683733701705933,vae_candidate_pool_v1,belief_limited_heuristic_v1,42
VAE000634,vae_candidate_000634,0.8827130221389673,304.833984375,-3045.19287109375,2907.8676979236525,1.6774462764642972,0.013170591941967173,5.048383242391765,32,8179.366467109447,2259.952611014323,1.731135167836974,1.477316969067463,3013.57447066576,0.27602154496452536,0.9524116252777968,0.9810736490495304,0.9956339855572214,0.7175177311108952,0.21639189597962175,0.9949152053106137,0.7619047619047619,1.0,0.07467131280901322,0.07467131280901322,inside_convoy_envelope,inside,True,0.08103575557470322,0.6682670712471008,2.9149422645568848,1.586780309677124,vae_candidate_pool_v1,belief_limited_heuristic_v1,43
VAE000693,vae_candidate_000693,0.8826154722269314,-232.45501708984375,-2427.590576171875,2580.08533625971,1.44849986298485,-0.02488784246949653,4.671244477348007,31,8261.047229913414,2403.5266952954944,1.5612686478623552,1.668204948135447,3195.5581214918684,0.4009233451089891,0.9938881811521016,0.9603505169497764,0.9952595303281927,0.7608471717837781,0.1951585809827944,0.8730925585200844,0.7380952380952381,1.0,0.07382829439894596,0.07382829439894596,inside_convoy_envelope,inside,True,0.055118072777986526,1.157686471939087,2.443319320678711,1.9157835245132446,vae_candidate_pool_v1,belief_limited_heuristic_v1,44
VAE001118,vae_candidate_001118,0.8818150909538212,-464.97998046875,-3043.129638671875,2925.9457056362958,1.4326047227939764,0.0014959118488130137,5.466949482971234,34,8292.879729566617,2495.079237409137,1.6431953900501124,1.7104838426446298,3625.4242211367605,0.49207846760510104,0.9490527428836052,0.940676386400636,0.9902595528780471,0.8631962431278001,0.20539942375626405,0.896133280803039,0.8095238095238095,1.0,0.07110603011659083,0.07110603011659083,inside_convoy_envelope,inside,True,0.05836740881204605,1.3371607065200806,1.504619836807251,1.8214094638824463,vae_candidate_pool_v1,belief_limited_heuristic_v1,45
VAE000904,vae_candidate_000904,0.8807556727764317,306.4198913574219,-1797.890380859375,1826.9395521049569,1.757194124861619,0.0151551449821943,4.576896172753779,33,8431.193261047361,2492.1679018712653,1.5705349206312693,1.3995536737103687,3892.4508800948474,0.4186425217364673,0.9398085737858906,0.956820812399066,0.9853737710324111,0.9267740190702017,0.19631686507890866,0.8917497618830404,0.7857142857142857,1.0,0.07890921545692368,0.07890921545692368,inside_convoy_envelope,inside,True,0.05772837996482849,1.3422155380249023,2.9767470359802246,1.6562448740005493,vae_candidate_pool_v1,belief_limited_heuristic_v1,46
VAE000452,vae_candidate_000452,0.8800620142719113,-123.08843994140625,-1713.55615234375,1774.9445757439007,1.515885764776373,-0.012886810650622792,4.877521579951474,38,8338.766991700859,2581.8937330350523,1.764994655387046,1.6128200781627975,2929.937399939006,0.05597589689791116,0.9288061268860783,0.9992168792530778,0.9991171321003659,0.6976041428426204,0.22062433192338074,0.9547266629981438,0.9047619047619048,1.0,0.0786475776993747,0.0786475776993747,inside_convoy_envelope,inside,True,0.10605008900165558,1.6227812767028809,1.5052776336669922,1.5305641889572144,vae_candidate_pool_v1,belief_limited_heuristic_v1,47
VAE000977,vae_candidate_000977,0.8797304538947928,266.3055725097656,2096.375,2052.404199966708,-1.665004527337773,-0.0529187586669547,5.091154186218804,34,8217.162232151653,2436.8411768694423,1.6979692894896006,-1.5295068849189748,2773.9499348216154,0.028780052859476157,0.9774189986663446,0.9997929414320134,0.9991477120880912,0.6604642701956227,0.21224616118620007,0.8661120412986721,0.8095238095238095,1.0,0.07708707415332963,0.07708707415332963,inside_convoy_envelope,inside,True,0.12035196274518967,0.7821057438850403,1.5063632726669312,1.8712807893753052,vae_candidate_pool_v1,belief_limited_heuristic_v1,48
VAE000628,vae_candidate_000628,0.8782820319397893,556.2484130859375,-3181.40087890625,3125.548530703163,1.6962653009218491,0.015545192071912833,4.801371755991285,37,8081.863932123626,2514.973282131803,1.8203580307927856,1.4608725447398563,3386.3950930563747,0.048044388301455854,0.9052787116096972,0.9994230451812948,0.9939644621461472,0.8062845459658035,0.2275447538490982,0.8311644743319871,0.8809523809523809,1.0,0.0702486856187604,0.0702486856187604,inside_convoy_envelope,inside,True,0.049739085137844086,2.1562318801879883,1.482469081878662,1.0376468896865845,vae_candidate_pool_v1,belief_limited_heuristic_v1,49
VAE000832,vae_candidate_000832,0.8775120983134987,902.740234375,-3168.482666015625,3274.0988232468053,1.8479964593982368,-0.04819116806990612,5.001299897354399,37,8293.587236923247,2396.3350017782072,1.861708902944704,1.2454050261216498,4921.879485554993,0.32071790170152603,0.8655131971421969,0.9745046728114555,0.9475257081247787,1.0,0.232713612868088,0.913439308389148,0.8809523809523809,1.0,0.07141475197983828,0.07141475197983828,inside_convoy_envelope,inside,True,0.06100834161043167,1.85628080368042,2.5464096069335938,1.1756857633590698,vae_candidate_pool_v1,belief_limited_heuristic_v1,50
VAE000148,vae_candidate_000148,0.8766092899528816,-936.6089477539062,1586.677001953125,1698.4709696095508,-1.0381874212868292,-0.00498510826900476,4.563369363526332,37,8468.99041052592,2415.756005614963,1.8084937619140293,-2.108390340571969,6411.720487896764,0.16188096033167565,0.9111637051897951,0.9934629329576099,0.8589432017451802,1.0,0.22606172023925367,0.969246491664582,0.8809523809523809,1.0,0.08170337232221303,0.08170337232221303,inside_convoy_envelope,inside,True,0.07184316217899323,0.6533541083335876,1.4969971179962158,1.3545796871185303,vae_candidate_pool_v1,belief_limited_heuristic_v1,51
VAE000169,vae_candidate_000169,0.8749951379776261,-112.4970703125,-1879.1513671875,1919.8595471801946,1.5052352575923493,-0.023874742083033407,4.965323647615083,35,8384.9205324625,2557.2800428553896,1.632265509914133,1.6124826539144108,2904.4937225446433,0.313284446460377,0.9573565680132086,0.9756632431208667,0.9991312508822963,0.6915461244153913,0.20403318873926662,0.9073595672339121,0.8333333333333334,1.0,0.07701000518975037,0.07701000518975037,inside_convoy_envelope,inside,True,0.06005716696381569,1.442580223083496,1.995755910873413,1.178127408027649,vae_candidate_pool_v1,belief_limited_heuristic_v1,52
VAE000512,vae_candidate_000512,0.8749653214566862,555.7269897460938,1721.1119384765625,1712.7583966116795,-1.8918554404788623,0.00929615330276747,5.101119578224384,37,8199.351591698178,2504.3236601360095,1.8019044503478334,-1.2404410598081632,5028.606108071328,0.3339897749907501,0.9145877546448721,0.9723709792513697,0.9459271620383464,1.0,0.22523805629347918,0.7934038003341929,0.8809523809523809,1.0,0.08047645162700638,0.08047645162700638,inside_convoy_envelope,inside,True,0.0452856719493866,2.2157435417175293,2.6489081382751465,1.7582117319107056,vae_candidate_pool_v1,belief_limited_heuristic_v1,53
VAE001010,vae_candidate_001010,0.8748667143280598,-879.3665161132812,3238.736328125,3338.8814227676316,-1.325315311940168,0.005427109409052997,5.181441366175512,36,8304.135054250059,2340.395672161231,1.8523319200667636,-1.8108502322405722,4247.634718285561,0.43770193599503426,0.8465086624236643,0.9528640547356229,0.9713251599747644,1.0,0.23154149000834545,0.9848934294054974,0.8571428571428571,1.0,0.07209758263030483,0.07209758263030483,inside_convoy_envelope,inside,True,0.076499804854393,0.9598462581634521,2.9532992839813232,1.5288788080215454,vae_candidate_pool_v1,belief_limited_heuristic_v1,54
VAE000126,vae_candidate_000126,0.8747802844206743,10.926025390625,-1917.53662109375,1965.1535304279485,1.6165958243868104,-0.01949822166977501,4.815222396219374,32,8328.502358066282,2500.057070359703,1.5368558782998776,1.5054986075332073,3038.1749286779677,0.019378276213023904,0.9648862347813261,0.9999061235404966,0.9978688613187678,0.7233749830185637,0.1921069847874847,0.823247167950639,0.7619047619047619,1.0,0.07717064209870023,0.07717064209870023,inside_convoy_envelope,inside,True,0.04878019168972969,1.5761173963546753,2.478102922439575,1.1480867862701416,vae_candidate_pool_v1,belief_limited_heuristic_v1,55
VAE000463,vae_candidate_000463,0.8736580287746353,25.197601318359375,3041.646484375,3123.061284376394,-1.5556874059680892,0.07439840340137742,5.275205217916832,36,8080.111705288783,2405.6819117178584,1.8520253769052997,-1.5115068442203266,2880.239891724063,0.2566876600473518,0.9058955121789944,0.9836181066725647,0.9982428934398415,0.6857714027914436,0.23150317211316246,0.9840035202633732,0.8571428571428571,1.0,0.07174639729275495,0.07174639729275495,inside_convoy_envelope,inside,True,0.0761847198009491,0.9694056510925293,1.5033612251281738,1.2208671569824219,vae_candidate_pool_v1,belief_limited_heuristic_v1,56
VAE000784,vae_candidate_000784,0.8729250189849095,-53.651702880859375,1966.689453125,1943.830206505874,-1.5789612734570218,-0.011010926997258834,4.830975620290776,34,8252.216660619008,2442.7148296587357,1.686690994817579,-1.5736423071300303,2466.1905517872524,0.2549038048481065,0.9614269899003234,0.9838437779983983,0.9999959502006995,0.5871882266160124,0.21083637435219738,0.9888896140808615,0.8095238095238095,1.0,0.07812797744263347,0.07812797744263347,inside_convoy_envelope,inside,True,0.07804236561059952,1.074684977531433,1.5057179927825928,1.6738866567611694,vae_candidate_pool_v1,belief_limited_heuristic_v1,57
VAE000757,vae_candidate_000757,0.8725702792852407,1872.967041015625,2362.686767578125,2929.742887938398,-2.271845282686355,-0.046185242017428615,5.108463253153416,38,8304.352046807055,2381.1153212555405,1.921752324967592,-0.9159326129208666,6946.311450592394,0.15576224267302763,0.948333844652541,0.9939467843309451,0.793130940689775,1.0,0.240219040620949,0.8767404381860281,0.9047619047619048,0.0,0.07266667088729119,0.0,ahead_vae,ahead,False,0.11891716718673706,2.0892868041992188,2.3794918060302734,1.0353667736053467,vae_candidate_pool_v1,belief_limited_heuristic_v1,58
VAE000731,vae_candidate_000731,0.8725413958882141,-944.2295532226562,3246.954833984375,3388.239674194258,-1.313753343502533,0.0001680304134908548,4.691272668478329,33,8427.30852440724,2297.321378647478,1.7045246729402401,-1.8276712796737693,4362.979152901393,0.26884635793670936,0.8314236442039388,0.9820389837830718,0.9671886468259336,1.0,0.21306558411753002,0.9997449214441743,0.7857142857142857,1.0,0.07264129828435441,0.07264129828435441,inside_convoy_envelope,inside,True,0.08866029977798462,2.345731735229492,1.9192137718200684,1.0955992937088013,vae_candidate_pool_v1,belief_limited_heuristic_v1,59
VAE000507,vae_candidate_000507,0.8713150754668905,87.52133178710938,2462.3955078125,2635.2200777498792,-1.6157081167188656,-0.03870551445049584,4.713717738970599,33,8267.116081583183,2576.0478620927256,1.5495513627686566,-1.5645900513214233,2627.3059207277347,0.4263814330989038,0.9895954350053255,0.9552341351331567,0.9999807411341913,0.6255490287446988,0.19369392034608207,0.8714397748016888,0.7857142857142857,1.0,0.07132950634194878,0.07132950634194878,inside_convoy_envelope,inside,True,0.054894424974918365,1.0929219722747803,2.939558982849121,1.4001954793930054,vae_candidate_pool_v1,belief_limited_heuristic_v1,60
VAE001130,vae_candidate_001130,0.870909752246425,554.11669921875,3329.598876953125,3387.3858066231846,-1.7225154835033056,-0.03677909987791213,4.82667694255662,36,8340.608637174666,2625.6616182585312,1.6438644424987168,-1.4558562699643995,3564.897170729458,0.1586695168316563,0.831688818292807,0.9937191898589186,0.9934016608096791,0.848785040649871,0.2054830553123396,0.9957792316215692,0.8571428571428571,1.0,0.06811942439574152,0.06811942439574152,inside_convoy_envelope,inside,True,0.08159098774194717,1.631009817123413,1.50080406665802,1.1160590648651123,vae_candidate_pool_v1,belief_limited_heuristic_v1,61
VAE000382,vae_candidate_000382,0.8704751813258846,1425.00341796875,-1670.068359375,2237.038901457502,2.273171987448172,-0.040780048560123745,5.066623015749725,37,8328.04584892724,2455.1229436309313,1.8096116008536975,0.827640617581497,7442.6781952857855,0.3741451921233807,0.9949924814037054,0.9654101872788619,0.7363370286693317,1.0,0.2262014501067122,0.9274120470048607,0.8809523809523809,0.0,0.07524673576603232,0.0,ahead_vae,ahead,False,0.11122222989797592,1.9072394371032715,2.0105628967285156,1.2175428867340088,vae_candidate_pool_v1,belief_limited_heuristic_v1,62
VAE000949,vae_candidate_000949,0.8697331980236249,-1685.497802734375,-2545.252685546875,3030.109130796286,1.016278694221027,0.029140489047869398,5.127526995067897,38,8214.029338163005,2503.2521977599267,1.8480883987626213,2.154454448416636,6615.433083720005,0.4150122368607979,0.9276930639261236,0.9575556933235317,0.8344523194697566,1.0,0.23101104984532767,0.9341715801491227,0.9047619047619048,0.0,0.07066314341603994,0.0,astern_vae,astern,False,0.06449423730373383,1.3508321046829224,2.9290571212768555,1.6740671396255493,vae_candidate_pool_v1,belief_limited_heuristic_v1,63
VAE000175,vae_candidate_000175,0.8695605239356299,1284.07470703125,1746.240478515625,2015.9502644978868,-2.1817102527807033,0.0015283894186484891,5.037677246299593,37,8176.678529323972,2404.323577983194,1.8820531552889619,-0.9583540113904413,6667.836704744899,0.45045574289395685,0.9725034059841476,0.950124388198054,0.8182464516540295,1.0,0.23525664441112024,0.8654733908903937,0.8809523809523809,0.0,0.07788047929286146,0.0,ahead_vae,ahead,False,0.05409617722034454,1.9934154748916626,1.9815623760223389,1.705193042755127,vae_candidate_pool_v1,belief_limited_heuristic_v1,64
VAE000823,vae_candidate_000823,0.8684471237789002,-965.6455688476562,1595.925537109375,1814.5529163312633,-1.0236605789049802,-0.018097258804789327,5.045955802567456,33,8159.7087494121215,2319.1196418716527,1.7438781181254959,-2.136029333489602,6328.855424619638,0.13673298676114998,0.9372626403508624,0.9953333000678566,0.8444638220276478,1.0,0.21798476476568698,0.8600054138032263,0.7857142857142857,1.0,0.08137175604455855,0.08137175604455855,inside_convoy_envelope,inside,True,0.1211564913392067,1.9853460788726807,1.4925658702850342,1.9387078285217285,vae_candidate_pool_v1,belief_limited_heuristic_v1,65
VAE000830,vae_candidate_000830,0.8684450342591422,762.065673828125,-3477.892333984375,3583.1486999709878,1.7716085353407502,-0.0013773548961898078,4.824066618001436,42,8321.551094897199,2356.8897604141825,2.1414391423498245,1.3686067633528538,3979.968476489101,0.12501427506909923,0.7674973918423935,0.9960979436939006,0.979629229774248,0.9476115420212144,0.26767989279372806,0.990220394388821,1.0,1.0,0.07131047055466412,0.07131047055466412,inside_convoy_envelope,inside,True,0.09591761976480484,1.8378818035125732,1.9766908884048462,1.1324071884155273,vae_candidate_pool_v1,belief_limited_heuristic_v1,66
VAE000098,vae_candidate_000098,0.8675678949038601,-207.56365966796875,-3097.954833984375,3091.111494605234,1.4991773093813565,0.006966403150319092,5.675331784926419,36,8399.744539382591,2541.241400427308,1.6865161357780691,1.6493817473587555,3192.8167491158288,0.3694766004476977,0.9136660112885491,0.9662582436242048,0.9969137546302768,0.7601944640751973,0.21081451697225864,0.8430604568942438,0.8571428571428571,1.0,0.06993829255746241,0.06993829255746241,inside_convoy_envelope,inside,True,0.05120982229709625,1.7109768390655518,2.007589101791382,1.8175441026687622,vae_candidate_pool_v1,belief_limited_heuristic_v1,67
VAE000190,vae_candidate_000190,0.8667100570526295,261.44232177734375,-3201.2734375,3222.5040045495757,1.6264238414754566,0.007652767733737254,5.654648824250884,37,8304.269748160228,2381.739270951031,1.870708237363327,1.5228215798480742,2777.2413537116367,0.10588568479299165,0.8799543705691719,0.9971996732931874,0.9988494325296644,0.6612479413599135,0.23383852967041588,0.9661906979587087,0.8809523809523809,1.0,0.07176205665866119,0.07176205665866119,inside_convoy_envelope,inside,True,0.10345058143138885,2.2532896995544434,1.9880280494689941,1.6006791591644287,vae_candidate_pool_v1,belief_limited_heuristic_v1,68
VAE000802,vae_candidate_000802,0.8661183834480513,124.3048095703125,3160.17333984375,3225.2164682398807,-1.6162944430715913,0.06738207016692459,4.609842813647216,37,8381.581022026152,2449.4740090742025,1.8021998155991459,-1.4579161403512773,3377.991537766,0.2435380398618208,0.8792112342231564,0.9852454478870201,0.9936357937543594,0.8042836994680952,0.22527497694989324,0.8291464449217021,0.8809523809523809,1.0,0.07076470023174607,0.07076470023174607,inside_convoy_envelope,inside,True,0.04949323832988739,2.2177531719207764,2.3420140743255615,1.8793737888336182,vae_candidate_pool_v1,belief_limited_heuristic_v1,69
VAE000318,vae_candidate_000318,0.865741927490243,-1446.470703125,-2924.811279296875,3298.013287795358,1.0642179221799193,-0.006589177030169685,5.243245760754888,36,8241.850012081828,2585.2173819927966,1.689587650989479,2.0707855543797042,6220.0305096045495,0.23679688996424175,0.858607119856721,0.986047189150284,0.8775877264104088,1.0,0.21119845637368487,0.9999862020701865,0.8571428571428571,0.0,0.06884930167323056,0.0,astern_vae,astern,False,0.08759061992168427,1.9442353248596191,2.918389320373535,1.5000331401824951,vae_candidate_pool_v1,belief_limited_heuristic_v1,70
VAE000661,vae_candidate_000661,0.8652014275068216,-1611.639404296875,1325.8236083984375,2206.9265275486787,-0.687240867871508,0.007352376961232792,5.266804872393016,39,8331.492718390838,2351.1851777193187,1.9909252414808514,-2.446999408757052,7906.133577937126,0.10588324125006121,0.9929780091889437,0.9971998024182056,0.6400729767520156,1.0,0.24886565518510642,0.9478916074980719,0.9285714285714286,0.0,0.0768958843913381,0.0,astern_vae,astern,False,0.10745410621166229,0.9342037439346313,2.4511752128601074,1.0888701677322388,vae_candidate_pool_v1,belief_limited_heuristic_v1,71
VAE000480,vae_candidate_000480,0.8649655999728553,-327.88543701171875,3227.969970703125,3147.086435641217,-1.460636141261613,0.01821445912032269,4.887592121450654,35,8126.066628407936,2394.8913001995284,1.7984644560539529,-1.6627420532078576,3130.880002122083,0.02945729459167445,0.8998671339973792,0.9997830826350307,0.9957759687913386,0.745447619552877,0.2248080570067441,0.8018102170039599,0.8333333333333334,1.0,0.0718213777342143,0.0718213777342143,inside_convoy_envelope,inside,True,0.0462527722120285,1.9341928958892822,2.494415760040283,1.7756681442260742,vae_candidate_pool_v1,belief_limited_heuristic_v1,72
VAE000885,vae_candidate_000885,0.864599491279504,270.27020263671875,-3302.135986328125,3352.6212058513643,1.6455945808299288,-0.04223499146691431,4.739648479393663,37,8133.984595292184,2388.667591693737,1.9043319821745617,1.4537630812929498,3322.102729999085,0.256355842838194,0.8423601137408294,0.983660200615136,0.9931594228972697,0.7909768404759726,0.2380414977718202,0.9649778540260868,0.8809523809523809,1.0,0.07137446196173788,0.07137446196173788,inside_convoy_envelope,inside,True,0.07078947126865387,0.9137243032455444,1.9356181621551514,1.2238962650299072,vae_candidate_pool_v1,belief_limited_heuristic_v1,73
VAE000398,vae_candidate_000398,0.8631641675577849,1760.39697265625,2716.99072265625,3150.628025993735,-2.1367143086832012,0.041862318036260386,5.23574398728148,40,8208.077992916098,2226.273386183033,2.1889710721619795,-0.9630160268703315,6514.782653162168,0.30207324808602865,0.898965288062976,0.9773608748367403,0.8209175915155689,1.0,0.27362138402024744,0.8805163368449588,0.9523809523809523,0.0,0.07448870497939863,0.0,ahead_vae,ahead,False,0.05613705888390541,0.8491052389144897,2.508183240890503,1.3389835357666016,vae_candidate_pool_v1,belief_limited_heuristic_v1,74
VAE000012,vae_candidate_000012,0.8625350954929689,-72.92568969726562,2110.332763671875,1906.8719191540074,-1.55110577783298,-0.003315059181758547,4.886177154031163,35,8231.58424333602,2319.736259448049,1.8329305349635034,-1.5938019349385717,2508.478314480191,0.3726581506038917,0.9550716963922333,0.9656814123291477,0.9997353826681822,0.5972567415429025,0.22911631687043793,0.9126791355460544,0.8333333333333334,1.0,0.08021019301363032,0.08021019301363032,inside_convoy_envelope,inside,True,0.060887888073921204,0.7731173634529114,1.5156934261322021,1.7997565269470215,vae_candidate_pool_v1,belief_limited_heuristic_v1,75
VAE000835,vae_candidate_000835,0.8615189239997786,-306.29876708984375,1727.5950927734375,1602.7996329554744,-1.3643937113154365,0.014812446172733989,5.543201796553807,30,8423.243132055051,2486.5381092661005,1.4323422365154654,-1.7623864961016227,4044.996829730536,0.3662400350386539,0.88679831748611,0.9668402067255473,0.9817026760591832,0.9630944832691752,0.17904277956443318,0.8743212151575733,0.7142857142857143,1.0,0.08253018339165462,0.08253018339165462,inside_convoy_envelope,inside,True,0.05528506636619568,1.1335465908050537,2.9619383811950684,1.8058152198791504,vae_candidate_pool_v1,belief_limited_heuristic_v1,76
VAE000906,vae_candidate_000906,0.8615078541196963,498.7887878417969,-3243.117431640625,3389.2396585631495,1.7158461491156964,0.02402121876303329,4.7032824315735375,39,8225.763705935218,2290.6442041137902,2.069811234709965,1.4497677232371295,3267.0120935956816,0.07722103657831214,0.8311129088309737,0.9985099685307169,0.9926849742649836,0.7778600222846861,0.2587264043387456,0.9060060778481449,0.9285714285714286,1.0,0.07279659219038408,0.07279659219038408,inside_convoy_envelope,inside,True,0.11468386650085449,1.7964246273040771,2.4277596473693848,1.2292033433914185,vae_candidate_pool_v1,belief_limited_heuristic_v1,77
VAE000488,vae_candidate_000488,0.8610976586686551,-1806.037353515625,2457.801025390625,2983.067653605694,-0.9786273119495745,0.016708644807578173,4.919655683679529,32,8226.337064020678,2530.6224813820645,1.5371495286000718,-2.14625669683264,6599.991077645915,0.3977845412318579,0.9377553906643302,0.9609607365883519,0.8389418482569381,1.0,0.19214369107500898,0.8906122017707705,0.7619047619047619,0.0,0.07046668745785041,0.0,astern_vae,astern,False,0.05756428837776184,1.149762749671936,1.8791855573654175,1.8590456247329712,vae_candidate_pool_v1,belief_limited_heuristic_v1,78
VAE000054,vae_candidate_000054,0.8600611643478987,-1082.787109375,3302.58447265625,3365.008100948878,-1.212585269049452,-0.020215722073263723,5.385559938277326,36,8204.540660320845,2360.479305726514,1.858865776823012,-1.9492231066136048,5224.709901725175,0.4400071472678254,0.8385861775068328,0.9523743094467101,0.9292470256715893,1.0,0.2323582221028765,0.9219294519740948,0.8571428571428571,1.0,0.07175080336359922,0.07175080336359922,inside_convoy_envelope,inside,True,0.06238609552383423,1.4538944959640503,1.4983463287353516,1.4939913749694824,vae_candidate_pool_v1,belief_limited_heuristic_v1,79
VAE000083,vae_candidate_000083,0.8596984099646561,-2043.5712890625,1646.51123046875,2727.6714383952667,-0.695271778417463,0.0006036087058330345,4.88264078539461,36,8213.471301906533,2298.0385836235637,1.907297504688312,-2.445717266466497,7776.955228895406,0.02683086032694104,0.9799080714511118,0.9998200370301222,0.6410575384013228,1.0,0.238412188086039,0.9623722174173617,0.8571428571428571,0.0,0.07473414481914133,0.0,astern_vae,astern,False,0.10435687750577927,0.6453913450241089,2.9410862922668457,1.8374005556106567,vae_candidate_pool_v1,belief_limited_heuristic_v1,80
VAE000597,vae_candidate_000597,0.8581947049055482,244.78721618652344,1794.242919921875,1705.4180364609686,-1.7560614564572135,-0.06046352540335173,4.802360922499869,34,8241.23564066423,2325.9166101139635,1.7737501486361558,-1.4459947225359313,3333.6780877250485,0.4594856398367946,0.9128357978921491,0.9481403641017654,0.9922223826384033,0.7937328780297734,0.22171876857951947,0.8849497805082148,0.8095238095238095,1.0,0.08282217891689209,0.08282217891689209,inside_convoy_envelope,inside,True,0.05675758048892021,1.7406781911849976,2.4426960945129395,1.4803333282470703,vae_candidate_pool_v1,belief_limited_heuristic_v1,81
VAE000930,vae_candidate_000930,0.8569755865868984,-254.8070068359375,-3284.653076171875,3421.5173945989536,1.4941888581254543,0.053194870167471826,5.038561973562204,36,8206.177840107133,2345.8720378614053,1.8700673921181687,1.7005986656318106,3388.3298366321487,0.2946297761077761,0.8209783329232224,0.9784548577925505,0.9915874979798975,0.8067451991981307,0.2337584240147711,0.9720602097827052,0.8571428571428571,1.0,0.07184628291038314,0.07184628291038314,inside_convoy_envelope,inside,True,0.07257623970508575,0.6709985733032227,2.9577322006225586,1.1978579759597778,vae_candidate_pool_v1,belief_limited_heuristic_v1,82
VAE000042,vae_candidate_000042,0.8566053977177831,1772.729736328125,-1547.126953125,2441.2633395642215,2.4115293395383866,0.016064546535050288,5.0403090572773,36,8196.11420062585,2495.842531206619,1.7598567512737537,0.746127860586457,7712.772390657561,0.5376509786343606,0.9996781872952795,0.9294570151537582,0.6788004557390321,1.0,0.21998209390921922,0.9859347424321498,0.8571428571428571,0.0,0.07337855133168163,0.0,ahead_vae,ahead,False,0.07688024640083313,1.9885461330413818,2.561375617980957,1.05259370803833,vae_candidate_pool_v1,belief_limited_heuristic_v1,83
VAE000674,vae_candidate_000674,0.8562427198730755,-2351.046142578125,1973.037353515625,2996.900542741759,-0.6967628353396279,0.03330265920442183,4.939369472159092,38,8160.482537283844,2381.5799497155267,1.9552513367533944,-2.4115271590457437,7668.945845718736,0.1094340217553823,0.934866392559348,0.997009035442864,0.6669184384311015,1.0,0.2444064170941743,0.9934058622602346,0.9047619047619048,0.0,0.07246771066891652,0.0,astern_vae,astern,False,0.09436459839344025,2.060742139816284,2.0596470832824707,1.0516741275787354,vae_candidate_pool_v1,belief_limited_heuristic_v1,84
VAE000531,vae_candidate_000531,0.8552055764944115,1559.23046875,1515.3221435546875,2210.645371684256,-2.3527392265342124,-0.036364374145485046,5.298782242317083,33,8325.202853513176,2372.31436043478,1.6708862212173219,-0.8252178012010658,7390.721158177354,0.5368242648624062,0.9932450023345482,0.9296685566176066,0.7346955553450096,1.0,0.20886077765216524,0.9344885064233351,0.7857142857142857,0.0,0.07656750569003642,0.0,ahead_vae,ahead,False,0.06455102562904358,1.1699893474578857,2.928011894226074,1.0706218481063843,vae_candidate_pool_v1,belief_limited_heuristic_v1,85
VAE000726,vae_candidate_000726,0.8536521506580742,-2011.2392578125,-2405.94189453125,3136.130335766171,0.8333295372258949,-0.011184109163199302,5.013023699060039,35,8351.736690470747,2368.195220075504,1.7695944620284105,2.2970790072006992,7316.923361198809,0.1980413619087349,0.9026356723905272,0.9902269095076246,0.7476482156193373,1.0,0.22119930775355132,0.9843361212635294,0.8333333333333334,0.0,0.07219198875112047,0.0,astern_vae,astern,False,0.0763014554977417,0.7046844363212585,2.0254602432250977,1.3130804300308228,vae_candidate_pool_v1,belief_limited_heuristic_v1,86
VAE000072,vae_candidate_000072,0.8528296710221385,-1515.099365234375,3188.36865234375,3474.978015208976,-1.1572038144354648,-0.06418625349141822,5.264068006014393,38,7989.19612783257,2544.761677773985,1.869103702496386,-2.0485750926457467,5933.290141179634,0.28485749608006994,0.8037671258255649,0.9798508544760459,0.8880184534470372,1.0,0.23363796281204824,0.990594503215007,0.9047619047619048,0.0,0.06899516089253663,0.0,astern_vae,astern,False,0.09574973583221436,2.129211187362671,2.403029441833496,1.7425429821014404,vae_candidate_pool_v1,belief_limited_heuristic_v1,87
VAE000070,vae_candidate_000070,0.8518042740063053,1997.186767578125,1788.1300048828125,2701.1285059709344,-2.4137075341215732,0.01157300493997828,5.240847699812208,36,8237.306174688581,2728.3662452434837,1.6018233648797815,-0.7163121145282416,8004.308832601479,0.4508445324304183,0.9830046089853832,0.9500397193907428,0.6566076208548287,1.0,0.2002279206099727,0.9762792612083905,0.8571428571428571,0.0,0.06934700369562605,0.0,ahead_vae,ahead,False,0.07374534010887146,2.1728405952453613,1.4948618412017822,1.1657103300094604,vae_candidate_pool_v1,belief_limited_heuristic_v1,88
VAE000568,vae_candidate_000568,0.8516416214110692,-153.10418701171875,1721.2762451171875,1629.745280953938,-1.5021832500551762,0.002531699067579836,5.561469062796368,36,8360.118458126257,2397.1225669346336,1.796386692278931,-1.636877704467037,2943.9368215401237,0.3708276137163633,0.8939069786363641,0.9660138742262239,0.9978174201673461,0.7009373384619342,0.2245483365348664,0.8941580590427834,0.8571428571428571,1.0,0.08311834658350807,0.08311834658350807,inside_convoy_envelope,inside,True,0.05807811766862869,2.3001210689544678,1.5202398300170898,1.9320569038391113,vae_candidate_pool_v1,belief_limited_heuristic_v1,89
VAE000953,vae_candidate_000953,0.8515773989824181,1162.732177734375,-3487.056884765625,3622.8637350285912,1.88061861859615,0.036211373722207264,4.403795398517391,37,8282.728495888272,2527.4200853975753,1.7674651768494902,1.2971854087158505,4671.478083961438,0.10474865798337651,0.7537583146960852,0.9972594368904729,0.9628014699248106,1.0,0.22093314710618628,0.9672645147622168,0.8809523809523809,0.0,0.06883064397890372,0.0,ahead_vae,ahead,False,0.10318709909915924,2.2668235301971436,1.9725964069366455,1.4688615798950195,vae_candidate_pool_v1,belief_limited_heuristic_v1,90
VAE000782,vae_candidate_000782,0.8493299964906554,-1659.900390625,-1380.85107421875,1988.2127705010512,0.7355595439991083,0.0658120893796779,4.421002760661882,34,8083.004535588907,2294.501024206383,1.8332337272629269,2.4718451989703634,7761.300252978265,0.07368670309848369,0.968453723498272,0.998643181543176,0.6207880166947698,1.0,0.22915421590786586,0.9845881109488821,0.8095238095238095,0.0,0.07973246171399555,0.0,astern_vae,astern,False,0.07639070600271225,1.971998929977417,1.965582013130188,1.1757681369781494,vae_candidate_pool_v1,belief_limited_heuristic_v1,91
VAE001143,vae_candidate_001143,0.8486850101266674,-1847.598876953125,1809.134033203125,2618.5376087360473,-0.7417015849359413,-0.047532865135619384,4.748177977939277,36,8287.446347210096,2361.102119573215,1.8397846874072792,-2.447423933789471,7880.120791223092,0.07908820085866364,0.9910125239170939,0.9984370790412753,0.6397467505083626,1.0,0.2299730859259099,0.7953970699461133,0.8571428571428571,0.0,0.07424310165005049,0.0,astern_vae,astern,False,0.04551387578248978,0.7309302687644958,2.44973087310791,1.7841825485229492,vae_candidate_pool_v1,belief_limited_heuristic_v1,92
VAE000545,vae_candidate_000545,0.8486827331423794,-1934.873046875,1438.613525390625,2559.109538998061,-0.6327586768978232,-0.050965674604860865,5.564590545750972,35,8239.372995482901,2349.766200242021,1.8077951965268442,-2.559799651296831,8175.070803071971,0.010313739490775742,0.9952258287128157,0.9999734069301629,0.549522834528433,1.0,0.22597439956585552,0.9984151508936204,0.8333333333333334,0.0,0.07471665730739578,0.0,astern_vae,astern,False,0.09074193239212036,1.3485960960388184,2.4782192707061768,1.8035517930984497,vae_candidate_pool_v1,belief_limited_heuristic_v1,93
VAE000793,vae_candidate_000793,0.8472931736718203,-14.913818359375,-1551.53662109375,1511.0575197009887,1.5965388147581445,-0.03831211287965548,5.244923162712279,40,8117.849753028286,2314.633911386449,2.1288088678846564,1.5067417259519937,2829.5171884298443,0.3468344767556506,0.8612420196229886,0.9702267277543702,0.9979492053987703,0.6736945686737724,0.26610110848558205,0.9176406296382706,0.9523809523809523,1.0,0.08655933757054408,0.08655933757054408,inside_convoy_envelope,inside,True,0.06168243661522865,1.633991003036499,2.9426002502441406,1.7815171480178833,vae_candidate_pool_v1,belief_limited_heuristic_v1,94
VAE000407,vae_candidate_000407,0.8472341312121725,261.3386535644531,3315.90771484375,3321.6703687343997,-1.617310852800374,-0.0012836985089771222,5.128613496263993,38,8174.350621822871,2247.371917190667,2.068499332066364,-1.5255654992983962,2614.680028714245,0.3229478988766119,0.8516483898888814,0.9741519922693946,0.9989772605022325,0.6225428639795821,0.2585624165082955,0.9265161611939442,0.9047619047619048,1.0,0.07369402068099727,0.07369402068099727,inside_convoy_envelope,inside,True,0.0631575658917427,2.095970392227173,1.8513615131378174,1.2432684898376465,vae_candidate_pool_v1,belief_limited_heuristic_v1,95
VAE000596,vae_candidate_000596,0.8464540324614638,1942.1845703125,-1507.402099609375,2588.7768939616913,2.5065215829075838,0.04559452666833636,4.92950447502142,37,8223.65668484144,2629.735272059828,1.7109003735966588,0.6806655973505457,8045.967729184873,0.5700817292178393,0.9932860209276106,0.9209284343226227,0.6293104350378265,1.0,0.21386254669958235,0.9998377234486231,0.8809523809523809,0.0,0.0709585472958206,0.0,ahead_vae,ahead,False,0.0883781760931015,2.292266368865967,2.9189817905426025,1.175183892250061,vae_candidate_pool_v1,belief_limited_heuristic_v1,96
VAE001196,vae_candidate_001196,0.8461339982571597,-94.15692138671875,3126.34716796875,3201.9900579749797,-1.525954622372555,-0.006395435712353664,5.72620568608563,35,8268.168125371216,2379.3928508372073,1.7790681837547646,-1.6220334669295917,2799.7222446652277,0.4480440525124616,0.8855152116506778,0.9506480745601813,0.9986876648731492,0.6666005344441018,0.22238352296934558,0.8621150060582005,0.8333333333333334,1.0,0.07186092859034425,0.07186092859034425,inside_convoy_envelope,inside,True,0.05365283042192459,1.9227168560028076,2.4223029613494873,1.3403974771499634,vae_candidate_pool_v1,belief_limited_heuristic_v1,97
VAE000804,vae_candidate_000804,0.8449883806521625,-1282.576171875,3063.580078125,3414.560713157548,-1.1179096368160153,-0.0006022753499993126,5.155492492712932,37,8403.982911718349,2464.4483671218177,1.786474575141457,-2.0242852921237775,5897.174703254392,0.45389646333202577,0.8231795056909518,0.9493727219547938,0.8989240452525067,1.0,0.22330932189268213,0.9153514953041377,0.8809523809523809,0.0,0.07008183906903592,0.0,astern_vae,astern,False,0.061313360929489136,0.7935072779655457,2.975417375564575,1.6415725946426392,vae_candidate_pool_v1,belief_limited_heuristic_v1,98
VAE000249,vae_candidate_000249,0.8441345161388523,-1883.673095703125,1004.1426391601562,2210.412853822852,-0.5002915118834043,0.08033502561545186,5.203893319491977,34,8117.352793251009,2427.0962670690965,1.725748454889599,-2.560966116090937,8118.452512007792,0.13240359068390217,0.9932284588913742,0.9956237211745498,0.5485479044109649,1.0,0.21571855686119987,0.99319257601557,0.8095238095238095,0.0,0.07586923697755893,0.0,astern_vae,astern,False,0.08005405962467194,1.3061109781265259,1.513784408569336,1.7564308643341064,vae_candidate_pool_v1,belief_limited_heuristic_v1,99
VAE000834,vae_candidate_000834,0.8422553459005794,-418.04107666015625,3395.986083984375,3495.5056442436603,-1.4224234462708907,0.0239743066978094,5.011598095854016,35,8181.6221089653,2557.0464376551477,1.6729771629767518,-1.6951949006210931,3552.445907399038,0.24059440431867785,0.797025847693438,0.9855982558988907,0.992272470427067,0.8458204541426281,0.20912214537209398,0.8153429384658544,0.8333333333333334,1.0,0.06874247404900338,0.06874247404900338,inside_convoy_envelope,inside,True,0.04783723130822182,0.8182393312454224,2.961883306503296,1.2301158905029297,vae_candidate_pool_v1,belief_limited_heuristic_v1,100
VAE000111,vae_candidate_000111,0.8419849599895501,-464.63702392578125,-3562.217041015625,3586.637398864099,1.4337739111459105,-0.04086570184113357,4.863085761403068,38,8239.706518140516,2483.831689534284,1.8567339979725117,1.6669530406027493,3263.4403512655176,0.3251346024162385,0.7662988462829995,0.9738038690480824,0.9953805042062004,0.7770096074441709,0.23209174974656396,0.9833949793806855,0.9047619047619048,1.0,0.06949027148461771,0.06949027148461771,inside_convoy_envelope,inside,True,0.07597415894269943,2.0301673412323,2.520099639892578,1.2213010787963867,vae_candidate_pool_v1,belief_limited_heuristic_v1,101
VAE000869,vae_candidate_000869,0.8418149253825554,-1903.510498046875,-1278.831298828125,2232.8317341259403,0.5916291078953755,0.034556367035436505,4.951408361577025,37,8287.16304882266,2634.8996358892205,1.6944617237639956,2.5845199127298546,8427.278445570986,0.15644597089382062,0.9947312766618682,0.9938936344195362,0.5287037903704291,1.0,0.21180771547049945,0.9553595134135394,0.8809523809523809,0.0,0.07316723527716566,0.0,astern_vae,astern,False,0.10591527819633484,0.7500594258308411,2.0237393379211426,1.5481723546981812,vae_candidate_pool_v1,belief_limited_heuristic_v1,102
VAE000805,vae_candidate_000805,0.8411080453015651,-2344.804931640625,2335.7763671875,3252.1291023322515,-0.7613871933573271,0.027976805036961563,4.817064381709246,35,8275.192368866505,2271.284228703769,1.8621662907442227,-2.3522286551955043,7440.589946492928,0.08699446328338356,0.8717404770787381,0.9981091837714231,0.7099054820286103,1.0,0.23277078634302784,0.9999744490892584,0.8333333333333334,0.0,0.0734339038004768,0.0,astern_vae,astern,False,0.08770757913589478,2.3751626014709473,1.538287878036499,1.358181118965149,vae_candidate_pool_v1,belief_limited_heuristic_v1,103
VAE001077,vae_candidate_001077,0.8409361614156144,-2162.317626953125,1525.9185791015625,2585.314633158915,-0.6151939990930244,0.005950602300839276,5.073652970949495,34,8207.493313756682,2686.81998264373,1.5418062783887065,-2.5204480521959294,8238.078001358892,0.18719483158992312,0.9935292466319241,0.991265075875155,0.5819663461391988,1.0,0.19272578479858832,0.8859912180829637,0.8095238095238095,0.0,0.07036133127938402,0.0,astern_vae,astern,False,0.05690472573041916,0.7337661385536194,1.922751545906067,1.0763393640518188,vae_candidate_pool_v1,belief_limited_heuristic_v1,104
VAE000002,vae_candidate_000002,0.8407265530582902,-1002.3169555664062,-1006.7489013671875,1560.4731012977857,0.802498007758413,-0.011430158889963966,4.724668733230961,35,8293.976968132996,2485.388880876933,1.6978951519195928,2.3276644869414165,7501.895668538481,0.11939494046662957,0.8752606620071942,0.9964404435647911,0.7269900441061056,1.0,0.2122368939899491,0.9999746707016017,0.8333333333333334,1.0,0.08339540405801159,0.08339540405801159,inside_convoy_envelope,inside,True,0.08682726323604584,1.1583058834075928,1.525468349456787,1.696027159690857,vae_candidate_pool_v1,belief_limited_heuristic_v1,105
VAE000592,vae_candidate_000592,0.8403192924259576,482.5824279785156,-3595.543212890625,3650.6643926109246,1.698600983876649,-0.08586663030832963,4.415821490676873,36,8116.49645988271,2321.230629791809,1.9108016364068274,1.3571250394048155,3989.539472954091,0.14932459887931437,0.7440234776636317,0.9944358915441581,0.9772590091270799,0.9498903507033549,0.23885020455085343,0.8529002479289322,0.8571428571428571,1.0,0.07179528366708154,0.07179528366708154,inside_convoy_envelope,inside,True,0.0524568036198616,2.0369608402252197,1.4868686199188232,1.8640519380569458,vae_candidate_pool_v1,belief_limited_heuristic_v1,106
VAE000366,vae_candidate_000366,0.8402305814822959,-62.973236083984375,1662.1737060546875,1594.1493286663379,-1.5582507807990995,0.02138531029362262,5.414476432806704,35,8082.127789368077,2545.92817777344,1.700968157637184,-1.561956562497071,2617.271881412416,0.13126828669855153,0.8844767632668861,0.995698341505599,0.999960929537999,0.6231599717648609,0.212621019704648,0.8067787665290881,0.8333333333333334,1.0,0.08211636188679808,0.08211636188679808,inside_convoy_envelope,inside,True,0.04683036357164383,1.2153277397155762,2.0810790061950684,1.9317326545715332,vae_candidate_pool_v1,belief_limited_heuristic_v1,107
VAE001121,vae_candidate_001121,0.8399051537377393,457.84881591796875,1248.910400390625,1312.60842937891,-1.939750628844748,0.03516976647440361,4.28059602736982,39,8381.631390412223,2392.7317193857853,1.9446526633322205,-1.1666722582706417,5495.761365258802,0.4310127188437034,0.799698953987114,0.9542715553563446,0.9194471779625143,1.0,0.24308158291652757,0.9437339291406611,0.9285714285714286,1.0,0.09067599191593084,0.09067599191593084,inside_convoy_envelope,inside,True,0.06626604497432709,1.793457269668579,2.429555892944336,1.05860435962677,vae_candidate_pool_v1,belief_limited_heuristic_v1,108
VAE000760,vae_candidate_000760,0.8398503227804012,357.9878845214844,-3452.7666015625,3640.964141981333,1.6796161574960207,-0.04011572202128368,5.148059324099259,35,8176.101470661528,2302.4318102994494,1.8592380329851044,1.4218607740724887,3490.1582795014665,0.21496546485792534,0.747430615618801,0.9884918808040002,0.9889295867567869,0.8309900665479683,0.23240475412313805,0.9976669266957927,0.8333333333333334,1.0,0.07210228451452452,0.07210228451452452,inside_convoy_envelope,inside,True,0.08304886519908905,1.5349563360214233,2.595424175262451,1.6499848365783691,vae_candidate_pool_v1,belief_limited_heuristic_v1,109
VAE000514,vae_candidate_000514,0.8394678868171381,-10.105743408203125,-3364.08837890625,3345.16623900675,1.5825040430010031,-0.004010003270426619,4.745927223993737,33,8394.357035837369,2609.555679816869,1.5064680836271533,1.5550786073183638,2741.1680619651734,0.1073404769647357,0.8446159952841583,0.9971222701887532,0.9998764791902107,0.6526590623726604,0.18830851045339417,0.8367775824716277,0.7857142857142857,1.0,0.06839920817156608,0.06839920817156608,inside_convoy_envelope,inside,True,0.1241045892238617,2.232179641723633,1.9351800680160522,1.5106490850448608,vae_candidate_pool_v1,belief_limited_heuristic_v1,110
VAE000377,vae_candidate_000377,0.8394645829367647,-2314.308349609375,1912.3988037109375,3043.6619555085063,-0.7017130289136769,0.00123243492291134,5.216497604961577,33,8191.892373611219,2423.2110131588424,1.6624112449718402,-2.4386471897532047,7816.461106794064,0.08667915802577374,0.924670598041871,0.9981228566240563,0.6464677044474539,1.0,0.20780140562148003,0.9677016643000119,0.7857142857142857,0.0,0.071709184826659,0.0,astern_vae,astern,False,0.10307866334915161,1.4691053628921509,2.032539129257202,1.1044363975524902,vae_candidate_pool_v1,belief_limited_heuristic_v1,111
VAE001055,vae_candidate_001055,0.8393889749506381,-2261.859130859375,1398.8355712890625,2699.5482579487034,-0.5405861186892857,0.007480902530692168,4.846971347891423,35,8311.56652952401,2479.791590387697,1.6981262520334985,-2.5935256323698153,8386.265073838622,0.03966669798780598,0.9831810115661641,0.9996066898427984,0.521038341660484,1.0,0.21226578150418732,0.9936415640570654,0.8333333333333334,0.0,0.07221266307684251,0.0,astern_vae,astern,False,0.09423617273569107,1.832947015762329,2.9715332984924316,1.4648610353469849,vae_candidate_pool_v1,belief_limited_heuristic_v1,112
VAE000453,vae_candidate_000453,0.8391451515103324,-111.69561767578125,-3158.97412109375,3228.800688121697,1.527989707666821,-0.0495806478349323,4.87720520883397,33,8381.698191038373,2484.9906639520086,1.5843720039965825,1.5640222980880403,2541.7110791363275,0.36225798245196206,0.8782264776625522,0.9675495047450027,0.999977056355275,0.6051693045562685,0.19804650049957281,0.8624247842124132,0.7857142857142857,1.0,0.07027203654926818,0.07027203654926818,inside_convoy_envelope,inside,True,0.05369355157017708,2.3971118927001953,2.4359066486358643,1.9142647981643677,vae_candidate_pool_v1,belief_limited_heuristic_v1,113
VAE000179,vae_candidate_000179,0.8390696340926002,150.29779052734375,3350.171142578125,3373.699939622085,-1.596381652342024,-0.00014834168978677527,5.087062478328018,36,8159.221403752494,2509.5828689042532,1.758135088733697,-1.5453593429375558,2716.294614341708,0.3988760039679895,0.8359191679511943,0.9607490583816303,0.9996764973699508,0.6467368129385019,0.21976688609171213,0.920023812077782,0.8571428571428571,1.0,0.06963438710653697,0.06963438710653697,inside_convoy_envelope,inside,True,0.06207142025232315,1.691951036453247,2.585404396057129,1.200829029083252,vae_candidate_pool_v1,belief_limited_heuristic_v1,114
VAE000939,vae_candidate_000939,0.8389297634753243,155.60525512695312,3297.132080078125,3463.9948783617738,-1.5907516049906392,0.02610034978162395,4.563105989792817,34,8056.238196958299,2301.645911854088,1.8336148038076967,-1.52474069881753,2670.109263534513,0.15402269221252854,0.80734455414383,0.994080967891774,0.9989396270172903,0.6357403008415508,0.2292018504759621,0.9873833884270605,0.8095238095238095,1.0,0.07249598441827215,0.07249598441827215,inside_convoy_envelope,inside,True,0.0970996841788292,1.8706629276275635,2.964224338531494,1.7122879028320312,vae_candidate_pool_v1,belief_limited_heuristic_v1,115
VAE000205,vae_candidate_000205,0.8386759376139092,-656.5326538085938,3649.22265625,3675.045454112256,-1.3762494100358493,0.04222353032735057,4.721379789828614,37,8182.870557379222,2431.341953598162,1.8597304363025937,-1.7231197132265932,3644.8180117672073,0.19219501984433363,0.7354127127230413,0.9907936603628031,0.9884212069655535,0.8678138123255256,0.23246630453782421,0.9286252258408266,0.8809523809523809,1.0,0.07006547372708687,0.07006547372708687,inside_convoy_envelope,inside,True,0.11101353168487549,1.7475793361663818,2.417239189147949,1.2480347156524658,vae_candidate_pool_v1,belief_limited_heuristic_v1,116
VAE000633,vae_candidate_000633,0.8381152526522547,84.78741455078125,3387.158203125,3473.366496921061,-1.5598253439795848,0.020543369395040655,4.679247371074178,36,8333.455536128025,2481.804291604391,1.7406435574368075,-1.5612239402151675,2561.4604275808833,0.07235525366927686,0.8042933318969806,0.9986917502208379,0.9999541850574232,0.6098715303764007,0.21758044467960094,0.9610771158077672,0.8571428571428571,1.0,0.06973088081021857,0.06973088081021857,inside_convoy_envelope,inside,True,0.10465431958436966,0.8049111366271973,1.5149717330932617,1.8716872930526733,vae_candidate_pool_v1,belief_limited_heuristic_v1,117
VAE001116,vae_candidate_001116,0.8377136266702889,-254.83740234375,3545.83935546875,3547.865323178526,-1.500022933990508,-0.028263198870606947,4.898661742629045,35,8197.738403687332,2337.787374127437,1.826286799634352,-1.6698329184698921,3136.881486010796,0.3117666402952417,0.7795232679811247,0.9758965775809035,0.99509988384855,0.7468765442882848,0.228285849954294,0.9798120423212393,0.8333333333333334,1.0,0.07170829344885592,0.07170829344885592,inside_convoy_envelope,inside,True,0.07480399310588837,0.7422816157341003,2.9576034545898438,1.7112380266189575,vae_candidate_pool_v1,belief_limited_heuristic_v1,118
VAE000019,vae_candidate_000019,0.8366635670271184,2049.6728515625,2405.975830078125,3320.5763870937267,-2.2525141839219756,-0.01319512078388326,5.176768848511832,37,8437.915530432318,2238.8079571976946,1.9586178528167817,-0.9022735904517009,6986.929292886527,0.342742574078833,0.8519729126953667,0.9709182540289003,0.7847381703072669,1.0,0.2448272316020977,0.8929594289484135,0.8809523809523809,0.0,0.07378239422678436,0.0,ahead_vae,ahead,False,0.05790364742279053,2.2370660305023193,2.4891836643218994,1.3960999250411987,vae_candidate_pool_v1,belief_limited_heuristic_v1,119
VAE000227,vae_candidate_000227,0.8360289416386315,-1247.664306640625,1068.0352783203125,1685.1798451268444,-0.7267534380794753,0.08063592246574837,5.222346941714644,33,8058.837618946051,2423.7132483305027,1.6895081769825842,-2.3342032930445695,7322.8707138499085,0.12248933388007777,0.9079270212231337,0.9962537781999239,0.722484676435844,1.0,0.21118852212282302,0.8637705402670319,0.7857142857142857,0.0,0.08190819231547626,0.0,astern_vae,astern,False,0.05387086048722267,1.6176217794418335,1.9871273040771484,1.3654409646987915,vae_candidate_pool_v1,belief_limited_heuristic_v1,120
VAE000608,vae_candidate_000608,0.8353931132953051,-2211.763916015625,2156.379638671875,3184.5253808797233,-0.7653808350719004,-0.028018467174335763,5.041970513039605,33,8341.834295619918,2307.943517974949,1.714064676465678,-2.4042302856922286,7726.7146265916945,0.09588393896451364,0.890165534319866,0.9977033279531574,0.6723377599656143,1.0,0.21425808455820974,0.9892272010310853,0.7857142857142857,0.0,0.07299456797285392,0.0,astern_vae,astern,False,0.09634856879711151,1.824008822441101,2.4907467365264893,1.8292975425720215,vae_candidate_pool_v1,belief_limited_heuristic_v1,121
VAE000079,vae_candidate_000079,0.8340948418823456,1687.8837890625,2897.41357421875,3517.3764487174103,-2.0938120068416235,-0.028022702468405474,4.750290114599803,36,8203.266505752019,2364.455186317998,1.8560282941401853,-1.075803349216575,5977.415009008202,0.2775398135135699,0.7897672181930376,0.980866207827997,0.8799720456870724,1.0,0.23200353676752317,0.8654864228052994,0.8571428571428571,0.0,0.07135567409500394,0.0,ahead_vae,ahead,False,0.05409790575504303,1.9640393257141113,1.866518259048462,1.5195598602294922,vae_candidate_pool_v1,belief_limited_heuristic_v1,122
VAE001120,vae_candidate_001120,0.8340720539058688,-610.6719360351562,3578.882568359375,3595.8089931529835,-1.416691116541731,-0.01975997298327828,5.280405032646505,38,8109.805024754826,2240.073855515573,2.091755146748904,-1.7446615100313403,3609.220912854653,0.47236359979514964,0.7631401066163194,0.9452476784211752,0.9849234856259141,0.8593383125844412,0.261469393343613,0.9098771306804337,0.9047619047619048,1.0,0.07325800399685789,0.07325800399685789,inside_convoy_envelope,inside,True,0.06044771522283554,2.330122947692871,1.4960473775863647,1.86066734790802,vae_candidate_pool_v1,belief_limited_heuristic_v1,123
VAE000844,vae_candidate_000844,0.8339432253055041,-399.71405029296875,3717.426025390625,3752.7423997751757,-1.4482189372296113,0.0024810524237019135,4.340008011567012,40,8305.8308757488,2567.843069609395,1.8754626896882793,-1.6908926639364799,3544.450897602157,0.3180133619429504,0.7075697323785294,0.9749292371922322,0.9927970985149698,0.843916880381466,0.23443283621103492,0.9776555127085118,0.9523809523809523,1.0,0.06806809182218945,0.06806809182218945,inside_convoy_envelope,inside,True,0.07414804399013519,0.645177960395813,2.96256160736084,1.497358798980713,vae_candidate_pool_v1,belief_limited_heuristic_v1,124
VAE000430,vae_candidate_000430,0.8338170352503064,-1171.906982421875,-1086.7025146484375,1595.8192695221296,0.7023686734007126,-0.05285947526136385,5.739903496807372,36,8263.874202529738,2344.578114634543,1.8580358810539594,2.386364504927717,7624.154558228026,0.019847421893699035,0.8849264153012355,0.9999015231937736,0.6854548049989605,1.0,0.23225448513174493,0.9427237039064461,0.8571428571428571,0.0,0.08443420838646674,0.0,astern_vae,astern,False,0.0660727396607399,0.693780779838562,1.9905126094818115,1.41885244846344,vae_candidate_pool_v1,belief_limited_heuristic_v1,125
VAE000613,vae_candidate_000613,0.832549715570192,-2405.891845703125,-2448.44189453125,3414.67044031332,0.8112095431002869,-0.05370327272310825,4.80522163395293,35,8425.318963283291,2511.834324279666,1.6538293780295588,2.2766798377663986,7377.162065057647,0.14547278313278633,0.8231448579135406,0.9947187408511272,0.7610387095844653,1.0,0.20672867225369485,0.9756698595463527,0.8333333333333334,0.0,0.06944134234707985,0.0,astern_vae,astern,False,0.10096229612827301,1.8806884288787842,2.360088348388672,1.3573685884475708,vae_candidate_pool_v1,belief_limited_heuristic_v1,126
VAE000455,vae_candidate_000455,0.8325056459442332,-2411.937744140625,-1962.3963623046875,3096.829700701889,0.6660671046088161,0.016403392282940365,5.247576758069989,36,8251.079921618577,2561.9877594083314,1.703000033533463,2.4919289412639176,8120.024105615738,0.1905161979197297,0.9122962751170849,0.9909533078601628,0.60491865835198,1.0,0.21287500419168287,0.984239906193511,0.8571428571428571,0.0,0.0696999275049409,0.0,astern_vae,astern,False,0.07626756280660629,1.4216772317886353,2.0637764930725098,1.78486967086792,vae_candidate_pool_v1,belief_limited_heuristic_v1,127
VAE001137,vae_candidate_001137,0.8322782028693411,-562.0123901367188,3615.65869140625,3653.5381910314613,-1.4108640395379077,0.010796406687969193,5.3170098997550825,31,8337.859020336075,2295.4135403156706,1.6197433554332423,-1.7199322073639163,3508.8036992595326,0.18039566020491482,0.7430119882239172,0.9918863904516875,0.9888998411551305,0.8354294522046506,0.2024679194291553,0.9900971977968753,0.7380952380952381,1.0,0.07215476574740053,0.07215476574740053,inside_convoy_envelope,inside,True,0.0959722101688385,2.410609483718872,1.5034923553466797,1.8317756652832031,vae_candidate_pool_v1,belief_limited_heuristic_v1,128
VAE000773,vae_candidate_000773,0.8321319996832331,-1698.58349609375,-3394.697998046875,3727.0752148572747,1.0893013652271653,-0.008693327736367865,4.631881625707279,40,8286.1175665039,2594.4469725731424,1.8606474913381637,2.0435979606262604,6083.177393617965,0.19406253804888263,0.7168300007730848,0.9906144435937296,0.8902959692910386,1.0,0.23258093641727046,0.986369345478663,0.9523809523809523,0.0,0.0677914351146394,0.0,astern_vae,astern,False,0.09748983383178711,1.132133960723877,2.9683988094329834,1.0641735792160034,vae_candidate_pool_v1,belief_limited_heuristic_v1,129
VAE001095,vae_candidate_001095,0.8320585174354205,-1773.182373046875,3092.3671875,3482.256961872654,-1.0410314929454458,-0.006011193423225508,4.654831109912191,39,8195.440469184115,2430.9808826807757,1.9575405336636766,-2.106572354067573,6274.175981710978,0.1200981769303553,0.8013848274457124,0.9963984390460752,0.859872719728386,1.0,0.24469256670795958,0.7353898740399337,0.9285714285714286,0.0,0.07045110497652614,0.0,astern_vae,astern,False,0.03888631984591484,2.2520928382873535,1.504447340965271,1.6734877824783325,vae_candidate_pool_v1,belief_limited_heuristic_v1,130
VAE000026,vae_candidate_000026,0.8318844631143475,2214.465576171875,-1654.7791748046875,2754.1752065984333,2.4918984107507036,-0.006797532360031769,5.033232825100405,35,8340.96886406992,2409.408556635627,1.7415706455382653,0.6428967104790584,8120.2785088418905,0.5452457211549724,0.9765662565120836,0.9274999393370194,0.5995163717888639,1.0,0.21769633069228317,0.9627472683955007,0.8333333333333334,0.0,0.07292439282549769,0.0,ahead_vae,ahead,False,0.0702630802989006,2.154909610748291,2.0416712760925293,1.2715685367584229,vae_candidate_pool_v1,belief_limited_heuristic_v1,131
VAE000670,vae_candidate_000670,0.8307940577899098,2177.992431640625,-1299.271240234375,2613.781302946085,2.610263986217195,0.04577298315425932,4.907634068068691,37,8292.16374176696,2444.684440275012,1.825202463879951,0.5771016505268582,8283.04026168215,0.5580858460271463,0.9913978087223839,0.9241351651994336,0.5455972772888094,1.0,0.2281503079849939,0.9867121334186876,0.8809523809523809,0.0,0.07308670190491062,0.0,ahead_vae,ahead,False,0.09735959023237228,1.1032037734985352,2.4572806358337402,1.7374091148376465,vae_candidate_pool_v1,belief_limited_heuristic_v1,132
VAE000969,vae_candidate_000969,0.8304134643285015,-1384.564453125,3485.38330078125,3725.153449624238,-1.1779970258532864,0.03219261185983032,5.005638422525388,37,8270.598662788963,2429.0985610232656,1.841703190611497,-1.9314030158766764,5191.0803588440085,0.387942922801467,0.7175210055311875,0.9628445896595939,0.9356829305213903,1.0,0.2302128988264371,0.9997957099605883,0.8809523809523809,0.0,0.06998470030092595,0.0,astern_vae,astern,False,0.08601909875869751,2.3251495361328125,2.9580421447753906,1.3006370067596436,vae_candidate_pool_v1,belief_limited_heuristic_v1,133
VAE001146,vae_candidate_001146,0.8293237905615671,418.40386962890625,-3785.261474609375,3740.417220352816,1.6731410655111172,-0.032454378535315354,5.036447414343264,38,8400.891120638526,2402.142608139573,1.883039602844692,1.4359972095433602,3509.3574931677003,0.27983397133335464,0.7120235475117556,0.9805506540122078,0.9909283480826019,0.8355613078970715,0.2353799503555865,0.949619310696958,0.9047619047619048,1.0,0.07031842959744002,0.07031842959744002,inside_convoy_envelope,inside,True,0.06742526590824127,1.2394335269927979,2.95447039604187,1.6032581329345703,vae_candidate_pool_v1,belief_limited_heuristic_v1,134
VAE001200,vae_candidate_001200,0.8290294488466491,2207.98876953125,3000.767333984375,3533.6603322377146,-2.1609155988929993,0.040110021345974946,4.899552432519819,38,8337.473905734922,2509.839560969925,1.8159469134462793,-0.9405670333508188,6941.203952435606,0.22626560089528433,0.784313656689967,0.9872554814233352,0.8078924000415082,1.0,0.22699336418078492,0.9309400666647254,0.9047619047619048,0.0,0.06922694792383151,0.0,ahead_vae,ahead,False,0.06392201036214828,1.7384449243545532,2.4927425384521484,1.1005033254623413,vae_candidate_pool_v1,belief_limited_heuristic_v1,135
VAE001203,vae_candidate_001203,0.8290046000237252,-1797.083740234375,-3176.60595703125,3508.5563295098996,1.06352452758277,0.05368048650890753,5.742383444981075,36,8207.099025566142,2485.3864084599686,1.7648951439093563,2.1317486125159317,6470.615647067392,0.40421229901635436,0.7927037593173347,0.9597062404798877,0.8467488858925661,1.0,0.22061189298866954,0.9315340881673471,0.8571428571428571,0.0,0.06963864962013629,0.0,astern_vae,astern,False,0.06402628868818283,1.7549842596054077,2.9138870239257812,1.1680071353912354,vae_candidate_pool_v1,belief_limited_heuristic_v1,136
VAE000677,vae_candidate_000677,0.8286931040736157,713.7759399414062,3721.465576171875,3761.391196266655,-1.7568830249790732,-0.005734199961778436,4.745408522915027,37,8270.032517738828,2373.576184381883,1.884913092765539,-1.3904438285724983,3818.5263977413124,0.3164943675071332,0.7044368993042945,0.9751661688954061,0.9837805240592922,0.9091729518431696,0.23561413659569239,0.9287964522186426,0.8809523809523809,1.0,0.07074280079195469,0.07074280079195469,inside_convoy_envelope,inside,True,0.0635489746928215,2.270700693130493,2.9697346687316895,1.722902774810791,vae_candidate_pool_v1,belief_limited_heuristic_v1,137
VAE000615,vae_candidate_000615,0.828458207011548,2356.328857421875,1523.0130615234375,2762.6186420213116,-2.5935723029784623,0.028481224777642356,5.1229233819737,38,8316.449991900683,2642.3698845444096,1.7292269891876315,-0.5195391258336884,8530.962646661463,0.33326758322601746,0.9754496218965912,0.9724892286792945,0.49648012964704114,1.0,0.21615337364845394,0.9647444839520176,0.9047619047619048,0.0,0.06996830824735921,0.0,ahead_vae,ahead,False,0.1037992537021637,2.0088353157043457,1.9537386894226074,1.0355689525604248,vae_candidate_pool_v1,belief_limited_heuristic_v1,138
VAE000075,vae_candidate_000075,0.8284007064170686,-683.4225463867188,3646.8251953125,3724.020126220733,-1.3681016686068286,-0.04506876446217177,4.580294124306873,36,8195.32409662611,2617.849340931801,1.6779990812322922,-1.8185597494451362,4547.699870361359,0.38513779942551785,0.7179283543565607,0.9633733360203582,0.9694633359570771,1.0,0.20974988515403653,0.8380913437456695,0.8571428571428571,1.0,0.06753963332091201,0.06753963332091201,inside_convoy_envelope,inside,True,0.05059085041284561,0.9842685461044312,1.9848060607910156,1.9478120803833008,vae_candidate_pool_v1,belief_limited_heuristic_v1,139
VAE000855,vae_candidate_000855,0.8282227067468818,513.5101928710938,3599.213134765625,3634.010349249225,-1.6851125990071871,0.03680173930889166,5.399275088695185,32,8071.434354968774,2361.7326370127244,1.6786823652119356,-1.4196783152737142,3549.918830858667,0.31125169186333324,0.7498662625701696,0.9759754922732272,0.9886033864600162,0.8452187692520636,0.20983529565149195,0.9202032681945334,0.7619047619047619,1.0,0.07120249557736866,0.07120249557736866,inside_convoy_envelope,inside,True,0.062100913375616074,2.266663074493408,1.9769566059112549,1.2663506269454956,vae_candidate_pool_v1,belief_limited_heuristic_v1,140
VAE001019,vae_candidate_001019,0.8280080135381063,-1763.75341796875,-3298.946044921875,3689.067430277481,1.0803663462391901,-0.006515621748420032,5.307644864737715,37,8253.135569138049,2361.368589529286,1.8985365522819004,2.0547106856021835,5929.989466862659,0.26803116399160387,0.7304313656397752,0.9821470892722213,0.8851805626621825,1.0,0.23731706903523755,0.9755256384726101,0.8809523809523809,0.0,0.07106018233213332,0.0,astern_vae,astern,False,0.10100333392620087,1.1606323719024658,2.9398767948150635,1.6637098789215088,vae_candidate_pool_v1,belief_limited_heuristic_v1,141
VAE000033,vae_candidate_000033,0.8274860811628197,2565.884033203125,-1590.508544921875,3060.8938680674864,2.5433608626222615,0.07433661931913772,5.023454138168039,34,8273.445230153959,2667.924827533897,1.54034829514324,0.6725684102866698,8133.798005993211,0.3628984845353926,0.9207495236636221,0.9674359161794597,0.6229971122149729,1.0,0.192543536892905,0.9622937499719229,0.8095238095238095,0.0,0.06857318306994298,0.0,ahead_vae,ahead,False,0.10437503457069397,0.7733955383300781,1.5034499168395996,1.302285075187683,vae_candidate_pool_v1,belief_limited_heuristic_v1,142
VAE000920,vae_candidate_000920,0.8272917402306025,2253.99609375,2588.299560546875,3367.3129575137755,-2.280039284701895,0.004423982321147907,4.649538622326443,36,8209.5326614453,2397.3965184046947,1.8291284108053651,-0.8571293865667503,7186.395796595808,0.14858922434584357,0.8378804575291298,0.9944904587878947,0.7559665472381267,1.0,0.22864105135067064,0.8403869266814618,0.8571428571428571,0.0,0.07119158921800213,0.0,ahead_vae,ahead,False,0.0508759431540966,2.3184654712677,1.9694126844406128,1.2791041135787964,vae_candidate_pool_v1,belief_limited_heuristic_v1,143
VAE000809,vae_candidate_000809,0.8272790485904018,-2487.58056640625,-2163.014892578125,3223.089611074857,0.7162401684940242,0.046222363891320506,5.291181757608271,36,8172.226449429264,2531.7010440941344,1.740001760872446,2.4715748489870895,7977.663996046216,0.15650002659278484,0.879794085368598,0.9938894225272874,0.620999942571483,1.0,0.21750022010905576,0.9918901799864454,0.8571428571428571,0.0,0.0697314307236739,0.0,astern_vae,astern,False,0.0793917179107666,0.7555995583534241,1.5162497758865356,1.2731213569641113,vae_candidate_pool_v1,belief_limited_heuristic_v1,144
VAE000442,vae_candidate_000442,0.8263985908312649,2364.912353515625,1444.1795654296875,2641.9404377362434,-2.575645046780154,0.012361222781980895,4.592518443619529,36,8198.572437074878,2410.8082526208327,1.821384318580972,-0.553586384027658,8241.532003445225,0.19106817408359156,0.9889957441532098,0.9909009703736136,0.5257413412681983,1.0,0.2276730398226215,0.8019961953403776,0.8571428571428571,0.0,0.07343930858456431,0.0,ahead_vae,ahead,False,0.128258615732193,1.5465682744979858,1.516982078552246,1.3683143854141235,vae_candidate_pool_v1,belief_limited_heuristic_v1,145
VAE000803,vae_candidate_000803,0.825412740738004,-450.121337890625,-1024.3074951171875,1144.6441906011348,1.1642964033887,0.0034880562811036866,5.091557925850501,34,8181.250723836174,2337.5051682581843,1.777897154876712,1.9807843064821962,5404.81852514881,0.04036636265603222,0.742371755324039,0.9995926945027522,0.9171256141591162,1.0,0.222237144359589,0.9997675489638084,0.8095238095238095,1.0,0.09756833940996508,0.09756833940996508,inside_convoy_envelope,inside,True,0.08593589067459106,1.8064552545547485,2.4772603511810303,1.7119805812835693,vae_candidate_pool_v1,belief_limited_heuristic_v1,146
VAE000816,vae_candidate_000816,0.8252464390575697,265.72259521484375,1092.6016845703125,1203.8170856503984,-1.7907444885149664,0.03740664205260424,4.461417059619251,37,8234.946176613515,2417.2500632047263,1.8587431405657107,-1.3134415230222225,4433.628066243613,0.4634114922039314,0.7630110882069805,0.9472663803539773,0.9670666249036162,1.0,0.23234289257071383,0.8821568887409661,0.8809523809523809,1.0,0.09422426256996587,0.09422426256996587,inside_convoy_envelope,inside,True,0.05636558681726456,1.5339981317520142,2.0626866817474365,1.2619483470916748,vae_candidate_pool_v1,belief_limited_heuristic_v1,147
VAE000750,vae_candidate_000750,0.8248885508758397,2381.8046875,-2081.6015625,3121.965149528072,2.4199294543609025,-0.038256154201151894,4.735447662177467,37,8270.682887616298,2687.4454451152706,1.6646414238452545,0.683407045027739,8110.258362347461,0.2934601667134089,0.9061667980860073,0.9786243493564661,0.6314385946609575,1.0,0.2080801779806568,0.8719332732417329,0.8809523809523809,0.0,0.068166208000258,0.0,ahead_vae,ahead,False,0.05496108531951904,1.7337466478347778,1.4898173809051514,1.7873191833496094,vae_candidate_pool_v1,belief_limited_heuristic_v1,148
VAE000416,vae_candidate_000416,0.8241767490288514,2386.65283203125,-1316.119384765625,2564.4236636762594,2.629537075948561,0.004554393331500118,4.77927792195132,39,8417.318836593438,2649.280267287954,1.748891730888555,0.5166099709727334,8627.420371553435,0.5775067387275703,0.9949024242638542,0.9189132077429136,0.4939353561248578,1.0,0.21861146636106937,0.991442813293471,0.9285714285714286,0.0,0.07082374670972125,0.0,ahead_vae,ahead,False,0.07917652279138565,2.210925340652466,1.5172594785690308,1.0777822732925415,vae_candidate_pool_v1,belief_limited_heuristic_v1,149
VAE000046,vae_candidate_000046,0.8241728375189923,-2190.8779296875,-1154.27197265625,2517.5112180381443,0.4721641013159095,-0.026699092993855554,4.876755313791885,33,8251.737547839344,2428.034130405052,1.6470764063302727,2.6427294592800283,8407.712119948517,0.1704304586081769,0.9973930285732089,0.9927559248007647,0.4784275881817815,1.0,0.2058845507912841,0.9089452035430667,0.7857142857142857,0.0,0.07381916572121189,0.0,astern_vae,astern,False,0.11423031240701675,1.1417341232299805,2.940579414367676,1.5012290477752686,vae_candidate_pool_v1,belief_limited_heuristic_v1,150
VAE000032,vae_candidate_000032,0.8236286397130581,1964.702392578125,3025.489501953125,3682.1702400910367,-2.1303928578881273,-0.008881528874536969,4.314873356861339,36,8191.399397169401,2340.090135738491,1.8780701627553387,-1.0200813245762028,6280.641051622456,0.22042913415749,0.7328841893661062,0.9879018548446473,0.8521505816457128,1.0,0.23475877034441733,0.9873290219855494,0.8571428571428571,0.0,0.0714192728451806,0.0,ahead_vae,ahead,False,0.0774119421839714,2.0381019115448,2.4726336002349854,1.8470673561096191,vae_candidate_pool_v1,belief_limited_heuristic_v1,151
VAE000546,vae_candidate_000546,0.8228525533725835,-2390.34423828125,-2424.969482421875,3356.722649393074,0.78494458461256,0.0019388552676155018,5.109579915136976,37,8395.538328566927,2405.0332854547228,1.8324497918743838,2.358586924244849,7647.269738127736,0.27186619690102587,0.841114046171037,0.981635722508351,0.70541305281133,1.0,0.22905622398429798,0.9092576414604097,0.8809523809523809,0.0,0.07105928408606815,0.0,astern_vae,astern,False,0.060351189225912094,1.433372139930725,1.9001307487487793,1.0988274812698364,vae_candidate_pool_v1,belief_limited_heuristic_v1,152
VAE000521,vae_candidate_000521,0.8226732105728896,-2287.90185546875,2761.61181640625,3580.1943061027782,-0.8626298041985808,0.05107821739989648,4.907037962673356,35,8279.467740269061,2381.080545844645,1.775380883610972,-2.227884631991316,6942.493020027389,0.1707542999409568,0.7685110768670753,0.9927284361512344,0.7917740893652322,1.0,0.2219226104513715,0.9872482830257132,0.8333333333333334,0.0,0.0709582436845448,0.0,astern_vae,astern,False,0.09715253114700317,0.6983601450920105,1.5225310325622559,1.2672439813613892,vae_candidate_pool_v1,belief_limited_heuristic_v1,153
VAE000255,vae_candidate_000255,0.8220191504578025,-2041.980224609375,-2990.412353515625,3669.2577707833534,0.9643205281752609,0.03255383203053422,5.127531388050523,41,8195.626863382626,2406.23359606596,2.0790450178029505,2.209825957445067,6819.433067124989,0.30715906384301606,0.7374627119486045,0.9765981888647988,0.8026748803121634,1.0,0.2598806272253688,0.9945863777960872,0.9761904761904762,0.0,0.070436528141447,0.0,astern_vae,astern,False,0.08083691447973251,1.5341289043426514,1.503765344619751,1.7763111591339111,vae_candidate_pool_v1,belief_limited_heuristic_v1,154
VAE000759,vae_candidate_000759,0.820849580239149,2071.896484375,1405.9234619140625,2492.8073006556065,-2.579191364929496,0.06058770539503857,5.242706063305004,33,8223.221906015806,2400.17256485343,1.6719737805222852,-0.5018135832652584,8363.916542167677,0.4610136683761135,0.9983731215797514,0.9478010105442158,0.4810163183445823,1.0,0.20899672256528565,0.9923543079983267,0.7857142857142857,0.0,0.07434675877875271,0.0,ahead_vae,ahead,False,0.09491165727376938,2.266312599182129,2.9314186573028564,1.804080843925476,vae_candidate_pool_v1,belief_limited_heuristic_v1,155
VAE001067,vae_candidate_001067,0.8204180146006513,-1587.81201171875,-3053.366943359375,3554.5079635877864,1.1179674927204255,0.03992948217893875,4.905987916748275,33,8173.181900412439,2400.3897749298417,1.6820581561238463,2.0635546430483065,5981.206528429425,0.4704571839223963,0.7772728548567376,0.945680571348834,0.8810313686914153,1.0,0.2102572695154808,0.9055704576102589,0.7857142857142857,0.0,0.07074910030046719,0.0,astern_vae,astern,False,0.059782348573207855,2.3233580589294434,1.8177255392074585,1.5978949069976807,vae_candidate_pool_v1,belief_limited_heuristic_v1,156
VAE000243,vae_candidate_000243,0.8203563299744566,2238.35205078125,1214.87109375,2405.83581326106,-2.6753761126335753,-0.026100291218627544,4.68878228658933,36,8355.027126093604,2507.9626401404034,1.7180411977528223,-0.49231683217484534,8548.220986429424,0.5374858114700571,0.9999935620781114,0.9294993019832244,0.4726688404067249,1.0,0.21475514971910278,0.9999996713813767,0.8571428571428571,0.0,0.07340554127471835,0.0,ahead_vae,ahead,False,0.08721643686294556,0.800035297870636,2.9697659015655518,1.0525983572006226,vae_candidate_pool_v1,belief_limited_heuristic_v1,157
VAE000446,vae_candidate_000446,0.8201446636923988,2119.04541015625,2883.056884765625,3573.599288761015,-2.2704777434896024,0.0166471540552635,4.545906470777002,39,8215.103378735183,2476.0145276773765,1.917336701367736,-0.8544677560449273,7261.664940646372,0.24592956457308368,0.7707695563234455,0.9849557170477561,0.7542215409372706,1.0,0.239667087670967,0.9741173107616453,0.9285714285714286,0.0,0.06962887168935898,0.0,ahead_vae,ahead,False,0.10139811784029007,0.6869462132453918,1.5203132629394531,1.8866958618164062,vae_candidate_pool_v1,belief_limited_heuristic_v1,158
VAE000228,vae_candidate_000228,0.8200579337312413,-1387.36572265625,3712.306396484375,3819.3375404149183,-1.1910029207202628,-0.01850087978035158,5.063188564416246,37,8169.983753016496,2292.0853597651176,1.9758307676372149,-1.969090612649882,5281.371152158856,0.34300715307373036,0.6833032941510783,0.9708737788289674,0.9217238901605164,1.0,0.24697884595465186,0.9999982886637485,0.8809523809523809,0.0,0.07196875148420553,0.0,astern_vae,astern,False,0.08715230226516724,1.310784101486206,2.4778122901916504,1.687676191329956,vae_candidate_pool_v1,belief_limited_heuristic_v1,159
VAE001161,vae_candidate_001161,0.8198104244714408,1114.4820556640625,-3775.821044921875,3901.5971603980074,1.8463526506196282,0.060500010545892755,5.154731097684243,36,8208.748953247352,2268.476133056103,1.9332646616315128,1.3557400135160578,3967.987469771542,0.20116290945874774,0.6529615345975286,0.9899174403744031,0.9769643783645626,0.9447589213741766,0.2416580827039391,0.9599987737865562,0.8571428571428571,1.0,0.07222973198579491,0.07222973198579491,inside_convoy_envelope,inside,True,0.06963447481393814,2.2400870323181152,1.5125218629837036,1.1555092334747314,vae_candidate_pool_v1,belief_limited_heuristic_v1,160
VAE000154,vae_candidate_000154,0.8193187369374801,2421.38671875,-2756.47998046875,3482.296821965913,2.2660666308511352,-0.012845413708335173,5.4430814010314075,36,8470.533334630663,2385.2757091419253,1.7817762238281498,0.8626806090303225,7321.094408580158,0.02814073117378024,0.801371757054283,0.9998020378766315,0.7595887677699483,1.0,0.22272202797851873,0.8581071308497901,0.8571428571428571,0.0,0.07105003643259789,0.0,ahead_vae,ahead,False,0.05312906205654144,2.2996013164520264,2.824819564819336,1.860595703125,vae_candidate_pool_v1,belief_limited_heuristic_v1,161
VAE000954,vae_candidate_000954,0.8189764345881688,-423.35955810546875,3642.650634765625,3704.7374282415367,-1.4838680384733214,0.007957183708583547,5.452878983565229,34,8451.126366356026,2406.255890724222,1.6719470193898665,-1.6497674314078883,3065.457866278061,0.3060075823078747,0.7248407114255521,0.9767719491725955,0.9968834025281769,0.7298709205423954,0.2089933774237333,0.9847912595101201,0.8095238095238095,1.0,0.07030882686698939,0.07030882686698939,inside_convoy_envelope,inside,True,0.07646317780017853,1.7070519924163818,1.497298240661621,1.9164915084838867,vae_candidate_pool_v1,belief_limited_heuristic_v1,162
VAE000267,vae_candidate_000267,0.8185767102604712,1256.0037841796875,912.9682006835938,1792.3329113905747,-2.503849105553859,-0.017904283393982406,4.937581110121454,35,8272.884086475684,2327.1033478168133,1.8180065100581813,-0.6556478314299163,7976.299251503798,0.577009346327997,0.9325772691475275,0.919048928304431,0.6096728768390676,1.0,0.22725081375727266,0.9931572046763516,0.8333333333333334,0.0,0.08153180317618952,0.0,ahead_vae,ahead,False,0.09449764341115952,0.8889114856719971,1.5063334703445435,1.1167789697647095,vae_candidate_pool_v1,belief_limited_heuristic_v1,163
VAE000069,vae_candidate_000069,0.8179447576908856,-2362.634765625,-2605.17138671875,3635.205643622357,0.8413580798457752,-0.042838823484332024,5.157008767901891,38,8165.777132525055,2449.0916226217264,1.900120052676122,2.2573957502596866,7070.517035347753,0.23196625164168272,0.7494480077527107,0.9866081259734596,0.773406144921288,1.0,0.23751500658451524,0.9963721523260303,0.9047619047619048,0.0,0.06989319668423827,0.0,astern_vae,astern,False,0.08200548589229584,0.689021646976471,2.015322685241699,1.2885938882827759,vae_candidate_pool_v1,belief_limited_heuristic_v1,164
VAE000609,vae_candidate_000609,0.8176008484503317,117.88165283203125,-3580.6201171875,3615.43908465072,1.552095987563426,0.019160562922630985,4.255849437602432,35,8466.956470154257,2221.4396456630934,1.8608278571934458,1.6086572289489978,2540.33770685838,0.2213425118225203,0.7563422606768552,0.9878017970606044,0.9992833616554863,0.6048423111567571,0.23260348214918072,0.9593421050009097,0.8333333333333334,1.0,0.07346539439730725,0.07346539439730725,inside_convoy_envelope,inside,True,0.0694873183965683,1.535496711730957,1.9670709371566772,1.2854812145233154,vae_candidate_pool_v1,belief_limited_heuristic_v1,165
VAE000221,vae_candidate_000221,0.8175299903327691,2561.4677734375,1912.4722900390625,3155.4025581845167,-2.494710489246132,0.007692976380017359,4.825738415579658,38,8256.790282387397,2476.2311690137053,1.8585795608570386,-0.6391891879636438,8103.915394906624,0.43662330071396793,0.897744172581455,0.9530923859728182,0.5965448962358918,1.0,0.23232244510712982,0.9413079410595867,0.9047619047619048,0.0,0.07062519165133023,0.0,ahead_vae,ahead,False,0.06580442190170288,1.6006367206573486,2.059027671813965,1.131805181503296,vae_candidate_pool_v1,belief_limited_heuristic_v1,166
VAE000983,vae_candidate_000983,0.8167608464728666,-731.0357055664062,-3811.92431640625,3846.5678194761635,1.408753381058241,-0.002076658727977084,4.6416049264351225,35,8397.522698005265,2397.439143128659,1.7384782681775544,1.7307626138035757,3704.428973759904,0.3299080063225488,0.6732970220866551,0.9730360747175393,0.9872326539079184,0.8820068985142628,0.2173097835221943,0.9701303278906002,0.8333333333333334,1.0,0.07021180483522747,0.07021180483522747,inside_convoy_envelope,inside,True,0.10246307402849197,0.9617094397544861,1.9143098592758179,1.6990941762924194,vae_candidate_pool_v1,belief_limited_heuristic_v1,167
VAE000618,vae_candidate_000618,0.8163879650925847,-2021.178466796875,2909.7587890625,3585.3145811570657,-0.9353890161753473,0.010587340080542946,4.764193660311131,40,8233.131052546476,2437.033638850192,1.9935789485371624,-2.195616297333903,6792.581508422765,0.41038630340905313,0.7667534962824215,0.9584833851235182,0.8110684411094218,1.0,0.2491973685671453,0.8727584900495623,0.9523809523809523,0.0,0.07014273784055662,0.0,astern_vae,astern,False,0.05507277697324753,1.6212190389633179,2.025771141052246,1.5331335067749023,vae_candidate_pool_v1,belief_limited_heuristic_v1,168
VAE000234,vae_candidate_000234,0.8128680789553265,-2439.148681640625,1232.300537109375,2737.801194254115,-0.45441042722357805,-0.013803835220187367,4.708359158345538,34,8358.922375021799,2355.410364820752,1.726879536119807,-2.7009860615864025,8565.142554175964,0.09775418728088042,0.9786601646295645,0.9976129315044029,0.4264882017932744,1.0,0.21585994201497588,0.9163667396917843,0.8095238095238095,0.0,0.07377335974277244,0.0,astern_vae,astern,False,0.061476510018110275,0.6983529925346375,1.4959501028060913,1.3264789581298828,vae_candidate_pool_v1,belief_limited_heuristic_v1,169
VAE001132,vae_candidate_001132,0.8127112725276717,-1856.179931640625,3169.25146484375,3765.1161148310935,-1.025878241760046,0.00917455593657041,4.704808622122634,35,8365.650733484203,2392.031320718443,1.7490468942646318,-2.1065398558931765,6327.38400853926,0.21891676953075445,0.7030857820195272,0.9880666348540723,0.859889309867855,1.0,0.21863086178307897,0.969384573421727,0.8333333333333334,0.0,0.07043463738456536,0.0,astern_vae,astern,False,0.10265455394983292,1.7497259378433228,2.9770076274871826,1.7745919227600098,vae_candidate_pool_v1,belief_limited_heuristic_v1,170
VAE000402,vae_candidate_000402,0.8126362499810738,-2445.938720703125,-2519.542236328125,3466.6106665931043,0.755929306201668,-0.029267996221811855,4.501717632019612,35,8276.384869331965,2497.804629314324,1.693046553848954,2.356395351166314,7619.3230352488135,0.2569573556936101,0.8064944343467076,0.983583854170931,0.7069647367665757,1.0,0.21163081923111926,0.9404288356485704,0.8333333333333334,0.0,0.0695456823047886,0.0,astern_vae,astern,False,0.06563928723335266,1.9648782014846802,2.459500789642334,1.3925962448120117,vae_candidate_pool_v1,belief_limited_heuristic_v1,171
VAE000917,vae_candidate_000917,0.8121673439705172,-719.3822631835938,3753.133544921875,3818.072273682101,-1.3836125337799783,-0.030156305039423813,5.100227532575373,36,8336.367017588072,2524.0008511593323,1.7109455047947422,-1.7881364248492386,4262.218733887998,0.5915646947004191,0.6837671781310304,0.9150345635640771,0.9764744657717335,1.0,0.21386818809934277,0.8973876003287945,0.8571428571428571,1.0,0.06850776087640396,0.06850776087640396,inside_convoy_envelope,inside,True,0.058552294969558716,0.7614388465881348,1.4839922189712524,1.1233329772949219,vae_candidate_pool_v1,belief_limited_heuristic_v1,172
VAE000312,vae_candidate_000312,0.8115521827033702,-2571.989501953125,-1970.36181640625,3250.6432997341635,0.6428941834793583,0.028062115189377183,4.8167737611658845,36,8145.479980141975,2266.6970855601626,1.9498101818419986,2.5267605852998125,7961.280156221503,0.27338517331928736,0.872157493457209,0.9814312219177219,0.5768213519889844,1.0,0.24372627273024983,0.954461173460734,0.8571428571428571,0.0,0.0735465079348056,0.0,astern_vae,astern,False,0.06842654198408127,0.7554827928543091,2.9775352478027344,1.825743556022644,vae_candidate_pool_v1,belief_limited_heuristic_v1,173
VAE001105,vae_candidate_001105,0.8103114328692361,1661.12890625,-3413.355712890625,3971.4564870379145,1.9975551922267052,0.01775957144677164,5.001405604402388,40,8480.696384384095,2353.50912732542,2.004068625380347,1.16179703280986,5532.089620260795,0.2224657179579428,0.6269932126981846,0.9876781952815837,0.9175192542940612,1.0,0.25050857817254335,0.9949730572651379,0.9523809523809523,0.0,0.07067216072304879,0.0,ahead_vae,ahead,False,0.0810713917016983,0.6994271278381348,2.950611114501953,1.3891026973724365,vae_candidate_pool_v1,belief_limited_heuristic_v1,174
VAE000345,vae_candidate_000345,0.810222047480891,2439.759521484375,-2238.749267578125,3237.3616086290044,2.401641323840078,0.00558465516980534,4.916542295797784,31,8213.823257840313,2779.367852447578,1.3579078853557753,0.7455359849195208,7920.324325032052,0.45981420217519325,0.8758616296161826,0.9480674833257066,0.6783657090832366,1.0,0.16973848566947192,0.905540091075621,0.7380952380952381,0.0,0.06688036635654422,0.0,ahead_vae,ahead,False,0.05977770313620567,2.228883981704712,2.5743467807769775,1.3963069915771484,vae_candidate_pool_v1,belief_limited_heuristic_v1,175
VAE000025,vae_candidate_000025,0.8096575194403859,1978.53759765625,1037.26220703125,2214.4538100346504,-2.6547510833739185,-0.03646555158381424,4.466628568270155,37,8342.928214488826,2347.289240857238,1.8893682335420554,-0.5233071217996889,8399.455784884707,0.616032543825217,0.9935131182808613,0.9080886383234739,0.4997473991393899,1.0,0.23617102919275693,0.875503108685164,0.8809523809523809,0.0,0.07689160249291828,0.0,ahead_vae,ahead,False,0.055446308106184006,0.8874381184577942,2.5909335613250732,1.7860039472579956,vae_candidate_pool_v1,belief_limited_heuristic_v1,176
VAE000074,vae_candidate_000074,0.8084679295305797,2514.854248046875,-1715.7232666015625,2970.438484530767,2.586640650052311,-0.037873458555758945,4.953614772509859,35,8352.115244042294,2654.035227537988,1.5789372953606016,0.5170785449817228,8572.221900446933,0.42633297644000034,0.9403413798899479,0.9552441549251941,0.49434272634322995,1.0,0.1973671619200752,0.9599744492996636,0.8333333333333334,0.0,0.06901456087222209,0.0,ahead_vae,ahead,False,0.1049039214849472,1.5674147605895996,2.9544761180877686,1.2813212871551514,vae_candidate_pool_v1,belief_limited_heuristic_v1,177
VAE000542,vae_candidate_000542,0.8084576116166297,-826.0028686523438,-3892.510986328125,3956.213234832319,1.3917192722961822,0.0005169143576660839,5.136524812249085,32,8200.448657903702,2602.0057806673008,1.4996990189412984,1.7503902956512774,4025.0027700974674,0.37117776225241267,0.6326694976223913,0.9659504010360651,0.9839163032696949,0.9583339928803494,0.1874623773676623,0.9976228596528456,0.7619047619047619,1.0,0.0673387158264651,0.0673387158264651,inside_convoy_envelope,inside,True,0.09152375161647797,0.7100884914398193,1.5092291831970215,1.6616328954696655,vae_candidate_pool_v1,belief_limited_heuristic_v1,178
VAE000308,vae_candidate_000308,0.8080662347238668,-2659.43798828125,-1997.691162109375,3485.7396210825395,0.6511256186605239,-0.0720767834501143,5.303540127670867,34,8208.87191329102,2412.9079620231496,1.7165429770585412,2.4183902514791553,7750.946978470964,0.15656846205913397,0.8002418303682202,0.9938840881274931,0.6617888709930897,1.0,0.21456787213231765,0.994856024608443,0.8095238095238095,0.0,0.07069975945737646,0.0,astern_vae,astern,False,0.08099950850009918,2.2068023681640625,1.5032250881195068,1.4899704456329346,vae_candidate_pool_v1,belief_limited_heuristic_v1,179
VAE000458,vae_candidate_000458,0.8080138086661608,-845.5725708007812,3851.281494140625,3819.7408669624897,-1.3360234104488213,0.024448472206153923,5.28927991463233,35,8225.508715748565,2390.078524532104,1.7802996555590502,-1.7811207709348178,4054.7076345645755,0.5876893985244607,0.6831554020309021,0.9161119942059,0.9779632296566986,0.9654065796582323,0.22253745694488128,0.9083420437160555,0.8333333333333334,1.0,0.0704076885809248,0.0704076885809248,inside_convoy_envelope,inside,True,0.060209035873413086,1.8052904605865479,2.9489779472351074,1.1226171255111694,vae_candidate_pool_v1,belief_limited_heuristic_v1,180
VAE000576,vae_candidate_000576,0.807983281599485,-2350.3115234375,-920.68896484375,2495.2992116139303,0.3327965120362317,-0.0640999188363318,5.14046826881991,34,8101.240791104385,2315.5497041365916,1.8124801900164886,2.7446962227172302,8366.586015330382,0.07975240639064501,0.9982846600758918,0.9984107310583359,0.38655789496746074,1.0,0.22656002375206108,0.8678096276350697,0.8095238095238095,0.0,0.07560364377447584,0.0,astern_vae,astern,False,0.054407086223363876,0.6003483533859253,2.522899627685547,1.0400651693344116,vae_candidate_pool_v1,belief_limited_heuristic_v1,181
VAE000651,vae_candidate_000651,0.807660373799449,-2293.62060546875,2668.659423828125,3436.8799332331705,-0.8419213049608594,-0.014948576589626275,5.088791611585853,34,8372.811325384771,2423.797384877381,1.6753721801921053,-2.31461992521856,7452.92170948732,0.35592907277061075,0.8160853824562703,0.9686615737225486,0.7358849606522995,1.0,0.20942152252401317,0.8434261340889314,0.8095238095238095,0.0,0.07060885522355285,0.0,astern_vae,astern,False,0.05125564709305763,1.3479599952697754,1.5067611932754517,1.796534538269043,vae_candidate_pool_v1,belief_limited_heuristic_v1,182
VAE000798,vae_candidate_000798,0.8072280469189715,-2476.326171875,2454.99365234375,3535.3658062952104,-0.7623587633564646,-0.022471714163527615,5.377195987090184,34,7934.173759562336,2208.33011013951,1.940498072440053,-2.4017056043968563,7348.608191522331,0.11513411618336389,0.7837401217470065,0.9966896929960951,0.6742044967073795,1.0,0.2425622590550066,0.9997837361566069,0.8095238095238095,0.0,0.07398449381168827,0.0,astern_vae,astern,False,0.08598306030035019,2.3253259658813477,1.9127988815307617,1.5751850605010986,vae_candidate_pool_v1,belief_limited_heuristic_v1,183
VAE000818,vae_candidate_000818,0.8066235875594916,-351.3533935546875,980.1088256835938,1043.2694385452494,-1.2231113856992306,-0.0033020188045705364,5.305706982201606,39,8308.351854897994,2302.1984964418,2.0389518061173244,-1.921783286695133,5018.459380793749,0.27591167093556845,0.7061258638044259,0.9810886181277898,0.9390338289998116,1.0,0.25486897576466555,0.850887567261296,0.9285714285714286,1.0,0.10291704895067678,0.10291704895067678,inside_convoy_envelope,inside,True,0.05219931900501251,1.6261287927627563,2.948458671569824,1.1555187702178955,vae_candidate_pool_v1,belief_limited_heuristic_v1,184
VAE001083,vae_candidate_001083,0.8059525406956063,2677.050048828125,-1477.1199951171875,3062.274020163127,2.643441615900462,-0.0026380702781554706,5.05356391110321,38,8140.189880928361,2473.539080128764,1.887253697057921,0.4955129674111752,8337.253620986012,0.3677180108643255,0.9204317244832589,0.9665750599212607,0.4754829840232947,1.0,0.23590671213224013,0.9418317060280276,0.9047619047619048,0.0,0.07097151349788919,0.0,ahead_vae,ahead,False,0.10862958431243896,2.3472096920013428,1.931604266166687,1.866809368133545,vae_candidate_pool_v1,belief_limited_heuristic_v1,185
VAE001119,vae_candidate_001119,0.8056172600745746,-2358.6826171875,-654.4478759765625,2564.133571610466,0.32009441077027606,-0.02882960242547855,4.739318014700971,36,8421.948331987598,2496.1469691606408,1.712457396643752,2.792668640394039,8767.85101993696,0.0932621617386318,0.9949203499428748,0.9978271179288459,0.34188685651265355,1.0,0.214057174580469,0.9212917482013387,0.8571428571428571,0.0,0.07263277804963196,0.0,astern_vae,astern,False,0.06228042393922806,1.9270761013031006,2.4689059257507324,1.0615334510803223,vae_candidate_pool_v1,belief_limited_heuristic_v1,186
VAE001129,vae_candidate_001129,0.8041161752027426,-2652.74169921875,1633.6739501953125,3270.7970743041037,-0.6122951742568487,0.03861392463251443,4.784820886868007,34,8511.233907230644,2461.5790873741116,1.6228283923831592,-2.4906835547004302,8262.46503366469,0.2756216986428064,0.8664563196346103,0.9811280956419287,0.6059098744520524,1.0,0.2028535490478949,0.8703153706603701,0.8095238095238095,0.0,0.07044688458698734,0.0,astern_vae,astern,False,0.05474291369318962,1.662271499633789,1.5157523155212402,1.5637977123260498,vae_candidate_pool_v1,belief_limited_heuristic_v1,187
VAE000927,vae_candidate_000927,0.804065007619393,1799.927001953125,-3501.79296875,3919.668585654804,2.0236984877967497,-0.03144503825006879,4.804541422041787,36,8153.4101647243615,2429.591233082322,1.81731410980862,1.0864491275429746,5946.615905637242,0.18455802176999225,0.6462569173538042,0.9915087274925849,0.8849791017511361,1.0,0.2271642637260775,0.9820233897556309,0.8571428571428571,0.0,0.06968832285311932,0.0,ahead_vae,ahead,False,0.07551294565200806,1.5952521562576294,1.9748671054840088,1.439711093902588,vae_candidate_pool_v1,belief_limited_heuristic_v1,188
VAE000532,vae_candidate_000532,0.8038085965499789,-1137.245849609375,-926.0324096679688,1469.3956879813968,0.653511875929948,0.009461404049360096,4.793756188790664,33,8306.000404919254,2361.1197721384056,1.6826894580524254,2.4975421817092056,8059.770854451298,0.19076783610553927,0.8489884358129833,0.9909294664859392,0.600439399907798,1.0,0.21033618225655318,0.9999056120864986,0.7857142857142857,1.0,0.0868454202064828,0.0868454202064828,inside_convoy_envelope,inside,True,0.08811430633068085,2.3239312171936035,1.513904094696045,1.8745990991592407,vae_candidate_pool_v1,belief_limited_heuristic_v1,189
VAE001100,vae_candidate_001100,0.8035045169585696,-2439.256591796875,-812.6583251953125,2686.3566450110507,0.3154054515190622,-0.047026654745971425,5.484494951168977,33,8313.28995779018,2533.7899307344524,1.5666443092957918,2.77916054732476,8671.589771460802,0.2336744555681205,0.9846185522590706,0.9864110652891986,0.3545493896840285,1.0,0.19583053866197397,0.9952817493250092,0.7857142857142857,0.0,0.07158567562782181,0.0,astern_vae,astern,False,0.09326784312725067,2.4277098178863525,1.5042436122894287,1.0721017122268677,vae_candidate_pool_v1,belief_limited_heuristic_v1,190
VAE000322,vae_candidate_000322,0.8034971612573207,-126.2889404296875,-1119.76513671875,1124.3482735147672,1.466832156416843,-0.10549556827793183,4.797122683163756,39,8061.661936666829,2591.4318971844677,1.8668104562712782,1.5692649288950185,2603.7744658324395,0.16591032866744307,0.7351977621215015,0.993134211519917,0.9999988274104653,0.6199463013886761,0.23335130703390977,0.962613938549167,0.9285714285714286,1.0,0.0959729646021993,0.0959729646021993,inside_convoy_envelope,inside,True,0.070232093334198,0.6005013585090637,2.1458353996276855,1.1847152709960938,vae_candidate_pool_v1,belief_limited_heuristic_v1,191
VAE000643,vae_candidate_000643,0.8034150310377735,-2520.427490234375,607.7369995117188,2532.7436862335817,-0.2294767024257185,0.051599214094376934,4.7196688848156905,39,8219.007618670323,2463.62674344226,1.9260622270330205,-2.860516737069698,8579.857794399848,0.1463554802193544,0.9966745611758455,0.9946545701397085,0.27738950383329375,1.0,0.24075777837912757,0.9765973905428077,0.9285714285714286,0.0,0.07326843427725122,0.0,astern_vae,astern,False,0.10069552063941956,1.4080942869186401,2.0862209796905518,1.2309974431991577,vae_candidate_pool_v1,belief_limited_heuristic_v1,192
VAE001158,vae_candidate_001158,0.8022472134017811,2183.356201171875,-3188.389404296875,3832.35237268536,2.208901566686344,0.05726010905406308,5.101231077286596,35,8246.234668824072,2457.8717614065126,1.7268441143449025,0.9899511959575122,6579.740628252551,0.20502576164690822,0.6785260645091261,0.9895278699846635,0.8359991993216249,1.0,0.2158555142931128,0.9779574385841091,0.8333333333333334,0.0,0.06940085251166188,0.0,ahead_vae,ahead,False,0.10029494762420654,2.3549997806549072,1.5013494491577148,1.0653302669525146,vae_candidate_pool_v1,belief_limited_heuristic_v1,193
VAE000940,vae_candidate_000940,0.8020878134558266,329.1241760253906,-3670.59130859375,3840.9486128298067,1.662783955032589,-0.008840282064159773,5.2064142087981224,35,8318.65113228186,2378.7276325335224,1.7687661387921934,1.4699684164930444,3203.97825124709,0.13952052412647697,0.6753653371573466,0.9951413949714822,0.9949211711678037,0.7628519645826405,0.22109576734902417,0.8436840133833694,0.8333333333333334,1.0,0.07052117314967109,0.07052117314967109,inside_convoy_envelope,inside,True,0.05128798633813858,1.8670228719711304,1.4913969039916992,1.803092360496521,vae_candidate_pool_v1,belief_limited_heuristic_v1,194
VAE001163,vae_candidate_001163,0.8017190967932588,2715.64892578125,1003.9418334960938,2848.3538565307645,-2.7854230646457507,-0.08314203886766454,4.661669995272428,32,8394.84570347267,2482.4863128486368,1.5355020386041733,-0.4393116278117069,8653.552757356967,0.3368112564831316,0.9627127260249766,0.9719066377642057,0.4253165583158748,1.0,0.19193775482552167,0.957466813532934,0.7619047619047619,0.0,0.07153577311474384,0.0,ahead_vae,ahead,False,0.10545983910560608,2.2471582889556885,1.9270250797271729,1.0762195587158203,vae_candidate_pool_v1,belief_limited_heuristic_v1,195
VAE000485,vae_candidate_000485,0.8015565733800691,2565.107666015625,2544.569580078125,3434.1907758898315,-2.3652387388032303,0.05760456360905624,5.011914789670819,35,8175.400297738086,2449.7637038957387,1.7475709712241254,-0.7187493511775066,7766.081883651821,0.03973349051740316,0.8169450285712941,0.9996053643561853,0.658443911587563,1.0,0.21844637140301568,0.8211762642467243,0.8333333333333334,0.0,0.0702975443633728,0.0,ahead_vae,ahead,False,0.048531800508499146,1.6549636125564575,2.5469939708709717,1.6498981714248657,vae_candidate_pool_v1,belief_limited_heuristic_v1,196
VAE000479,vae_candidate_000479,0.7988353471345854,2315.75390625,-807.0333251953125,2510.32144977722,2.7701800209521785,0.033345453748643165,4.779385645993376,37,8201.540992983571,2321.8637270672675,1.942985400056875,0.4047580863862577,8453.179114818264,0.6139888808020109,0.9977019220851608,0.9086782015603504,0.3937964054612299,1.0,0.24287317500710937,0.9487545066486038,0.8809523809523809,0.0,0.07540129336706655,0.0,ahead_vae,ahead,False,0.10728174448013306,1.6517088413238525,2.5163872241973877,1.3036772012710571,vae_candidate_pool_v1,belief_limited_heuristic_v1,197
VAE000424,vae_candidate_000424,0.7980469213008177,-2224.72216796875,-869.5437622070312,2495.1214404349344,0.40227125689080184,0.051302512798238005,5.320141290821259,36,8363.444187171292,2598.930884133834,1.6562374776143376,2.7906239094972296,8747.14173908369,0.17910113996107144,0.9982910482319316,0.9920021089239359,0.3438076581805991,1.0,0.2070296847017922,0.8296100799691374,0.8571428571428571,0.0,0.07178372847661016,0.0,astern_vae,astern,False,0.04954963177442551,1.0019831657409668,2.9715096950531006,1.6174412965774536,vae_candidate_pool_v1,belief_limited_heuristic_v1,198
VAE001168,vae_candidate_001168,0.7978460466137114,2986.54296875,-1942.33056640625,3477.2173623545377,2.53697772156189,-0.0069939867019078285,4.74001753241391,40,8214.566687935081,2274.6799250736453,2.1406961935875604,0.5976209453259955,8070.700897341253,0.28621814469055895,0.8030351784365303,0.979659225138002,0.5626773587854454,1.0,0.26758702419844504,0.9961373611859707,0.9523809523809523,0.0,0.07287363925589942,0.0,ahead_vae,ahead,False,0.09269533306360245,1.3657164573669434,2.9319043159484863,1.6910239458084106,vae_candidate_pool_v1,belief_limited_heuristic_v1,199
VAE000588,vae_candidate_000588,0.7975229026014934,1614.7802734375,977.9664916992188,1854.104543490291,-2.636757923543222,-0.004407829066161588,4.559371412897749,36,8218.662817511498,2238.366059925365,1.9569071744722168,-0.5092425591127325,8267.069143649442,0.41397318972976693,0.945224273846924,0.9577649187808673,0.4875160545341757,1.0,0.2446133968090271,0.8135008683514443,0.8571428571428571,0.0,0.08205999993723895,0.0,ahead_vae,ahead,False,0.12691351771354675,1.158832311630249,1.52974271774292,1.379292368888855,vae_candidate_pool_v1,belief_limited_heuristic_v1,200
VAE000975,vae_candidate_000975,0.7972725892412863,-756.7478637695312,-1079.3538818359375,1199.7044995810747,0.9739884026413348,0.039224130682390085,4.8149827581751845,34,8341.900753225818,2556.444227641919,1.5943276427305966,2.2068283816308485,7011.711181742796,0.1624729291667244,0.76159085652074,0.9934151412522325,0.80445907610401,1.0,0.19929095534132457,0.8278329526678083,0.8095238095238095,1.0,0.09297161268243015,0.09297161268243015,inside_convoy_envelope,inside,True,0.049333758652210236,1.4426130056381226,2.3381876945495605,1.9471375942230225,vae_candidate_pool_v1,belief_limited_heuristic_v1,201
VAE000910,vae_candidate_000910,0.796471411414331,-468.44598388671875,901.7621459960938,1144.6888223410024,-1.0797257351132439,-0.05916218268424346,5.144964986077465,33,8076.406721707665,2469.2715149863034,1.6547291280350358,-2.1210291011607927,6327.851293470744,0.13881246487589016,0.7423874807818218,0.9951905051513987,0.8524028307757743,1.0,0.20684114100437948,0.8129222614678722,0.7857142857142857,1.0,0.09617348381377305,0.09617348381377305,inside_convoy_envelope,inside,True,0.04755113273859024,1.6385765075683594,2.3471689224243164,1.6129668951034546,vae_candidate_pool_v1,belief_limited_heuristic_v1,202
VAE001007,vae_candidate_001007,0.79570182703004,-2630.9521484375,2639.73193359375,3684.891022433613,-0.7538117870629787,0.0021209906295736815,5.075848992455908,37,8193.495139048526,2310.9145404596047,1.954108340860826,-2.385659875897241,7547.061991209374,0.2082398346036135,0.7319171970009436,0.98919816168916,0.6859676858825656,1.0,0.24426354260760325,0.9907114479819171,0.8809523809523809,0.0,0.07188016343773673,0.0,astern_vae,astern,False,0.0956965833902359,0.8050894737243652,2.943314790725708,1.9399113655090332,vae_candidate_pool_v1,belief_limited_heuristic_v1,203
VAE001190,vae_candidate_001190,0.7956813607053956,-532.4506225585938,3913.990234375,3863.0751064671317,-1.4382964789961683,-0.012704909391845069,5.006257739506642,34,8238.451221428975,2536.843117521719,1.626820857274035,-1.7160010839854698,3702.2091286407594,0.5565135752249376,0.6672115211711039,0.9245509493638582,0.9894762992658666,0.8814783639620856,0.20335260715925438,0.8808178452599699,0.8095238095238095,1.0,0.06829170622208833,0.06829170622208833,inside_convoy_envelope,inside,True,0.05617896467447281,1.1956368684768677,1.8816503286361694,1.3921204805374146,vae_candidate_pool_v1,belief_limited_heuristic_v1,204
VAE000948,vae_candidate_000948,0.7955928444168298,1597.24462890625,890.9849243164062,1877.2251270716622,-2.5761273016040427,0.03422001750419389,4.577184385911213,37,8285.835398097686,2445.0512557637535,1.8263224377357117,-0.5312453344815565,8382.536548113738,0.7151087205711963,0.9496495092012864,0.8775109788245006,0.506607432317806,1.0,0.22829030471696396,0.9560331039692618,0.8809523809523809,0.0,0.07887019935425357,0.0,ahead_vae,ahead,False,0.06876211613416672,2.3313732147216797,1.5005438327789307,1.3734686374664307,vae_candidate_pool_v1,belief_limited_heuristic_v1,205
VAE001031,vae_candidate_001031,0.7955633402157103,-2918.36083984375,1938.52783203125,3486.175502397358,-0.537150358166673,0.05338356040563536,4.841254236386541,37,8294.301484070389,2235.0349979339762,1.995894488158561,-2.551058735017485,8134.085455141176,0.08697297730500503,0.800098632082556,0.9981101170586489,0.5568045982521131,1.0,0.24948681101982012,0.9997680744587722,0.8809523809523809,0.0,0.07351613418348757,0.0,astern_vae,astern,False,0.08593739569187164,0.9690061211585999,2.0143702030181885,1.7310876846313477,vae_candidate_pool_v1,belief_limited_heuristic_v1,206
VAE000686,vae_candidate_000686,0.7955073149736382,378.96685791015625,3659.681396484375,3699.3845323520436,-1.6794764469252337,-0.06428816950843165,5.378443375326326,30,8215.358104716297,2336.5612039856915,1.5628510697208484,-1.526404376172991,2698.835317513555,0.39537956622405757,0.7267532462397983,0.961425218843558,0.99901483915948,0.6425798375032273,0.19535638371510605,0.9159514278632176,0.7142857142857143,1.0,0.0714381614616929,0.0714381614616929,inside_convoy_envelope,inside,True,0.06140966713428497,1.357709288597107,2.942237377166748,1.89886474609375,vae_candidate_pool_v1,belief_limited_heuristic_v1,207
VAE001048,vae_candidate_001048,0.7944282695622972,-2029.871826171875,767.294677734375,2059.5299642274967,-0.3792914254077032,-0.02334615291440996,4.9262747468783665,35,8335.845163484331,2443.158731149675,1.7185680019648255,-2.7856473810965,8664.7170729137,0.027917392534323963,0.9783253317356339,0.9998051674530766,0.3484765412451517,1.0,0.2148210002456032,0.8558269466448942,0.8333333333333334,0.0,0.07691039996202602,0.0,astern_vae,astern,False,0.05283355712890625,0.8081653118133545,1.9836114645004272,1.642204761505127,vae_candidate_pool_v1,belief_limited_heuristic_v1,208
VAE000417,vae_candidate_000417,0.7938178715570633,-2055.242919921875,527.6209106445312,2244.6812341321684,-0.22235955411923766,0.0067358233467737704,4.906820389804194,40,8274.992810332025,2268.33936027223,2.1310043560987713,-2.9124972761237817,8573.917926961365,0.25158544933117577,0.9954500951699712,0.9842594788401731,0.22709662981203504,1.0,0.2663755445123464,0.9884360494398936,0.9523809523809523,0.0,0.0778772713481118,0.0,astern_vae,astern,False,0.09667803347110748,1.8642425537109375,2.9614388942718506,1.5385857820510864,vae_candidate_pool_v1,belief_limited_heuristic_v1,209
VAE000720,vae_candidate_000720,0.793556441113799,2676.93603515625,-1369.94873046875,3077.4097237780666,2.658102889363342,-0.035362815069737104,4.803377078760147,36,8244.434283903227,2422.3973951204184,1.8025870609113643,0.4481269491567146,8479.952735543757,0.4706191599669927,0.9169103782402742,0.9456438541301757,0.4332781888942121,1.0,0.22532338261392054,0.9996220162717407,0.8571428571428571,0.0,0.07160232083525743,0.0,ahead_vae,ahead,False,0.08896324038505554,0.6408220529556274,2.006535530090332,1.8817479610443115,vae_candidate_pool_v1,belief_limited_heuristic_v1,210
VAE000367,vae_candidate_000367,0.7918328410193345,-1527.45263671875,795.1793212890625,1748.3670675762546,-0.49207298432510993,-0.04386307486703954,5.325131873815046,36,8161.985887005211,2525.2888245344166,1.7466086412312511,-2.693382744131723,8450.12128828754,0.022841330106226576,0.9228676308218988,0.999869574080446,0.43335295622381476,1.0,0.2183260801539064,0.8344366041168002,0.8571428571428571,0.0,0.07969878549739753,0.0,astern_vae,astern,False,0.0501398891210556,0.7804214954376221,2.4073052406311035,1.3609886169433594,vae_candidate_pool_v1,belief_limited_heuristic_v1,211
VAE000174,vae_candidate_000174,0.7915237776807185,-1326.449951171875,780.0379028320312,1509.8517701011167,-0.5220413541394254,-0.012850946545657934,4.4136154058815,37,8137.099728329014,2478.6032512103984,1.8345310650933597,-2.6324022459960257,8313.068765165339,0.26805573874554445,0.8608928497981043,0.9821438350186393,0.48747051964871635,1.0,0.22931638313666997,0.9912143431390663,0.8809523809523809,0.0,0.0845720129093324,0.0,astern_vae,astern,False,0.07906876504421234,1.7403833866119385,1.5247249603271484,1.1393918991088867,vae_candidate_pool_v1,belief_limited_heuristic_v1,212
VAE000539,vae_candidate_000539,0.7906883225070042,2554.168701171875,-1078.766357421875,3029.8905871838406,2.715990534614507,0.01758382547434845,5.142343738520186,36,8269.571323413082,2478.3932223451247,1.756504597101425,0.4431859444496349,8533.432540867092,0.5232286747093728,0.9277413551827108,0.9331051974564534,0.4288197870369065,1.0,0.21956307463767813,0.9731059986919336,0.8571428571428571,0.0,0.0709769459461028,0.0,ahead_vae,ahead,False,0.10167527943849564,1.5454586744308472,2.953169822692871,1.2497621774673462,vae_candidate_pool_v1,belief_limited_heuristic_v1,213
VAE000843,vae_candidate_000843,0.7901240550477702,499.64019775390625,-999.7461547851562,1129.1263941598922,2.025447265692544,-0.004435104126891811,5.175385229947806,34,8214.824994804098,2220.3164979149424,1.8640850150036552,1.1117102837703572,5630.647128568191,0.5793297717799848,0.7368907473766936,0.9184148815617059,0.8964578726940665,1.0,0.2330106268754569,0.8784299688758378,0.8095238095238095,1.0,0.09969498527502663,0.09969498527502663,inside_convoy_envelope,inside,True,0.055848222225904465,1.0893445014953613,1.5244505405426025,1.9218511581420898,vae_candidate_pool_v1,belief_limited_heuristic_v1,214
VAE000644,vae_candidate_000644,0.789520374785881,-277.90460205078125,-803.5614013671875,932.6316370210878,1.2448524147179338,0.006065693118636514,4.880077438002414,36,8217.005737796919,2387.935667855408,1.8347051837919373,1.9028059319904964,4935.80864904809,0.14733075798795858,0.6656265852305792,0.9945832207908075,0.9453892351117105,1.0,0.22933814797399216,0.8544116120072153,0.8571428571428571,1.0,0.1090019689558486,0.1090019689558486,inside_convoy_envelope,inside,True,0.05265101045370102,0.7700254321098328,2.071794271469116,1.610448956489563,vae_candidate_pool_v1,belief_limited_heuristic_v1,215
VAE000306,vae_candidate_000306,0.7890935049225027,-442.056640625,844.5701904296875,966.1167338756568,-1.0444913878086515,-0.012641705194067494,5.043825035154922,36,8299.036351196966,2400.2103839975243,1.8072803372052042,-2.109742970975209,6319.312986447079,0.21648995782632374,0.6779634802046285,0.9883287156114493,0.8582497735636649,1.0,0.22591004215065053,0.9991287313543609,0.8571428571428571,1.0,0.10654362063304347,0.10654362063304347,inside_convoy_envelope,inside,True,0.08469003438949585,0.7008415460586548,1.5197341442108154,1.8287994861602783,vae_candidate_pool_v1,belief_limited_heuristic_v1,216
VAE000970,vae_candidate_000970,0.7890525160589221,105.33255004882812,3537.499267578125,3641.3510660440747,-1.5922568774803267,-0.027311018890624407,4.616065381583049,38,8339.891684219554,2348.235130649986,1.9403568377969893,-1.5766467950000909,2396.986935884463,0.5381619432041254,0.7472949223036147,0.9293261215607198,0.9999828860597048,0.5707111752105865,0.24254460472462366,0.7809012588224433,0.9047619047619048,1.0,0.07132940727593541,0.07132940727593541,inside_convoy_envelope,inside,True,0.04386891424655914,1.6404004096984863,2.9355735778808594,1.1832984685897827,vae_candidate_pool_v1,belief_limited_heuristic_v1,217
VAE000622,vae_candidate_000622,0.7887596175442115,2323.217529296875,-1089.21044921875,2348.385390887059,2.7177964154783156,0.01082150565298493,4.939814289639349,38,8246.017018879835,2483.69058357991,1.8554184850252877,0.43461774376446294,8525.18556164274,0.7769213693411288,0.9994965222744472,0.856537651584514,0.421063713858392,1.0,0.23192731062816097,0.9001844392919821,0.9047619047619048,0.0,0.07410744610954743,0.0,ahead_vae,ahead,False,0.0589679516851902,1.4306747913360596,2.544844150543213,1.450900673866272,vae_candidate_pool_v1,belief_limited_heuristic_v1,218
VAE000990,vae_candidate_000990,0.7885194578246114,-2645.455810546875,-631.1424560546875,2718.3170622661974,0.2561344824804028,0.013437784391095005,4.915863731792489,36,8308.685694935799,2376.9860496477586,1.8228189602687523,2.898895955500486,8636.426683556176,0.15611619306244173,0.981028069720261,0.9939192986694698,0.24032116420550426,1.0,0.22785237003359404,0.9918542040716896,0.8571428571428571,0.0,0.07355014118388566,0.0,astern_vae,astern,False,0.09515872597694397,1.8022139072418213,1.4925734996795654,1.129654049873352,vae_candidate_pool_v1,belief_limited_heuristic_v1,219
VAE000527,vae_candidate_000527,0.7876900999888297,-682.5307006835938,-901.6813354492188,1041.6604772854075,0.9261825402540245,-0.009467776198078039,4.799532539928733,35,8031.986343466641,2651.0563943342045,1.6437134794518171,2.205942337137691,6899.398632030101,0.0830704353850159,0.7055429910266987,0.9982758175385289,0.8049850778398917,1.0,0.20546418493147714,0.9415894840776345,0.8333333333333334,1.0,0.0997608941109832,0.0997608941109832,inside_convoy_envelope,inside,True,0.06585754454135895,1.1787223815917969,2.409053325653076,1.8543634414672852,vae_candidate_pool_v1,belief_limited_heuristic_v1,220
VAE000577,vae_candidate_000577,0.7835749799222784,3117.426513671875,-1589.2938232421875,3428.8387578759052,2.6668396286826344,0.05401412138225142,4.519662394944153,34,8105.030420403651,2032.822167901702,2.063596961737567,0.5287671462894104,8023.619945959355,0.2584367047681595,0.8186519498247555,0.9833953449478345,0.5044692423887415,1.0,0.25794962021719586,0.9976103610194684,0.8095238095238095,0.0,0.07766126918729548,0.0,ahead_vae,ahead,False,0.09153494238853455,2.2978076934814453,1.5119264125823975,1.685779094696045,vae_candidate_pool_v1,belief_limited_heuristic_v1,221
VAE000352,vae_candidate_000352,0.7829335669999273,-2688.899658203125,-2437.028564453125,3726.457577627224,0.7324847256841068,-0.0008075511248471195,5.403411369132912,34,8165.023710888911,2482.998977052877,1.6770458109738446,2.408300376780839,7728.326482302625,0.09088800047149559,0.7170521197701863,0.9979362640758755,0.6693193368496144,1.0,0.20963072637173058,0.9615670861393439,0.8095238095238095,0.0,0.06925703187322407,0.0,astern_vae,astern,False,0.10454234480857849,0.7794180512428284,2.037431001663208,1.073948860168457,vae_candidate_pool_v1,belief_limited_heuristic_v1,222
VAE001001,vae_candidate_001001,0.7824300978609631,-2856.586181640625,2541.92431640625,3745.973040912877,-0.6847494644181977,0.012978885968299742,4.609063713848712,38,8214.711101475918,2265.458415387051,2.0419034707218393,-2.443864303203296,7750.471586248112,0.12325151541302981,0.7100174894969895,0.9962070711479071,0.6424785730657047,1.0,0.2552379338402299,0.962105011010294,0.9047619047619048,0.0,0.07252611629483767,0.0,astern_vae,astern,False,0.10441863536834717,2.112156391143799,2.3982913494110107,1.5791168212890625,vae_candidate_pool_v1,belief_limited_heuristic_v1,223
VAE000691,vae_candidate_000691,0.782271308734534,727.091796875,922.734619140625,1131.4238523129286,-2.2355259886270753,-0.0006118915966141666,5.324813856778747,33,8099.170869798363,2507.83403795303,1.6247052573930583,-0.9066785565593319,6966.8637939379605,0.13982880271674825,0.7377039039487786,0.9951199355518832,0.7874608667509213,1.0,0.20308815717413228,0.804519964606942,0.7857142857142857,1.0,0.09639297922025206,0.09639297922025206,inside_convoy_envelope,inside,True,0.04656720533967018,0.8631226420402527,2.9492170810699463,1.4769192934036255,vae_candidate_pool_v1,belief_limited_heuristic_v1,224
VAE000279,vae_candidate_000279,0.7820327196905632,2677.7998046875,2951.273681640625,3902.206414425853,-2.283057671583288,-0.005704006472135551,4.868284142892856,37,8360.838401407555,2401.3250156431495,1.842896518047937,-0.8642389884786407,7254.467452040341,0.254542139831631,0.6527356811392733,0.9838893436906553,0.7606014206879713,1.0,0.23036206475599214,0.9690478671988798,0.8809523809523809,0.0,0.0700756451921707,0.0,ahead_vae,ahead,False,0.07179264724254608,1.4228384494781494,1.9480420351028442,1.6172479391098022,vae_candidate_pool_v1,belief_limited_heuristic_v1,225
VAE001022,vae_candidate_001022,0.7812761448670378,-2798.218505859375,-2382.728271484375,3671.57901219317,0.6827263820839532,0.006017028440536884,5.156493747643757,34,8260.336557069373,2427.3857175994835,1.695674082658376,2.4648832999463774,7960.1732642967045,0.1497190203518488,0.7366409625525105,0.9944065139889253,0.626230907408829,1.0,0.211959260332297,0.9766177873576968,0.8095238095238095,0.0,0.07010866365061043,0.0,astern_vae,astern,False,0.100689597427845,0.6766312122344971,2.5008046627044678,1.5694103240966797,vae_candidate_pool_v1,belief_limited_heuristic_v1,226
VAE000526,vae_candidate_000526,0.7803475645464825,22.615631103515625,-3818.636962890625,3922.1037402472516,1.6028282728407988,0.014766757773300143,4.956069150517027,35,8343.557924136496,2216.9699538616533,1.8921560546618637,1.5535311385222947,2360.6854792226404,0.2942074096250751,0.6453526460384228,0.9785161396862015,0.9998509603392397,0.5620679712434858,0.23651950683273296,0.9830667650312197,0.8333333333333334,1.0,0.07307206588942872,0.07307206588942872,inside_convoy_envelope,inside,True,0.07586215436458588,1.6107537746429443,2.6625356674194336,1.5332567691802979,vae_candidate_pool_v1,belief_limited_heuristic_v1,227
VAE000774,vae_candidate_000774,0.7801852018432822,1574.9267578125,-3555.82421875,3938.395309366583,1.9923648801896234,-0.034669962228027616,4.9773680829005595,36,8158.459154516024,2285.114444785692,1.9310183535282959,1.1145578111721417,5645.792887452124,0.428909253652044,0.6392985194623031,0.9547099545896391,0.897716058445832,1.0,0.24137729419103698,0.7886262014897147,0.8571428571428571,0.0,0.07190652339104092,0.0,ahead_vae,ahead,False,0.04474137723445892,2.2637991905212402,2.4552834033966064,1.3078017234802246,vae_candidate_pool_v1,belief_limited_heuristic_v1,228
VAE000017,vae_candidate_000017,0.7796787700105109,-2924.256103515625,-2160.740966796875,3633.855966275583,0.6523982293931688,0.027573411123070646,4.575609808700494,35,8267.233824712619,2312.6367526589875,1.8306292616469944,2.5167678353196954,8058.057896783885,0.07686687527010427,0.7499202714057508,0.9985235980318122,0.5849551980411077,1.0,0.2288286577058743,0.9656839106749487,0.8333333333333334,0.0,0.07192656041806375,0.0,astern_vae,astern,False,0.10357355326414108,0.7978635430335999,2.0834662914276123,1.0604908466339111,vae_candidate_pool_v1,belief_limited_heuristic_v1,229
VAE000037,vae_candidate_000037,0.7792479710486102,-2667.9755859375,533.668701171875,2749.4460092328773,-0.1943697788672879,0.03412443163424076,5.376223129986534,35,8384.87793683167,2517.778705685736,1.6578824853334588,-2.9130984430882645,8737.247926358987,0.08930636505949668,0.9771807382861517,0.9980074181590222,0.22651112899832926,1.0,0.20723531066668235,0.9330922692699588,0.8333333333333334,0.0,0.07148729705723145,0.0,astern_vae,astern,False,0.0643017515540123,1.9131050109863281,2.004061698913574,1.4365832805633545,vae_candidate_pool_v1,belief_limited_heuristic_v1,230
VAE000210,vae_candidate_000210,0.7789988762837279,-1300.576904296875,-817.0281982421875,1530.1750046255247,0.548639305903206,0.01857585047246018,5.249538781114622,35,8087.179234359046,2218.696955645315,1.9506214180083368,2.611529198159048,8099.162738633561,0.2636054591215957,0.8667335025600214,0.9827284027574572,0.5055880899813318,1.0,0.2438276772510421,0.8002390611599484,0.8333333333333334,0.0,0.08753021802783802,0.0,astern_vae,astern,False,0.04607107490301132,2.3761236667633057,2.429067850112915,1.3172155618667603,vae_candidate_pool_v1,belief_limited_heuristic_v1,231
VAE001015,vae_candidate_001015,0.778994068347435,-2284.950927734375,-647.7071533203125,2487.4337582801572,0.2746663870258661,-0.039673290866332096,4.467530056246472,34,8157.202500564521,2515.60811761161,1.6568938496804366,2.8272529756975953,8535.302979458107,0.47902966570989824,0.9985559279704714,0.9437212926515279,0.30918857186030757,1.0,0.20711173121005458,0.8476376502312074,0.8095238095238095,0.0,0.07287081969805506,0.0,astern_vae,astern,False,0.05178622901439667,2.304457664489746,2.5712428092956543,1.4995403289794922,vae_candidate_pool_v1,belief_limited_heuristic_v1,232
VAE001054,vae_candidate_001054,0.7782220587782862,-2875.593994140625,1060.4837646484375,3172.83473696874,-0.34597805876705473,-0.014469014020872435,5.1203339879830025,35,8403.411778963997,2421.746970462584,1.7198225305460548,-2.8100836088436107,8734.07175514161,0.00851730157414704,0.8932344867175547,0.999981864003113,0.3254702791232809,1.0,0.21497781631825685,0.9988596232399174,0.8333333333333334,0.0,0.07129276716587336,0.0,astern_vae,astern,False,0.09021424502134323,1.8855140209197998,2.3703765869140625,1.152947187423706,vae_candidate_pool_v1,belief_limited_heuristic_v1,233
VAE001178,vae_candidate_001178,0.7781940693975882,2890.46142578125,-2361.24755859375,3668.795200068626,2.4128287390235013,-0.07211039427220758,4.658899997554461,38,8130.729670705518,2318.9860772003713,2.01537530842727,0.6566535202940849,7855.530578674034,0.3647418382396115,0.7376263978986168,0.9671079403466886,0.6104697308152622,1.0,0.25192191355340876,0.9646399320542838,0.9047619047619048,0.0,0.07179465986607417,0.0,ahead_vae,ahead,False,0.070708729326725,0.6993760466575623,2.954119920730591,1.5885707139968872,vae_candidate_pool_v1,belief_limited_heuristic_v1,234
VAE000903,vae_candidate_000903,0.7778119818991808,-3059.19384765625,914.6309204101562,3168.2526451338185,-0.29758663834592725,0.04804643956225281,5.18312193164465,34,8133.912554689769,2528.0537996347075,1.653457764827368,-2.7959595756816134,8509.367767387585,0.043989402918785676,0.8944276249360185,0.9995163111128158,0.3387923835144489,1.0,0.206682220603421,0.9769113491473749,0.8095238095238095,0.0,0.06994200894720318,0.0,astern_vae,astern,False,0.07392885535955429,0.7411530613899231,2.5105156898498535,1.9209229946136475,vae_candidate_pool_v1,belief_limited_heuristic_v1,235
VAE000461,vae_candidate_000461,0.7775572117423436,456.5287780761719,-4006.54541015625,4053.363656681473,1.6694359684566897,-0.005362440859787616,5.368258397640814,32,8306.47887264285,2621.4298613739584,1.4695852055968985,1.4667942442733157,3469.599948424231,0.3062905627286199,0.5964554453517185,0.9767293055774544,0.9945966564594318,0.8260952258152932,0.18369815069961232,0.855840958105389,0.7619047619047619,1.0,0.06693251605518567,0.06693251605518567,inside_convoy_envelope,inside,True,0.0528353676199913,1.043521523475647,2.5344250202178955,1.8812404870986938,vae_candidate_pool_v1,belief_limited_heuristic_v1,236
VAE000116,vae_candidate_000116,0.7770989474652445,-1563.083251953125,-551.2141723632812,1677.113403327186,0.3413295806281358,-0.008751109821578241,4.868707437964224,40,8379.32134227804,2508.65873493248,1.9028719290388487,2.7915119631400795,8731.477680979147,0.4255728152545093,0.9059387683207167,0.955401199934814,0.3429736047457225,1.0,0.2378589911298561,0.979445662712011,0.9523809523809523,0.0,0.08096871395615511,0.0,astern_vae,astern,False,0.09984268248081207,1.2824881076812744,1.5167346000671387,1.414507269859314,vae_candidate_pool_v1,belief_limited_heuristic_v1,237
VAE000112,vae_candidate_000112,0.77629174138004,-2408.474609375,-612.0397338867188,2297.6993867028036,0.2870988807647655,0.0958973339628013,5.015399547436956,35,8053.03608042635,2288.3158821358898,1.8992949986121437,2.9503911067878295,8341.15094611641,0.17506306283624246,0.998023616213176,0.9923577785969406,0.19003868241164168,1.0,0.23741187482651796,0.9157660423575575,0.8333333333333334,0.0,0.07724272706971853,0.0,astern_vae,astern,False,0.06137987598776817,0.6312564015388489,2.968106746673584,1.6263428926467896,vae_candidate_pool_v1,belief_limited_heuristic_v1,238
VAE000560,vae_candidate_000560,0.7755911187597059,2115.349365234375,3528.916748046875,4133.739122191913,-2.1144562747773223,0.028826068308456364,4.610517887407345,38,8094.108298831077,2472.741448335208,1.8986104945208018,-0.9983103105040144,6463.2472725110365,0.21680469355749166,0.5665364463255989,0.9882948883602609,0.8405568408905995,1.0,0.23732631181510022,0.9920652273077778,0.9047619047619048,0.0,0.0687913570129108,0.0,ahead_vae,ahead,False,0.07947751134634018,1.2265510559082031,2.937549591064453,1.8950080871582031,vae_candidate_pool_v1,belief_limited_heuristic_v1,239
VAE000397,vae_candidate_000397,0.7751477764312589,2727.921142578125,910.818115234375,2926.9590122870422,-2.7838390080843087,0.07809117727775414,5.332870778920265,37,8402.399284637253,2199.24815273924,2.002277064664415,-0.2796624682277302,8683.016041218862,0.4893972895661385,0.9488613521765776,0.9413081747340704,0.27603124608264945,1.0,0.2502846330830519,0.9972944642926043,0.8809523809523809,0.0,0.07560375988459735,0.0,ahead_vae,ahead,False,0.08272424340248108,1.3181794881820679,2.9269862174987793,1.5459935665130615,vae_candidate_pool_v1,belief_limited_heuristic_v1,240
VAE000700,vae_candidate_000700,0.7749446313128704,2301.96044921875,-400.4074401855469,2274.736979757616,2.9380415199106173,0.0586157426096188,5.387112155837575,41,8272.328514142599,2364.7351085408036,2.0959146074514905,0.26216687628879437,8602.546253084232,0.7264020798098375,0.9970382652695935,0.8737844588725419,0.25917399424107335,1.0,0.2619893259314363,0.9874825748038163,0.9761904761904762,0.0,0.07621091419954462,0.0,ahead_vae,ahead,False,0.09706071019172668,2.2055258750915527,2.456727981567383,1.1769382953643799,vae_candidate_pool_v1,belief_limited_heuristic_v1,241
VAE000606,vae_candidate_000606,0.7742979652790658,-2762.300048828125,2856.913818359375,3928.2082630449377,-0.8294844366267601,0.026368479400218525,4.508600413173825,33,8152.297351984023,2584.985407819366,1.565942575343535,-2.285739737562815,7296.440684834245,0.2501655617954539,0.643085010384342,0.9844357238939239,0.7551303408886503,1.0,0.19574282191794187,0.9982236989076838,0.7857142857142857,0.0,0.0676033733237726,0.0,astern_vae,astern,False,0.08358687907457352,0.8278619647026062,1.9960728883743286,1.931203842163086,vae_candidate_pool_v1,belief_limited_heuristic_v1,242
VAE000854,vae_candidate_000854,0.7729541165368412,1645.160888671875,-3981.835693359375,4247.212209688578,1.9671498801802312,-1.1487072476531138e-05,5.0218886845030895,35,8432.083417590273,2466.1819622942003,1.6830926872005265,1.174431286337086,5530.335461548932,0.17407727393099348,0.524648364743696,0.9924433868949707,0.9224704258540491,1.0,0.21038658590006581,0.9870361561069056,0.8333333333333334,0.0,0.06865172160860875,0.0,ahead_vae,ahead,False,0.07729797065258026,2.172565460205078,2.9569125175476074,1.3926082849502563,vae_candidate_pool_v1,belief_limited_heuristic_v1,243
VAE000297,vae_candidate_000297,0.7727748539252869,-2072.171875,-3187.547607421875,3909.9512354615767,1.0014908712397799,-0.014852063741045527,5.230647735966213,34,8150.257496532286,2431.019082599147,1.7160076484621989,2.1252497186089685,6357.760727057841,0.4726118372422724,0.6498634888599361,0.945191191636162,0.8501883448100597,1.0,0.21450095605777486,0.8354247381442129,0.8095238095238095,0.0,0.06968347783701476,0.0,astern_vae,astern,False,0.050261467695236206,2.1888251304626465,2.3540849685668945,1.4778186082839966,vae_candidate_pool_v1,belief_limited_heuristic_v1,244
VAE000612,vae_candidate_000612,0.7726480376302252,2007.366455078125,723.00439453125,2232.0175030574705,-2.8034886247950888,-0.028016152705134478,4.726371362435034,34,8160.04826166086,2539.416730210303,1.6407870255520942,-0.3661201814998388,8528.327069386776,0.7961468694151269,0.9946799637356913,0.8497327986699533,0.3579954584627516,1.0,0.20509837819401178,0.9629340453787372,0.8095238095238095,0.0,0.07428230364181862,0.0,ahead_vae,ahead,False,0.07030657678842545,0.7605704665184021,2.972694158554077,1.06685471534729,vae_candidate_pool_v1,belief_limited_heuristic_v1,245
VAE000541,vae_candidate_000541,0.7714390339810924,3243.923828125,-1510.4033203125,3499.1591828334167,2.6594340341894425,0.0037322812571103153,5.103916739004718,36,8349.471217103104,2529.363434463204,1.7046384999099478,0.4858909006574612,8564.300624987882,0.25452960217914766,0.7958186746253457,0.983890922157663,0.46699633182250905,1.0,0.21307981248874347,0.9861581541151813,0.8571428571428571,0.0,0.06904317575134664,0.0,ahead_vae,ahead,False,0.09756927937269211,1.2855044603347778,2.9236276149749756,1.9433577060699463,vae_candidate_pool_v1,belief_limited_heuristic_v1,246
VAE000654,vae_candidate_000654,0.7713852093546809,2547.182373046875,740.2572021484375,2634.2500718652395,-2.8750797916898536,-0.04716700756563995,4.80004182677534,33,8260.613790887857,2266.2763214475285,1.7627420336136879,-0.31367986946557946,8556.817958754973,0.6803624729451738,0.9896806278376494,0.8886723736076334,0.3085610262949007,1.0,0.22034275420171098,0.9678204636401314,0.7857142857142857,0.0,0.07564765019020726,0.0,ahead_vae,ahead,False,0.07148385047912598,1.8930680751800537,2.413166046142578,1.3522486686706543,vae_candidate_pool_v1,belief_limited_heuristic_v1,247
VAE000730,vae_candidate_000730,0.7703647148962617,-908.4099731445312,4241.47314453125,4263.729649327365,-1.3687951929679687,0.03452564041161443,4.776484635185873,37,8110.918338369256,2449.2606686257063,1.8625017381559528,-1.73827182021021,3767.03136272562,0.373998376141792,0.5186043450147243,0.9654370111943493,0.9860087277801526,0.8969122292203857,0.2328127172694941,0.996184233297068,0.8809523809523809,0.0,0.06895289467861315,0.0,port_vae,port,False,0.09266223013401031,1.0364457368850708,2.945244550704956,1.6612988710403442,vae_candidate_pool_v1,belief_limited_heuristic_v1,248
VAE000650,vae_candidate_000650,0.7703261406374408,3105.147216796875,1111.8426513671875,3198.1509023303834,-2.816604009878997,-0.0009192346406110832,5.246717738953236,40,8293.892019620933,2365.2314413460513,2.0390504489253307,-0.32590787835140717,8614.579011587251,0.3119564064208933,0.8865441432612023,0.9758674645255707,0.32016900572399554,1.0,0.25488130611566634,0.9036324552273765,0.9523809523809523,0.0,0.07207728663631559,0.0,ahead_vae,ahead,False,0.05948712304234505,2.186099052429199,2.490593433380127,1.626752495765686,vae_candidate_pool_v1,belief_limited_heuristic_v1,249
VAE000632,vae_candidate_000632,0.7698820365574266,1856.46728515625,637.4669799804688,1929.4401896519396,-2.7688523255965967,0.014876922054839826,5.254536543077706,34,8267.5782102528,2441.0510841352498,1.6847045043497237,-0.35786340593835664,8598.841491237388,0.7046607881537357,0.9590063639681959,0.8809156643461558,0.35027379912905354,1.0,0.21058806304371547,0.9987675250585466,0.8095238095238095,0.0,0.07830763660935247,0.0,ahead_vae,ahead,False,0.0842018872499466,2.1160037517547607,1.9422208070755005,1.8205933570861816,vae_candidate_pool_v1,belief_limited_heuristic_v1,250
VAE000151,vae_candidate_000151,0.7696073611266713,1673.1337890625,632.6710205078125,1739.2917423832369,-2.7724606765081172,0.002903878617528099,5.099489254520433,36,8408.180031503296,2455.7791187212893,1.7434568230730871,-0.3662280984641478,8729.994170962884,0.3241096718279337,0.9207922208300283,0.973967320195507,0.35809622096490945,1.0,0.2179321028841359,0.8156799129604774,0.8571428571428571,0.0,0.08059018525375163,0.0,ahead_vae,ahead,False,0.04787715524435043,1.6294121742248535,2.9434659481048584,1.0810738801956177,vae_candidate_pool_v1,belief_limited_heuristic_v1,251
VAE001151,vae_candidate_001151,0.7691708102067466,-2159.378173828125,-369.7943420410156,2198.2961873892827,0.13661304779825784,-0.04012973078380998,4.519226725461362,35,8135.928009743201,2321.3155094013528,1.8532191282547144,2.964849875007726,8417.32641777023,0.39273488610661844,0.9923386805189579,0.9619329150826983,0.17582403263878027,1.0,0.2316523910318393,0.9772567691787658,0.8333333333333334,0.0,0.07744541433418668,0.0,astern_vae,astern,False,0.10050275921821594,0.9706522226333618,2.99019718170166,1.0675690174102783,vae_candidate_pool_v1,belief_limited_heuristic_v1,252
VAE000536,vae_candidate_000536,0.7671515598855467,-68.50628662109375,-891.261474609375,881.9268536955007,1.4859136064389302,-0.025985385221654618,5.407382481213988,35,8145.552499488494,2282.1561501205147,1.8827911174548966,1.6296936619292082,2757.67302855772,0.08738945538033317,0.6468492690525242,0.9980919855148975,0.9982660532840691,0.6565888163232667,0.23534888968186207,0.9982571092487642,0.8333333333333334,1.0,0.11399103751649023,0.11399103751649023,inside_convoy_envelope,inside,True,0.09091124683618546,1.63015615940094,2.4909958839416504,1.7516095638275146,vae_candidate_pool_v1,belief_limited_heuristic_v1,253
VAE000171,vae_candidate_000171,0.7671418275280871,-3103.69287109375,-2328.9765625,3836.445626638441,0.6321850901378393,-0.0033265814141641235,4.851363903316639,40,8119.350868105077,2630.4776059314345,1.872854647934411,2.50608098203779,8095.6179433816515,0.07337530370478262,0.6770215458129258,0.9986546199839864,0.5935893689730053,1.0,0.23410683099180138,0.9628786049460976,0.9523809523809523,0.0,0.06721327317499937,0.0,astern_vae,astern,False,0.10423927009105682,1.2530158758163452,2.9767937660217285,1.044938564300537,vae_candidate_pool_v1,belief_limited_heuristic_v1,254
VAE001198,vae_candidate_001198,0.7669240974463273,2134.224609375,3566.343017578125,4161.669153449288,-2.1094643728784783,-0.012445026669491039,4.938847387016553,32,8375.421408016664,2573.7424359518027,1.4844932504736852,-1.044573307380806,6432.272360340225,0.09683405837919733,0.5561769121313934,0.9976576224835094,0.8647103013749251,1.0,0.18556165630921065,0.9684135933882237,0.7619047619047619,0.0,0.06734943241302906,0.0,ahead_vae,ahead,False,0.10290056467056274,1.2101430892944336,2.4217581748962402,1.4381413459777832,vae_candidate_pool_v1,belief_limited_heuristic_v1,255
VAE000908,vae_candidate_000908,0.7664445031846632,2243.1015625,-759.15625,2400.5879862447705,2.8121081679813993,-0.026408270151110257,4.586852934088071,37,8131.05552649113,2349.020352473428,1.9371712617639878,0.30307621545728325,8461.548520599006,0.8249264354415355,0.9999999346450259,0.8393055002354874,0.29845762463327796,1.0,0.24214640772049847,0.9595649575959276,0.8809523809523809,0.0,0.07564066827165637,0.0,ahead_vae,ahead,False,0.06953713297843933,2.0235652923583984,1.996703863143921,1.8799407482147217,vae_candidate_pool_v1,belief_limited_heuristic_v1,256
VAE000125,vae_candidate_000125,0.7661910724260836,-2411.379638671875,3453.46875,4164.169421794911,-0.9601358076638495,0.04937892590542441,4.444962621715607,34,8213.251283758367,2565.1825753010817,1.6137844470686018,-2.132077920020519,6543.296361616907,0.20161992522934702,0.5552508406367525,0.9898717312981866,0.8465736507667749,1.0,0.20172305588357523,0.9836271089588502,0.8095238095238095,0.0,0.06749607291221434,0.0,astern_vae,astern,False,0.09847889840602875,0.9933589100837708,1.4986398220062256,1.6357755661010742,vae_candidate_pool_v1,belief_limited_heuristic_v1,257
VAE000348,vae_candidate_000348,0.7657412335785746,3226.08935546875,1001.5044555664062,3301.769718822869,-2.8417025393295297,-0.038332278514541344,4.507266398756219,39,8177.011978180056,2486.3243096973433,1.9182808744995234,-0.3382223927748048,8538.740473070291,0.2480384824425106,0.8575104980213883,0.9846979223199387,0.3318107186276668,1.0,0.23978510931244043,0.9220148659710434,0.9285714285714286,0.0,0.07011447113066539,0.0,ahead_vae,ahead,False,0.06240027770400047,1.7458723783493042,1.5134376287460327,1.227974772453308,vae_candidate_pool_v1,belief_limited_heuristic_v1,258
VAE001210,vae_candidate_001210,0.7641730876906003,2966.83203125,-2350.052001953125,3861.8227437569244,2.4572053422785283,0.007700773701719337,5.283061382891175,35,8342.005829957527,2243.3032038253455,1.8702926999130385,0.6920880850129845,7854.19247193035,0.24499202415328813,0.667673688314446,0.9850696297669218,0.6381462206148688,1.0,0.2337865874891298,0.9999851784382539,0.8333333333333334,0.0,0.07269311921267736,0.0,ahead_vae,ahead,False,0.08760242909193039,2.1707098484039307,2.467050313949585,1.4709248542785645,vae_candidate_pool_v1,belief_limited_heuristic_v1,259
VAE001176,vae_candidate_001176,0.7641570163551376,3062.160888671875,1698.1424560546875,3585.698348799446,-2.650550271114916,0.04018359057722647,5.106690829339325,40,8223.599231941029,2262.577630635207,2.1497827063692063,-0.4508587918976508,8387.734053888105,0.21429283066864846,0.7666216205091925,0.9885635113326015,0.435738670293293,1.0,0.2687228382961508,0.9694201439012727,0.9523809523809523,0.0,0.07285980280604906,0.0,ahead_vae,ahead,False,0.10264547169208527,2.2731235027313232,1.8730814456939697,1.5612009763717651,vae_candidate_pool_v1,belief_limited_heuristic_v1,260
VAE000240,vae_candidate_000240,0.7639367362573857,3174.156982421875,-1464.0084228515625,3418.1230066788057,2.710904549810356,-0.0019375591048472192,5.128548543652196,35,8359.76678062595,2326.0363844682083,1.7999373079095473,0.4287505446745892,8570.104216797088,0.3279613165057573,0.8220534984393327,0.9733504991299482,0.41573476523165387,1.0,0.22499216348869341,0.9589105352233778,0.8333333333333334,0.0,0.07212757638869947,0.0,ahead_vae,ahead,False,0.10514171421527863,1.2580983638763428,2.9268975257873535,1.8450111150741577,vae_candidate_pool_v1,belief_limited_heuristic_v1,261
VAE001065,vae_candidate_001065,0.7634272808150989,-2605.25927734375,3106.681884765625,4193.558395620144,-0.9096885747331398,0.003994176348561964,4.981681043545309,39,8114.351740252333,2282.948176829625,2.1053035579525226,-2.2279099025080913,6764.066297412353,0.18030365938215565,0.5443839373397594,0.9918946417098358,0.7917586535259774,1.0,0.2631629447440653,0.9969521517071188,0.9285714285714286,0.0,0.07161520494025983,0.0,astern_vae,astern,False,0.09208788722753525,2.1447513103485107,1.5179572105407715,1.9217000007629395,vae_candidate_pool_v1,belief_limited_heuristic_v1,262
VAE000944,vae_candidate_000944,0.7632725520540449,2944.010009765625,-1973.328857421875,3707.7284059014182,2.5238826646324384,-0.03707696824321433,4.358835412708322,35,8273.030842924323,2387.6160951353863,1.771898755308925,0.5806330207141406,8226.94466224905,0.2648671503068787,0.7237708439445273,0.9825636434653244,0.548553325139748,1.0,0.22148734441361562,0.9891726542286013,0.8333333333333334,0.0,0.07062333485729597,0.0,ahead_vae,ahead,False,0.09637165814638138,1.0207996368408203,2.4835562705993652,1.503320336341858,vae_candidate_pool_v1,belief_limited_heuristic_v1,263
VAE000589,vae_candidate_000589,0.7628248015117761,3330.32958984375,1704.7371826171875,3675.413039405831,-2.640220794752484,-0.0339736412816239,5.144101232792668,35,8131.300603708019,2621.3897510336,1.6420123928328856,-0.535345500118933,8330.941210090017,0.1808451558954074,0.7352823920344889,0.9918460167663052,0.5101382319065645,1.0,0.2052515491041107,0.9999997764946426,0.8333333333333334,0.0,0.06760599739768908,0.0,ahead_vae,ahead,False,0.08722520619630814,0.9916467070579529,2.890381336212158,1.9103834629058838,vae_candidate_pool_v1,belief_limited_heuristic_v1,264
VAE000400,vae_candidate_000400,0.7625858637360002,-2685.910400390625,-450.9462585449219,2716.2810269394818,0.16264176532482477,0.038869442571716414,4.754600718974764,35,8318.190619890049,2354.131822814254,1.7873450331946712,3.017820330836685,8545.1892661504,0.007424175695609603,0.981267711683858,0.9999862204671025,0.12345654123640305,1.0,0.2234181291493339,0.9317953588740677,0.8333333333333334,0.0,0.07389395577388493,0.0,astern_vae,astern,False,0.06407228112220764,0.8158779740333557,1.4969706535339355,1.4013707637786865,vae_candidate_pool_v1,belief_limited_heuristic_v1,265
VAE001106,vae_candidate_001106,0.76179689847513,3038.5107421875,579.3009643554688,3001.4725423577374,-2.9497020703886054,0.011824897697695453,4.682704132922447,39,8222.194720696416,2498.6284948570674,1.898345079376662,-0.18006568550349222,8536.747573925944,0.3867371949118956,0.9338986335505298,0.9630723075563332,0.17909419730787696,1.0,0.23729313492208276,0.9999925210136871,0.9285714285714286,0.0,0.07081569563765448,0.0,ahead_vae,ahead,False,0.08750511705875397,1.8013949394226074,1.9495596885681152,1.7600091695785522,vae_candidate_pool_v1,belief_limited_heuristic_v1,266
VAE001009,vae_candidate_001009,0.7617460376795304,2444.4599609375,621.7833862304688,2613.283139697165,-2.916145979006319,-0.03220466281952625,5.421933898870296,36,8345.609232780309,2322.268542251103,1.8575136578988043,-0.2576513374030005,8661.86744409199,0.757352700692298,0.9914376805473709,0.8633286249906507,0.25481012092750926,1.0,0.23218920723735054,0.9791665477992462,0.8571428571428571,0.0,0.07483905553453049,0.0,ahead_vae,ahead,False,0.07460424304008484,0.684887707233429,1.990817666053772,1.6348353624343872,vae_candidate_pool_v1,belief_limited_heuristic_v1,267
VAE000796,vae_candidate_000796,0.7614767946952904,3187.27587890625,2192.770263671875,3822.78503674289,-2.5321557040852216,-0.027020137916077235,4.69264190472936,36,8315.7537228295,2365.6535356983586,1.8299943209467329,-0.6364570874206488,8093.609497944799,0.19906230118473142,0.6820388422365095,0.9901262194670379,0.5943499440937853,1.0,0.2287492901183416,0.9768130920124252,0.8571428571428571,0.0,0.07075080317443912,0.0,ahead_vae,ahead,False,0.07390017062425613,1.0097678899765015,2.036383628845215,1.3552727699279785,vae_candidate_pool_v1,belief_limited_heuristic_v1,268
VAE001002,vae_candidate_001002,0.761095653784329,-1982.484619140625,-3728.19970703125,4263.156095136327,1.0714425573572106,0.021306458565563333,5.350324165467945,37,8226.119789926655,2374.897616242911,1.893920753320503,2.0914565547981465,6152.310026317953,0.33578384367458847,0.5188139438006236,0.9720761579484224,0.8674909363785956,1.0,0.23674009416506286,0.9986627326866213,0.8809523809523809,0.0,0.07002177161637083,0.0,astern_vae,astern,False,0.08407417684793472,0.8085209131240845,2.4574334621429443,1.351495385169983,vae_candidate_pool_v1,belief_limited_heuristic_v1,269
VAE001147,vae_candidate_001147,0.7608997145279488,2209.7724609375,443.79119873046875,2244.2506519637404,-2.968505174443854,0.007134830633776107,5.495215531063861,35,8298.839125718901,2609.4595817839263,1.6162186880915632,-0.16595264851216304,8615.886727852801,0.2585480109040881,0.9954248911474585,0.9833811187275106,0.16519196629422683,1.0,0.2020273360114454,0.8298893744608044,0.8333333333333334,0.0,0.07335287253766926,0.0,ahead_vae,ahead,False,0.04958362877368927,2.1321184635162354,2.487126350402832,1.5313969850540161,vae_candidate_pool_v1,belief_limited_heuristic_v1,270
VAE001199,vae_candidate_001199,0.760893634787578,2252.138671875,563.3629150390625,2535.0058795643704,-2.917433141966184,0.03593584051298812,4.25789226220711,37,8262.352789239918,2388.1233167410787,1.8751725652458242,-0.1882236711106209,8563.276314491986,0.4900357833125919,0.9965604491720729,0.9411580087459827,0.18711423544417033,1.0,0.23439657065572803,0.8488648266018076,0.8809523809523809,0.0,0.0742787130419854,0.0,ahead_vae,ahead,False,0.05194183066487312,0.6401926875114441,2.481248140335083,1.4960519075393677,vae_candidate_pool_v1,belief_limited_heuristic_v1,271
VAE001081,vae_candidate_001081,0.75992859492362,-1488.277099609375,548.0737915039062,1666.8100757912844,-0.3498815449081991,-0.028311237769830196,4.973292848388243,31,8322.82967820701,2228.640108678988,1.6712858817295642,-2.820022346451424,8600.58055384936,0.3815421049636061,0.9033731668599361,0.9640457666417361,0.31605676331734744,1.0,0.20891073521619552,0.9852454139019133,0.7380952380952381,0.0,0.084836294307282,0.0,astern_vae,astern,False,0.09790600091218948,1.943529486656189,1.9300172328948975,1.2768683433532715,vae_candidate_pool_v1,belief_limited_heuristic_v1,272
VAE000989,vae_candidate_000989,0.7598819468215774,2620.633056640625,-944.4761352539062,2738.7577255460965,2.8314449474404126,-0.004348717626044267,4.166109702850812,35,8303.277601706139,2386.6777155664563,1.7661382990409473,0.3057989885233366,8636.583014877478,0.7807049478701651,0.9785404480001019,0.8552087930399384,0.30105519204532316,1.0,0.22076728738011842,0.942780886368429,0.8333333333333334,0.0,0.07332308619698764,0.0,ahead_vae,ahead,False,0.0660836398601532,0.8618544936180115,2.9502320289611816,1.4464831352233887,vae_candidate_pool_v1,belief_limited_heuristic_v1,273
VAE000587,vae_candidate_000587,0.75987031007652,3064.897705078125,2067.98193359375,3766.3877769635887,-2.571841109159526,-0.007052859798828679,4.936530071652443,36,8133.8577806718695,2428.203200518979,1.8227239453969417,-0.5768044042290958,8142.094109201403,0.23827372081574838,0.7026242693481286,0.9858734342158519,0.5453481466727516,1.0,0.22784049317461771,0.9998898404553006,0.8571428571428571,0.0,0.06996121701888112,0.0,ahead_vae,ahead,False,0.08635051548480988,2.2396631240844727,1.4756138324737549,1.3198579549789429,vae_candidate_pool_v1,belief_limited_heuristic_v1,274
VAE000614,vae_candidate_000614,0.7588768596486724,3053.57568359375,-893.64794921875,3147.0475463017233,2.854259217009799,0.008006115387628012,5.055900127808278,34,8251.609353447842,2503.0961912275525,1.6461246493995163,0.29533955196762235,8622.905427889607,0.4759003950003011,0.8998770182813445,0.9444402879738908,0.2910647174069465,1.0,0.20576558117493954,0.9947485816308805,0.8095238095238095,0.0,0.07029494791891931,0.0,ahead_vae,ahead,False,0.08093422651290894,0.981651782989502,1.9351143836975098,1.9187097549438477,vae_candidate_pool_v1,belief_limited_heuristic_v1,275
VAE000113,vae_candidate_000113,0.7587022074901986,658.0154418945312,639.2361450195312,1102.1731164070575,-2.3899656331744046,-0.0326209385939512,5.733154320009705,36,8211.183249587586,2562.944418804154,1.710635846145758,-0.7842479590093397,7623.047505663517,0.6645480567622413,0.7273092455073519,0.8935977902281675,0.7062929963027728,1.0,0.21382948076821975,0.9896003962650569,0.8571428571428571,1.0,0.09725716194769844,0.09725716194769844,inside_convoy_envelope,inside,True,0.09618902951478958,1.3728572130203247,2.4830989837646484,1.1822774410247803,vae_candidate_pool_v1,belief_limited_heuristic_v1,276
VAE000105,vae_candidate_000105,0.7582235555215753,3188.612548828125,1085.619140625,3279.5448090803548,-2.820132240656993,0.050675209465356585,4.773824684593406,38,8506.749383692284,2355.7011588303358,1.896268202862176,-0.27078520346744345,8826.895363275748,0.3063462886255839,0.8639520497653719,0.9767209034916833,0.2674881106348224,1.0,0.237033525357772,0.9979048885439349,0.9047619047619048,0.0,0.0719593407341782,0.0,ahead_vae,ahead,False,0.09126295149326324,1.5730218887329102,2.394543170928955,1.8887828588485718,vae_candidate_pool_v1,belief_limited_heuristic_v1,277
VAE000697,vae_candidate_000697,0.7576750615204356,-1499.41259765625,-4101.72900390625,4315.269354292499,1.2220264638688683,0.008196986443035088,5.013267369198689,36,8239.706950335454,2402.354647296413,1.8186687911374382,1.9277631761639598,5130.145599066544,0.42994007661105305,0.49985747642931544,0.954495364177071,0.9369610177291132,1.0,0.22733359889217977,0.9444391273842543,0.8571428571428571,0.0,0.06954193420694886,0.0,astern_vae,astern,False,0.06640192121267319,0.8882941007614136,2.4918251037597656,1.0940576791763306,vae_candidate_pool_v1,belief_limited_heuristic_v1,278
VAE001026,vae_candidate_001026,0.7574872773528707,-3176.876708984375,-1278.5611572265625,3390.418932748895,0.356244094127832,-0.037387536085504006,4.945489280003486,31,8255.310984891386,2397.761640702623,1.5661099456552223,2.7479610233764578,8543.612534390899,0.10231061839021788,0.8307462065429165,0.9973854162068045,0.38354482832625103,1.0,0.1957637432069028,0.9267113755726769,0.7380952380952381,0.0,0.07112082163834786,0.0,astern_vae,astern,False,0.06319086253643036,0.7213947176933289,1.4882566928863525,1.0937731266021729,vae_candidate_pool_v1,belief_limited_heuristic_v1,279
VAE001018,vae_candidate_001018,0.7574650307083252,3026.5439453125,2170.735595703125,3732.7808017574253,-2.539241139375152,0.04517104348909776,4.868478931672599,40,8274.767884945903,2331.167126722401,2.073627581773445,-0.5571804707255434,8255.914633002385,0.3258641943137288,0.7147764939659896,0.9736872138721346,0.5287952291014865,1.0,0.25920344772168064,0.9176051626252218,0.9523809523809523,0.0,0.07145054862467011,0.0,ahead_vae,ahead,False,0.06167668476700783,0.6567769050598145,2.4652326107025146,1.9211809635162354,vae_candidate_pool_v1,belief_limited_heuristic_v1,280
VAE000721,vae_candidate_000721,0.7562870189708653,-2224.53564453125,423.941650390625,2278.9693148655265,-0.16042919405376876,0.02579503387367444,5.5317437482653045,32,8268.751139046613,2559.4297226990307,1.5120524208948556,-2.95536842566235,8599.664822069331,0.2665541668641693,0.9972347515826964,0.982342142390263,0.18514973339293223,1.0,0.18900655261185695,0.7810641679933051,0.7619047619047619,0.0,0.07366657973104851,0.0,astern_vae,astern,False,0.043887220323085785,0.790635883808136,1.504868984222412,1.230373740196228,vae_candidate_pool_v1,belief_limited_heuristic_v1,281
VAE000325,vae_candidate_000325,0.7561125259300537,-2240.40966796875,-3690.2373046875,4252.407976881751,0.9977499596844315,0.026138789273342067,4.793307035063876,38,8136.827556003663,2434.4064565800936,1.918383336271419,2.1699814831787045,6599.24647893265,0.24114573790908403,0.5227454003486299,0.9855324962281802,0.8257954361745622,1.0,0.2397979170339274,0.9538031864628923,0.9047619047619048,0.0,0.06917221750920334,0.0,astern_vae,astern,False,0.1062452495098114,1.1325503587722778,2.3711938858032227,1.8720815181732178,vae_candidate_pool_v1,belief_limited_heuristic_v1,282
VAE001222,vae_candidate_001222,0.7560342188042509,1199.9217529296875,-737.755126953125,1395.955009253438,2.5795725068878226,-0.0356170385584629,4.865514488482602,38,8008.679677229609,2336.103579113117,2.0310965958064586,0.5264031081435071,8098.18399781948,0.7732290784935005,0.8264893008878762,0.8578295276922032,0.5024266539726142,1.0,0.25388707447580733,0.9990835215999397,0.9047619047619048,0.0,0.08904379429345177,0.0,ahead_vae,ahead,False,0.08990892022848129,1.5660022497177124,1.9571634531021118,1.813827395439148,vae_candidate_pool_v1,belief_limited_heuristic_v1,283
VAE000150,vae_candidate_000150,0.7560284937907293,-3262.60791015625,-908.974853515625,3399.7395434287855,0.25479516835855354,-0.049576570893022635,5.102716232751798,38,8243.757538608077,2399.998376087563,1.9206464979712627,2.8372209143382174,8584.101497792353,0.05738596981895821,0.8278382794439616,0.999176938526223,0.2996938513837889,1.0,0.24008081224640784,0.9595026193477116,0.9047619047619048,0.0,0.07106945765998691,0.0,astern_vae,astern,False,0.06952318549156189,1.9570468664169312,2.9488649368286133,1.1349785327911377,vae_candidate_pool_v1,belief_limited_heuristic_v1,284
VAE001150,vae_candidate_001150,0.7547725105186518,2966.731201171875,-805.7916870117188,2983.9870048284142,2.867083782422311,-0.06148612700403247,5.335785248063511,36,8253.425681275705,2620.2799404653256,1.6646409102123383,0.21302274416344982,8620.83516078912,0.5417228033717616,0.9375652116859268,0.9284108268602925,0.21141528023677725,1.0,0.20808011377654229,0.9936014221053829,0.8571428571428571,0.0,0.0693750470461364,0.0,ahead_vae,ahead,False,0.08027471601963043,0.9944109916687012,1.9337272644042969,1.1766879558563232,vae_candidate_pool_v1,belief_limited_heuristic_v1,285
VAE000801,vae_candidate_000801,0.7546826173276944,1983.324462890625,3850.72412109375,4306.0203450516165,-2.0258912065134647,-0.01663716611392301,4.794092994998207,36,8315.127812659537,2508.585136640492,1.725856675982144,-1.1323386131902515,5801.425886424007,0.02772976200762267,0.5032082670609638,0.9998077773925232,0.9054075075594005,1.0,0.215732084497768,0.8330620200117075,0.8571428571428571,0.0,0.06802980313832997,0.0,ahead_vae,ahead,False,0.12456174194812775,2.2366442680358887,2.9382216930389404,1.1609529256820679,vae_candidate_pool_v1,belief_limited_heuristic_v1,286
VAE000967,vae_candidate_000967,0.7543826995440565,-1109.38623046875,-625.3826293945312,1216.2543119050936,0.5383058800480239,-0.017910338992599015,5.230226342522286,36,8397.331056448898,2580.922659969251,1.6610634990716764,2.5853764345491705,8494.17512334764,0.10077254662217416,0.7672924135800782,0.997463371196794,0.5279765753223062,1.0,0.20763293738395955,0.8354692576418659,0.8571428571428571,1.0,0.0920871518008314,0.0920871518008314,inside_convoy_envelope,inside,True,0.05026695132255554,1.0226292610168457,1.9865857362747192,1.1025912761688232,vae_candidate_pool_v1,belief_limited_heuristic_v1,287
VAE001122,vae_candidate_001122,0.7540676561278189,2871.359130859375,640.9723510742188,2917.897312769213,-2.923667624962263,0.029788955861809234,5.102719404079403,35,8135.28766771229,2390.742654790904,1.799543295184815,-0.18813607276572106,8438.873098117783,0.48881339097179,0.95056116864481,0.9414453431132702,0.18702818352932205,1.0,0.22494291189810187,0.9661014829379788,0.8333333333333334,0.0,0.07260982566474004,0.0,ahead_vae,ahead,False,0.10347229242324829,2.000483751296997,1.4675164222717285,1.8823041915893555,vae_candidate_pool_v1,belief_limited_heuristic_v1,288
VAE000941,vae_candidate_000941,0.7537607867137939,2885.882568359375,1154.56396484375,3055.157808323586,-2.7509324005452176,-0.03259000960555517,4.752740422196434,35,8244.893954788937,2464.052358786309,1.7227927611021276,-0.4232502626501307,8529.405093244495,0.9297096897176529,0.9220643922524433,0.7990333378013303,0.41072607288206536,1.0,0.21534909513776596,0.9948111680248771,0.8333333333333334,0.0,0.07109491977523015,0.0,ahead_vae,ahead,False,0.08097217231988907,1.4188446998596191,2.937676191329956,1.8802094459533691,vae_candidate_pool_v1,belief_limited_heuristic_v1,289
VAE000537,vae_candidate_000537,0.753415837679358,-2712.848876953125,2025.7242431640625,3432.5932582644436,-0.5749873662921527,-0.07977952465790973,4.880805110244676,33,8278.726932764484,2346.146668342103,1.6990072165691088,-2.64638481195555,8399.126129217922,0.16534302586157446,0.8174550793992837,0.9931809772578913,0.4752145351441261,1.0,0.2123759020711386,0.690688075764108,0.7857142857142857,0.0,0.07179945857167477,0.0,astern_vae,astern,False,0.03417954221367836,2.385664939880371,1.9435384273529053,1.0541008710861206,vae_candidate_pool_v1,belief_limited_heuristic_v1,290
VAE001047,vae_candidate_001047,0.7533449873232151,-1938.544189453125,-280.85546875,1967.682941190794,0.11205449810990492,0.03711949015723331,5.133722663442328,38,8151.573301353614,2613.165929073332,1.7839191651261432,3.0666576456371217,8324.331825922352,0.21994070441379215,0.9652863921737508,0.9879551938342075,0.0748648977716755,1.0,0.2229898956407679,0.9861883626981427,0.9047619047619048,0.0,0.07590947256234788,0.0,astern_vae,astern,False,0.07697497308254242,1.4531514644622803,2.5253586769104004,1.1460669040679932,vae_candidate_pool_v1,belief_limited_heuristic_v1,291
VAE001024,vae_candidate_001024,0.7526335863222169,2227.7890625,-744.6923217773438,2368.4196290979808,2.8036071831395426,-0.026590599932154707,4.7781870999545415,36,8389.975643398162,2371.9804516906024,1.8089672118015756,0.31139487051809694,8713.220917632552,0.9151541563674102,0.9998114885027923,0.8048341948090041,0.30638672126198796,1.0,0.22612090147519695,0.9012693604554515,0.8571428571428571,0.0,0.0754480903050927,0.0,ahead_vae,ahead,False,0.05913048982620239,1.0690226554870605,1.9880156517028809,1.8792742490768433,vae_candidate_pool_v1,belief_limited_heuristic_v1,292
VAE000722,vae_candidate_000722,0.7526299569742055,-1347.935546875,3876.21142578125,4074.734149841658,-1.2317178660857937,0.03324152561372951,5.05024295805372,31,8089.542772968476,2464.7968152751428,1.5547357824195958,-1.87663326189027,4786.1102207189415,0.6792115808924486,0.5884898777674491,0.8890341147314936,0.9535952926338666,1.0,0.19434197280244947,0.8087844003491361,0.7380952380952381,0.0,0.06898228169870786,0.0,astern_vae,astern,False,0.047064848244190216,1.4852854013442993,2.94174861907959,1.102999210357666,vae_candidate_pool_v1,belief_limited_heuristic_v1,293
VAE000184,vae_candidate_000184,0.7526121710668873,-3059.01025390625,719.6964111328125,3181.742655745151,-0.2387896558154348,-0.01534886888424346,4.877206595613369,37,8240.45062132262,2239.1715538210237,2.0052263110893467,-2.9181518666586017,8531.76901880865,0.09491431212813259,0.8908992544282178,0.9977495086047475,0.221586179834513,1.0,0.25065328888616834,0.8795479654504005,0.8809523809523809,0.0,0.07417196057889296,0.0,astern_vae,astern,False,0.05600275099277496,1.2131192684173584,1.4872090816497803,1.2843974828720093,vae_candidate_pool_v1,belief_limited_heuristic_v1,294
VAE001028,vae_candidate_001028,0.7522253773051072,-407.45697021484375,-716.1692504882812,770.2944006224012,1.045243825789305,0.012728428492419145,4.5475864058104785,34,8227.172543271616,2524.345349791918,1.6371163354958007,2.1090772562929083,6385.129447451536,0.20702634536067757,0.6052775793531191,0.9893232386916266,0.8585912495942767,1.0,0.2046395419369751,0.9964246990779118,0.8095238095238095,1.0,0.12265261864542917,0.12265261864542917,inside_convoy_envelope,inside,True,0.09248913079500198,1.7560434341430664,1.5603536367416382,1.8093833923339844,vae_candidate_pool_v1,belief_limited_heuristic_v1,295
VAE000146,vae_candidate_000146,0.7518823261980407,1841.274169921875,544.7356567382812,1883.2379011556834,-2.830746584341352,-0.0056215221311264,5.085574240130996,36,8085.325196074381,2283.6422744876186,1.949741046202636,-0.3164675913795673,8394.509151486745,0.7097070125239945,0.9507722489600767,0.8792764112848006,0.31121151765103355,1.0,0.2437176307753295,0.8506957287116808,0.8571428571428571,0.0,0.08104798766820241,0.0,ahead_vae,ahead,False,0.05217484384775162,1.6954011917114258,1.513044834136963,1.9068931341171265,vae_candidate_pool_v1,belief_limited_heuristic_v1,296
VAE000899,vae_candidate_000899,0.7514445993288369,804.77978515625,-4432.0234375,4435.687243661437,1.711221899977307,-0.021644088937220956,5.398517399322568,34,8244.773019316224,2335.8477754705636,1.7654510325229718,1.408726664675265,3635.623073159982,0.11354080341056316,0.4568641930427495,0.9967805823180435,0.9868954343599171,0.8656245412285671,0.22068137906537147,0.9960499393114043,0.8095238095238095,0.0,0.0704386080103969,0.0,starboard_vae,starboard,False,0.08177638053894043,2.186617136001587,1.489254117012024,1.0455658435821533,vae_candidate_pool_v1,belief_limited_heuristic_v1,297
VAE000127,vae_candidate_000127,0.7513282525798307,2347.380126953125,-536.7677001953125,2492.2385856455153,2.897278624995494,0.023820223836496537,4.789158904237035,36,8193.073252313632,2489.1356434545546,1.765253572888631,0.26813425243079636,8559.76284443677,0.8161157615949963,0.9983929832448096,0.8425279992118258,0.2649328202771029,1.0,0.22065669661107887,0.8652665569921331,0.8571428571428571,0.0,0.07316773152462239,0.0,ahead_vae,ahead,False,0.05406875163316727,1.3084014654159546,1.9966211318969727,1.1051881313323975,vae_candidate_pool_v1,belief_limited_heuristic_v1,298
VAE000102,vae_candidate_000102,0.7512935190848955,922.364013671875,-861.5762329101562,1263.7298132155497,2.4047663754713025,0.00824506145602886,5.3234964223233066,37,8074.820242413304,2329.048670505906,1.9673892627594334,0.7450713395745201,7514.46358753684,0.8556063768765548,0.7834358076961166,0.8278804173840648,0.6780242495886483,1.0,0.24592365784492917,0.8678357116399719,0.8809523809523809,1.0,0.093088600500048,0.093088600500048,inside_convoy_envelope,inside,True,0.05441056936979294,1.1471489667892456,1.5027960538864136,1.534437894821167,vae_candidate_pool_v1,belief_limited_heuristic_v1,299
VAE001074,vae_candidate_001074,0.7505244731721017,888.3587036132812,783.9185791015625,1269.1930553582201,-2.4239390950751565,0.025732705988304898,5.342170851108216,35,8232.125489149237,2441.4591903719197,1.7414322896823544,-0.6919208525263317,7896.610484572224,0.7492741478290039,0.7852722318748384,0.86609172252744,0.6380174568601665,1.0,0.2176790362102943,0.8679709261296507,0.8333333333333334,1.0,0.09157746474789248,0.09157746474789248,inside_convoy_envelope,inside,True,0.05442862957715988,1.151656150817871,1.4950201511383057,1.1459221839904785,vae_candidate_pool_v1,belief_limited_heuristic_v1,300
VAE000999,vae_candidate_000999,0.7500585076451431,1448.662841796875,4359.033203125,4569.459515137413,-1.883757348919772,0.0324586894680031,4.9867665285655765,41,8241.12921231976,2326.783169280393,2.1381650164167803,-1.225376615202018,4979.725410197127,0.2045212641503267,0.4107757385956841,0.989579163609263,0.9409334246556671,1.0,0.26727062705209753,0.9637337749316002,0.9761904761904762,0.0,0.07045256953001118,0.0,ahead_vae,ahead,False,0.07049399614334106,0.6048282384872437,2.516911029815674,1.0798914432525635,vae_candidate_pool_v1,belief_limited_heuristic_v1,301
VAE000735,vae_candidate_000735,0.7493396212281905,-385.48779296875,-689.0272827148438,799.1361446743733,1.0620326353036773,0.03324738323209101,5.072709283034682,35,8335.377665975566,2354.979423830146,1.7830176631526249,2.112807401518207,6317.3340594153215,0.03671231923981,0.6160330605748682,0.9996630892470939,0.8566729816964825,1.0,0.2228772078940781,0.8469700331563995,0.8333333333333334,1.0,0.12088035562957634,0.12088035562957634,inside_convoy_envelope,inside,True,0.05170176923274994,0.8386261463165283,1.5277111530303955,1.1582857370376587,vae_candidate_pool_v1,belief_limited_heuristic_v1,302
VAE000523,vae_candidate_000523,0.7490244635299724,2465.2314453125,-267.1531066894531,2542.2986929070685,3.0444976308566356,0.02547268281970817,5.082259455519325,34,8208.419268613827,2405.7580441021632,1.7217394846478857,0.12256770555286536,8440.970028511914,0.6048623627775591,0.9961795438044351,0.9112901863368985,0.1222610500971305,1.0,0.21521743558098572,0.9976768127127625,0.8095238095238095,0.0,0.07400454095307861,0.0,ahead_vae,ahead,False,0.08305782079696655,1.868577003479004,2.8729124069213867,1.8653640747070312,vae_candidate_pool_v1,belief_limited_heuristic_v1,303
VAE000754,vae_candidate_000754,0.7489121072895852,16.76263427734375,-4424.60546875,4291.231178856091,1.5420048128972224,0.0860447923741013,4.439983629798999,37,8094.185213486514,2486.222865680679,1.838605394127451,1.685632633066673,3397.312214218007,0.025912652471168585,0.508578738429257,0.9998321430033085,0.9934135543180336,0.8088838605280969,0.22982567426593137,0.7560459326715363,0.8809523809523809,0.0,0.06840898642856777,0.0,starboard_vae,starboard,False,0.13341492414474487,1.3397808074951172,1.4990882873535156,1.4018985033035278,vae_candidate_pool_v1,belief_limited_heuristic_v1,304
VAE000465,vae_candidate_000465,0.748252919958496,2985.267822265625,1161.0458984375,3207.66527050287,-2.8115839441981483,0.07178146686089279,4.286499132013775,35,8194.132819435095,2327.069857119056,1.8355052221340884,-0.258227242530752,8516.706584589478,0.22576707300235732,0.883987362614477,0.9873113407168929,0.25536697377809386,1.0,0.22943815276676105,0.8480139231894211,0.8333333333333334,0.0,0.07266433455271946,0.0,ahead_vae,ahead,False,0.05183389037847519,1.3945573568344116,2.4834277629852295,1.4691646099090576,vae_candidate_pool_v1,belief_limited_heuristic_v1,305
VAE000947,vae_candidate_000947,0.7481949853815106,-13.781036376953125,-924.4931030273438,816.9274029866076,1.5486196804074412,0.07031964436213327,5.355321824028378,36,8065.268455876731,2332.6664710382465,1.9135112774466088,1.6632926175444853,3067.6390636894657,0.35108149876465516,0.6226650943543824,0.9695006600004035,0.9957252671321277,0.7303902532593965,0.2391889096808261,0.8797180502978543,0.8571428571428571,1.0,0.11933155041893218,0.11933155041893218,inside_convoy_envelope,inside,True,0.056026309728622437,1.924254059791565,2.3557965755462646,1.8808629512786865,vae_candidate_pool_v1,belief_limited_heuristic_v1,306
VAE000787,vae_candidate_000787,0.7478375287825191,3029.5068359375,1973.751953125,3836.0326372636455,-2.5411480530365713,0.020686418487059013,5.107377926637829,38,8090.693024368909,2356.347584999586,1.9932350683430768,-0.5797581820661628,8059.492743754587,0.18540358328594708,0.677173387543402,0.9914309664178704,0.5478216491010104,1.0,0.2491543835428846,0.8785132565421643,0.9047619047619048,0.0,0.07093079676697889,0.0,ahead_vae,ahead,False,0.05585971474647522,1.6310441493988037,2.930006504058838,1.4349709749221802,vae_candidate_pool_v1,belief_limited_heuristic_v1,307
VAE000676,vae_candidate_000676,0.7478183356625787,2816.829345703125,3147.012451171875,4190.435795713901,-2.3182843651249954,-0.020670491771159864,5.171499606472469,35,8321.582462253737,2278.469608843771,1.8459455354374126,-0.8439787802359576,7232.33227729518,0.1333883892181098,0.5455368402662115,0.9955584757392851,0.7472929067634352,1.0,0.23074319192967657,0.9745849433445973,0.8333333333333334,0.0,0.07164274108983808,0.0,ahead_vae,ahead,False,0.10126820206642151,1.329635500907898,2.9294097423553467,1.3882784843444824,vae_candidate_pool_v1,belief_limited_heuristic_v1,308
VAE001093,vae_candidate_001093,0.7465182474726192,3029.3935546875,475.58099365234375,3045.065117430027,-3.0135461053043806,-0.03522363022517949,5.262618458571296,34,8426.253839110253,2408.3306666514786,1.675437621567941,-0.163270178510592,8705.657079637878,0.3991013974603317,0.9243545698014098,0.9607052771975187,0.16254575842820818,1.0,0.20942970269599262,0.9924868257332946,0.8095238095238095,0.0,0.07185954924531215,0.0,ahead_vae,ahead,False,0.07968806475400925,1.073882818222046,1.5025827884674072,1.28440523147583,vae_candidate_pool_v1,belief_limited_heuristic_v1,309
VAE000517,vae_candidate_000517,0.7460079645005162,3151.541015625,-821.0699462890625,3250.419971457727,2.9001658615258705,0.05492440627849843,4.826528955480755,33,8172.041451471064,2459.9662733285754,1.641550418405157,0.2963511983424214,8534.19915615341,0.49745731057449444,0.8722201287368253,0.9393993769608879,0.292032413791773,1.0,0.20519380230064463,0.9672850016248288,0.7857142857142857,0.0,0.07060525614402682,0.0,ahead_vae,ahead,False,0.10318203270435333,1.6128857135772705,2.9316258430480957,1.8298397064208984,vae_candidate_pool_v1,belief_limited_heuristic_v1,310
VAE000441,vae_candidate_000441,0.7458785911469675,-2037.55908203125,3811.483154296875,4240.866598274618,-1.043867158464321,-0.012399317123724411,5.501648387256958,33,8261.425061053656,2499.1348762188913,1.5983403997773287,-2.1101248122491962,6387.128748377452,0.4441882293661742,0.5269745662776008,0.951479900513359,0.8580537377506938,1.0,0.19979254997216608,0.9449679083774117,0.7857142857142857,0.0,0.06824929459600731,0.0,astern_vae,astern,False,0.06650432199239731,0.8462117910385132,2.132530689239502,1.4570411443710327,vae_candidate_pool_v1,belief_limited_heuristic_v1,311
VAE000258,vae_candidate_000258,0.7458111524647912,-2089.938232421875,-3923.774658203125,4393.473462621678,1.0669951050250517,-0.07941350270453293,4.95113812297086,31,8127.211582245464,2647.0763396593834,1.4409657603093062,1.9951840458602084,5758.741045010378,0.2950632891423648,0.4717921646486529,0.9783918698645089,0.9112910183231842,1.0,0.18012072003866328,0.9887332915680828,0.7380952380952381,0.0,0.06624229893821365,0.0,astern_vae,astern,False,0.09655559062957764,1.2722935676574707,2.4437272548675537,1.7202088832855225,vae_candidate_pool_v1,belief_limited_heuristic_v1,312
VAE000547,vae_candidate_000547,0.745616913616049,3208.5966796875,1292.337158203125,3500.449568482715,-2.771883108226839,0.00104102237552399,5.012153558342845,35,8233.840739504272,2384.2259375461363,1.7828638269501331,-0.3686685229874302,8539.804942877994,0.2996959639247754,0.7953917935395856,0.9777131468866694,0.360373739361405,1.0,0.22285797836876664,0.9386724376334913,0.8333333333333334,0.0,0.07108449413382827,0.0,ahead_vae,ahead,False,0.06531262397766113,2.325792074203491,1.885072946548462,1.4639843702316284,vae_candidate_pool_v1,belief_limited_heuristic_v1,313
VAE000762,vae_candidate_000762,0.7454529320192458,2505.880615234375,-279.7817077636719,2440.7535643508795,3.0291281268794368,-0.032990453010269434,4.203610688643544,38,8250.421883336687,2176.1661461081812,2.1164859514506373,0.07947407370008744,8397.147017629688,0.592553780958345,0.9996860884096113,0.9147585734232266,0.07939043870805705,1.0,0.26456074393132967,0.9415009680910977,0.9047619047619048,0.0,0.07817901672353862,0.0,ahead_vae,ahead,False,0.10869209468364716,1.3575258255004883,2.930375576019287,1.6276278495788574,vae_candidate_pool_v1,belief_limited_heuristic_v1,314
VAE000595,vae_candidate_000595,0.7453137933174165,3332.728271484375,734.9865112304688,3289.7835502992107,-2.8977083295624975,-0.030167152713115968,4.976353654502575,34,8207.33352868668,2541.1306349612523,1.6302336097155539,-0.27405147674041164,8588.771167101442,0.0445865635039131,0.860998491381168,0.9995030919164285,0.2706339322525466,1.0,0.20377920121444423,0.8497174676711415,0.8095238095238095,0.0,0.06942495982065137,0.0,ahead_vae,ahead,False,0.052050214260816574,1.140479564666748,1.4974002838134766,1.3665611743927002,vae_candidate_pool_v1,belief_limited_heuristic_v1,315
VAE001037,vae_candidate_001037,0.7452376714214809,3324.7998046875,1539.8017578125,3640.3072138545267,-2.709473050979074,0.027595447686630324,4.968640296201903,35,8214.50667846037,2411.975117582645,1.7665003755250488,-0.40452415492408894,8500.820538400307,0.17004071342300797,0.7476609582065813,0.9927889390500877,0.3935813654287911,1.0,0.2208125469406311,0.991780103043006,0.8333333333333334,0.0,0.0704016011018521,0.0,ahead_vae,ahead,False,0.09519468992948532,1.5266644954681396,2.9731767177581787,1.6798295974731445,vae_candidate_pool_v1,belief_limited_heuristic_v1,316
VAE001144,vae_candidate_001144,0.7450648717823137,-1509.848876953125,-544.305908203125,1504.569061248253,0.3895445126514926,0.06458996459053987,5.358054946472883,32,8287.612594051761,2505.219161901793,1.5412561116592518,2.8166381055288405,8653.712948549086,0.026360326687503488,0.8593591439495879,0.9998262933531636,0.31926571296413403,1.0,0.19265701395740648,0.8472122671014146,0.7619047619047619,0.0,0.0843634873749592,0.0,astern_vae,astern,False,0.05173239856958389,1.517646074295044,2.026930809020996,1.0736221075057983,vae_candidate_pool_v1,belief_limited_heuristic_v1,317
VAE000233,vae_candidate_000233,0.7449276047024689,3248.03662109375,-2092.903564453125,3742.8647623079673,2.565112269749987,0.013851789819129143,5.060547420770213,35,8241.97931052158,2495.3257840391752,1.701802942325955,0.5903321736589355,8236.063000423379,0.2805649848692138,0.7111401308472406,0.980449574085438,0.5566370088191893,1.0,0.21272536779074439,0.7961251220275062,0.8333333333333334,0.0,0.06904127455394757,0.0,ahead_vae,ahead,False,0.04559739679098129,1.2919931411743164,2.9685568809509277,1.9039225578308105,vae_candidate_pool_v1,belief_limited_heuristic_v1,318
VAE000331,vae_candidate_000331,0.7447850330762795,1781.836669921875,-3931.06982421875,4304.441029501195,2.0499343378412247,-0.01057988240770506,5.279826508288452,32,8184.600395901244,2551.43477844012,1.5323854755058675,1.0810784333408636,6101.400830633578,0.2953656181716864,0.5037810441282111,0.9783478892999464,0.8824655901422807,1.0,0.19154818443823343,0.9015761000701389,0.7619047619047619,0.0,0.06750365380373419,0.0,ahead_vae,ahead,False,0.05917657911777496,2.1291322708129883,1.4748374223709106,1.5487149953842163,vae_candidate_pool_v1,belief_limited_heuristic_v1,319
VAE000418,vae_candidate_000418,0.7445775674836388,-1222.0986328125,-711.3223266601562,1339.09514504035,0.5065409238517001,-0.004307433708406272,4.894446722103382,37,8314.994844860452,2561.9304914920726,1.736890329594832,2.630744296029687,8505.992400880188,0.5378223315788024,0.8083472587532898,0.9294131322314169,0.488917470522051,1.0,0.217111291199354,0.7823859090316329,0.8809523809523809,0.0,0.08807768207417639,0.0,astern_vae,astern,False,0.0440358892083168,0.9333733916282654,2.571443557739258,1.6859545707702637,vae_candidate_pool_v1,belief_limited_heuristic_v1,320
VAE000958,vae_candidate_000958,0.7444765190147808,-1513.474853515625,-649.9833374023438,1637.812204695374,0.4449546363858981,0.02306842930652976,4.979263558563213,35,8267.003111652044,2521.781218271683,1.678852483239356,2.719706446510425,8574.761384367544,0.7538385255405555,0.8959983749838271,0.8645334985311375,0.40948200150143976,1.0,0.2098565604049195,0.8332486995983686,0.8333333333333334,0.0,0.08152661503137106,0.0,astern_vae,astern,False,0.04999406635761261,0.7259054183959961,2.8392281532287598,1.403469443321228,vae_candidate_pool_v1,belief_limited_heuristic_v1,321
VAE000100,vae_candidate_000100,0.7440869567822477,2853.250732421875,477.4000244140625,2867.2485089538077,-2.989303432901426,0.016663067110026453,5.214316575292922,38,8101.855092251254,2409.8936327700135,1.9462617663247708,-0.1356261535783408,8353.298148808039,0.6126043703817059,0.959569490626709,0.9090766403780677,0.13521074099682454,1.0,0.24328272079059635,0.9602097220319461,0.9047619047619048,0.0,0.07252823123406395,0.0,ahead_vae,ahead,False,0.06968198716640472,0.7281860113143921,2.5888710021972656,1.2639615535736084,vae_candidate_pool_v1,belief_limited_heuristic_v1,322
VAE000346,vae_candidate_000346,0.7433986468953351,2847.95458984375,-2956.050048828125,4096.688056906657,2.3831807926139574,-0.031233414528171025,4.3787599237749335,37,8172.880622430324,2427.0375694510562,1.8653059243286834,0.7271784464476643,7718.983586597766,0.3058349904759461,0.5803132621605653,0.9767979390701031,0.6647644337837874,1.0,0.23316324054108542,0.9894995047393287,0.8809523809523809,0.0,0.06946697564394894,0.0,ahead_vae,ahead,False,0.07830049097537994,0.8814879059791565,2.9265663623809814,1.889591932296753,vae_candidate_pool_v1,belief_limited_heuristic_v1,323
VAE000086,vae_candidate_000086,0.743165652923278,-1949.15625,-196.97781372070312,1815.626970632335,0.10119708966625773,-0.0012017261162712534,5.261366359282641,33,8212.390547421574,2465.7659468680627,1.6296430728399591,3.039193837807265,8421.423067193893,0.18503548023293032,0.9374852800125518,0.9914648617728468,0.10221995881664792,1.0,0.2037053841049949,0.9977769985898759,0.7857142857142857,0.0,0.07942383300920411,0.0,astern_vae,astern,False,0.08314967155456543,1.451946496963501,2.405017137527466,1.7908753156661987,vae_candidate_pool_v1,belief_limited_heuristic_v1,324
VAE000881,vae_candidate_000881,0.7429452242937664,3030.5771484375,-397.840576171875,2890.4443692527493,3.0003186953050713,-0.012014265715773804,5.051468487540181,33,8201.911757016356,2389.2469685894343,1.6839833908861803,0.12925969256894843,8441.462100869756,0.03781897557816993,0.9555483807031631,0.9996424738879879,0.1289000465251568,1.0,0.21049792386077254,0.8074205283987596,0.7857142857142857,0.0,0.07271343786484828,0.0,ahead_vae,ahead,False,0.046905308961868286,2.105679750442505,1.9528841972351074,1.9119960069656372,vae_candidate_pool_v1,belief_limited_heuristic_v1,325
VAE001217,vae_candidate_001217,0.7414961599206616,2262.018310546875,4025.091796875,4486.038297382841,-2.0990348845244227,0.007128629186416335,5.369834628500294,37,8279.002797039073,2581.900538384291,1.730948659156119,-1.0354291398789541,6444.234810787811,0.08626300441049128,0.43928787191440816,0.9981408268362865,0.8600813643266858,1.0,0.21636858239451487,0.9944861169443225,0.8809523809523809,0.0,0.06688844241129671,0.0,ahead_vae,ahead,False,0.09375543892383575,1.612905740737915,1.5074578523635864,1.2820703983306885,vae_candidate_pool_v1,belief_limited_heuristic_v1,326
VAE000447,vae_candidate_000447,0.7402280875708344,2473.250732421875,-3728.14599609375,4467.1206269281265,2.1364371966305433,0.017898403359276824,5.192998553677051,36,8342.16008110431,2231.4825338983956,1.9338843078486183,1.023053860318526,6249.295939150619,0.14192773532046862,0.44586095090082545,0.9949725771433671,0.8537023325722787,1.0,0.2417355384810773,0.993567326155429,0.8571428571428571,0.0,0.07215443634309736,0.0,ahead_vae,ahead,False,0.08025605231523514,1.476676106452942,1.930567979812622,1.6939092874526978,vae_candidate_pool_v1,belief_limited_heuristic_v1,327
VAE000508,vae_candidate_000508,0.740163367139895,1891.124755859375,4108.154296875,4468.513433810027,-1.9820410829733108,0.030811589604328105,4.447071545511106,36,8222.0766874875,2234.8705035489597,1.959154175081158,-1.1287399810121541,5537.437614391189,0.19232278834381278,0.4453757290512182,0.9907814535734484,0.9038738721177975,1.0,0.24489427188514476,0.8913578920113343,0.8571428571428571,0.0,0.07212163046946056,0.0,ahead_vae,ahead,False,0.05767177417874336,1.1201063394546509,2.936389207839966,1.3126174211502075,vae_candidate_pool_v1,belief_limited_heuristic_v1,328
VAE000129,vae_candidate_000129,0.7399888415703835,3140.918701171875,2443.719482421875,3973.641721517655,-2.4408099668663303,0.03470142309737267,5.155603005632333,38,8205.497241303297,2375.928542602004,1.9491502500667588,-0.6660812636260901,7919.674140494117,0.17830022964940095,0.6261791509735972,0.9920732902663258,0.6179096363473561,1.0,0.24364378125834485,0.8144641342820125,0.9047619047619048,0.0,0.07039005313393848,0.0,ahead_vae,ahead,False,0.04773322492837906,1.139249563217163,2.9449076652526855,1.177299976348877,vae_candidate_pool_v1,belief_limited_heuristic_v1,329
VAE000107,vae_candidate_000107,0.7395688479853402,1096.67138671875,-4588.0166015625,4680.8802286889395,1.772819860555349,-0.01889214123121148,5.261344911038055,38,8141.446413323519,2631.5250658624796,1.7736769280973845,1.3498806518032327,4351.550944803873,0.2299880448243241,0.3740210435619092,0.9868345602235689,0.9756972128244387,1.0,0.22170961601217307,0.9660305066346013,0.9047619047619048,0.0,0.06612419067143922,0.0,starboard_vae,starboard,False,0.07104337960481644,0.7507641911506653,2.0072884559631348,1.2759648561477661,vae_candidate_pool_v1,belief_limited_heuristic_v1,330
VAE000454,vae_candidate_000454,0.738985253821176,1735.18701171875,1260.2598876953125,2220.170421391367,-2.5011004364663454,-0.017275251737810547,5.00802571349514,36,8327.665971757673,2393.6782589030154,1.8059820460748495,-0.6577674688612583,8053.553086398249,1.5296344674426747,0.9939054758950536,0.5205751184614825,0.6113516432359141,1.0,0.22574775575935618,0.9230170742840208,0.8571428571428571,0.0,0.07619589961022806,0.0,ahead_vae,ahead,False,0.11196573078632355,0.8268734812736511,2.498356819152832,1.7143486738204956,vae_candidate_pool_v1,belief_limited_heuristic_v1,331
VAE000915,vae_candidate_000915,0.7386787353424219,2620.432373046875,32.08140563964844,2796.079699472816,-3.1429767645658284,-0.04438521211755612,5.412106195938806,38,8295.816074822844,2396.293497713772,1.9115447632884777,-0.043001101141520816,8391.158887716703,0.05829479176940324,0.9707796282421383,0.9991506698760064,0.04298785018199603,1.0,0.2389430954110597,0.7934895631240423,0.9047619047619048,0.0,0.07294972542860914,0.0,ahead_vae,ahead,False,0.04529547691345215,2.283803939819336,2.4801602363586426,1.273909568786621,vae_candidate_pool_v1,belief_limited_heuristic_v1,332
VAE000067,vae_candidate_000067,0.7382206859104611,3136.110595703125,535.8687133789062,3256.973847906371,-2.953922166956263,-0.0700274808301407,5.088254375666785,33,8250.825142372994,2385.396629386376,1.6767022815863288,-0.25769796746367085,8586.307262526447,0.13055318919520031,0.8703770532088717,0.9957450148966939,0.25485521150448553,1.0,0.2095877851982911,0.7921078875470947,0.7857142857142857,0.0,0.07163046271878999,0.0,ahead_vae,ahead,False,0.1293952614068985,2.3564612865448,1.5173447132110596,1.1970869302749634,vae_candidate_pool_v1,belief_limited_heuristic_v1,333
VAE000790,vae_candidate_000790,0.7380412121840483,-3307.653076171875,-1360.1265869140625,3613.3330771007386,0.3590462062559657,0.006463519375196539,5.414787800147741,38,8464.131072400094,2571.3422368454153,1.745988315329154,2.7890099667090245,8831.394458838202,0.1554853529812265,0.7570739376318467,0.9939682427820198,0.3453227667298402,1.0,0.21824853941614425,0.9197453169791294,0.9047619047619048,0.0,0.06824732497176374,0.0,astern_vae,astern,False,0.062025707215070724,1.3325170278549194,1.854007363319397,1.5007017850875854,vae_candidate_pool_v1,belief_limited_heuristic_v1,334
VAE000857,vae_candidate_000857,0.7379456372269084,-2354.30224609375,-218.35299682617188,2406.141377777515,0.0979451929476325,0.02854508806923783,5.341545165515489,34,8229.829017557342,2547.9398566513905,1.621432718219539,3.072192548711399,8386.703384408915,0.4071933901109477,0.999992870248289,0.9591179750622938,0.06934440880950986,1.0,0.20267908977744237,0.826813155723833,0.8095238095238095,0.0,0.07294660190502453,0.0,astern_vae,astern,False,0.12532269954681396,2.354185104370117,1.9921984672546387,1.3522632122039795,vae_candidate_pool_v1,belief_limited_heuristic_v1,335
VAE000320,vae_candidate_000320,0.7375972972952056,2953.03662109375,245.54904174804688,2869.7566943386246,-3.085743913282913,0.0032071423381803874,5.195213691081614,36,8395.017381370864,2431.9876552426113,1.7632729087471317,-0.05264159796869953,8511.352788141066,0.4630382460136215,0.9591432783781247,0.9473497701673568,0.05261728848320486,1.0,0.22040911359339146,0.9997658879406587,0.8571428571428571,0.0,0.07213655665516334,0.0,ahead_vae,ahead,False,0.08593114465475082,2.254998207092285,1.5046672821044922,1.9393815994262695,vae_candidate_pool_v1,belief_limited_heuristic_v1,336
VAE000573,vae_candidate_000573,0.7375851113024778,-1746.611572265625,-145.30616760253906,1763.3201940821054,0.07035046854621813,-0.047288788585303825,4.955169484595304,34,8185.717394747653,2614.5169167845916,1.5886590969014573,3.0239533964582717,8436.002544603642,0.3684344960224032,0.9262345141195282,0.966446156648471,0.11736810997476384,1.0,0.19858238711268217,0.9967967938600368,0.8095238095238095,0.0,0.07851223259243484,0.0,astern_vae,astern,False,0.08232349157333374,0.9352751970291138,2.930323600769043,1.913730502128601,vae_candidate_pool_v1,belief_limited_heuristic_v1,337
VAE000611,vae_candidate_000611,0.7374579941669946,2368.737060546875,1054.6236572265625,2551.974437217743,-2.6936623153891683,-0.006591340276328768,4.8451107224460515,32,8286.94960555026,2387.6546992747253,1.6172745813730225,-0.4545216784769536,8493.843238608133,1.2090227177406911,0.9956435002646359,0.676966796706323,0.43903260596652977,1.0,0.2021593226716278,0.887342186505386,0.7619047619047619,0.0,0.07419063371020496,0.0,ahead_vae,ahead,False,0.057096414268016815,2.0599331855773926,2.947113275527954,1.4073063135147095,vae_candidate_pool_v1,belief_limited_heuristic_v1,338
VAE000027,vae_candidate_000027,0.7371233411969232,-640.3912963867188,4625.11181640625,4663.176093578369,-1.4021158270510066,-0.018471030582147996,5.099542497297095,37,8182.589019586237,2538.454151959495,1.78131884102069,-1.7579478571209346,4016.5882649098176,0.2986545130737108,0.3797525036923541,0.9778666214203544,0.9825382093445751,0.9563305392642423,0.22266485512758624,0.9992273205061608,0.8809523809523809,0.0,0.06729335773473892,0.0,port_vae,port,False,0.08484023809432983,1.8518354892730713,2.380859136581421,1.256635308265686,vae_candidate_pool_v1,belief_limited_heuristic_v1,339
VAE000675,vae_candidate_000675,0.7369505050469288,3526.7685546875,2026.2977294921875,3939.384965689423,-2.614550266190091,-0.0211945544110053,4.832623462267125,39,8377.925012657883,2278.046490951623,2.043457243564558,-0.5482369418107076,8337.375845513146,0.025682078801685385,0.6389305218367518,0.9998351167700628,0.5211833670156106,1.0,0.25543215544556974,0.9047333305741733,0.9285714285714286,0.0,0.07197021242119152,0.0,ahead_vae,ahead,False,0.059654515236616135,1.5407249927520752,1.9635217189788818,1.375978946685791,vae_candidate_pool_v1,belief_limited_heuristic_v1,340
VAE000638,vae_candidate_000638,0.73647277867341,-3346.812744140625,-901.6401977539062,3462.6260361569575,0.25887163623716325,0.029192256892347786,5.235337222106027,36,8324.293425747785,2334.6486075655566,1.8523949870794092,2.911913274244978,8637.211368271686,0.00547861939978217,0.8077889461255873,0.9999924962011372,0.22766533426526733,1.0,0.23154937338492615,0.9907316685693247,0.8571428571428571,0.0,0.07190284828548804,0.0,astern_vae,astern,False,0.09568735957145691,0.867695152759552,2.13187313079834,1.524004340171814,vae_candidate_pool_v1,belief_limited_heuristic_v1,341
VAE000986,vae_candidate_000986,0.7356167325690494,47.15008544921875,-4394.66259765625,4456.4701881396895,1.612908880815842,-0.010803775807586947,5.151757815244936,38,8372.067630791089,2338.8261841361636,1.940675491884158,1.5178799969663637,2778.36479877663,0.19138270415043812,0.4495779362830961,0.9908710802450515,0.9986002576871058,0.66151542828015,0.24258443648551975,0.9929243242490969,0.9047619047619048,0.0,0.0703378529097009,0.0,starboard_vae,starboard,False,0.09462009370326996,0.6835775375366211,1.501364827156067,1.2253501415252686,vae_candidate_pool_v1,belief_limited_heuristic_v1,342
VAE000384,vae_candidate_000384,0.7351930788557139,2130.18505859375,3799.46630859375,4438.433142744425,-2.0554054226632914,-0.0028949215527504612,5.103317012567373,37,8196.626353575492,2208.799342441158,2.0436678913948145,-1.0890821524792522,5754.9309726097745,0.17332777801504706,0.45589905208974013,0.9925081547083072,0.8862020499949527,1.0,0.2554584864243518,0.8024524245534629,0.8809523809523809,0.0,0.07263105703398264,0.0,ahead_vae,ahead,False,0.046327169984579086,1.633910059928894,2.4431252479553223,1.4242867231369019,vae_candidate_pool_v1,belief_limited_heuristic_v1,343
VAE000753,vae_candidate_000753,0.7348792628983936,-2424.837158203125,-3655.469970703125,4347.600468492726,0.9949086188184901,0.020940352282164332,5.0463609826340745,36,8232.748996479802,2505.2751113032054,1.7454290593563546,2.1676243870534675,6699.153114370592,0.4437440197190897,0.48819462478517067,0.951575299967724,0.8271224718768774,1.0,0.21817863241954433,0.9605960829323821,0.8571428571428571,0.0,0.06804735779528841,0.0,astern_vae,astern,False,0.06976931542158127,1.415413498878479,2.4607183933258057,1.6472201347351074,vae_candidate_pool_v1,belief_limited_heuristic_v1,344
VAE000497,vae_candidate_000497,0.7346565561583835,2377.21875,-187.39373779296875,2352.2562745407527,3.1139392746937937,0.026566572606575883,4.7488829041901175,39,8114.040840388271,2345.1751570833503,2.0495198681771254,0.05421995150257633,8229.209911130656,0.42209869217175316,0.99956919238556,0.9561155832081558,0.05419338940995496,1.0,0.2561899835221407,0.7225407386821355,0.9285714285714286,0.0,0.07600537425921661,0.0,ahead_vae,ahead,False,0.13701458275318146,0.9445176720619202,2.953827381134033,1.8358027935028076,vae_candidate_pool_v1,belief_limited_heuristic_v1,345
VAE000421,vae_candidate_000421,0.7341688848538587,-1586.59765625,434.5443115234375,1581.9313517118974,-0.23283758961215634,-0.03523874495008984,4.237129495214944,38,8251.150460325669,2513.823350164703,1.8320373949025976,-2.9439938089277264,8584.091982328968,0.24241593326640104,0.8811656021437619,0.9853804335044436,0.19631546824308052,1.0,0.2290046743628247,0.8206810494864029,0.9047619047619048,0.0,0.08266225861856054,0.0,astern_vae,astern,False,0.04847254604101181,2.0472607612609863,2.453277587890625,1.5573866367340088,vae_candidate_pool_v1,belief_limited_heuristic_v1,346
VAE001051,vae_candidate_001051,0.7341649937758605,-3363.25,-1422.1767578125,3767.7630252204567,0.39880430915544895,-0.04512053044156031,5.591358061698753,36,8351.245290188102,2182.1922651797995,1.9754145527163416,2.6976678139927843,8479.007364291843,0.18265693569410438,0.7021250209237304,0.9916822753292032,0.42948718044297546,1.0,0.2469268190895427,0.9244439906318449,0.8571428571428571,0.0,0.07394711572560354,0.0,astern_vae,astern,False,0.06280649453401566,2.3257973194122314,2.951093912124634,1.2838313579559326,vae_candidate_pool_v1,belief_limited_heuristic_v1,347
VAE000166,vae_candidate_000166,0.7341646949033818,2054.988525390625,-1227.878173828125,2438.6216740292793,2.6347583125047533,0.05107098127068431,5.188018167647578,36,8432.4823444366,2423.5792145046266,1.761529177190517,0.5579053223557244,8436.898419816005,1.484758872411078,0.9997180674055082,0.5429656728823058,0.5294103075430414,1.0,0.22019114714881463,0.9546657388448894,0.8571428571428571,0.0,0.07428606980835,0.0,ahead_vae,ahead,False,0.06846990436315536,1.2230923175811768,2.5607855319976807,1.3589019775390625,vae_candidate_pool_v1,belief_limited_heuristic_v1,348
VAE000110,vae_candidate_000110,0.7337108392730388,2857.03955078125,304.28546142578125,2809.129609897457,-3.0033568261001666,0.010556064036145422,5.0801861265306245,36,8571.229905392944,2409.4202920237135,1.7431982965022847,-0.12767976345348106,8808.259193416054,0.7104475029497129,0.968853212421672,0.8790350512653184,0.12733313759763298,1.0,0.2178997870627856,0.956036738538905,0.8571428571428571,0.0,0.07264733874103808,0.0,ahead_vae,ahead,False,0.0687628984451294,1.0433496236801147,2.9197447299957275,1.9360809326171875,vae_candidate_pool_v1,belief_limited_heuristic_v1,349
VAE000269,vae_candidate_000269,0.7336442450969193,-3037.621826171875,-383.6407775878906,3154.004258710834,0.14247259177033775,-0.04833808878860553,4.981502974034762,34,8262.343203338636,2782.8737893224934,1.478707160168972,2.95078197303085,8640.174070526482,0.2922467015453494,0.8981024257697815,0.97879950414988,0.18965492457220107,1.0,0.1848383950211215,0.8153206382616812,0.8095238095238095,0.0,0.06707651211881695,0.0,astern_vae,astern,False,0.04783459007740021,1.859520435333252,1.842123031616211,1.780347228050232,vae_candidate_pool_v1,belief_limited_heuristic_v1,350
VAE000723,vae_candidate_000723,0.7329892522062273,-1246.357666015625,-935.7354736328125,1584.017738134348,0.6487516202613365,-0.0030016133244953926,4.83027389529325,35,8357.140988280731,2393.8982577308407,1.7494624556648346,2.4898394200039617,8096.200786650583,1.1907161432819375,0.8817336725266672,0.6854974659066735,0.6065811957545346,1.0,0.21868280695810433,0.8399002819323442,0.8333333333333334,0.0,0.08400383518146322,0.0,astern_vae,astern,False,0.050815384835004807,0.6194729804992676,1.9549262523651123,1.6451623439788818,vae_candidate_pool_v1,belief_limited_heuristic_v1,351
VAE000887,vae_candidate_000887,0.7328331145090877,-1674.671875,194.62506103515625,1657.988263747518,-0.13667429082377358,0.015415779930276222,4.544567877285477,37,8190.074659023553,2199.2025850515242,2.0542279124050733,-2.989502582835743,8428.722087099852,0.41312252276540556,0.9011535060608306,0.9579358435548229,0.151504406079089,1.0,0.25677848905063416,0.9150380841206142,0.8809523809523809,0.0,0.08546712247819269,0.0,astern_vae,astern,False,0.06126316636800766,2.1908276081085205,1.5174673795700073,1.7994565963745117,vae_candidate_pool_v1,belief_limited_heuristic_v1,352
VAE001082,vae_candidate_001082,0.7327657129235221,2382.316162109375,3769.705078125,4469.544172983395,-2.128491007446605,0.06143228334232735,5.302115727810664,38,8156.312469764211,2473.3643638388735,1.8836562117165303,-0.9516693628008609,6747.5789454099495,0.18832721398420846,0.4450167731338383,0.9911593907800973,0.8143854110482246,1.0,0.2354570264645663,0.962534777245676,0.9047619047619048,0.0,0.06837090303657754,0.0,ahead_vae,ahead,False,0.07021372020244598,1.0695033073425293,2.0422146320343018,1.9171111583709717,vae_candidate_pool_v1,belief_limited_heuristic_v1,353
VAE000744,vae_candidate_000744,0.732690887375391,-2101.47607421875,-3822.946533203125,4342.188038597793,1.0595289393007865,0.029510107119447522,4.736520865210423,34,8237.499434549194,2233.4735496240546,1.8480031435241728,2.1115738214084545,6155.463220740005,0.47358950673524147,0.49014141917557963,0.9449684547944186,0.8573086841984269,1.0,0.2310003929405216,0.9148760895665805,0.8095238095238095,0.0,0.07227381666003883,0.0,astern_vae,astern,False,0.06123725324869156,1.894805908203125,2.9478583335876465,1.7018860578536987,vae_candidate_pool_v1,belief_limited_heuristic_v1,354
VAE001159,vae_candidate_001159,0.7325906820250947,3431.08984375,868.1964111328125,3522.503089582626,-2.9009979451808343,-0.0497320206862669,4.743350540997607,36,8236.270233513756,2606.1943813332846,1.6771237502095506,-0.2903267290952257,8637.648587300499,0.04105489904283521,0.7880547216246526,0.9995786829987833,0.2862652959907452,1.0,0.20964046877619383,0.8879938035214672,0.8571428571428571,0.0,0.06806814746724853,0.0,ahead_vae,ahead,False,0.057189203798770905,2.2415363788604736,1.4955966472625732,1.7973957061767578,vae_candidate_pool_v1,belief_limited_heuristic_v1,355
VAE000914,vae_candidate_000914,0.7322875872796636,-1070.07763671875,4454.943359375,4537.18908131005,-1.332049135065156,0.01526380158174031,4.9678789812826105,39,8155.778821090315,2490.8248929842607,1.9197999240758672,-1.7942797169428968,4236.428139126243,0.5921772136168558,0.4217105343541234,0.9148636969129442,0.9751313511816826,1.0,0.2399749905094834,0.8909731725489755,0.9285714285714286,0.0,0.06806050876153201,0.0,port_vae,port,False,0.057616282254457474,1.2822597026824951,2.033726930618286,1.071864366531372,vae_candidate_pool_v1,belief_limited_heuristic_v1,356
VAE000987,vae_candidate_000987,0.7320911560926908,-1504.561279296875,-165.753173828125,1575.782528261935,0.12922379162439934,0.011956665972770607,4.7213391899941195,36,8184.310245405186,2400.0743278913965,1.8327183373194338,3.024325527938165,8408.906307898873,0.1537442430719832,0.87948514182884,0.9941023077961768,0.11699854237133021,1.0,0.22908979216492922,0.9893839610176846,0.8571428571428571,0.0,0.08412235183995896,0.0,astern_vae,astern,False,0.07825103402137756,2.0786144733428955,2.456503391265869,1.6212575435638428,vae_candidate_pool_v1,belief_limited_heuristic_v1,357
VAE001104,vae_candidate_001104,0.7317930812345992,3510.804443359375,-1276.9656982421875,3735.5396881116494,2.780684629831909,0.003970059300737436,5.080450176678079,38,8365.442205394495,2507.3117851132897,1.8117002801895574,0.36487808305862246,8709.419946930093,0.2317388217456089,0.713782498865073,0.9866342554946906,0.3568354063125634,1.0,0.22646253502369468,0.9955916575765374,0.9047619047619048,0.0,0.06886305193081889,0.0,ahead_vae,ahead,False,0.08146597445011139,0.7581598162651062,2.5290348529815674,1.924966812133789,vae_candidate_pool_v1,belief_limited_heuristic_v1,358
VAE001111,vae_candidate_001111,0.731733865361907,122.97686767578125,-483.8500671386719,689.5443443452731,1.800824551387392,0.061740602865916476,4.749518296837202,36,8499.492568337826,2342.39797315742,1.8082098000427305,1.4025087050683178,3732.9244530627434,0.3980322959320149,0.575190179273668,0.9609127352280034,0.9858730259619034,0.8887915364435103,0.2260262250053413,0.8456018225082486,0.8571428571428571,1.0,0.13443666800083495,0.13443666800083495,inside_convoy_envelope,inside,True,0.05152909457683563,1.072403907775879,2.9743571281433105,1.5973137617111206,vae_candidate_pool_v1,belief_limited_heuristic_v1,359
VAE000758,vae_candidate_000758,0.7311491485409312,1871.100341796875,-4288.93994140625,4600.607532408786,1.9782070166731747,-0.008993393851788153,4.715189229141019,35,8414.566371131858,2405.4368119370306,1.7291885495833117,1.1543922430648312,5603.367524886817,0.21028439704426072,0.4003407469375323,0.9889857948965968,0.9145493062058618,1.0,0.21614856869791396,0.9559801272330255,0.8333333333333334,0.0,0.06915433739065559,0.0,ahead_vae,ahead,False,0.06875071674585342,1.1783900260925293,2.0040295124053955,1.4900023937225342,vae_candidate_pool_v1,belief_limited_heuristic_v1,360
VAE000994,vae_candidate_000994,0.7310404422096319,-473.79669189453125,-4312.71435546875,4335.941079301296,1.4670400476865137,0.003778458061145192,5.187930731169293,34,8196.51519965938,2388.4049708074785,1.7367675739435553,1.678331063964425,3254.3212099417556,0.5151235971727265,0.4923912585709262,0.9351159198680005,0.9942237096543025,0.7748383833194656,0.2170959467429444,0.8898382222545105,0.8095238095238095,0.0,0.06973950493784162,0.0,starboard_vae,starboard,False,0.05745304003357887,2.039217710494995,1.4825937747955322,1.0585309267044067,vae_candidate_pool_v1,belief_limited_heuristic_v1,361
VAE001213,vae_candidate_001213,0.7306675853364151,1977.425537109375,-885.556884765625,2197.5877149951816,2.737384714605116,0.041601599979575736,4.596139388397523,33,8328.07536338838,2475.248227704847,1.6008496119546807,0.4458095389642527,8581.40349391264,1.2391822698667465,0.9922849746709163,0.6627847859178406,0.4311884376732902,1.0,0.20010620149433508,0.8670099131738549,0.7857142857142857,0.0,0.07529747403017072,0.0,ahead_vae,ahead,False,0.054300423711538315,0.8837065696716309,2.9616599082946777,1.3086118698120117,vae_candidate_pool_v1,belief_limited_heuristic_v1,362
VAE001123,vae_candidate_001123,0.7305770634855757,975.542236328125,4504.10205078125,4611.208907104685,-1.829276056733484,-0.008728375402485116,5.0353480220283275,34,8127.715215830607,2559.520771864131,1.6343752632456188,-1.3210449722587942,4488.979611899852,0.3211883952541481,0.39681675214200074,0.9744304592340536,0.9689739076309347,1.0,0.20429690790570235,0.8994544008268102,0.8095238095238095,0.0,0.0670854338357142,0.0,port_vae,port,False,0.05885899439454079,2.0419416427612305,1.9232341051101685,1.2863332033157349,vae_candidate_pool_v1,belief_limited_heuristic_v1,363
VAE000478,vae_candidate_000478,0.7298328831664832,-3198.77197265625,2071.556640625,3824.3987310078323,-0.5885357796872236,-0.03817079638201053,5.335244982393653,34,8248.617866823903,2502.170820375982,1.6473306439889326,-2.5912276702845802,8339.206143755257,0.3374720306142462,0.6814467333114461,0.9717973486968705,0.5229983513272696,1.0,0.20591633049861657,0.8402536727125623,0.8095238095238095,0.0,0.06880808908916192,0.0,astern_vae,astern,False,0.05085935443639755,0.7132107019424438,2.4603278636932373,1.2806075811386108,vae_candidate_pool_v1,belief_limited_heuristic_v1,364
VAE001085,vae_candidate_001085,0.7296667537104556,1903.224853515625,-943.2794799804688,2100.3781765574863,2.6641508052075213,-0.0266074697558695,4.828384473245845,38,8319.239540835386,2408.030228789451,1.8968720300557078,0.4508343786264029,8537.232239414892,1.3832427879400797,0.9831728193712855,0.5932279484955811,0.4357166964316469,1.0,0.23710900375696348,0.9878060627912832,0.9047619047619048,0.0,0.07699718749128942,0.0,ahead_vae,ahead,False,0.0776003897190094,1.4708619117736816,1.493902325630188,1.7464632987976074,vae_candidate_pool_v1,belief_limited_heuristic_v1,365
VAE001216,vae_candidate_001216,0.7295472525100977,3502.3701171875,-1592.3212890625,3802.6840288792305,2.7004395453887784,-0.004263408470920137,4.736374449069256,34,8298.24678641923,2344.408611229693,1.7476693214375325,0.43688969973009445,8510.783811860094,0.25100940170953434,0.6894008328640968,0.9843310990826057,0.4231233600001899,1.0,0.21845866517969156,0.9931043838039032,0.8095238095238095,0.0,0.07111803906306292,0.0,ahead_vae,ahead,False,0.08000732958316803,1.1384923458099365,2.929138422012329,1.3850504159927368,vae_candidate_pool_v1,belief_limited_heuristic_v1,366
VAE000624,vae_candidate_000624,0.7294623853106307,3247.600341796875,492.6556396484375,3254.2462200857044,-2.952835475100049,-0.04877153589250077,5.057261563906536,35,8186.7804803306335,2646.9453530378273,1.6151390733388185,-0.23752871438224493,8579.745732100764,0.6137226693763023,0.8711453594273083,0.9087548735883323,0.23530144944864265,1.0,0.2018923841673523,0.9469208856620276,0.8333333333333334,0.0,0.06825559283103089,0.0,ahead_vae,ahead,False,0.06688647717237473,2.306666135787964,1.523152232170105,1.1847140789031982,vae_candidate_pool_v1,belief_limited_heuristic_v1,367
VAE000819,vae_candidate_000819,0.7294468428462462,3440.408447265625,2506.9892578125,4159.647073465306,-2.4684766857165346,0.0074596194453039315,4.726713546309005,34,8182.074565404026,2297.1447369065904,1.8089523378017323,-0.6656563484279546,7853.9569281351405,0.019563239065236715,0.5569260348318346,0.9999043229708395,0.6175754913734006,1.0,0.22611904222521653,0.9989292660817768,0.8095238095238095,0.0,0.0714013093771871,0.0,ahead_vae,ahead,False,0.0901227667927742,1.282271146774292,2.8922879695892334,1.5497992038726807,vae_candidate_pool_v1,belief_limited_heuristic_v1,368
VAE000896,vae_candidate_000896,0.729223989882623,-1076.971923828125,-1113.2486572265625,1543.551754436446,0.8098454551582044,-0.001152933967450261,4.562594139219878,36,8186.512618293775,2398.3879408019193,1.8335135902109971,2.3305942644641386,7377.436754328578,1.3736436828222822,0.8705252403036089,0.5979389653696191,0.7249752010156342,1.0,0.22918919877637464,0.8064470926046537,0.8571428571428571,1.0,0.08478660608549081,0.08478660608549081,inside_convoy_envelope,inside,True,0.04679166153073311,1.0637856721878052,1.508838415145874,1.048539638519287,vae_candidate_pool_v1,belief_limited_heuristic_v1,369
VAE000338,vae_candidate_000338,0.7290907941023852,-359.906494140625,4721.849609375,4640.182709143716,-1.4795968845211984,-0.040114919789791384,5.2840868368096805,36,8332.822578268895,2435.6315311276144,1.773776015148938,-1.7021106888583861,3505.7396325995433,0.2365676235314618,0.38725907888531885,0.9860740681948101,0.9913906510795757,0.8346999125237008,0.22172200189361724,0.9999956041060373,0.8571428571428571,0.0,0.06869241627096441,0.0,port_vae,port,False,0.08708349615335464,2.193999767303467,1.4911701679229736,1.303333044052124,vae_candidate_pool_v1,belief_limited_heuristic_v1,370
VAE001211,vae_candidate_001211,0.7290888688817513,-1638.0478515625,-484.82257080078125,1698.413376663204,0.29733983469353276,0.015254515298034179,5.383834553467499,35,8110.103041025199,2290.6559688484663,1.8840039300920295,2.8595073341942947,8427.192976829154,0.8620499122688026,0.911149786441236,0.8254412938340756,0.2783591537833522,1.0,0.23550049126150369,0.9823955156841422,0.8333333333333334,0.0,0.0834570501757268,0.0,astern_vae,astern,False,0.09889659285545349,0.8727222084999084,2.0042972564697266,1.0682342052459717,vae_candidate_pool_v1,belief_limited_heuristic_v1,371
VAE000011,vae_candidate_000011,0.729056046241424,614.6226196289062,4504.19580078125,4488.291391081851,-1.7056412349865826,-0.010505742703690849,5.313947690171088,40,8246.970977796442,2174.8152467124346,2.230196634518971,-1.4464571613069013,3180.8066474515067,0.31339674586310173,0.4385075504930717,0.9756459356329308,0.9922798399424583,0.7573349160598826,0.2787745793148714,0.8436753416654104,0.9523809523809523,0.0,0.07320686216672354,0.0,port_vae,port,False,0.05128689855337143,1.5397061109542847,2.023693084716797,1.0849088430404663,vae_candidate_pool_v1,belief_limited_heuristic_v1,372
VAE000222,vae_candidate_000222,0.7288717287447068,3123.681884765625,-2509.35791015625,3985.3776940474145,2.4474037006251077,-0.007810276676644849,4.443668481836899,35,8160.073707847805,2591.203076797809,1.6552839803634887,0.6863786762880404,7954.342120008719,0.36196640317455886,0.6218060112244875,0.967601150759398,0.6337400830794067,1.0,0.20691049754543608,0.7935634890464683,0.8333333333333334,0.0,0.06743727536500808,0.0,ahead_vae,ahead,False,0.04530392959713936,0.8078140616416931,2.9545788764953613,1.8920263051986694,vae_candidate_pool_v1,belief_limited_heuristic_v1,373
VAE000590,vae_candidate_000590,0.7288620647167686,442.4372863769531,4472.29638671875,4451.6332272382515,-1.6295556840312264,-0.015062397637313513,5.460326938095917,35,8390.44555461636,2295.061751556999,1.817559535751673,-1.5270993671958801,2659.3912708403645,0.17347760878765373,0.45126985378821866,0.9924952291816973,0.9990454397637772,0.6331883978191344,0.22719494196895912,0.9929281286562719,0.8333333333333334,0.0,0.0710552235991232,0.0,port_vae,port,False,0.07991481572389603,1.3167694807052612,1.8421123027801514,1.909603476524353,vae_candidate_pool_v1,belief_limited_heuristic_v1,374
VAE000153,vae_candidate_000153,0.7285265625552033,-1281.423095703125,-2387.936279296875,2670.627192311981,1.0531169410825765,0.007754244034991176,5.452360886015859,33,8317.341447394538,2491.658567417067,1.592358603005616,2.0962299565422087,6327.430294231082,1.8552014845922917,0.9862505825905373,0.3597067228321257,0.8651065194056987,1.0,0.199044825375702,0.7831263816290573,0.7857142857142857,0.0,0.07218960510580463,0.0,astern_vae,astern,False,0.04411929100751877,1.1299631595611572,2.5262105464935303,1.0796318054199219,vae_candidate_pool_v1,belief_limited_heuristic_v1,375
VAE000494,vae_candidate_000494,0.7284629192094556,2860.561767578125,266.5049743652344,2967.4186085874753,-3.0496084190078423,0.003111497283344691,4.832016333084261,35,8373.975010763907,2163.7931068017115,1.9316153629454058,-0.08887273729860613,8532.975593658433,0.5919995305497703,0.9409523891015326,0.9149132789393573,0.08875579196222572,1.0,0.24145192036817573,0.983718082374848,0.8333333333333334,0.0,0.07612507057736356,0.0,ahead_vae,ahead,False,0.07608547806739807,1.7178398370742798,2.9417595863342285,1.264885663986206,vae_candidate_pool_v1,belief_limited_heuristic_v1,376
VAE000329,vae_candidate_000329,0.7282320783846397,3249.05419921875,2620.465087890625,4209.235182066907,-2.4545763551446447,0.022541936945060913,5.221302618734059,42,8229.093797757416,2296.3759080941327,2.2225641040159068,-0.6644743615000875,7894.329919969836,0.2466122047619006,0.5386025817827286,0.9848725069439783,0.6166454137432118,1.0,0.27782051300198835,0.9350976821687101,1.0,0.0,0.07134149364042246,0.0,ahead_vae,ahead,False,0.06466052681207657,1.8274238109588623,2.9243063926696777,1.5218278169631958,vae_candidate_pool_v1,belief_limited_heuristic_v1,377
VAE000639,vae_candidate_000639,0.7281663874821935,3605.78857421875,1820.755615234375,3945.8974307682975,-2.6760557702357173,-0.02321684107839473,4.9866958608375285,37,8269.206018627568,2265.9466654015673,1.9746413564697134,-0.48875372443247056,8364.957282765878,0.11851970392537625,0.6365083008025816,0.9964923787703897,0.46952589308302783,1.0,0.24683016955871417,0.9685362555853556,0.8809523809523809,0.0,0.07219304509136262,0.0,ahead_vae,ahead,False,0.07166323810815811,0.7846894264221191,1.9868032932281494,1.8050175905227661,vae_candidate_pool_v1,belief_limited_heuristic_v1,378
VAE001148,vae_candidate_001148,0.7280861043901055,2944.16064453125,63.015174865722656,3011.5315462385233,-3.1038467175133078,0.01458450724608227,4.257680783439014,39,8365.25301663557,2525.755492290359,1.8458407084596073,-0.023161428830403084,8421.504215285571,0.06211536083586136,0.9317470384575113,0.9990357305850524,0.023159358054305773,1.0,0.23073008855745092,0.8335529376184129,0.9285714285714286,0.0,0.07039765592686195,0.0,ahead_vae,ahead,False,0.050031378865242004,2.196998119354248,1.5026288032531738,1.8884884119033813,vae_candidate_pool_v1,belief_limited_heuristic_v1,379
VAE000776,vae_candidate_000776,0.7273079260251071,2515.64306640625,567.9261474609375,2697.4055884512604,-2.93771713999168,-0.03504301829777161,5.530071795821788,34,8213.457585929125,2230.6998995777144,1.8557170180828477,-0.23891853189588458,8508.049637367905,1.0469492176199229,0.983418764704108,0.7501075238832057,0.23665201658847884,1.0,0.23196462726035597,0.9941943531763472,0.8095238095238095,0.0,0.07597181355012562,0.0,ahead_vae,ahead,False,0.09392539411783218,0.6948127746582031,1.5054965019226074,1.3902517557144165,vae_candidate_pool_v1,belief_limited_heuristic_v1,380
VAE000335,vae_candidate_000335,0.7272648049505911,-3709.1279296875,-960.8097534179688,3740.7844052834403,0.2722460652129327,-0.08231488062244,5.093789361515326,35,8223.189456914082,2274.1179216454702,1.8716074591086986,2.7870317077544207,8501.224126528296,0.032672166770759375,0.7118910485130733,0.9997331561182234,0.3471786541508998,1.0,0.23395093238858733,0.9820136698471752,0.8333333333333334,0.0,0.0723855724014521,0.0,astern_vae,astern,False,0.09902318567037582,1.2432423830032349,1.4906573295593262,1.1045031547546387,vae_candidate_pool_v1,belief_limited_heuristic_v1,381
VAE000373,vae_candidate_000373,0.727134110861063,2521.68798828125,-532.5208740234375,2560.5147499548743,2.9842456889905256,-0.01978033815914469,5.482347637468777,35,8196.39759039264,2544.0723682352204,1.6784776640939258,0.13756662644012277,8467.839774722588,0.8890071254841376,0.9951413341365309,0.8150916254724745,0.1371331384598485,1.0,0.20980970801174073,0.9646374005197822,0.8333333333333334,0.0,0.07211023624323977,0.0,ahead_vae,ahead,False,0.07070812582969666,2.17379093170166,2.9493818283081055,1.2344191074371338,vae_candidate_pool_v1,belief_limited_heuristic_v1,382
VAE000943,vae_candidate_000943,0.7269812544857992,3090.0107421875,-2674.907958984375,4055.4642511948646,2.4289564648775075,0.0038968936305166764,4.979919474463036,33,8214.536968747752,2345.545483147454,1.7127224583853413,0.7165330823428022,7734.971413250142,0.27035163249583594,0.5956722800004288,0.9818385226720492,0.6567742658966935,1.0,0.21409030729816766,0.811342859861989,0.7857142857142857,0.0,0.07074430686448942,0.0,ahead_vae,ahead,False,0.04736511409282684,0.7436015009880066,1.485437273979187,1.4481120109558105,vae_candidate_pool_v1,belief_limited_heuristic_v1,383
VAE001153,vae_candidate_001153,0.7268325160042879,727.6295166015625,-4730.775390625,4701.34401590871,1.739072789093844,-0.03734260639886999,5.123804348743385,37,8160.248704813878,2621.446848092643,1.7296461813747142,1.3651772580970791,4232.329790142389,0.3562984275157855,0.3674496226477675,0.9685971888280767,0.9789347748603312,1.0,0.21620577267183927,0.899016338316353,0.8809523809523809,0.0,0.06622081652456076,0.0,starboard_vae,starboard,False,0.058793772011995316,1.263790249824524,2.9636218547821045,1.2586321830749512,vae_candidate_pool_v1,belief_limited_heuristic_v1,384
VAE000662,vae_candidate_000662,0.7260993271302396,108.76239013671875,-4517.9990234375,4438.521007288992,1.6053562493277453,-0.042062705112660644,5.294863865252289,36,8258.028088854322,2402.6881971738862,1.8143820055045938,1.4941736991493875,3027.7713660990125,0.3920701841776071,0.4558681812955461,0.9620600092273259,0.997065922391929,0.7208979443092887,0.22679775068807423,0.9054837060488284,0.8571428571428571,0.0,0.06939677663906495,0.0,starboard_vae,starboard,False,0.059769079089164734,1.923957109451294,1.503765344619751,1.8889023065567017,vae_candidate_pool_v1,belief_limited_heuristic_v1,385
VAE001096,vae_candidate_001096,0.7260966182551309,1109.21630859375,-4787.8359375,4761.767697640783,1.8043994274281174,0.019898202298748714,5.391292594827208,35,8539.755838320903,2323.2298300334123,1.7641293081355207,1.3570914284604243,4081.508929485274,0.22915631296735173,0.3483901660555365,0.9869291950656236,0.9772518814039148,0.9717878403536367,0.2205161635169401,0.9890349110900061,0.8333333333333334,0.0,0.07026614875828852,0.0,starboard_vae,starboard,False,0.0781032145023346,0.7878206372261047,2.564607620239258,1.6561137437820435,vae_candidate_pool_v1,belief_limited_heuristic_v1,386
VAE000712,vae_candidate_000712,0.7257597687841162,-1192.8974609375,-703.9764404296875,1501.4439368605897,0.5161556820263542,0.07805563767331797,4.62806404603466,36,8338.757616087365,2465.4168067074406,1.7510993959400862,2.7034926092367577,8597.11787588447,0.9143897602915749,0.858448862873066,0.8051370575118199,0.4242197092839643,1.0,0.21888742449251078,0.8769470977563167,0.8571428571428571,0.0,0.0848638912682223,0.0,astern_vae,astern,False,0.05564412474632263,0.9673947691917419,2.099470376968384,1.4372875690460205,vae_candidate_pool_v1,belief_limited_heuristic_v1,387
VAE001035,vae_candidate_001035,0.7257270702968268,-1815.00830078125,-970.9210205078125,1916.5615359766582,0.4716419831728911,-0.025503548204647574,4.811419665390916,37,8374.050964048169,2582.425703115696,1.7109538240463595,2.644447122212255,8591.957815086238,1.232453592973918,0.9567816220578671,0.6659621197337346,0.4769185569433069,1.0,0.21386922800579494,0.7608588080338564,0.8809523809523809,0.0,0.076773814163309,0.0,astern_vae,astern,False,0.041644588112831116,1.1529512405395508,1.9861855506896973,1.1972249746322632,vae_candidate_pool_v1,belief_limited_heuristic_v1,388
VAE000481,vae_candidate_000481,0.7256367844187168,2759.865478515625,-170.80206298828125,2689.046332699282,3.0888903726066066,-0.002308618911634652,4.894559905341768,38,8169.20161797491,2355.031186671023,1.9751829099132863,0.05039366207155218,8277.459303735954,0.7800638389866353,0.9843305321735362,0.8554343199591152,0.05037233548436223,1.0,0.24689786373916078,0.991974754414397,0.9047619047619048,0.0,0.07403588132487221,0.0,ahead_vae,ahead,False,0.07943305373191833,0.677170991897583,2.9431838989257812,1.1617424488067627,vae_candidate_pool_v1,belief_limited_heuristic_v1,389
VAE000681,vae_candidate_000681,0.7255909425312648,860.201904296875,-4547.35009765625,4688.027289311049,1.749940231024477,-0.013124973588298998,5.2861508849868155,39,8165.742991837617,2412.964029621905,1.979329294291093,1.3785274489770176,3928.8637258958256,0.3168441814217908,0.37171938724277453,0.9751117023131495,0.9815732101445525,0.9354437442609108,0.24741616178638662,0.8778956092722342,0.9285714285714286,0.0,0.06902453126923222,0.0,starboard_vae,starboard,False,0.05577456206083298,2.2267847061157227,2.012880325317383,1.797877550125122,vae_candidate_pool_v1,belief_limited_heuristic_v1,390
VAE000864,vae_candidate_000864,0.7255541991082655,-3411.150634765625,1948.3798828125,3940.160140834775,-0.5167839507873335,0.013124794806939115,4.855717447890515,35,8460.394709018046,2416.347012902168,1.7120565900699025,-2.6116839079955203,8521.432362948826,0.20996041309325605,0.6386422605075495,0.9890195831202069,0.5054546041535986,1.0,0.21400707375873781,0.9173536953322269,0.8333333333333334,0.0,0.06977275770529427,0.0,astern_vae,astern,False,0.06163593381643295,1.823244571685791,2.4861950874328613,1.126427173614502,vae_candidate_pool_v1,belief_limited_heuristic_v1,391
VAE000181,vae_candidate_000181,0.7255438188213078,-3.8309326171875,-4275.25439453125,4373.776644182378,1.5832203504170015,0.016593385254932723,5.027390043626374,34,8053.868241312226,2602.075706621381,1.622387040480835,1.5749656884277254,2635.6324819158485,0.36541819261027575,0.4788130566565231,0.9669872029648436,0.9999913082243785,0.6275315433132973,0.20279838006010437,0.9473481155673444,0.8095238095238095,0.0,0.06682440864204262,0.0,starboard_vae,starboard,False,0.06697092950344086,1.080582857131958,1.5272514820098877,1.082425832748413,vae_candidate_pool_v1,belief_limited_heuristic_v1,392
VAE000968,vae_candidate_000968,0.7251191403481917,-1473.6513671875,222.33786010742188,1629.27084529638,-0.12497760335744873,0.031294678659189494,5.013701966450082,35,8200.004684375635,2395.2878737072547,1.7819529299392638,-2.9853203715731547,8472.877446489463,0.4959065275244761,0.8937834458999735,0.9397688595263228,0.15563700330721858,1.0,0.22274411624240797,0.9410062129865495,0.8333333333333334,0.0,0.08318380613136063,0.0,astern_vae,astern,False,0.06574761867523193,2.1590962409973145,1.5143611431121826,1.6543270349502563,vae_candidate_pool_v1,belief_limited_heuristic_v1,393
VAE000292,vae_candidate_000292,0.7247167660571057,2841.6142578125,249.39779663085938,2872.182650152051,-3.0792197456091754,-0.023995970252412548,5.256332114362594,32,8212.108836547777,2156.6109959095465,1.8068556853509234,-0.08636887823303022,8367.531001273066,0.5380997981196187,0.9587290500055723,0.9293420472306448,0.08626153897169588,1.0,0.22585696066886543,0.8929967082607575,0.7619047619047619,0.0,0.07661736942212928,0.0,ahead_vae,ahead,False,0.11662386357784271,1.9730454683303833,2.0512514114379883,1.9329079389572144,vae_candidate_pool_v1,belief_limited_heuristic_v1,394
VAE000202,vae_candidate_000202,0.7246039348961272,2238.885498046875,58.880409240722656,2189.5060276004574,-3.065526406944078,-0.015831836652741668,5.005573433780098,36,8177.056319935733,2586.395186645669,1.702200165509842,-0.0918980832984566,8379.902289446423,0.845817326248237,0.9916592298207635,0.8315598622192251,0.09176878740791161,1.0,0.21277502068873025,0.9898568789757675,0.8571428571428571,0.0,0.07407579239872943,0.0,ahead_vae,ahead,False,0.07845517992973328,1.575054407119751,1.4761807918548584,1.0646207332611084,vae_candidate_pool_v1,belief_limited_heuristic_v1,395
VAE000117,vae_candidate_000117,0.7243658185405546,3274.00439453125,1612.6666259765625,3659.618032249236,-2.740004739974539,0.07660662432252108,5.1132966774068045,35,8375.429836655736,2453.192378676786,1.7034497732443568,-0.3249812892927332,8720.314587992065,0.3132134620750584,0.7408689751669173,0.9756741800793991,0.31929105458577534,1.0,0.2129312216555446,0.9788358847486545,0.8333333333333334,0.0,0.06973654290418033,0.0,ahead_vae,ahead,False,0.07450307905673981,1.2540521621704102,2.454575538635254,1.8587108850479126,vae_candidate_pool_v1,belief_limited_heuristic_v1,396
VAE001071,vae_candidate_001071,0.7243375439517915,-478.10400390625,4461.39453125,4587.195843808394,-1.4689920551867295,0.03854845465383693,5.032326027690167,36,8207.396595055077,2563.1779441693316,1.7112691597844045,-1.6340521437492268,3076.871057178894,0.26985448849982907,0.4048191440923744,0.9819048493270004,0.9980000178212808,0.7325883469473556,0.21390864497305057,0.9996151027480258,0.8571428571428571,0.0,0.06704044926304403,0.0,port_vae,port,False,0.08555423468351364,2.2104294300079346,1.4927456378936768,1.7836999893188477,vae_candidate_pool_v1,belief_limited_heuristic_v1,397
VAE000219,vae_candidate_000219,0.7242249854390146,-1427.141357421875,-629.521240234375,1520.50801676884,0.405071473482324,-0.005479007847787566,5.258484488494082,35,8264.850470574624,2441.68424976278,1.7343771451366774,2.731042172259682,8552.562458351187,0.8584405717369912,0.863967225830869,0.8268092377463063,0.39911412545411185,1.0,0.21679714314208468,0.8446849343885534,0.8333333333333334,0.0,0.08473486682513294,0.0,astern_vae,astern,False,0.05141368880867958,2.276498556137085,1.519020915031433,1.777234435081482,vae_candidate_pool_v1,belief_limited_heuristic_v1,398
VAE000509,vae_candidate_000509,0.7232000086373573,253.93609619140625,-4519.82470703125,4454.215840747976,1.6326553101580663,0.0440035033319148,5.044272325005203,37,8427.51009492083,2369.5046479262496,1.8528696930484296,1.552940846763642,2519.5961799246793,0.1001411477479961,0.45036618798123346,0.99749503205228,0.9998405951515911,0.5999038523630189,0.2316087116310537,0.9114340076776005,0.8809523809523809,0.0,0.06984370654042521,0.0,starboard_vae,starboard,False,0.11384136974811554,1.1102278232574463,2.403684616088867,1.146846890449524,vae_candidate_pool_v1,belief_limited_heuristic_v1,399
VAE001179,vae_candidate_001179,0.7227653596721051,-1111.906005859375,-670.4703369140625,1313.8000237865042,0.526673862884178,-0.05247653559086636,5.137149892427287,40,8261.626275789149,2675.594239507386,1.8095650254830693,2.562442255114749,8378.773663960172,1.003308303458881,0.8000905908567375,0.7687577564048239,0.547313079146371,1.0,0.22619562818538366,0.8469402082993849,0.9523809523809523,1.0,0.08783998803485159,0.08783998803485159,inside_convoy_envelope,inside,True,0.051697999238967896,1.9799602031707764,2.963317394256592,1.5217618942260742,vae_candidate_pool_v1,belief_limited_heuristic_v1,400
VAE000409,vae_candidate_000409,0.7227324167646323,-3284.4462890625,2537.139404296875,4246.693567649639,-0.6911954396512685,0.003059710803390284,4.65785845095135,38,8494.594728158449,2404.686017011119,1.860298152768493,-2.447337503135134,8066.90476094091,0.27303707404354777,0.5248384046575374,0.9814781848338268,0.6398131774902852,1.0,0.23253726909606162,0.9672226278728651,0.9047619047619048,0.0,0.06952501498756435,0.0,astern_vae,astern,False,0.07133547216653824,1.960701823234558,1.522392749786377,1.1173107624053955,vae_candidate_pool_v1,belief_limited_heuristic_v1,401
VAE000437,vae_candidate_000437,0.7225181102017411,-918.3162231445312,-1160.4736328125,1470.899779780419,0.8908131095380175,-0.051538550782158354,5.010722549495375,35,8218.347651411432,2457.3377014628677,1.7330803243498099,2.1992409932696177,6819.307915303828,1.4950280442973722,0.8494374698069271,0.5378479038995642,0.8089428472017094,1.0,0.21663504054372623,0.8267213684014025,0.8333333333333334,1.0,0.08567881307054243,0.08567881307054243,inside_convoy_envelope,inside,True,0.049199119210243225,1.1630580425262451,1.5117067098617554,1.0673487186431885,vae_candidate_pool_v1,belief_limited_heuristic_v1,402
VAE000208,vae_candidate_000208,0.721554307230379,2722.48876953125,-451.8807373046875,2647.0056511436424,2.9806808870002888,-0.06559687880035442,4.670402732435368,31,8050.019165097573,2422.3274596346796,1.589761323800088,0.09531488778915012,8244.014354000916,0.7827982235672701,0.9885328349477862,0.854471412145491,0.09517063185296681,1.0,0.198720165475011,0.9703496224507364,0.7380952380952381,0.0,0.07329296910422942,0.0,ahead_vae,ahead,False,0.0721265897154808,2.116325855255127,1.518356204032898,1.1451867818832397,vae_candidate_pool_v1,belief_limited_heuristic_v1,403
VAE001113,vae_candidate_001113,0.7211671110250848,-1660.801513671875,-242.6639404296875,1615.4801434621336,0.10536389109722397,0.04047953065047855,5.206971979448816,37,8232.596887926651,2391.4466391939663,1.8793348993255918,3.076708293143048,8370.332065052518,0.37160831180644943,0.890166992903948,0.965872274839137,0.06483884305004292,1.0,0.23491686241569898,0.992006288631798,0.8809523809523809,0.0,0.08347322018217683,0.0,astern_vae,astern,False,0.07944852113723755,0.739111065864563,2.964412212371826,1.558303952217102,vae_candidate_pool_v1,belief_limited_heuristic_v1,404
VAE000727,vae_candidate_000727,0.7203660762232341,-3518.841552734375,1686.60888671875,3860.7035838095776,-0.42508221195852364,-0.025573700966003646,5.090960719352051,35,8158.299815293495,2649.5277184783363,1.6191978390291393,-2.742084142597273,8546.427435217478,0.002013201223282468,0.6680866344906006,0.9999989867555509,0.38896560393887764,1.0,0.2023997298786424,0.969009263599332,0.8333333333333334,0.0,0.06693962428684103,0.0,astern_vae,astern,False,0.10275007784366608,2.3051915168762207,1.999313235282898,1.400904893875122,vae_candidate_pool_v1,belief_limited_heuristic_v1,405
VAE000895,vae_candidate_000895,0.7198638355625248,-3059.81103515625,3116.5146484375,4400.707762450241,-0.8276111311476462,0.05563283510059726,4.503038101154354,36,8174.461986592872,2183.2013583122025,2.0172026467257136,-2.2583486873415497,6875.0839908153785,0.40222983139990764,0.46922216089469504,0.9600951838251073,0.7728017167194547,1.0,0.2521503308407142,0.9333219041587437,0.8571428571428571,0.0,0.07315252623458168,0.0,astern_vae,astern,False,0.06434258818626404,1.233096957206726,1.4965698719024658,1.1691114902496338,vae_candidate_pool_v1,belief_limited_heuristic_v1,406
VAE000781,vae_candidate_000781,0.7187754087541776,-1412.5390625,278.74298095703125,1494.1466921492251,-0.1943301760603807,0.05939505446171814,5.050406254861886,34,8324.306281891071,2550.131131615767,1.6016527097384337,-2.887867423067694,8697.908464933435,0.7015918974589876,0.8563147747052028,0.8819078450554205,0.2510116563801814,1.0,0.2002065887173042,0.99988394671252,0.8095238095238095,0.0,0.08411534869291479,0.0,astern_vae,astern,False,0.08632633090019226,2.260164260864258,1.5208660364151,1.246835708618164,vae_candidate_pool_v1,belief_limited_heuristic_v1,407
VAE000979,vae_candidate_000979,0.7186813486044675,-194.94964599609375,4715.083984375,4639.98706372521,-1.506631065042627,-0.044115006483326315,4.819417549254575,39,8133.866333903627,2436.863772479917,1.9675977814320555,-1.6790765950304924,3301.6092642929657,0.40845178063297327,0.3873232509585837,0.958868429045069,0.9941434172936754,0.7860974438792775,0.24594972267900694,0.9401207653458555,0.9285714285714286,0.0,0.06872663542423961,0.0,port_vae,port,False,0.06558167934417725,1.1931560039520264,2.3114521503448486,1.5091824531555176,vae_candidate_pool_v1,belief_limited_heuristic_v1,408
VAE001189,vae_candidate_001189,0.717992471465022,-944.1705932617188,-767.77783203125,1378.201520598694,0.6964913628905239,-0.021090205506929204,5.0371424472550075,35,8312.540262802033,2413.9873722334396,1.7442120741901073,2.4240110851923404,7850.005450544707,1.2392702430144533,0.8208892026328504,0.6627431951867881,0.6575645547021594,1.0,0.2180265092737634,0.8667382565254917,0.8333333333333334,1.0,0.08851694121988633,0.08851694121988633,inside_convoy_envelope,inside,True,0.05426424741744995,1.1145899295806885,2.941307783126831,1.6965346336364746,vae_candidate_pool_v1,belief_limited_heuristic_v1,409
VAE000132,vae_candidate_000132,0.7176997505379773,614.7722778320312,4776.69384765625,4732.859364996677,-1.6827851414527701,0.0244989827393712,5.15343261556736,37,8239.775411494971,2223.76971045692,2.0192799781494752,-1.4343085293976519,3324.2289113189768,0.21730474608979258,0.3574436791477184,0.9882410441069687,0.9906999914638046,0.7914830741235659,0.2524099972686844,0.9915595432356974,0.8809523809523809,0.0,0.07207597709467096,0.0,port_vae,port,False,0.0792321264743805,0.825888454914093,2.9383862018585205,1.719472885131836,vae_candidate_pool_v1,belief_limited_heuristic_v1,410
VAE000285,vae_candidate_000285,0.7175475550893905,3531.11083984375,-1581.884765625,3811.216527683768,2.7089389815724942,-0.0032475720907073203,5.235174904430963,41,8161.480904125793,2361.1464778268587,2.1276096810132628,0.4294060999265919,8403.544140472606,0.33933889485738655,0.6862789548825148,0.971487464761861,0.41633089411671903,1.0,0.26595121012665784,0.761856325467764,0.9761904761904762,0.0,0.070877995471517,0.0,ahead_vae,ahead,False,0.04175407066941261,1.4118359088897705,2.5571608543395996,1.1103017330169678,vae_candidate_pool_v1,belief_limited_heuristic_v1,411
VAE000044,vae_candidate_000044,0.7175192716833402,818.165771484375,4782.185546875,4830.922605953907,-1.7707930657679651,0.046328025687749894,4.739405866755523,38,8329.408219464643,2450.865781487782,1.8614437677080415,-1.3244715621340781,4407.940605305138,0.3251548116668608,0.3272319744244025,0.9738006411668119,0.9698151437232262,1.0,0.2326804709635052,0.9181510206964737,0.9047619047619048,0.0,0.06830574358701351,0.0,port_vae,port,False,0.06176532804965973,0.9487776756286621,2.0122320652008057,1.9127711057662964,vae_candidate_pool_v1,belief_limited_heuristic_v1,412
VAE001145,vae_candidate_001145,0.7173875610884278,3746.541748046875,1930.4989013671875,4153.63526561033,-2.649553285409237,-0.005790390233615889,5.066768467562173,42,8334.138746077717,2450.4171125753483,2.0565939192901346,-0.4978297584141718,8492.671815638221,0.012184583037091468,0.5591540968557721,0.9999628844432503,0.47751984489409377,1.0,0.2570742399112668,0.9982103563709102,1.0,0.0,0.06901530748309236,0.0,ahead_vae,ahead,False,0.08357307314872742,2.0778207778930664,1.9482378959655762,1.5620373487472534,vae_candidate_pool_v1,belief_limited_heuristic_v1,413
VAE001109,vae_candidate_001109,0.7172724706052614,3414.568359375,1978.046875,3923.4067935563585,-2.6237584363656645,0.03541997394414023,4.983537880243234,33,8169.645232223369,2423.2067903699713,1.6669411393319757,-0.4824142432799884,8361.477100812259,0.03871260290867573,0.644868695672348,0.99962538038331,0.4639192492373365,1.0,0.20836764241649697,0.8868072868487483,0.7857142857142857,0.0,0.06977064701121934,0.0,ahead_vae,ahead,False,0.0570204071700573,2.171224355697632,2.5491697788238525,1.9158889055252075,vae_candidate_pool_v1,belief_limited_heuristic_v1,414
VAE000109,vae_candidate_000109,0.7167934919934843,3263.592529296875,-2800.79296875,4304.401545954462,2.410995576932917,-0.03668542879363228,4.93209473650771,34,8389.326836748385,2266.6965736275597,1.7879625363020497,0.6939116478632442,7898.960642590775,0.090061392860048,0.5037953660568018,0.9979736066169456,0.6395491475371222,1.0,0.2234953170377562,0.9999354096504228,0.8095238095238095,0.0,0.07169521545477806,0.0,ahead_vae,ahead,False,0.08656510710716248,1.8773155212402344,2.050757646560669,1.4353313446044922,vae_candidate_pool_v1,belief_limited_heuristic_v1,415
VAE000456,vae_candidate_000456,0.7166391427547744,2020.743896484375,-4420.630859375,4716.358382926392,2.0036771536127715,-0.019228103419431892,5.096551558611251,38,8211.2092082747,2298.6260489019073,2.013298431747056,1.1186873965575892,5654.855974714242,0.14238938377908017,0.3626651703226074,0.9949398739142014,0.8995277886580171,1.0,0.251662303968382,0.8632688874341593,0.9047619047619048,0.0,0.07079127871564019,0.0,ahead_vae,ahead,False,0.05380468815565109,1.390815019607544,2.942296266555786,1.8552651405334473,vae_candidate_pool_v1,belief_limited_heuristic_v1,416
VAE000183,vae_candidate_000183,0.716173372862166,161.67782592773438,4590.390625,4466.33076387507,-1.6002125112854728,-0.00862220271342649,4.661531337818668,32,8327.676525570836,2500.8320059181547,1.5365320095745683,-1.5500023450177467,2673.444433448525,0.3208767705065963,0.44613621046956153,0.9744796252919352,0.9997838129508483,0.6365343889163155,0.19206650119682103,0.963577941586864,0.7619047619047619,0.0,0.06795215450718813,0.0,port_vae,port,False,0.070457324385643,2.3359341621398926,2.97383451461792,1.3769900798797607,vae_candidate_pool_v1,belief_limited_heuristic_v1,417
VAE000605,vae_candidate_000605,0.7161259408963837,1070.1123046875,4790.59033203125,4763.694890079487,-1.7754862093505874,-0.024970604508457794,4.765463864634891,38,8346.85540416614,2391.21133942619,1.9038939113211542,-1.3910770487476636,3844.726892733802,0.28205831114249635,0.3477909190717197,0.9802422884885837,0.9838939115531067,0.9154111649366194,0.23798673891514427,0.8778101253929441,0.9047619047619048,0.0,0.06923851894058393,0.0,port_vae,port,False,0.05576279014348984,1.2291966676712036,2.938377857208252,1.6237128973007202,vae_candidate_pool_v1,belief_limited_heuristic_v1,418
VAE001066,vae_candidate_001066,0.7161188122416458,-323.1434326171875,566.12109375,597.536619700952,-1.0396622552784267,-0.024288918728256167,4.753021196331209,39,8341.823396269083,2499.0513168625785,1.8708046536935004,-2.1262193170396224,6522.054045181115,0.31567685049271166,0.5410985142687739,0.9752932308531607,0.8496774723685588,1.0,0.23385058171168754,0.9791638956438214,0.9285714285714286,1.0,0.14907755181425836,0.14907755181425836,inside_convoy_envelope,inside,True,0.09992949664592743,2.3050413131713867,1.5285911560058594,1.191406011581421,vae_candidate_pool_v1,belief_limited_heuristic_v1,419
VAE000010,vae_candidate_000010,0.7150561088949506,-17.41888427734375,536.518310546875,590.8293783408835,-1.521689280353902,-0.03463937968817723,4.670938678507846,36,8148.766938921041,2477.4266413630257,1.7832400128868964,-1.6545427529240684,3150.376734946789,0.17339750289743658,0.5386263669321628,0.9925021410922172,0.9964953171043679,0.7500896987968545,0.22290500161086205,0.9731236182941665,0.8571428571428571,1.0,0.15060117776962625,0.15060117776962625,inside_convoy_envelope,inside,True,0.07286243140697479,2.281564235687256,2.4755561351776123,1.4623152017593384,vae_candidate_pool_v1,belief_limited_heuristic_v1,420
VAE000081,vae_candidate_000081,0.7146755323850721,1602.241455078125,-4491.4521484375,4767.094090583293,1.8997054961045339,-0.022629983678519646,4.751579097264579,33,8237.522418997118,2563.559598420881,1.562693881740892,1.2192571738067397,5243.317258604125,0.05915294329370791,0.3467352859857736,0.9991254873680026,0.9388438281878186,1.0,0.1953367352176115,0.9039300232982443,0.7857142857142857,0.0,0.0668592773359845,0.0,ahead_vae,ahead,False,0.1150006353855133,1.6178207397460938,2.0307793617248535,1.373018503189087,vae_candidate_pool_v1,belief_limited_heuristic_v1,421
VAE000701,vae_candidate_000701,0.7146276829825156,-1371.27734375,-569.3783569335938,1541.8306680293833,0.4014921759953974,0.11955601728288656,4.598121305294739,35,8292.990541720945,2546.25097360459,1.6575081259631559,2.8596564948772825,8673.978875697601,0.7888609854630839,0.8700397567604697,0.852326980806329,0.27821588527312546,1.0,0.20718851574539449,0.8987497317276443,0.8333333333333334,0.0,0.0831183431296074,0.0,astern_vae,astern,False,0.05875413492321968,0.7737537622451782,1.512338399887085,1.430004358291626,vae_candidate_pool_v1,belief_limited_heuristic_v1,422
VAE000991,vae_candidate_000991,0.714547384982545,2418.032958984375,4180.59423828125,4743.829565788783,-2.1197084414783403,-0.002182478161448685,4.7684633508334775,37,8383.213061452283,2422.519518704055,1.8218974799852685,-1.0240666902729016,6427.789313530984,0.10875683070676434,0.3539938249201651,0.9970459014348481,0.8542293372473663,1.0,0.22773718499815856,0.9922505370857456,0.8809523809523809,0.0,0.06877807001926767,0.0,ahead_vae,ahead,False,0.09496356546878815,0.713204026222229,2.596174955368042,1.7265030145645142,vae_candidate_pool_v1,belief_limited_heuristic_v1,423
VAE000013,vae_candidate_000013,0.714220353189518,3464.129150390625,-2820.052978515625,4298.599458863955,2.47767069101444,-0.006527900395356246,4.676239682797482,36,8300.869157161025,2428.2348612626893,1.786027915565182,0.6573940621799965,8054.650263590919,0.15445287536585495,0.5059011569679568,0.9940479240235185,0.6110561018598153,1.0,0.22325348944564774,0.9951373603179023,0.8571428571428571,0.0,0.06916419984300144,0.0,ahead_vae,ahead,False,0.08117372542619705,0.8382363319396973,2.5334417819976807,1.4549025297164917,vae_candidate_pool_v1,belief_limited_heuristic_v1,424
VAE000936,vae_candidate_000936,0.7138779060118982,2262.652099609375,1399.20556640625,2674.382126929597,-2.584051942750913,0.06687651246736348,4.648465579649234,37,8271.057777254504,2346.682628371413,1.906278330367119,-0.49066419837151665,8401.02361342645,1.5421335959614864,0.9858691182850692,0.5143294031699929,0.47121182836536124,1.0,0.23828479129588986,0.9387875505908599,0.8809523809523809,0.0,0.07420163950224554,0.0,ahead_vae,ahead,False,0.06533390283584595,2.162795305252075,2.0509424209594727,1.1005048751831055,vae_candidate_pool_v1,belief_limited_heuristic_v1,425
VAE000483,vae_candidate_000483,0.7137081197854425,-85.59613037109375,4539.57275390625,4555.676098769137,-1.5574318773153268,-0.0414057472305913,5.370847559491628,35,8414.066140098765,2678.0346600901994,1.5532663339959771,-1.6255665235050576,3134.6286036061056,0.15766145154319,0.4154311185897082,0.9937985784524093,0.9985004876822896,0.7463401437157394,0.19415829174949714,0.7989528407180443,0.8333333333333334,0.0,0.06563128891716934,0.0,port_vae,port,False,0.0459226593375206,2.3031363487243652,2.9232962131500244,1.678528904914856,vae_candidate_pool_v1,belief_limited_heuristic_v1,426
VAE000799,vae_candidate_000799,0.7135035587766682,3350.052490234375,-366.4714050292969,3412.9439548730825,3.0153375402342446,0.027249923080771038,5.1045600783809775,36,8265.651568316463,2425.685160363352,1.7955230115015308,0.15350503643632,8539.35184553551,0.3458320614549648,0.8236897526192725,0.9703968632270201,0.1529028860890681,1.0,0.22444037643769135,0.9017833175337836,0.8571428571428571,0.0,0.07066219511461266,0.0,ahead_vae,ahead,False,0.059207748621702194,2.1655433177948,2.9741852283477783,1.921399474143982,vae_candidate_pool_v1,belief_limited_heuristic_v1,427
VAE000616,vae_candidate_000616,0.7132079806562787,1771.7646484375,-1511.02392578125,2296.3434472833483,2.4699990491749646,-0.005950136754695353,5.1001570495945705,38,8228.551580676694,2404.8357561443972,1.920325195955251,0.6656434676601342,7957.060067479439,1.8090422271876003,0.9979709307410118,0.38200078097438483,0.6175653604487339,1.0,0.24004064949440637,0.9420164659300966,0.9047619047619048,0.0,0.07550716816503038,0.0,ahead_vae,ahead,False,0.06593833118677139,0.7252483367919922,2.502680540084839,1.802739143371582,vae_candidate_pool_v1,belief_limited_heuristic_v1,428
VAE000688,vae_candidate_000688,0.7129542851222876,-3216.171630859375,-2937.703369140625,4383.5029128909,0.7190763607205121,-0.012005959444860288,4.740352261023692,37,8234.456924939952,2267.312327284708,1.981779869980758,2.4105103334244213,7643.989054858582,0.17172441310949793,0.4753418991390664,0.9926457807130851,0.6676757615374578,1.0,0.24772248374759476,0.9452439085531982,0.8809523809523809,0.0,0.07163604189006162,0.0,astern_vae,astern,False,0.10797497630119324,2.2197046279907227,1.5104687213897705,1.9331650733947754,vae_candidate_pool_v1,belief_limited_heuristic_v1,429
VAE001029,vae_candidate_001029,0.7127773689676712,-1664.96240234375,-4456.431640625,4862.498865379903,1.1980159009663391,-0.01904129343242368,4.833024055955293,37,8279.44183009923,2310.6623536092306,1.9340343185817939,1.92453545919103,5035.658974126911,0.353469306146587,0.31781207780790405,0.9690887222917032,0.9380840088051123,1.0,0.24175428982272423,0.9960680090776735,0.8809523809523809,0.0,0.0704529410601502,0.0,astern_vae,astern,False,0.09274394810199738,2.112736701965332,1.5055221319198608,1.694475531578064,vae_candidate_pool_v1,belief_limited_heuristic_v1,430
VAE000381,vae_candidate_000381,0.7123045054456595,3538.988037109375,1161.4110107421875,3887.7523339293375,-2.8066395680953153,-0.031984394668043474,4.908013627814267,37,8295.112287222279,2589.1087313243956,1.7227773984781476,-0.3669374801625212,8671.774883402204,0.194010277866409,0.6580901026620729,0.9906194820270675,0.358758469638034,1.0,0.21534717480976845,0.9635367835554627,0.8809523809523809,0.0,0.06757882726584157,0.0,ahead_vae,ahead,False,0.104085274040699,1.4770309925079346,1.897468090057373,1.5616230964660645,vae_candidate_pool_v1,belief_limited_heuristic_v1,431
VAE000145,vae_candidate_000145,0.7122268965193783,-1703.638671875,306.91925048828125,1595.7950501246378,-0.1756568192682858,-0.018646597364130657,4.945296159241339,26,8230.112022269237,2647.942155858268,1.1930512708532035,-2.984582431685638,8542.92291184018,0.4838567648318497,0.8849198989659667,0.9426036783277619,0.1563659084499371,1.0,0.14913140885665044,0.9918288397826115,0.6190476190476191,0.0,0.08102201784291041,0.0,astern_vae,astern,False,0.07936187088489532,2.3288955688476562,1.5359439849853516,1.7770555019378662,vae_candidate_pool_v1,belief_limited_heuristic_v1,432
VAE000389,vae_candidate_000389,0.7120878587414359,3098.97802734375,264.2476806640625,3151.050098389473,-3.0677516125524473,-0.047490341359683164,5.4038577825810705,34,8297.156300903862,2344.9909519848966,1.7474649529811586,-0.12133138239702895,8519.982125652508,0.5889355056121259,0.8988575857482543,0.9157662256926855,0.12103390874015016,1.0,0.21843311912264482,0.8809311440992624,0.8095238095238095,0.0,0.07251547161493929,0.0,ahead_vae,ahead,False,0.0561947226524353,2.064875602722168,2.4531142711639404,1.6527469158172607,vae_candidate_pool_v1,belief_limited_heuristic_v1,433
VAE000264,vae_candidate_000264,0.7110821671578559,2473.4453125,-266.6582946777344,2563.2765445530868,3.0294481806807494,0.032485776548121494,5.1324093578597605,33,8329.812160366337,2529.284685331273,1.5663218900149403,0.14463024945716565,8607.37986826784,0.9881242866569941,0.9949731252521962,0.7751285197587896,0.14412654949585432,1.0,0.19579023625186753,0.9113856753805879,0.7857142857142857,0.0,0.07224365406559517,0.0,ahead_vae,ahead,False,0.0606839582324028,1.8369243144989014,2.9499189853668213,1.818142056465149,vae_candidate_pool_v1,belief_limited_heuristic_v1,434
VAE000655,vae_candidate_000655,0.7110720687177522,3551.912109375,-575.3883056640625,3622.61820523024,2.9703767282320763,0.034030266711336556,5.009874521617944,37,8236.990266020122,2484.5564001540492,1.8079412406748059,0.2052461920690532,8570.475689633584,0.32143437655779067,0.753843874495615,0.9743916174206522,0.20380819078269402,1.0,0.22599265508435074,0.9850746144578085,0.8809523809523809,0.0,0.06941037203691984,0.0,ahead_vae,ahead,False,0.07656505703926086,1.2574537992477417,2.8812851905822754,1.111962914466858,vae_candidate_pool_v1,belief_limited_heuristic_v1,435
VAE000298,vae_candidate_000298,0.7106449900725604,-800.0057983398438,4854.154296875,4853.55247772638,-1.3869145007345396,-0.007647738203280049,5.462324352058525,34,8333.425157317659,2449.8305650657544,1.665402947310822,-1.7623258910585335,3991.3902360615643,0.3691025307400857,0.3204653722947144,0.966325754412281,0.9817142146812364,0.9503310085860868,0.20817536841385276,0.9962797657854683,0.8095238095238095,0.0,0.06830088486865765,0.0,port_vae,port,False,0.08193879574537277,0.7104227542877197,2.988862991333008,1.0792388916015625,vae_candidate_pool_v1,belief_limited_heuristic_v1,436
VAE001180,vae_candidate_001180,0.7100603459969883,632.6014404296875,4593.32763671875,4603.535227678501,-1.6774603836004474,-0.028908240772703646,5.560799532561495,35,8195.84910030567,2461.706179509193,1.7347539091333433,-1.4930405107620495,3090.901202810475,0.1923013338319295,0.3993661339166523,0.9907835038614538,0.9969785393011216,0.7359288578120178,0.2168442386416679,0.8312993983345048,0.8333333333333334,0.0,0.06838935199572524,0.0,port_vae,port,False,0.049755558371543884,0.8336658477783203,2.4546656608581543,1.5200854539871216,vae_candidate_pool_v1,belief_limited_heuristic_v1,437
VAE000935,vae_candidate_000935,0.7099457246127178,2732.537109375,1018.7146606445312,2825.68195291227,-2.7971609081486966,0.03160221962208099,4.652905881207386,32,8235.497205894626,2402.1167630486984,1.6175810116117022,-0.3128295258190156,8575.056814523117,1.228028166791318,0.9663257590339308,0.6680477534298193,0.30775206409018185,1.0,0.20219762645146278,0.9692434495155102,0.7619047619047619,0.0,0.07276395247123442,0.0,ahead_vae,ahead,False,0.07184238731861115,1.0523459911346436,2.8509726524353027,1.7368290424346924,vae_candidate_pool_v1,belief_limited_heuristic_v1,438
VAE000865,vae_candidate_000865,0.7097299011137177,-1309.653076171875,339.0582580566406,1286.8474256129052,-0.25250849790376767,-0.008265775045178262,4.697236528587877,36,8040.07569785667,2253.0651349618765,1.9873237190521382,-2.897349930731204,8346.291912433342,0.3067100538024666,0.7911750445574433,0.9766660203362648,0.2418215924893357,1.0,0.24841546488151728,0.8357610097031299,0.8571428571428571,0.0,0.09330699987828177,0.0,astern_vae,astern,False,0.0503029003739357,2.2296392917633057,1.9624499082565308,1.3931829929351807,vae_candidate_pool_v1,belief_limited_heuristic_v1,439
VAE000438,vae_candidate_000438,0.7093252991646779,-1453.940673828125,-377.5868835449219,1455.9025027961918,0.3112586408865815,0.03328669005484864,5.347206439116333,37,8187.021635082,2808.1497661353797,1.6093685858643667,2.8636207027580607,8643.327187141573,0.8230270120745272,0.8449384375025601,0.8400024489430263,0.27440601389496216,1.0,0.20117107323304584,0.9459604214384728,0.8809523809523809,0.0,0.08273237206434218,0.0,astern_vae,astern,False,0.06669774651527405,1.7992178201675415,1.5171027183532715,1.477370023727417,vae_candidate_pool_v1,belief_limited_heuristic_v1,440
VAE000538,vae_candidate_000538,0.7089304464958404,-1087.939208984375,-4520.66162109375,4691.472202900071,1.3850887656502893,0.054624491991746515,4.618816744977357,37,8319.235652519648,2440.862078178147,1.8221119548570313,1.8111283799312503,4350.896547104212,0.5684758822381307,0.37061248703993466,0.9213612298968927,0.9712589914013404,1.0,0.2277639943571289,0.8225356888073418,0.8809523809523809,0.0,0.06857304857383101,0.0,starboard_vae,starboard,False,0.04869474470615387,0.8425853848457336,2.432877779006958,1.3537579774856567,vae_candidate_pool_v1,belief_limited_heuristic_v1,441
VAE000278,vae_candidate_000278,0.7087804026783545,-3512.396484375,-670.0660400390625,3582.942679454478,0.19627234163336327,-0.0009688425374058848,5.281707403195256,30,8074.7046485974815,2383.642418808548,1.558667583884706,2.9443514694190243,8385.253614789297,0.02977636558852595,0.767568118515683,0.9997783583900217,0.19596475499414645,1.0,0.19483344798558824,0.9846924431942724,0.7142857142857143,0.0,0.07096719233634498,0.0,astern_vae,astern,False,0.0981050580739975,1.648624300956726,2.010021209716797,1.09738028049469,vae_candidate_pool_v1,belief_limited_heuristic_v1,442
VAE001099,vae_candidate_001099,0.7086254665239726,603.123046875,4546.78857421875,4673.048814711589,-1.708221595783475,-0.004701037214637215,5.1555340672942895,35,8317.343199225608,2345.237014658899,1.7943067139094189,-1.4380720950209553,3425.2856015235125,0.3840190710583284,0.3765511079596598,0.9635831917739777,0.9912050612956345,0.8155441908389316,0.22428833923867736,0.8947043659576457,0.8333333333333334,0.0,0.07004103341935142,0.0,port_vae,port,False,0.05815790593624115,1.1325623989105225,2.1215481758117676,1.1363263130187988,vae_candidate_pool_v1,belief_limited_heuristic_v1,443
VAE000851,vae_candidate_000851,0.7085298302011175,2167.3759765625,-4292.22314453125,4748.480695495799,2.0326104350093135,0.011452801531753303,4.795866491752203,32,8466.068504044453,2296.0614952397877,1.6462079112802945,1.1204350201122326,5752.323043835255,0.2076200630166658,0.3525363884729449,0.9892621329249105,0.9002898876285774,1.0,0.20577598891003682,0.9444366596831665,0.7619047619047619,0.0,0.07074476602709241,0.0,ahead_vae,ahead,False,0.06640144437551498,1.3671777248382568,1.954803228378296,1.6729718446731567,vae_candidate_pool_v1,belief_limited_heuristic_v1,444
VAE000792,vae_candidate_000792,0.7083772461703634,3254.2431640625,-2705.61376953125,4379.95908252794,2.4537795457688256,0.0022937194238607447,5.19169104078923,37,8296.148241770032,2350.2970062152044,1.8975903928474327,0.6901068272448285,7894.052167097142,0.13336386586256932,0.47660568862475705,0.9955601063099089,0.636619568676578,1.0,0.2371987991059291,0.9475911813784456,0.8809523809523809,0.0,0.07025496511010203,0.0,ahead_vae,ahead,False,0.10751380771398544,1.2208091020584106,1.9309799671173096,1.2979991436004639,vae_candidate_pool_v1,belief_limited_heuristic_v1,445
VAE001004,vae_candidate_001004,0.7083617915709778,3589.782470703125,710.432861328125,3601.083740610365,-2.950376951580884,0.035639042640043625,5.230784877151337,36,8290.850868572534,2361.6319547599646,1.8386166171043878,-0.15557665936886528,8556.651250958266,0.02988633661436779,0.7613183934295936,0.9997767183411554,0.1549498196968627,1.0,0.22982707713804848,0.9763430873481257,0.8571428571428571,0.0,0.07121026185676917,0.0,ahead_vae,ahead,False,0.10076916217803955,1.3743019104003906,2.0235683917999268,1.6265298128128052,vae_candidate_pool_v1,belief_limited_heuristic_v1,446
VAE000524,vae_candidate_000524,0.7082989586565127,1905.06787109375,-1148.4029541015625,2233.0574626813604,2.596303635309367,-0.033755042349285995,5.0911297569996,36,8187.998343501,2431.407744553783,1.8082853296794341,0.5115339759311406,8330.102212059817,1.6049290830261838,0.9947454584246889,0.48293693554120753,0.48951544106616035,1.0,0.22603566620992926,0.9205645940734767,0.8571428571428571,0.0,0.07562037088688166,0.0,ahead_vae,ahead,False,0.06216038390994072,0.641242504119873,2.9076614379882812,1.0579557418823242,vae_candidate_pool_v1,belief_limited_heuristic_v1,447
VAE001134,vae_candidate_001134,0.707736432381833,3459.681884765625,2538.1064453125,4352.136171753279,-2.504238539802007,-0.06964476778546567,4.634206321349498,34,8036.123185806469,2596.4240496864804,1.629508793461273,-0.7069988815732517,7796.502472004601,0.17003245697042457,0.4865649859468912,0.9927896376219636,0.6495549052005443,1.0,0.20368859918265914,0.9408307278476512,0.8095238095238095,0.0,0.06692374289826362,0.0,ahead_vae,ahead,False,0.06571464240550995,2.0761899948120117,1.5229721069335938,1.9222151041030884,vae_candidate_pool_v1,belief_limited_heuristic_v1,448
VAE000500,vae_candidate_000500,0.707718712426891,3639.88525390625,947.9736328125,3737.724532713786,-2.90323130616833,-0.00960352053267991,4.842349231206663,34,8251.303517248858,2589.397369172169,1.5913204798173612,-0.2479648679541429,8634.448339864439,0.011225672656526964,0.7129948494898483,0.9999684963991833,0.24543158355259953,1.0,0.19891505997717016,0.9874356995669111,0.8095238095238095,0.0,0.06784276352937335,0.0,ahead_vae,ahead,False,0.07745377719402313,1.44350004196167,1.968215823173523,1.8989403247833252,vae_candidate_pool_v1,belief_limited_heuristic_v1,449
VAE000501,vae_candidate_000501,0.707687612634306,3089.97314453125,162.157958984375,2995.501324661045,-3.11557818879617,0.01788899290107388,4.922177199543954,35,8251.081727978582,2468.779556856085,1.7182044638557277,-0.008125471892549245,8270.869125842992,0.6321235732789603,0.9351612896039401,0.9033872976310381,0.008125382481108508,1.0,0.21477555798196596,0.9636368356290633,0.8333333333333334,0.0,0.07122342028758255,0.0,ahead_vae,ahead,False,0.07047117501497269,1.0927424430847168,2.933131217956543,1.9239847660064697,vae_candidate_pool_v1,belief_limited_heuristic_v1,450
VAE000635,vae_candidate_000635,0.7074608441791592,-1066.697509765625,-978.3184204101562,1384.733547194316,0.7391845220094903,0.03109933793153263,5.157363602280966,33,8324.404315919592,2310.3371725854395,1.7158740582820742,2.4335074695118357,7825.887468108527,1.3457769744049266,0.8229566192484328,0.6115626133428332,0.6503804535336742,1.0,0.21448425728525927,0.9394654360038187,0.7857142857142857,1.0,0.08960928229957102,0.08960928229957102,inside_convoy_envelope,inside,True,0.06545957922935486,1.9659987688064575,1.919395923614502,1.827763557434082,vae_candidate_pool_v1,belief_limited_heuristic_v1,451
VAE000433,vae_candidate_000433,0.7074117354361399,2201.802001953125,3862.049072265625,4641.739288008004,-2.0525402666910217,0.02737002340067016,4.9716774307340375,33,8238.165504811426,2516.1531735300355,1.592012053163628,-1.0616823634981012,6212.3592836870575,0.13368251121072472,0.38674869727682587,0.9955388961937726,0.8731767079687307,1.0,0.1990015066454535,0.8215992583620578,0.7857142857142857,0.0,0.06759364767898679,0.0,ahead_vae,ahead,False,0.04858245700597763,0.7947641015052795,1.5150392055511475,1.89313805103302,vae_candidate_pool_v1,belief_limited_heuristic_v1,452
VAE000241,vae_candidate_000241,0.7072545455906011,-1508.28564453125,4323.39501953125,4690.88184160635,-1.281430307478025,-0.006568180684570434,4.9613203619698965,34,8200.740293189869,2177.1876187210405,1.9042764763447972,-1.8667305267963383,4474.156674170023,0.5967182691850768,0.3708020624237037,0.9135920859299445,0.9565301156773506,1.0,0.23803455954309966,0.9123002953799404,0.8095238095238095,0.0,0.07298922244635007,0.0,astern_vae,astern,False,0.06082802638411522,2.0845370292663574,2.0876033306121826,1.1107906103134155,vae_candidate_pool_v1,belief_limited_heuristic_v1,453
VAE000231,vae_candidate_000231,0.7072052185095297,3303.63037109375,-2823.287841796875,4305.138978641379,2.432538414232915,0.05880843751571223,4.673034367316639,33,8329.40498923535,2448.3203152735114,1.6181982417916314,0.7678626768725904,7692.749520499983,0.2706116258963225,0.503527894154651,0.9818037881276557,0.6945992426934741,1.0,0.20227478022395393,0.8267777722136076,0.7857142857142857,0.0,0.06886026643088008,0.0,ahead_vae,ahead,False,0.04920594394207001,2.3726634979248047,2.922899007797241,1.8778893947601318,vae_candidate_pool_v1,belief_limited_heuristic_v1,454
VAE001201,vae_candidate_001201,0.7060557623961731,3381.285888671875,-2689.65771484375,4350.845498091644,2.4725525126833454,0.03237477054074735,5.072588657906288,35,8350.84108367354,2227.9896826133213,1.8811552971177945,0.701414911447196,7817.177303622855,0.0526819992710128,0.48702854486249886,0.9993063121984938,0.6452992259891418,1.0,0.2351444121397243,0.889380460388547,0.8333333333333334,0.0,0.07233539718797649,0.0,ahead_vae,ahead,False,0.05738739296793938,2.3380978107452393,2.0863468647003174,1.7809631824493408,vae_candidate_pool_v1,belief_limited_heuristic_v1,455
VAE000824,vae_candidate_000824,0.7056152237132041,-1059.267333984375,-760.8406372070312,1246.7802997092053,0.6154250725741199,0.10196581322788387,5.416859544425894,32,8308.787685056936,2518.518042534294,1.529210425863318,2.6281333942435574,8474.453508687664,0.8766625992601228,0.7777098021571377,0.8198599277795613,0.491193369579078,1.0,0.19115130323291474,0.8716701236050628,0.7619047619047619,1.0,0.09155477905030461,0.09155477905030461,inside_convoy_envelope,inside,True,0.054925527423620224,2.1758460998535156,1.5080984830856323,1.780151605606079,vae_candidate_pool_v1,belief_limited_heuristic_v1,456
VAE001108,vae_candidate_001108,0.7050990372544633,1913.687255859375,677.0877075195312,2116.274282843741,-2.7881403771722484,-0.03571597101454783,4.440497365596633,35,8376.715437115752,2391.8902855433453,1.746839593456736,-0.38916824743209255,8657.874818912427,1.4750085163860176,0.9848977554993225,0.5478206986021831,0.3794189882167357,1.0,0.218354949182092,0.9984676044526262,0.8333333333333334,0.0,0.07706170401283713,0.0,ahead_vae,ahead,False,0.08384903520345688,1.7982592582702637,2.489838123321533,1.9240525960922241,vae_candidate_pool_v1,belief_limited_heuristic_v1,457
VAE000203,vae_candidate_000203,0.7049440506154044,2962.64794921875,-3064.52392578125,4493.744777364255,2.332647577264448,-0.03271550378856429,5.046060654076674,34,8279.66346712379,2323.521240554087,1.7673378767861294,0.7762295725367816,7535.882834364588,0.2314017794396328,0.43662112515880225,0.9866729321423899,0.7005939786761091,1.0,0.22091723459826618,0.9976037600373884,0.8095238095238095,0.0,0.07056972716905574,0.0,ahead_vae,ahead,False,0.0829920843243599,0.6487956047058105,2.8691940307617188,1.627306342124939,vae_candidate_pool_v1,belief_limited_heuristic_v1,458
VAE000133,vae_candidate_000133,0.7049235881284716,1492.948974609375,393.7079162597656,1512.6953184905137,-2.8855945996309496,0.023734262659929662,5.133611541768267,36,8206.610050896918,2320.9082297670407,1.8900823843537404,-0.2322637912989139,8520.47381819559,0.7345003417083005,0.8617157736373084,0.8710828626094336,0.2301811150018269,1.0,0.23626029804421755,0.8346066078410685,0.8571428571428571,0.0,0.08642149724810665,0.0,ahead_vae,ahead,False,0.050160787999629974,1.9393738508224487,1.9544198513031006,1.4435406923294067,vae_candidate_pool_v1,belief_limited_heuristic_v1,459
VAE000087,vae_candidate_000087,0.7048793266627982,-999.6619262695312,4651.32373046875,4747.279193252014,-1.3196855764610456,0.05886099438060304,4.920821834009162,36,8222.816564163895,2545.452695398839,1.7199541436491619,-1.7630460827481444,4069.6719993787274,0.5781470775281564,0.3529125811718341,0.9187383296397256,0.9815768638944157,0.9689695236616017,0.21499426795614524,0.8813854078075039,0.8571428571428571,0.0,0.06711431116604108,0.0,port_vae,port,False,0.05625796318054199,1.6598663330078125,2.4082491397857666,1.3302134275436401,vae_candidate_pool_v1,belief_limited_heuristic_v1,460
VAE000157,vae_candidate_000157,0.7044588157813584,-1169.049072265625,496.973388671875,1198.1299294538424,-0.3876931726065353,-0.045701222601090455,4.835190086457507,33,8165.221569776397,2419.2215763090276,1.6705916968039098,-2.7996007035843484,8503.682059862835,0.5935738245725124,0.7610465096344645,0.9144735200820361,0.3353643494444257,1.0,0.20882396210048873,0.9431992759211942,0.7857142857142857,0.0,0.09443913867174329,0.0,astern_vae,astern,False,0.108369380235672,1.9389612674713135,1.5202677249908447,1.4966731071472168,vae_candidate_pool_v1,belief_limited_heuristic_v1,461
VAE000334,vae_candidate_000334,0.7041041068449603,-990.1083374023438,-405.6899719238281,1074.976042777415,0.4108813463054787,0.0470911659052085,5.115624448620796,34,8232.41270905974,2467.6305097665895,1.6736770129852194,2.7778024731895234,8571.671418560947,0.39018547364925704,0.7175675547361172,0.962419264508152,0.3558189122909783,1.0,0.20920962662315243,0.979209733269389,0.8095238095238095,1.0,0.09950261467367097,0.09950261467367097,inside_convoy_envelope,inside,True,0.07461751252412796,1.9393749237060547,2.916569232940674,1.1059279441833496,vae_candidate_pool_v1,belief_limited_heuristic_v1,462
VAE000023,vae_candidate_000023,0.7040545365897201,2933.80419921875,3480.87158203125,4627.864313103926,-2.2775816726438927,0.013256349326823772,4.702538970621177,35,8050.534279059992,2476.2028962441786,1.7557275081059467,-0.8507546316190767,7170.206701288116,0.1113894470928889,0.3913093031873815,0.9969013037087124,0.7517782353275696,1.0,0.21946593851324334,0.9865879726801682,0.8333333333333334,0.0,0.06820277083587128,0.0,ahead_vae,ahead,False,0.09740695357322693,1.3230040073394775,1.9800580739974976,1.1008468866348267,vae_candidate_pool_v1,belief_limited_heuristic_v1,463
VAE000682,vae_candidate_000682,0.7040139089267226,3724.308349609375,-2196.956298828125,4322.621326417761,2.5941849985978527,0.058651883481903776,5.263616892586108,36,8343.100498352433,2513.6842647653034,1.7165809921629123,0.6060595384738445,8289.06413187963,0.11753993958725363,0.4971984095773923,0.996550065316245,0.569633229460787,1.0,0.21457262402036403,0.9881051984917328,0.8571428571428571,0.0,0.06793500955212155,0.0,ahead_vae,ahead,False,0.09681251645088196,0.624645471572876,2.8691720962524414,1.1955792903900146,vae_candidate_pool_v1,belief_limited_heuristic_v1,464
VAE000566,vae_candidate_000566,0.7038193334634809,2279.55419921875,4375.4228515625,4881.138967967756,-2.0769341361300637,-0.014122444142088858,4.787844257496035,36,8256.275972766709,2332.8613191785607,1.8690863997466487,-1.0787809616018182,5956.434149292882,0.16391503336320512,0.31232384488883214,0.9932979915140574,0.8813825843345199,1.0,0.2336357999683311,0.9799794103190904,0.8571428571428571,0.0,0.07008058522059787,0.0,ahead_vae,ahead,False,0.07485628873109818,2.0867881774902344,1.9746737480163574,1.514896273612976,vae_candidate_pool_v1,belief_limited_heuristic_v1,465
VAE000719,vae_candidate_000719,0.7035243612005919,2428.496826171875,-4356.974609375,4946.524419698576,2.0913689132083073,0.03415292147128881,5.145081373097789,38,8032.455444094057,2867.232089419768,1.6499562279581101,1.0843766618527753,6289.550538062753,0.13316180785928775,0.2935058863688507,0.995573529907202,0.884012198158948,1.0,0.20624452849476377,0.9990460266839721,0.9047619047619048,0.0,0.06338897692528281,0.0,ahead_vae,ahead,False,0.08457046747207642,1.9099206924438477,1.916738748550415,1.7750234603881836,vae_candidate_pool_v1,belief_limited_heuristic_v1,466
VAE000482,vae_candidate_000482,0.7029996337419111,-608.8551635742188,-665.0060424804688,846.6965732761689,0.8410360448139892,0.06853658468237714,4.831558919904631,36,8282.036121773817,2489.7307904293502,1.7458743730226702,2.369093193458181,7668.984575213759,0.6625305111953474,0.6337525511656377,0.8942191023720584,0.6979274513737243,1.0,0.21823429662783378,0.8133170211267298,0.8571428571428571,1.0,0.1150922324793916,0.1150922324793916,inside_convoy_envelope,inside,True,0.04759770631790161,0.6906240582466125,2.4846436977386475,1.527227759361267,vae_candidate_pool_v1,belief_limited_heuristic_v1,467
VAE000451,vae_candidate_000451,0.7024436580483755,3578.40234375,-2729.916015625,4548.846691941629,2.4688000028369705,0.0933912106385346,5.026826379026784,35,8427.264206671012,2254.019580434438,1.8425689571441848,0.7661838613913575,7635.282049948104,0.04945652888591301,0.41774615927640296,0.9993886375662868,0.6933905297804197,1.0,0.2303211196430231,0.9968285879509367,0.8333333333333334,0.0,0.07165482911052258,0.0,ahead_vae,ahead,False,0.08234812319278717,1.8553502559661865,2.8645102977752686,1.7889208793640137,vae_candidate_pool_v1,belief_limited_heuristic_v1,468
VAE001114,vae_candidate_001114,0.7016504420197983,2741.91259765625,93.47179412841797,2661.7181654746855,-3.073530350753368,0.056877930584685474,4.783669715284129,34,8253.194775943204,2454.9924082010452,1.6780568461605552,-0.011184372251739641,8280.135561030189,0.90351723601815,0.9871351889030918,0.8094254916910262,0.01118413907733671,1.0,0.2097571057700694,0.9941294607748553,0.8095238095238095,0.0,0.07272834980851348,0.0,ahead_vae,ahead,False,0.08057031035423279,2.1744518280029297,1.5090019702911377,1.0465242862701416,vae_candidate_pool_v1,belief_limited_heuristic_v1,469
VAE000336,vae_candidate_000336,0.701573892596932,888.7942504882812,-4778.49365234375,4862.380084963217,1.7655582836678474,-0.03304148158259979,4.973794817809785,32,8389.111501897296,2518.4487248513196,1.5146102740044614,1.342992888339347,4347.966449773028,0.32133065770969527,0.3178472240699914,0.9744079987025885,0.974164812351793,1.0,0.18932628425055767,0.865363892505597,0.7619047619047619,0.0,0.06732871408352627,0.0,starboard_vae,starboard,False,0.05408165603876114,1.19851815700531,1.486069679260254,1.8813118934631348,vae_candidate_pool_v1,belief_limited_heuristic_v1,470
VAE000211,vae_candidate_000211,0.7011675043917136,-3415.43505859375,-890.2843627929688,3664.960649896872,0.2462614429150278,-0.012747856305774933,4.60172694255761,36,8344.778891431011,2535.843747672907,1.701238400339706,2.8825833543689905,8715.920028948785,0.3811481222268957,0.7389823952756074,0.9641190807795309,0.25612302258368974,1.0,0.21265480004246326,0.8532234908930643,0.8571428571428571,0.0,0.06862513078480167,0.0,astern_vae,astern,False,0.05249827727675438,2.3579511642456055,2.5834977626800537,1.9197509288787842,vae_candidate_pool_v1,belief_limited_heuristic_v1,471
VAE000716,vae_candidate_000716,0.700955239496565,3345.507568359375,-2646.185302734375,4362.116072645356,2.461175805749591,-0.05358127583857172,4.830020243106054,35,8255.45741928976,2340.7124948416,1.811251796437289,0.626835572001631,8059.020493347642,0.1908224166967516,0.4829851948124058,0.9909242911637592,0.5865848676100296,1.0,0.22640647455466112,0.9973785756723387,0.8333333333333334,0.0,0.07043665981584094,0.0,ahead_vae,ahead,False,0.08279550075531006,0.7521271109580994,2.9497809410095215,1.3187932968139648,vae_candidate_pool_v1,belief_limited_heuristic_v1,472
VAE000376,vae_candidate_000376,0.7007149115114426,3654.145263671875,-955.0453491210938,3773.5697690584166,2.916029129583769,-0.021576810826080824,5.036703740066739,39,8245.797207814465,2530.7424444187172,1.868891153520073,0.20398671317994335,8587.500179203742,0.27069568989837434,0.7000154217342034,0.9817925503948643,0.20257498597660054,1.0,0.23361139419000912,0.9977115889515484,0.9285714285714286,0.0,0.0685192020496281,0.0,ahead_vae,ahead,False,0.09144344925880432,1.9587260484695435,1.8674530982971191,1.8401727676391602,vae_candidate_pool_v1,belief_limited_heuristic_v1,473
VAE001078,vae_candidate_001078,0.700371761901887,3749.898193359375,1219.2196044921875,3891.0526913968874,-2.8457602972951848,-0.017491506081489434,4.810433170274434,36,8382.478442159414,2284.763683178309,1.879700983381995,-0.3133238623760978,8678.587210983302,0.05855523201677659,0.6568682206956356,0.9991430660913732,0.30822237118557355,1.0,0.2349626229227494,0.9238381485555751,0.8571428571428571,0.0,0.07192755808090762,0.0,ahead_vae,ahead,False,0.0627046525478363,0.8117507696151733,2.567429304122925,1.3122990131378174,vae_candidate_pool_v1,belief_limited_heuristic_v1,474
VAE000557,vae_candidate_000557,0.7002275606474443,-1573.2255859375,-80.0092544555664,1453.2497468262543,0.07694319708613792,-0.04403640544892955,4.960237791460057,36,8240.932066055799,2453.783139654587,1.7802868693665634,3.0206130510547258,8476.832280521954,0.5930311273946224,0.8441376498371008,0.9146252316584673,0.12068470755071381,1.0,0.22253585867082043,0.9683198623683745,0.8571428571428571,0.0,0.08613508346976245,0.0,astern_vae,astern,False,0.07160880416631699,1.1590220928192139,2.001166820526123,1.3982661962509155,vae_candidate_pool_v1,belief_limited_heuristic_v1,475
VAE000812,vae_candidate_000812,0.6996123626705644,3072.464111328125,-84.64897918701172,3149.659540924068,3.108251069446515,-0.06834532829193797,4.834058443960899,34,8182.28090816834,2523.273081627007,1.6467977960128517,-0.035003744148660344,8265.574670405065,0.5443423808054035,0.8992122410798064,0.9277340137688238,0.034996596459694294,1.0,0.20584972450160646,0.8815370049465125,0.8095238095238095,0.0,0.07004426259332645,0.0,ahead_vae,ahead,False,0.05627908930182457,0.7748445272445679,2.4893712997436523,1.1483280658721924,vae_candidate_pool_v1,belief_limited_heuristic_v1,476
VAE000665,vae_candidate_000665,0.6993192745751594,3656.345703125,-526.6387939453125,3677.030093288978,3.0328898626153156,0.06325625793054261,4.82812724129065,37,8306.465716002622,2569.934879652935,1.7332584589878866,0.17195904890502092,8623.706137780002,0.3476406414546247,0.7347089234311048,0.9700895582134774,0.17111283194033455,1.0,0.21665730737348582,0.9991797425215847,0.8809523809523809,0.0,0.06818061754330486,0.0,ahead_vae,ahead,False,0.08476662635803223,0.9343851804733276,2.9324162006378174,1.9096825122833252,vae_candidate_pool_v1,belief_limited_heuristic_v1,477
VAE001184,vae_candidate_001184,0.6990150767330017,3746.3701171875,-2179.696533203125,4346.295105978371,2.5553604504660683,0.04518375818554104,4.859206110497775,38,8193.658775019967,2581.8837454285176,1.7962593403956195,0.6314159613092658,8137.915622058886,0.07730278481021502,0.4886639365307569,0.9985068136593918,0.5902883026467995,1.0,0.22453241754945244,0.8630037949181516,0.9047619047619048,0.0,0.06706657725974947,0.0,ahead_vae,ahead,False,0.12076316773891449,1.166879653930664,2.9881787300109863,1.1939178705215454,vae_candidate_pool_v1,belief_limited_heuristic_v1,478
VAE000892,vae_candidate_000892,0.6989052020920808,-2334.92333984375,4353.03759765625,4935.941432323909,-1.0536246047830657,-0.0062026135744371585,5.306981822223284,39,8299.669349789607,2536.814546961774,1.852316079420342,-2.0941706623811647,6345.451825781047,0.24179306965934333,0.296505419559629,0.9854550981198318,0.866137601977225,1.0,0.23153950992754274,0.9796268118485029,0.9285714285714286,0.0,0.06704827929099334,0.0,astern_vae,astern,False,0.09978656470775604,0.8907148241996765,1.5068256855010986,1.9044239521026611,vae_candidate_pool_v1,belief_limited_heuristic_v1,479
VAE000684,vae_candidate_000684,0.698900658717126,-487.39044189453125,447.67218017578125,665.201049007549,-0.7203823085081336,0.06588118985526203,4.675660313364601,36,8425.281305367975,2432.799337532864,1.7563529794020907,-2.3553291552263973,7674.15287395971,0.35408875150607555,0.5661428930994797,0.9689814203369085,0.7077184005902134,1.0,0.21954412242526133,0.9636227419004124,0.8571428571428571,1.0,0.13743158996965493,0.13743158996965493,inside_convoy_envelope,inside,True,0.07046785950660706,1.4788827896118164,2.311232805252075,1.286361575126648,vae_candidate_pool_v1,belief_limited_heuristic_v1,480
VAE000356,vae_candidate_000356,0.6984657940201134,2844.45556640625,4124.1640625,4855.587716434897,-2.1611118905261377,0.028544883026905256,5.306175217039725,37,8175.803007405683,2340.2617287001826,1.9337791565044467,-0.9519358800367501,6649.080119791183,0.0972530849131199,0.3198606775946656,0.9976373224653843,0.8145400485763188,1.0,0.24172239456305583,0.999875388714975,0.8809523809523809,0.0,0.07000226616556239,0.0,ahead_vae,ahead,False,0.08629228174686432,1.0346181392669678,2.0349998474121094,1.5927457809448242,vae_candidate_pool_v1,belief_limited_heuristic_v1,481
VAE000029,vae_candidate_000029,0.6982178936928016,-1596.352294921875,-21.285825729370117,1625.8024865102836,0.019785782236931268,0.00911080745868031,5.009736405044763,36,8285.172793385884,2532.703341083724,1.7156022498661625,3.1309176788115423,8311.736759875348,0.37681926525796816,0.8928785709059899,0.9649198677652621,0.010674772034793762,1.0,0.2144502812332703,0.8443808067923648,0.8571428571428571,0.0,0.0816200911308059,0.0,astern_vae,astern,False,0.05137546360492706,1.757953405380249,2.952174425125122,1.7403689622879028,vae_candidate_pool_v1,belief_limited_heuristic_v1,482
VAE000071,vae_candidate_000071,0.697958351094572,-1516.398193359375,5057.5068359375,5178.8361137676475,-1.3278447168195582,0.035313825978732984,4.892912942587578,40,8331.947793513134,2480.7820780204406,1.935195455571987,-1.778434110791502,4145.119105882896,0.3506812182732394,0.23230081169974218,0.9695694533256463,0.9785206128411695,0.9869331204483086,0.24189943194649838,0.9982440137016874,0.9523809523809523,0.0,0.0676203214890987,0.0,port_vae,port,False,0.09092492610216141,2.1435434818267822,1.4876829385757446,1.5772919654846191,vae_candidate_pool_v1,belief_limited_heuristic_v1,483
VAE000962,vae_candidate_000962,0.6978850886671297,135.69671630859375,-4613.09033203125,4669.959889395863,1.6264139881768527,-0.022438813192099866,5.071840152202976,35,8226.185016388981,2329.562983055512,1.8263967033070292,1.492739852220841,2963.9249500487376,0.3761522292968132,0.37755132764584104,0.9650424871905618,0.9969551398399711,0.7056964166782709,0.22829958791337865,0.8743974765961898,0.8333333333333334,0.0,0.07031859811336433,0.0,starboard_vae,starboard,False,0.05529545247554779,1.210444688796997,1.475621223449707,1.8786052465438843,vae_candidate_pool_v1,belief_limited_heuristic_v1,484
VAE000041,vae_candidate_000041,0.6976955019561896,3764.981201171875,1120.256103515625,3929.2535895661667,-2.872733345559943,-0.03441954831148191,4.875139984414025,39,8340.471762846015,2480.2571762746793,1.8852861444698228,-0.30327885634133195,8700.563886451962,0.0021016715475012937,0.6426965966803245,0.9999988957445831,0.29865102360160184,1.0,0.23566076805872785,0.9040576421037609,0.9285714285714286,0.0,0.06891380810251205,0.0,ahead_vae,ahead,False,0.059551678597927094,1.5792114734649658,2.5568184852600098,1.9087131023406982,vae_candidate_pool_v1,belief_limited_heuristic_v1,485
VAE000625,vae_candidate_000625,0.6976832450998767,3645.748046875,-2165.18115234375,4192.645003273833,2.6319477621644487,-0.00987897444491741,4.9540624510917315,35,8366.562307107582,2579.9951990283985,1.6214445334814842,0.499765916980427,8579.673476011221,0.19045016758429512,0.5447211286567506,0.9909595587328104,0.4792200982950396,1.0,0.20268056668518553,0.9731782261536996,0.8333333333333334,0.0,0.06723305632301628,0.0,ahead_vae,ahead,False,0.07287727296352386,2.2697582244873047,2.945502996444702,1.430420160293579,vae_candidate_pool_v1,belief_limited_heuristic_v1,486
VAE000339,vae_candidate_000339,0.6975722881887624,2995.007080078125,-25.33037757873535,3048.16016310268,3.10162305082335,0.005952834690111864,5.285369150244527,36,8169.860039811129,2370.4884370514383,1.8588743850811338,0.045922437456554804,8270.067315763881,0.7746337216342933,0.923655436678852,0.8573386384937158,0.04590629841462134,1.0,0.23235929813514172,0.9086492690208521,0.8571428571428571,0.0,0.07246567147510752,0.0,ahead_vae,ahead,False,0.06025666743516922,1.0556509494781494,2.609863758087158,1.7998464107513428,vae_candidate_pool_v1,belief_limited_heuristic_v1,487
VAE000284,vae_candidate_000284,0.6969586165077132,811.2999877929688,-4791.48779296875,4783.860646695976,1.720415809274892,0.019580167479051894,5.055069081395462,35,8279.884851192084,2265.1493959158206,1.8661514925133444,1.440757011793954,3319.702828062793,0.2366044447916933,0.3415532381881994,0.9860697530168225,0.9915567963820366,0.790405435253046,0.23326893656416806,0.8408825775654853,0.8333333333333334,0.0,0.07128845993786455,0.0,starboard_vae,starboard,False,0.05093768984079361,1.2877823114395142,2.9795355796813965,1.781821608543396,vae_candidate_pool_v1,belief_limited_heuristic_v1,488
VAE001193,vae_candidate_001193,0.6968399644530854,2266.228515625,1744.712158203125,2901.286498815207,-2.4822651550634482,0.07172241580236852,5.025563225524036,33,8293.369286513554,2362.485405968726,1.6842780989559099,-0.5876050827239764,8212.018144430618,1.6609693593482773,0.9536081019273569,0.4549745599519516,0.554369395088026,1.0,0.21053476236948873,0.9165019761579561,0.7857142857142857,0.0,0.07304616392471341,0.0,ahead_vae,ahead,False,0.061498306691646576,2.183663845062256,2.6010334491729736,1.7874587774276733,vae_candidate_pool_v1,belief_limited_heuristic_v1,489
VAE000863,vae_candidate_000863,0.6967296449333824,2623.258544921875,-4216.984375,5017.9244222653815,2.1017617917303415,0.07257607507215257,5.1103240556038205,37,8297.230752241887,2150.8385623844592,2.0732932865082074,1.1124069369316045,5600.360295865926,0.007190342335661626,0.27374370268088555,0.9999870747999613,0.896766362328673,1.0,0.25916166081352593,0.9579027344815888,0.8809523809523809,0.0,0.07322703744322281,0.0,ahead_vae,ahead,False,0.10536432266235352,0.7291711568832397,1.4971842765808105,1.9294847249984741,vae_candidate_pool_v1,belief_limited_heuristic_v1,490
VAE000666,vae_candidate_000666,0.6966399595982584,532.1893310546875,-566.4297485351562,811.7678703824456,2.2996648638121453,0.022539620623598603,4.798197465702269,35,8249.925756596682,2570.0537651457307,1.650729054282336,0.8644674104012469,7309.743779596127,0.8449757643502578,0.6207421102181341,0.8318747049289275,0.7607496967257764,1.0,0.206341131785292,0.8777329261452024,0.8333333333333334,1.0,0.11785246863431066,0.11785246863431066,inside_convoy_envelope,inside,True,0.055752161890268326,1.8677752017974854,2.0634918212890625,1.0987083911895752,vae_candidate_pool_v1,belief_limited_heuristic_v1,491
VAE001079,vae_candidate_001079,0.6965288427517874,2033.162353515625,-4515.75927734375,4934.615962441582,1.9986960403665555,0.004795552199423408,5.2149015729448,38,8321.980536829718,2352.2805173350725,1.941188855372937,1.1476921654226617,5561.799356796044,0.2930082938775116,0.2968823649550476,0.97868965625617,0.9118187889217467,1.0,0.24264860692161713,0.8828342035660958,0.9047619047619048,0.0,0.06971142928576617,0.0,ahead_vae,ahead,False,0.05646030604839325,0.9249468445777893,1.5043175220489502,1.2907190322875977,vae_candidate_pool_v1,belief_limited_heuristic_v1,492
VAE000473,vae_candidate_000473,0.6963705176108271,1667.833984375,738.4979248046875,1927.4128237738437,-2.740128993476623,0.002726181728436656,5.354306889914461,39,8227.597113834225,2282.3992193892336,2.07682536695223,-0.3987374783847334,8468.311129169186,1.549953870867551,0.9586597876813341,0.5104204734693151,0.3882551728449176,1.0,0.25960317086902873,0.9996220959196768,0.9285714285714286,0.0,0.08052807000363256,0.0,ahead_vae,ahead,False,0.08896306157112122,0.7146954536437988,2.411048173904419,1.6269463300704956,vae_candidate_pool_v1,belief_limited_heuristic_v1,493
VAE000530,vae_candidate_000530,0.6960549060648507,819.7945556640625,1944.3897705078125,2045.314545782807,-1.9740514495996553,0.0017940561558355836,4.963917986033954,34,8280.641375321598,2649.5375261864624,1.549690125765078,-1.1657471478343022,5698.247282486413,2.4713801351168754,0.9764994877911305,0.10815516140606313,0.919083018621236,1.0,0.19371126572063474,0.9994049158477332,0.8095238095238095,1.0,0.0746792781517424,0.0746792781517424,inside_convoy_envelope,inside,True,0.08513733744621277,2.032097816467285,1.504906415939331,1.303501009941101,vae_candidate_pool_v1,belief_limited_heuristic_v1,494
VAE000853,vae_candidate_000853,0.6957539516558863,1202.272216796875,4891.33349609375,5089.443681672992,-1.8485661706378214,-0.06803989667975481,5.034398625834079,34,8241.999312060392,2594.0104158649765,1.5902837730321677,-1.3610663796317266,4253.117729074091,0.2916557066582066,0.2547896253024979,0.9788845546391952,0.9780871742476022,1.0,0.19878547162902097,0.9639108170086153,0.8095238095238095,0.0,0.06621416932499842,0.0,port_vae,port,False,0.07053574919700623,0.7408072352409363,2.94913387298584,1.8873815536499023,vae_candidate_pool_v1,belief_limited_heuristic_v1,495
VAE000961,vae_candidate_000961,0.6956018505310944,2324.2861328125,-26.49148178100586,2374.219063873771,3.1356033976906503,-0.03243218399808051,4.9644877494109,34,8274.207749821104,2537.6058496892156,1.6193037784480808,-0.02644292809893731,8338.409047055358,1.0046063467664086,0.999874363910352,0.7682102401261888,0.026439846598750566,1.0,0.2024129723060101,0.9688414233462069,0.8095238095238095,0.0,0.07326428875822688,0.0,ahead_vae,ahead,False,0.07174030691385269,0.6834735870361328,1.9148681163787842,1.6064581871032715,vae_candidate_pool_v1,belief_limited_heuristic_v1,496
VAE000876,vae_candidate_000876,0.6950813780801662,2189.6025390625,267.0675354003906,2224.447957488384,-2.9858021465570013,0.019061226041528257,4.962340938609453,35,8179.42205259767,2231.5851059233446,1.9174849860927947,-0.13672928099126358,8407.257575538519,1.2128107303910884,0.9941911299941042,0.6751941229450138,0.1363036557493422,1.0,0.23968562326159934,0.9915325076588503,0.8333333333333334,0.0,0.07864134104981893,0.0,ahead_vae,ahead,False,0.07921921461820602,1.9181418418884277,1.5286431312561035,1.3307931423187256,vae_candidate_pool_v1,belief_limited_heuristic_v1,497
VAE000561,vae_candidate_000561,0.6949309843376775,-663.2908325195312,-4950.37451171875,4920.893651314254,1.477209498306743,0.013257518016294838,4.391314924521161,37,8338.29415088484,2492.7363261650967,1.7801154507767312,1.6776406732993456,3367.727187673428,0.32959525078402674,0.3008013329903986,0.9730867110976256,0.9942975706831689,0.8018398065889114,0.2225144313470914,0.9505455458028192,0.8809523809523809,0.0,0.06764297860249947,0.0,starboard_vae,starboard,False,0.10691967606544495,2.0396547317504883,1.4900503158569336,1.2094261646270752,vae_candidate_pool_v1,belief_limited_heuristic_v1,498
VAE001008,vae_candidate_001008,0.6948066116653748,439.93084716796875,-4845.47509765625,4941.004926581976,1.6605424997314993,-0.05156924928317253,5.181373326198645,31,8303.139123971503,2386.9916513575267,1.5641142724387143,1.4294809045751216,3532.657280140731,0.19366565610961925,0.2950680281431146,0.9906526736501617,0.9900315814490742,0.8411088762239836,0.19551428405483928,0.9978976274523522,0.7380952380952381,0.0,0.06917023634748275,0.0,starboard_vae,starboard,False,0.08326304703950882,2.3505568504333496,1.4915854930877686,1.6050022840499878,vae_candidate_pool_v1,belief_limited_heuristic_v1,499
VAE001036,vae_candidate_001036,0.6946950087021522,1702.046142578125,957.7420043945312,1857.0961134475463,-2.647670434195074,0.006000246886763494,4.895175341964905,36,8143.509059652995,2338.1974815019166,1.8906438594694626,-0.48792197250795577,8289.36102522158,1.5905441914998752,0.9458064573816181,0.49012670940465947,0.46879136142583044,1.0,0.23633048243368282,0.971712757315861,0.8571428571428571,0.0,0.08056308868248682,0.0,ahead_vae,ahead,False,0.10204906016588211,2.1728010177612305,1.950460433959961,1.1181665658950806,vae_candidate_pool_v1,belief_limited_heuristic_v1,500
VAE001088,vae_candidate_001088,0.6944868742032545,-932.2315063476562,-405.482666015625,1004.3287651521472,0.39668045571964083,0.023911173903176614,5.272970515011585,36,8353.709480176192,2589.3898674640327,1.6642772973671989,2.7688233717733293,8723.04162475665,0.017586684180616097,0.691963049601458,0.9999226791278041,0.3641959192307617,1.0,0.20803466217089986,0.8202777776798563,0.8571428571428571,1.0,0.10240077221841035,0.10240077221841035,inside_convoy_envelope,inside,True,0.048424333333969116,2.3491954803466797,2.972196578979492,1.9543792009353638,vae_candidate_pool_v1,belief_limited_heuristic_v1,501
VAE000728,vae_candidate_000728,0.6940977803264853,303.4124755859375,-4817.2685546875,4903.593401657722,1.615198285505941,0.006190439402946235,4.695172370596898,38,8011.107649743677,2497.5045090920307,1.8992614267964774,1.5325848074867985,2801.723508107841,0.17553877746653557,0.3057849105240711,0.9923162952222095,0.9992700287230526,0.6670770257399622,0.23740767834955967,0.9932684007806875,0.9047619047619048,0.0,0.0676800463235185,0.0,starboard_vae,starboard,False,0.09443844854831696,0.7710980772972107,2.504099130630493,1.3404912948608398,vae_candidate_pool_v1,belief_limited_heuristic_v1,502
VAE000199,vae_candidate_000199,0.6940589687029675,-1395.8759765625,-4594.87939453125,4834.952978434741,1.2661371970010602,0.029688411332160783,5.081612587828045,31,8198.807010153583,2461.4663345821923,1.5360916547906065,1.9051438679208934,5015.624080997792,0.21137196317954343,0.32602109338755086,0.9888719975207745,0.9446246169608599,1.0,0.1920114568488258,0.7801279908589402,0.7380952380952381,0.0,0.06818535121180935,0.0,starboard_vae,starboard,False,0.1307508498430252,1.8401306867599487,1.8978270292282104,1.724832534790039,vae_candidate_pool_v1,belief_limited_heuristic_v1,503
VAE001131,vae_candidate_001131,0.6939594786105102,64.49630737304688,4680.02734375,4603.864706261008,-1.5880732039563126,-0.011275394997340742,5.032715373272116,36,8346.035268642481,2348.0493675107564,1.8370249781503687,-1.5647948446308213,2398.095362991369,0.4233124177222726,0.3992565200230528,0.9558666302895036,0.9999819911599704,0.5709750864265164,0.2296281222687961,0.9158443490325407,0.8571428571428571,0.0,0.07005255730255612,0.0,port_vae,port,False,0.06139245629310608,1.5767935514450073,2.0210652351379395,1.4308382272720337,vae_candidate_pool_v1,belief_limited_heuristic_v1,504
VAE001135,vae_candidate_001135,0.6937307867450756,-3899.63916015625,-1143.097412109375,3900.4031991543857,0.2707739577506024,0.03848994177781874,5.296425054607143,38,8279.553108160386,2457.1223474386,1.867884071159277,2.9093086376170096,8622.82192610337,0.052562135624939,0.653404102622489,0.999309464479635,0.23020079655177308,1.0,0.23348550889490963,0.9888751344682392,0.9047619047619048,0.0,0.0692941443265738,0.0,astern_vae,astern,False,0.07803632318973541,1.6945838928222656,1.4997279644012451,1.2955045700073242,vae_candidate_pool_v1,belief_limited_heuristic_v1,505
VAE000426,vae_candidate_000426,0.6936756818286942,1715.145751953125,-4671.509765625,5026.657024084104,1.8810476684545765,0.04521539420692029,5.334858563434916,36,8322.7680464435,2450.7855545123643,1.764937772527876,1.3057603793421368,4545.3105095436695,0.1918845966859182,0.27138396170330736,0.9908232842931916,0.9650830852867326,1.0,0.2206172215659845,0.8287736734445431,0.8571428571428571,0.0,0.06815512144743165,0.0,ahead_vae,ahead,False,0.049447935074567795,0.8515763878822327,2.9307169914245605,1.1927679777145386,vae_candidate_pool_v1,belief_limited_heuristic_v1,506
VAE000374,vae_candidate_000374,0.6936630879407432,2215.073974609375,49.753021240234375,2242.4651303374035,-3.1248855074396245,-0.023103128583937402,4.690323723016643,37,8350.038618296205,2245.3166388759687,1.9734932499733269,-0.03981027473410606,8432.785742763244,1.0867150828056078,0.9953196383870567,0.73269768118492,0.03979975996213239,1.0,0.24668665624666586,0.976578148583967,0.8809523809523809,0.0,0.0782461163558326,0.0,ahead_vae,ahead,False,0.07383181899785995,0.7006611824035645,1.9346039295196533,1.9307119846343994,vae_candidate_pool_v1,belief_limited_heuristic_v1,507
VAE000163,vae_candidate_000163,0.6933489488978194,2373.81982421875,-74.70278930664062,2513.645673262812,3.1034150839953294,-0.030574004458288884,5.288661241488169,33,8134.32243745517,2328.573988750324,1.7422180727081675,0.007603565136175017,8151.792592298408,0.9953794462953218,0.997561514988012,0.7720922931617175,0.007603491870710701,1.0,0.21777725908852094,0.990422982605795,0.7857142857142857,0.0,0.07529784435570994,0.0,ahead_vae,ahead,False,0.0787058174610138,1.2109265327453613,2.9146785736083984,1.5599006414413452,vae_candidate_pool_v1,belief_limited_heuristic_v1,508
VAE000314,vae_candidate_000314,0.6932108728391516,3481.570068359375,294.71295166015625,3450.155659826066,-3.0647075301261077,0.04015399498914361,5.534282355707362,37,8124.491481937531,2478.8921781777985,1.8371638841776783,-0.03673112847454175,8210.043448612754,0.11367744883705644,0.8118222262295507,0.9967728369211099,0.03672286957342886,1.0,0.22964548552220979,0.8520269513089422,0.8809523809523809,0.0,0.06987529015110328,0.0,ahead_vae,ahead,False,0.12218800187110901,0.6560611128807068,2.954758644104004,1.2177870273590088,vae_candidate_pool_v1,belief_limited_heuristic_v1,509
VAE000584,vae_candidate_000584,0.6928713041460074,3424.296630859375,3140.88671875,4658.779759333419,-2.424789135040855,-0.08065915611833635,5.472818331788906,34,8291.356787727527,2465.265153170383,1.663373109528447,-0.7974626746672745,7555.826195828765,0.1279871132786634,0.381182313589609,0.9959104118107425,0.7155860120381051,1.0,0.20792163869105587,0.9944208509955472,0.8095238095238095,0.0,0.06826212627577288,0.0,ahead_vae,ahead,False,0.0807390883564949,2.0338802337646484,1.9375978708267212,1.9182517528533936,vae_candidate_pool_v1,belief_limited_heuristic_v1,510
VAE000212,vae_candidate_000212,0.6924711784791898,-967.0906372070312,-2176.04345703125,2338.7106276626305,1.1321898129721097,0.006243282916479402,4.970802015540005,37,8283.089314174009,2661.785806992235,1.6781712430410378,2.0156461235341627,5967.126380116073,2.4426871321701915,0.9992901599647019,0.11722659424615195,0.9026753113912104,1.0,0.20977140538012973,0.7975752801961675,0.8809523809523809,1.0,0.07209921145662357,0.07209921145662357,inside_convoy_envelope,inside,True,0.045764029026031494,1.0478854179382324,1.502382516860962,1.436487078666687,vae_candidate_pool_v1,belief_limited_heuristic_v1,511
VAE000926,vae_candidate_000926,0.6920088242367987,3841.232177734375,-1019.6425170898438,3930.7040959366595,2.881883121589288,0.013033049921881696,4.917175259267203,35,8245.810253159007,2395.4690231395184,1.7719201556105664,0.27274258192238704,8586.28621407361,0.13032331238316353,0.6421575787545929,0.995759964783751,0.2693736508692081,1.0,0.2214900194513208,0.9909099650698961,0.8333333333333334,0.0,0.07014818093710763,0.0,ahead_vae,ahead,False,0.07892733067274094,0.7338783144950867,2.0128796100616455,1.8723127841949463,vae_candidate_pool_v1,belief_limited_heuristic_v1,512
VAE001175,vae_candidate_001175,0.6918506864855658,-629.8731079101562,4691.66162109375,4791.086326495757,-1.4367327302543338,0.013599926514223176,4.63458553068767,37,8156.895079907456,2488.4733840422687,1.8228202640121438,-1.691259996821236,3450.674191382729,0.4121341597928674,0.33933282140868254,0.9581340194428176,0.9927530221716389,0.8215890931863641,0.22785253300151798,0.7874587082522873,0.8809523809523809,0.0,0.06785648837358534,0.0,port_vae,port,False,0.04460892826318741,2.329535484313965,1.477504014968872,1.3843592405319214,vae_candidate_pool_v1,belief_limited_heuristic_v1,513
VAE000918,vae_candidate_000918,0.6916979345978576,-537.7999877929688,-4864.60302734375,4822.435923393213,1.4666953939457428,0.04308051713321333,4.807680940474457,37,8127.101739644378,2476.0234368148263,1.8387016946934347,1.7179777767772635,3641.098221276694,0.48719945685235816,0.32978980773560873,0.9418237024544696,0.9891883487223143,0.8669281479230224,0.22983771183667934,0.8205503355830578,0.8809523809523809,0.0,0.06801057027727919,0.0,starboard_vae,starboard,False,0.048456914722919464,1.992065191268921,1.4795827865600586,1.0427536964416504,vae_candidate_pool_v1,belief_limited_heuristic_v1,514
VAE000711,vae_candidate_000711,0.6912444133212223,409.2806701660156,4862.4443359375,4781.573536523362,-1.6840193004965724,-0.009506346540464297,5.190378749998004,36,8284.417673866628,2312.247732630456,1.8793434384641037,-1.467079699633685,3157.5145003833472,0.3383138136017654,0.342257671305644,0.9716578232146684,0.9946262503980512,0.7517891667579398,0.23491792980801296,0.8316006607831308,0.8571428571428571,0.0,0.07049102341653933,0.0,port_vae,port,False,0.04979235678911209,2.374738931655884,1.4932136535644531,1.8050274848937988,vae_candidate_pool_v1,belief_limited_heuristic_v1,515
VAE000658,vae_candidate_000658,0.6912187398308065,3302.279052734375,-412.2551574707031,3388.844095953059,3.0553459438160755,-0.028937252554380465,4.972939033870124,37,8261.715193907194,2379.32452220797,1.882252245757808,0.05730945721933824,8384.434793522923,0.6087715419533386,0.831235849730107,0.9101755714202064,0.05727809142317203,1.0,0.235281530719726,0.9695895349378907,0.8809523809523809,0.0,0.07139627908079223,0.0,ahead_vae,ahead,False,0.07193077355623245,2.040759325027466,2.936147451400757,1.5129140615463257,vae_candidate_pool_v1,belief_limited_heuristic_v1,516
VAE000945,vae_candidate_000945,0.691177399755414,-533.9949340820312,4647.5703125,4739.086916170363,-1.4839078928289855,-0.008729711412468989,5.0343605939315825,33,8195.889458365255,2514.857989398509,1.6010481074474225,-1.6664144721732765,3285.8524132501366,0.36506263399666294,0.3554831498283165,0.9670507010857383,0.9954320670482066,0.7823458126786039,0.20013101343092782,0.8171194731931996,0.7857142857142857,0.0,0.06753288534723093,0.0,port_vae,port,False,0.0480479821562767,1.9342060089111328,1.4911143779754639,1.9132717847824097,vae_candidate_pool_v1,belief_limited_heuristic_v1,517
VAE000898,vae_candidate_000898,0.6910218039849001,-888.6753540039062,-4739.32666015625,4842.767488631025,1.3755502792233738,0.06909923089814862,4.9497528214661655,33,8202.098168103035,2535.53141231114,1.5867919246885518,1.8351416052645677,4590.47904880374,0.5339340216593557,0.3236803975278647,0.9304058099556154,0.965263771657525,1.0,0.19834899058606897,0.8401393294296342,0.7857142857142857,0.0,0.06716708154934672,0.0,starboard_vae,starboard,False,0.05084512382745743,2.2822086811065674,1.968914270401001,1.3282581567764282,vae_candidate_pool_v1,belief_limited_heuristic_v1,518
VAE000137,vae_candidate_000137,0.6909621431414262,2126.068115234375,-4464.42333984375,4988.1829417853105,1.9850609259351673,0.034921495082718905,6.115632119258207,37,8262.079741492886,2525.7195284212285,1.7730754625122809,1.1914532227373444,5405.694975289556,0.019302198438493123,0.28187454486590663,0.9999068591757416,0.9289080913452255,1.0,0.2216344328140351,0.7895512919454487,0.8809523809523809,0.0,0.06716415903686195,0.0,ahead_vae,ahead,False,0.12968644499778748,1.8674700260162354,2.3744282722473145,1.312975287437439,vae_candidate_pool_v1,belief_limited_heuristic_v1,519
VAE000393,vae_candidate_000393,0.690224750106742,1811.81494140625,988.7385864257812,2121.1624849024615,-2.611994824655824,0.03147946738618989,4.932997662495538,38,8356.473274769129,2265.1899813076225,2.0075017656135516,-0.498118361547779,8423.268172740649,1.7124883580819203,0.9854098721011892,0.4293908047312763,0.4777733977671945,1.0,0.25093772070169396,0.87941328773198,0.9047619047619048,0.0,0.07888004275139496,0.0,ahead_vae,ahead,False,0.05598410591483116,1.4720557928085327,2.9363479614257812,1.5846476554870605,vae_candidate_pool_v1,belief_limited_heuristic_v1,520
VAE001157,vae_candidate_001157,0.6899026746000692,733.4039306640625,-5038.94189453125,5076.695346222423,1.7358316629106185,0.027721061843580284,5.051297237520664,38,8445.395429279655,2262.357231853652,1.9888518130112913,1.4334820525227558,3397.0945779192684,0.15133700078207446,0.2581059161078683,0.9942851976732067,0.9905871990226477,0.8088320423617306,0.24860647662641142,0.961125757100776,0.9047619047619048,0.0,0.07107730544033364,0.0,starboard_vae,starboard,False,0.10464323312044144,1.1566333770751953,2.6109862327575684,1.6245698928833008,vae_candidate_pool_v1,belief_limited_heuristic_v1,521
VAE000579,vae_candidate_000579,0.689665702564346,3706.94677734375,1887.013916015625,4242.312551241526,-2.676777545893051,0.01736046139636311,5.021055018524866,36,8293.636470066904,2359.7210436496825,1.8394874956620093,-0.4474546463003789,8498.12457908943,0.08661951462090656,0.5264443019661021,0.9981254374224635,0.4326721711906804,1.0,0.22993593695775116,0.999264402318808,0.8571428571428571,0.0,0.070264269859681,0.0,ahead_vae,ahead,False,0.08489919453859329,0.7614719271659851,1.9445972442626953,1.8732354640960693,vae_candidate_pool_v1,belief_limited_heuristic_v1,522
VAE000224,vae_candidate_000224,0.6892621760802387,3616.802490234375,884.5884399414062,3835.211178338584,-2.859007007382373,0.0513995877891794,4.582697227376156,36,8228.052392211832,2294.868639858297,1.906547461915087,-0.23118605841824066,8534.975927721733,0.024021342611835195,0.6774753805993159,0.9998557507112673,0.229132188136874,1.0,0.23831843273938588,0.8803738265283956,0.8571428571428571,0.0,0.0718827183030543,0.0,ahead_vae,ahead,False,0.05611726641654968,0.7401158809661865,1.5071049928665161,1.4857840538024902,vae_candidate_pool_v1,belief_limited_heuristic_v1,523
VAE000091,vae_candidate_000091,0.6888600148498416,220.72743225097656,4756.61865234375,4745.346593033181,-1.6557471314246084,-0.02998098901291187,5.187623969128625,37,8367.440006335277,2416.051276142871,1.8302186214544387,-1.5158265111780966,2872.126956527896,0.4259397134122951,0.3535181196402879,0.9553254336953969,0.9984895400869533,0.6838397515542609,0.22877732768180484,0.8682378515819279,0.8809523809523809,0.0,0.0688762217489064,0.0,port_vae,port,False,0.05446430295705795,1.3212800025939941,1.9532995223999023,1.3691083192825317,vae_candidate_pool_v1,belief_limited_heuristic_v1,524
VAE000096,vae_candidate_000096,0.6885440564371549,-975.9915161132812,670.3599243164062,1140.5510782102267,-0.6013189306180393,0.02199750263601269,5.118189088201728,35,8205.40417516529,2400.2221945117976,1.777119445522348,-2.518276220335741,8063.43789146887,1.209923046932051,0.7409286393094572,0.6765456993478751,0.5837311338464669,1.0,0.2221399306902935,0.9942315664294157,0.8333333333333334,1.0,0.09704584917268119,0.09704584917268119,inside_convoy_envelope,inside,True,0.08062896877527237,1.642892599105835,2.007685899734497,1.6848200559616089,vae_candidate_pool_v1,belief_limited_heuristic_v1,525
VAE000627,vae_candidate_000627,0.6882929233474029,463.98944091796875,4868.14794921875,4918.010062377614,-1.653216655783324,0.02886890444254058,4.63866386948055,35,8133.658076827002,2298.6229904561656,1.8720368212546048,-1.4595070933639285,3187.724340590686,0.3264082843296108,0.30162868451787356,0.9736000546415189,0.9938137421020178,0.7589819858549253,0.2340046026568256,0.9504431581673608,0.8333333333333334,0.0,0.07064802511946462,0.0,port_vae,port,False,0.06759238988161087,0.8715770840644836,2.390066385269165,1.6030099391937256,vae_candidate_pool_v1,belief_limited_heuristic_v1,526
VAE000159,vae_candidate_000159,0.6881096683060101,3452.0224609375,2890.7197265625,4561.875146669776,-2.425497198799471,-0.008689734180885618,4.773104897622567,36,8308.339925462833,2438.7669218974224,1.7767157329105434,-0.7247851889712076,7836.811626912668,0.0407024418839419,0.4133345568558953,0.999585884982549,0.6629746414339158,1.0,0.22208946661381793,0.8815585713866638,0.8571428571428571,0.0,0.068728108102052,0.0,ahead_vae,ahead,False,0.05628209561109543,0.8893758058547974,2.4428212642669678,1.0776562690734863,vae_candidate_pool_v1,belief_limited_heuristic_v1,527
VAE000960,vae_candidate_000960,0.6880466925564445,560.0298461914062,2077.0048828125,2190.301592718138,-1.8499034605610578,0.04972024885287848,5.170649755217422,37,8062.608833930321,2500.084460753997,1.8355721223813595,-1.2419689441758568,4969.82028299466,2.8491535311631817,0.9917218976156786,0.02122822336418584,0.9464216715096341,1.0,0.22944651529766993,0.9693571984296979,0.8809523809523809,1.0,0.07511143171461382,0.07511143171461382,inside_convoy_envelope,inside,True,0.07187138497829437,2.1804001331329346,1.9727050065994263,1.7002469301223755,vae_candidate_pool_v1,belief_limited_heuristic_v1,528
VAE000630,vae_candidate_000630,0.6873969308262198,-588.7006225585938,-4990.31591796875,5090.798519699648,1.3906941540207036,-0.00621772784107505,5.383537311613622,39,8152.698922221898,2462.204290716042,1.9428493171307832,1.7446807717280148,3835.5690961825076,0.4578453358667875,0.25443877965864486,0.9485034879263362,0.9849201533518659,0.9132307371863113,0.2428561646413479,0.9397981820616331,0.9285714285714286,0.0,0.06799028289730812,0.0,starboard_vae,starboard,False,0.06552150100469589,0.7498563528060913,1.8826470375061035,1.6081126928329468,vae_candidate_pool_v1,belief_limited_heuristic_v1,529
VAE000342,vae_candidate_000342,0.6868806689089068,2212.40625,163.51962280273438,2247.6530656245145,-3.0732572514987395,0.05286680699925103,5.0130084577606855,34,8355.135707067553,2443.28575563868,1.6655249607764384,-0.015468595091802567,8391.928820131448,1.076532252446283,0.9956221649548251,0.7371919655740227,0.015467978218225657,1.0,0.2081906200970548,0.9974286864509034,0.8095238095238095,0.0,0.07531462055326674,0.0,ahead_vae,ahead,False,0.0916944295167923,0.8442785739898682,1.5172269344329834,1.3787424564361572,vae_candidate_pool_v1,belief_limited_heuristic_v1,530
VAE000392,vae_candidate_000392,0.6867526466839112,2244.903564453125,4551.0,5037.640697772771,-2.021390477356089,0.02123518654876334,4.660777838039186,33,8197.333497576477,2384.7247639821353,1.6881190628732419,-1.0989669896849406,5849.9890952767855,0.14952787106083146,0.26843380390208027,0.9944207608995036,0.8907383151642283,1.0,0.21101488285915523,0.9672243464302828,0.7857142857142857,0.0,0.06916022180695007,0.0,ahead_vae,ahead,False,0.07133589684963226,2.270198345184326,2.447678565979004,1.4466785192489624,vae_candidate_pool_v1,belief_limited_heuristic_v1,531
VAE000115,vae_candidate_000115,0.6852874069639988,3599.27587890625,-3200.8056640625,4685.348985437253,2.41813812686357,-0.009621134645308007,5.33803844638262,38,8283.086895201355,2326.958712343579,1.97152687517353,0.7138333920809148,7784.377789090326,0.08693692290872557,0.37258109345056883,0.9981116826380882,0.6547360730030177,1.0,0.24644085939669125,0.978016245677379,0.9047619047619048,0.0,0.07033278027117192,0.0,ahead_vae,ahead,False,0.0742555633187294,1.7539794445037842,2.871583938598633,1.5121039152145386,vae_candidate_pool_v1,belief_limited_heuristic_v1,532
VAE000891,vae_candidate_000891,0.6852713271817823,824.1537475585938,5010.8515625,5211.170788468955,-1.7496903621255908,0.030322679485464396,5.0694953688971225,39,8079.619016710793,2365.405726759924,2.040647917852171,-1.361579611978738,3991.9118924179775,0.3291159985240486,0.224497527240753,0.973164214180004,0.9781938982300106,0.9504552124804708,0.2550809897315214,0.9154788199443777,0.9285714285714286,0.0,0.0693723189383473,0.0,port_vae,port,False,0.06133377552032471,1.9903793334960938,2.9097373485565186,1.2054059505462646,vae_candidate_pool_v1,belief_limited_heuristic_v1,533
VAE000704,vae_candidate_000704,0.6851086270566281,-238.86627197265625,5090.2890625,5095.567524255464,-1.526621791843432,-0.07009270135802388,4.87507476420458,36,8229.220659581115,2450.8676032282583,1.7849413145420137,-1.685063563104385,3373.1698364007884,0.23846398784048484,0.25320625045394957,0.9858509714890917,0.9934785998155624,0.803135675333521,0.2231176643177517,0.9846538271134156,0.8571428571428571,0.0,0.06812823504443077,0.0,port_vae,port,False,0.09811882674694061,1.5307585000991821,1.4926577806472778,1.3400951623916626,vae_candidate_pool_v1,belief_limited_heuristic_v1,534
VAE000518,vae_candidate_000518,0.6850447785175916,2521.798583984375,4352.25732421875,4921.275353700068,-2.0573649843205044,0.0032089283516362173,4.856728371165083,31,8218.984185765781,2426.062555224241,1.554681942153794,-1.0810187409176526,6007.302318008539,0.13440624293890327,0.30069191534690437,0.9954905352387529,0.882437510629683,1.0,0.19433524276922426,0.8823738172511808,0.7380952380952381,0.0,0.06862117353092975,0.0,ahead_vae,ahead,False,0.05639589950442314,2.259622812271118,1.8898721933364868,1.9094882011413574,vae_candidate_pool_v1,belief_limited_heuristic_v1,535
VAE000173,vae_candidate_000173,0.6850042357921693,-1071.614013671875,4707.751953125,4952.815976897387,-1.3140179488858124,-0.03251153090042757,4.975571270897644,32,8063.384585250559,2300.1874191108827,1.7253189026719244,-1.8600862356044083,4504.862538635335,0.5393214820879155,0.29173121882277864,0.9290286671889373,0.958446686064176,1.0,0.21566486283399056,0.9190101110581584,0.7619047619047619,0.0,0.07061428814237444,0.0,port_vae,port,False,0.061905357986688614,0.7762812376022339,1.8947778940200806,1.2167961597442627,vae_candidate_pool_v1,belief_limited_heuristic_v1,536
VAE001177,vae_candidate_001177,0.6843621931214222,3832.83935546875,705.4110107421875,3825.179078601052,-2.949803725307966,0.00810496272820617,5.0873270325705295,38,8359.75451029957,2278.1690047801785,1.995281305375067,-0.1836839655536211,8635.23630727475,0.03378356481077738,0.681160346125349,0.9997146948243127,0.18265279664424905,1.0,0.2494101631718834,0.8719913335948505,0.9047619047619048,0.0,0.07214586919342131,0.0,ahead_vae,ahead,False,0.0549689345061779,1.1722708940505981,1.508050799369812,1.03751540184021,vae_candidate_pool_v1,belief_limited_heuristic_v1,537
VAE000396,vae_candidate_000396,0.6838858781039205,-1209.74658203125,-2432.1298828125,2806.7915960836654,1.144046150630823,0.03644009221333928,4.864032085966819,37,8221.705405237644,2528.5096779045343,1.7798163517604295,2.0339865951723097,5935.579623057058,2.359905693723381,0.9692026550741005,0.14513693857532145,0.8946316263979484,1.0,0.2224770439700537,0.7817603331042979,0.8809523809523809,0.0,0.07115232914824009,0.0,astern_vae,astern,False,0.04396549239754677,1.0855505466461182,2.4771060943603516,1.0636818408966064,vae_candidate_pool_v1,belief_limited_heuristic_v1,538
VAE000158,vae_candidate_000158,0.6838252745153378,3647.798583984375,-2796.56201171875,4595.922515502773,2.4516011608360926,-0.053244780315601065,5.178292533940798,38,8197.571207292558,2534.559796150561,1.8289248344434568,0.6367467124380994,8098.134660826787,0.017484250427913132,0.40190260339550776,0.9999235771936379,0.594582837493181,1.0,0.2286156043054321,0.9824799748152682,0.9047619047619048,0.0,0.06740474658073439,0.0,ahead_vae,ahead,False,0.07566451281309128,1.3125299215316772,2.068424940109253,1.5798039436340332,vae_candidate_pool_v1,belief_limited_heuristic_v1,539
VAE000090,vae_candidate_000090,0.6836708258852875,-877.1421508789062,-5105.201171875,5183.323322345128,1.4267853500336898,0.0088067437436224,5.229702862580178,37,8520.576097212497,2507.24507098306,1.7319525054464724,1.7236140472997257,3775.0587382219187,0.3797831764487151,0.23120738258484672,0.9643725190199508,0.9883460784076216,0.8988235091004568,0.21649406318080905,0.9924310435954006,0.8809523809523809,0.0,0.06720607267508513,0.0,starboard_vae,starboard,False,0.09487304836511612,1.7334935665130615,2.9607810974121094,1.2832878828048706,vae_candidate_pool_v1,belief_limited_heuristic_v1,540
VAE000391,vae_candidate_000391,0.6833114118241357,3829.5859375,2180.76220703125,4367.009523453704,-2.582138699433092,0.018535470955178306,4.4989553955780535,36,8119.143736598722,2273.8636698165137,1.9499696321096525,-0.5409184832015229,8130.889055169019,0.1836931760020417,0.48123292781109395,0.991587898491223,0.5149235656925069,1.0,0.24374620401370656,0.9175564076821717,0.8571428571428571,0.0,0.07157055352689458,0.0,ahead_vae,ahead,False,0.06166877970099449,2.3052592277526855,2.0298190116882324,1.27371084690094,vae_candidate_pool_v1,belief_limited_heuristic_v1,541
VAE000604,vae_candidate_000604,0.683221180455792,-956.5376586914062,-350.6602478027344,991.0651162243022,0.3498334569237579,-0.0494997589397824,4.900659506823031,33,8222.373786761478,2374.4114513805866,1.6902881467075987,2.742259437726253,8498.622018131406,0.3440396962288137,0.6871142298350265,0.9706998950895724,0.3888041069267408,1.0,0.21128601833844984,0.7962708969293012,0.7857142857142857,1.0,0.10520458555253757,0.10520458555253757,inside_convoy_envelope,inside,True,0.045614130795001984,2.371896982192993,1.9691530466079712,1.2120811939239502,vae_candidate_pool_v1,belief_limited_heuristic_v1,542
VAE000379,vae_candidate_000379,0.6828604031227089,-1193.9755859375,-452.4868469238281,1268.4686081231462,0.35397298020495155,0.03953147090224008,4.858952913081979,37,8275.672665512087,2678.0784972557353,1.6694565379128028,2.827151144287082,8698.20092411365,0.953663820384103,0.7850289769688086,0.7893494918469386,0.30928541200485377,1.0,0.20868206723910035,0.9356200941527535,0.8809523809523809,0.0,0.08933860988185391,0.0,astern_vae,astern,False,0.06475479900836945,1.882198452949524,2.929749011993408,1.8287737369537354,vae_candidate_pool_v1,belief_limited_heuristic_v1,543
VAE000866,vae_candidate_000866,0.682463053205135,-3776.08544921875,-1399.318115234375,4084.729367519802,0.36109250661816905,-0.04056159031719516,4.811501275940559,31,8329.199099189425,2523.553792942363,1.4748433136490566,2.7399385566544296,8652.886258425418,0.07917074839821264,0.5847662360607078,0.9984338164767905,0.3909413330500663,1.0,0.18435541420613208,0.8883541492715812,0.7380952380952381,0.0,0.06810956102124732,0.0,astern_vae,astern,False,0.11729231476783752,1.4410713911056519,1.4916647672653198,1.3929834365844727,vae_candidate_pool_v1,belief_limited_heuristic_v1,544
VAE001064,vae_candidate_001064,0.6823839858086042,-808.1149291992188,5058.96826171875,5208.970653582246,-1.3878779998748172,0.016576012422628135,4.951752362547892,35,7999.995229393794,2480.2217718668585,1.7639562149451533,-1.7371386412923477,3770.5965824366212,0.31247913746362865,0.22502289099994988,0.9757871808941407,0.9861969884592168,0.8977610910563384,0.22049452686814416,0.999870404757803,0.8333333333333334,0.0,0.0676979653209382,0.0,port_vae,port,False,0.08825993537902832,1.3296960592269897,1.4787489175796509,1.443482756614685,vae_candidate_pool_v1,belief_limited_heuristic_v1,545
VAE001038,vae_candidate_001038,0.6821608751658781,73.9388427734375,4917.783203125,4864.185713384094,-1.5787920140525538,0.01793024111455354,5.032282035162781,38,8516.906139642233,2424.715679670877,1.8400978360311364,-1.544870398422686,2644.684797558918,0.3786307100440469,0.31731318833169425,0.9645858312444817,0.9996639419432094,0.6296868565616471,0.23001222950389205,0.9404184880036871,0.9047619047619048,0.0,0.06861230394831686,0.0,port_vae,port,False,0.06563735008239746,2.234325647354126,1.9456243515014648,1.6518023014068604,vae_candidate_pool_v1,belief_limited_heuristic_v1,546
VAE000745,vae_candidate_000745,0.6818518072196821,412.91156005859375,4884.4775390625,4986.6725440058035,-1.6714244309565978,-0.0005383228794416473,5.010963521696574,36,8145.663794778489,2624.7471180090038,1.6837924282792742,-1.470706545512637,3425.5478973908703,0.423748171653563,0.28229132847378324,0.9557770869145393,0.9949951980956745,0.8156066422359215,0.21047405353490928,0.9075913003307444,0.8571428571428571,0.0,0.06594149341086249,0.0,port_vae,port,False,0.060092926025390625,1.7040270566940308,2.4692344665527344,1.1162222623825073,vae_candidate_pool_v1,belief_limited_heuristic_v1,547
VAE000580,vae_candidate_000580,0.68137477958001,464.66717529296875,5051.900390625,4983.189396373447,-1.6575968478843393,0.009625506243344767,5.150153364632612,37,8129.838936383858,2355.580525113899,1.9320654185184627,-1.474370299462109,3127.351750600167,0.36696178739440666,0.2832538979411943,0.9667108527245754,0.9953546116938586,0.7446075596667064,0.24150817731480784,0.927443357609955,0.8809523809523809,0.0,0.06967211598932442,0.0,port_vae,port,False,0.06331606209278107,1.6258165836334229,2.9490294456481934,1.6092573404312134,vae_candidate_pool_v1,belief_limited_heuristic_v1,548
VAE000403,vae_candidate_000403,0.6812623290292382,-269.74737548828125,479.3123779296875,505.4173220223251,-1.0934223797607439,0.017345140073119894,4.420130746211883,33,8338.04706251433,2430.2367323117187,1.6285497003587197,-2.030825133755929,5879.464046769549,0.21092582733620555,0.5073603657062892,0.9889187488576554,0.8960397083579187,1.0,0.20356871254483996,0.8386475799543902,0.7857142857142857,1.0,0.17171536924730801,0.17171536924730801,inside_convoy_envelope,inside,True,0.050659798085689545,0.7311758995056152,2.9399542808532715,1.8691315650939941,vae_candidate_pool_v1,belief_limited_heuristic_v1,549
VAE000302,vae_candidate_000302,0.6812461204981844,3757.685302734375,1949.5819091796875,4376.699264999551,-2.6193436881026595,0.013469629554158117,5.465568168965722,34,8292.817874501321,2376.119997813949,1.7254740017932644,-0.5087793359329755,8399.88306171849,0.023899591716215692,0.47776915796574554,0.9998572091758737,0.4871115555902193,1.0,0.21568425022415805,0.9893184470509794,0.8095238095238095,0.0,0.06985714530270903,0.0,ahead_vae,ahead,False,0.07822310924530029,0.7524773478507996,2.9499125480651855,1.458847999572754,vae_candidate_pool_v1,belief_limited_heuristic_v1,550
VAE000619,vae_candidate_000619,0.6809544625019507,3839.82861328125,-2421.24560546875,4539.2290189585065,2.5982520011368706,0.05297895055634957,5.025968573847065,36,8314.908796902995,2335.353411601952,1.853926014930814,0.5963196030092723,8191.360159627013,0.06389282792334328,0.4210156735950275,0.9989797737777464,0.561601093411293,1.0,0.23174075186635176,0.9917636525258955,0.8571428571428571,0.0,0.0703247708203099,0.0,ahead_vae,ahead,False,0.07933027297258377,0.7878777384757996,2.5187923908233643,1.2254732847213745,vae_candidate_pool_v1,belief_limited_heuristic_v1,551
VAE000831,vae_candidate_000831,0.6807006035200883,-1597.241455078125,4700.93505859375,5012.890360539672,-1.2189936054340165,-0.027186609191176436,5.741416571894062,36,8197.4809202372,2387.062045580835,1.8397481662617992,-1.9497856573469532,5250.591814625399,0.4619588738120328,0.27510972468447553,0.947590570300638,0.9290390392052681,1.0,0.2299685207827249,0.8595477751331723,0.8571428571428571,0.0,0.06914239753412288,0.0,port_vae,port,False,0.05331668257713318,2.161020517349243,1.9363656044006348,1.929353952407837,vae_candidate_pool_v1,belief_limited_heuristic_v1,552
VAE000648,vae_candidate_000648,0.6802300930268806,739.4798583984375,5069.8232421875,5138.431309469471,-1.7217607049269619,-0.029050052938844134,5.135116202350593,35,8221.133158469287,2295.0516262945425,1.8549999511347879,-1.4488820016016755,3277.8098761528945,0.1305825600678141,0.24229931423022316,0.9957431028939394,0.9925776487564534,0.7804309228935463,0.23187499389184849,0.9830227025887568,0.8333333333333334,0.0,0.07052813556698462,0.0,port_vae,port,False,0.09868572652339935,1.275840163230896,2.017951011657715,1.2028744220733643,vae_candidate_pool_v1,belief_limited_heuristic_v1,553
VAE000909,vae_candidate_000909,0.6795215909034837,2290.0107421875,98.47388458251953,2204.8473845538765,-3.0996842417441997,-0.007312962212668341,4.241087595136313,36,8215.229495682923,2421.5773768227746,1.8096077602394836,-0.0492213740582618,8324.425049659974,1.179591449761473,0.9928265066537023,0.6906512702862886,0.04920150133704969,1.0,0.22620097002993544,0.9369597072080119,0.8571428571428571,0.0,0.07596263867966994,0.0,ahead_vae,ahead,False,0.06499812006950378,1.2795051336288452,1.9985389709472656,1.8178038597106934,vae_candidate_pool_v1,belief_limited_heuristic_v1,554
VAE001069,vae_candidate_001069,0.679323423562225,-227.8641357421875,-4975.234375,4984.91466794769,1.5365651659953867,0.013841619037378664,4.813348784364265,37,8457.863288868373,2326.461246454802,1.8803783423676874,1.6188691066317855,2730.2099595986974,0.2637940867828794,0.28277687091380294,0.9827038194606887,0.9988447264307677,0.6500499903806423,0.23504729279596093,0.9732897619449281,0.8809523809523809,0.0,0.07005632764861157,0.0,starboard_vae,starboard,False,0.10162529349327087,1.2138879299163818,1.9569333791732788,1.9353206157684326,vae_candidate_pool_v1,belief_limited_heuristic_v1,555
VAE000659,vae_candidate_000659,0.6793095225538969,-1447.887939453125,71.25296783447266,1459.5535919182096,-0.031840507841318366,-0.04469060774832259,5.062880434860363,37,8153.141531428896,2587.3190228001986,1.7539885788107412,3.1287425536827893,8185.7147896160795,0.6757801091545812,0.8460381535451611,0.8901096127534613,0.012849746264321029,1.0,0.21924857235134265,0.997137834039956,0.8809523809523809,0.0,0.08459208780991274,0.0,astern_vae,astern,False,0.09193849563598633,0.8156059980392456,1.976779580116272,1.6771721839904785,vae_candidate_pool_v1,belief_limited_heuristic_v1,556
VAE000004,vae_candidate_000004,0.6792787069528847,1642.347412109375,-5007.80517578125,5246.84945692752,1.8919473683558723,0.011183844287241838,4.864685780747872,37,8106.803102823058,2410.918868807504,1.8930823355735744,1.260829129521163,4768.820146871458,0.2563926486838355,0.216091924441771,0.9836555340944015,0.9523435761282937,1.0,0.2366352919466968,0.879567334757535,0.8809523809523809,0.0,0.06864433865681796,0.0,starboard_vae,starboard,False,0.056005433201789856,2.149911880493164,2.514835834503174,1.534699559211731,vae_candidate_pool_v1,belief_limited_heuristic_v1,557
VAE000307,vae_candidate_000307,0.6792740048773458,-1067.111328125,-5013.6201171875,5234.625044069066,1.3543952843770108,-0.06553991464666482,5.635351719220716,36,8188.594521388469,2540.9512950251374,1.7302019363542638,1.7216574545661179,3742.7513008544656,0.36840004088583767,0.21894771262901244,0.9664523609738132,0.9886420260188508,0.8911312621082061,0.21627524204428297,0.9994763186902167,0.8571428571428571,0.0,0.06680594781356228,0.0,starboard_vae,starboard,False,0.08926373720169067,2.1017138957977295,1.5586023330688477,1.3561840057373047,vae_candidate_pool_v1,belief_limited_heuristic_v1,558
VAE000548,vae_candidate_000548,0.6791769678250024,3539.131591796875,131.2720947265625,3618.838914154849,-3.087930513147657,-0.009285330907643235,5.071471624903147,33,8404.802187150379,2584.6445261431777,1.5190974043938221,-0.06294747134977947,8550.74557123635,0.07861953939898214,0.7551598990452982,0.9984555377829557,0.06290590924109994,1.0,0.18988717554922777,0.9116149884353013,0.7857142857142857,0.0,0.06808688648251039,0.0,ahead_vae,ahead,False,0.06072001904249191,0.6645229458808899,1.518093466758728,1.4394195079803467,vae_candidate_pool_v1,belief_limited_heuristic_v1,559
VAE000197,vae_candidate_000197,0.6790767031768433,-456.43096923828125,-4721.18212890625,4771.14822382977,1.51037635220263,-0.029071242413883078,4.890463442738093,36,8347.547914315694,2533.3703307512,1.7023344975903663,1.6021450589732809,2793.7677911956434,0.5578812994648235,0.34547847673073867,0.9241893165178146,0.9995086687350784,0.6651828074275341,0.21279181219879578,0.9121484118537094,0.8571428571428571,0.0,0.06721874166021889,0.0,starboard_vae,starboard,False,0.060804057866334915,1.515226125717163,1.990729808807373,1.1339044570922852,vae_candidate_pool_v1,belief_limited_heuristic_v1,560
VAE000341,vae_candidate_000341,0.6788355769984575,3956.93896484375,-1048.4864501953125,4068.2297215592544,2.8821636093273844,0.027239712895264164,4.9998185606712955,34,8433.985912712062,2330.3981252901362,1.7298797845333482,0.28666875715767337,8748.744386048022,0.013342263445997204,0.5909137906545704,0.9999554966617324,0.2827585013272625,1.0,0.21623497306666853,0.9985371376153275,0.8095238095238095,0.0,0.0709143406734858,0.0,ahead_vae,ahead,False,0.08392752707004547,0.9546878337860107,2.0077576637268066,1.5422070026397705,vae_candidate_pool_v1,belief_limited_heuristic_v1,561
VAE000540,vae_candidate_000540,0.6784926910046686,3634.57373046875,182.35214233398438,3588.3860954309466,-3.1315994164505607,-0.012574841669541911,4.414877362048664,38,8307.637621537977,2407.123366745799,1.900236708566545,-0.022568078808774303,8359.841634469565,0.01910929934987582,0.7656974587851575,0.9999087114475911,0.02256616313541761,1.0,0.23752958857081813,0.844629999238039,0.9047619047619048,0.0,0.0705488946279183,0.0,ahead_vae,ahead,False,0.05140678212046623,1.5783631801605225,1.9992347955703735,1.9248414039611816,vae_candidate_pool_v1,belief_limited_heuristic_v1,562
VAE000951,vae_candidate_000951,0.6784239784527428,3674.799072265625,1310.432373046875,3906.5157271049557,-2.8344042193006267,0.03915568953028115,5.2677212604750085,35,8205.487391215123,2423.387603844926,1.76011392904752,-0.2680327447588853,8554.297995162666,0.0900637994726825,0.6511378176898215,0.9979734983905022,0.2648349384270689,1.0,0.22001424113094,0.7906951366115815,0.8333333333333334,0.0,0.0697844853130158,0.0,ahead_vae,ahead,False,0.1295562982559204,2.37768292427063,1.507792353630066,1.6555593013763428,vae_candidate_pool_v1,belief_limited_heuristic_v1,563
VAE000976,vae_candidate_000976,0.6784192431087059,-13.637542724609375,-5029.8154296875,4989.236096094855,1.5467610205221973,-0.04847581987064049,5.083482191390044,38,8233.92549695668,2613.227076280473,1.7660358451779898,1.5463558131969555,2813.667958087243,0.3588558285639081,0.2815841548315453,0.9681496365504728,0.9997013455144688,0.6699209424017245,0.22075448064724873,0.9634763952664499,0.9047619047619048,0.0,0.06605506585819045,0.0,starboard_vae,starboard,False,0.07043346762657166,1.349181890487671,2.951087474822998,1.773357629776001,vae_candidate_pool_v1,belief_limited_heuristic_v1,564
VAE000901,vae_candidate_000901,0.6783378842841384,889.3873901367188,-553.7207641601562,1015.7892041803796,2.5605313823374383,-0.0027824440729882524,4.864466447755329,37,8421.958284288097,2537.821323128182,1.7311216827596998,0.5782788271793671,8439.71814712206,1.0109387485551495,0.6961429243110894,0.7655327624848591,0.5465834289815138,1.0,0.21639021034496247,0.8709291202705889,0.8809523809523809,1.0,0.10212448087948642,0.10212448087948642,inside_convoy_envelope,inside,True,0.0548255518078804,2.2779006958007812,2.948910713195801,1.0600765943527222,vae_candidate_pool_v1,belief_limited_heuristic_v1,565
VAE001138,vae_candidate_001138,0.6777355899027574,-726.4979858398438,-1722.2745361328125,1886.9411604138277,1.165048591440618,-0.023176177829141678,5.069609389456733,34,8113.246824236968,2549.296169402525,1.6438566209432688,1.9533678843200335,5393.736455311726,2.4157237293993323,0.9514579316981414,0.12603853747923383,0.9277077227181877,1.0,0.2054820776179086,0.8061477318209788,0.8095238095238095,1.0,0.07755740449442482,0.07755740449442482,inside_convoy_envelope,inside,True,0.04675674811005592,1.5646148920059204,1.4973490238189697,1.5460538864135742,vae_candidate_pool_v1,belief_limited_heuristic_v1,566
VAE000410,vae_candidate_000410,0.6775908576373735,-1463.491943359375,-505.5732116699219,1488.4868518759442,0.26445495790709544,0.02656672583976043,5.622360468648205,38,8195.659273325658,2191.146049413992,2.11606193907551,2.9037044215224586,8481.196770772232,1.0083925896308208,0.8546513532827089,0.7666106199869693,0.2356508575398507,1.0,0.26450774238443875,0.7765097724425449,0.9047619047619048,0.0,0.08880763000541289,0.0,astern_vae,astern,False,0.04337689280509949,1.0840837955474854,2.401078462600708,1.295935034751892,vae_candidate_pool_v1,belief_limited_heuristic_v1,567
VAE000574,vae_candidate_000574,0.6771955909074183,627.8136596679688,-1863.55908203125,2125.902281754434,1.8971942439131195,-0.029092173331940734,4.707259225170008,36,8254.966950192229,2692.6176402315878,1.6196175543091438,1.2153062363447324,5397.404534128622,2.814263641984038,0.985898190192041,0.02654775847418117,0.9374760255015779,1.0,0.20245219428864297,0.8839339130098497,0.8571428571428571,1.0,0.07347788896059607,0.07347788896059607,inside_convoy_envelope,inside,True,0.05661456286907196,1.0358508825302124,1.958869218826294,1.3540922403335571,vae_candidate_pool_v1,belief_limited_heuristic_v1,568
VAE000880,vae_candidate_000880,0.6768790870123711,-1786.68017578125,186.96359252929688,1721.808348627779,-0.09775357004422339,0.04580419018826416,4.937655078320646,34,8225.326216201478,2696.5870220604615,1.5328912525548795,-2.9980348933573056,8526.502196090516,0.9573789670039569,0.916726671011185,0.7878325708789911,0.14306517516151784,1.0,0.19161140656935993,0.756987448205364,0.8095238095238095,0.0,0.07833842178140057,0.0,astern_vae,astern,False,0.04122080281376839,1.6777642965316772,1.4894939661026,1.20930016040802,vae_candidate_pool_v1,belief_limited_heuristic_v1,569
VAE001152,vae_candidate_001152,0.6763569936683619,3226.130859375,-3705.243896484375,4840.524743722861,2.319591764649757,-0.009467720609797982,4.842485377080366,38,8337.923644490676,2385.3070305599826,1.9106511263274726,0.8125331683302381,7465.4768807989985,0.20431591669707405,0.32435121283186896,0.9896000061591,0.7260314642431812,1.0,0.23883139079093407,0.9143628940206004,0.9047619047619048,0.0,0.06926674096646897,0.0,ahead_vae,ahead,False,0.061155300587415695,1.9093716144561768,2.927633762359619,1.5181459188461304,vae_candidate_pool_v1,belief_limited_heuristic_v1,570
VAE001075,vae_candidate_001075,0.6763223184912582,3772.001220703125,145.798828125,3633.318747610946,-3.0982134588521997,0.012230053747250528,5.177956452329789,35,8201.619290597797,2499.649964069481,1.7072190234137423,-0.03114914099034291,8275.490082489227,0.017612666755739692,0.7501081878677263,0.9999224504971626,0.031144104060475502,1.0,0.2134023779267178,0.9164548124418532,0.8333333333333334,0.0,0.06919623667471285,0.0,ahead_vae,ahead,False,0.061490703374147415,0.7018576860427856,2.998079299926758,1.4152148962020874,vae_candidate_pool_v1,belief_limited_heuristic_v1,571
VAE000372,vae_candidate_000372,0.6761980786192033,1756.26171875,-5174.72021484375,5504.371860155638,1.9134735126485944,0.027268734794576702,4.472226532912849,38,8307.625035625051,2225.74729982574,2.055090042606401,1.2553878757357755,4693.015795320272,0.1538846389828188,0.16174040083830252,0.9940915528625447,0.9506697547400089,1.0,0.2568862553258001,0.9972485231245717,0.9047619047619048,0.0,0.07150452895247653,0.0,starboard_vae,starboard,False,0.09184713661670685,1.6855260133743286,2.04740047454834,1.1241594552993774,vae_candidate_pool_v1,belief_limited_heuristic_v1,572
VAE000543,vae_candidate_000543,0.6752532116638552,3687.655517578125,-1522.659423828125,4051.143256055419,2.761197441251085,-0.0631523078821227,5.131769218448197,34,8437.261144008338,2447.6765689588246,1.6463546524805954,0.3172429044565857,8779.782599670521,0.007337623118399251,0.5972833142434993,0.999986539882135,0.311948235590967,1.0,0.20579433156007443,0.8655902957340063,0.8095238095238095,0.0,0.06916643408970626,0.0,ahead_vae,ahead,False,0.05411168560385704,1.2369427680969238,2.511121988296509,1.588011384010315,vae_candidate_pool_v1,belief_limited_heuristic_v1,573
VAE000814,vae_candidate_000814,0.6748285736324704,3787.027587890625,-2061.759033203125,4427.184664072696,2.640714782326051,-0.00736608539955547,5.094262762436307,36,8180.049472525029,2397.851564368669,1.8353727326639886,0.4935117858641871,8339.876428666019,0.14006218524510805,0.4598573816087646,0.9951036583876353,0.4737215438357904,1.0,0.22942159158299857,0.977318486311734,0.8571428571428571,0.0,0.0695015140757863,0.0,ahead_vae,ahead,False,0.10048457980155945,1.0205965042114258,2.9590001106262207,1.3877928256988525,vae_candidate_pool_v1,belief_limited_heuristic_v1,574
VAE000218,vae_candidate_000218,0.6747179190692124,3559.55029296875,3076.35595703125,4666.345585961192,-2.4608958685594158,0.012640416837900877,4.121564632519657,36,8104.672095920075,2363.920141018185,1.8790323246947358,-0.6680563681924765,7826.744831213577,0.0853506846242791,0.37872330824528294,0.9981799204615256,0.6194613543240832,1.0,0.23487904058684198,0.9396071074600384,0.8571428571428571,0.0,0.06980726396713845,0.0,ahead_vae,ahead,False,0.06548592448234558,2.001945972442627,1.4826910495758057,1.5119563341140747,vae_candidate_pool_v1,belief_limited_heuristic_v1,575
VAE000997,vae_candidate_000997,0.6743045838264083,-1019.6749877929688,523.7561645507812,1132.2990892040616,-0.5004930370918704,0.01403191483426929,5.052830615081284,37,8247.93036219822,2575.2469202622315,1.7419587318903562,-2.627067701663653,8447.37681367711,1.2075539409047225,0.7380135316743871,0.677653457437119,0.4921213625949022,1.0,0.21774484148629453,0.992351001935227,0.8809523809523809,1.0,0.09570855547768078,0.09570855547768078,inside_convoy_envelope,inside,True,0.07961960881948471,0.7901394963264465,1.9705911874771118,1.1783841848373413,vae_candidate_pool_v1,belief_limited_heuristic_v1,576
VAE000875,vae_candidate_000875,0.674139420989809,3768.84912109375,-911.0459594726562,3876.0942355856355,2.8694273174015796,-0.020905426889406248,5.756437762909269,32,8257.83506827277,2538.5990906975358,1.5264748509952712,0.25125990929880726,8629.696543769065,0.09392842685817993,0.6624026337327432,0.9977959837921999,0.2486245043404406,1.0,0.1908093563744089,0.7953538998445588,0.7619047619047619,0.0,0.06824291728695059,0.0,ahead_vae,ahead,False,0.12902399897575378,1.8166241645812988,1.8830310106277466,1.1735649108886719,vae_candidate_pool_v1,belief_limited_heuristic_v1,577
VAE000034,vae_candidate_000034,0.6740016542670169,3010.18896484375,-3673.52001953125,4850.84218036637,2.256742927433134,-0.0328422540494251,4.358034905748892,34,8370.356294731939,2132.02406863895,1.9052100738434965,0.8520074721072339,7116.228389779069,0.15029376770736302,0.3212716293674245,0.9943635675869483,0.7526037881984539,1.0,0.23815125923043706,0.9019345227459062,0.8095238095238095,0.0,0.07370660880512367,0.0,ahead_vae,ahead,False,0.059230510145425797,1.4631391763687134,2.911081075668335,1.8736956119537354,vae_candidate_pool_v1,belief_limited_heuristic_v1,578
VAE000741,vae_candidate_000741,0.6726700340713287,-735.4641723632812,-396.64422607421875,828.9299126895548,0.4713008237350877,0.008139052906373323,4.965971246146693,34,8433.720552512626,2392.7553827191973,1.684850644506258,2.6784308827610794,8614.21336381299,0.2976574002377295,0.6271371498096491,0.9780130763621437,0.44677899586564446,1.0,0.21060633056328226,0.8307203837777396,0.8095238095238095,1.0,0.11755818967447992,0.11755818967447992,inside_convoy_envelope,inside,True,0.04968489706516266,2.377460241317749,2.1321663856506348,1.9361516237258911,vae_candidate_pool_v1,belief_limited_heuristic_v1,579
VAE000563,vae_candidate_000563,0.6722375057860398,1801.504150390625,-4985.32080078125,5385.766542614493,1.8924784889031667,-0.07940972261594048,4.659295952551421,40,8215.308173209734,2387.4588287390625,2.039389791170384,1.1697044420706864,5405.430598859561,0.2087059488329082,0.18540405759708484,0.9891499267679095,0.9206352450980332,1.0,0.254923723896298,0.9018999842771935,0.9523809523809523,0.0,0.06888498591141114,0.0,starboard_vae,starboard,False,0.059225309640169144,2.1830332279205322,2.4355504512786865,1.4556303024291992,vae_candidate_pool_v1,belief_limited_heuristic_v1,580
VAE001202,vae_candidate_001202,0.6719902524506924,-398.74420166015625,5050.5244140625,5063.446268470473,-1.5189879963729127,-0.009781002695127501,5.4707726864309505,32,8223.683202052283,2614.375477098116,1.4883862365090572,-1.632385659912008,3115.589577009214,0.34518304337507555,0.26158118343725095,0.9705067660901536,0.9981039764770805,0.7418070421450509,0.18604827956363215,0.9841468027509628,0.7619047619047619,0.0,0.06598716659219575,0.0,port_vae,port,False,0.0762348622083664,2.0622119903564453,1.4919605255126953,1.9148180484771729,vae_candidate_pool_v1,belief_limited_heuristic_v1,581
VAE000996,vae_candidate_000996,0.6716610605975476,2733.179931640625,-4126.81982421875,4984.826719377476,2.194149352125124,-0.006595920344219144,5.446601107540521,34,8239.257312918857,2554.574535020185,1.6153709640370415,0.9408473811204499,6918.018683492824,0.0469434164475806,0.28280117640923974,0.9994491800769739,0.8080575856473291,1.0,0.2019213705046302,0.8783731627320578,0.8095238095238095,0.0,0.06679428682941861,0.0,ahead_vae,ahead,False,0.1186925396323204,0.9082254767417908,1.9618642330169678,1.7012039422988892,vae_candidate_pool_v1,belief_limited_heuristic_v1,582
VAE000663,vae_candidate_000663,0.6711444968374789,-3700.0712890625,2711.627685546875,4639.466412424352,-0.6090150955520016,0.0008472109925001637,5.4462937534399,37,8205.421911392767,2501.078141534343,1.8029079203017695,-2.531730347045291,8158.708982775413,0.219842306422052,0.3874940500763274,0.9879659253032953,0.5727545945023319,1.0,0.2253634900377212,0.9824779156965102,0.8809523809523809,0.0,0.0678076110703148,0.0,astern_vae,astern,False,0.09886910021305084,0.9570396542549133,2.941420555114746,1.7363265752792358,vae_candidate_pool_v1,belief_limited_heuristic_v1,583
VAE000489,vae_candidate_000489,0.6711412999628577,3876.89697265625,1563.8184814453125,4193.309603481952,-2.7758868248821216,0.04201115475696976,5.3207735137839975,35,8422.843146776446,2335.7725044346867,1.7790116386767667,-0.3236946739507018,8728.359997129284,0.02777745063106485,0.5444757787003558,0.9998071157118351,0.31807152099819086,1.0,0.22237645483459584,0.976170003366026,0.8333333333333334,0.0,0.07067038277752656,0.0,ahead_vae,ahead,False,0.10081906616687775,2.430191993713379,1.5091564655303955,1.3063596487045288,vae_candidate_pool_v1,belief_limited_heuristic_v1,584
VAE001221,vae_candidate_001221,0.6710560754757738,3572.427490234375,2597.092041015625,4510.130697414962,-2.545731909790549,0.03262102745519294,5.5973457094425365,35,8366.312847649218,2328.0354505382147,1.7969845972431306,-0.5632397163440511,8316.970565390753,0.021912929670624862,0.4309724681263293,0.9998799606817661,0.5339282717505252,1.0,0.22462307465539133,0.9119545821154672,0.8333333333333334,0.0,0.07045883686464186,0.0,ahead_vae,ahead,False,0.060773495584726334,1.6041604280471802,2.9171602725982666,1.1414868831634521,vae_candidate_pool_v1,belief_limited_heuristic_v1,585
VAE000427,vae_candidate_000427,0.6706016468341861,-685.9524536132812,415.96453857421875,811.9321017864647,-0.4991946226499231,0.0022349186207037386,4.917884771099103,32,8220.314938001635,2462.928876035754,1.5805551389325962,-2.6401631123191667,8392.243449404537,0.5015383710154275,0.6208033247698532,0.9384219946959043,0.48067958879339956,1.0,0.19756939236657453,0.9219211260229805,0.7619047619047619,1.0,0.11865962992762219,0.11865962992762219,inside_convoy_envelope,inside,True,0.0623847134411335,1.1392595767974854,1.5068409442901611,1.9415231943130493,vae_candidate_pool_v1,belief_limited_heuristic_v1,586
VAE001139,vae_candidate_001139,0.6703640535298692,-3669.705078125,2443.716796875,4391.308470818784,-0.5954893602342995,0.0033599558719804943,5.118921191912525,34,8279.485754718531,2495.899398586832,1.6453128037970157,-2.5427433374835133,8245.64885089862,0.33769888446175916,0.4725621989006061,0.9717597805880984,0.563692399391619,1.0,0.20566410047462697,0.7859399222185784,0.8095238095238095,0.0,0.06811273331099514,0.0,astern_vae,astern,False,0.044436946511268616,1.040784478187561,1.9192190170288086,1.798322319984436,vae_candidate_pool_v1,belief_limited_heuristic_v1,587
VAE001097,vae_candidate_001097,0.6699684732941182,-1112.80908203125,4997.16259765625,5191.257838115708,-1.3897741767143934,0.009605777997957567,4.8232069464127045,36,8138.017004883396,2499.5253180738778,1.7698088709441637,-1.7422126988774422,3851.060410339076,0.23491150451817155,0.22928223373511872,0.9862674715383553,0.9853441532380997,0.9169191453188277,0.22122610886802047,0.758429011745423,0.8571428571428571,0.0,0.06740441007971831,0.0,port_vae,port,False,0.04137840121984482,1.4785616397857666,2.931295394897461,1.1172395944595337,vae_candidate_pool_v1,belief_limited_heuristic_v1,588
VAE001194,vae_candidate_001194,0.6694446634187164,3575.081787109375,-3039.526611328125,4745.011002409558,2.439156434851981,-0.005370879758344338,5.358833251648857,33,8318.169693813888,2451.358923319588,1.6183753670384642,0.6970653389794681,7951.485467604477,0.07647787317357535,0.3536233246433403,0.9985384962819195,0.6419703638304124,1.0,0.20229692087980802,0.9829807535945358,0.7857142857142857,0.0,0.06837485030366887,0.0,ahead_vae,ahead,False,0.07583297789096832,0.7085606455802917,2.10371732711792,1.4206711053848267,vae_candidate_pool_v1,belief_limited_heuristic_v1,589
VAE000657,vae_candidate_000657,0.6691997046213991,3543.28173828125,3035.397216796875,4710.867146136739,-2.410049794561292,0.024659831227151176,4.9118738075457955,33,8318.460208720842,2496.435871849457,1.589097637304998,-0.7068830278013498,7946.625685783282,0.031958875827008626,0.3644113319712451,0.9997446792964817,0.6494668155170837,1.0,0.19863720466312476,0.9195572753381508,0.7857142857142857,0.0,0.06777527266682878,0.0,ahead_vae,ahead,False,0.06199488043785095,0.6543209552764893,2.8950212001800537,1.1182446479797363,vae_candidate_pool_v1,belief_limited_heuristic_v1,590
VAE001021,vae_candidate_001021,0.66901013110598,-3911.7587890625,-1186.431396484375,4157.1832650088845,0.28772382138545377,-0.012766024322118371,4.703657137376584,34,8393.38039405924,2262.565383610434,1.7903620872190893,2.841102807882222,8686.979092185087,0.13934974372503633,0.5578390036269159,0.9951532628220323,0.29598813866624807,1.0,0.22379526090238616,0.9822568443002335,0.8095238095238095,0.0,0.07193892657909534,0.0,astern_vae,astern,False,0.09894271939992905,0.6918829083442688,2.932650089263916,1.3522484302520752,vae_candidate_pool_v1,belief_limited_heuristic_v1,591
VAE000242,vae_candidate_000242,0.6687296181651703,1757.614501953125,-64.37232971191406,1733.919460495257,3.101790304982256,0.010691202487539969,4.894739549700411,34,8256.213588051938,2347.9132461987856,1.7539449222632284,0.05049355109507772,8364.194914513071,1.0592815730733423,0.9195523569712574,0.7447493396561045,0.05047209744811304,1.0,0.21924311528290355,0.9743109532404615,0.8095238095238095,0.0,0.08208283654160867,0.0,ahead_vae,ahead,False,0.10134445875883102,1.443969964981079,1.497639536857605,1.938467025756836,vae_candidate_pool_v1,belief_limited_heuristic_v1,592
VAE000771,vae_candidate_000771,0.6683878886896273,-626.5387573242188,4983.13232421875,5072.133135326109,-1.461557489752836,0.002677727566333328,4.520164311351877,35,8160.494042347238,2475.987013517878,1.732220722712737,-1.6773574362706238,3329.8890528427637,0.25046071300127437,0.25929929510428645,0.9843991683325592,0.9943277355304051,0.7928307268673247,0.21652759033909214,0.78736527017043,0.8333333333333334,0.0,0.06780738550775917,0.0,port_vae,port,False,0.04459833726286888,1.1054575443267822,2.96596622467041,1.746724247932434,vae_candidate_pool_v1,belief_limited_heuristic_v1,593
VAE000492,vae_candidate_000492,0.6683345407321745,-597.6687622070312,-5062.81689453125,5125.2984337076905,1.4692016199841942,0.004699029252701749,4.869569236601587,38,8136.403064140475,2345.6242665134805,1.9910982743996128,1.6770900628583016,3195.6069240051,0.48060625357368547,0.2456082955127781,0.943357402258225,0.994356137704965,0.7608587914297857,0.2488872842999516,0.9365094959876661,0.9047619047619048,0.0,0.06972763774745835,0.0,starboard_vae,starboard,False,0.06491608917713165,0.7277417778968811,1.513075590133667,1.0645840167999268,vae_candidate_pool_v1,belief_limited_heuristic_v1,594
VAE000444,vae_candidate_000444,0.6667789529280159,-111.619384765625,470.13427734375,419.8747114479397,-1.3336092040358456,-0.004776022801481381,5.082468009744054,36,8348.972402371885,2452.5153222784343,1.7581573716599757,-1.812759472355429,4381.561527021111,0.23643096738726113,0.47654639230608703,0.9860900775174091,0.970869458557194,1.0,0.21976967145749696,0.8169860837476302,0.8571428571428571,1.0,0.20171856066751623,0.20171856066751623,inside_convoy_envelope,inside,True,0.048032134771347046,1.7048351764678955,2.4764716625213623,1.8733024597167969,vae_candidate_pool_v1,belief_limited_heuristic_v1,595
VAE000216,vae_candidate_000216,0.6659039653253573,789.671875,-433.1962890625,1019.985301922789,2.6481014613104685,-0.007878246113280828,4.8440039623248365,38,8282.725573575715,2515.9672480406,1.8234982082204005,0.4856129461660441,8499.480618469059,1.0632669823534635,0.697670975888875,0.7430097540287292,0.46675052995503197,1.0,0.22793727602755007,0.9316774971210853,0.9047619047619048,1.0,0.10208952589973792,0.10208952589973792,inside_convoy_envelope,inside,True,0.06405152380466461,2.1363067626953125,1.5284757614135742,1.1189579963684082,vae_candidate_pool_v1,belief_limited_heuristic_v1,596
VAE001056,vae_candidate_001056,0.6656980394145184,-209.077880859375,-1810.562744140625,1781.1341767942379,1.4267768985753104,-0.02091162217106823,5.083137800700704,38,8329.248419340507,2412.7415109821545,1.8908931356351117,1.6939041328434146,3417.2887916858926,2.608636950527249,0.9301589500481335,0.06934545128544845,0.9924317996342518,0.8136401884966411,0.23636164195438897,0.9324216386623866,0.9047619047619048,1.0,0.08053062565736023,0.08053062565736023,inside_convoy_envelope,inside,True,0.06418284773826599,1.3116081953048706,2.501356601715088,1.1909111738204956,vae_candidate_pool_v1,belief_limited_heuristic_v1,597
VAE000217,vae_candidate_000217,0.6656410782113298,-3404.05078125,-2851.5498046875,4494.461452970764,0.7097749098533354,0.020830599984751223,5.000551512665326,36,8327.615778923539,2331.8388849130147,1.8538870945064023,2.452648343721209,7910.635695984238,0.4516592830429318,0.4363734533656579,0.9498620660922742,0.6357226308618034,1.0,0.2317358868133003,0.7237657664850851,0.8571428571428571,0.0,0.07042240991005319,0.0,astern_vae,astern,False,0.037648171186447144,2.291171073913574,1.4752402305603027,1.038221001625061,vae_candidate_pool_v1,belief_limited_heuristic_v1,598
VAE000668,vae_candidate_000668,0.6648725599112207,3880.570556640625,1244.26025390625,4149.603899661399,-2.844572151793111,0.001207231635962246,5.0984591754554405,33,8409.024782745015,2492.642308627191,1.574375581522471,-0.29581327016072,8770.431784744103,0.00657431925252272,0.5606488783140386,0.9999891946205104,0.2915178925210499,1.0,0.19679694769030887,0.938641143598275,0.7857142857142857,0.0,0.0684157801645722,0.0,ahead_vae,ahead,False,0.06530684232711792,0.7539849877357483,1.9414440393447876,1.697150468826294,vae_candidate_pool_v1,belief_limited_heuristic_v1,599
VAE000848,vae_candidate_000848,0.66480227046639,3827.10546875,-1210.7135009765625,4170.448899709899,2.8536019385727176,-0.01189113806456036,5.409121809808707,36,8223.612188778114,2135.192241376277,2.050231475108076,0.2760995769525157,8494.215491915915,0.2228858512002465,0.5529260232995268,0.9876318041419867,0.27260503314915385,1.0,0.2562789343885095,0.9755181648932895,0.8571428571428571,0.0,0.07432627697198346,0.0,ahead_vae,ahead,False,0.10100545734167099,2.355848550796509,2.0471436977386475,1.407762885093689,vae_candidate_pool_v1,belief_limited_heuristic_v1,600
VAE000672,vae_candidate_000672,0.6647708542237629,3804.732421875,205.03335571289062,3735.980912070301,-3.0685567835058354,0.022427790747337677,4.578171963565464,37,8278.097876629277,2474.5253272966706,1.8062558380401283,-0.05060807933662005,8392.676823639784,0.007568462995468206,0.7136234687208624,0.9999856796603295,0.05058647938888077,1.0,0.22578197975501604,0.8249193903705544,0.8809523809523809,0.0,0.06932635617453703,0.0,ahead_vae,ahead,False,0.04898148030042648,1.3615667819976807,1.499370813369751,1.4363739490509033,vae_candidate_pool_v1,belief_limited_heuristic_v1,601
VAE000919,vae_candidate_000919,0.6644828833114098,-221.3519287109375,-2042.987548828125,1967.6508406737737,1.4914408894323845,-0.00589116826989414,5.5277336127973715,37,8314.680656546498,2504.884010449711,1.7765135720033545,1.6442605958875147,3108.4102641251457,2.7573679163767593,0.9652813274018438,0.03645534442543985,0.9973027140148795,0.7400976819345585,0.2220641965004193,0.9624391072771564,0.8809523809523809,1.0,0.07708899381743427,0.07708899381743427,inside_convoy_envelope,inside,True,0.07019153982400894,1.007590889930725,2.072906494140625,1.1231606006622314,vae_candidate_pool_v1,belief_limited_heuristic_v1,602
VAE000239,vae_candidate_000239,0.6644079694609423,-397.91668701171875,5340.138671875,5338.7203746139485,-1.5088839394495386,-0.031837097807347094,5.348840999734505,37,8352.866924916852,2589.3942943462084,1.7106768368660308,-1.6645458119476015,3359.9539818364856,0.35605622049678987,0.19543473010281348,0.9686394168996926,0.9956087346541312,0.7999890432944013,0.21383460460825385,0.9775605551922341,0.8809523809523809,0.0,0.06607220565310656,0.0,port_vae,port,False,0.07411988079547882,2.1229989528656006,1.8796800374984741,1.4427125453948975,vae_candidate_pool_v1,belief_limited_heuristic_v1,603
VAE000956,vae_candidate_000956,0.6643682790260097,3700.379150390625,-2998.566162109375,4813.6126104935865,2.465563844843728,-0.0042873872859631665,5.17747570766602,35,8311.974758665758,2269.945909829815,1.8550188198704158,0.6717414214601025,7918.808328955263,0.0012129329531274102,0.3324607014746324,0.9999996321984579,0.622350008631645,1.0,0.23187735248380198,0.9952462232239823,0.8333333333333334,0.0,0.07117321113187802,0.0,ahead_vae,ahead,False,0.09329044818878174,1.5114930868148804,1.9909005165100098,1.8259581327438354,vae_candidate_pool_v1,belief_limited_heuristic_v1,604
VAE000365,vae_candidate_000365,0.6642109496803705,-4032.091796875,-993.5492553710938,4137.410338137178,0.268732327688229,0.004486555414724735,4.9081713806378025,37,8237.078559060194,2436.6908560736642,1.8434360766436673,2.8773468813162895,8587.585702807242,0.103305411580358,0.5651733315189603,0.9973343698855671,0.2611812942009589,1.0,0.2304295095804584,0.9043542815711502,0.8809523809523809,0.0,0.06925702499419817,0.0,astern_vae,astern,False,0.05959678813815117,1.8773193359375,2.5797922611236572,1.2159072160720825,vae_candidate_pool_v1,belief_limited_heuristic_v1,605
VAE000601,vae_candidate_000601,0.6640783855159634,1348.4029541015625,1044.8154296875,1777.9021804409872,-2.501109506192034,-0.019824086428729935,4.9305328748999635,33,8292.072105293315,2416.083441565297,1.647171961411153,-0.6603072338264889,8031.038074602106,1.9827396646535729,0.9294539862908541,0.2998045751038098,0.6133595353689408,1.0,0.20589649517639413,0.9671941599320486,0.7857142857142857,0.0,0.08054179001497797,0.0,ahead_vae,ahead,False,0.07132843881845474,2.1297428607940674,2.9268054962158203,1.5253928899765015,vae_candidate_pool_v1,belief_limited_heuristic_v1,606
VAE000626,vae_candidate_000626,0.6638206457223962,-1992.716552734375,-4801.3642578125,5240.931038568694,1.154573808406414,-0.012486981095355745,5.354082115175829,37,8217.218447345873,2375.040360735956,1.8958584007721624,1.9745318640880234,5412.272670895551,0.5081554941065027,0.21747139962800444,0.9368217341589926,0.9195998843006471,1.0,0.2369823000965203,0.8973215162970328,0.8809523809523809,0.0,0.06916591684690826,0.0,astern_vae,astern,False,0.05854253098368645,1.6640230417251587,2.0895094871520996,1.7989578247070312,vae_candidate_pool_v1,belief_limited_heuristic_v1,607
VAE000259,vae_candidate_000259,0.6636212080921453,549.556884765625,5285.84326171875,5373.312904200638,-1.6897671072872578,-0.01466596663655106,5.177132503809913,38,8277.131976634791,2554.5745910501114,1.7971533156884847,-1.4664915129390863,3402.4710479109513,0.06499598745556345,0.1880233794191722,0.9989442521475187,0.99456518292316,0.8101121542645122,0.22464416446106059,0.8718957741738317,0.9047619047619048,0.0,0.06651492367401969,0.0,port_vae,port,False,0.11957690864801407,0.8063468933105469,2.4556024074554443,1.8890410661697388,vae_candidate_pool_v1,belief_limited_heuristic_v1,608
VAE001181,vae_candidate_001181,0.6635264059165085,4147.46630859375,-1681.42822265625,4454.139210516703,2.717794063008874,-0.0028978133635773912,5.233323050177464,37,8358.907235404287,2466.138653112133,1.7948771481947068,0.42090077721734187,8636.974195907249,0.05370698539361651,0.45039299145816425,0.999279063246562,0.40858277723486025,1.0,0.22435964352433835,0.9904532474917913,0.8809523809523809,0.0,0.06843548713158994,0.0,ahead_vae,ahead,False,0.09581350535154343,1.5820558071136475,2.49822998046875,1.6248568296432495,vae_candidate_pool_v1,belief_limited_heuristic_v1,609
VAE000185,vae_candidate_000185,0.6633945602867031,-2.483306884765625,-5001.453125,4925.4736028049365,1.5876052969550194,0.026598582518863215,5.426306841699267,37,8391.67743357496,2158.9784599299173,2.0422299121432754,1.580585939153637,2241.0249632143677,0.405882185949767,0.2994899925916689,0.9593772208749392,0.9999520821276248,0.5335773721938971,0.25527873901790943,0.9202434557535534,0.8809523809523809,0.0,0.0731105421208627,0.0,starboard_vae,starboard,False,0.062107522040605545,2.109158754348755,2.952225685119629,1.7463953495025635,vae_candidate_pool_v1,belief_limited_heuristic_v1,610
VAE000043,vae_candidate_000043,0.6630113840053021,-3231.8818359375,-3905.607421875,5083.488098641757,0.8270928348252947,-0.03020070238522506,4.720084717841962,37,8516.646103264164,2316.807188424922,1.8751811596065942,2.2842991163792736,7325.704568093618,0.2810468817775181,0.25633550556804313,0.980382800015605,0.7560739917466828,1.0,0.23439764495082427,0.9851972355667779,0.8809523809523809,0.0,0.0701305463507937,0.0,astern_vae,astern,False,0.09792348742485046,1.8550902605056763,2.4520297050476074,1.7863805294036865,vae_candidate_pool_v1,belief_limited_heuristic_v1,611
VAE000344,vae_candidate_000344,0.6629060333448754,1207.4700927734375,5417.78759765625,5567.816779630766,-1.8004076287958857,-0.009333696104031586,5.334574126546658,35,8167.383952857524,2619.902874414155,1.6356857890472885,-1.350518720897939,4341.175434387357,0.2920021614494639,0.1500198946293009,0.9788347163709858,0.9758368298973407,1.0,0.20446072363091106,0.9289084828413019,0.8333333333333334,0.0,0.06560712086459254,0.0,port_vae,port,False,0.0635683462023735,1.345413327217102,2.934602737426758,1.2174160480499268,vae_candidate_pool_v1,belief_limited_heuristic_v1,612
VAE000525,vae_candidate_000525,0.6628135537352322,-1492.1796875,5400.45556640625,5568.812361203585,-1.3133069999803422,0.027031940668811278,4.9252222706850945,36,8129.581977124513,2642.6634912274967,1.6756851506271997,-1.8012537129406396,4429.779018041694,0.43891647231995634,0.14984109385752853,0.9526063246131617,0.973562019401686,1.0,0.20946064382839996,0.9918126629203712,0.8571428571428571,0.0,0.06534244794356887,0.0,port_vae,port,False,0.07935401797294617,2.201568126678467,2.4613101482391357,1.181517243385315,vae_candidate_pool_v1,belief_limited_heuristic_v1,613
VAE000861,vae_candidate_000861,0.662777503620839,3893.251220703125,-2827.65966796875,4699.8689908679935,2.534173067420835,-0.005293610988119062,5.050910228971267,36,8217.712908830661,2390.170342306864,1.8328321009400526,0.6021259751808394,8126.2736802818135,0.03527875643716527,0.3679213515530426,0.9996888846056793,0.5663958390797246,1.0,0.22910401261750657,0.9487509395172002,0.8571428571428571,0.0,0.06934281167580418,0.0,ahead_vae,ahead,False,0.10728245973587036,0.6989461183547974,1.498726725578308,1.7263154983520508,vae_candidate_pool_v1,belief_limited_heuristic_v1,614
VAE001086,vae_candidate_001086,0.6626346785430586,453.6726379394531,-5650.142578125,5565.029053935333,1.689327143437424,-0.029419611792187005,4.862731603175846,38,8431.975188554563,2450.994015478744,1.838704867799295,1.4228458983601817,3667.1857161428657,0.2964406233776309,0.15052139010767934,0.9781911514848168,0.9890752850825303,0.8731394562244919,0.22983810847491187,0.9970215446982965,0.9047619047619048,0.0,0.06778170911459644,0.0,starboard_vae,starboard,False,0.08250032365322113,1.8278923034667969,1.4974920749664307,1.4100170135498047,vae_candidate_pool_v1,belief_limited_heuristic_v1,615
VAE000585,vae_candidate_000585,0.6624215690926799,3801.7236328125,-212.85256958007812,3803.724621106161,3.12940413431106,0.03887366885712575,4.738389226883831,35,8186.590486402331,2190.7955649096275,1.9514755969978206,0.051062188135859075,8287.738372871867,0.12954797322725842,0.6890203564414915,0.9958101952569448,0.05104000155413397,1.0,0.24393444962472757,0.9326345511202865,0.8333333333333334,0.0,0.07376864917485407,0.0,ahead_vae,ahead,False,0.06422054022550583,0.8446119427680969,1.516405701637268,1.238757610321045,vae_candidate_pool_v1,belief_limited_heuristic_v1,616
VAE001136,vae_candidate_001136,0.6623982102459665,617.5146484375,5562.55810546875,5474.16425941426,-1.6800326031212593,0.016561655798584304,5.344506607853432,37,8327.291096686653,2397.4465788638763,1.8533141379525562,-1.4449983946699494,3423.2968785823705,0.11019328505275715,0.16754869301772599,0.9969674304427509,0.9920978694009829,0.8150706853767549,0.23166426724406952,0.9567605879311435,0.8809523809523809,0.0,0.06865208795616962,0.0,port_vae,port,False,0.10561361908912659,1.5964573621749878,1.9198942184448242,1.3063561916351318,vae_candidate_pool_v1,belief_limited_heuristic_v1,617
VAE000474,vae_candidate_000474,0.6614556373719795,-486.736572265625,-5251.63134765625,5190.515168138315,1.4971795193347546,-0.01473896820631584,5.290202604335953,37,8194.931317175791,2284.6098143952213,1.976261307751351,1.629674166048723,2762.87216885485,0.3996394610271221,0.2294619771322998,0.9606006673126999,0.9982672006860126,0.6578267068702024,0.24703266346891886,0.9999936850104655,0.8809523809523809,0.0,0.07067795149869005,0.0,starboard_vae,starboard,False,0.08748576045036316,1.3789384365081787,1.9464598894119263,1.6256965398788452,vae_candidate_pool_v1,belief_limited_heuristic_v1,618
VAE000413,vae_candidate_000413,0.6603373068077355,-898.5310668945312,-1073.21240234375,1283.3767584314016,0.92922786972252,0.04293476162100479,5.021470673614229,35,8083.308098774251,2451.2332103730737,1.76642124707372,2.2552995454882785,7010.032337264742,1.7722238122483391,0.7900184704928734,0.39996592065623915,0.7747332516442524,1.0,0.220802655884215,0.8060231465451335,0.8333333333333334,1.0,0.0910239212796596,0.0910239212796596,inside_convoy_envelope,inside,True,0.04674222320318222,1.5265696048736572,2.9495363235473633,1.2265256643295288,vae_candidate_pool_v1,belief_limited_heuristic_v1,619
VAE001215,vae_candidate_001215,0.659585673463367,-785.3704223632812,5509.828125,5379.846134689806,-1.4191393424252159,0.03821359385939871,5.564902413838868,36,8282.40926466833,2316.1878280673677,1.8766014128776358,-1.6842397173051786,3238.8703974130012,0.33159750831764784,0.18664605544734483,0.9727617375750657,0.9935721965121705,0.7711596184316669,0.23457517660970448,0.9924429297864047,0.8571428571428571,0.0,0.07000787716269743,0.0,port_vae,port,False,0.0948670506477356,0.7224016785621643,1.9023799896240234,1.4635635614395142,vae_candidate_pool_v1,belief_limited_heuristic_v1,620
VAE000078,vae_candidate_000078,0.6591572875915029,568.8262939453125,-1618.9149169921875,1796.1274071740995,1.9124131947253196,0.02184420872311277,5.306732699441237,35,8176.569344756607,2433.6333724370097,1.7589025065571358,1.2510236675875872,4880.575697298858,2.8609561581908385,0.933388061405317,0.0195603277252967,0.9493069073630055,1.0,0.21986281331964197,0.9072342195609527,0.8333333333333334,1.0,0.08009236281917452,0.08009236281917452,inside_convoy_envelope,inside,True,0.06003784015774727,1.4391082525253296,2.9380881786346436,1.278106689453125,vae_candidate_pool_v1,belief_limited_heuristic_v1,621
VAE001182,vae_candidate_001182,0.6584330997745393,3279.406005859375,-4086.612060546875,5292.460987128301,2.231315052657102,-0.02577803770550704,4.97954342272496,39,8290.25359083228,2466.786339569826,1.9070639512824423,0.8844995632271841,7161.641586220374,0.04625747585757756,0.20565876417795137,0.9994651568614243,0.7735979688804691,1.0,0.2383829939103053,0.9776789959649896,0.9285714285714286,0.0,0.06775286343875538,0.0,ahead_vae,ahead,False,0.07415501773357391,0.813618540763855,1.5117676258087158,1.7721409797668457,vae_candidate_pool_v1,belief_limited_heuristic_v1,622
VAE001062,vae_candidate_001062,0.6582079254495862,956.2720947265625,-5333.97705078125,5520.905047408619,1.7535717002807878,0.06328628134089967,5.032154233168382,34,8050.525633796018,2535.53963701168,1.665652019775029,1.451307234649905,3477.1229677689025,0.11691135117702343,0.15862395146379296,0.9965868243320112,0.9928696681834039,0.8278864208973578,0.20820650247187864,0.9780352315826853,0.8095238095238095,0.0,0.06673926962234178,0.0,starboard_vae,starboard,False,0.10027167946100235,2.3535287380218506,2.9052939414978027,1.42442786693573,vae_candidate_pool_v1,belief_limited_heuristic_v1,623
VAE000022,vae_candidate_000022,0.6581260991145638,-2616.687744140625,-4321.79052734375,5053.05451392139,1.0805323338601505,0.012883939951282158,5.3019987895566905,32,8207.159449164787,2583.086880008748,1.509447782591658,2.0739442596809257,6220.337550320937,0.5431165118204364,0.2643274039675842,0.928051103877655,0.8760690167730907,1.0,0.18868097282395724,0.8791981371864701,0.7619047619047619,0.0,0.06638733483810748,0.0,astern_vae,astern,False,0.05595433712005615,1.1523653268814087,1.5180628299713135,1.6468909978866577,vae_candidate_pool_v1,belief_limited_heuristic_v1,624
VAE000439,vae_candidate_000439,0.6577392590323575,-1414.248779296875,-124.52630615234375,1380.814139618259,0.065000335538128,0.020903650692433006,4.704616682768007,35,8120.194026609696,2563.2526763870083,1.681551676307037,3.0974959687440986,8225.294692922056,0.7199391442311665,0.8217170752736486,0.875922927554956,0.04408239510502831,1.0,0.21019395953837963,0.8387421628551356,0.8333333333333334,0.0,0.08689089755598776,0.0,astern_vae,astern,False,0.1238613948225975,1.1707050800323486,1.5152788162231445,1.3658117055892944,vae_candidate_pool_v1,belief_limited_heuristic_v1,625
VAE000414,vae_candidate_000414,0.6572046284541018,3627.93115234375,-3213.667724609375,4855.862805916522,2.4159733531988445,-0.05488541706574434,5.025116612407236,36,8414.22050835195,2094.3366690244425,2.0428765105249886,0.6707338833252047,7893.170043107513,0.02737504356010456,0.31977899425608436,0.9998126634470176,0.6215610534086693,1.0,0.2553595638156236,0.9345849901142318,0.8571428571428571,0.0,0.07446917199126642,0.0,ahead_vae,ahead,False,0.10996458679437637,2.376540184020996,1.9780737161636353,1.5184181928634644,vae_candidate_pool_v1,belief_limited_heuristic_v1,626
VAE000496,vae_candidate_000496,0.6570822200091723,-545.8138427734375,-5169.81201171875,5224.395546283513,1.471874722000543,-0.0009465100078252178,5.023257503503108,36,8175.853421718521,2441.215332251874,1.8036958876480829,1.6687714215814256,3229.2570417788975,0.2565714535207808,0.22135683441843593,0.9836328545552915,0.9952042784679251,0.7688707242330708,0.22546198595601036,0.7975968804739021,0.8571428571428571,0.0,0.06819368648325089,0.0,starboard_vae,starboard,False,0.04576651379466057,1.0385512113571167,2.9395270347595215,1.9174718856811523,vae_candidate_pool_v1,belief_limited_heuristic_v1,627
VAE000330,vae_candidate_000330,0.6568986658442699,-3965.1484375,-1631.27978515625,4132.695870032407,0.41096008837796877,0.018325343380915696,5.3096619670804435,33,8108.942051265714,2475.0074312761426,1.6442703888309933,2.7489579085927405,8438.882447023072,0.3750970899058186,0.5669238760965168,0.9652360280806628,0.38262399221126353,1.0,0.20553379860387416,0.7085565745879092,0.7857142857142857,0.0,0.06875733850597111,0.0,astern_vae,astern,False,0.03604429215192795,2.1984972953796387,1.5044294595718384,1.434434413909912,vae_candidate_pool_v1,belief_limited_heuristic_v1,628
VAE000971,vae_candidate_000971,0.6568019264839574,1608.458740234375,-5471.2646484375,5802.638679637956,1.8811267985884037,0.00831409371710175,5.337741139153363,35,8126.926904402151,2444.2281457374534,1.7619758433919461,1.2687799487184919,4750.9204051975485,0.1747023371628047,0.11206811866490118,0.9923891604007198,0.9547386669699472,1.0,0.22024698042399327,0.9976756048132955,0.8333333333333334,0.0,0.06783677527910291,0.0,starboard_vae,starboard,False,0.0830567255616188,2.0312130451202393,1.9383580684661865,1.3991338014602661,vae_candidate_pool_v1,belief_limited_heuristic_v1,629
VAE000305,vae_candidate_000305,0.6567775343307329,-463.8406982421875,4992.52099609375,5090.750681098686,-1.504049261067138,0.02890049067708103,4.756699360512823,35,8354.229498379353,2279.8748419926255,1.837598537503455,-1.608642901845574,2594.345731002743,0.4434229993157217,0.2544511626048191,0.9516441875607451,0.9992839038604044,0.6177013645244626,0.22969981718793187,0.967946235547343,0.8333333333333334,0.0,0.07078574664634261,0.0,port_vae,port,False,0.07151523232460022,0.9355362057685852,1.980536937713623,1.1061007976531982,vae_candidate_pool_v1,belief_limited_heuristic_v1,630
VAE001125,vae_candidate_001125,0.6567596044620196,-415.4808349609375,-5269.43994140625,5282.276408976335,1.475434612335438,-0.020212500889104697,5.324481786248751,39,8251.7668631666,2294.0553086516297,2.060220827616841,1.6459455403652508,2907.1109106077856,0.444867584556057,0.20795799871804527,0.9513338283770822,0.9971776264820514,0.6921692644304251,0.2575276034521051,0.9692921943958547,0.9285714285714286,0.0,0.07044483541597855,0.0,starboard_vae,starboard,False,0.07185480743646622,1.8275172710418701,2.0323219299316406,1.6189782619476318,vae_candidate_pool_v1,belief_limited_heuristic_v1,631
VAE000388,vae_candidate_000388,0.6566768890324468,964.1353149414062,896.8494262695312,1238.690073549875,-2.387239573571755,0.06594866051279628,4.92551775434097,40,8172.661402025988,2421.2729736317397,2.021402184322627,-0.6884044195052418,7849.673777584797,1.61881239440151,0.7749618010983493,0.4760011903913301,0.6353057873733808,1.0,0.2526752730403284,0.816303866961145,0.9523809523809523,1.0,0.0928822925813541,0.0928822925813541,inside_convoy_envelope,inside,True,0.047951143234968185,2.280839443206787,2.0964932441711426,1.568718671798706,vae_candidate_pool_v1,belief_limited_heuristic_v1,632
VAE000198,vae_candidate_000198,0.6557215719234682,632.728759765625,-5239.50927734375,5286.73267408713,1.6715003068260685,-0.018393779982866232,4.9224664138330905,34,8224.444422483011,2447.0716950433034,1.6893734059491317,1.4516985667808584,3406.9361647699698,0.3545052904674997,0.20694982043175714,0.968909165170393,0.9929162408879857,0.8111752773261833,0.21117167574364146,0.8727154393168026,0.8095238095238095,0.0,0.06805562246571012,0.0,starboard_vae,starboard,False,0.05506694316864014,1.6590676307678223,2.9306323528289795,1.9246959686279297,vae_candidate_pool_v1,belief_limited_heuristic_v1,633
VAE000503,vae_candidate_000503,0.6552537419369985,-760.4811401367188,-754.1758422851562,1106.8333630265322,0.8187718452618602,-0.0020005311214679614,4.847843311504176,35,8253.52211857846,2721.594899815394,1.5581355715973908,2.320820277206465,7617.38147963217,1.6112767991471642,0.7289712584680422,0.4797652912110233,0.7316725431351223,1.0,0.19476694644967385,0.8928901074866848,0.8333333333333334,1.0,0.09573417825065775,0.09573417825065775,inside_convoy_envelope,inside,True,0.05789358168840408,1.3824933767318726,1.5195198059082031,1.4368809461593628,vae_candidate_pool_v1,belief_limited_heuristic_v1,634
VAE000315,vae_candidate_000315,0.655009318634479,836.6561279296875,-5941.806640625,5920.804109693002,1.7331448252505175,-0.0183778036745256,4.386651370274623,37,8198.478284938383,2598.2653030246033,1.7369406514267496,1.3900700246647502,4029.576455852616,0.22041325078318796,0.0960101978488811,0.9879035912202434,0.9837134037429799,0.9594229656791943,0.2171175814283437,0.9980272019489285,0.8809523809523809,0.0,0.06568382216633407,0.0,starboard_vae,starboard,False,0.09114442020654678,1.1766866445541382,1.5336825847625732,1.73712158203125,vae_candidate_pool_v1,belief_limited_heuristic_v1,635
VAE001068,vae_candidate_001068,0.6545660416726866,-953.4606323242188,-248.68145751953125,948.5922848976246,0.2705217569932674,-0.002148454681948026,5.118854124442998,35,8294.167597715246,2472.64715325247,1.7066053022868233,2.868922441914578,8653.63515749581,0.6745308172699608,0.6715142077588537,0.8905000281106437,0.26930395502932547,1.0,0.2133256627858529,0.9907961210828152,0.8333333333333334,1.0,0.10706584579300608,0.10706584579300608,inside_convoy_envelope,inside,True,0.09565789252519608,1.3243422508239746,2.8989224433898926,1.1928396224975586,vae_candidate_pool_v1,belief_limited_heuristic_v1,636
VAE000786,vae_candidate_000786,0.65432750850102,-1079.430908203125,-418.1647033691406,1168.6838868656375,0.36708899842073944,-0.023986014203472992,4.77109816156944,36,8210.325257617651,2474.129804773785,1.7722282592477547,2.7505176409655814,8533.539152779163,1.1191771886808903,0.7508083927451821,0.71821145577139,0.38118248416449024,1.0,0.22152853240596934,0.8284999176711056,0.8571428571428571,1.0,0.09506105628075089,0.09506105628075089,inside_convoy_envelope,inside,True,0.04941468685865402,0.7400575876235962,2.954202890396118,1.8931291103363037,vae_candidate_pool_v1,belief_limited_heuristic_v1,637
VAE000223,vae_candidate_000223,0.6538194009841993,3431.689453125,-3433.657470703125,5044.161105575495,2.3934681708471266,-0.017708123305051678,4.980104943972244,36,8324.420024128161,2612.2340401200017,1.655527621418324,0.730416359437615,7943.662723996033,0.06456769879339054,0.26669189489301626,0.9989581151107055,0.6671798375871666,1.0,0.2069409526772905,0.99658518847502,0.8571428571428571,0.0,0.06600088713862727,0.0,ahead_vae,ahead,False,0.09237036108970642,1.437964677810669,1.5157225131988525,1.7709672451019287,vae_candidate_pool_v1,belief_limited_heuristic_v1,638
VAE001060,vae_candidate_001060,0.6536610163217244,-111.28338623046875,5472.15283203125,5394.630007586124,-1.5105809827297032,-0.015208590837763597,4.786557156256655,37,8210.80482667741,2153.690924630984,2.0923417316871498,-1.6462202616978534,2766.2721102503992,0.2404734598644851,0.18355554238746621,0.9856126616666596,0.9971569631871919,0.6586362167262856,0.2615427164608937,0.9984362864918077,0.8809523809523809,0.0,0.07295734960018026,0.0,port_vae,port,False,0.08381426334381104,0.7730876803398132,2.499760866165161,1.8221936225891113,vae_candidate_pool_v1,belief_limited_heuristic_v1,639
VAE000080,vae_candidate_000080,0.6532742318466196,4018.5498046875,-1631.4859619140625,4353.7695820664185,2.776717563774994,-0.06648235247845917,5.2116671066765665,37,8017.808915182843,2568.655812510057,1.7965533050822615,0.29839273733633953,8418.648418553823,0.13359518580656626,0.48597852327774876,0.9955447138741932,0.2939843489446348,1.0,0.2245691631352827,0.992636225039618,0.8809523809523809,0.0,0.06727313641944008,0.0,ahead_vae,ahead,False,0.09476885199546814,0.7350484132766724,2.515580177307129,1.21131432056427,vae_candidate_pool_v1,belief_limited_heuristic_v1,640
VAE000607,vae_candidate_000607,0.6532565285747096,1440.46533203125,496.69671630859375,1603.0140506547286,-2.829803411362598,-0.03257476816002196,5.427947157679835,38,8399.06340015418,2620.250141499364,1.726672546670246,-0.34436401038721726,8790.548798419617,1.60897743371977,0.8868556212209446,0.48091408455784473,0.3375980946780717,1.0,0.21583406833378074,0.98820984792776,0.9047619047619048,0.0,0.0811156085233998,0.0,ahead_vae,ahead,False,0.07776274532079697,1.1053149700164795,2.4673428535461426,1.5992013216018677,vae_candidate_pool_v1,belief_limited_heuristic_v1,641
VAE000807,vae_candidate_000807,0.6530252153757518,3406.011474609375,-3893.622314453125,5191.0044226637465,2.2658104228778795,0.020471008270986173,5.209050690665599,36,8112.9553817876795,2400.546058082531,1.8484741019260973,0.8962532389829001,6941.677720710956,0.10323693456984362,0.22934355570968554,0.997337899454583,0.780992392829171,1.0,0.23105926274076216,0.8667936065857881,0.8571428571428571,0.0,0.06883530768961059,0.0,ahead_vae,ahead,False,0.05427161604166031,1.3502812385559082,2.042665481567383,1.8277534246444702,vae_candidate_pool_v1,belief_limited_heuristic_v1,642
VAE000084,vae_candidate_000084,0.6526458500978144,-1053.001220703125,-5419.13623046875,5379.07343330103,1.394133426682085,0.003755750675986435,5.189923138566492,33,8391.600811817887,2617.2492759612473,1.5025330556725194,1.7512149775836943,4080.5687745490113,0.567240959955954,0.18680858464109015,0.921693317652318,0.9837686556997836,0.9715639939402408,0.18781663195906492,0.896516359757421,0.7857142857142857,0.0,0.06569161786999024,0.0,starboard_vae,starboard,False,0.05842377617955208,2.3291850090026855,2.9668948650360107,1.8137216567993164,vae_candidate_pool_v1,belief_limited_heuristic_v1,643
VAE001101,vae_candidate_001101,0.6525856698678821,-3905.982421875,-2811.011474609375,4690.4189357604155,0.5980982615385831,0.03561553373997692,4.822226552113733,39,8428.557459281166,2495.665226939946,1.8540653061137942,2.5791099257911876,8460.909358453646,0.33722684883640286,0.37095074325998195,0.9718379246990341,0.533288062478156,1.0,0.23175816326422427,0.9142212928442511,0.9285714285714286,0.0,0.0677767216244455,0.0,astern_vae,astern,False,0.061132725328207016,0.8283731937408447,2.000217914581299,1.394157886505127,vae_candidate_pool_v1,belief_limited_heuristic_v1,644
VAE000893,vae_candidate_000893,0.6525463705847347,4303.7724609375,-2176.3525390625,4684.941164491192,2.6481729812693655,0.0015544257200053701,4.741058655929973,38,8350.466902682692,2519.9491518822038,1.8058474490142142,0.49497409804043385,8545.250500007947,0.13369140164203808,0.3727123904957397,0.995538303694984,0.4750088581976596,1.0,0.22573093112677678,0.9859788434951553,0.9047619047619048,0.0,0.06747343377984044,0.0,ahead_vae,ahead,False,0.09763626754283905,0.725551426410675,1.50156569480896,1.7727255821228027,vae_candidate_pool_v1,belief_limited_heuristic_v1,645
VAE000230,vae_candidate_000230,0.6523445926294006,589.841552734375,335.0999755859375,668.2610588267706,-2.638229917852207,-0.06281823896802378,5.211062151940618,33,8238.171199074783,2595.0147553449174,1.543630302226307,-0.5661809747056098,8344.650872319377,0.2336347044081681,0.5672792759251555,0.9864156671683891,0.5364128801805632,1.0,0.19295378777828837,0.7649975969125429,0.7857142857142857,1.0,0.13589365126322683,0.13589365126322683,inside_convoy_envelope,inside,True,0.04209963232278824,2.301802635192871,2.9888689517974854,1.8174675703048706,vae_candidate_pool_v1,belief_limited_heuristic_v1,646
VAE000886,vae_candidate_000886,0.6523332738269527,-60.8544921875,5343.47265625,5256.214020437202,-1.5460596665761146,-0.005929383350791714,5.181209446938724,33,8203.52365556667,2359.696010086735,1.7047372340772071,-1.6014623703644701,2610.1167467172754,0.19424043473579866,0.21392128253846782,0.9905972824311193,0.9995298337332342,0.6214563682660179,0.2130921542596509,0.9805050655172215,0.7857142857142857,0.0,0.06940010269116507,0.0,port_vae,port,False,0.09951099753379822,0.6371403336524963,1.4943163394927979,1.1755704879760742,vae_candidate_pool_v1,belief_limited_heuristic_v1,647
VAE000375,vae_candidate_000375,0.6520404099612354,47.235443115234375,-5163.42138671875,5155.798101817309,1.5622849312104363,0.010487377375827642,5.138435535787269,32,8168.768687501564,2332.7811149336076,1.679265590592164,1.5897950997551844,2487.5473603626538,0.3130742680229732,0.23796807613348075,0.9756956195220488,0.9998195287415755,0.5922731810387271,0.2099081988240205,0.9870787853110006,0.7619047619047619,0.0,0.0699054562264466,0.0,starboard_vae,starboard,False,0.07731448113918304,0.706598699092865,1.9838793277740479,1.4763550758361816,vae_candidate_pool_v1,belief_limited_heuristic_v1,648
VAE000266,vae_candidate_000266,0.6516961882217642,3775.724365234375,-2005.4183349609375,4288.961488072174,2.6816271253671387,-0.07714033955907297,5.009170329633085,33,8202.429244506011,2254.5852090092103,1.7844516845063807,0.38282518866358145,8450.863792553859,0.25621582031438406,0.5094042732513362,0.9836779477315207,0.37354263843818736,1.0,0.2230564605632976,0.8230470387042971,0.7857142857142857,0.0,0.07196830214161194,0.0,ahead_vae,ahead,False,0.04875614494085312,1.896159052848816,2.956209421157837,1.3503539562225342,vae_candidate_pool_v1,belief_limited_heuristic_v1,649
VAE000244,vae_candidate_000244,0.6515830131298174,-221.34259033203125,5113.162109375,5260.1674964952,-1.492714007729978,-0.043982829660663296,4.759385681591447,34,8192.6029151201,2450.6967685496666,1.6934307173924248,-1.6928614755204783,3430.0116061899607,0.3846051930187691,0.21300933198829097,0.9634733169035841,0.9925592954334042,0.8166694300452287,0.2116788396740531,0.8079425134423661,0.8095238095238095,0.0,0.06802888295665493,0.0,port_vae,port,False,0.046966325491666794,1.3191680908203125,1.4727318286895752,1.103949785232544,vae_candidate_pool_v1,belief_limited_heuristic_v1,650
VAE000360,vae_candidate_000360,0.6512100307076107,466.0817565917969,-5102.4794921875,5167.832892532056,1.691842371394331,0.13153788496281793,5.233929113737011,36,8211.062515175458,2505.856100874554,1.749633212625742,1.581288167158281,2591.8657580312124,0.10491917758345261,0.23499640772641237,0.9972505151345005,0.9999449611477812,0.6171108947693363,0.21870415157821774,0.8132918949499994,0.8571428571428571,0.0,0.06731423654212947,0.0,starboard_vae,starboard,False,0.047594740986824036,2.1193699836730957,2.928032398223877,1.075972557067871,vae_candidate_pool_v1,belief_limited_heuristic_v1,651
VAE000031,vae_candidate_000031,0.6509560019149624,3535.794677734375,3780.62158203125,5164.0549994221055,-2.271791897133498,-0.00947951080866426,5.021650142958997,37,8038.456795714441,2343.8048786125682,1.963846722534594,-0.8792802672649593,6931.55601712429,0.10925716012172337,0.23592663001346467,0.9970186857054223,0.7702801007756903,1.0,0.24548084031682424,0.8178357061876983,0.8809523809523809,0.0,0.06975721189375768,0.0,ahead_vae,ahead,False,0.12639978528022766,1.2504583597183228,1.8553266525268555,1.6061147451400757,vae_candidate_pool_v1,belief_limited_heuristic_v1,652
VAE000913,vae_candidate_000913,0.6508175169144044,-417.40411376953125,-391.30718994140625,476.6882117868892,0.7969191084196525,-0.019000680225554338,5.222970794294108,35,8333.79851347017,2362.0763905202307,1.7779973497693513,2.325672864944586,7430.741174678398,0.3661123260796568,0.496948888957807,0.9668630696779582,0.7283561446390426,1.0,0.2222496687211689,0.9752104949654784,0.8333333333333334,1.0,0.1809419651500885,0.1809419651500885,inside_convoy_envelope,inside,True,0.073440320789814,2.2959983348846436,1.5195705890655518,1.9043283462524414,vae_candidate_pool_v1,belief_limited_heuristic_v1,653
VAE000777,vae_candidate_000777,0.6506983241043438,-606.4754028320312,5705.21533203125,5893.249994696092,-1.4358304950514231,-0.020899377028699557,4.6251949268768815,39,8287.996091171362,2668.8801194433786,1.7631367705864345,-1.7266615355670696,3923.112919442789,0.3832710815935114,0.09958271835178178,0.9637231791402119,0.9878775899688639,0.9340745046292355,0.2203920963233043,0.9891893779786048,0.9285714285714286,0.0,0.06481896989043387,0.0,port_vae,port,False,0.0781683400273323,1.239300012588501,2.4461700916290283,1.3454254865646362,vae_candidate_pool_v1,belief_limited_heuristic_v1,654
VAE001127,vae_candidate_001127,0.6506209275706316,-1463.54443359375,-5333.259765625,5488.561303633064,1.288303817750228,0.059568320527524636,5.469036934173158,37,8266.029970345771,2490.334405151135,1.797409694958931,1.9128571563670909,5118.726032457236,0.5245224555349558,0.16476196496943454,0.9327815972210145,0.9420654040058287,1.0,0.2246762118698664,0.8942095560083018,0.8809523809523809,0.0,0.06731067523847176,0.0,starboard_vae,starboard,False,0.05808563157916069,1.258068561553955,2.0476996898651123,1.130230188369751,vae_candidate_pool_v1,belief_limited_heuristic_v1,655
VAE000383,vae_candidate_000383,0.6502184066773219,978.6282958984375,5901.87890625,5961.8280757335315,-1.6962139833353485,0.039157282275034254,5.230601131817096,38,8348.35796247999,2523.4506436344477,1.8037972451307343,-1.4062213879794103,3857.0907532105266,0.0645593703303402,0.09087896618876738,0.998958383781464,0.9864880835230568,0.9183549412406016,0.22547465564134178,0.9511044142603297,0.9047619047619048,0.0,0.06659519633967358,0.0,port_vae,port,False,0.1068054661154747,2.0349278450012207,1.480096697807312,1.8620550632476807,vae_candidate_pool_v1,belief_limited_heuristic_v1,656
VAE000874,vae_candidate_000874,0.650218329003658,639.5718994140625,-5510.10009765625,5475.616957469495,1.6825760614761436,0.027722749506396544,4.885970980886094,33,8250.839483859256,2463.032274264519,1.6238492125036021,1.4867393416200463,3147.060294435418,0.2424222036241095,0.16726597484475042,0.98537968089955,0.9964692912307703,0.749300070103671,0.20298115156295027,0.9931932487899341,0.7857142857142857,0.0,0.06770548884537259,0.0,starboard_vae,starboard,False,0.08005441725254059,1.5986031293869019,1.4981329441070557,1.4660297632217407,vae_candidate_pool_v1,belief_limited_heuristic_v1,657
VAE000052,vae_candidate_000052,0.6498799086765126,-1037.422119140625,-360.23614501953125,1180.5074957031243,0.28276459861521674,0.009470156631433163,4.875672838876768,35,7988.154087786003,2349.49004962381,1.8648675872202654,2.86829821160601,8325.828497201215,1.0935425058375117,0.7549324332712051,0.7296707952413587,0.26990507078594145,1.0,0.23310844840253317,0.9860259655545695,0.8333333333333334,1.0,0.09595722886207723,0.09595722886207723,inside_convoy_envelope,inside,True,0.0769142210483551,1.5118056535720825,2.3355891704559326,1.3459721803665161,vae_candidate_pool_v1,belief_limited_heuristic_v1,658
VAE000924,vae_candidate_000924,0.6497772934863845,-699.1688842773438,5317.63720703125,5241.759418582889,-1.4343003173545525,-0.02866791175356151,5.4299100079075835,32,8351.045640709677,2454.2284886245984,1.5613279274978855,-1.735960247988802,3793.858933681939,0.5497657895711874,0.2172779638204138,0.9263234587379978,0.9863914176556622,0.9032997461147474,0.1951659909372357,0.8302640282970211,0.7619047619047619,0.0,0.06794895791702701,0.0,port_vae,port,False,0.04962926357984543,1.1345188617706299,1.9607754945755005,1.6599100828170776,vae_candidate_pool_v1,belief_limited_heuristic_v1,659
VAE000980,vae_candidate_000980,0.6493970637031478,1395.8751220703125,-5652.0947265625,5719.879184280434,1.8303624666742484,0.02574376782187002,4.9081698815577415,38,8278.062320020787,2252.9210009128683,2.0375531285507873,1.336973954737415,4109.621096589235,0.01680349751625032,0.12449647899352703,0.9999294122787433,0.9727878693301764,0.9784812134736274,0.2546941410688484,0.76084880199152,0.9047619047619048,0.0,0.0709127601166842,0.0,starboard_vae,starboard,False,0.13288943469524384,2.4144225120544434,2.9385650157928467,1.5245321989059448,vae_candidate_pool_v1,belief_limited_heuristic_v1,660
VAE000108,vae_candidate_000108,0.6493495003716856,1695.94287109375,5948.97509765625,6027.692726158168,-1.859380215759115,0.009309079482492377,5.611889447028841,35,8014.0926551604525,2288.2988672199117,1.9085385629777156,-1.2729033583481857,4539.704720070441,0.1503269735407771,0.0830973992392284,0.9943610813830074,0.9559570384184034,1.0,0.23856732037221445,0.9989317062243608,0.8333333333333334,0.0,0.07022731839425127,0.0,port_vae,port,False,0.08441341668367386,1.4881213903427124,2.054135799407959,1.8273197412490845,vae_candidate_pool_v1,belief_limited_heuristic_v1,661
VAE000423,vae_candidate_000423,0.6483408869149565,-978.2681274414062,-374.01116943359375,1131.2722988293383,0.34053414517379,0.02250657834809613,5.241998074386552,34,8376.198403531478,2169.1356243156056,1.871307914290414,2.8235650867640993,8634.440760423826,0.9858824680645629,0.7376502812056753,0.7760637816319772,0.31269364649205184,1.0,0.23391348928630176,0.848047787004666,0.8095238095238095,1.0,0.10026902727656407,0.10026902727656407,inside_convoy_envelope,inside,True,0.05183818191289902,2.3906733989715576,2.438105583190918,1.1918439865112305,vae_candidate_pool_v1,belief_limited_heuristic_v1,662
VAE000810,vae_candidate_000810,0.6478242370191836,-3896.6259765625,2518.285400390625,4580.452864379121,-0.5860593152902542,-0.008728922472757134,4.9473871577304,35,8310.911482762674,2305.9088673948145,1.8263215688806926,-2.564262260772296,8222.440793408192,0.22014990647110183,0.4070791750508192,0.9879323621664413,0.5457889599181297,1.0,0.22829019611008658,0.7184533697768958,0.8333333333333334,0.0,0.0707672719365593,0.0,astern_vae,astern,False,0.03708600997924805,2.373685598373413,1.5050793886184692,1.610159993171692,vae_candidate_pool_v1,belief_limited_heuristic_v1,663
VAE000139,vae_candidate_000139,0.6476092599792047,1492.042236328125,487.02728271484375,1572.078696105962,-2.7799921430028185,-0.02114579316942706,5.082101449163464,38,8505.626659167237,2390.1130429305526,1.8692131972725778,-0.3827463037564017,8782.81479500974,1.6744184524700538,0.8784683793894235,0.44828160799807426,0.3734694626097845,1.0,0.23365164965907223,0.9643930653331392,0.9047619047619048,0.0,0.08425285419372217,0.0,ahead_vae,ahead,False,0.07064997404813766,1.103896141052246,2.965282917022705,1.19448721408844,vae_candidate_pool_v1,belief_limited_heuristic_v1,664
VAE000161,vae_candidate_000161,0.6473576528006254,-2231.297119140625,-5010.63427734375,5545.366234245258,1.1544560396416272,-0.008747400504535546,4.781757465620355,34,8079.589207821889,2439.167159740246,1.725234254420668,1.97838921344363,5442.098583950867,0.46075159108483166,0.15409369226496372,0.9478592885162287,0.9180776627383339,1.0,0.2156542818025835,0.9579633424739581,0.8095238095238095,0.0,0.06805634575984713,0.0,astern_vae,astern,False,0.06918191909790039,1.4400111436843872,1.5277615785598755,1.6830430030822754,vae_candidate_pool_v1,belief_limited_heuristic_v1,665
VAE000143,vae_candidate_000143,0.646946428753423,997.3692016601562,-5557.09423828125,5590.5314280776665,1.7114554540414095,-0.05444832279075455,4.733980195524341,33,8172.145627095443,2442.966367828288,1.6529524275912457,1.3756888767576287,3980.9653725988537,0.3345840381016225,0.14597945666289783,0.9722734916868812,0.9810268436648663,0.9478488982378224,0.20661905344890572,0.8558881205275206,0.7857142857142857,0.0,0.06795104458027207,0.0,starboard_vae,starboard,False,0.052841462194919586,1.1434227228164673,1.975457787513733,1.2921535968780518,vae_candidate_pool_v1,belief_limited_heuristic_v1,666
VAE000229,vae_candidate_000229,0.6468630781182132,-3313.97705078125,-4115.7353515625,5321.153546645913,0.8988255730669966,-0.06785043848357883,5.138533079625378,33,8307.369133533419,2308.01373132351,1.721123534111856,2.1749166420392174,6618.404126423997,0.34738713386147746,0.19927498511549607,0.9701327256592256,0.8230021106512855,1.0,0.215140441763982,0.9540397253091022,0.7857142857142857,0.0,0.07017249921657806,0.0,astern_vae,astern,False,0.10619543492794037,0.7109088897705078,2.395864486694336,1.6711690425872803,vae_candidate_pool_v1,belief_limited_heuristic_v1,667
VAE000369,vae_candidate_000369,0.6465440706995278,598.6821899414062,5431.65185546875,5601.270710189781,-1.7021948911538483,0.026476008503130744,4.614633304235764,37,8360.49921580295,2418.470140798206,1.8299060111051764,-1.412921753932814,3702.827334711131,0.37345974961313216,0.14409745511834116,0.9655353346696633,0.9875636724911545,0.8816255558836026,0.22873825138814705,0.8686622840180818,0.8809523809523809,0.0,0.06825697759913596,0.0,port_vae,port,False,0.05452108383178711,1.422131061553955,2.4939911365509033,1.6014714241027832,vae_candidate_pool_v1,belief_limited_heuristic_v1,668
VAE000932,vae_candidate_000932,0.6464606047328675,-816.7745971679688,225.8798828125,901.6954415017242,-0.26222645755869234,-0.0024575061273419607,5.155018965511179,37,8421.53139231406,2472.3319942787484,1.77706724954984,-2.8818237021584427,8774.019970585005,0.48745435974333695,0.6541818826081733,0.9417640213202925,0.2568572620110143,1.0,0.22213340619373,0.8215904895747345,0.8809523809523809,1.0,0.11053689853656588,0.11053689853656588,inside_convoy_envelope,inside,True,0.048581406474113464,2.0120739936828613,1.9736714363098145,1.02324640750885,vae_candidate_pool_v1,belief_limited_heuristic_v1,669
VAE000737,vae_candidate_000737,0.6463130806643118,2413.082763671875,-5324.80712890625,5904.853341152949,1.9938926863300876,0.010504046536939645,4.6981687576431135,35,8416.399351565418,2485.4388944266907,1.6731644166608142,1.1582040137966454,5651.725536798165,0.10307126063519978,0.09806579731922664,0.9973464292810676,0.9160844222677926,1.0,0.20914555208260177,0.9977748359948839,0.8333333333333334,0.0,0.06712525645472708,0.0,ahead_vae,ahead,False,0.08314766734838486,2.294473171234131,2.945080280303955,1.7758629322052002,vae_candidate_pool_v1,belief_limited_heuristic_v1,670
VAE001033,vae_candidate_001033,0.6461809823140583,-1326.80029296875,-5747.3173828125,5900.714045412261,1.341171951871188,0.037028301509481144,4.859412152652186,34,8265.366259800916,2110.9537573759776,1.9486690804350832,1.837449003228086,4214.305336260555,0.3023581098403281,0.0986048392382424,0.9773184822520593,0.9646583318059869,1.0,0.2435836350543854,0.9578128658205859,0.8095238095238095,0.0,0.07356422605323017,0.0,starboard_vae,starboard,False,0.10538405179977417,0.7067792415618896,2.9972710609436035,1.4302223920822144,vae_candidate_pool_v1,belief_limited_heuristic_v1,671
VAE000516,vae_candidate_000516,0.6461736296115521,4005.14794921875,-2630.148681640625,4772.436377441281,2.5706487402392773,-0.013001043798823794,5.199259031827716,38,8267.125772476642,2473.064084387806,1.8586331610758386,0.557942869551692,8322.727778129214,0.18334514610244848,0.34507964580370803,0.9916196546118661,0.5294421609311293,1.0,0.23232914513447983,0.896003649769972,0.9047619047619048,0.0,0.06805713595176563,0.0,ahead_vae,ahead,False,0.05834835395216942,2.2489523887634277,1.5022166967391968,1.9090158939361572,vae_candidate_pool_v1,belief_limited_heuristic_v1,672
VAE000121,vae_candidate_000121,0.6460134161723281,159.07485961914062,5409.91943359375,5470.2828703115365,-1.5736242826060074,0.06036064110848551,5.448010141883972,30,8288.018002246265,2580.884765917136,1.4024970449010359,-1.5076077298753001,3099.093791429378,0.21240064558282845,0.16830576069122866,0.9887638293119102,0.998004264789684,0.7378794741498519,0.17531213061262949,0.999300734338943,0.7142857142857143,0.0,0.06611582786089261,0.0,port_vae,port,False,0.08957450836896896,2.3148932456970215,2.9505438804626465,1.198486566543579,vae_candidate_pool_v1,belief_limited_heuristic_v1,673
VAE000707,vae_candidate_000707,0.645766042947603,-113.735107421875,-5312.73193359375,5436.170880619654,1.5651316611815689,0.007780322723162459,4.640836047721572,36,8197.353483774634,2525.642248445711,1.7388295178128914,1.5842413151313866,2635.6239761077477,0.22209203595213522,0.1750653148891442,0.9877193849418354,0.9999096175058478,0.6275295181208923,0.21735368972661143,0.984912008245143,0.8571428571428571,0.0,0.06687928190268463,0.0,starboard_vae,starboard,False,0.09802644699811935,0.7443203330039978,1.5002037286758423,1.0724397897720337,vae_candidate_pool_v1,belief_limited_heuristic_v1,674
VAE000040,vae_candidate_000040,0.6457066128625049,-39.14581298828125,5219.6474609375,5297.5292177465635,-1.551169585218539,-0.00025138710873803653,4.852977991818267,32,8285.6775308765,2328.4647077719505,1.6586405989169273,-1.590674455479992,2492.697605722959,0.22719030552927055,0.20452107996510846,0.987151549052358,0.9998024365055546,0.5934994299340378,0.2073300748646159,0.9995043346678412,0.7619047619047619,0.0,0.06985472735195894,0.0,port_vae,port,False,0.08920956403017044,0.7107037901878357,2.0374364852905273,1.120092749595642,vae_candidate_pool_v1,belief_limited_heuristic_v1,675
VAE000825,vae_candidate_000825,0.6452995027806925,-682.8540649414062,-697.0711669921875,1025.1342067322712,0.7463473998813377,-0.0009210679642072546,4.476879224009001,38,8389.183821497027,2358.2533198321858,1.9207614531423873,2.394324185744248,7756.627073962809,1.5194650364136897,0.6995442226902521,0.5256543756014636,0.679637587893213,1.0,0.24009518164279842,0.8401424428261041,0.9047619047619048,1.0,0.10330247624384592,0.10330247624384592,inside_convoy_envelope,inside,True,0.05084551125764847,1.4833508729934692,2.441213846206665,1.7749478816986084,vae_candidate_pool_v1,belief_limited_heuristic_v1,676
VAE000359,vae_candidate_000359,0.6451181786294362,-1010.7639770507812,5413.978515625,5496.132069279918,-1.4160572860590903,-0.01937447054054139,5.024908033086494,35,8258.008474511345,2516.8057649896464,1.684003617345803,-1.7449098380712442,3909.3300040210597,0.406622026940066,0.16331005840179627,0.9592310396680077,0.9848804968557058,0.9307928581002524,0.21050045216822538,0.7822691225265308,0.8333333333333334,0.0,0.066946547931548,0.0,port_vae,port,False,0.04402274265885353,1.4395389556884766,1.8891470432281494,1.9541791677474976,vae_candidate_pool_v1,belief_limited_heuristic_v1,677
VAE000477,vae_candidate_000477,0.644800664620869,-1090.295166015625,5797.48193359375,5880.856081033691,-1.3993605104657554,-0.010725667659956997,5.554629449937339,37,8264.277024607498,2418.6882998159067,1.8510449013475505,-1.7529578107839947,3875.790732964583,0.42238865120081037,0.10122322596416115,0.9560561694294404,0.9834544252685237,0.9228073173725198,0.2313806126684438,0.991027989590079,0.8809523809523809,0.0,0.06813946633899289,0.0,port_vae,port,False,0.07898189127445221,1.9832299947738647,2.443932294845581,1.389344573020935,vae_candidate_pool_v1,belief_limited_heuristic_v1,678
VAE001034,vae_candidate_001034,0.6445298541453817,184.11862182617188,5328.90869140625,5325.143484231864,-1.5616735178556802,0.02049423507199071,4.942137867389168,34,8324.415279668108,2308.1110103478904,1.7695730137824153,-1.5594249006621221,2402.620215193189,0.21183134567544815,0.19839821259697785,0.9888237563643385,0.9999353460305548,0.5720524321888545,0.2211966267228019,0.988707655903234,0.8095238095238095,0.0,0.07016423852738149,0.0,port_vae,port,False,0.07796671241521835,2.2719695568084717,2.5218758583068848,1.8199591636657715,vae_candidate_pool_v1,belief_limited_heuristic_v1,679
VAE001084,vae_candidate_001084,0.6443798974034742,-3047.934814453125,4435.99169921875,5273.722942822737,-0.951459263988121,-0.007164414226743792,4.315514423066017,31,8245.612882802245,2476.9313868874024,1.5178357436022087,-2.197297803828416,6841.042109718877,0.3502995889478697,0.2099024872224881,0.9696349711497707,0.8100836955866614,1.0,0.1897294679502761,0.9545955950911659,0.7380952380952381,0.0,0.06763365518111625,0.0,astern_vae,astern,False,0.06845502555370331,2.098721742630005,1.953386902809143,1.5912785530090332,vae_candidate_pool_v1,belief_limited_heuristic_v1,680
VAE000849,vae_candidate_000849,0.6443264525092423,271.7196044921875,5658.76171875,5611.41157914862,-1.6378683907330496,0.016340090418385543,4.341331132455039,37,8411.327300979248,2276.0870847973138,1.9326282212843813,-1.487384172438358,2968.9672693030498,0.2635436365800261,0.1423369030712059,0.9827364561731295,0.9965232227860659,0.7068969688816785,0.24157852766054766,0.9928933352121975,0.8809523809523809,0.0,0.07052807909760955,0.0,port_vae,port,False,0.07989668846130371,1.2869560718536377,2.9080259799957275,1.0975322723388672,vae_candidate_pool_v1,belief_limited_heuristic_v1,681
VAE000144,vae_candidate_000144,0.6442685560689733,3878.19482421875,3180.456298828125,5080.672253735314,-2.4826369639579537,-0.02917376918495795,4.877144580395833,37,8151.404532654252,2403.0584028778603,1.8888825377245662,-0.6881294588167972,7822.599467596569,0.07553727028748813,0.25706847143095674,0.998574208342418,0.6350934220324319,1.0,0.23611031721557077,0.9587500139923479,0.8809523809523809,0.0,0.0688627248583673,0.0,ahead_vae,ahead,False,0.06935558468103409,0.7996700406074524,2.513762950897217,1.729195475578308,vae_candidate_pool_v1,belief_limited_heuristic_v1,682
VAE001212,vae_candidate_001212,0.6442290978190758,-4013.8564453125,-489.1214599609375,4063.9768435215396,0.12897347597198683,0.05497667448271453,4.681806962282104,37,8207.456980422949,2223.0111524023177,2.027923031228497,3.067595852100521,8349.342796144218,0.018167905032699272,0.5924989216084731,0.9999174840764065,0.07392929139839846,1.0,0.25349037890356213,0.961001492510747,0.8809523809523809,0.0,0.07280032075783868,0.0,astern_vae,astern,False,0.06986138224601746,1.5208536386489868,2.96412992477417,1.5836846828460693,vae_candidate_pool_v1,belief_limited_heuristic_v1,683
VAE000168,vae_candidate_000168,0.6440446448119266,-3496.0634765625,-3156.0751953125,4716.929583012124,0.7529861602736742,0.06058965356906824,4.61701542426787,34,8270.304756999596,2343.405448624376,1.754324660468184,2.4491961468851873,7861.796937572147,0.4199839854490829,0.36248377791645797,0.9565477351478787,0.6383836488051827,1.0,0.219290582558523,0.743845217128497,0.8095238095238095,0.0,0.0700432868828611,0.0,astern_vae,astern,False,0.03979460522532463,0.8277895450592041,2.358729124069214,1.5377691984176636,vae_candidate_pool_v1,belief_limited_heuristic_v1,684
VAE000890,vae_candidate_000890,0.6439671186519866,670.864990234375,-5780.67529296875,5679.416740664879,1.6655123888607826,-0.00804156367215072,5.151173894887158,32,8293.95051219497,2522.5982134011474,1.5294682106675173,1.4680387010568599,3360.059296143031,0.16421357654631374,0.13094200205879583,0.9932736110937013,0.9947250791756418,0.8000141181292931,0.19118352633343966,0.9891786981839042,0.7619047619047619,0.0,0.06675844424564717,0.0,starboard_vae,starboard,False,0.09636910259723663,1.7123562097549438,2.871647834777832,1.8909590244293213,vae_candidate_pool_v1,belief_limited_heuristic_v1,685
VAE000859,vae_candidate_000859,0.6434481520333278,3485.943603515625,3918.62646484375,5144.1689219705895,-2.3692314176666507,0.06817427475418558,4.84390557621893,36,8245.743603777337,2250.470690288942,1.9399892038587423,-0.7041869611689568,7741.383117163745,0.06117703965289634,0.2408627545304699,0.999064634236771,0.6474143956524913,1.0,0.2424986504823428,0.9999809084063741,0.8571428571428571,0.0,0.07128942521000947,0.0,ahead_vae,ahead,False,0.08764776587486267,1.8667526245117188,1.9779269695281982,1.8671462535858154,vae_candidate_pool_v1,belief_limited_heuristic_v1,686
VAE000645,vae_candidate_000645,0.6434126766920429,-2357.92236328125,5279.4541015625,5896.798323373222,-1.1336680864343864,-0.005422083301447996,4.815839880539533,38,8181.060580364932,2491.7185342029366,1.8641248906124173,-2.0133466504568545,5755.174718909551,0.294769822201174,0.09911690214635123,0.9784345194162982,0.9036624385821785,1.0,0.23301561132655216,0.9766365858816077,0.9047619047619048,0.0,0.06710294988013879,0.0,astern_vae,astern,False,0.10068413615226746,1.0085150003433228,2.04145884513855,1.7029989957809448,vae_candidate_pool_v1,belief_limited_heuristic_v1,687
VAE000570,vae_candidate_000570,0.6433717640135022,4119.8193359375,-3131.048095703125,5087.095212287116,2.437573228547333,0.011365210955013237,4.760894554807198,34,8327.84673724754,2745.868183322679,1.486847778054831,0.7153846359974738,8087.236623957745,0.17368594294909512,0.2553985059521935,0.9924772383393822,0.6559078042343882,1.0,0.18585597225685388,0.9944880613327637,0.8095238095238095,0.0,0.0644310947902538,0.0,ahead_vae,ahead,False,0.09375429153442383,1.4281895160675049,1.5096862316131592,1.7817076444625854,vae_candidate_pool_v1,belief_limited_heuristic_v1,688
VAE000761,vae_candidate_000761,0.6433178260576157,3795.794189453125,3576.025390625,5273.536752149878,-2.3865692576501596,0.013378830184795227,5.007350881315812,39,8361.36062018667,2296.7983760833417,2.0307888951772566,-0.7416445657548383,7716.812232187265,0.04661714152298213,0.20994495158238619,0.9994568089097462,0.6755014593452544,1.0,0.2538486118971571,0.9913539094977186,0.9285714285714286,0.0,0.07037669502507127,0.0,ahead_vae,ahead,False,0.09539850056171417,0.8491919636726379,1.5057975053787231,1.3776628971099854,vae_candidate_pool_v1,belief_limited_heuristic_v1,689
VAE000779,vae_candidate_000779,0.6432591820388558,205.3817901611328,5591.798828125,5599.737411139808,-1.6041184458268618,0.06643177255245661,4.99039522464735,38,8267.45828582123,2606.5949671222934,1.7633480094993417,-1.4710424352104747,3416.9808711686956,0.44223410885502806,0.14436505062965743,0.9518989054822394,0.9950287049883917,0.8135668740877846,0.2204185011874177,0.9171068030612582,0.9047619047619048,0.0,0.06572531239595171,0.0,port_vae,port,False,0.06159597635269165,1.1696871519088745,1.9444540739059448,1.1995967626571655,vae_candidate_pool_v1,belief_limited_heuristic_v1,690
VAE001169,vae_candidate_001169,0.642973141912222,724.6107177734375,-5551.42626953125,5570.1151876134045,1.6642452213579872,-0.018668541395665043,4.61962391053131,36,8127.740559588477,2430.239892508643,1.8225670854437899,1.458678890836141,3324.3349303348064,0.33829438557191627,0.1496073508393656,0.9716610471776652,0.9937214213910477,0.7915083167463824,0.22782088568047373,0.8990387009503001,0.8571428571428571,0.0,0.06816029462301171,0.0,starboard_vae,starboard,False,0.05879709869623184,1.3871158361434937,1.4898946285247803,1.1811875104904175,vae_candidate_pool_v1,belief_limited_heuristic_v1,691
VAE000959,vae_candidate_000959,0.6429180169258869,3900.031494140625,-2922.389892578125,4979.526260001978,2.470627239258403,-0.010293807913740063,5.173623396761805,33,8236.892191045963,2281.2589241834403,1.7562081061348274,0.6606716064176495,7903.575971901068,0.007796153047144206,0.2842683418718758,0.9999848050763789,0.6136472775113542,1.0,0.21952601326685342,0.9667068017485858,0.7857142857142857,0.0,0.07086979474380378,0.0,ahead_vae,ahead,False,0.07120847702026367,1.533085823059082,2.972564458847046,1.6430858373641968,vae_candidate_pool_v1,belief_limited_heuristic_v1,692
VAE001070,vae_candidate_001070,0.6428017512372798,-884.3196411132812,-6034.29638671875,5882.8006627673785,1.3829754361370883,0.02609013673074171,5.132293633175088,36,8190.781012963792,2497.4495543821054,1.759869485735995,1.7847073541834464,4179.294898913024,0.4878558452978736,0.10096444500266062,0.9416699621652449,0.977208144387872,0.9950702140269104,0.2199836857169994,0.9538848789288208,0.8571428571428571,0.0,0.06702757642092456,0.0,starboard_vae,starboard,False,0.0683048665523529,1.0803000926971436,2.4355039596557617,1.245208501815796,vae_candidate_pool_v1,belief_limited_heuristic_v1,693
VAE001025,vae_candidate_001025,0.6424440378479216,2411.4306640625,5838.95068359375,6220.123134263442,-1.9419047187172145,-0.03418135247672237,4.573831486130977,36,8168.657450338932,2351.9961966088504,1.8737653394601101,-1.233869287349301,4920.219226018033,0.10570621260988157,0.0633762844214384,0.9972091493078407,0.9437750053415739,1.0,0.23422066743251377,0.9892194702607844,0.8571428571428571,0.0,0.06905340420616105,0.0,port_vae,port,False,0.07818108052015305,1.3001993894577026,2.908919334411621,1.9174290895462036,vae_candidate_pool_v1,belief_limited_heuristic_v1,694
VAE000257,vae_candidate_000257,0.641546317040756,-2126.27490234375,5687.7138671875,6140.852071910963,-1.2140434627860972,0.043092621350359475,5.261361531407099,39,8170.515677443866,2352.767642836924,2.0287853521798747,-1.8844565694533364,4758.927697539381,0.40077435117912175,0.07097953042135287,0.9603795856686577,0.9512106043660162,1.0,0.25359816902248433,0.9817261340648836,0.9285714285714286,0.0,0.06907167262099029,0.0,port_vae,port,False,0.09911765158176422,1.1956840753555298,2.4082398414611816,1.128296971321106,vae_candidate_pool_v1,belief_limited_heuristic_v1,695
VAE000846,vae_candidate_000846,0.6412665101915379,-1812.748291015625,-5440.50048828125,5870.399124887697,1.2912502820288068,0.07519873063722439,4.910972066094875,35,8198.017043146958,2483.0224765337653,1.7194065493073123,1.925541102198211,5176.007283165616,0.44039037512643875,0.10262371663830755,0.9522926590564325,0.9377351718902093,1.0,0.21492581866341404,0.9994562444622717,0.8333333333333334,0.0,0.06723184983949472,0.0,starboard_vae,starboard,False,0.08930166810750961,1.1673091650009155,1.5094496011734009,1.6125023365020752,vae_candidate_pool_v1,belief_limited_heuristic_v1,696
VAE000064,vae_candidate_000064,0.6410134711705441,3840.05078125,2936.7919921875,4965.952982425783,-2.457405698264075,0.040538697521837835,5.0505706134914945,39,8332.41387855994,2264.1464303147995,2.067232207295559,-0.6436482578038802,8023.949743813619,0.1075065438619296,0.2880462676156004,0.9971133675896982,0.6001177127122025,1.0,0.2584040259119449,0.8457179799037159,0.9285714285714286,0.0,0.07115170645304279,0.0,ahead_vae,ahead,False,0.12298919260501862,1.1214033365249634,2.5260958671569824,1.834822416305542,vae_candidate_pool_v1,belief_limited_heuristic_v1,697
VAE000800,vae_candidate_000800,0.6402873427922111,2678.327392578125,-5441.0107421875,5938.563346432651,2.03204824815556,-0.005752570749907003,4.421107203699518,36,8012.107394783944,2448.2730448558277,1.8352527677985884,1.1037918346843265,5793.273570939774,0.1708508711443697,0.09376157967372313,0.9927202288876623,0.892920910559119,1.0,0.22940659597482355,0.9747006538264336,0.8571428571428571,0.0,0.0677468766430895,0.0,ahead_vae,ahead,False,0.07329704612493515,0.6680335998535156,2.957186222076416,1.4321200847625732,vae_candidate_pool_v1,belief_limited_heuristic_v1,698
VAE000520,vae_candidate_000520,0.6401240287423545,1296.7398681640625,6249.8056640625,6371.309689951605,-1.8047434829710318,-0.026539329323629436,5.324847900765585,36,8319.430674086454,2421.7870519056023,1.7867876447058872,-1.3633884999423906,4083.053542968467,0.1976862446215537,0.050724701470312786,0.9902618131446923,0.9785679924038494,0.9721556054686826,0.2233484555882359,0.9893949363271207,0.8571428571428571,0.0,0.0678775591071874,0.0,port_vae,port,False,0.07825572043657303,2.317561149597168,2.345259428024292,1.1034440994262695,vae_candidate_pool_v1,belief_limited_heuristic_v1,699
VAE000316,vae_candidate_000316,0.6401218210278727,621.0894165039062,-5627.41162109375,5739.407004908356,1.7005510198876879,-0.01044295830890104,5.269670095259144,35,8196.769449546533,2417.7179470067354,1.766117891620468,1.4305986753932045,3539.4032244109812,0.061562732438912304,0.12147335632439919,0.9990528067032115,0.9901883959786839,0.842715053431186,0.2207647364525585,0.8520665389457133,0.8333333333333334,0.0,0.0682394212328637,0.0,starboard_vae,starboard,False,0.1221829354763031,0.673508882522583,1.487803339958191,1.6278325319290161,vae_candidate_pool_v1,belief_limited_heuristic_v1,700
VAE000988,vae_candidate_000988,0.6401112673621986,2116.8369140625,-6295.5068359375,6476.057453937443,1.8483283719166201,0.029291502537443972,5.120754499755685,35,8178.0308574174915,2640.257408074741,1.6209627305809882,1.322555784210617,4568.65604178941,0.08776588416264408,0.0432529899410772,0.9980755231999552,0.96934621849079,1.0,0.20262034132262352,0.9999442175645444,0.8333333333333334,0.0,0.0649448642310566,0.0,starboard_vae,starboard,False,0.0879182443022728,1.3736668825149536,2.9508938789367676,1.5999821424484253,vae_candidate_pool_v1,belief_limited_heuristic_v1,701
VAE000274,vae_candidate_000274,0.6399327493573372,3888.1474609375,3347.29736328125,5094.6206787705705,-2.431852751987667,0.005357697736745974,4.886605684266921,39,8311.241456911352,2470.8376683467573,1.8991291237264838,-0.7043822038653802,7933.287234310254,0.23093963865207456,0.25345065614118883,0.9867258743544284,0.6475631852245769,1.0,0.23739114046581047,0.8901788726029531,0.9285714285714286,0.0,0.06782369068548717,0.0,ahead_vae,ahead,False,0.05750196427106857,2.1190085411071777,2.976952075958252,1.7678017616271973,vae_candidate_pool_v1,belief_limited_heuristic_v1,702
VAE000884,vae_candidate_000884,0.6397329670034505,4234.6787109375,-2583.251708984375,4891.98264871691,2.602423879140407,0.031835200144958185,5.007008818503402,34,8347.78965142263,2560.4044974579406,1.5907386695105257,0.5710039745943452,8407.325869975055,0.134503101807657,0.30915614866573143,0.9954840432767021,0.5404770238169075,1.0,0.1988423336888157,0.9969565142355392,0.8095238095238095,0.0,0.06676453497991838,0.0,ahead_vae,ahead,False,0.09208443015813828,1.0159461498260498,1.509748935699463,1.876293420791626,vae_candidate_pool_v1,belief_limited_heuristic_v1,703
VAE000062,vae_candidate_000062,0.6395726017413935,-1276.7958984375,-5804.52685546875,5961.209366415098,1.3444533880653147,0.07067843409369307,4.996903776768018,36,8145.098407005189,2428.2852298974253,1.820147010888616,1.8678176996181721,4705.809577024664,0.47916649979982434,0.09095470884087142,0.9436897538311424,0.9562124943682673,1.0,0.227518376361077,0.9837026908317942,0.8571428571428571,0.0,0.06799212938740534,0.0,starboard_vae,starboard,False,0.07608015090227127,1.3556162118911743,2.4409983158111572,1.8962340354919434,vae_candidate_pool_v1,belief_limited_heuristic_v1,704
VAE000164,vae_candidate_000164,0.6394998576852887,-59.24432373046875,-5540.4248046875,5555.705048024125,1.5030250932715297,-0.028532619593921102,5.1162502474158735,34,8120.202504048376,2461.345240614056,1.7011379093359675,1.610034940724342,2777.994389877603,0.20699879350343808,0.15220768699551687,0.9893260701570714,0.999230264357549,0.6614272356851436,0.21264223866699594,0.9841979098031607,0.8095238095238095,0.0,0.06771958963162768,0.0,starboard_vae,starboard,False,0.09828012436628342,0.7475971579551697,2.940558910369873,1.2974255084991455,vae_candidate_pool_v1,belief_limited_heuristic_v1,705
VAE001020,vae_candidate_001020,0.6394775029174915,434.98919677734375,-5649.462890625,5580.508774083847,1.6343929949140474,-0.0262344306936591,5.279238204669933,35,8340.069034796512,2115.3357719902788,1.9838968374537718,1.480965227982087,2854.9968733387273,0.11228046458919727,0.1477522288922346,0.9968515840517125,0.9959678993995085,0.6797611603187446,0.24798710468172147,0.9424052556800325,0.8333333333333334,0.0,0.07360305227190171,0.0,starboard_vae,starboard,False,0.10852079838514328,2.3894922733306885,2.9771997928619385,1.0999774932861328,vae_candidate_pool_v1,belief_limited_heuristic_v1,706
VAE000683,vae_candidate_000683,0.639345200072314,309.8033447265625,5336.70654296875,5414.012742307652,-1.5893204709848385,0.040760651326410685,4.509393733263232,36,8342.611720195424,2279.4642668130055,1.8930743931857752,-1.5115115312785439,2769.7599975386734,0.3866365107999637,0.17955856812227464,0.9630912926518598,0.9982431711593514,0.6594666660806365,0.2366342991482219,0.9248922688528494,0.8571428571428571,0.0,0.07059326663802261,0.0,port_vae,port,False,0.06288208067417145,0.7913596034049988,2.950793504714966,1.619693636894226,vae_candidate_pool_v1,belief_limited_heuristic_v1,707
VAE000187,vae_candidate_000187,0.6389716796287874,2107.800537109375,-5559.599609375,5891.337053969185,1.9580983603089368,-0.030718199887562005,5.057630581365148,35,8130.859269450852,2524.473511943506,1.705142903257552,1.1527760933932945,5607.840451368364,0.23938150942198977,0.09983455511176705,0.9857424029471146,0.9138944208956664,1.0,0.213142862907194,0.9336349305029008,0.8333333333333334,0.0,0.06667234538192103,0.0,starboard_vae,starboard,False,0.06439835578203201,1.8650702238082886,2.428466796875,1.6666676998138428,vae_candidate_pool_v1,belief_limited_heuristic_v1,708
VAE001013,vae_candidate_001013,0.6388315474658968,1350.840576171875,898.5000610351562,1629.1462173160946,-2.563844009145495,0.08412208864545709,5.115746476163178,36,8238.40103090452,2484.9711701009783,1.758483175048159,-0.493626555798841,8432.338802340171,1.8524687731183322,0.8937509856993322,0.3610187125223227,0.47382261569153117,1.0,0.2198103968810199,0.8658163286731028,0.8571428571428571,0.0,0.08210139144685213,0.0,ahead_vae,ahead,False,0.054141685366630554,1.7253515720367432,2.0841047763824463,1.853094220161438,vae_candidate_pool_v1,belief_limited_heuristic_v1,709
VAE000290,vae_candidate_000290,0.6381640054810224,-475.67791748046875,5393.0546875,5503.532420491645,-1.526243981778351,-0.010978894104270654,4.743849138751366,35,8272.866621773497,2277.1881078695615,1.8578605573344122,-1.6263275659157126,2732.844366119295,0.3765392119300486,0.16189980926283284,0.9649713744108941,0.9984585369217902,0.6506772300284036,0.23223256966680153,0.9999709576594503,0.8333333333333334,0.0,0.07059985703229531,0.0,port_vae,port,False,0.08679617196321487,1.0138121843338013,2.4941742420196533,1.6707311868667603,vae_candidate_pool_v1,belief_limited_heuristic_v1,710
VAE000756,vae_candidate_000756,0.6381361509683074,2363.75244140625,-5346.94921875,5964.358137588032,1.9624458313585795,-0.0499268601924672,4.664720820445646,37,8270.960301118972,2258.1344173526636,1.981052557927307,1.1292199620387466,5576.252361393839,0.16122996129717856,0.09056975433989173,0.9935152907279869,0.9040791034168955,1.0,0.24763156974091338,0.9144302011132776,0.8809523809523809,0.0,0.07071122497703775,0.0,starboard_vae,starboard,False,0.06116603687405586,2.2488083839416504,2.942695379257202,1.7305359840393066,vae_candidate_pool_v1,belief_limited_heuristic_v1,711
VAE000505,vae_candidate_000505,0.6378999312361365,3709.09716796875,-3360.606201171875,4955.369005640384,2.3898933653847925,-0.0019213158205303557,4.765930924478667,35,8283.897115135622,2494.963140931395,1.6934376609489408,0.7497779723844709,7762.747087596239,0.39339722143617406,0.29101290481539915,0.9618060704364889,0.6814762880886822,1.0,0.2116797076186176,0.8034048350376717,0.8333333333333334,0.0,0.06759931992053383,0.0,ahead_vae,ahead,False,0.046437643468379974,1.111167073249817,1.9308443069458008,1.3910876512527466,vae_candidate_pool_v1,belief_limited_heuristic_v1,712
VAE000254,vae_candidate_000254,0.6369980980720112,-1257.843994140625,5387.3564453125,5590.590500835024,-1.386484219101254,-0.041913338776946724,5.2335299720930495,37,8380.427545448576,2515.0600916917347,1.7554448193563017,-1.7970217732654858,4330.71248897585,0.6757347212739767,0.14596905494949003,0.8901238075511573,0.9745199702999827,1.0,0.2194306024195377,0.8520771523408422,0.8809523809523809,0.0,0.06688531509532686,0.0,port_vae,port,False,0.05235134810209274,1.171600580215454,1.9699681997299194,1.2187602519989014,vae_candidate_pool_v1,belief_limited_heuristic_v1,713
VAE000058,vae_candidate_000058,0.6365786142787399,-171.72064208984375,-5459.01318359375,5483.604873527791,1.5624323650675696,0.011608815638754287,5.080085532724725,36,8316.537771430107,2452.615480321406,1.7649421353540224,1.5907691041609786,2618.219621997968,0.39487501792175594,0.165717538801679,0.9615223256406558,0.9998005507124982,0.6233856242852305,0.2206177669192528,0.9904558863251062,0.8571428571428571,0.0,0.06783292719940849,0.0,starboard_vae,starboard,False,0.07872060686349869,1.746961236000061,2.9489994049072266,1.2748385667800903,vae_candidate_pool_v1,belief_limited_heuristic_v1,714
VAE000368,vae_candidate_000368,0.63654534282155,146.26336669921875,462.6083679199219,386.967320728009,-1.8840041165881065,0.011632101482731652,5.166844234792423,36,8133.1998460228215,2417.3494142461545,1.8310560021810192,-1.245956435518955,4886.694591375419,0.5867119665190625,0.4648547196440459,0.916382758880392,0.9477018383904614,1.0,0.2288820002726274,0.872237624738174,0.8571428571428571,1.0,0.21726736995503096,0.21726736995503096,inside_convoy_envelope,inside,True,0.05500224605202675,2.0903382301330566,1.5039918422698975,1.729783296585083,vae_candidate_pool_v1,belief_limited_heuristic_v1,715
VAE000030,vae_candidate_000030,0.6364002579401584,-1152.69873046875,-5618.845703125,5676.064018473792,1.392055424973026,-0.08148944775222015,5.778186512507377,35,8044.992571556895,2472.274601643507,1.7597285886671412,1.668047780864547,3241.747143563988,0.46364273027167957,0.13148716701220356,0.9472146864116326,0.9952748032841038,0.7718445579914257,0.21996607358339265,0.9982101976607142,0.8333333333333334,0.0,0.06752127120839116,0.0,starboard_vae,starboard,False,0.08357290923595428,1.4115426540374756,1.905048131942749,1.751678466796875,vae_candidate_pool_v1,belief_limited_heuristic_v1,716
VAE000845,vae_candidate_000845,0.6363428309233388,-728.1530151367188,-5731.388671875,5829.121819179554,1.4349540054912726,0.04883515723508655,4.6616701409006085,38,8262.063508485337,2435.225072782504,1.88866947437306,1.7554738053336074,3910.9739918932064,0.5298432282861811,0.10830001454261241,0.9314431566199826,0.9829955262114358,0.9311842837840968,0.2360836842966325,0.9032086203616221,0.9047619047619048,0.0,0.06791941969285184,0.0,starboard_vae,starboard,False,0.05942289158701897,0.803469717502594,2.0636837482452393,1.4957062005996704,vae_candidate_pool_v1,belief_limited_heuristic_v1,717
VAE000680,vae_candidate_000680,0.6362808825942728,-3945.458984375,-2435.797119140625,4670.406920337599,0.5588727754066604,0.03628342311333286,4.626382167085981,38,8153.395250689139,2319.5578550190644,2.0092773624654288,2.619003301296466,8222.909541166819,0.35507759201764877,0.37740649530789694,0.968809757879531,0.49912555918934837,1.0,0.2511596703081786,0.7819711673109739,0.9047619047619048,0.0,0.070499925965177,0.0,astern_vae,astern,False,0.043989211320877075,1.9948796033859253,1.4672212600708008,1.4240913391113281,vae_candidate_pool_v1,belief_limited_heuristic_v1,718
VAE001049,vae_candidate_001049,0.6357336948149487,-260.52191162109375,5305.6142578125,5281.230503924407,-1.526987266869961,-0.014211695627986892,5.252773038836234,32,8115.304312192024,2458.3704506249223,1.6039759099083302,-1.6288170823478192,2924.825622168879,0.4058936911883926,0.20819510688026235,0.959374949541153,0.9983172681055223,0.6963870528973521,0.20049698873854127,0.8166696337150628,0.7619047619047619,0.0,0.0679263905482198,0.0,port_vae,port,False,0.04799455404281616,2.1900014877319336,2.961381435394287,1.7653634548187256,vae_candidate_pool_v1,belief_limited_heuristic_v1,719
VAE000873,vae_candidate_000873,0.635544858828039,614.2551879882812,-6066.51318359375,5945.674238694935,1.7162280767620657,-0.056186842231041124,4.784353603883928,35,8257.192003575326,2379.749799931622,1.7811658589099266,1.3691777345966865,3985.092215223848,0.15121711322010611,0.09287295111582762,0.9942942312445927,0.9797437295439247,0.9488314798152019,0.22264573236374083,0.807629676291256,0.8333333333333334,0.0,0.06870543811504873,0.0,starboard_vae,starboard,False,0.046929750591516495,0.8313500881195068,1.5203001499176025,1.2253555059432983,vae_candidate_pool_v1,belief_limited_heuristic_v1,720
VAE001206,vae_candidate_001206,0.6354211358512448,4110.63671875,-2124.531982421875,4712.39329107494,2.6317770888077976,-0.0253596209152236,5.1033969131197425,34,8157.83928255799,2435.6751769549815,1.711135501910746,0.4844559438667713,8353.463805650654,0.17287753041168852,0.36392560665060086,0.9925469299096938,0.4657269776422871,1.0,0.21389193773884324,0.9098463793447369,0.8095238095238095,0.0,0.06867143360960572,0.0,ahead_vae,ahead,False,0.06044291704893112,1.9259157180786133,1.5046401023864746,1.6150836944580078,vae_candidate_pool_v1,belief_limited_heuristic_v1,721
VAE000050,vae_candidate_000050,0.6353789719133974,-496.0885009765625,-5931.48388671875,5861.036952884454,1.4699148772832185,0.02761951817591259,4.399268815430799,34,8169.380795509414,2350.7372576113225,1.7704582352345128,1.6992972944824871,3378.242335053243,0.32107488201074874,0.10389037183490984,0.9744483739253583,0.9917551053424855,0.804343413107915,0.2213072794043141,0.9956856176652771,0.8095238095238095,0.0,0.06922445456947164,0.0,starboard_vae,starboard,False,0.09300466626882553,0.7452093362808228,2.969621419906616,1.9139889478683472,vae_candidate_pool_v1,belief_limited_heuristic_v1,722
VAE000928,vae_candidate_000928,0.6349835813043483,1971.655517578125,-6353.1513671875,6685.56028769272,1.8706206869253108,-0.03600143351064384,5.044223970800823,37,8219.536568854472,2251.4867185092207,1.9993323940501087,1.2349705331538383,4834.454886055161,0.13611919170973774,0.031059866839342268,0.9953750391395892,0.9441384921603733,1.0,0.24991654925626358,0.9999098206457643,0.8809523809523809,0.0,0.07058251393440465,0.0,starboard_vae,starboard,False,0.08809518814086914,1.249307632446289,2.9251561164855957,1.8608520030975342,vae_candidate_pool_v1,belief_limited_heuristic_v1,723
VAE000867,vae_candidate_000867,0.6348798365702789,3704.391357421875,-3102.087158203125,4822.621001179058,2.48317442963098,-0.08776022134841603,5.076570149838849,37,8202.017968967617,2519.4662080474286,1.7904923501673926,0.5706580026103973,8263.353198417,0.22350771551383053,0.3297339095220787,0.9875629798588601,0.5401859049117989,1.0,0.22381154377092408,0.8198202647654361,0.8809523809523809,0.0,0.06739703608403855,0.0,ahead_vae,ahead,False,0.04836967960000038,1.299580454826355,2.9583890438079834,1.3056648969650269,vae_candidate_pool_v1,belief_limited_heuristic_v1,724
VAE001167,vae_candidate_001167,0.6347647192092821,3824.481201171875,-3520.384033203125,5326.852403471163,2.37398464549315,-0.01382765191247935,4.7870741321401145,35,8273.919221820464,2596.7761130330687,1.6290044107706778,0.7537803561841633,7809.804228020714,0.058983503827756856,0.1980235009529525,0.9991304887026178,0.6843999272997554,1.0,0.20362555134633473,0.9944601042414875,0.8333333333333334,0.0,0.06600828251261974,0.0,ahead_vae,ahead,False,0.08076215535402298,2.1375374794006348,2.9596493244171143,1.8149023056030273,vae_candidate_pool_v1,belief_limited_heuristic_v1,725
VAE000905,vae_candidate_000905,0.6346583464711029,1899.491455078125,6567.029296875,6850.542706776716,-1.8636666298684286,-0.042718203114096805,5.732806620815689,38,8302.937546186065,2450.1623890607266,1.8679143408935637,-1.3206442268354615,4429.303761871214,0.043882409347670626,0.023652254068426515,0.999518660786439,0.9688747803710206,1.0,0.23348929261169546,0.9406940415822275,0.9047619047619048,0.0,0.06730610814984687,0.0,port_vae,port,False,0.10884393751621246,1.0903733968734741,2.4744749069213867,1.773619294166565,vae_candidate_pool_v1,belief_limited_heuristic_v1,726
VAE000364,vae_candidate_000364,0.634151344147092,842.96337890625,-6320.794921875,6425.578622983293,1.6844326478980756,-0.0605837421257987,5.035237282798902,37,8358.51217047757,2483.2926716750185,1.7825627956421888,1.3965762635659191,3894.565671951419,0.09485132818625508,0.04672945539980322,0.99775249217034,0.9848620327245752,0.927277540940814,0.2228203494552736,0.9307364867990593,0.8809523809523809,0.0,0.06695706580471027,0.0,starboard_vae,starboard,False,0.1106465607881546,1.4839954376220703,2.958686351776123,1.2819695472717285,vae_candidate_pool_v1,belief_limited_heuristic_v1,727
VAE001209,vae_candidate_001209,0.6338226824739915,-539.652099609375,5531.96923828125,5546.505941719114,-1.4360177522011908,0.03182107518535399,5.203822539369774,35,8017.636716944167,2474.01621060312,1.7644897064054474,-1.6737538262032483,3284.933424237911,0.3361489205082218,0.15388495107512654,0.9720159783773061,0.9947045568883721,0.7821270057709312,0.22056121330068093,0.7957350534067212,0.8333333333333334,0.0,0.06757404098957695,0.0,port_vae,port,False,0.04555263742804527,0.9789449572563171,2.9585764408111572,1.6922796964645386,vae_candidate_pool_v1,belief_limited_heuristic_v1,728
VAE001098,vae_candidate_001098,0.6336280001107291,-461.3375244140625,5687.310546875,5646.192758477614,-1.4897513064575691,0.017948006279385673,5.637957748548052,34,8407.469225584195,2543.9710408515703,1.5896498283632206,-1.6338933408528382,3069.0429255383942,0.38590725054741776,0.13642005323848094,0.9632286625310043,0.9980100437465843,0.73072450608057,0.19870622854540257,0.9711138713969804,0.8095238095238095,0.0,0.06646254153378715,0.0,port_vae,port,False,0.07232590764760971,2.2049365043640137,1.969116449356079,1.3679651021957397,vae_candidate_pool_v1,belief_limited_heuristic_v1,729
VAE000419,vae_candidate_000419,0.6335690578745756,-1229.89111328125,-5808.73486328125,5880.382927597239,1.3315659885822337,-0.005831924669487922,4.893109347742207,35,8304.034602617508,2329.6807130493403,1.8091829652128404,1.804194740338071,4187.113432367348,0.5213601371099034,0.10128627061679261,0.9335712760252437,0.9728860120575018,0.9969317696112733,0.22614787065160505,0.8893634047704656,0.8333333333333334,0.0,0.0695219390911844,0.0,starboard_vae,starboard,False,0.057384949177503586,1.4985225200653076,2.4876914024353027,1.2493566274642944,vae_candidate_pool_v1,belief_limited_heuristic_v1,730
VAE000900,vae_candidate_000900,0.6334738180454192,3610.105712890625,3971.63671875,5324.907646493866,-2.312472353450661,-0.026976818625427886,5.346314571211444,32,8383.71989336998,2342.4974092760963,1.6294239643895783,-0.8560971187645602,7263.874201755984,0.06976810293131752,0.19844996275500562,0.9987835964860655,0.7552904115038575,1.0,0.20367799554869728,0.8785117988646628,0.7619047619047619,0.0,0.06958614200357836,0.0,ahead_vae,ahead,False,0.0558595135807991,2.251615047454834,1.5049628019332886,1.6507377624511719,vae_candidate_pool_v1,belief_limited_heuristic_v1,731
VAE000788,vae_candidate_000788,0.6333342436716802,493.0101013183594,-5581.267578125,5636.613582330781,1.6367566574756176,0.01711693570898265,5.279265535569906,32,8123.186907217248,2398.611763701666,1.6423419002033401,1.521952931823159,2792.3574626071504,0.21601880509875637,0.13803094129442886,0.9883792638818345,0.998807398508954,0.6648470149064644,0.20529273752541752,0.9998496537083033,0.7619047619047619,0.0,0.06859942082636712,0.0,starboard_vae,starboard,False,0.0883365273475647,1.0743666887283325,2.936098098754883,1.3871595859527588,vae_candidate_pool_v1,belief_limited_heuristic_v1,732
VAE000059,vae_candidate_000059,0.6332129856997473,962.2395629882812,-6545.8955078125,6529.681007160216,1.7728884010421113,-0.023068867294433176,5.218406392931481,34,8169.078104632846,2341.938350053776,1.7771758798713702,1.3456353852532488,4106.678460025115,0.24595767599565765,0.039800784262585265,0.9849522948804259,0.9747581873625792,0.9777805857202655,0.22214698498392127,0.9976226601977141,0.8095238095238095,0.0,0.06910464253858117,0.0,starboard_vae,starboard,False,0.09152393043041229,1.7859132289886475,1.4863379001617432,1.2821840047836304,vae_candidate_pool_v1,belief_limited_heuristic_v1,733
VAE000495,vae_candidate_000495,0.632738001664936,2076.08544921875,6600.7236328125,6924.243448006008,-1.8856790699461494,0.017509825878428645,5.318753557588124,38,8262.916700373786,2480.012182206,1.8543700649391945,-1.238403757765215,5040.502828446918,0.12303276923906781,0.020872258163166867,0.996220505570724,0.9452643411992993,1.0,0.23179625811739932,0.9896943874501517,0.9047619047619048,0.0,0.06686732239767683,0.0,port_vae,port,False,0.07838451862335205,2.015089511871338,1.9374785423278809,1.2725787162780762,vae_candidate_pool_v1,belief_limited_heuristic_v1,734
VAE000780,vae_candidate_000780,0.6319012110253087,-432.26849365234375,-1181.4776611328125,1279.5204212342433,1.242443933070981,-0.062234789039636265,4.649313116298246,33,8311.385622748952,2389.9898391873626,1.6612861812543445,1.8369139314791758,4491.6524118902835,2.5251180525259316,0.7887311447897163,0.09203911222863354,0.9647991871977079,1.0,0.20766077265679306,0.9994729436136138,0.7857142857142857,1.0,0.09178739557549201,0.09178739557549201,inside_convoy_envelope,inside,True,0.08526276051998138,2.272608518600464,1.544415831565857,1.2959496974945068,vae_candidate_pool_v1,belief_limited_heuristic_v1,735
VAE000204,vae_candidate_000204,0.6317223249765745,-2536.72900390625,-5129.39111328125,5720.719254490356,1.0605491103369247,0.036947052345246596,5.322669949877567,35,8376.588348847912,2493.663752510218,1.6755715527045232,2.117990595598116,6487.8402591172235,0.3823856640043048,0.12436526044556227,0.9638885510536097,0.8539876844110842,1.0,0.2094464440880654,0.9565302185564087,0.8333333333333334,0.0,0.06711035383228452,0.0,astern_vae,astern,False,0.06886939704418182,1.5866379737854004,2.069164514541626,1.394625186920166,vae_candidate_pool_v1,belief_limited_heuristic_v1,736
VAE000060,vae_candidate_000060,0.6313208822668757,1615.564453125,6357.99951171875,6463.833390579752,-1.8266099406583072,0.03578173968308752,5.603899076916849,36,8453.226501345653,2431.5432773979383,1.7514509980728712,-1.2792009732483984,4759.037843718836,0.23745830596316742,0.04407425903634623,0.9859695020141912,0.9577864613714123,1.0,0.2189313747591089,0.9320638261093368,0.8571428571428571,0.0,0.06766595472375889,0.0,port_vae,port,False,0.0641196221113205,1.0592498779296875,2.106199264526367,1.6795601844787598,vae_candidate_pool_v1,belief_limited_heuristic_v1,737
VAE000733,vae_candidate_000733,0.6312844516998591,-2193.133544921875,-5782.59521484375,6139.20539897568,1.2148365317522516,0.016507865186067616,5.246805105828944,39,8114.988531847103,2474.749165257074,1.941983386232858,1.9432639870236097,5258.226987010944,0.48367080888637515,0.07114499134127802,0.9426469237176761,0.9314321638611933,1.0,0.24274792327910724,0.9520675070364689,0.9285714285714286,0.0,0.06725263860230779,0.0,starboard_vae,starboard,False,0.06792569905519485,2.1560964584350586,2.599848747253418,1.503801941871643,vae_candidate_pool_v1,belief_limited_heuristic_v1,738
VAE000006,vae_candidate_000006,0.6311385573067434,-657.1242065429688,-5689.17626953125,5713.750100715842,1.4462101854275684,0.029412015138643298,5.1160997615387895,36,8393.735675416447,2262.2758786086906,1.8958398467259359,1.7247944833008682,3523.020128465894,0.5232025839473315,0.12545702498508438,0.9331117158178395,0.9881656996176534,0.8388143163014032,0.23697998084074198,0.9138801272565457,0.8571428571428571,0.0,0.0707222035511421,0.0,starboard_vae,starboard,False,0.061078399419784546,2.1282057762145996,2.46354341506958,1.7828391790390015,vae_candidate_pool_v1,belief_limited_heuristic_v1,739
VAE000301,vae_candidate_000301,0.6307597213984765,-51.316436767578125,5734.5986328125,5709.748660190018,-1.6299038713441756,0.0002025113352393133,5.267415472601688,35,8441.927244504022,2377.496792436255,1.743839455889012,-1.5114862709103782,2873.7140612162702,0.32345818514519814,0.12608715697264508,0.9740709574374643,0.9982416741621933,0.6842176336229215,0.2179799319861265,0.9775987545339297,0.8333333333333334,0.0,0.06880537845201513,0.0,port_vae,port,False,0.10040172189474106,1.023044228553772,1.4926602840423584,1.0830219984054565,vae_candidate_pool_v1,belief_limited_heuristic_v1,740
VAE000673,vae_candidate_000673,0.6307203095329647,2496.941162109375,5541.837890625,6057.905468362345,-1.9901461350493417,0.08134340418208495,5.307824856780306,34,8256.451091630264,2306.812979240704,1.7851434391609577,-1.0701031143583666,5987.027084473259,0.09615221690882225,0.07971065100422825,0.9976904679685649,0.8772500073129581,1.0,0.22314292989511972,0.9725377136034895,0.8095238095238095,0.0,0.06983660586919967,0.0,port_vae,port,False,0.07270409166812897,2.340461492538452,1.5177156925201416,1.2491410970687866,vae_candidate_pool_v1,belief_limited_heuristic_v1,741
VAE000299,vae_candidate_000299,0.6304734193998229,127.74209594726562,1624.155517578125,1669.0173981394998,-1.6741621629407177,-0.042585973178799724,5.225949167389609,39,8099.4242863950985,2404.927129595463,2.002204971816198,-1.510016463827875,2892.4652228942473,2.8753845553166,0.9039252470959432,0.01761230772657385,0.9981534726860319,0.6886821959272017,0.25027562147702476,0.8783125719018677,0.9285714285714286,1.0,0.08239974849093747,0.08239974849093747,inside_convoy_envelope,inside,True,0.05583202838897705,0.7781499028205872,1.959237813949585,1.8141374588012695,vae_candidate_pool_v1,belief_limited_heuristic_v1,742
VAE001000,vae_candidate_001000,0.6304621319816286,2613.64013671875,-7148.4794921875,7594.654108378036,1.8948576958548773,0.05171935232205322,4.738850320791322,39,8436.127595995202,2438.636813207212,1.895720653599327,1.2984543100569692,4617.973351104254,0.17131562176428303,0.006090490175872009,0.9926806670191971,0.963143564286801,1.0,0.23696508169991587,0.9693498102654001,0.9285714285714286,0.0,0.06725236770332044,0.0,starboard_vae,starboard,False,0.07186949998140335,1.5339927673339844,2.1016366481781006,1.5060088634490967,vae_candidate_pool_v1,belief_limited_heuristic_v1,743
VAE000821,vae_candidate_000821,0.629684246220245,2023.3720703125,6994.76171875,7350.966910324556,-1.826002092087507,-0.020488139669721007,4.7352612024559395,36,8324.333254490004,2541.7883087892665,1.7014283488134485,-1.336078701172007,4408.069163055296,0.03335345727919514,0.009719099989823305,0.999721912503257,0.9725800514529122,1.0,0.21267854360168106,0.9636003982685934,0.8571428571428571,0.0,0.06589092802787389,0.0,port_vae,port,False,0.10407032072544098,0.787893533706665,2.0996129512786865,1.0846593379974365,vae_candidate_pool_v1,belief_limited_heuristic_v1,744
VAE000641,vae_candidate_000641,0.6294631815595583,975.2059326171875,-6139.5830078125,6138.841963105464,1.7415100091055022,0.052913068420453034,4.824740753148136,35,8156.504111103672,2435.2136535005275,1.7620852461372918,1.452995712904744,3376.9569426744297,0.10499377945035905,0.07118155218634573,0.9972466073437264,0.9930695277522134,0.8040373673034357,0.22026065576716147,0.9532786201639979,0.8333333333333334,0.0,0.0678112107659132,0.0,starboard_vae,starboard,False,0.10635530203580856,1.7536768913269043,1.480766773223877,1.8098783493041992,vae_candidate_pool_v1,belief_limited_heuristic_v1,745
VAE000155,vae_candidate_000155,0.629443609593223,2783.169189453125,7129.95068359375,7474.4275373131995,-1.9443929160614897,-0.05009098901733054,4.975295230818592,37,8206.10788340352,2400.286188396074,1.8784579415622018,-1.2472907265456339,4884.433953879118,0.010368713076501558,0.00769149693304144,0.9999731226880844,0.9481268430460914,1.0,0.23480724269527523,0.9970742419868825,0.8809523809523809,0.0,0.06791510307247148,0.0,port_vae,port,False,0.09199018776416779,2.2576375007629395,1.487748146057129,1.1694519519805908,vae_candidate_pool_v1,belief_limited_heuristic_v1,746
VAE000380,vae_candidate_000380,0.6292395812973754,-2847.46875,4612.4375,5243.570472125321,-1.0096873895029979,0.04506452644985156,4.937152292725354,35,8358.81473283494,2673.2850167212628,1.5663112980908356,-2.0868407376369436,6449.767058083047,0.6598896061502231,0.21685546608607656,0.8950299555065703,0.8697778390001654,1.0,0.19578891226135445,0.752957000429759,0.8333333333333334,0.0,0.06512202694113232,0.0,astern_vae,astern,False,0.04078143090009689,2.025540828704834,2.9375956058502197,1.1038074493408203,vae_candidate_pool_v1,belief_limited_heuristic_v1,747
VAE001191,vae_candidate_001191,0.6289709839725868,601.6052856445312,-6518.69677734375,6640.859861097675,1.67346859408624,-0.05921850022016449,4.923286334035586,36,8323.18393403422,2496.747263989738,1.7323611111379356,1.4089055592833895,3805.669065881698,0.25792168808000127,0.03338025850285064,0.9834610921115214,0.9869242851969311,0.9061116823527852,0.21654513889224195,0.9999993738342096,0.8571428571428571,0.0,0.06670442212027451,0.0,starboard_vae,starboard,False,0.08719740808010101,1.3357346057891846,2.4628472328186035,1.3754637241363525,vae_candidate_pool_v1,belief_limited_heuristic_v1,748
VAE000099,vae_candidate_000099,0.6288322140953987,1139.3232421875,6819.77490234375,6962.676910687772,-1.7331897404646033,0.0017536319709404442,4.726110992416601,35,8300.709634623416,2628.137211823483,1.6043709389966956,-1.4066492811542495,3949.236488910297,0.16127205285410495,0.019538789015186662,0.9935119117628037,0.9865580962460989,0.9402944021214993,0.20054636737458695,0.9990971768603809,0.8333333333333334,0.0,0.06489961571541769,0.0,port_vae,port,False,0.08464377373456955,2.3596551418304443,1.4888478517532349,1.0997776985168457,vae_candidate_pool_v1,belief_limited_heuristic_v1,749
VAE000528,vae_candidate_000528,0.6288007745432702,-3931.341796875,-2533.559326171875,4715.205186767106,0.5575786548502217,0.07555064633289744,4.765018354373441,36,8116.867450901255,2332.3958105823585,1.9015677099258288,2.6595646450724697,8273.249223286048,0.31108780209044024,0.3630315237480698,0.9760005815371267,0.4635770579600032,1.0,0.2376959637407286,0.8412867644601968,0.8571428571428571,0.0,0.07026141159620342,0.0,astern_vae,astern,False,0.0509880930185318,1.1448054313659668,2.5205740928649902,1.4885368347167969,vae_candidate_pool_v1,belief_limited_heuristic_v1,750
VAE000770,vae_candidate_000770,0.6284535902185324,-485.70062255859375,5778.1953125,5774.1689429767985,-1.4671511851834451,-0.04062871734044776,4.698143440416709,34,8301.337069081572,2463.551574450129,1.6625289250237272,-1.7150701857467958,3631.4720335513393,0.3984493362442021,0.11623085361598787,0.9608318716490185,0.9896105668737948,0.8646361984646046,0.2078161156279659,0.8375238926906807,0.8095238095238095,0.0,0.06752590551764111,0.0,port_vae,port,False,0.05052059888839722,0.7994258403778076,1.4865400791168213,1.9246617555618286,vae_candidate_pool_v1,belief_limited_heuristic_v1,751
VAE001102,vae_candidate_001102,0.6282921210068299,2249.010986328125,6123.78271484375,6356.730468423202,-1.9432647316932476,-0.04641259299842037,4.9791194827521235,34,8232.3954540407,2466.1298055040907,1.6746989992145156,-1.2447405148949657,4973.108571726522,0.15498103316803413,0.051845215334517226,0.9940072293489639,0.9473130682701382,1.0,0.20933737490181445,0.9008876869166738,0.8095238095238095,0.0,0.06725815028157933,0.0,port_vae,port,False,0.059073224663734436,1.000145435333252,2.570758819580078,1.0953972339630127,vae_candidate_pool_v1,belief_limited_heuristic_v1,752
VAE000282,vae_candidate_000282,0.6278570960175568,4396.41455078125,-1033.29052734375,4420.228628527159,2.892503250864306,0.004118663402930875,5.14003744626476,37,8221.18278198922,2343.500919547875,1.920446848224348,0.25320806612841845,8546.112880031202,0.04046991225581209,0.4623113164678292,0.9995906024314933,0.2505110159432275,1.0,0.2400558560280435,0.8492117450172982,0.8809523809523809,0.0,0.07033855699170598,0.0,ahead_vae,ahead,False,0.12254702299833298,1.7955297231674194,2.947293758392334,1.222974419593811,vae_candidate_pool_v1,belief_limited_heuristic_v1,753
VAE000246,vae_candidate_000246,0.6277608026234556,-3686.63134765625,4974.6103515625,6169.952927817702,-0.9478499815644946,0.053593590418914455,4.945838890623154,39,8148.0226144811395,2289.4469984856914,2.090652188637828,-2.140149081606384,6320.780126801478,0.22764950088759953,0.06810657718467157,0.9870997829007118,0.8422500730377539,1.0,0.2613315235797285,0.9829761281306854,0.9285714285714286,0.0,0.07011428544148482,0.0,astern_vae,astern,False,0.09870151430368423,0.7151995897293091,1.9359837770462036,1.8543591499328613,vae_candidate_pool_v1,belief_limited_heuristic_v1,754
VAE001126,vae_candidate_001126,0.6274711432666691,-583.7711181640625,6041.83251953125,5972.432864990546,-1.457763226117252,-0.0009265319592858309,4.830869922163213,35,8227.824500295701,2581.065563326881,1.6481016275461517,-1.684755959431827,3499.935490194816,0.44566797194513796,0.0895884697512889,0.9511614651317808,0.9935136253948538,0.8333179738559086,0.20601270344326897,0.9639761092413172,0.8333333333333334,0.0,0.0658686968400294,0.0,port_vae,port,False,0.07055117189884186,1.5365700721740723,1.4826571941375732,1.1577341556549072,vae_candidate_pool_v1,belief_limited_heuristic_v1,755
VAE001053,vae_candidate_001053,0.627462065628705,-147.7725830078125,-5829.79248046875,5933.295225246992,1.5530879918702787,-0.0774753684568788,5.272895484755169,36,8170.710010579467,2501.4615377961486,1.7613630201465986,1.5110292932626355,2985.043552882185,0.3293361893266846,0.09442423660955689,0.9731286191496147,0.9982144824500028,0.7107246554481392,0.22017037751832483,0.9999729192688043,0.8571428571428571,0.0,0.06695442617375402,0.0,starboard_vae,starboard,False,0.0868123322725296,1.4338648319244385,1.9525809288024902,1.0902225971221924,vae_candidate_pool_v1,belief_limited_heuristic_v1,756
VAE000196,vae_candidate_000196,0.6273338513010653,1122.383544921875,-6231.00830078125,6326.635287363017,1.7739860282390383,-0.017294186906570863,4.909219325209062,37,8379.320111317165,2619.6357349540226,1.6855903492732405,1.350312438444184,4388.791485491674,0.41801808625171066,0.05422335242392535,0.9569476462666249,0.9757917363101527,1.0,0.21069879365915506,0.872242525550514,0.8809523809523809,0.0,0.0651972534678021,0.0,starboard_vae,starboard,False,0.055002909153699875,0.7490643858909607,2.978196620941162,1.8284014463424683,vae_candidate_pool_v1,belief_limited_heuristic_v1,757
VAE000510,vae_candidate_000510,0.6272805606309425,4221.02880859375,-1171.26025390625,4425.346675859089,2.9293254515140963,0.033726348731264136,4.97487153071816,34,8289.460303604727,2424.1144255017803,1.691996829481866,0.24599355080696153,8630.233734072312,0.027229414309943856,0.46050533293196316,0.9998146512016088,0.24352008563317654,1.0,0.21149960368523324,0.9279834448809404,0.8095238095238095,0.0,0.06908574078753256,0.0,ahead_vae,ahead,False,0.11112412810325623,1.9726617336273193,2.549635648727417,1.3222992420196533,vae_candidate_pool_v1,belief_limited_heuristic_v1,758
VAE000134,vae_candidate_000134,0.6272640491440827,-424.7415771484375,5917.4990234375,5820.400099637956,-1.4829312392446246,0.021644897055596652,5.162106726171561,40,8223.20918363303,2511.852753549475,1.9365311003612118,-1.6370165172895719,3050.4919716844565,0.17572345842221782,0.10952997105585335,0.9923001606091868,0.9978082442858834,0.726307612305823,0.24206638754515147,0.7856383278474364,0.9523809523809523,0.0,0.06685139113120728,0.0,port_vae,port,False,0.0444028377532959,0.8093928098678589,1.516223669052124,1.5764062404632568,vae_candidate_pool_v1,belief_limited_heuristic_v1,759
VAE001124,vae_candidate_001124,0.6272636292805673,1739.580322265625,-7117.330078125,7320.832441350546,1.8557547763317475,0.0013117471867501677,5.373685264607366,36,8320.209937732998,2276.1741212716893,1.9009151621672407,1.287149624444796,4513.702438802421,0.19372930611433037,0.01028131012163979,0.9906465477019928,0.9600412634903389,1.0,0.23761439527090508,0.9826207854620307,0.8571428571428571,0.0,0.06995193141637848,0.0,starboard_vae,starboard,False,0.09882128238677979,1.0053377151489258,2.9162726402282715,1.4520254135131836,vae_candidate_pool_v1,belief_limited_heuristic_v1,760
VAE000599,vae_candidate_000599,0.6270357927196507,-2162.4248046875,5231.05908203125,5580.046297582621,-1.1936255129808813,-0.0576594170320848,5.093134144845995,38,8328.399587386579,2367.650252019754,1.927101074670912,-2.005626557640997,5655.712374729976,0.6092380388288872,0.14783441223682242,0.9100421413132214,0.9069415717175704,1.0,0.240887634333864,0.7886831252939638,0.9047619047619048,0.0,0.06905430697347073,0.0,port_vae,port,False,0.044747840613126755,0.8695237040519714,2.4556374549865723,1.4862086772918701,vae_candidate_pool_v1,belief_limited_heuristic_v1,761
VAE000237,vae_candidate_000237,0.6267283107182904,-334.94268798828125,5327.25390625,5469.5467734476,-1.5385523640244203,-0.009618846397915663,4.981970639814328,32,8351.591798895353,2504.6025726483604,1.5298255039442832,-1.6126591359632885,2851.927226143824,0.5078709418451299,0.16844961409113676,0.9368909432914774,0.99912388056504,0.6790302919390058,0.1912281879930354,0.944989903661725,0.7619047619047619,0.0,0.06710323183514745,0.0,port_vae,port,False,0.06650859117507935,0.9999913573265076,2.4324095249176025,1.1999082565307617,vae_candidate_pool_v1,belief_limited_heuristic_v1,762
VAE000045,vae_candidate_000045,0.6265903620350695,4207.8583984375,-1957.9959716796875,4693.008075051688,2.7113309756702875,-0.02040191464291118,5.2329181956129815,36,8326.390191457742,2283.509542582284,1.8934023464751397,0.4098597632765941,8546.705694747754,0.2388914593303797,0.3701195169705333,0.9858004405032137,0.39848071004609237,1.0,0.23667529330939246,0.9084346706361226,0.8571428571428571,0.0,0.07103803892813879,0.0,ahead_vae,ahead,False,0.06022338941693306,1.5552003383636475,2.9707703590393066,1.5528475046157837,vae_candidate_pool_v1,belief_limited_heuristic_v1,763
VAE000443,vae_candidate_000443,0.6264050010456327,2194.365234375,-6513.6328125,6866.92664122349,1.891548968405556,-0.020031229195200298,5.286673149701796,35,8395.591308266046,2515.8311872860068,1.657048647441769,1.2300124559890373,5177.177990832928,0.10067786354329301,0.023007946613690298,0.9974681316239844,0.942492965120048,1.0,0.20713108093022112,0.9689895027038914,0.8333333333333334,0.0,0.06635277370837919,0.0,starboard_vae,starboard,False,0.1027550920844078,1.2723366022109985,2.621887445449829,1.15615975856781,vae_candidate_pool_v1,belief_limited_heuristic_v1,764
VAE000209,vae_candidate_000209,0.6263255420664197,381.6070861816406,6484.349609375,6613.019368207277,-1.663039149567706,0.03237498196514433,4.474152650571279,35,8272.015088882688,2672.193032731323,1.5833936506181414,-1.4461785220569428,3679.645172872434,0.23508756045525292,0.03489893060130547,0.9862469748834013,0.9922452448538134,0.8761059935410558,0.19792420632726768,0.9999052783685571,0.8333333333333334,0.0,0.06449125112240048,0.0,port_vae,port,False,0.08811580389738083,2.1514554023742676,2.0254101753234863,1.243283748626709,vae_candidate_pool_v1,belief_limited_heuristic_v1,765
VAE001092,vae_candidate_001092,0.6261692403901827,811.606201171875,6072.20263671875,6103.099689639259,-1.7307713155926583,0.03567711794004445,5.015332981175346,34,8225.020258722347,2462.2142396464073,1.678866263387851,-1.3751442200570905,4014.233186349508,0.3573056887736361,0.07485221564839785,0.9684212809845667,0.9809211045036057,0.9557698062736923,0.20985828292348138,0.844737107401273,0.8095238095238095,0.0,0.06741585729024818,0.0,port_vae,port,False,0.05142024904489517,1.385270357131958,1.5015628337860107,1.7560601234436035,vae_candidate_pool_v1,belief_limited_heuristic_v1,766
VAE000572,vae_candidate_000572,0.6260785449556368,-908.7860717773438,-475.5694274902344,1032.263137678589,0.4526716023843994,-0.005751665940237266,5.017115581157291,37,8176.647739467374,2207.8073540459395,2.0495818203972576,2.683169385265157,8309.451478252831,1.4279247442726621,0.7021345200635953,0.5711930111747023,0.4425347213495294,1.0,0.2561977275496572,0.9999631282749554,0.8809523809523809,1.0,0.10468984832339591,0.10468984832339591,inside_convoy_envelope,inside,True,0.08779636770486832,1.1092133522033691,1.9787516593933105,1.1954243183135986,vae_candidate_pool_v1,belief_limited_heuristic_v1,767
VAE000484,vae_candidate_000484,0.6260280791356998,-4241.57421875,2405.380615234375,4910.992216354301,-0.5008673758302696,0.0204350669582676,5.028023647966043,37,8288.612961349078,2436.6380307036607,1.832014240189222,-2.620290210801256,8401.117267442507,0.10215355341064453,0.3036477581658397,0.997393430769431,0.4980100009134568,1.0,0.22900178002365276,0.8724949109274879,0.8809523809523809,0.0,0.06845659539031823,0.0,astern_vae,astern,False,0.11949585378170013,0.75618976354599,2.021775722503662,1.4108167886734009,vae_candidate_pool_v1,belief_limited_heuristic_v1,768
VAE000271,vae_candidate_000271,0.6259959256483738,2722.135986328125,8192.5,8668.15034864787,-1.9175018140836568,-0.008252441753541813,4.655625154832957,40,8286.697750813286,2481.6816556440576,1.9450574001295566,-1.2323432812596782,5092.312559065991,0.028898270726817277,0.0005948709162176364,0.9997912370161954,0.9432694266308801,1.0,0.24313217501619458,0.9338383132256789,0.9523809523809523,0.0,0.06647512637763532,0.0,port_vae,port,False,0.11009827256202698,0.6682950854301453,1.515974521636963,1.0973024368286133,vae_candidate_pool_v1,belief_limited_heuristic_v1,769
VAE000235,vae_candidate_000235,0.6258235805068022,746.6502685546875,6085.5791015625,6194.413151832831,-1.7218956076093144,0.011223548379657455,4.794128118037851,36,8203.306287600768,2342.2858671527974,1.8735861858752045,-1.4084734976008213,3637.239468804354,0.07392660601874312,0.06576562026574403,0.9986343363628942,0.9868545514182301,0.86600939733437,0.23419827323440057,0.8394949727365321,0.8571428571428571,0.0,0.06921064311773542,0.0,port_vae,port,False,0.1237679272890091,1.2370747327804565,2.302349805831909,1.8312301635742188,vae_candidate_pool_v1,belief_limited_heuristic_v1,770
VAE000005,vae_candidate_000005,0.6255866582943443,-1498.49267578125,-6191.6396484375,6346.135352029877,1.3378963713944676,-0.03398433415204238,5.225746041574831,39,8192.380893151685,2443.6183574642614,1.9481441645706707,1.7697119480432832,4014.3010206435565,0.18063901163688698,0.052672366639584606,0.991864544972906,0.9802814343809797,0.9557859572960848,0.24351802057133384,0.7486573763617098,0.9285714285714286,0.0,0.06759776967632813,0.0,starboard_vae,starboard,False,0.0403146855533123,1.8672195672988892,2.9759817123413086,1.4631916284561157,vae_candidate_pool_v1,belief_limited_heuristic_v1,771
VAE000236,vae_candidate_000236,0.6255018906683208,2764.851318359375,8912.3427734375,9221.668421391492,-1.8245842677123711,0.03011228602242283,5.121204615849166,37,8127.194597324866,2390.3292561560547,1.9045980635926827,-1.2868960998549992,4571.087465533531,3.0174413364614242e-05,0.00015121367655869313,0.9999999997723762,0.9599702816299492,1.0,0.23807475794908534,0.9459905965436406,0.8809523809523809,0.0,0.06780063971701147,0.0,port_vae,port,False,0.1078292727470398,1.6231259107589722,2.5561578273773193,1.6697158813476562,vae_candidate_pool_v1,belief_limited_heuristic_v1,772
VAE001128,vae_candidate_001128,0.6251481886360772,4374.26318359375,-2132.976318359375,4891.38982320876,2.698403558605928,-0.005728469879444319,5.107888091598829,39,8363.015266592756,2439.413286889013,1.9116849998834897,0.43746062510442063,8608.907656339365,0.1672839392482457,0.3093288492161911,0.9930203202812515,0.42364059055631786,1.0,0.23896062498543622,0.9819762027502066,0.9285714285714286,0.0,0.06841303055424595,0.0,ahead_vae,ahead,False,0.07549738883972168,1.502543568611145,1.9336633682250977,1.1471952199935913,vae_candidate_pool_v1,belief_limited_heuristic_v1,773
VAE000897,vae_candidate_000897,0.6251456772817803,1103.31884765625,-6315.37255859375,6491.06093082616,1.7343512887126928,0.009057159746741362,5.138900879220661,35,8089.1155291869845,2373.0818308237117,1.8232838789127326,1.4162985246238418,3589.6005663525357,0.24423819471277808,0.04226261182547195,0.9851609120685814,0.9880889355321122,0.8546668015125085,0.22791048486409157,0.988874723690535,0.8333333333333334,0.0,0.06864226346213614,0.0,starboard_vae,starboard,False,0.07803615182638168,0.84611576795578,2.6475954055786133,1.0991535186767578,vae_candidate_pool_v1,belief_limited_heuristic_v1,774
VAE000513,vae_candidate_000513,0.6248248871121204,1496.20458984375,-6866.484375,7098.556098800171,1.814384267691884,0.030920141948964704,4.812186583157114,34,8254.684319700102,2307.7538764875017,1.784797539272011,1.3581285278468738,3998.065751329921,0.21175260209828117,0.015402305478069304,0.988832032793454,0.9774713058874113,0.9519204169833145,0.22309969240900138,0.999660590432733,0.8095238095238095,0.0,0.06948110096923998,0.0,starboard_vae,starboard,False,0.08565860986709595,1.6806403398513794,2.1246235370635986,1.5306751728057861,vae_candidate_pool_v1,belief_limited_heuristic_v1,775
VAE000294,vae_candidate_000294,0.6245223200991953,1122.67431640625,5927.04541015625,5990.429812351748,-1.7139186686595278,-0.048018290427329725,5.110620745298227,36,8237.750578631827,2323.1205156095693,1.8811443492899258,-1.475692275357595,3094.885350668763,0.27678745366983537,0.08743171333409513,0.9809691414241875,0.9954810173415868,0.7368774644449435,0.23514304366124072,0.9378512636351318,0.8571428571428571,0.0,0.06959821260873861,0.0,port_vae,port,False,0.06516134738922119,1.317252278327942,1.9406217336654663,1.9032502174377441,vae_candidate_pool_v1,belief_limited_heuristic_v1,776
VAE000093,vae_candidate_000093,0.6243273127956557,124.58624267578125,5599.05078125,5601.256162874947,-1.5723073651624233,-0.012829797768771519,5.137377582971857,40,8206.06393853969,2461.215053238221,1.980503125782645,-1.5821150861961413,2553.937876583939,0.38416156324051753,0.14409999222491182,0.96355649473165,0.999935943526692,0.6080804468056998,0.24756289072283064,0.8473056822680739,0.9523809523809523,0.0,0.06767332192537136,0.0,port_vae,port,False,0.051744215190410614,1.6446058750152588,1.480269432067871,1.340303897857666,vae_candidate_pool_v1,belief_limited_heuristic_v1,777
VAE001039,vae_candidate_001039,0.6241906274388112,3189.583740234375,5243.95361328125,6165.83001562444,-2.092872572312432,0.040543276864757456,4.125771973695751,34,8310.392215035725,2420.171620343025,1.690484651322057,-1.0081768044126036,6479.92277858522,0.01934213325328127,0.06850775954412264,0.9999064733861911,0.845860751582926,1.0,0.21131058141525713,0.9991475508456115,0.8095238095238095,0.0,0.06798264161412987,0.0,ahead_vae,ahead,False,0.08981490135192871,1.5631811618804932,1.5186126232147217,1.3674677610397339,vae_candidate_pool_v1,belief_limited_heuristic_v1,778
VAE000170,vae_candidate_000170,0.6240996628311911,2326.6884765625,-7393.5126953125,7740.819515515153,1.8687740144831348,-0.037231742658790305,5.1557617852730555,35,8130.596576708174,2321.3667270001615,1.8543934144084437,1.2355868964478678,4866.860349754691,0.10702664691270525,0.00455227924004093,0.9971390567154755,0.9443414346803839,1.0,0.23179917680105547,0.996818494442204,0.8333333333333334,0.0,0.06913983255177503,0.0,starboard_vae,starboard,False,0.0921926349401474,2.1616454124450684,2.9602010250091553,1.1931650638580322,vae_candidate_pool_v1,belief_limited_heuristic_v1,779
VAE000327,vae_candidate_000327,0.6240450025401524,-118.0181884765625,-5610.716796875,5552.068313944562,1.5557871387138482,0.05519571884500901,4.870519431219325,36,8118.133027906814,2319.3125913210206,1.9119963171701588,1.641001233720954,2883.0640219096404,0.5215047772267889,0.15286915756273398,0.9335352517595025,0.997536647537521,0.6864438147403905,0.23899953964626985,0.8851688038627746,0.8571428571428571,0.0,0.06990228035184266,0.0,starboard_vae,starboard,False,0.05678848177194595,1.0433847904205322,1.5091831684112549,1.5025694370269775,vae_candidate_pool_v1,belief_limited_heuristic_v1,780
VAE000660,vae_candidate_000660,0.6240319319235152,3759.801513671875,-3874.737060546875,5345.4856836113,2.3703174186595652,0.05160259343542128,4.841241656122976,34,8144.545601277895,2523.560975718527,1.6542389979820409,0.8228778283656493,7389.259692748122,0.2836829012588167,0.19396955839811977,0.9800155661447696,0.7331061149240717,1.0,0.2067798747477551,0.8396171715717634,0.8095238095238095,0.0,0.06697693597506463,0.0,ahead_vae,ahead,False,0.05078018456697464,1.5819189548492432,1.8812636137008667,1.7650861740112305,vae_candidate_pool_v1,belief_limited_heuristic_v1,781
VAE001017,vae_candidate_001017,0.6235008664859841,848.317138671875,-328.3370361328125,841.484207922803,2.7489603471305504,-0.007449985490789099,5.096501813657422,36,8329.538363732652,2552.858101741943,1.6929919471853505,0.3851823209684542,8678.413167047156,0.9273635549569121,0.6318123461608375,0.7999726645174103,0.37572810529240336,1.0,0.2116239933981688,0.8401708815064007,0.8571428571428571,1.0,0.11507404102086428,0.11507404102086428,inside_convoy_envelope,inside,True,0.05084905028343201,1.450500249862671,2.473109722137451,1.399034857749939,vae_candidate_pool_v1,belief_limited_heuristic_v1,782
VAE000554,vae_candidate_000554,0.6228516449445444,-231.94927978515625,5497.443359375,5476.943027601293,-1.5526504956906142,0.03414581729610177,5.012570287956977,34,8048.3117194506885,2538.028712681538,1.6644762296088609,-1.5547963406030771,2666.471234646557,0.4899428539768385,0.1670082006598408,0.9411798757836548,0.9998720029515648,0.6348741034872755,0.2080595287011076,0.8964701610214084,0.8095238095238095,0.0,0.06673236196707062,0.0,port_vae,port,False,0.05841697379946709,1.774820327758789,1.4887819290161133,1.6654374599456787,vae_candidate_pool_v1,belief_limited_heuristic_v1,783
VAE000610,vae_candidate_000610,0.6227495647200908,2974.7568359375,-5883.486328125,6656.395013528987,2.0289004282546768,0.01442268406957397,4.404185454275961,35,8268.270668907033,2542.819741880649,1.6647069191338109,1.127114909404691,5845.916067482356,0.09550261848204578,0.032557597739319766,0.9977215450240166,0.9031774748404097,1.0,0.20808836489172636,0.9731940338487081,0.8333333333333334,0.0,0.06608915941636256,0.0,ahead_vae,ahead,False,0.07288157194852829,2.185351848602295,2.9144139289855957,1.5838085412979126,vae_candidate_pool_v1,belief_limited_heuristic_v1,784
VAE000828,vae_candidate_000828,0.6223026085969396,130.76852416992188,5547.880859375,5573.140266635874,-1.599479598684038,0.047008035370299475,5.224787946321018,37,8365.52094488765,2188.3261634711225,2.021141317929098,-1.4951050195354556,2814.6532783029916,0.47936702716247037,0.1490656509480505,0.9436435193727615,0.9971367803846338,0.6701555424530933,0.2526426647411372,0.8516132496161688,0.8809523809523809,0.0,0.07215249028649647,0.0,port_vae,port,False,0.05229200795292854,2.0839550495147705,2.965463161468506,1.2668445110321045,vae_candidate_pool_v1,belief_limited_heuristic_v1,785
VAE000504,vae_candidate_000504,0.6222713650114442,-755.6006469726562,-498.80767822265625,882.2430738242356,0.5474663268847382,-0.03989278120431745,5.071100472603671,33,8297.47591801211,2765.058124861225,1.438347007499508,2.5542335455007383,8439.175107777899,1.2973707987534207,0.646966665186832,0.6350156447595722,0.5541646608296192,1.0,0.1797933759374385,0.8895062905479841,0.7857142857142857,1.0,0.11000540297343969,0.11000540297343969,inside_convoy_envelope,inside,True,0.05740542709827423,0.9794546365737915,2.962188243865967,1.5208661556243896,vae_candidate_pool_v1,belief_limited_heuristic_v1,786
VAE000840,vae_candidate_000840,0.6219257050016364,4255.345703125,2007.6151123046875,4650.489093815352,-2.7526571656417316,0.04444312656148561,5.1311483927572805,35,8285.088756746103,2387.471738688917,1.7694269579913906,-0.3444923613865759,8604.609392187658,0.231788061636633,0.3838856997967072,0.98662860043669,0.33771890745429356,1.0,0.22117836974892383,0.9540561664968282,0.8333333333333334,0.0,0.06941119500797616,0.0,ahead_vae,ahead,False,0.0683409571647644,2.223926067352295,2.024423360824585,1.6824042797088623,vae_candidate_pool_v1,belief_limited_heuristic_v1,787
VAE001171,vae_candidate_001171,0.621799186718446,375.99432373046875,-5931.0693359375,5864.382047261654,1.6479123152157071,0.014578692794647923,4.992435639804176,38,8391.022652492744,2417.193737835626,1.8735152937042836,1.5082590311687334,2936.878448419851,0.42005293052078896,0.10343640569088951,0.9565336780300537,0.9980451805466071,0.6992567734332978,0.23418941171303545,0.9230381425211697,0.9047619047619048,0.0,0.06813723719272574,0.0,starboard_vae,starboard,False,0.0625707134604454,2.099989414215088,1.4972341060638428,1.80763840675354,vae_candidate_pool_v1,belief_limited_heuristic_v1,788
VAE000652,vae_candidate_000652,0.6217798708145031,125.35995483398438,5747.40478515625,5677.211370675813,-1.619178380160552,-0.00661085642088877,4.760755152425936,38,8322.98474028964,2338.061234620135,1.9527588599613832,-1.52902512985013,2683.581709954548,0.14965563395544068,0.13130041114103796,0.9944112403627166,0.999127710397266,0.6389480261796543,0.2440948574951729,0.7748211043971959,0.9047619047619048,0.0,0.06947761233961881,0.0,port_vae,port,False,0.0431884229183197,1.1245276927947998,2.8986711502075195,1.9361462593078613,vae_candidate_pool_v1,belief_limited_heuristic_v1,789
VAE000445,vae_candidate_000445,0.6214231391172147,2462.274658203125,7317.0859375,7828.159902765856,-1.856188038821482,0.00030411338053918047,5.073053362501275,36,8177.173961596282,2467.844429553279,1.7839450996973623,-1.2851005013877719,4672.345487683934,0.038459899979443886,0.0038107542135645,0.9996302546029342,0.9594657838540545,1.0,0.22299313746217028,0.9074292738328673,0.8571428571428571,0.0,0.0668462678040364,0.0,port_vae,port,False,0.11446500569581985,1.3852163553237915,1.5258909463882446,1.7045297622680664,vae_candidate_pool_v1,belief_limited_heuristic_v1,790
VAE000124,vae_candidate_000124,0.6212061353040328,-975.1674194335938,-6690.8310546875,6676.023764200392,1.4244586079701922,0.023542465702662805,5.422576212519301,35,8321.406329183706,2446.172532452554,1.719428932387305,1.7406765113222644,3817.8123528953156,0.349677822736786,0.031542974544039995,0.9697415689850215,0.9856050304982237,0.9090029411655514,0.21492861654841314,0.9697371855616173,0.8333333333333334,0.0,0.06741307969087064,0.0,starboard_vae,starboard,False,0.10256429761648178,0.7777594923973083,2.0592212677001953,1.6854218244552612,vae_candidate_pool_v1,belief_limited_heuristic_v1,791
VAE000870,vae_candidate_000870,0.6206987275229768,3600.734375,7384.35302734375,8267.131147752965,-2.0077494236380353,-0.0057855491020508566,5.254719935833674,37,8016.568753486654,2523.3955494296874,1.8290596525978247,-1.1396287790538087,5642.829226174497,0.047178071565963986,0.0014926138308086825,0.9994436605926312,0.9084784136854454,1.0,0.22863245657472808,0.9989872018213243,0.8809523809523809,0.0,0.06603576224409521,0.0,port_vae,port,False,0.08448854833841324,1.7576589584350586,1.4994001388549805,1.7821274995803833,vae_candidate_pool_v1,belief_limited_heuristic_v1,792
VAE000186,vae_candidate_000186,0.6203881797580812,731.71337890625,-1085.5618896484375,1407.8046731951158,2.1655523980911706,-0.007376013329319745,5.150801266850466,38,8472.681255383402,2267.6970662765643,1.977778675361616,0.9686642421693029,6667.810967111848,2.5234253246142906,0.8301933077138174,0.09252903220506759,0.8241298743869241,1.0,0.247222334420202,0.8864914993816713,0.9047619047619048,1.0,0.08954733753281371,0.08954733753281371,inside_convoy_envelope,inside,True,0.056975603103637695,0.7636789679527283,2.925302743911743,1.9336622953414917,vae_candidate_pool_v1,belief_limited_heuristic_v1,793
VAE000262,vae_candidate_000262,0.6203236513076409,3434.31982421875,-5333.4814453125,6367.143973569398,2.145710289758433,0.03391102466684041,5.70890086642875,35,8168.716917977355,2386.728036586247,1.79519348516005,1.0297933884982007,6252.741845223806,0.012668459023136514,0.05104278969960577,0.9999598780730959,0.8571926033963227,1.0,0.22439918564500624,0.9663649481513559,0.8333333333333334,0.0,0.06845151561442143,0.0,ahead_vae,ahead,False,0.1034080982208252,1.4074022769927979,2.109795570373535,1.3228209018707275,vae_candidate_pool_v1,belief_limited_heuristic_v1,794
VAE000094,vae_candidate_000094,0.6202183242418252,3403.8896484375,6833.0888671875,7542.774560301994,-2.0435050760349887,0.010654578859041124,4.8574227377934145,39,8174.431289800648,2515.728596975563,1.8964581910429916,-1.0874329986957634,6026.665821522298,0.05350679051567342,0.006740329038366181,0.9992844265891156,0.8854367940028555,1.0,0.23705727388037395,0.9893741444931067,0.9285714285714286,0.0,0.06623763408923551,0.0,port_vae,port,False,0.09628608077764511,2.231072425842285,2.9386825561523438,1.4780141115188599,vae_candidate_pool_v1,belief_limited_heuristic_v1,795
VAE000283,vae_candidate_000283,0.619862487151258,2251.9462890625,7428.4912109375,7722.413449745178,-1.818183384810371,-0.008796408255029267,4.942119229687984,35,8213.94881165786,2400.723767948996,1.7748998804316634,-1.3322056770344515,4273.946845121934,0.12018496541534862,0.004724348993786626,0.9963932381263814,0.9716720163259693,1.0,0.22186248505395792,0.8870168278607432,0.8333333333333334,0.0,0.06785298424339145,0.0,port_vae,port,False,0.05705016478896141,0.8941909074783325,2.4501307010650635,1.3969018459320068,vae_candidate_pool_v1,belief_limited_heuristic_v1,796
VAE000739,vae_candidate_000739,0.6194632933933459,-4136.07177734375,-2579.762451171875,4953.245659431577,0.5148184000920776,-0.03419790288543662,5.20444778298188,35,8275.546808974694,2370.897237957207,1.7838511558459442,2.5925763506122794,8296.606990130198,0.2784786670775452,0.29161025070279206,0.9807373774680201,0.5218483503402659,1.0,0.22298139448074303,0.8711361504923973,0.8333333333333334,0.0,0.06941631940221377,0.0,astern_vae,astern,False,0.05485346168279648,2.0110597610473633,2.9569218158721924,1.4039745330810547,vae_candidate_pool_v1,belief_limited_heuristic_v1,797
VAE001195,vae_candidate_001195,0.6194058407656411,534.9371337890625,478.2218017578125,621.4783260647874,-2.4278908150087455,0.022471771019080513,4.819293397898315,31,8290.1015876806,2308.2066947576836,1.6200452496643114,-0.6912300675619671,7858.659997020577,0.944320212192618,0.5499395334066705,0.7931468547850278,0.637485385126686,1.0,0.20250565620803893,0.8790912458658862,0.7380952380952381,1.0,0.1458372731945224,0.1458372731945224,inside_convoy_envelope,inside,True,0.055939555168151855,2.1009459495544434,1.4961074590682983,1.4521265029907227,vae_candidate_pool_v1,belief_limited_heuristic_v1,798
VAE000664,vae_candidate_000664,0.6194018910321117,-714.9049682617188,6117.37890625,6190.909361185322,-1.469522161012204,-0.026705011132834952,4.793374192658409,35,8146.642953058976,2358.0551585329554,1.8219455848350972,-1.698775503710424,3378.527519019321,0.44932123971986004,0.06609686338846454,0.9503710661164114,0.9918218365716055,0.8044113140522193,0.22774319810438715,0.9880857802194051,0.8333333333333334,0.0,0.06897382512000978,0.0,port_vae,port,False,0.07771257311105728,0.6918463110923767,2.9095723628997803,1.0417535305023193,vae_candidate_pool_v1,belief_limited_heuristic_v1,799
VAE000057,vae_candidate_000057,0.619340845692013,981.9367065429688,-6060.38623046875,6119.623470670877,1.7467764425050094,0.011044498771093474,5.489843240376337,33,8230.678467470247,2474.5094083122217,1.62027672787899,1.405860709855878,3792.313065856672,0.34071808081187593,0.07313669189253362,0.9712574759030148,0.9864289283697428,0.9029316823468266,0.20253459098487375,0.8314492904160432,0.7857142857142857,0.0,0.06723260091898832,0.0,starboard_vae,starboard,False,0.049773864448070526,1.845481514930725,2.5823962688446045,1.7025343179702759,vae_candidate_pool_v1,belief_limited_heuristic_v1,800
VAE001094,vae_candidate_001094,0.6192794196492782,4358.77978515625,-2007.3968505859375,4791.466134275844,2.713216496307099,-0.0389481500859249,5.038268155880848,33,8133.071576939724,2235.086940050378,1.8153690399707632,0.3894280071967693,8372.690583128595,0.11356238349044157,0.33921632320345313,0.9967793597231219,0.37965931163191197,1.0,0.2269211299963454,0.9990779548136127,0.7857142857142857,0.0,0.07185037002742448,0.0,ahead_vae,ahead,False,0.08991693705320358,1.9270691871643066,2.4961302280426025,1.2697234153747559,vae_candidate_pool_v1,belief_limited_heuristic_v1,801
VAE001016,vae_candidate_001016,0.6190205141123156,1143.182373046875,-6145.51953125,6186.778626173062,1.7394477740187868,0.06072523122099405,5.517961998170847,38,8062.847024639743,2526.1667223108616,1.8656628629965086,1.4628701107920004,3379.9727262256943,0.3325969515240603,0.06648912404190481,0.9725988151552367,0.9941816169839014,0.8047554110061177,0.23320785787456358,0.8493514414573738,0.9047619047619048,0.0,0.06653980428894708,0.0,starboard_vae,starboard,False,0.052003659307956696,2.0196762084960938,1.5332071781158447,1.0837819576263428,vae_candidate_pool_v1,belief_limited_heuristic_v1,802
VAE000245,vae_candidate_000245,0.6187937235670408,-1214.949462890625,-7266.3564453125,7329.724653249156,1.3970220179400248,0.012568169147426329,5.021791816066158,35,8225.910300828766,2543.996697222757,1.6725054119735796,1.7571388047971956,4023.937081919981,0.37465894723771487,0.010112471125218589,0.9653162430253829,0.9826884207826335,0.9580802575999955,0.20906317649669745,0.976920722342603,0.8333333333333334,0.0,0.06589315544666861,0.0,starboard_vae,starboard,False,0.10060133039951324,1.2213407754898071,2.367155075073242,1.2666699886322021,vae_candidate_pool_v1,belief_limited_heuristic_v1,803
VAE000371,vae_candidate_000371,0.618751903097077,-1513.02783203125,6452.04150390625,6651.476548273765,-1.2741570159461926,0.0412012275599916,5.338098140903551,37,8347.848346870851,2449.9762423183306,1.8091113583888487,-1.826234410083609,4479.72613524139,0.06717294837408194,0.03281616054605287,0.9988723728544304,0.9675526983384317,1.0,0.2261389197986061,0.7339553609603809,0.8809523809523809,0.0,0.06735877875163378,0.0,port_vae,port,False,0.03873288631439209,0.7224504947662354,2.0181055068969727,1.7824010848999023,vae_candidate_pool_v1,belief_limited_heuristic_v1,804
VAE000794,vae_candidate_000794,0.6187250882775025,3216.00146484375,-6856.36328125,7413.511703425418,1.9980803647957577,0.034792191742414644,5.250749154572648,37,8359.835335879809,2399.752358014838,1.8443255120657491,1.1783044805364498,5414.842185503978,0.05315237449758725,0.008638948503039996,0.9992938725392688,0.9239588182416032,1.0,0.23054068900821864,0.9196112273329455,0.8809523809523809,0.0,0.06789736694615017,0.0,starboard_vae,starboard,False,0.1125292032957077,0.6726183891296387,1.4993141889572144,1.7126688957214355,vae_candidate_pool_v1,belief_limited_heuristic_v1,805
VAE000015,vae_candidate_000015,0.6185035873385261,3476.28125,-5144.408203125,6193.369176521811,2.180268565295578,-0.06614504109189959,5.405310576918227,40,8381.761662855313,2494.559317850778,1.9130699433636953,0.8951790472023158,7188.335852902727,0.04132648796358662,0.06586417410468252,0.9995730911123841,0.7803210660578901,1.0,0.2391337429204619,0.9679927786642832,0.9523809523809523,0.0,0.06688237304826801,0.0,ahead_vae,ahead,False,0.10300606489181519,0.6677435636520386,2.9455008506774902,1.5303961038589478,vae_candidate_pool_v1,belief_limited_heuristic_v1,806
VAE000938,vae_candidate_000938,0.6184376484407439,943.1472778320312,-6552.90673828125,6623.085973427132,1.7150509382232182,-0.04036493198001977,4.800763200962466,35,8251.289734406662,2473.5018630914924,1.7148809083509997,1.3861767833865557,3946.1779199502853,0.3520528393503925,0.03434315411107363,0.9693334099508448,0.9830061631610937,0.9395661714167346,0.21436011354387496,0.8924303053837573,0.8333333333333334,0.0,0.06705526210539903,0.0,starboard_vae,starboard,False,0.05782688409090042,2.2725884914398193,2.975555896759033,1.09207284450531,vae_candidate_pool_v1,belief_limited_heuristic_v1,807
VAE000642,vae_candidate_000642,0.6182570678476638,709.0986328125,5881.1171875,5945.669346692915,-1.6640957321263175,-0.0067300785706904944,5.214080791345418,35,8213.256274859277,2473.1341614495645,1.723078223489299,-1.4842270000341662,3174.0011171895026,0.31190258937810955,0.09287356016190952,0.9758757226322008,0.996255215404173,0.7557145517117864,0.21538477793616237,0.8513758349046393,0.8333333333333334,0.0,0.06733210140324636,0.0,port_vae,port,False,0.05226166546344757,0.7838727235794067,2.957824945449829,1.5268460512161255,vae_candidate_pool_v1,belief_limited_heuristic_v1,808
VAE000710,vae_candidate_000710,0.6179201699972453,504.27618408203125,5816.23388671875,5823.749873057121,-1.651092173311917,0.005313896913009455,4.5091396274303275,34,8233.919098256372,2389.834994879046,1.7278435064492927,-1.4851865833648665,3085.1257320077125,0.23016247817553956,0.1090563058377866,0.9868146703907318,0.9963377234788012,0.734553745716122,0.2159804383061616,0.7998841211062765,0.8095238095238095,0.0,0.06861130940510428,0.0,port_vae,port,False,0.046030089259147644,1.5765211582183838,1.5298012495040894,1.9102373123168945,vae_candidate_pool_v1,belief_limited_heuristic_v1,809
VAE000434,vae_candidate_000434,0.6179014338240078,-368.99847412109375,6362.54736328125,6337.122405457267,-1.4688640543641185,-0.011470994522429088,4.687546781038931,36,8312.151155036438,2472.069868913666,1.7519767052690225,-1.6841995937481038,3396.797103814523,0.3956690162687335,0.05338459540477007,0.9613694574424982,0.993576737707972,0.8087612151939341,0.2189970881586278,0.9594561361242695,0.8571428571428571,0.0,0.0671599394532556,0.0,port_vae,port,False,0.06951279193162918,1.7914621829986572,2.939180374145508,1.891444206237793,vae_candidate_pool_v1,belief_limited_heuristic_v1,810
VAE000907,vae_candidate_000907,0.6178289730738947,2671.4189453125,-6054.65576171875,6600.391615205848,2.026620110985744,0.012653150152955287,5.024676225507636,36,8277.766875057814,2486.207822031001,1.7492499935646575,1.127625692757004,5795.587478129648,0.24033720208257026,0.035606913938632544,0.9856288829048873,0.9033966196223572,1.0,0.2186562491955822,0.915353819485269,0.8571428571428571,0.0,0.06687660113299229,0.0,starboard_vae,starboard,False,0.06131373345851898,1.1538639068603516,2.1001932621002197,1.8946633338928223,vae_candidate_pool_v1,belief_limited_heuristic_v1,811
VAE000925,vae_candidate_000925,0.6177872044758688,92.73153686523438,5898.38134765625,5851.311922439316,-1.5401076321412788,-0.005798687691124979,5.1638631743380525,36,8193.471157083792,2363.628983772331,1.8588967353624544,-1.6072837091396392,2660.9477582722134,0.3481350971559216,0.10521898506754677,0.9700052750344589,0.9993344093130826,0.6335589900648128,0.2323620919203068,0.9402223660798873,0.8571428571428571,0.0,0.06901750946701954,0.0,port_vae,port,False,0.06560066342353821,1.7034032344818115,2.936678886413574,1.1242088079452515,vae_candidate_pool_v1,belief_limited_heuristic_v1,812
VAE000653,vae_candidate_000653,0.6177790067970892,3307.435302734375,6867.58837890625,7661.548035815156,-2.0158136504143482,0.01779160226736086,4.517219846135939,36,8139.572925565344,2226.9272785509925,1.9860713523926545,-1.1079874009080841,5626.679431563896,0.006390620539549197,0.005336159396528874,0.9999897900270279,0.8948019468815711,1.0,0.24825891904908182,0.9957938713099975,0.8571428571428571,0.0,0.07080719417833528,0.0,port_vae,port,False,0.0816008597612381,1.2972822189331055,1.4899497032165527,1.364205002784729,vae_candidate_pool_v1,belief_limited_heuristic_v1,813
VAE000942,vae_candidate_000942,0.6176880358528771,1276.814453125,6527.57763671875,6574.740578943728,-1.7566737806087556,0.006454944514445036,4.633740466747691,35,8212.217474581375,2353.104971038645,1.8111995486397445,-1.3784639284665925,3879.4717841588727,0.02748241004317764,0.037082700672214176,0.9998111911686763,0.981561070255177,0.9236837581330649,0.22639994357996807,0.8019862887883694,0.8333333333333334,0.0,0.068898270025262,0.0,port_vae,port,False,0.12825976312160492,2.378865957260132,1.909614086151123,1.3346093893051147,vae_candidate_pool_v1,belief_limited_heuristic_v1,814
VAE001080,vae_candidate_001080,0.6170487493253923,2969.290771484375,-5644.26953125,6332.884890408397,2.0699486371086016,-0.045850884706993326,5.280738964156236,37,8152.414936663497,2536.808669226939,1.7890716542595626,1.0257931317741982,6395.671780733467,0.09959056619012174,0.053722206206458435,0.9975224785268673,0.8551256344196365,1.0,0.22363395678244533,0.888903697725548,0.8809523809523809,0.0,0.06631489548274785,0.0,ahead_vae,ahead,False,0.05731913819909096,0.775000274181366,2.9599180221557617,1.0753583908081055,vae_candidate_pool_v1,belief_limited_heuristic_v1,815
VAE000131,vae_candidate_000131,0.616986705210793,998.2947998046875,-6729.1796875,6844.336858395963,1.7185896883429932,-0.039996708374877545,5.383588610467549,38,8176.859365019161,2463.5678488017056,1.8863945831922453,1.383006256871923,3946.7801282952996,0.32868244005026903,0.023900353610296805,0.9732342341866755,0.9824192017791524,0.9397095543560238,0.23579932289903066,0.839895878889284,0.9047619047619048,0.0,0.06714784852890868,0.0,starboard_vae,starboard,False,0.05081483721733093,2.4042375087738037,2.0105481147766113,1.2055799961090088,vae_candidate_pool_v1,belief_limited_heuristic_v1,816
VAE000021,vae_candidate_000021,0.6168032494392364,397.4294128417969,-5937.39306640625,5993.80776134025,1.6631457090899515,0.014461453051404624,5.520461472594208,37,8242.368585633989,2631.4948171573124,1.705874877977306,1.4929083975512463,3264.8489496964917,0.3730380649999141,0.08703153709114747,0.9656122167482204,0.9969682683781962,0.7773449880229742,0.21323435974716326,0.8201778321968396,0.8809523809523809,0.0,0.06522909035348924,0.0,starboard_vae,starboard,False,0.04841239005327225,0.7389952540397644,1.953513264656067,1.135143518447876,vae_candidate_pool_v1,belief_limited_heuristic_v1,817
VAE001214,vae_candidate_001214,0.6165774797901848,3682.929931640625,8531.103515625,9368.8801893795,-1.9430783213653593,-0.03928718578173523,5.141720859372778,31,8084.6644669719635,2349.4498951017767,1.6320501731781984,-1.237801518006169,4863.062079396719,0.06326606081911625,0.00010302031792562219,0.9989996851084624,0.9450676556028551,1.0,0.2040062716472748,0.9930603697240313,0.7380952380952381,0.0,0.06844445496494701,0.0,port_vae,port,False,0.09454880654811859,0.7633336186408997,1.826225757598877,1.2343807220458984,vae_candidate_pool_v1,belief_limited_heuristic_v1,818
VAE000646,vae_candidate_000646,0.6164825935664153,-948.1087036132812,-6430.03515625,6606.825865744862,1.4369244349442782,0.02607083945949783,5.123653879544273,34,8209.829983632639,2443.6270893169835,1.6947663119310805,1.7307390581050133,3719.9488510805504,0.45162273233301675,0.035244662337000306,0.9498700422354954,0.9872364057016833,0.885702107400131,0.21184578899138506,0.9998489102709454,0.8095238095238095,0.0,0.06750196447080775,0.0,starboard_vae,starboard,False,0.0861937552690506,2.0444040298461914,2.9259586334228516,1.9169822931289673,vae_candidate_pool_v1,belief_limited_heuristic_v1,819
VAE000581,vae_candidate_000581,0.616184334792775,-672.6433715820312,-6286.04638671875,6278.118269864981,1.4259786507125738,0.018067775080980498,5.1441237630764824,34,8200.267212735725,2353.0254997000466,1.7620745511906626,1.7336817779581992,3651.685249941545,0.4716013462450068,0.058247003469325515,0.9454209588121849,0.9867634693692874,0.8694488690337012,0.22025931889883282,0.9438104175319606,0.8095238095238095,0.0,0.06900652558415545,0.0,starboard_vae,starboard,False,0.06628074496984482,1.0456633567810059,1.5093196630477905,1.784303069114685,vae_candidate_pool_v1,belief_limited_heuristic_v1,820
VAE000200,vae_candidate_000200,0.6156612368098606,101.60498046875,-5684.728515625,5710.918824574728,1.5603140632967172,0.031045642301158027,4.990888177200528,34,8142.62517933529,2362.9750934330104,1.767076409798975,1.612324232594234,2698.986819022297,0.4200832947090338,0.12590263594844003,0.9565274864282725,0.9991378404349704,0.6426159092910231,0.22088455122487188,0.9058423065680152,0.8095238095238095,0.0,0.069108704320647,0.0,starboard_vae,starboard,False,0.05982396379113197,0.9396835565567017,1.4982972145080566,1.8826134204864502,vae_candidate_pool_v1,belief_limited_heuristic_v1,821
VAE000357,vae_candidate_000357,0.6155170337332009,293.99371337890625,-6500.22314453125,6528.037208912259,1.6194092887070923,-0.1022691256717567,5.057605471151463,38,8468.78404956786,2398.5405703252663,1.8707487734844463,1.419914239210945,3644.2355591572095,0.2699541432428101,0.039903043333879375,0.9818915633956422,0.9886388757611759,0.867675133132669,0.2338435966855558,0.8176305955811333,0.9047619047619048,0.0,0.06813702881362972,0.0,starboard_vae,starboard,False,0.04810874164104462,2.2648746967315674,2.4317212104797363,1.9303009510040283,vae_candidate_pool_v1,belief_limited_heuristic_v1,822
VAE000053,vae_candidate_000053,0.6152800086969618,549.2046508789062,-6045.46240234375,6047.563253145558,1.6336544671171465,0.06141783031284526,4.673514321575175,38,8269.180528487506,2340.931779170825,1.9630545400267307,1.5693560167854923,2352.8395304148626,0.21861742463786538,0.08085729196038101,0.9880991177068317,0.9999989627537177,0.5601998881940149,0.24538181750334134,0.9961321354573082,0.9047619047619048,0.0,0.06927475015936214,0.0,starboard_vae,starboard,False,0.08183391392230988,2.137512683868408,1.970538854598999,1.3966602087020874,vae_candidate_pool_v1,belief_limited_heuristic_v1,823
VAE000565,vae_candidate_000565,0.615183223071712,421.5943908691406,-6627.84912109375,6677.849961670951,1.6644981065796054,-0.04852878828001956,4.808431334098831,37,8383.173538761188,2442.098292044852,1.8072994967762863,1.4285657587301686,3605.7661558337686,0.41867535447450344,0.031449967363374715,0.9568141385609994,0.989902272679476,0.8585157513889925,0.2259124370970358,0.9478386628104619,0.8809523809523809,0.0,0.06745636366398192,0.0,starboard_vae,starboard,False,0.06706828624010086,2.1337053775787354,2.591325283050537,1.2006006240844727,vae_candidate_pool_v1,belief_limited_heuristic_v1,824
VAE000998,vae_candidate_000998,0.6151099144074121,-1487.536865234375,-6825.9443359375,6947.157999022227,1.3376160254214349,0.03260801433610792,5.472664377291731,37,8166.512264042142,2521.093216358496,1.797116375898054,1.836584642504467,4577.6645260738715,0.2397713195368476,0.02006800128113989,0.9856961537001597,0.9648857338378242,1.0,0.22463954698725674,0.7785266224996239,0.8809523809523809,0.0,0.06631860597849552,0.0,starboard_vae,starboard,False,0.13093040883541107,2.0225424766540527,2.4861676692962646,1.8037923574447632,vae_candidate_pool_v1,belief_limited_heuristic_v1,825
VAE000617,vae_candidate_000617,0.6142407959944441,-593.5580444335938,6250.49560546875,6345.869149923782,-1.4639546864315607,-0.006571506014861551,4.711041025655412,34,8262.002110916654,2249.835058659004,1.8291231040169993,-1.6842094731730939,3170.393466485501,0.3578684362179138,0.05269328907385967,0.9683227959767484,0.9935756197002299,0.7548555872584526,0.2286403880021249,0.9996824364672222,0.8095238095238095,0.0,0.07071269882210555,0.0,port_vae,port,False,0.08882170170545578,2.336841106414795,2.940364360809326,1.5744807720184326,vae_candidate_pool_v1,belief_limited_heuristic_v1,826
VAE000431,vae_candidate_000431,0.6140570653803878,2566.289306640625,-8762.0966796875,9028.525804408662,1.867242337340722,0.08239582078679938,5.025851636219794,36,8326.97163616431,2434.7616529622796,1.7756565280661907,1.356746137035871,4148.00720216736,0.021516918431411458,0.00024709490597055135,0.9998842600208273,0.9771785930642181,0.9876207624208001,0.22195706600827383,0.8055739101229945,0.8571428571428571,0.0,0.06709588222172178,0.0,starboard_vae,starboard,False,0.12784305214881897,2.016353130340576,2.4877002239227295,1.9307523965835571,vae_candidate_pool_v1,belief_limited_heuristic_v1,827
VAE000152,vae_candidate_000152,0.613885292554739,305.72149658203125,6023.79541015625,6022.453580417275,-1.5972974923078398,0.03921723027725694,4.717278838469159,36,8298.830675539344,2402.4099923751814,1.8056703701420016,-1.5050779310046964,2942.21731114956,0.3828381444026603,0.08369622318341995,0.9638040854559223,0.9978413233222665,0.7005279312260857,0.2257087962677502,0.9131492721862391,0.8571428571428571,0.0,0.06831281886031236,0.0,port_vae,port,False,0.06096233054995537,2.2547929286956787,1.9658300876617432,1.3917847871780396,vae_candidate_pool_v1,belief_limited_heuristic_v1,828
VAE000337,vae_candidate_000337,0.6137825593613434,104.239013671875,5646.439453125,5667.605233959187,-1.606799718909225,-0.04017359988051322,4.969116144422981,38,8311.272248503972,2310.5906825036454,1.9787597618116544,-1.5749665345610815,2345.2302228342555,0.40420089658718084,0.13287019535890499,0.9597084827072576,0.9999913046961948,0.5583881482938704,0.2473449702264568,0.8710004016382477,0.9047619047619048,0.0,0.06993731444508264,0.0,port_vae,port,False,0.054835159331560135,0.7154428362846375,1.9555861949920654,1.4040167331695557,vae_candidate_pool_v1,belief_limited_heuristic_v1,829
VAE000582,vae_candidate_000582,0.6137442149584539,3625.977783203125,4944.884765625,6197.837310513834,-2.1921158880504708,0.03786329695270442,4.451183877073092,35,8350.687367123775,2410.2312983840106,1.7389500112436869,-0.911613468586618,7019.825675146087,0.02359980066303624,0.06544321587294165,0.9998607688144204,0.7904929710974948,1.0,0.21736875140546086,0.9851448919956711,0.8333333333333334,0.0,0.06810897068897467,0.0,ahead_vae,ahead,False,0.07659047096967697,1.8323705196380615,1.5210294723510742,1.6651995182037354,vae_candidate_pool_v1,belief_limited_heuristic_v1,830
VAE001187,vae_candidate_001187,0.6136446916338668,3842.3955078125,3487.734619140625,5134.0296852382935,-2.4089200857655353,0.048349407350186835,5.083463269324797,37,8043.47563216935,2333.302892896241,1.9714549351211843,-0.6843231604740709,7707.458081136774,0.47060984647341586,0.2434051262201096,0.9456459656578315,0.6321487092182398,1.0,0.24643186689014804,0.7883043571878616,0.8809523809523809,0.0,0.06994526844082005,0.0,ahead_vae,ahead,False,0.04470484331250191,1.1641356945037842,2.4358794689178467,1.3564213514328003,vae_candidate_pool_v1,belief_limited_heuristic_v1,831
VAE000073,vae_candidate_000073,0.6135273538435656,3602.310546875,6296.93408203125,7251.241332795973,-2.0695677444428555,-0.01473271403202942,5.057478794103604,34,8350.485412424028,2434.3094029702866,1.6725974052770605,-1.086757623178967,6040.625286216451,0.07946696239939266,0.011691726633273709,0.9984220811135772,0.8851227046897338,1.0,0.20907467565963256,0.9945155619084596,0.8095238095238095,0.0,0.0674177519510533,0.0,ahead_vae,ahead,False,0.09373804181814194,1.8534388542175293,1.506710410118103,1.8411462306976318,vae_candidate_pool_v1,belief_limited_heuristic_v1,832
VAE000558,vae_candidate_000558,0.6133456552759282,-324.64715576171875,5793.85400390625,5818.770567946979,-1.5163557531615783,0.004842134836392181,5.297791761783089,35,8205.407104353348,2280.564400378081,1.8703615701583107,-1.6203947655918225,2684.56841765138,0.4766027165005682,0.10976096527214453,0.944279297949195,0.9987702495648302,0.6391829565836619,0.23379519626978884,0.9587664431778357,0.8333333333333334,0.0,0.07040072072381762,0.0,port_vae,port,False,0.06935922801494598,0.690847635269165,1.4789958000183105,1.1893057823181152,vae_candidate_pool_v1,belief_limited_heuristic_v1,833
VAE000287,vae_candidate_000287,0.6129674409939526,-150.55572509765625,6052.55615234375,6008.119741060983,-1.5477864676263582,-0.039085788684251534,5.187722207976517,39,8212.884396076335,2452.247145586574,1.9364427400102138,-1.6328919746476864,2957.1775936933786,0.3280888960347528,0.08535217142680628,0.973329947722254,0.998072684667982,0.7040899032603283,0.24205534250127672,0.7998639195866063,0.9285714285714286,0.0,0.06760294406939749,0.0,port_vae,port,False,0.04602775722742081,1.9197907447814941,2.4300458431243896,1.9232009649276733,vae_candidate_pool_v1,belief_limited_heuristic_v1,834
VAE000207,vae_candidate_000207,0.6127189307774751,737.1160888671875,-6070.63134765625,6145.075784175525,1.670057084863843,-0.03475658876235174,4.873500151887585,34,8380.107003688923,2252.054394925056,1.8015672440860115,1.4367789799635988,3351.5813183449754,0.3652471348528288,0.07055655009665529,0.9670177590140561,0.9910331083681353,0.7979955519868989,0.22519590551075144,0.8724229511073709,0.8095238095238095,0.0,0.07071871734394829,0.0,starboard_vae,starboard,False,0.05502732843160629,1.4600164890289307,1.4776904582977295,1.7236192226409912,vae_candidate_pool_v1,belief_limited_heuristic_v1,835
VAE000295,vae_candidate_000295,0.6121858402854583,4124.974609375,7798.3779296875,8832.954658559805,-2.068207157913176,-0.0007543268725992799,4.672401621085023,37,8255.040168079351,2494.8738225029488,1.7965278208537716,-1.0741398225492165,6126.877808246698,0.10518688297496048,0.0004004764845807296,0.9972364793533274,0.8791806109293414,1.0,0.22456597760672145,0.9738139551768918,0.8809523809523809,0.0,0.0662740616178193,0.0,port_vae,port,False,0.07305113226175308,1.7279627323150635,2.026954174041748,1.1873729228973389,vae_candidate_pool_v1,belief_limited_heuristic_v1,836
VAE000260,vae_candidate_000260,0.6120683407279842,-69.84771728515625,-6451.333984375,6500.578391504517,1.5574050165174969,-0.056864712921778963,4.871369559867006,41,8357.702636374146,2517.9139456162666,1.9483010224982122,1.527322924150518,2878.758306434099,0.39676698659928555,0.04164431615474572,0.9611575864476234,0.9990551804494207,0.6854186443890712,0.24353762781227653,0.9740834504327328,0.9761904761904762,0.0,0.06645258736192529,0.0,starboard_vae,starboard,False,0.0731254443526268,2.310225248336792,2.969714403152466,1.082901120185852,vae_candidate_pool_v1,belief_limited_heuristic_v1,837
VAE000767,vae_candidate_000767,0.6118824710710669,4362.5732421875,8431.994140625,9598.126536569014,-2.0666389332184814,0.01065290894454885,5.536367344041296,38,8074.411023569272,2537.9443059005885,1.8543455054928377,-1.064300811426763,6136.329126794214,0.06597389264009568,5.5756151961679676e-05,0.9989122559971111,0.8744499545410385,1.0,0.23179318818660472,0.9529479758547951,0.9047619047619048,0.0,0.06563898717359012,0.0,port_vae,port,False,0.10642437636852264,1.2674217224121094,2.9306366443634033,1.5723406076431274,vae_candidate_pool_v1,belief_limited_heuristic_v1,838
VAE000192,vae_candidate_000192,0.6110650280014374,3503.730712890625,7466.15625,8294.664144720777,-2.003014254835047,-0.04482907308902181,4.8836610672187515,32,8303.747114577742,2522.989044259271,1.527427126119159,-1.1834074718437677,5472.955677401733,0.002259346575522958,0.0014039812040733304,0.9999987238388057,0.9258986327775379,1.0,0.19092839076489487,0.945086474175168,0.7619047619047619,0.0,0.06595644961099704,0.0,port_vae,port,False,0.0665273442864418,2.305143356323242,2.4341745376586914,1.2530064582824707,vae_candidate_pool_v1,belief_limited_heuristic_v1,839
VAE000103,vae_candidate_000103,0.6109358668719755,4692.0126953125,8927.1337890625,10135.469114131121,-2.088058189509674,-0.013660734603925575,5.246662806658344,37,8296.188587149094,2270.127373764281,1.964594313883376,-1.0671951986840447,5991.8891483935295,0.0939732043372139,1.2232265931932734e-05,0.9977938834449225,0.8758504025443136,1.0,0.245574289235422,0.9618753940547125,0.8809523809523809,0.0,0.06965502317439255,0.0,port_vae,port,False,0.10447154194116592,1.309682011604309,2.3738863468170166,1.2884693145751953,vae_candidate_pool_v1,belief_limited_heuristic_v1,840
VAE000309,vae_candidate_000309,0.6107628309693081,1570.991943359375,-7807.0078125,8056.3861169733245,1.7531855029446668,-0.02985480174428338,5.4676631324117055,36,8128.273798905983,2512.235578213026,1.7629655046650572,1.358552348900843,4168.116522266867,0.3070754887807239,0.0023622323735129234,0.9766108217393419,0.9775606733042848,0.9924086957778254,0.22037068808313215,0.8168799199392329,0.8571428571428571,0.0,0.06619346100240636,0.0,starboard_vae,starboard,False,0.04801952466368675,1.964848279953003,1.4974966049194336,1.2986154556274414,vae_candidate_pool_v1,belief_limited_heuristic_v1,841
VAE000162,vae_candidate_000162,0.6105208431442635,-9.913238525390625,-226.52606201171875,351.53080812380523,1.535961682106343,-0.019871634165409494,4.834086020360725,37,8390.105731155027,2472.7284750280405,1.7834373603976672,1.5857593373180408,2597.988224312973,0.2689829382242759,0.45237787815604896,0.982020840099217,0.9998880562466718,0.6185686248364222,0.2229296700497084,0.9185915353966495,0.8809523809523809,1.0,0.23693464759605273,0.23693464759605273,inside_convoy_envelope,inside,True,0.061837051063776016,1.2197381258010864,1.9001413583755493,1.512891173362732,vae_candidate_pool_v1,belief_limited_heuristic_v1,842
VAE000136,vae_candidate_000136,0.6104043512353241,5030.19677734375,-9775.298828125,10913.080835775805,2.0713368599912227,-0.003890768108645519,4.930708822286379,36,8338.72415840821,2627.719654674239,1.6429481719099306,1.0663650254899253,6330.6216555470855,0.06062768641638261,1.1225428453530568e-06,0.9990813523523547,0.8754494735476525,1.0,0.20536852148874132,0.9788957111092932,0.8571428571428571,0.0,0.06428860451648645,0.0,starboard_vae,starboard,False,0.07452132552862167,1.774407148361206,2.024251937866211,1.175598382949829,vae_candidate_pool_v1,belief_limited_heuristic_v1,843
VAE000985,vae_candidate_000985,0.6103229922964134,-248.64923095703125,-1042.497802734375,1164.6560457663459,1.317248809994325,0.038427137091330964,5.088950846763898,36,8349.986650776857,2352.8270598111976,1.8324271306642992,1.862770980686799,4656.741627688612,2.6841963321182436,0.7493995993348349,0.051397321429205944,0.9576773509860145,1.0,0.2290533913330374,0.9930944592352506,0.8571428571428571,1.0,0.09650372116257805,0.09650372116257805,inside_convoy_envelope,inside,True,0.09453083574771881,0.7212041616439819,2.0440773963928223,1.9443061351776123,vae_candidate_pool_v1,belief_limited_heuristic_v1,844
VAE001045,vae_candidate_001045,0.6102520560861046,382.4870300292969,7406.1533203125,7493.992631953297,-1.6373539357558564,0.04892995182851465,4.504825372654568,37,8160.363303188198,2295.143978100068,1.9755239318263942,-1.455308766005422,3220.182328871332,0.22713079773182954,0.007407607149013518,0.987158249985395,0.9933387202577714,0.7667100783026981,0.24694049147829927,0.9834432196723507,0.8809523809523809,0.0,0.06962598444757405,0.0,port_vae,port,False,0.0985422134399414,2.117154121398926,2.9502110481262207,1.5781052112579346,vae_candidate_pool_v1,belief_limited_heuristic_v1,845
VAE000272,vae_candidate_000272,0.6098425288334499,3203.46240234375,-6188.20361328125,6801.398182107652,2.040724054823522,0.0021238820247051187,5.432334780542909,34,8354.271990661966,2507.5260421185003,1.623023673109634,1.1029924807909757,6005.287568892822,0.035086365456086455,0.025679516770966238,0.9996922683112164,0.8925607453639774,1.0,0.20287795913870424,0.8768477289336576,0.8095238095238095,0.0,0.06649677339611466,0.0,starboard_vae,starboard,False,0.055630482733249664,0.7800319790840149,2.537153482437134,1.6697365045547485,vae_candidate_pool_v1,belief_limited_heuristic_v1,846
VAE000679,vae_candidate_000679,0.6097941901657571,4215.6865234375,-4270.609375,6019.912197056254,2.3585091547625696,0.0508413497976606,4.511263211973111,37,8388.390100913526,2431.921622754239,1.8137337349931666,0.833924848624884,7437.801627425948,0.13717057539540267,0.0839879367122587,0.9953034293761391,0.7405744658070821,1.0,0.22671671687414582,0.9531378536340981,0.8809523809523809,0.0,0.06784924360858771,0.0,ahead_vae,ahead,False,0.0681481882929802,2.3560996055603027,1.5305380821228027,1.156719446182251,vae_candidate_pool_v1,belief_limited_heuristic_v1,847
VAE001172,vae_candidate_001172,0.6097045197092542,-664.8689575195312,-6384.8837890625,6441.061742869015,1.4755439168526083,-0.04482249436159734,5.488752803852453,39,8483.448818417033,2266.6502636370783,2.028185380113987,1.6212262423755883,2691.406922727043,0.3425824777537505,0.04563909651741783,0.9709451498925619,0.9987286812738398,0.6408111720778673,0.2535231725142484,0.9946658379213648,0.9285714285714286,0.0,0.07032795884440554,0.0,starboard_vae,starboard,False,0.0936485230922699,1.749884843826294,2.4844326972961426,1.0963490009307861,vae_candidate_pool_v1,belief_limited_heuristic_v1,848
VAE000333,vae_candidate_000333,0.6095747352143437,1042.726318359375,-720.4466552734375,1328.7735508941723,2.5450432668023892,-0.035726609593573815,4.719996536267795,38,8341.29202201781,2471.8209356323277,1.8430336498559632,0.5608227771938294,8378.274194224252,1.9706165717412703,0.8049914285467635,0.30537361467512364,0.5318831202284209,1.0,0.2303792062319954,0.87746546188704,0.9047619047619048,1.0,0.08930457019732706,0.08930457019732706,inside_convoy_envelope,inside,True,0.05571535974740982,2.138709545135498,2.4058194160461426,1.2558554410934448,vae_candidate_pool_v1,belief_limited_heuristic_v1,849
VAE000837,vae_candidate_000837,0.6091365853580667,2294.28369140625,7688.65673828125,7952.004623683065,-1.8698064333295832,-0.037145709942317064,5.003846690807466,34,8161.850987608654,2459.438797819129,1.6937692174820096,-1.308931930202527,4488.549053663751,0.08395264090866972,0.002946946036161242,0.99823902317283,0.9659089987342252,1.0,0.2117211521852512,0.7868302087782072,0.8095238095238095,0.0,0.06694734747953134,0.0,port_vae,port,False,0.04453771561384201,1.3168981075286865,1.9342387914657593,1.8249140977859497,vae_candidate_pool_v1,belief_limited_heuristic_v1,850
VAE001149,vae_candidate_001149,0.608609377483641,676.2095947265625,-6681.412109375,6630.151339607953,1.6876386439348456,-0.022848769474792443,5.100342779961376,37,8081.617227672684,2312.4322222203045,1.9798597869643169,1.4311052401801556,3415.1688405136583,0.40346155492106944,0.03395759327649431,0.9598537427389497,0.9902590557009779,0.8131354382175376,0.2474824733705396,0.8934908115342772,0.8809523809523809,0.0,0.06958179917395461,0.0,starboard_vae,starboard,False,0.057980895042419434,2.3118581771850586,2.5389339923858643,1.1130502223968506,vae_candidate_pool_v1,belief_limited_heuristic_v1,851
VAE000709,vae_candidate_000709,0.6083244242760769,3162.342529296875,6757.06689453125,7482.114443308958,-2.0119333552980794,-0.03141717441743681,5.125047306031151,37,8029.408098488983,2463.1058744638385,1.8708333896101876,-1.1610764727091505,5457.774513359449,0.16911411739734342,0.007578815641958173,0.9928671279260778,0.9172324556011471,1.0,0.23385417370127345,0.8212972428519288,0.8809523809523809,0.0,0.06702961074810902,0.0,port_vae,port,False,0.048546284437179565,0.9768158197402954,2.9168787002563477,1.7393969297409058,vae_candidate_pool_v1,belief_limited_heuristic_v1,852
VAE001220,vae_candidate_001220,0.6081236874133547,-4437.83642578125,3165.156005859375,5531.202368541259,-0.6372014164199452,0.035724582258339736,5.313644735813737,37,8270.81020724316,2288.1022877853034,1.9551416777566493,-2.468666654911508,7893.905449731095,0.31001902120587554,0.1567051777892258,0.9761638835651529,0.62327678664836,1.0,0.24439270971958116,0.9765895455840992,0.8809523809523809,0.0,0.07039797700134885,0.0,astern_vae,astern,False,0.07383512705564499,1.0720324516296387,2.8512778282165527,1.3571749925613403,vae_candidate_pool_v1,belief_limited_heuristic_v1,853
VAE001219,vae_candidate_001219,0.6079729263720643,310.15386962890625,-5544.384765625,5582.934995391282,1.6297640583312138,0.049330614880528235,5.167013919233662,33,8382.89573302615,2139.630855964167,1.8398440946336652,1.561159210139108,2220.3171922733873,0.4051537494216011,0.1473216354695925,0.9595209030731143,0.9999535633506795,0.5286469505412826,0.22998051182920815,0.8854313312332799,0.7857142857142857,0.0,0.07309649736009351,0.0,starboard_vae,starboard,False,0.05682555213570595,0.863810658454895,2.9955155849456787,1.1173913478851318,vae_candidate_pool_v1,belief_limited_heuristic_v1,854
VAE000432,vae_candidate_000432,0.6079198790188637,-639.4092407226562,-6711.009765625,6644.658649899418,1.4527853106510698,0.03617259479022708,4.683130907842889,35,8095.09151190739,2524.0175929661555,1.7129863567127268,1.724979937728951,3737.2668674285555,0.49786645873073604,0.03317747387042562,0.9393017189550379,0.9881372357348694,0.8898254446258466,0.21412329458909085,0.9033616320441824,0.8333333333333334,0.0,0.06639214410791937,0.0,starboard_vae,starboard,False,0.0594460666179657,1.0252219438552856,1.5157902240753174,1.7972075939178467,vae_candidate_pool_v1,belief_limited_heuristic_v1,855
VAE000649,vae_candidate_000649,0.6066329060629999,679.6422119140625,6250.8017578125,6254.997016244247,-1.6240824137661984,-0.011840790574814915,4.839650734916965,35,8267.706456219017,2513.325868835477,1.684357188500458,-1.5293510303984097,2853.727047214248,0.3040408238700291,0.060249371566416826,0.9770672738953305,0.9991412666352878,0.6794588207652972,0.21054464856255725,0.9148276704063395,0.8333333333333334,0.0,0.06662961974639646,0.0,port_vae,port,False,0.061229512095451355,0.7814895510673523,2.3947205543518066,1.6725196838378906,vae_candidate_pool_v1,belief_limited_heuristic_v1,856
VAE000603,vae_candidate_000603,0.6066246308884853,133.01663208007812,-6407.2822265625,6448.797956996758,1.588730828396063,0.0032451846349640674,4.704509018189493,36,8404.288608779701,2553.1654792053164,1.6777319650615028,1.5561070098286944,2676.3388477877024,0.2910100173375183,0.045102331322765477,0.9789772850438588,0.99989211392349,0.6372235351875482,0.20971649563268785,0.9999402711613017,0.8571428571428571,0.0,0.06598877196625304,0.0,starboard_vae,starboard,False,0.08659201860427856,2.32411789894104,2.981292724609375,1.5531704425811768,vae_candidate_pool_v1,belief_limited_heuristic_v1,857
VAE000487,vae_candidate_000487,0.6063006065707471,4112.98828125,-7454.21875,8454.671286248518,2.081350350597336,0.007207661494919782,5.272860047762216,33,8133.850114868356,2382.962505137574,1.7025527075207607,1.0674499644873763,6010.851922532567,0.08625737219586771,0.0009781220843200135,0.9981410694530941,0.8759733196910647,1.0,0.2128190884400951,0.9800206535142494,0.7857142857142857,0.0,0.06801882007241145,0.0,starboard_vae,starboard,False,0.07486920803785324,2.163416624069214,1.5380221605300903,1.8713500499725342,vae_candidate_pool_v1,belief_limited_heuristic_v1,858
VAE000583,vae_candidate_000583,0.6061609355933315,3681.392333984375,5350.52392578125,6490.502412720131,-2.1409646744675968,0.05184487398309833,4.995527264682261,35,8265.907231486244,2469.3246413578677,1.7147441394526166,-0.9487831051390979,6823.154387127644,0.03446873045703614,0.04229913443515048,0.9997030060616279,0.8127070555356036,1.0,0.21434301743157708,0.9261125167930309,0.8333333333333334,0.0,0.06715564405352134,0.0,ahead_vae,ahead,False,0.06308884173631668,1.418183445930481,1.971980333328247,1.8726437091827393,vae_candidate_pool_v1,belief_limited_heuristic_v1,859
VAE001011,vae_candidate_001011,0.6061382605276474,590.36572265625,6438.31494140625,6377.510339057749,-1.6318807140821836,-0.03260064800463583,5.2960012649218315,34,8280.424810892357,2393.186205099392,1.7157334100734332,-1.5423125875122454,2628.0410167237765,0.2208481017661894,0.05025428554069202,0.9878560087269708,0.9995943657244,0.6257240516008992,0.21446667625917915,0.9987482252824383,0.8095238095238095,0.0,0.0683187830184089,0.0,port_vae,port,False,0.08417797088623047,1.437201976776123,2.9462852478027344,1.9236788749694824,vae_candidate_pool_v1,belief_limited_heuristic_v1,860
VAE001107,vae_candidate_001107,0.6058058948461263,3692.684814453125,7936.2275390625,8760.774571328646,-2.045779280443518,-0.009794616060567815,4.988693608589974,37,8388.067120991464,2355.900627659359,1.8723319969403973,-1.1056079892068427,5868.36832207302,0.051223916955239535,0.00047685894676328575,0.9993441710036668,0.8937370948859739,1.0,0.23404149961754966,0.8554384995874916,0.8809523809523809,0.0,0.06833727127458492,0.0,port_vae,port,False,0.12174953520298004,1.8741722106933594,1.4905648231506348,1.4226710796356201,vae_candidate_pool_v1,belief_limited_heuristic_v1,861
VAE000055,vae_candidate_000055,0.6056345381893219,-3150.681884765625,-5955.91064453125,6629.810084720723,1.070409362793097,0.006908416615474843,5.054833035620415,36,8319.069142212007,2481.3383804885175,1.7439810989472357,2.0780917074121716,6210.371476107683,0.4220188329715241,0.03397613059900033,0.9561319399464201,0.8740616476339208,1.0,0.21799763736840447,0.9243190866901017,0.8571428571428571,0.0,0.06692447874218299,0.0,astern_vae,astern,False,0.06278546899557114,1.5273938179016113,1.8834776878356934,1.2626475095748901,vae_candidate_pool_v1,belief_limited_heuristic_v1,862
VAE000966,vae_candidate_000966,0.605633691711282,2170.990966796875,-8284.802734375,8660.31286736389,1.8319697600053297,-0.0004907773044374471,4.323257766734596,35,8199.324770350633,2377.4529428843944,1.7954694739789134,1.3091321162800258,4417.597148230792,0.36507032106193793,0.0006060158693937423,0.9670493289008015,0.9659608039194661,1.0,0.22443368424736418,0.8241242595898766,0.8333333333333334,0.0,0.06805674863544171,0.0,starboard_vae,starboard,False,0.048885688185691833,1.6622991561889648,2.100762367248535,1.7655234336853027,vae_candidate_pool_v1,belief_limited_heuristic_v1,863
VAE000457,vae_candidate_000457,0.6055985775932152,2168.48779296875,7993.1162109375,8308.592960224589,-1.8568113065738814,0.015120135951794171,5.249955289544293,33,8268.703314038716,2370.5972170589152,1.6835218609478264,-1.2696612110641177,4716.455410036384,0.19722437635421805,0.0013610186059463238,0.9903071165844801,0.9550004240926965,1.0,0.2104402326184783,0.8183786237107378,0.7857142857142857,0.0,0.06820095077541728,0.0,port_vae,port,False,0.04819776490330696,2.246046543121338,1.943434238433838,1.4016249179840088,vae_candidate_pool_v1,belief_limited_heuristic_v1,864
VAE000047,vae_candidate_000047,0.6055218163212996,-848.8416137695312,-6145.33984375,6454.610695545438,1.4035887157429545,-0.011997955565978583,5.5403802170088445,36,8184.914865187606,2397.963317161995,1.8341962410689086,1.7260059822808602,3634.42112339449,0.3910761275227004,0.04470251569060093,0.9622496965866651,0.9879791424255048,0.8653383627129738,0.22927453013361357,0.7722476909852327,0.8571428571428571,0.0,0.06824320777109397,0.0,starboard_vae,starboard,False,0.042901962995529175,2.3396904468536377,1.9457769393920898,1.7472341060638428,vae_candidate_pool_v1,belief_limited_heuristic_v1,865
VAE000515,vae_candidate_000515,0.6054147017812826,3872.022705078125,8162.51953125,9037.579776300823,-1.9796528571874983,0.006223792696815893,5.196697231176125,34,8399.057877000212,2254.6089805974607,1.7954656901532893,-1.155716003705479,5450.189373577245,0.11239829540409318,0.0002415477592794033,0.9968449794436944,0.9150839320817628,1.0,0.22443321126916116,0.8713145593383729,0.8095238095238095,0.0,0.07002098685659039,0.0,port_vae,port,False,0.05487752705812454,1.2734524011611938,1.4943807125091553,1.0562024116516113,vae_candidate_pool_v1,belief_limited_heuristic_v1,866
VAE000937,vae_candidate_000937,0.6052061613178105,1224.25390625,-9515.822265625,9592.121107273784,1.7291576225185483,-0.06174291615877851,4.8278601324331465,35,8281.041028946085,2323.3664138931085,1.8191369738893928,1.350692114912466,4075.325142024684,0.21561165364446677,5.6674488116880994e-05,0.9884228583648272,0.9758747019116433,0.9703155100058771,0.2273921217361741,0.7721687170799509,0.8333333333333334,0.0,0.06879696267274718,0.0,starboard_vae,starboard,False,0.042893186211586,1.8158413171768188,2.940430164337158,1.8743219375610352,vae_candidate_pool_v1,belief_limited_heuristic_v1,867
VAE000699,vae_candidate_000699,0.6051462617369696,4261.50341796875,-5202.72265625,6724.044485031693,2.2807842566105503,0.019627074812585372,5.125322794211154,38,8293.98828420028,2124.5175533977613,2.1565516066448542,0.8804354717918284,6919.777464712346,0.11039046760741567,0.02917413576408844,0.9969565786577892,0.7710162671608344,1.0,0.2695689508306068,0.9972439029064215,0.9047619047619048,0.0,0.07298834282236605,0.0,ahead_vae,ahead,False,0.08268193900585175,2.3952736854553223,2.5328729152679443,1.396559476852417,vae_candidate_pool_v1,belief_limited_heuristic_v1,868
VAE000598,vae_candidate_000598,0.6050730260888657,3447.91357421875,-8233.2119140625,8944.719367337413,1.9645800541169367,-0.04742166396196364,4.788139581491438,36,8187.756680694839,2509.9499850612287,1.751751528803756,1.1295909355108933,5766.006672969466,0.006947436921875827,0.00030443836964747184,0.9999879333285893,0.9042375823379968,1.0,0.2189689411004695,0.8395064438427529,0.8571428571428571,0.0,0.06606759566664337,0.0,starboard_vae,starboard,False,0.05076642334461212,0.6771448254585266,2.4631149768829346,1.843342661857605,vae_candidate_pool_v1,belief_limited_heuristic_v1,869
VAE000180,vae_candidate_000180,0.6050174212288991,3826.9677734375,-7161.6318359375,8048.324682336972,2.0514789688989903,-0.06499817816261705,5.651740651398136,38,8226.05280356054,2480.9380318768513,1.86198503824928,1.0251155065281854,6389.964387487809,0.0004019411689979435,0.0024032797079834834,0.9999999596108247,0.8547741430824681,1.0,0.23274812978116,0.9027264921416354,0.9047619047619048,0.0,0.06660423554012952,0.0,starboard_vae,starboard,False,0.059349969029426575,1.2611596584320068,1.8837482929229736,1.9058382511138916,vae_candidate_pool_v1,belief_limited_heuristic_v1,870
VAE000842,vae_candidate_000842,0.6049406193988964,-4286.25146484375,-4285.9091796875,6019.196797166315,0.8099629347941673,-0.05449054436020452,5.3810359912275665,33,8158.528210722057,2574.0400938177413,1.5714002322773455,2.277139174435422,7253.518413922932,0.34651647268071273,0.0840702003342472,0.9702807523454604,0.7607406546405997,1.0,0.19642502903466819,0.9996015753989159,0.7857142857142857,0.0,0.06595637557043003,0.0,astern_vae,astern,False,0.08900852501392365,2.1456871032714844,2.488312005996704,1.6980994939804077,vae_candidate_pool_v1,belief_limited_heuristic_v1,871
VAE000194,vae_candidate_000194,0.6048404956236973,-1666.207763671875,-6439.80322265625,6680.291537094729,1.3372542358037856,0.004768089542389566,4.520755664912439,35,8206.761015725677,2461.2638954977097,1.732758653986052,1.809106507328398,4328.999708992088,0.5806095733041227,0.031325985918984035,0.9180642168838788,0.9717382623637171,1.0,0.2165948317482565,0.8361784577337936,0.8333333333333334,0.0,0.06722337410670262,0.0,starboard_vae,starboard,False,0.050354376435279846,2.3829894065856934,2.992182493209839,1.9338188171386719,vae_candidate_pool_v1,belief_limited_heuristic_v1,872
VAE000401,vae_candidate_000401,0.6047197693687136,431.41455078125,-6315.4912109375,6390.16575673605,1.6397264665338946,-0.020666691765050982,4.5221530320479095,36,8223.730039939499,2422.896790968362,1.8067528178322123,1.4811994952908478,3149.0130162663822,0.45310558867637374,0.049305445395677966,0.9495459691138266,0.9959888882670253,0.7497650038729482,0.22584410222902654,0.910925576382261,0.8571428571428571,0.0,0.0678790663897802,0.0,starboard_vae,starboard,False,0.060611724853515625,1.6907031536102295,1.4982455968856812,1.2894783020019531,vae_candidate_pool_v1,belief_limited_heuristic_v1,873
VAE000768,vae_candidate_000768,0.6045609491166786,-573.8665161132812,-6732.0625,6775.247261038122,1.4637658217431786,0.0018918169296245845,4.950723831353912,33,8361.80383834971,2453.675535977855,1.6084102493159413,1.6797186487762394,3348.1218462307597,0.4208664941384428,0.02681819798341434,0.9563676377674846,0.9940738264102981,0.7971718681501809,0.20105128116449267,0.9814924602288908,0.7857142857142857,0.0,0.06726262770558229,0.0,starboard_vae,starboard,False,0.07533903419971466,1.564635992050171,1.9846364259719849,1.0868926048278809,vae_candidate_pool_v1,belief_limited_heuristic_v1,874
VAE001030,vae_candidate_001030,0.6044878493215092,274.347412109375,-6661.283203125,6607.599248057809,1.5919474451332998,-0.0709082212325216,5.204961061334881,35,8222.781074853356,2290.3426565683544,1.8584413291053732,1.4787369872239717,3036.5592896146018,0.3768825816687966,0.03520133227922653,0.9649082177293182,0.9957655308328757,0.7229903070510957,0.23230516613817165,0.9669827878594058,0.8333333333333334,0.0,0.06992571484975303,0.0,starboard_vae,starboard,False,0.07127630710601807,1.775855541229248,2.486008405685425,1.5120478868484497,vae_candidate_pool_v1,belief_limited_heuristic_v1,875
VAE000395,vae_candidate_000395,0.6044134798165297,1185.1900634765625,8751.8359375,9120.997921869746,-1.7193822701888768,-0.03066103201974016,5.32466296269574,36,8253.129052204096,2289.3833011158167,1.905308714847485,-1.4528714154206566,3244.478697529645,0.17183681880610302,0.00019566723983462122,0.9926361735652418,0.9930549116026441,0.7724949279832488,0.23816358935593562,0.936203002152684,0.8571428571428571,0.0,0.06943460909186461,0.0,port_vae,port,False,0.10967253148555756,1.8371460437774658,2.9787380695343018,1.5387401580810547,vae_candidate_pool_v1,belief_limited_heuristic_v1,876
VAE000911,vae_candidate_000911,0.6043762536093414,-664.9485473632812,490.883544921875,925.767441078862,-0.6232341379545263,-0.014716271845486748,4.602017906912851,37,8206.31959852196,2413.8648792667254,1.8678428803994014,-2.533074787480754,8113.144605271392,1.661349757298159,0.6630907569931255,0.45478513698605466,0.5716520032245089,1.0,0.23348036004992517,0.9936597949950127,0.8809523809523809,1.0,0.10925827828053684,0.10925827828053684,inside_convoy_envelope,inside,True,0.08030678331851959,1.1208549737930298,1.9971559047698975,1.6845046281814575,vae_candidate_pool_v1,belief_limited_heuristic_v1,877
VAE000326,vae_candidate_000326,0.6043655492184498,3456.821533203125,6877.4931640625,7669.594163841077,-2.0191240012373233,0.028418649113964873,5.328840062015727,36,8118.731902938875,2504.40704942702,1.7705548399541642,-1.094050003238505,5950.758299931876,0.11180826948623634,0.005251366020259808,0.9968779821378457,0.8884927051119199,1.0,0.22131935499427052,0.856181574358196,0.8571428571428571,0.0,0.06638081964644069,0.0,port_vae,port,False,0.05287940055131912,1.7823446989059448,2.9415712356567383,1.6578662395477295,vae_candidate_pool_v1,belief_limited_heuristic_v1,878
VAE000147,vae_candidate_000147,0.6040217719879017,5080.578125,9638.978515625,10922.656941684609,-2.045451151145701,0.027422300262871888,5.154259465319606,34,8107.3658130705335,2401.0895683913864,1.7465892660513818,-1.06871920218122,6006.40704646374,0.1763055839439498,1.0884535644350117e-06,0.9922491934615723,0.8765848428788898,1.0,0.21832365825642272,0.949442857026371,0.8095238095238095,0.0,0.06747973660969932,0.0,port_vae,port,False,0.10714329034090042,1.422163724899292,2.4385321140289307,1.2780518531799316,vae_candidate_pool_v1,belief_limited_heuristic_v1,879
VAE000206,vae_candidate_000206,0.603925204537454,4108.27685546875,-7018.837890625,7995.819056899361,2.0987332242300076,0.003659413369735912,4.477034875746895,33,8276.52562364418,2614.829871185325,1.524833547956428,1.046518842729521,6406.747844334005,0.02782400997364798,0.002687032769661721,0.9998064686033359,0.8656858501117461,1.0,0.1906041934945535,0.9675317197859992,0.7857142857142857,0.0,0.06482416054734981,0.0,ahead_vae,ahead,False,0.10312090069055557,0.8124805092811584,2.6069111824035645,1.8644309043884277,vae_candidate_pool_v1,belief_limited_heuristic_v1,880
VAE000225,vae_candidate_000225,0.603894573680763,179.2165069580078,-5995.49462890625,5895.478544631298,1.6214138251759276,-0.05394386359953515,4.940950812033397,32,8175.025398878447,2230.224959179163,1.7551417452576836,1.46623496481433,3071.279507492467,0.5026712544599052,0.09928995973795178,0.9381493823839326,0.9945384394841509,0.7312570255934445,0.21939271815721045,0.8537446597261356,0.7619047619047619,0.0,0.07126625378169027,0.0,starboard_vae,starboard,False,0.05256521701812744,1.2609977722167969,1.4752395153045654,1.0607424974441528,vae_candidate_pool_v1,belief_limited_heuristic_v1,881
VAE000003,vae_candidate_000003,0.6036320849335605,-1786.08837890625,5687.169921875,6022.3759555455745,-1.2757079464494914,-0.029704533960684742,4.62799077045989,35,8166.3104352070595,2322.7846448260716,1.845156522383158,-1.8955892411009865,4807.3141184951055,0.7225872106929003,0.08370512138706,0.8750486239028881,0.9477168303760775,1.0,0.23064456529789476,0.8058892985217291,0.8333333333333334,0.0,0.06960880230343483,0.0,port_vae,port,False,0.04672662168741226,1.912071704864502,2.439289093017578,1.0406087636947632,vae_candidate_pool_v1,belief_limited_heuristic_v1,882
VAE001032,vae_candidate_001032,0.603458747345654,103.4727783203125,-6616.89208984375,6544.006170438644,1.5754972202600934,-0.03134020095327105,5.556839072896151,36,8189.892731953306,2353.2417040034525,1.8679177578963448,1.534755232376429,2646.8222838786437,0.23691952395172544,0.03891896708110609,0.9860328011351628,0.9993505900576133,0.6301957818758676,0.2334897197370431,0.9643787557158626,0.8571428571428571,0.0,0.06891206612879672,0.0,starboard_vae,starboard,False,0.10388635098934174,1.5888571739196777,2.9882020950317383,1.2400619983673096,vae_candidate_pool_v1,belief_limited_heuristic_v1,883
VAE000358,vae_candidate_000358,0.6033999698883994,499.26708984375,-6519.51171875,6544.56365882651,1.6255239960583496,-0.010956609447681747,5.497775141455846,39,8135.435095086184,2516.9391760245703,1.904632110262357,1.5051120480837616,3045.497575018466,0.31976809189522126,0.03888498645341649,0.9746541715455481,0.9978435632476705,0.7251184702424919,0.2380790137827946,0.8234781439250936,0.9285714285714286,0.0,0.06651019867074712,0.0,starboard_vae,starboard,False,0.04880795627832413,1.4793916940689087,1.9940755367279053,1.91710364818573,vae_candidate_pool_v1,belief_limited_heuristic_v1,884
VAE000931,vae_candidate_000931,0.6033651593383266,3269.792724609375,-8848.0888671875,9302.0357089804,1.9264885155507505,0.0005262560792917732,4.636697202317637,33,8236.391345379883,2559.0214601659854,1.5656801241302254,1.2156303941183346,5263.481563557775,0.09996911610768855,0.00012275607170119467,0.9975036240239946,0.9375887993115466,1.0,0.19571001551627817,0.8130969402704498,0.7857142857142857,0.0,0.06534769062431581,0.0,starboard_vae,starboard,False,0.04757173731923103,0.9378438591957092,1.9983476400375366,1.5757408142089844,vae_candidate_pool_v1,belief_limited_heuristic_v1,885
VAE000888,vae_candidate_000888,0.603209382848752,-666.9937133789062,-6432.0380859375,6582.091418393297,1.4710925139719702,0.03478973230551534,5.2416268006601205,34,8314.493707713653,2393.3341114958903,1.7085975423351263,1.7052898719233387,3486.5983405128036,0.16453538566003978,0.036654571199173494,0.9932472814323112,0.990969368038931,0.830142462026858,0.21357469279189079,0.7612693989164543,0.8095238095238095,0.0,0.06823725539824943,0.0,starboard_vae,starboard,False,0.041689638048410416,0.9529604911804199,1.5081334114074707,1.0627758502960205,vae_candidate_pool_v1,belief_limited_heuristic_v1,886
VAE001142,vae_candidate_001142,0.6030948126953668,-844.8389282226562,-6083.82373046875,6087.519919060454,1.4570518431050397,-0.00033161252658165557,5.358153449326154,34,8382.855349491852,2346.758880959243,1.7282973925361134,1.684209197958172,3280.369375971541,0.5114417961630744,0.07649933844913967,0.9360198743440329,0.9935756508463124,0.7810403276122717,0.21603717406701417,0.8393906512871538,0.8095238095238095,0.0,0.06913558102674344,0.0,starboard_vae,starboard,False,0.05075203627347946,0.6608843207359314,1.9086055755615234,1.2846544981002808,vae_candidate_pool_v1,belief_limited_heuristic_v1,887
VAE000811,vae_candidate_000811,0.602828287932854,4870.4423828125,9180.40625,10325.4418755813,-2.077334848076552,-0.08171282418900269,4.704881816903481,35,8136.101663907086,2447.3851799826225,1.7577186139349374,-1.1459706297022436,5583.230311327525,0.11450857130840797,6.970365492359323e-06,0.9967255270866989,0.9111105878253241,1.0,0.21971482674186718,0.8244159769165068,0.8333333333333334,0.0,0.06682233765165015,0.0,port_vae,port,False,0.12561210989952087,2.381357192993164,2.0035781860351562,1.539276123046875,vae_candidate_pool_v1,belief_limited_heuristic_v1,888
VAE000035,vae_candidate_000035,0.6027773018944103,983.6407470703125,-6935.1259765625,6972.456967264082,1.6803273534370198,-0.06318443299592873,5.333969279117991,35,8484.150821638497,2254.9732843025854,1.8294403898498137,1.3980808671568445,3679.492685337712,0.3367183725672358,0.019211571875039902,0.971921983829575,0.9851217259224528,0.8760696869851695,0.22868004873122671,0.8222533061954533,0.8333333333333334,0.0,0.07037388492927707,0.0,starboard_vae,starboard,False,0.04866086319088936,0.7638554573059082,2.4229214191436768,1.3681633472442627,vae_candidate_pool_v1,belief_limited_heuristic_v1,889
VAE000191,vae_candidate_000191,0.6027412742711791,-4005.61865234375,3916.738525390625,5608.29765821887,-0.7637246133688469,0.0638054822408755,4.453368068924616,35,8150.670511975618,2381.4130357618283,1.8031837314199817,-2.3140625579800704,7268.873242092078,0.44024574733469035,0.14287579988872612,0.9523234812064842,0.736262243354706,1.0,0.2253979664274977,0.8181742277771439,0.8333333333333334,0.0,0.0688707643645859,0.0,astern_vae,astern,False,0.04817342758178711,1.7220033407211304,1.475630760192871,1.2800147533416748,vae_candidate_pool_v1,belief_limited_heuristic_v1,890
VAE000232,vae_candidate_000232,0.6025825876109383,465.0631408691406,6221.71728515625,6228.203879923235,-1.633744993135598,-0.0030532949874385908,4.9639253570563895,37,8477.701459139622,2346.8490400336,1.8596809849058302,-1.5109009554416337,2850.112218260076,0.3728693077062554,0.06264015448245547,0.9656429615977014,0.9982068084243162,0.6785981472047801,0.23246012311322878,0.8543593797692031,0.8809523809523809,0.0,0.06905539371766523,0.0,port_vae,port,False,0.052644286304712296,2.0255661010742188,1.4932773113250732,1.4623584747314453,vae_candidate_pool_v1,belief_limited_heuristic_v1,891
VAE000806,vae_candidate_000806,0.6023163492421385,681.5457153320312,7881.427734375,8050.884454117458,-1.6984173593795024,-0.03197900175964323,4.968492769383377,37,8190.640485240995,2325.8794145623815,1.9422121445886529,-1.475154295969934,3097.4253858631228,0.3482300998089385,0.0023901754867429233,0.9699890680556995,0.9954297863607492,0.737482234729315,0.2427765180735816,0.9872626082487556,0.8809523809523809,0.0,0.0689904249365392,0.0,port_vae,port,False,0.07738598436117172,0.881226122379303,1.9711430072784424,1.3087314367294312,vae_candidate_pool_v1,belief_limited_heuristic_v1,892
VAE000833,vae_candidate_000833,0.6019242179908688,-206.861083984375,-7149.87255859375,7243.084791989225,1.5340999857264568,0.02084037172949847,5.278506588544177,36,8197.83200002267,2536.57594658039,1.7312333789855778,1.6283330395928355,3003.7945743644814,0.3611207592865364,0.011867801134303784,0.9677507106758276,0.9983452199245508,0.7151891843724956,0.21640417237319723,0.9998088416258881,0.8571428571428571,0.0,0.06602140911036374,0.0,starboard_vae,starboard,False,0.08847306668758392,2.1302504539489746,1.5095769166946411,1.3173989057540894,vae_candidate_pool_v1,belief_limited_heuristic_v1,893
VAE000708,vae_candidate_000708,0.6013973133789831,1059.9716796875,6340.41650390625,6627.08686785814,-1.7229301016634664,-0.07754007790503976,4.955149326488828,34,8046.6053245695975,2502.2686680319284,1.6886213610874192,-1.4962026298313664,3094.979871621197,0.28484511099624354,0.034124367798975784,0.9798525946716629,0.9972191799699169,0.7368999694336184,0.2110776701359274,0.8862775172027015,0.8095238095238095,0.0,0.06670827937650609,0.0,port_vae,port,False,0.05694527179002762,0.7876592874526978,2.4177956581115723,1.7301371097564697,vae_candidate_pool_v1,belief_limited_heuristic_v1,894
VAE000752,vae_candidate_000752,0.6010773691239458,564.766845703125,6324.52490234375,6399.510242753405,-1.6392961865210924,0.007770119927736063,5.299808558609751,36,8273.5132625857,2419.682730731452,1.7982667258744125,-1.4945263471409647,3043.0574416558334,0.3644070529371064,0.04861446975285717,0.9671676244877584,0.9970928547770279,0.7245374861085317,0.22478334073430156,0.8452386049776148,0.8571428571428571,0.0,0.06791065501841316,0.0,port_vae,port,False,0.05148334801197052,1.0386440753936768,2.93631911277771,1.294135332107544,vae_candidate_pool_v1,belief_limited_heuristic_v1,895
VAE000068,vae_candidate_000068,0.6010093628247186,3394.6376953125,7129.9765625,7824.726152458716,-2.043540128047101,-0.026242268950009747,5.582334127509102,32,8040.506196374836,2588.7185556196973,1.5373818538757869,-1.1242947944927018,5806.9217742577075,0.0738279419740242,0.003837694353139041,0.998637977563926,0.9019633017145259,1.0,0.19217273173447336,0.8640359231858817,0.7619047619047619,0.0,0.06525330736200503,0.0,port_vae,port,False,0.0539059042930603,0.8689697980880737,1.9160737991333008,1.7845802307128906,vae_candidate_pool_v1,belief_limited_heuristic_v1,896
VAE000370,vae_candidate_000370,0.6008063247265739,4491.55908203125,-8175.06884765625,9322.611207966786,2.0486943584349175,-0.03868543345790433,5.364562685418993,36,8214.246868792927,2631.2519922262845,1.665606119872603,1.0542128616969715,6345.022083745111,0.16054183336647743,0.00011632967083868232,0.9935704072714269,0.8695117198119261,1.0,0.2082007649840754,0.8865383634760506,0.8571428571428571,0.0,0.06443384848594008,0.0,starboard_vae,starboard,False,0.05698224902153015,1.4840294122695923,2.9493565559387207,1.4857643842697144,vae_candidate_pool_v1,belief_limited_heuristic_v1,897
VAE000165,vae_candidate_000165,0.6007893974546713,-273.93505859375,-6073.5771484375,6038.692636761303,1.5271498588349746,0.03074506655397678,4.854685343127644,35,8403.369745507061,2371.005197783626,1.756637159666767,1.645187861308796,2989.0106648938486,0.528028227748759,0.08185127176086007,0.9319010946179904,0.9972342256554274,0.7116692059271068,0.21957964495834587,0.8617400630181997,0.8333333333333334,0.0,0.0687650709937112,0.0,starboard_vae,starboard,False,0.05360358953475952,1.5462019443511963,1.9854815006256104,1.0852853059768677,vae_candidate_pool_v1,belief_limited_heuristic_v1,898
VAE000499,vae_candidate_000499,0.6004482146183424,3953.0166015625,6716.47998046875,7849.174468089958,-2.1222561900857833,0.03384832575118135,5.5532379011925554,33,8187.257365968171,2468.035292018985,1.6331426910136395,-0.9854881377528285,6580.312626200146,0.11374354576376035,0.0036495972978848857,0.9967690870571198,0.8335418644978715,1.0,0.20414283637670494,0.9988539546402513,0.7857142857142857,0.0,0.06683660079329247,0.0,ahead_vae,ahead,False,0.0843113586306572,0.7885394096374512,1.9332902431488037,1.4054663181304932,vae_candidate_pool_v1,belief_limited_heuristic_v1,899
VAE000251,vae_candidate_000251,0.6002886235019569,3544.54150390625,8017.31884765625,8743.687818402095,-1.9751876920898324,-0.024440980527621833,4.959323367983799,35,8245.362953340726,2407.477628820882,1.7631773837299654,-1.1908459420275825,5293.777618373408,0.12639097425200707,0.0004968341552172472,0.9960116440423599,0.9286830377388671,1.0,0.22039717296624567,0.7560975435072537,0.8333333333333334,0.0,0.06756697246472808,0.0,port_vae,port,False,0.1334092915058136,2.186955451965332,1.5093309879302979,1.1959704160690308,vae_candidate_pool_v1,belief_limited_heuristic_v1,900
VAE001072,vae_candidate_001072,0.5999285343270903,452.3099670410156,6471.74267578125,6549.3993607134,-1.6309890758153354,-0.000751093708594905,5.077672981394865,37,8052.648273289721,2604.213232525819,1.764356950036195,-1.5113546714830526,3077.9947556526245,0.41460616275674744,0.038591287369791887,0.957637520365195,0.9982338649240613,0.7328558942030058,0.22054461875452439,0.8619187891612374,0.8809523809523809,0.0,0.06539653534702995,0.0,port_vae,port,False,0.05362705513834953,2.2241809368133545,2.964247703552246,1.176921010017395,vae_candidate_pool_v1,belief_limited_heuristic_v1,901
VAE000128,vae_candidate_000128,0.5999174510944281,169.17108154296875,6411.228515625,6341.871710372505,-1.569081621210849,-0.0782089625347478,5.109148449784592,36,8227.391018895614,2350.75284658409,1.8613729220294708,-1.650719994913692,3000.112211286737,0.36747288268414446,0.05300830253506567,0.9666191060917242,0.9968078034375795,0.7143124312587469,0.23267161525368385,0.8272486776729042,0.8571428571428571,0.0,0.0690123514613641,0.0,port_vae,port,False,0.04926295205950737,1.9254465103149414,2.5673959255218506,1.5050643682479858,vae_candidate_pool_v1,belief_limited_heuristic_v1,902
VAE000879,vae_candidate_000879,0.5994901450055173,-2334.17529296875,-6092.93505859375,6570.090677365332,1.1320949918611305,0.03983502016923914,4.935387183598803,35,8050.685879272001,2557.1646963682188,1.7001078106152498,2.049332681897902,5977.101352678992,0.4635612313113426,0.03735570577970368,0.9472329084701181,0.8876698531866871,1.0,0.21251347632690623,0.8465111100870779,0.8333333333333334,0.0,0.06599010614669167,0.0,starboard_vae,starboard,False,0.05164378881454468,1.6496872901916504,2.436305522918701,1.4952832460403442,vae_candidate_pool_v1,belief_limited_heuristic_v1,903
VAE000182,vae_candidate_000182,0.599274709147816,3915.388427734375,-5766.66259765625,6990.050029025548,2.1558662149069385,0.059110581501095445,4.602144249537099,34,8288.392403088941,2362.0260262897395,1.7366965214818286,1.044837020183951,6203.909462055544,0.2643156925124095,0.018634987486203323,0.9826357506877157,0.8648427265823687,1.0,0.21708706518522858,0.8815223859120601,0.8095238095238095,0.0,0.06861181131441249,0.0,ahead_vae,ahead,False,0.05627705156803131,0.7661420702934265,2.9356203079223633,1.906139850616455,vae_candidate_pool_v1,belief_limited_heuristic_v1,904
VAE000097,vae_candidate_000097,0.5987948788598603,3550.554443359375,8370.2724609375,8989.853377411804,-1.971896268071662,0.050397232995472795,5.317494818743141,36,8093.308851636143,2294.992541340788,1.9381844653772333,-1.1192991525226583,5596.239784877509,0.21660809679013956,0.0002721640919640632,0.9883160239109808,0.8997948741992141,1.0,0.24227305817215417,0.8003351020077948,0.8571428571428571,0.0,0.06939645300582867,0.0,port_vae,port,False,0.04608216881752014,2.2299365997314453,1.9963003396987915,1.366283655166626,vae_candidate_pool_v1,belief_limited_heuristic_v1,905
VAE000594,vae_candidate_000594,0.5985617425401892,-518.3878784179688,-6928.2138671875,6997.30024673599,1.5069814412996552,-0.0161659462404691,4.926740287678064,38,8443.433382380346,2396.8696426020547,1.8776736015081472,1.618445266049669,2796.3176273454396,0.41708309586274717,0.018401811746107586,0.9571372261750365,0.9988650040615844,0.6657899112727237,0.2347092001885184,0.98868602008495,0.9047619047619048,0.0,0.06802585137741968,0.0,starboard_vae,starboard,False,0.07795775681734085,2.3344929218292236,2.107901096343994,1.1002650260925293,vae_candidate_pool_v1,belief_limited_heuristic_v1,906
VAE000839,vae_candidate_000839,0.5981266115345178,-3549.505126953125,4282.04296875,5622.503310791344,-0.8648550622073425,-0.005214037926244764,5.138776899742651,33,8132.773011074161,2466.8667592984048,1.6448624856986525,-2.281951629308695,7177.256731540391,0.5126515348775342,0.14042964072529424,0.9357235110963904,0.757608304861987,1.0,0.20560781071233156,0.8129601009415814,0.7857142857142857,0.0,0.06760139237790208,0.0,astern_vae,astern,False,0.0475555956363678,2.0589871406555176,2.4549319744110107,1.1555603742599487,vae_candidate_pool_v1,belief_limited_heuristic_v1,907
VAE000498,vae_candidate_000498,0.5981216777787718,-165.1094970703125,-6437.50341796875,6513.8432153072035,1.5449515369901823,-0.014942720341461444,5.095660830578361,36,8076.20810947979,2438.773919912078,1.8277780490333555,1.5816983962581495,2526.674628638426,0.3992667471112415,0.040795304915363456,0.9606731442465039,0.9999405730293127,0.6015891972948633,0.22847225612916944,0.9999676952689316,0.8571428571428571,0.0,0.0676408788498859,0.0,starboard_vae,starboard,False,0.08677046000957489,0.7851470708847046,2.589548110961914,1.6301013231277466,vae_candidate_pool_v1,belief_limited_heuristic_v1,908
VAE000791,vae_candidate_000791,0.5981113051618564,4546.50830078125,-4309.99951171875,6220.365940856173,2.3444166516937828,-0.02010830238088944,4.764281819141448,37,8287.209276337011,2488.8639993997185,1.7938753081578773,0.7770676995151214,7653.725011229168,0.22806867019779498,0.06335406275694971,0.9870524393064413,0.7011917865437355,1.0,0.22423441351973467,0.9961908460410548,0.8809523809523809,0.0,0.06697518958266142,0.0,ahead_vae,ahead,False,0.09265754371881485,1.248321533203125,1.5092363357543945,1.1808263063430786,vae_candidate_pool_v1,belief_limited_heuristic_v1,909
VAE000448,vae_candidate_000448,0.5980181437360786,225.06622314453125,6354.568359375,6284.363894972436,-1.6142158676786904,-0.010516876510750714,5.389284027205551,39,8166.40428079586,2320.803476056898,2.0577630506353155,-1.5378936624218533,2588.1953361636,0.2585418277730467,0.057715622664705354,0.9833819091607576,0.9994587561697729,0.6162369848008572,0.25722038132941444,0.788372860109321,0.9285714285714286,0.0,0.0695380079512447,0.0,port_vae,port,False,0.0447126179933548,1.0283184051513672,2.9458038806915283,1.8840354681015015,vae_candidate_pool_v1,belief_limited_heuristic_v1,910
VAE000813,vae_candidate_000813,0.5978017513638479,-808.7463989257812,-6454.9794921875,6478.358144852637,1.4630524174119033,-0.030695295547121585,5.182489724687536,34,8284.845490641159,2420.403551797821,1.6955348554460166,1.6478449406307683,3050.9272252250057,0.5267688493197068,0.043099866491392656,0.9322180090392087,0.9970332236749585,0.7264112441011918,0.21194185693075207,0.9684302796355237,0.8095238095238095,0.0,0.06786908073364747,0.0,starboard_vae,starboard,False,0.07163655757904053,0.7895225286483765,2.4479897022247314,1.6157604455947876,vae_candidate_pool_v1,belief_limited_heuristic_v1,911
VAE001188,vae_candidate_001188,0.5973789612773496,-359.43212890625,-6767.9091796875,6680.745877190134,1.5234384359391342,0.06583674246543933,4.616056715547021,36,8406.813594968959,2447.012579555842,1.7499872354704742,1.6839909601160985,3380.927819488791,0.3896058980213657,0.03130296106512336,0.9625294105166653,0.9936003251397781,0.8049828141639979,0.21874840443380927,0.7880915525814249,0.8571428571428571,0.0,0.06737765966220126,0.0,starboard_vae,starboard,False,0.04468069598078728,2.058464527130127,1.9383339881896973,1.830931544303894,vae_candidate_pool_v1,belief_limited_heuristic_v1,912
VAE000385,vae_candidate_000385,0.5971443916975185,3941.6884765625,-5124.8798828125,6614.20360153903,2.264898386872475,-0.07456939854362438,4.732332717402963,41,8314.06027949935,2571.395676725465,1.9177932175731691,0.8021248681736941,7628.184399801198,0.06532553981331767,0.03483315442553595,0.9989335228023517,0.7188348802445973,1.0,0.23972415219664614,0.9371380838194887,0.9761904761904762,0.0,0.06571754204452078,0.0,ahead_vae,ahead,False,0.06503069400787354,2.290457248687744,1.9202916622161865,1.7077370882034302,vae_candidate_pool_v1,belief_limited_heuristic_v1,913
VAE000957,vae_candidate_000957,0.5968998043479827,3719.6806640625,-7091.77294921875,7913.930596340051,2.0518565446312413,0.023518320506175087,5.452929116294374,36,8321.632833815103,2392.0339904885423,1.808533693294757,1.1132544294647275,5822.024771707057,0.309255443337924,0.003191257044113889,0.9762802196674036,0.8971410593599336,1.0,0.22606671166184464,0.8155042976545983,0.8571428571428571,0.0,0.06792106473158899,0.0,starboard_vae,starboard,False,0.047856345772743225,1.8177647590637207,2.9359734058380127,1.6912437677383423,vae_candidate_pool_v1,belief_limited_heuristic_v1,914
VAE000978,vae_candidate_000978,0.5968722637280214,4004.5556640625,5905.87158203125,7218.824956749426,-2.196751223296083,0.005002206548567671,4.934624740637597,35,8287.269414164837,2543.7478295846886,1.660284565570207,-0.9398392237451426,6942.791115305538,0.05844796114618812,0.01240547953013336,0.9991462020604791,0.8074632660584122,1.0,0.20753557069627587,0.9360718979186461,0.8333333333333334,0.0,0.06590789989984419,0.0,ahead_vae,ahead,False,0.06483660638332367,2.132129430770874,1.5095913410186768,1.6551897525787354,vae_candidate_pool_v1,belief_limited_heuristic_v1,915
VAE000765,vae_candidate_000765,0.5961056535011712,4100.2275390625,-9288.5986328125,10099.76554393777,1.9964755685899198,-0.04914030690044587,4.702290378331865,34,8297.369731563618,2540.1770201679233,1.6131490305413163,1.0959767780994272,6052.545147443769,0.06064332022042196,1.3575321877155884e-05,0.9990808786609582,0.8893752344632516,1.0,0.20164362881766454,0.8070859631659946,0.8095238095238095,0.0,0.06549569635461075,0.0,starboard_vae,starboard,False,0.12766669690608978,2.188713550567627,1.5053859949111938,1.5395129919052124,vae_candidate_pool_v1,belief_limited_heuristic_v1,916
VAE000387,vae_candidate_000387,0.5959819484977011,391.2540283203125,5806.47900390625,5947.424552241366,-1.5984292160017697,-0.018360740523272835,5.009390790688274,29,8184.988133225081,2439.470308352,1.4523938700552903,-1.5615241781112963,2515.256784631306,0.3454132472582314,0.09265524235224075,0.9704678067027989,0.999957013937365,0.5988706630074537,0.1815492337569113,0.8987445169619874,0.6904761904761905,0.0,0.0678229824853319,0.0,port_vae,port,False,0.0587533600628376,0.6883403062820435,2.4566006660461426,1.1907546520233154,vae_candidate_pool_v1,belief_limited_heuristic_v1,917
VAE000263,vae_candidate_000263,0.5956853319775516,-861.4965209960938,6643.3408203125,6639.827211751179,-1.4385035183064703,0.047973151151768464,4.927384263215013,33,8167.788310185765,2600.2235887660154,1.5538130789597766,-1.6551159841315544,3278.8748317294903,0.1466614457440003,0.03343556516804239,0.9946322369668759,0.9964472034159518,0.7806844837451168,0.19422663486997208,0.7439535520338568,0.7857142857142857,0.0,0.06538252092461441,0.0,port_vae,port,False,0.03980628773570061,2.1788854598999023,2.5600075721740723,1.2060742378234863,vae_candidate_pool_v1,belief_limited_heuristic_v1,918
VAE001006,vae_candidate_001006,0.5955144003663898,4078.292236328125,-5367.7509765625,6803.401619529953,2.1981998603027812,-0.012887812989353313,4.9688702479724585,34,8132.272945997485,2411.8380677523523,1.733479957929894,0.9305049802976593,6792.561901122071,0.08280759323872067,0.025594029283834568,0.9982867049805049,0.8019217330446878,1.0,0.21668499474123676,0.9004268707261306,0.8095238095238095,0.0,0.06793376950940845,0.0,ahead_vae,ahead,False,0.11552871763706207,1.6898781061172485,2.9067962169647217,1.7966620922088623,vae_candidate_pool_v1,belief_limited_heuristic_v1,919
VAE000475,vae_candidate_000475,0.5944836891127661,7.638519287109375,-5960.44482421875,6047.798785621618,1.543151363646414,-0.08264832003813936,4.8871430256391255,33,8126.314650749989,2345.451282744595,1.7313859503005484,1.5157929699052402,2788.6534908478884,0.452566701427608,0.08083103220749245,0.949663855434863,0.9984876966961111,0.6639651168685449,0.21642324378756855,0.8248635849288997,0.7857142857142857,0.0,0.06923906026045545,0.0,starboard_vae,starboard,False,0.04897475242614746,1.1566085815429688,1.9785799980163574,1.4996503591537476,vae_candidate_pool_v1,belief_limited_heuristic_v1,920
VAE000304,vae_candidate_000304,0.5943293620504517,-471.48052978515625,-514.0552368164062,813.8000077540612,0.7939865672809294,0.01330366614695931,5.2154623491230865,38,8404.526707684669,2485.4361401153587,1.819146712760738,2.360909752455824,7720.016295554213,1.7320249891841937,0.6214995349307767,0.41973447245621626,0.7037647388353743,1.0,0.22739333909509224,0.9011844483057221,0.9047619047619048,1.0,0.11826401378264283,0.11826401378264283,inside_convoy_envelope,inside,True,0.059117741882801056,1.4616875648498535,2.949995279312134,1.4225560426712036,vae_candidate_pool_v1,belief_limited_heuristic_v1,921
VAE000399,vae_candidate_000399,0.5939731695913569,704.4091186523438,-7099.0185546875,7182.069869876648,1.6982684992884567,0.0026239449629560847,4.8023854609503545,36,8183.807317340901,2410.0615888456173,1.8252357398167667,1.4459480992642926,3410.3846605073622,0.4851287587250104,0.013261241299537969,0.9423074566906569,0.9922165779938352,0.8119963477398482,0.22815446747709583,0.8619896992140853,0.8571428571428571,0.0,0.06784212209943907,0.0,starboard_vae,starboard,False,0.05363636836409569,1.125998616218567,1.9691258668899536,1.4444904327392578,vae_candidate_pool_v1,belief_limited_heuristic_v1,922
VAE000355,vae_candidate_000355,0.5936679691292787,157.5611572265625,6349.04296875,6380.997220705912,-1.5867209547629526,0.009829267959558694,4.952013372828416,37,8276.39967708063,2492.9313632127546,1.7932876084963643,-1.5450424308672819,2705.230648493797,0.3505471038312764,0.04999135099230235,0.9695924857824019,0.9996683867517868,0.644102535355666,0.22416095106204553,0.8159988099106887,0.8809523809523809,0.0,0.06685996091969697,0.0,port_vae,port,False,0.047914959490299225,1.621976613998413,1.4926283359527588,1.6313495635986328,vae_candidate_pool_v1,belief_limited_heuristic_v1,923
VAE000746,vae_candidate_000746,0.5936261387125816,-360.6087646484375,-6540.7470703125,6579.128295765923,1.5372631373363432,-0.020392289089085622,5.009021590259665,35,8251.176279388324,2357.754821193086,1.7990926828203277,1.5839372271643646,2465.97601655696,0.39939271957518274,0.03682664276939744,0.9606486551429425,0.9999136596112123,0.5871371467992762,0.22488658535254097,0.9999983138123546,0.8333333333333334,0.0,0.06881227859663573,0.0,starboard_vae,starboard,False,0.08715314418077469,1.480034351348877,1.527371883392334,1.1259846687316895,vae_candidate_pool_v1,belief_limited_heuristic_v1,924
VAE000519,vae_candidate_000519,0.5935501952527954,547.0360717773438,8112.6162109375,8216.039121846212,-1.670029003499449,-0.025179109919549834,5.483032619017935,37,8204.041109273192,2413.1597480758787,1.868907571903168,-1.496742760009894,3013.5293461312303,0.18083602419750866,0.0016709086055958398,0.9918468379640049,0.9972592874565297,0.7175069871741024,0.233613446487896,0.8374814173986846,0.8809523809523809,0.0,0.06757360740999052,0.0,port_vae,port,False,0.12401758134365082,1.4734516143798828,2.9916183948516846,1.1090171337127686,vae_candidate_pool_v1,belief_limited_heuristic_v1,925
VAE000878,vae_candidate_000878,0.5933485008011155,-4391.96484375,2675.04736328125,5175.755814934625,-0.5238762424573216,-0.046743188139238105,5.800811639084793,32,8338.696270317958,2528.654146263388,1.5176177231112475,-2.66445959927171,8568.635162240025,0.1927650768237118,0.23305337422545608,0.9907391362006934,0.4592343149939445,1.0,0.18970221538890594,0.9382195074354052,0.7619047619047619,0.0,0.06696867034540496,0.0,astern_vae,astern,False,0.06522907316684723,1.8426001071929932,2.8716001510620117,1.8634527921676636,vae_candidate_pool_v1,belief_limited_heuristic_v1,926
VAE000321,vae_candidate_000321,0.5932603003521373,708.4187622070312,6698.087890625,6641.245558317578,-1.6294629832059326,-0.04471190027351175,5.032139124991947,36,8247.107895560726,2662.091463752909,1.6397508003182388,-1.5568415706573722,2776.9149108075,0.35578864769037066,0.03335962134371098,0.9686860354586544,0.9999026339706361,0.6611702168589285,0.20496885003977985,0.8759480974448056,0.8571428571428571,0.0,0.06460725862049238,0.0,port_vae,port,False,0.055507171899080276,2.1941308975219727,2.9647457599639893,1.082334041595459,vae_candidate_pool_v1,belief_limited_heuristic_v1,927
VAE000390,vae_candidate_000390,0.5929275473836917,-594.4612426757812,-7119.908203125,7118.939249910743,1.5084738633294468,-0.006498534807700666,5.701107779371255,33,8221.90309797101,2437.600194469709,1.6465658735970907,1.6266202554526459,2892.543602822103,0.38964535725057226,0.014853420930905914,0.9625219163778683,0.9984422490940065,0.6887008578147864,0.20582073419963634,0.9848273084499873,0.7857142857142857,0.0,0.06743651371530272,0.0,starboard_vae,starboard,False,0.0980568379163742,0.7654968500137329,2.5037848949432373,1.6477876901626587,vae_candidate_pool_v1,belief_limited_heuristic_v1,928
VAE001003,vae_candidate_001003,0.5927649927480451,-4536.16064453125,1120.673583984375,4571.625691249532,-0.23807579874159712,0.003733927061220591,5.171232905991744,33,8373.528737038487,2352.807846271432,1.6750160197473922,-2.8997829277869753,8693.314615175075,0.08352746010230469,0.41004618829666867,0.9982568047049233,0.23946009161323495,1.0,0.20937700246842403,0.7203116279256563,0.7857142857142857,0.0,0.0700009944373593,0.0,astern_vae,astern,False,0.03728240355849266,0.9800234436988831,1.9132623672485352,1.4467582702636719,vae_candidate_pool_v1,belief_limited_heuristic_v1,929
VAE000386,vae_candidate_000386,0.5924457595582084,-4088.1484375,-5071.7255859375,6639.756945180123,0.88636453705987,0.05273386877469562,5.530590428766689,37,8354.5692873984,2301.775009332261,1.9240430647546716,2.307961985304619,7320.056462786785,0.3512983477454581,0.0334393313454209,0.9694633603119103,0.7403767521364982,1.0,0.24050538309433395,0.9997824479681707,0.8809523809523809,0.0,0.06968758116149122,0.0,astern_vae,astern,False,0.08855368196964264,1.4215606451034546,2.933790683746338,1.242506504058838,vae_candidate_pool_v1,belief_limited_heuristic_v1,930
VAE001042,vae_candidate_001042,0.5923304228022473,-238.93634033203125,6688.64306640625,6608.994357127815,-1.5723536065783181,-0.050347398493272646,5.363102699565763,35,8222.963024500556,2571.907966080935,1.654947736849023,-1.6195864455047477,2969.887577945058,0.5298117884287535,0.03512328351302186,0.9314511012284004,0.9988099982504249,0.7071160899869187,0.20686846710612788,0.932604141364374,0.8333333333333334,0.0,0.06573721686711193,0.0,port_vae,port,False,0.06421515345573425,0.7514979243278503,2.4137120246887207,1.763224720954895,vae_candidate_pool_v1,belief_limited_heuristic_v1,931
VAE000066,vae_candidate_000066,0.5920367845795408,-1126.17626953125,6995.38916015625,7072.292233173708,-1.4175017974380426,-0.011798947183403612,4.703601917015163,36,8181.997712646711,2257.334718641431,1.9491586330079231,-1.7358898033351542,3571.308360218657,0.486811930223318,0.01613582124885753,0.9419143801600304,0.9864029972971453,0.8503115143377755,0.2436448291259904,0.7909194776106641,0.8571428571428571,0.0,0.0703798373874365,0.0,port_vae,port,False,0.045002177357673645,0.7380946278572083,2.9732208251953125,1.9687724113464355,vae_candidate_pool_v1,belief_limited_heuristic_v1,932
VAE000698,vae_candidate_000698,0.5914775405810258,391.7092590332031,-6564.88330078125,6555.974485012864,1.643831055856125,0.036187145250964524,4.802971660616522,35,8183.3226995973155,2604.443680882031,1.6421899741822457,1.533948742984632,2904.14323539226,0.4900659103340414,0.03819495726958705,0.9411509187920716,0.9993212045914442,0.6914626750933952,0.2052737467727807,0.8994602753096845,0.8333333333333334,0.0,0.0653540068893803,0.0,starboard_vae,starboard,False,0.058859869837760925,0.7751871347427368,2.94960880279541,1.556437611579895,vae_candidate_pool_v1,belief_limited_heuristic_v1,933
VAE001141,vae_candidate_001141,0.5912955766780528,-375.5247802734375,-8660.0263671875,8576.815052888487,1.4914234070741093,-0.031800115867379644,4.511037959373347,40,8211.761982826685,2348.106282350602,2.0744639302732413,1.6183691306483052,2735.95890459892,0.21783289430695563,0.0007374622263831876,0.988184042021665,0.9988686275650798,0.6514187868092667,0.25930799128415516,0.8398563802572689,0.9523809523809523,0.0,0.06853480327777915,0.0,starboard_vae,starboard,False,0.12372300028800964,1.3526197671890259,1.510323405265808,1.6328524351119995,vae_candidate_pool_v1,belief_limited_heuristic_v1,934
VAE000076,vae_candidate_000076,0.5902584711420723,3658.356689453125,5959.78564453125,7075.208573577979,-2.1317102477665544,0.04868785633952755,4.853492587133002,33,8048.46062777249,2608.866424706373,1.5716262444133144,-0.9611945494837112,6747.020976754161,0.11048394538970953,0.01605288381327603,0.9969514274311864,0.8198760816693184,1.0,0.1964532805516643,0.8546352782688877,0.7857142857142857,0.0,0.0651762784906124,0.0,ahead_vae,ahead,False,0.05267981439828873,1.8722573518753052,1.9805443286895752,1.9208245277404785,vae_candidate_pool_v1,belief_limited_heuristic_v1,935
VAE000415,vae_candidate_000415,0.590009048123626,-3716.20703125,-6162.43408203125,7051.018288095127,1.0640780840070474,0.06380260387419619,4.87322805073434,36,8175.2909501127115,2481.1328088991477,1.7747993928198087,2.1413171734569425,6503.403768712558,0.49254008239338365,0.016752303753191224,0.9405672924753665,0.8416197954276907,1.0,0.2218499241024761,0.909535559973383,0.8571428571428571,0.0,0.06683953918740126,0.0,astern_vae,astern,False,0.06039445847272873,0.9423654675483704,3.0033862590789795,1.7076267004013062,vae_candidate_pool_v1,belief_limited_heuristic_v1,936
VAE000856,vae_candidate_000856,0.5899756987236636,168.51974487304688,-6709.412109375,6741.128419820264,1.6467500047813892,-0.02104279349105894,5.575738762337593,36,8249.430413930408,2471.670151889955,1.7655825352608834,1.4737998553173448,3258.9636688807777,0.5250285466961397,0.028369044725689713,0.9326548166475077,0.9952995292873332,0.7759437306858995,0.22069781690761042,0.825486927719285,0.8571428571428571,0.0,0.06704400939420986,0.0,starboard_vae,starboard,False,0.049049943685531616,1.1868441104888916,1.4874861240386963,1.059985637664795,vae_candidate_pool_v1,belief_limited_heuristic_v1,937
VAE000667,vae_candidate_000667,0.5889063254053408,-283.99285888671875,-855.297607421875,934.2721677451186,1.2354913509898005,-0.02457221421892132,4.45165503478986,34,8125.465657797636,2327.055762074373,1.7981415138444605,1.8815290883810711,4700.025577161228,2.291011069193236,0.6662323209670603,0.17022694933396848,0.9521097789826369,1.0,0.22476768923055757,0.8406339685573261,0.8095238095238095,1.0,0.10951177878388567,0.10951177878388567,inside_convoy_envelope,inside,True,0.0509067103266716,1.700608253479004,2.929267168045044,1.0540194511413574,vae_candidate_pool_v1,belief_limited_heuristic_v1,938
VAE000471,vae_candidate_000471,0.5889020235160574,-377.8148193359375,6053.4453125,6006.121953957098,-1.4884310159590968,0.05888417021597988,4.661004183607302,38,8201.978453945649,2344.0844546266226,1.976476785621534,-1.5942774674147164,2536.0123743637773,0.617333742169549,0.0855850290950737,0.9077123757362316,0.9997243306841226,0.6038124700866137,0.24705959820269174,0.8344021110611272,0.9047619047619048,0.0,0.06925862262325068,0.0,port_vae,port,False,0.05013564974069595,1.3391618728637695,2.9272074699401855,1.212732195854187,vae_candidate_pool_v1,belief_limited_heuristic_v1,939
VAE000946,vae_candidate_000946,0.5875026182286427,-285.83392333984375,958.4014282226562,874.7690837398605,-1.3002811258025002,0.028363095981816536,5.135554005648152,35,8337.188731968663,2329.4396451106504,1.802174950728697,-1.8129484318054763,4260.671590898688,2.246010547991998,0.6441911364917573,0.18746772681720825,0.9708241648313218,1.0,0.22527186884108713,0.8364458050571764,0.8333333333333334,1.0,0.11406669816395618,0.11406669816395618,inside_convoy_envelope,inside,True,0.050387367606163025,1.4543977975845337,2.9581708908081055,1.450049638748169,vae_candidate_pool_v1,belief_limited_heuristic_v1,940
VAE000550,vae_candidate_000550,0.586976014464589,-433.860595703125,-811.1310424804688,982.3112227862022,1.0369887693482982,0.01605024069242715,4.762425677014955,38,8214.820082425433,2384.3893396126773,1.940029657087335,2.1206541249339224,6325.713200627761,2.250114417561341,0.6839077596467398,0.18586867807577584,0.8525988405363101,1.0,0.24250370713591687,0.8184325179672715,0.9047619047619048,1.0,0.1056579194844944,0.1056579194844944,inside_convoy_envelope,inside,True,0.04820418357849121,2.1118276119232178,2.0975239276885986,1.1664334535598755,vae_candidate_pool_v1,belief_limited_heuristic_v1,941
VAE000277,vae_candidate_000277,0.5869131434946107,-2607.943115234375,-7396.47607421875,7889.299602753983,1.2839959810953034,-0.0035519085841661455,5.638397337513065,36,8249.377506604129,2398.1307873557043,1.8197362980351721,1.8540447639103237,4608.075580439472,0.5881868806039162,0.003359014086105219,0.915974030845855,0.9601526452545777,1.0,0.22746703725439651,0.7276498083426486,0.8571428571428571,0.0,0.0678503554640356,0.0,starboard_vae,starboard,False,0.03806060552597046,1.2307956218719482,1.527051329612732,1.1661186218261719,vae_candidate_pool_v1,belief_limited_heuristic_v1,942
VAE000889,vae_candidate_000889,0.5865478451141597,129.1820068359375,6826.06982421875,6883.181921169743,-1.6135341563305199,0.01809192419985147,4.79577393329293,35,8254.055628657341,2523.2007063296205,1.6805400051789292,-1.5099665730594218,3020.3164809636714,0.45756272060213443,0.02238380001190835,0.9485659303031267,0.9981504409563884,0.719122971658017,0.21006750064736615,0.8428228301220971,0.8333333333333334,0.0,0.06628489377675714,0.0,port_vae,port,False,0.05118006467819214,2.026949882507324,2.368272304534912,1.3511974811553955,vae_candidate_pool_v1,belief_limited_heuristic_v1,943
VAE000289,vae_candidate_000289,0.5863424100054196,-38.169097900390625,-6359.47802734375,6229.600322205881,1.5206733819255611,-0.02589894169911772,4.671924976079373,35,8230.490284692522,2196.0568694165536,1.9364164139503894,1.595020329965115,2394.7684996073203,0.3901522741296979,0.06251365594356394,0.9624255781371898,0.9997066131822979,0.570182976096981,0.24205205174379868,0.826797351984601,0.8333333333333334,0.0,0.07175260560167855,0.0,starboard_vae,starboard,False,0.04920831322669983,2.2711400985717773,1.5001248121261597,1.7570170164108276,vae_candidate_pool_v1,belief_limited_heuristic_v1,944
VAE000412,vae_candidate_000412,0.5856328481285267,3646.365234375,6132.701171875,6987.690926004701,-2.0341273856889095,-0.029065657794402146,5.012324917618602,37,8261.785369914105,2377.4063718492835,1.8837548926589882,-1.1365309256952858,5632.831469506261,0.5733010196865314,0.01871141420106977,0.9200575277004931,0.9071793651993073,1.0,0.23546936158237353,0.7414321063680991,0.8809523809523809,0.0,0.06837631823891706,0.0,ahead_vae,ahead,False,0.039534684270620346,2.086515426635742,2.945038318634033,1.238731861114502,vae_candidate_pool_v1,belief_limited_heuristic_v1,945
VAE000363,vae_candidate_000363,0.5853525944656336,-2654.8369140625,-8472.4462890625,8851.141867057217,1.28801990559025,-0.0019229996524544447,4.996264277439583,35,8208.305207469683,2635.3215826826136,1.6180089858461577,1.8516497483470886,4807.210696139646,0.5642374485193161,0.0003831241417966103,0.9224983184746889,0.9608192404909079,1.0,0.2022511232307697,0.7202902815908926,0.8333333333333334,0.0,0.06444820091224558,0.0,starboard_vae,starboard,False,0.03728014603257179,0.7256894707679749,2.878044605255127,1.3653910160064697,vae_candidate_pool_v1,belief_limited_heuristic_v1,946
VAE001059,vae_candidate_001059,0.5853488919808663,859.0826416015625,-849.3924560546875,1074.2189815934157,2.3283394802342827,0.08122748786378486,4.969232958143295,37,8138.471058148713,2590.8873914196265,1.7547302506427858,0.8944806612192961,7114.655679730022,2.340346295692405,0.7172953889660734,0.1520939569926542,0.7798841197893679,1.0,0.21934128133034822,0.9098986635088852,0.8809523809523809,1.0,0.09844973967247592,0.09844973967247592,inside_convoy_envelope,inside,True,0.06045107543468475,2.250662088394165,1.5157214403152466,1.9245245456695557,vae_candidate_pool_v1,belief_limited_heuristic_v1,947
VAE000656,vae_candidate_000656,0.5845256273019387,367.591796875,330.86016845703125,517.5173596163785,-2.4076198473318904,0.08433901356073617,5.6085314156117825,33,8161.58344823611,2562.7068107222713,1.5777587280950816,-0.6496337926971666,8049.280827589565,0.9842881030440791,0.5117626639517749,0.7767280890841017,0.6048948334617548,1.0,0.1972198410118852,0.8741046412202386,0.7857142857142857,1.0,0.16759779677294198,0.16759779677294198,inside_convoy_envelope,inside,True,0.05525558441877365,2.1488122940063477,1.504384160041809,1.037827491760254,vae_candidate_pool_v1,belief_limited_heuristic_v1,948
VAE000692,vae_candidate_000692,0.5842623879120883,541.844482421875,-8894.19140625,8847.80808091295,1.63188103518933,-0.03754486866980455,4.61550391093251,38,8146.3187428131705,2484.2509791718367,1.8777022562756678,1.4721667497306588,3274.3435748978536,0.5222040397840517,0.000386251245793588,0.9333609645655964,0.9951400449010009,0.7796056130709176,0.23471278203445847,0.8080500156234027,0.9047619047619048,0.0,0.06645108450584107,0.0,starboard_vae,starboard,False,0.0469788983464241,1.1099088191986084,2.9916844367980957,1.9081904888153076,vae_candidate_pool_v1,belief_limited_heuristic_v1,949
VAE000491,vae_candidate_000491,0.5836144473218238,209.48512268066406,6536.32373046875,6622.951538941543,-1.6126693704497606,0.017296760605800175,5.296368336483047,33,8292.830076192118,2308.8205712964204,1.7235385039574649,-1.5116265225342325,2795.17894638208,0.3856982862780449,0.034350526272077325,0.9632679794737682,0.9982499777998318,0.6655187967576381,0.2154423129946831,0.823471110471276,0.7857142857142857,0.0,0.06958933241794685,0.0,port_vae,port,False,0.048807110637426376,1.3662664890289307,2.8634142875671387,1.8219127655029297,vae_candidate_pool_v1,belief_limited_heuristic_v1,950
VAE000871,vae_candidate_000871,0.583571176838239,-1126.99365234375,8174.13671875,8230.5800334084,-1.4680915858278447,0.01927506836472004,5.071225332896096,30,8206.143182406335,2615.472824452638,1.3977578900210879,-1.6542259993972284,3290.2174699501084,0.53107845074133,0.0016182638164476803,0.9311306880337156,0.996521763092388,0.783385111892883,0.17471973625263598,0.9579310991291331,0.7142857142857143,0.0,0.06479214618001713,0.0,port_vae,port,False,0.06917483359575272,1.3989804983139038,2.921612024307251,1.6350668668746948,vae_candidate_pool_v1,belief_limited_heuristic_v1,951
VAE000300,vae_candidate_000300,0.583373410907529,-344.44183349609375,-917.989990234375,890.4917161265081,1.1965555229703484,-0.005565398577639826,5.163272415732798,30,8270.513439675928,2512.746599323386,1.4435774491372397,1.9394717320418053,5324.432851770598,2.2117781958784923,0.6500278150715194,0.2010086468027777,0.9328055214618424,1.0,0.18044718114215497,0.8957087604963708,0.7142857142857143,1.0,0.11112041706238765,0.11112041706238765,inside_convoy_envelope,inside,True,0.0583050437271595,0.9395323395729065,1.952144742012024,1.6035906076431274,vae_candidate_pool_v1,belief_limited_heuristic_v1,952
VAE000586,vae_candidate_000586,0.5832490575341378,-119.4798583984375,-6328.052734375,6257.692912135504,1.5615527409634715,0.026109508772336677,5.231476529477229,32,8275.352870491408,2332.8301648542083,1.657602275727581,1.6061494213986587,2623.8708775411287,0.4797944765987794,0.060013023197508245,0.9435449052360559,0.9993751444358934,0.6247311613193164,0.20720028446594763,0.8512134555844745,0.7619047619047619,0.0,0.06932172361935096,0.0,starboard_vae,starboard,False,0.052240923047065735,1.7283003330230713,1.492576241493225,1.8810114860534668,vae_candidate_pool_v1,belief_limited_heuristic_v1,953
VAE000717,vae_candidate_000717,0.582721618518682,156.7088623046875,6543.1396484375,6523.065340067206,-1.6201201781262464,0.004186357734409642,4.780365965866813,33,8193.377462598135,2342.2101615981105,1.7195908126726236,-1.517286117729137,2777.077828771913,0.4378785065767863,0.04021369024438734,0.9528266271466392,0.998568670344021,0.6612090068504555,0.21494885158407795,0.8245916403229518,0.7857142857142857,0.0,0.06909601582637959,0.0,port_vae,port,False,0.04894197732210159,2.0103354454040527,2.916245698928833,1.5415053367614746,vae_candidate_pool_v1,belief_limited_heuristic_v1,954
VAE001012,vae_candidate_001012,0.5822181502433562,-606.0159301757812,6860.50341796875,6878.888228533116,-1.4993160647654356,0.06406348153536444,4.620544980526091,33,8162.456260173628,2227.096650067176,1.8153234096057398,-1.5782131072889931,2287.5739869235645,0.3725817196769352,0.022547217285394237,0.9656953249294545,0.9999724958096322,0.5446604730770391,0.22691542620071747,0.9862535583239306,0.7857142857142857,0.0,0.07098305218413628,0.0,port_vae,port,False,0.0975334644317627,0.7562141418457031,2.480508327484131,1.066888689994812,vae_candidate_pool_v1,belief_limited_heuristic_v1,955
VAE000567,vae_candidate_000567,0.5820216921775484,4688.31005859375,-3684.386962890625,5843.6078523511005,2.4866899523387818,-0.046547207290353936,4.434545758437496,36,8320.079962213897,2514.1293024858915,1.7210258389121131,0.608355493960657,8264.238125109157,0.23664619544390098,0.10628085216257824,0.9860648593534798,0.5715187699613121,1.0,0.21512822986401414,0.9508331296748038,0.8571428571428571,0.0,0.06678365037344167,0.0,ahead_vae,ahead,False,0.10686098039150238,2.2250049114227295,1.4891128540039062,1.3567248582839966,vae_candidate_pool_v1,belief_limited_heuristic_v1,956
VAE000808,vae_candidate_000808,0.5805096087915361,4542.63330078125,-3841.590087890625,5996.969230124634,2.4750530162286712,0.009120857765397209,4.891020756623856,33,8349.274320085578,2621.15298479381,1.5079010378315747,0.6756604951265202,8154.191699225978,0.14872977754959882,0.08665832744640682,0.9944800499410595,0.6254128335197573,1.0,0.18848762972894684,0.9205807009259128,0.7857142857142857,0.0,0.06532490257888589,0.0,ahead_vae,ahead,False,0.11236988753080368,2.0360682010650635,1.9326441287994385,1.3716599941253662,vae_candidate_pool_v1,belief_limited_heuristic_v1,957
VAE000829,vae_candidate_000829,0.5798667330795515,-703.8908081054688,-7743.37451171875,7722.979855127572,1.4962563931086792,-0.08346905943735526,5.359134962332358,34,8274.326756447672,2392.646532375653,1.7173851567864196,1.561867201043759,2466.4326733604094,0.38576467314503304,0.004718967189508735,0.9632554908769133,0.9999601356215244,0.5872458746096213,0.21467314459830245,0.9604437302971723,0.8095238095238095,0.0,0.06796141652126368,0.0,starboard_vae,starboard,False,0.1047980934381485,0.9628832936286926,2.5371155738830566,1.6972800493240356,vae_candidate_pool_v1,belief_limited_heuristic_v1,958
VAE001162,vae_candidate_001162,0.5793673900774863,65.36532592773438,-8422.9267578125,8580.758347338677,1.5606151833288031,-0.02830212963072448,4.926564021867929,35,8267.486722472091,2651.867483344754,1.5964036795671124,1.5526753406302654,2801.2389117304556,0.14260931855680317,0.0007307001858654114,0.9949242566124774,0.999835819422951,0.6669616456501085,0.19955045994588905,0.7569968260558556,0.8333333333333334,0.0,0.06427199592502064,0.0,starboard_vae,starboard,False,0.041221827268600464,2.4098165035247803,2.480297565460205,1.4304838180541992,vae_candidate_pool_v1,belief_limited_heuristic_v1,959
VAE001117,vae_candidate_001117,0.5787646913844101,-318.44134521484375,794.6414794921875,848.4955752328568,-1.1821919038862054,0.040125969281099926,4.880235131188481,35,8378.590037489876,2415.5255520420983,1.7293602304282323,-1.9192747804224877,5131.357748564559,2.3420921040464533,0.6344220652411281,0.15146754686877473,0.9398933601888544,1.0,0.21617002880352904,0.962324808660842,0.8333333333333334,1.0,0.11554213949458447,0.11554213949458447,inside_convoy_envelope,inside,True,0.07016507536172867,2.278167724609375,2.4903974533081055,1.217283844947815,vae_candidate_pool_v1,belief_limited_heuristic_v1,960
VAE000571,vae_candidate_000571,0.5771809076377186,-505.24346923828125,1052.81787109375,1180.3710280417347,-1.1091675730018373,-0.04012421871426347,4.571569971254769,35,8194.641858219708,2510.1793206192074,1.701505350706822,-2.0725492993022194,6142.097612444362,2.775866618613849,0.7548849323614186,0.033067821342902426,0.8767407941653981,1.0,0.21268816883835276,0.8045783608459188,0.8333333333333334,1.0,0.09422185642257178,0.09422185642257178,inside_convoy_envelope,inside,True,0.04657399654388428,2.24507474899292,1.9856188297271729,1.8274179697036743,vae_candidate_pool_v1,belief_limited_heuristic_v1,961
VAE000378,vae_candidate_000378,0.5763480004900099,62.659210205078125,6520.34228515625,6486.413830073789,-1.5908388571901984,-0.012762301621316759,4.816958351055283,34,8220.515419842155,2340.1770234705236,1.7673849713390037,-1.5635160980209115,2399.961711257992,0.461521575628171,0.0425673050570133,0.9476879799498419,0.9999734992515483,0.5714194550614267,0.22092312141737547,0.8406462288581352,0.8095238095238095,0.0,0.06913425391581443,0.0,port_vae,port,False,0.05090823769569397,1.3254622220993042,1.4722421169281006,1.1553770303726196,vae_candidate_pool_v1,belief_limited_heuristic_v1,962
VAE000323,vae_candidate_000323,0.5758263180263954,-2852.273193359375,7168.451171875,7723.923064473473,-1.2038344423771954,0.0007337038673271201,4.827509041406168,35,8301.116929774327,2161.0981095703773,1.9509989224127215,-1.9370245073452705,4990.383389119448,0.6864324488518716,0.004710017447433158,0.8867559905770334,0.9336846585650626,1.0,0.2438748653015902,0.7499351606483212,0.8333333333333334,0.0,0.07201166736479264,0.0,port_vae,port,False,0.04045318812131882,2.2578465938568115,1.46299147605896,1.046848177909851,vae_candidate_pool_v1,belief_limited_heuristic_v1,963
VAE000755,vae_candidate_000755,0.5757498596367379,4484.0400390625,-7173.41162109375,8322.809695309408,2.136784161471953,-0.09694779992977495,5.05725518164098,37,8366.225643793705,2737.957180497569,1.6152713815803712,0.9078606921880656,7306.881727624469,0.1143101481244968,0.0013184236424010033,0.9967368530750171,0.7881889429793562,1.0,0.2019089226975464,0.7279409883293844,0.8809523809523809,0.0,0.063294413237339,0.0,ahead_vae,ahead,False,0.13644134998321533,2.35772705078125,2.9049763679504395,1.332004427909851,vae_candidate_pool_v1,belief_limited_heuristic_v1,964
VAE000729,vae_candidate_000729,0.5754184015030868,-4754.330078125,4673.97265625,6690.530990833778,-0.7380046016394792,0.050685546435839494,4.955603872775779,33,8375.50408166554,2485.780873102502,1.5850396961019804,-2.3529025055144746,7666.336646022855,0.3967873125330975,0.030810578224739375,0.9611536589905754,0.7094307301590987,1.0,0.19812996201274755,0.9754469488007484,0.7857142857142857,0.0,0.0668278545182211,0.0,astern_vae,astern,False,0.07350724935531616,0.8515233397483826,2.4103167057037354,1.3007441759109497,vae_candidate_pool_v1,belief_limited_heuristic_v1,965
VAE000486,vae_candidate_000486,0.5753825616650293,-89.45196533203125,-7134.8525390625,7098.377265215893,1.5713330934354248,-0.04186966076047974,5.392666590097847,35,8275.658133256175,2345.8388269876773,1.8028821233085117,1.5283898993938891,2694.565798203173,0.5121695376035049,0.015407199143477712,0.9358416678127208,0.999100982195347,0.6415632852864698,0.22536026541356396,0.8602274378769424,0.8333333333333334,0.0,0.06884623986470842,0.0,starboard_vae,starboard,False,0.05340544879436493,1.468018889427185,1.5273840427398682,1.918413758277893,vae_candidate_pool_v1,belief_limited_heuristic_v1,966
VAE000671,vae_candidate_000671,0.5753491889584132,5125.3857421875,4945.115234375,7121.016575321031,-2.3919482659137503,-0.06173838280804614,4.869590324588393,37,8461.359499107475,2202.01273013479,1.985828555159505,-0.811382770484089,7422.601786459147,0.3381311483256045,0.014798461705520996,0.9716881283705001,0.7252398997101619,1.0,0.24822856939493812,0.883719050844095,0.8809523809523809,0.0,0.07131378652224112,0.0,ahead_vae,ahead,False,0.11794854700565338,1.809728980064392,1.4943569898605347,1.2598929405212402,vae_candidate_pool_v1,belief_limited_heuristic_v1,967
VAE000562,vae_candidate_000562,0.5749849285483181,464.83905029296875,-8294.7998046875,8417.138555485859,1.634767150125413,0.019334203511190515,5.101082228377665,36,8358.537312305853,2566.968897210817,1.6778441140704707,1.5261597069755715,2937.385041482436,0.5282330670916391,0.0010655905123443151,0.9318494833414699,0.9990039514815947,0.6993773908291514,0.20973051425880884,0.8324039256350563,0.8571428571428571,0.0,0.06533619389429703,0.0,starboard_vae,starboard,False,0.049890585243701935,0.7792237997055054,2.4828317165374756,1.8526307344436646,vae_candidate_pool_v1,belief_limited_heuristic_v1,968
VAE001063,vae_candidate_001063,0.5749248432797712,-4752.02587890625,2181.776611328125,5298.4966117403,-0.4016284139405327,0.010260989781738021,5.263777411343923,35,8204.95721735653,2629.8720021426343,1.6220233875682566,-2.7297032498675224,8571.590964848107,0.12066921182412067,0.20430441636100807,0.9963641503616592,0.4003414269630156,1.0,0.20275292344603207,0.8694898529497702,0.8333333333333334,0.0,0.06563969746440773,0.0,astern_vae,astern,False,0.054632000625133514,1.6178805828094482,1.519718885421753,1.9397387504577637,vae_candidate_pool_v1,belief_limited_heuristic_v1,969
VAE000288,vae_candidate_000288,0.5716520769179556,210.981201171875,724.5933227539062,675.8901893402971,-1.8976687430688057,-0.0491494440201149,4.556027106342364,34,8123.999506198248,2444.7536321397506,1.7118824068662424,-1.2930733545411024,4578.405284040302,1.968134406834163,0.5701136274974513,0.30651741255688036,0.9616822157809514,1.0,0.2139853008582803,0.7937664590676936,0.8095238095238095,1.0,0.13572209635312554,0.13572209635312554,inside_convoy_envelope,inside,True,0.045327141880989075,1.5983537435531616,1.4970219135284424,1.5879815816879272,vae_candidate_pool_v1,belief_limited_heuristic_v1,970
VAE001041,vae_candidate_001041,0.5714211461789613,-243.65631103515625,1007.3468627929688,929.9898058155702,-1.3662032565987559,0.0696002856684428,4.983990768629544,37,8306.07397126719,2551.534007966597,1.7458405175954703,-1.7057891113225945,3646.1786149907475,2.672842727282511,0.6646508736208527,0.05393313367037028,0.9909023023114145,0.8681377654739875,0.2182300646994338,0.9999503359489925,0.8809523809523809,1.0,0.10773429914876514,0.10773429914876514,inside_convoy_envelope,inside,True,0.08788146078586578,2.12790584564209,2.514594554901123,1.284482479095459,vae_candidate_pool_v1,belief_limited_heuristic_v1,971
VAE001043,vae_candidate_001043,0.57018445024385,218.2997589111328,-937.940185546875,969.8741764848837,1.8231017166498804,-0.03823148358565692,5.052214012240519,34,8290.728409613392,2396.3176638233763,1.711361822361184,1.2802594533542566,4670.9056181458745,2.9184196880561806,0.6793440526140352,0.012399948551120032,0.9580902172663275,1.0,0.213920227795148,0.9991531963810026,0.8095238095238095,1.0,0.10633407776128465,0.10633407776128465,inside_convoy_envelope,inside,True,0.0898064449429512,2.2479407787323,2.405510187149048,1.8336395025253296,vae_candidate_pool_v1,belief_limited_heuristic_v1,972
VAE000303,vae_candidate_000303,0.5697375447891124,221.93321228027344,-6759.03955078125,6824.567701505795,1.5913627374495476,0.017478255674840598,5.23459621391138,32,8280.7161906363,2188.2574880731436,1.765971355601517,1.5677081718150865,2213.8191479974475,0.4614366348359715,0.024705776094557194,0.9477068908695332,0.9999952316531998,0.5270997971422494,0.22074641945018963,0.9214191277504503,0.7619047619047619,0.0,0.07169708839008859,0.0,starboard_vae,starboard,False,0.062301501631736755,2.040576457977295,2.9677975177764893,1.1863385438919067,vae_candidate_pool_v1,belief_limited_heuristic_v1,973
VAE000743,vae_candidate_000743,0.5695779444354442,-117.80560302734375,1022.6235961914062,961.2005777689058,-1.4632000554772582,-0.00036035035084909024,5.529622847906955,37,8299.657764284428,2604.946910384144,1.7113650669208353,-1.678752948463384,3484.0453948367376,2.61277924952373,0.6761559549750734,0.06829683661962338,0.9941783413228531,0.8295346178182709,0.21392063336510442,0.912210486631889,0.8809523809523809,1.0,0.10509221197065097,0.10509221197065097,inside_convoy_envelope,inside,True,0.06081385165452957,1.801370620727539,1.5178732872009277,1.9269675016403198,vae_candidate_pool_v1,belief_limited_heuristic_v1,974
VAE000160,vae_candidate_000160,0.5695604320433747,193.53656005859375,-7613.4306640625,7570.285909053726,1.588855012262528,0.024281778522174752,4.875527300666653,37,8208.980718340808,2535.9279842241426,1.7773606968215225,1.5770194198494407,2586.9638012491955,0.5026919700061538,0.006388339014830029,0.9381443922455359,0.9999806366189077,0.6159437622021894,0.22217008710269032,0.8047619063406377,0.8809523809523809,0.0,0.06594883503909617,0.0,starboard_vae,starboard,False,0.04659534618258476,0.855069100856781,2.501469373703003,1.7820229530334473,vae_candidate_pool_v1,belief_limited_heuristic_v1,975
VAE001052,vae_candidate_001052,0.5675573654711696,-4136.3505859375,-6432.44384765625,7652.218966584023,0.9890558559741001,0.01731091179993742,5.012751075856586,35,8204.60952671721,2233.7907874245197,1.9097109218947108,2.1698477094156305,6471.068064855073,0.5192518306901728,0.005436021844237176,0.9340953436143548,0.8258708731432919,1.0,0.23871386523683885,0.7430435607889717,0.8333333333333334,0.0,0.07066629374772093,0.0,astern_vae,astern,False,0.03970819339156151,1.6347217559814453,1.999969244003296,1.426153540611267,vae_candidate_pool_v1,belief_limited_heuristic_v1,976
VAE000858,vae_candidate_000858,0.5666832604532401,-4615.6943359375,2948.93408203125,5473.288827206025,-0.5618773161645219,-0.0445802021929247,4.959191376138401,35,8145.333675516958,2393.8747595778755,1.7949722494204572,-2.624295539618196,8263.439593170187,0.3225862080247031,0.1677192321487031,0.9742093549802463,0.4945327093629304,1.0,0.22437153117755715,0.7529092637790991,0.8333333333333334,0.0,0.06875444863823119,0.0,astern_vae,astern,False,0.04077623784542084,1.2728692293167114,2.0371923446655273,1.8610115051269531,vae_candidate_pool_v1,belief_limited_heuristic_v1,977
VAE000600,vae_candidate_000600,0.5661552876956282,818.713134765625,-601.83984375,995.1713973808106,2.541870127734631,0.07429115285581006,4.685606030455644,37,8082.626990476892,2485.441174423878,1.8418136980565616,0.6740136787109725,7866.372634638698,2.0902109509943014,0.6886166240712943,0.25181397380299886,0.6241269850068518,1.0,0.2302267122570702,0.8670325905516668,0.8809523809523809,1.0,0.10390572384208645,0.10390572384208645,inside_convoy_envelope,inside,True,0.05430344492197037,2.1015655994415283,1.4919710159301758,1.6437827348709106,vae_candidate_pool_v1,belief_limited_heuristic_v1,978
VAE000425,vae_candidate_000425,0.5655142574549977,-574.7970581054688,6198.775390625,6367.531724908168,-1.5272856726894322,0.027358173201124037,4.5572005024029085,33,8258.970886823012,2519.8123443803797,1.5856955429529638,-1.5869488076992369,2652.8807074359356,0.6920772890395787,0.05101311167913372,0.8849610401117198,0.9998695515165505,0.6316382636752228,0.19821194286912047,0.8099259714406442,0.7857142857142857,0.0,0.06650085519388778,0.0,port_vae,port,False,0.047198664397001266,1.0959872007369995,2.460691213607788,1.1210508346557617,vae_candidate_pool_v1,belief_limited_heuristic_v1,979
VAE000440,vae_candidate_000440,0.5612525544732411,527.297119140625,-880.305419921875,888.341091729185,2.0942524555480637,0.017239955860355042,4.583753836007284,33,8369.571565032813,2495.929519188312,1.5797137387925453,1.0645801539020845,6241.069866363616,2.459314516064037,0.6492299142449002,0.11193088737976054,0.8745854338520632,1.0,0.19746421734906816,0.9635014828626498,0.7857142857142857,1.0,0.11141934141986286,0.11141934141986286,inside_convoy_envelope,inside,True,0.10409356653690338,0.7111688256263733,2.024681329727173,1.307063102722168,vae_candidate_pool_v1,belief_limited_heuristic_v1,980
VAE000104,vae_candidate_000104,0.5612230232134231,-4121.5224609375,-4639.640625,6129.612352092686,0.8440943379991019,0.022291161771364056,5.112433946229609,32,8335.521765598041,2418.315544430955,1.5874652271946652,2.3197894773620558,7446.784434739007,0.504331552527185,0.07211514715176892,0.9377488393696618,0.7323748054835755,1.0,0.19843315339933315,0.6815283178308983,0.7619047619047619,0.0,0.06801866179295216,0.0,astern_vae,astern,False,0.03323044627904892,1.1422266960144043,2.4988481998443604,1.0860549211502075,vae_candidate_pool_v1,belief_limited_heuristic_v1,981
VAE000922,vae_candidate_000922,0.5587387247300748,-4741.26416015625,6729.3388671875,8348.498837391147,-0.9308575304525613,-0.07293357452274803,5.1123060142254015,36,8280.080511895361,2554.8176552021523,1.7017980918273905,-2.2836686976599796,7347.935202957757,0.5573575956575012,0.0012445670445558456,0.9243278801014075,0.756486441796699,1.0,0.2127247614784238,0.8193238006954303,0.8571428571428571,0.0,0.06552764670657849,0.0,astern_vae,astern,False,0.048310425132513046,1.408915638923645,1.9542829990386963,1.672838568687439,vae_candidate_pool_v1,belief_limited_heuristic_v1,982
VAE000687,vae_candidate_000687,0.5561937367531131,-366.4239501953125,263.5691833496094,357.537786926767,-0.5759044018508804,0.021483779572859463,4.940848790330651,35,8272.63861813028,2465.3919884157203,1.7160819010241635,-2.544204472166053,8226.625823690665,0.6532006707501609,0.4544842406315059,0.897071360887281,0.5624849230747655,1.0,0.21451023762802043,0.9991755584534179,0.8333333333333334,1.0,0.23330339454235038,0.23330339454235038,inside_convoy_envelope,inside,True,0.08476025611162186,1.4254206418991089,2.4307422637939453,1.4010258913040161,vae_candidate_pool_v1,belief_limited_heuristic_v1,983
VAE000696,vae_candidate_000696,0.5556826261458663,308.27874755859375,-773.145263671875,964.5049769763081,1.947777159375207,-0.0277613901922361,4.911287238218272,36,8223.894676047941,2483.9140832167436,1.7623346951678422,1.1660541040223509,5521.6438439611065,2.959391986883514,0.67737103505419,0.008276336829799835,0.9192039356915003,1.0,0.22029183689598028,0.8858730260000964,0.8571428571428571,1.0,0.1058844673626884,0.1058844673626884,inside_convoy_envelope,inside,True,0.056887999176979065,1.5511817932128906,2.4019651412963867,1.595154047012329,vae_candidate_pool_v1,belief_limited_heuristic_v1,984
VAE000715,vae_candidate_000715,0.5536549177127008,-27.237457275390625,1080.669677734375,1070.970173837187,-1.5359974892917343,-0.07817139922650987,4.683100315792227,33,8163.632366130206,2364.8834716136334,1.7093096916968795,-1.6837665635245687,3270.09593794771,3.006092380998091,0.71612684254869,0.004583062317052744,0.9936256464055593,0.7785942709399309,0.21366371146210994,0.8412773883776985,0.7857142857142857,1.0,0.10077068373324372,0.10077068373324372,inside_convoy_envelope,inside,True,0.05098692327737808,0.7911390066146851,1.5117334127426147,1.2490909099578857,vae_candidate_pool_v1,belief_limited_heuristic_v1,985
VAE001090,vae_candidate_001090,0.5529234281720752,-918.8945922851562,485.551025390625,1038.6839717174905,-0.43200853057172334,-0.014725505484046143,4.98676053600845,39,8183.349758811298,2359.9456254013658,2.0194425231484097,-2.724309628502116,8437.599002784997,1.8864075604285575,0.7044641532052334,0.34480121397887986,0.4052781113350038,1.0,0.2524303153935512,0.7946260726380445,0.9285714285714286,1.0,0.10255278357412892,0.10255278357412892,inside_convoy_envelope,inside,True,0.045425526797771454,2.1335840225219727,1.962783932685852,1.282368540763855,vae_candidate_pool_v1,belief_limited_heuristic_v1,986
VAE000695,vae_candidate_000695,0.5512399173398613,-242.96661376953125,565.5003051757812,747.9070435283797,-1.1828985316449379,0.021750481776315698,4.914998191614951,31,8057.517495222959,2547.4659330142476,1.5102611534399448,-1.9369436401685396,5263.362417365401,2.3547568263622844,0.5969292172796239,0.14695526552895527,0.9337136137487008,1.0,0.1887826441799931,0.953930770821314,0.7380952380952381,1.0,0.1251579581554396,0.1251579581554396,inside_convoy_envelope,inside,True,0.06831452995538712,2.267930269241333,2.9593398571014404,1.7232120037078857,vae_candidate_pool_v1,belief_limited_heuristic_v1,987
VAE001115,vae_candidate_001115,0.5463237968719462,56.672119140625,-837.4486083984375,843.1158583608335,1.6709710799955577,-0.06409237308218696,4.802692701115787,37,8180.823565966547,2511.3333820645225,1.8009444948663582,1.4065292005120489,3815.3318821031808,3.088393763652696,0.6324197563057662,0.0007073636219191992,0.9865384666473821,0.9084123528817097,0.22511806185829478,0.986120554956308,0.8809523809523809,1.0,0.1152651204970692,0.1152651204970692,inside_convoy_envelope,inside,True,0.0975833609700203,2.058596134185791,1.5116651058197021,1.427264928817749,vae_candidate_pool_v1,belief_limited_heuristic_v1,988
VAE000014,vae_candidate_000014,0.5462499379085515,-106.2298583984375,803.5493774414062,884.4906183624333,-1.4174664171705202,0.07197981874382627,4.807333492275042,34,8262.800797794464,2550.6370648848165,1.613254807093797,-1.6521464176754466,3213.640313031725,2.744940499658086,0.6478009703958304,0.03882022871049523,0.996692905778129,0.765152455483744,0.20165685088672464,0.9999996311645684,0.8095238095238095,1.0,0.11131331031511546,0.11131331031511546,inside_convoy_envelope,inside,True,0.08721346408128738,0.8874333500862122,2.937739849090576,1.7677804231643677,vae_candidate_pool_v1,belief_limited_heuristic_v1,989
VAE000450,vae_candidate_000450,0.5438440399291691,134.42950439453125,-891.8150024414062,849.9215017715097,1.685181581267912,-0.037342749982346636,5.284516833592316,37,8494.452149354687,2380.1056028024905,1.830080203474998,1.419068322339535,3636.668246233683,3.141061404100088,0.6349526865806583,7.055650341758479e-08,0.988511372071285,0.8658733919604007,0.22876002543437474,0.9972451194065164,0.8809523809523809,1.0,0.11571657075429574,0.11571657075429574,inside_convoy_envelope,inside,True,0.08268295228481293,2.180525779724121,2.9235291481018066,1.917550802230835,vae_candidate_pool_v1,belief_limited_heuristic_v1,990
VAE000933,vae_candidate_000933,0.5309599346709034,-835.4597778320312,-481.87335205078125,966.9595258453932,0.5397634147090917,0.007332693303180748,4.404918632046117,37,8339.60222266989,2538.0737865517285,1.748043130187969,2.6091619321838824,8473.598808529634,2.1319286398968766,0.6782732123955209,0.2339273923734153,0.5076290893075733,1.0,0.21850539127349614,0.8035297245874464,0.8809523809523809,1.0,0.10523316242356459,0.10523316242356459,inside_convoy_envelope,inside,True,0.04645214229822159,1.036890983581543,2.116605043411255,1.8197882175445557,vae_candidate_pool_v1,belief_limited_heuristic_v1,991
VAE001197,vae_candidate_001197,0.5301259947855894,-392.11566162109375,600.0289916992188,578.2102246570356,-1.0006395494378906,-0.014463807685752027,4.984185517374392,32,8127.371696967281,2235.7555528301837,1.7610656171462842,-2.155416911837655,6349.803145304946,1.9561120317652367,0.5339811692280204,0.3120741435507903,0.8339215385782397,1.0,0.22013320214328552,0.8740462173647706,0.7619047619047619,1.0,0.15500041001934162,0.15500041001934162,inside_convoy_envelope,inside,True,0.05524763464927673,0.7491559982299805,2.4527204036712646,1.5410642623901367,vae_candidate_pool_v1,belief_limited_heuristic_v1,992
VAE000324,vae_candidate_000324,0.5296968123218384,139.27267456054688,-799.8177490234375,744.2724239581692,1.7763049995824771,0.013521159555696419,5.432859617031497,36,8216.941325668387,2402.3993023759126,1.8236736447963666,1.378808813563013,3926.136635830123,3.027390764550948,0.595574106989762,0.0032569757462905247,0.9816269362514002,0.9347944371024102,0.22795920559954583,0.9991148045422311,0.8571428571428571,1.0,0.12667551114597486,0.12667551114597486,inside_convoy_envelope,inside,True,0.08466951549053192,0.7008546590805054,2.90228271484375,1.3071011304855347,vae_candidate_pool_v1,belief_limited_heuristic_v1,993
VAE001050,vae_candidate_001050,0.5198517713764395,-484.42779541015625,-459.1498107910156,582.7798519477193,0.735240528803484,0.047063046164377634,5.390960530209518,37,8187.825713852363,2614.8301056680875,1.7281827179998086,2.4534151709506875,7985.074553447574,1.8846025022135058,0.5356623602511702,0.3456594166848318,0.635130516597291,1.0,0.21602283974997608,0.984311698169159,0.8809523809523809,1.0,0.15148977624919094,0.15148977624919094,inside_convoy_envelope,inside,True,0.07629284262657166,1.4789636135101318,2.518157720565796,1.8316426277160645,vae_candidate_pool_v1,belief_limited_heuristic_v1,994
VAE000039,vae_candidate_000039,0.5098565349108116,24.200775146484375,-749.8172607421875,760.4786976665443,1.6171379626267033,-0.0334406347543644,4.961948756066468,34,8044.774833320271,2421.1251637129517,1.7456122560197334,1.4910140562087257,3054.573485802839,3.0000601822448045,0.6016170085491496,0.004999506136757981,0.9968190824547167,0.7272794013816284,0.21820153200246667,0.9686544605192885,0.8095238095238095,1.0,0.12460925523524741,0.12460925523524741,inside_convoy_envelope,inside,True,0.0716930478811264,2.277660846710205,1.965874433517456,1.5583558082580566,vae_candidate_pool_v1,belief_limited_heuristic_v1,995
VAE000167,vae_candidate_000167,0.49665521390927775,-490.34197998046875,-176.091552734375,489.76982597230347,0.3590517156845766,0.012603536383404184,5.037389779303084,41,8208.010353438369,2485.4923569852945,2.0097106276953776,2.7951444742886213,8564.300644504294,1.438749621497608,0.5016823388079956,0.5658316523322411,0.3395591681258199,1.0,0.2512138284619222,0.9512927623275833,0.9761904761904762,1.0,0.17609663906224504,0.17609663906224504,inside_convoy_envelope,inside,True,0.06776608526706696,1.9385303258895874,1.9104652404785156,1.6754440069198608,vae_candidate_pool_v1,belief_limited_heuristic_v1,996
VAE000273,vae_candidate_000273,0.49035856169043923,-183.02496337890625,-406.03961181640625,526.4714420382318,1.1707581757146726,-0.033393580673952844,4.6878310634029905,35,8269.220495734447,2353.045154068611,1.7987599560734653,1.9374408972011683,5161.0429818225875,2.582744436006084,0.5150266038742942,0.07606682009236265,0.9335354699622519,1.0,0.22484499450918316,0.9828620129848068,0.8333333333333334,1.0,0.16639516886902214,0.16639516886902214,inside_convoy_envelope,inside,True,0.0987401083111763,2.3992843627929688,2.425656795501709,1.8680834770202637,vae_candidate_pool_v1,belief_limited_heuristic_v1,997
VAE000178,vae_candidate_000178,0.45954689795678555,-160.03839111328125,568.9127197265625,444.0345896000524,-1.3337089116001557,0.036695283244433545,5.964067825722623,36,8189.4280227706095,2420.037073181093,1.8164644864875443,-1.7711884587452038,4001.7441213797833,2.7412459998041943,0.4851904715025097,0.03953702733918629,0.9799885978999109,0.9527962193761389,0.22705806081094304,0.982124761574149,0.8571428571428571,1.0,0.19213983950687247,0.19213983950687247,inside_convoy_envelope,inside,True,0.09898649156093597,0.8506588935852051,1.5813167095184326,1.5454596281051636,vae_candidate_pool_v1,belief_limited_heuristic_v1,998
VAE001183,vae_candidate_001183,0.451031722565375,-251.233642578125,457.9711608886719,528.593519983724,-1.0453675810810665,-0.004540484902139791,4.840362771958864,39,8121.037873576643,2367.3660793379468,2.0285590328784986,-2.1007655574108663,6147.856825724095,3.139440471636234,0.5158008978274833,1.157971343312969e-06,0.8628226250558407,1.0,0.2535698791098123,0.7854571006765854,0.9285714285714286,1.0,0.16575989746632702,0.16575989746632702,inside_convoy_envelope,inside,True,0.04438234865665436,2.3052802085876465,1.9456696510314941,1.3366669416427612,vae_candidate_pool_v1,belief_limited_heuristic_v1,999
VAE000319,vae_candidate_000319,0.43402480029700496,312.35833740234375,462.84881591796875,464.32906087702565,-2.135249553878767,0.007984310118907528,4.911670823863931,36,8285.488844641708,2542.257307220053,1.7090897105158092,-0.9983587895921188,6625.083743972819,2.7851416622272396,0.4924886181317928,0.03142942433517154,0.8405831021572705,1.0,0.21363621381447614,0.8564699695976766,0.8571428571428571,1.0,0.18414154394750423,0.18414154394750423,inside_convoy_envelope,inside,True,0.05291671305894852,2.2786006927490234,1.527427315711975,1.129199504852295,vae_candidate_pool_v1,belief_limited_heuristic_v1,1000
