model_name,profile_id,samples,expected_hits,CVaR_90,p_hit_ge_1,value_lost,expected_unique_ships_hit,expected_repeat_hits,expected_loss,CVaR_90_loss
rect_uniform_6x7_none_mixed_balanced_compact_compact_train,P01,120,3.841666666666667,4.0,1.0,2.5349999999999997,2.3,1.5416666666666667,5.1433333333333335,7.373333333333333
rect_uniform_6x7_none_mixed_balanced_compact_compact_train,P02,120,3.4166666666666665,4.0,1.0,4.090833333333333,2.941666666666667,0.5416666666666666,7.140833333333334,9.1
rect_uniform_6x7_none_mixed_balanced_compact_compact_train,P04,120,3.683333333333333,4.0,1.0,3.9458333333333333,2.808333333333333,0.9,6.934166666666668,9.446666666666664
rect_uniform_6x7_none_mixed_balanced_compact_compact_train,P05,120,3.191666666666667,4.0,1.0,3.395000000000001,2.216666666666667,0.975,5.8066666666666675,7.3000000000000025
rect_uniform_6x7_none_mixed_balanced_compact_compact_train,P06,120,1.875,3.0,1.0,2.7475000000000005,1.3083333333333333,0.6,4.175833333333332,6.210810810810809
rect_uniform_6x7_none_mixed_balanced_compact_compact_train,P07,120,3.058333333333333,4.0,1.0,3.1541666666666663,2.575,0.6833333333333333,5.865833333333332,9.524999999999999
rect_uniform_6x7_none_mixed_balanced_compact_compact_train,P09,120,3.591666666666667,4.0,1.0,4.8275,3.6166666666666667,0.15833333333333333,8.475833333333332,9.299999999999997
rect_uniform_6x7_none_mixed_balanced_compact_compact_train,P11,120,3.85,4.0,1.0,5.5275,3.6083333333333334,0.2916666666666667,9.194166666666668,10.299999999999997
rect_uniform_6x7_none_mixed_balanced_compact_compact_train,P15,120,1.1666666666666667,2.0869565217391304,0.9583333333333334,3.033125,2.425,0.016666666666666666,5.461458333333335,7.903846153846154
rect_uniform_6x7_none_mixed_balanced_compact_compact_train,P16,120,1.3833333333333333,2.0425531914893615,0.975,2.7349999999999994,1.8166666666666667,0.041666666666666664,4.5600000000000005,5.001980198019802
rect_uniform_6x7_none_mixed_balanced_compact_compact_train,P17,120,3.9166666666666665,4.0,1.0,7.601770833333332,7.441666666666666,0.0,15.0434375,16.702016129032252
rect_uniform_6x7_none_mixed_balanced_compact_compact_train,P18,120,2.1166666666666667,3.090909090909091,1.0,3.3720833333333338,2.225,0.075,5.612083333333332,7.566
rect_uniform_6x7_none_mixed_balanced_compact_compact_train,P19,120,3.9166666666666665,4.0,1.0,6.6525,5.433333333333334,0.008333333333333333,12.087500000000002,13.457142857142857
rect_uniform_6x7_none_mixed_balanced_compact_compact_train,P21,120,2.3333333333333335,3.0,1.0,2.0066666666666673,1.9583333333333333,0.4,4.045,4.25
rect_uniform_6x7_none_mixed_balanced_compact_compact_train,P22,120,2.3,3.0,1.0,12.723125,5.666666666666667,0.0,18.389791666666664,19.499999999999996
rect_uniform_6x7_none_mixed_balanced_compact_compact_train,P24,120,3.65,4.0,1.0,6.786666666666665,3.4916666666666667,0.3416666666666667,10.346666666666666,13.317045454545452
rect_uniform_6x7_none_mixed_balanced_compact_compact_train,P25,120,2.1333333333333333,3.0,1.0,4.357500000000001,2.075,0.24166666666666667,6.480833333333334,9.3
rect_uniform_6x7_none_mixed_balanced_compact_compact_train,P27,120,3.9166666666666665,4.0,1.0,7.237708333333333,6.383333333333334,0.0,13.621041666666665,16.445192307692302
rect_uniform_6x7_none_mixed_balanced_compact_compact_train,P28,120,2.675,3.0,1.0,11.636041666666666,6.45,0.0,18.086041666666667,25.29583333333333
rect_uniform_6x7_none_mixed_balanced_compact_compact_train,P30,120,2.566666666666667,4.0,0.975,3.2608333333333333,3.191666666666667,0.0,6.4525,10.125
rect_uniform_6x7_none_mixed_balanced_compact_compact_eval,P03,120,3.825,4.0,1.0,2.5400000000000005,2.4583333333333335,1.375,5.273333333333334,6.381250000000001
rect_uniform_6x7_none_mixed_balanced_compact_compact_eval,P08,120,3.683333333333333,4.0,1.0,4.0512500000000005,3.0833333333333335,0.675,7.269583333333334,9.838235294117647
rect_uniform_6x7_none_mixed_balanced_compact_compact_eval,P10,120,3.4833333333333334,4.0,1.0,2.8041666666666667,2.7416666666666667,0.7666666666666667,5.699166666666667,6.552173913043478
rect_uniform_6x7_none_mixed_balanced_compact_compact_eval,P12,120,3.2583333333333333,4.0,1.0,3.8325,2.6666666666666665,0.6083333333333333,6.620833333333334,7.399999999999999
rect_uniform_6x7_none_mixed_balanced_compact_compact_eval,P13,120,2.0416666666666665,3.0,1.0,3.9025000000000007,1.8583333333333334,0.23333333333333334,5.807500000000001,6.4
rect_uniform_6x7_none_mixed_balanced_compact_compact_eval,P14,120,3.925,4.0,1.0,4.843958333333332,4.275,0.058333333333333334,9.130625,10.4875
rect_uniform_6x7_none_mixed_balanced_compact_compact_eval,P20,120,3.95,4.0,1.0,4.438749999999999,3.216666666666667,0.7833333333333333,7.812083333333332,10.705555555555556
rect_uniform_6x7_none_mixed_balanced_compact_compact_eval,P23,120,3.283333333333333,4.0,1.0,5.061249999999999,2.9166666666666665,0.4583333333333333,8.069583333333332,10.71764705882353
rect_uniform_6x7_none_mixed_balanced_compact_compact_eval,P26,120,3.941666666666667,4.0,1.0,3.9604166666666676,2.966666666666667,0.9833333333333333,7.123749999999999,7.442307692307692
rect_uniform_6x7_none_mixed_balanced_compact_compact_eval,P29,120,2.8916666666666666,3.0,1.0,11.828958333333334,7.8,0.0,19.628958333333337,25.18958333333333
rect_uniform_6x7_none_mixed_balanced_compact_standard_train,P01,120,2.7083333333333335,4.0,1.0,1.8,1.4333333333333333,1.2833333333333334,3.4899999999999998,5.790476190476191
rect_uniform_6x7_none_mixed_balanced_compact_standard_train,P02,120,3.3833333333333333,4.0,1.0,3.7899999999999996,2.7083333333333335,0.6916666666666667,6.636666666666668,9.099999999999998
rect_uniform_6x7_none_mixed_balanced_compact_standard_train,P04,120,1.9083333333333334,3.0,1.0,2.3625,1.125,0.7916666666666666,3.6458333333333326,6.200000000000001
rect_uniform_6x7_none_mixed_balanced_compact_standard_train,P05,120,3.0,4.0,1.0,3.6683333333333334,2.5166666666666666,0.5083333333333333,6.286666666666666,7.400000000000001
rect_uniform_6x7_none_mixed_balanced_compact_standard_train,P06,120,1.875,3.0,1.0,2.7475000000000005,1.3083333333333333,0.6,4.175833333333332,6.210810810810809
rect_uniform_6x7_none_mixed_balanced_compact_standard_train,P07,120,1.9583333333333333,3.0,0.9916666666666667,2.8350000000000004,2.216666666666667,0.10833333333333334,5.073333333333333,7.100000000000001
rect_uniform_6x7_none_mixed_balanced_compact_standard_train,P09,120,3.533333333333333,4.0,1.0,4.290833333333334,3.125,0.4666666666666667,7.509166666666668,9.25
rect_uniform_6x7_none_mixed_balanced_compact_standard_train,P11,120,1.9833333333333334,3.0,1.0,3.4825000000000004,1.6583333333333334,0.3333333333333333,5.2075,6.4
rect_uniform_6x7_none_mixed_balanced_compact_standard_train,P15,120,2.725,3.0963855421686746,1.0,3.044999999999999,1.95,0.775,5.15,5.369512195121953
rect_uniform_6x7_none_mixed_balanced_compact_standard_train,P16,120,1.2416666666666667,2.054054054054054,0.9166666666666666,1.9250000000000003,0.9166666666666666,0.325,2.9066666666666667,3.3108108108108105
rect_uniform_6x7_none_mixed_balanced_compact_standard_train,P17,120,3.9166666666666665,4.0,1.0,6.778125,6.375,0.0,13.153125,14.574839743589742
rect_uniform_6x7_none_mixed_balanced_compact_standard_train,P18,120,3.9166666666666665,4.0,1.0,3.8174999999999994,2.65,1.2666666666666666,6.720833333333332,7.520588235294119
rect_uniform_6x7_none_mixed_balanced_compact_standard_train,P19,120,3.7666666666666666,4.0,1.0,5.158333333333333,4.016666666666667,0.14166666666666666,9.203333333333335,11.465384615384616
rect_uniform_6x7_none_mixed_balanced_compact_standard_train,P21,120,1.3833333333333333,2.0392156862745097,0.9416666666666667,1.5283333333333333,1.525,0.05,3.0633333333333335,4.690740740740741
rect_uniform_6x7_none_mixed_balanced_compact_standard_train,P22,120,2.3,3.0,1.0,12.723125,5.666666666666667,0.0,18.389791666666664,19.499999999999996
rect_uniform_6x7_none_mixed_balanced_compact_standard_train,P24,120,3.3583333333333334,4.0,1.0,6.309999999999999,2.9916666666666667,0.475,9.396666666666667,12.624999999999998
rect_uniform_6x7_none_mixed_balanced_compact_standard_train,P25,120,2.1333333333333333,3.0,1.0,4.357500000000001,2.075,0.24166666666666667,6.480833333333334,9.3
rect_uniform_6x7_none_mixed_balanced_compact_standard_train,P27,120,3.625,4.0,1.0,7.024687499999999,5.958333333333333,0.0,12.983020833333335,15.618452380952384
rect_uniform_6x7_none_mixed_balanced_compact_standard_train,P28,120,1.95,2.027027027027027,1.0,10.726041666666665,5.4,0.0,16.126041666666666,22.43846153846153
rect_uniform_6x7_none_mixed_balanced_compact_standard_train,P30,120,2.275,3.204081632653061,0.9833333333333333,2.59625,2.5166666666666666,0.0,5.112916666666666,8.767857142857142
rect_uniform_6x7_none_mixed_balanced_compact_standard_eval,P03,120,3.475,4.0,1.0,1.980833333333333,2.0,1.475,4.275833333333334,4.516666666666669
rect_uniform_6x7_none_mixed_balanced_compact_standard_eval,P08,120,2.925,4.0,1.0,3.3687499999999995,2.425,0.5083333333333333,5.895416666666667,7.3999999999999995
rect_uniform_6x7_none_mixed_balanced_compact_standard_eval,P10,120,3.2083333333333335,4.0,1.0,2.3512500000000007,2.225,0.9833333333333333,4.772916666666666,6.307407407407408
rect_uniform_6x7_none_mixed_balanced_compact_standard_eval,P12,120,3.308333333333333,4.0,1.0,4.005,2.783333333333333,0.5416666666666666,6.8966666666666665,7.45
rect_uniform_6x7_none_mixed_balanced_compact_standard_eval,P13,120,2.0416666666666665,3.0,1.0,3.9025000000000007,1.8583333333333334,0.23333333333333334,5.807500000000001,6.4
rect_uniform_6x7_none_mixed_balanced_compact_standard_eval,P14,120,3.941666666666667,4.0,1.0,5.302499999999999,4.541666666666667,0.03333333333333333,9.850833333333332,10.487499999999997
rect_uniform_6x7_none_mixed_balanced_compact_standard_eval,P20,120,3.908333333333333,4.0,1.0,3.263749999999999,2.05,1.8583333333333334,5.685416666666665,8.45
rect_uniform_6x7_none_mixed_balanced_compact_standard_eval,P23,120,2.216666666666667,3.032258064516129,1.0,4.065,2.0,0.2916666666666667,6.123333333333334,8.933333333333334
rect_uniform_6x7_none_mixed_balanced_compact_standard_eval,P26,120,2.4166666666666665,3.0,1.0,3.456666666666665,2.4166666666666665,0.025,5.878333333333334,7.149999999999999
rect_uniform_6x7_none_mixed_balanced_compact_standard_eval,P29,120,1.9416666666666667,2.018018018018018,1.0,7.225208333333332,3.216666666666667,0.0,10.441875,14.484615384615388
rect_uniform_6x7_none_mixed_balanced_compact_loose_train,P01,120,2.341666666666667,3.14,0.9833333333333333,2.4566666666666666,2.0833333333333335,0.4166666666666667,4.623333333333333,7.215999999999999
rect_uniform_6x7_none_mixed_balanced_compact_loose_train,P02,120,3.2333333333333334,4.0,1.0,2.9816666666666665,2.0,1.2333333333333334,5.228333333333334,5.4739130434782615
rect_uniform_6x7_none_mixed_balanced_compact_loose_train,P04,120,1.9083333333333334,3.0,1.0,2.3625,1.125,0.7916666666666666,3.6458333333333326,6.200000000000001
rect_uniform_6x7_none_mixed_balanced_compact_loose_train,P05,120,2.433333333333333,3.074074074074074,1.0,3.441666666666666,2.441666666666667,0.11666666666666667,5.906666666666667,7.0150943396226415
rect_uniform_6x7_none_mixed_balanced_compact_loose_train,P06,120,1.875,3.0,1.0,2.7475000000000005,1.3083333333333333,0.6,4.175833333333332,6.210810810810809
rect_uniform_6x7_none_mixed_balanced_compact_loose_train,P07,120,3.3333333333333335,4.0,1.0,2.2375,1.5416666666666667,1.7916666666666667,4.1375,5.6
rect_uniform_6x7_none_mixed_balanced_compact_loose_train,P09,120,3.3,4.0,1.0,3.380833333333334,2.308333333333333,0.9916666666666667,5.8875,7.3999999999999995
rect_uniform_6x7_none_mixed_balanced_compact_loose_train,P11,120,1.9833333333333334,3.0,1.0,3.4825000000000004,1.6583333333333334,0.3333333333333333,5.2075,6.4
rect_uniform_6x7_none_mixed_balanced_compact_loose_train,P15,120,2.9166666666666665,4.0,1.0,3.0362499999999994,1.9416666666666667,0.975,5.172916666666667,5.55
rect_uniform_6x7_none_mixed_balanced_compact_loose_train,P16,120,1.2416666666666667,2.054054054054054,0.9166666666666666,1.9250000000000003,0.9166666666666666,0.325,2.9066666666666667,3.3108108108108105
rect_uniform_6x7_none_mixed_balanced_compact_loose_train,P17,120,3.9166666666666665,4.0,1.0,6.264322916666666,5.716666666666667,0.016666666666666666,11.984322916666667,14.425
rect_uniform_6x7_none_mixed_balanced_compact_loose_train,P18,120,3.9,4.0,1.0,3.219999999999999,2.033333333333333,1.8666666666666667,5.626666666666665,5.657407407407404
rect_uniform_6x7_none_mixed_balanced_compact_loose_train,P19,120,3.825,4.0,1.0,5.373749999999999,4.316666666666666,0.075,9.705416666666668,11.18636363636364
rect_uniform_6x7_none_mixed_balanced_compact_loose_train,P21,120,1.425,2.0,0.975,0.8862500000000002,0.9833333333333333,0.44166666666666665,1.9579166666666665,2.1342592592592586
rect_uniform_6x7_none_mixed_balanced_compact_loose_train,P22,120,2.3,3.0,1.0,12.723125,5.666666666666667,0.0,18.389791666666664,19.499999999999996
rect_uniform_6x7_none_mixed_balanced_compact_loose_train,P24,120,3.35,4.0,1.0,6.302499999999998,2.9833333333333334,0.475,9.380833333333332,12.624999999999998
rect_uniform_6x7_none_mixed_balanced_compact_loose_train,P25,120,2.1333333333333333,3.0,1.0,4.357500000000001,2.075,0.24166666666666667,6.480833333333334,9.3
rect_uniform_6x7_none_mixed_balanced_compact_loose_train,P27,120,2.9166666666666665,3.0,1.0,5.93125,4.9,0.0,10.83125,13.377205882352941
rect_uniform_6x7_none_mixed_balanced_compact_loose_train,P28,120,1.7666666666666666,2.0,0.9833333333333333,10.172708333333333,5.0,0.0,15.172708333333333,21.575
rect_uniform_6x7_none_mixed_balanced_compact_loose_train,P30,120,1.7916666666666667,3.0,0.925,1.8620833333333335,1.8083333333333333,0.0,3.670416666666666,6.496666666666667
rect_uniform_6x7_none_mixed_balanced_compact_loose_eval,P03,120,2.175,3.108108108108108,1.0,1.6608333333333334,1.5916666666666666,0.5833333333333334,3.369166666666667,4.399999999999999
rect_uniform_6x7_none_mixed_balanced_compact_loose_eval,P08,120,3.0416666666666665,4.0,1.0,3.76875,2.7583333333333333,0.4166666666666667,6.610416666666667,7.449999999999998
rect_uniform_6x7_none_mixed_balanced_compact_loose_eval,P10,120,2.7333333333333334,4.0,1.0,2.1000000000000005,1.975,0.7666666666666667,4.228333333333333,4.818421052631579
rect_uniform_6x7_none_mixed_balanced_compact_loose_eval,P12,120,3.033333333333333,4.0,1.0,4.091666666666668,2.9166666666666665,0.2,7.048333333333335,7.4
rect_uniform_6x7_none_mixed_balanced_compact_loose_eval,P13,120,2.0416666666666665,3.0,1.0,3.9025000000000007,1.8583333333333334,0.23333333333333334,5.807500000000001,6.4
rect_uniform_6x7_none_mixed_balanced_compact_loose_eval,P14,120,3.941666666666667,4.0,1.0,5.452916666666666,4.591666666666667,0.058333333333333334,10.05625,12.487500000000002
rect_uniform_6x7_none_mixed_balanced_compact_loose_eval,P20,120,1.2333333333333334,2.0833333333333335,0.9083333333333333,2.2225000000000006,1.0583333333333333,0.175,3.315833333333333,6.233333333333333
rect_uniform_6x7_none_mixed_balanced_compact_loose_eval,P23,120,2.0833333333333335,3.0,0.9916666666666667,3.92,1.8666666666666667,0.2916666666666667,5.845000000000001,7.415000000000001
rect_uniform_6x7_none_mixed_balanced_compact_loose_eval,P26,120,2.85,3.0510204081632653,1.0,2.931249999999999,1.8916666666666666,0.9583333333333334,5.014583333333333,5.361235955056181
rect_uniform_6x7_none_mixed_balanced_compact_loose_eval,P29,120,1.925,2.0,1.0,7.209375,3.2,0.0,10.409375,13.751136363636363
rect_uniform_6x7_none_mixed_balanced_standard_compact_train,P01,120,3.675,4.0,1.0,3.49375,2.466666666666667,1.2083333333333333,6.202083333333333,7.528
rect_uniform_6x7_none_mixed_balanced_standard_compact_train,P02,120,2.375,3.1458333333333335,1.0,3.3200000000000007,2.1333333333333333,0.275,5.508333333333334,8.37142857142857
rect_uniform_6x7_none_mixed_balanced_standard_compact_train,P04,120,3.6,4.0,1.0,5.2275,3.308333333333333,0.375,8.61083333333333,10.100000000000001
rect_uniform_6x7_none_mixed_balanced_standard_compact_train,P05,120,2.9,3.101010101010101,1.0,3.7625,2.2916666666666665,0.625,6.179166666666666,8.312121212121212
rect_uniform_6x7_none_mixed_balanced_standard_compact_train,P06,120,2.8,4.0,1.0,3.7875,1.8083333333333333,0.9916666666666667,5.794166666666667,6.73076923076923
rect_uniform_6x7_none_mixed_balanced_standard_compact_train,P07,120,3.575,4.0,1.0,4.047500000000001,2.975,0.6083333333333333,7.144166666666664,7.299999999999999
rect_uniform_6x7_none_mixed_balanced_standard_compact_train,P09,120,2.575,4.0,1.0,3.869166666666666,2.6666666666666665,0.15,6.565833333333334,10.141666666666666
rect_uniform_6x7_none_mixed_balanced_standard_compact_train,P11,120,3.6666666666666665,4.0,1.0,6.142499999999998,3.925,0.008333333333333333,10.069166666666666,10.299999999999995
rect_uniform_6x7_none_mixed_balanced_standard_compact_train,P15,120,2.8666666666666667,3.0714285714285716,1.0,3.295000000000001,2.8666666666666667,0.06666666666666667,6.175000000000001,6.338461538461539
rect_uniform_6x7_none_mixed_balanced_standard_compact_train,P16,120,3.9166666666666665,4.0,1.0,2.9924999999999993,1.9916666666666667,1.925,5.3691666666666675,5.3999999999999995
rect_uniform_6x7_none_mixed_balanced_standard_compact_train,P17,120,3.1083333333333334,4.0,1.0,5.586979166666667,4.575,0.008333333333333333,10.163645833333332,12.318749999999998
rect_uniform_6x7_none_mixed_balanced_standard_compact_train,P18,120,2.091666666666667,3.0,1.0,3.0974999999999984,1.95,0.16666666666666666,5.0808333333333335,5.349999999999999
rect_uniform_6x7_none_mixed_balanced_standard_compact_train,P19,120,3.9166666666666665,4.0,1.0,4.91875,4.9,0.016666666666666666,9.822083333333333,12.0
rect_uniform_6x7_none_mixed_balanced_standard_compact_train,P21,120,3.75,4.0,1.0,3.301250000000001,2.966666666666667,0.7833333333333333,6.424583333333333,9.2
rect_uniform_6x7_none_mixed_balanced_standard_compact_train,P22,120,2.7916666666666665,3.0210526315789474,1.0,12.698125000000001,5.658333333333333,0.0,18.35645833333333,19.499999999999996
rect_uniform_6x7_none_mixed_balanced_standard_compact_train,P24,120,3.7583333333333333,4.0,1.0,6.912916666666665,3.6083333333333334,0.31666666666666665,10.584583333333333,13.564285714285713
rect_uniform_6x7_none_mixed_balanced_standard_compact_train,P25,120,2.6416666666666666,3.0985915492957745,1.0,4.6725,2.225,0.48333333333333334,6.9941666666666675,9.329629629629629
rect_uniform_6x7_none_mixed_balanced_standard_compact_train,P27,120,3.7666666666666666,4.0,1.0,5.381666666666666,4.816666666666666,0.075,10.213333333333333,12.498106060606059
rect_uniform_6x7_none_mixed_balanced_standard_compact_train,P28,120,2.7083333333333335,3.0,1.0,10.723541666666666,5.933333333333334,0.0,16.656875,22.592857142857138
rect_uniform_6x7_none_mixed_balanced_standard_compact_train,P30,120,2.85,4.0,1.0,4.6674999999999995,3.7333333333333334,0.0,8.400833333333333,13.499999999999998
rect_uniform_6x7_none_mixed_balanced_standard_compact_eval,P03,120,2.0416666666666665,3.0,1.0,4.19125,3.1333333333333333,0.075,7.339583333333332,9.323636363636364
rect_uniform_6x7_none_mixed_balanced_standard_compact_eval,P08,120,3.691666666666667,4.0,1.0,4.34625,3.2083333333333335,0.48333333333333334,7.651250000000001,9.20128205128205
rect_uniform_6x7_none_mixed_balanced_standard_compact_eval,P10,120,2.3666666666666667,3.1,1.0,4.9350000000000005,3.825,0.0,8.760000000000002,11.149999999999999
rect_uniform_6x7_none_mixed_balanced_standard_compact_eval,P12,120,2.8583333333333334,4.0,1.0,4.094999999999999,2.6416666666666666,0.3333333333333333,6.803333333333333,10.299999999999999
rect_uniform_6x7_none_mixed_balanced_standard_compact_eval,P13,120,2.825,4.0,1.0,4.211666666666668,2.066666666666667,0.7583333333333333,6.430000000000001,8.338461538461537
rect_uniform_6x7_none_mixed_balanced_standard_compact_eval,P14,120,3.95,4.0,1.0,4.361562500000001,3.566666666666667,0.45,8.018229166666668,9.893749999999999
rect_uniform_6x7_none_mixed_balanced_standard_compact_eval,P20,120,3.95,4.0,1.0,5.173750000000001,3.975,0.008333333333333333,9.150416666666668,9.200000000000003
rect_uniform_6x7_none_mixed_balanced_standard_compact_eval,P23,120,3.6333333333333333,4.0,1.0,5.351666666666665,3.025,0.6416666666666667,8.504999999999999,10.737499999999997
rect_uniform_6x7_none_mixed_balanced_standard_compact_eval,P26,120,3.933333333333333,4.0,1.0,6.349166666666666,4.616666666666666,0.025,10.970833333333333,14.299999999999999
rect_uniform_6x7_none_mixed_balanced_standard_compact_eval,P29,120,2.9,3.0,1.0,9.896875,6.783333333333333,0.0,16.680208333333333,20.14121621621621
rect_uniform_6x7_none_mixed_balanced_standard_standard_train,P01,120,2.075,3.0434782608695654,1.0,3.2050000000000005,2.0166666666666666,0.18333333333333332,5.258333333333335,5.620833333333333
rect_uniform_6x7_none_mixed_balanced_standard_standard_train,P02,120,2.65,4.0,1.0,3.6774999999999998,2.525,0.2833333333333333,6.259166666666667,8.09032258064516
rect_uniform_6x7_none_mixed_balanced_standard_standard_train,P04,120,3.533333333333333,4.0,1.0,4.58,2.7,0.8333333333333334,7.4466666666666645,8.299999999999997
rect_uniform_6x7_none_mixed_balanced_standard_standard_train,P05,120,3.5,4.0,1.0,4.555833333333334,3.091666666666667,0.475,7.7425000000000015,10.300000000000002
rect_uniform_6x7_none_mixed_balanced_standard_standard_train,P06,120,2.7916666666666665,4.0,1.0,3.7800000000000002,1.8,0.9916666666666667,5.778333333333334,6.599999999999999
rect_uniform_6x7_none_mixed_balanced_standard_standard_train,P07,120,3.8583333333333334,4.0,1.0,3.8883333333333328,2.75,1.1083333333333334,6.859999999999999,9.15
rect_uniform_6x7_none_mixed_balanced_standard_standard_train,P09,120,3.0083333333333333,4.0,1.0,4.145,2.8833333333333333,0.26666666666666666,7.081666666666666,9.719230769230766
rect_uniform_6x7_none_mixed_balanced_standard_standard_train,P11,120,3.5833333333333335,4.0,1.0,5.042500000000001,2.925,0.6666666666666666,8.100833333333334,8.399999999999999
rect_uniform_6x7_none_mixed_balanced_standard_standard_train,P15,120,2.1666666666666665,3.0,1.0,3.2866666666666675,2.8583333333333334,0.041666666666666664,6.153333333333334,6.325000000000001
rect_uniform_6x7_none_mixed_balanced_standard_standard_train,P16,120,2.975,4.0,1.0,2.9999999999999996,2.0,0.9833333333333333,5.196666666666668,5.400000000000001
rect_uniform_6x7_none_mixed_balanced_standard_standard_train,P17,120,3.1416666666666666,4.0,1.0,4.745156249999999,4.125,0.058333333333333334,8.881822916666664,11.541666666666664
rect_uniform_6x7_none_mixed_balanced_standard_standard_train,P18,120,2.125,3.0,1.0,5.165000000000002,3.966666666666667,0.0,9.131666666666668,9.200000000000003
rect_uniform_6x7_none_mixed_balanced_standard_standard_train,P19,120,3.6416666666666666,4.0,1.0,3.9575,4.083333333333333,0.058333333333333334,8.0525,9.899999999999997
rect_uniform_6x7_none_mixed_balanced_standard_standard_train,P21,120,3.066666666666667,4.0,1.0,2.7329166666666667,2.425,0.8,5.317916666666667,9.199999999999998
rect_uniform_6x7_none_mixed_balanced_standard_standard_train,P22,120,2.7916666666666665,3.0210526315789474,1.0,12.698125000000001,5.658333333333333,0.0,18.35645833333333,19.499999999999996
rect_uniform_6x7_none_mixed_balanced_standard_standard_train,P24,120,3.75,4.0,1.0,6.291249999999999,2.9833333333333334,0.8,9.434583333333332,12.624999999999998
rect_uniform_6x7_none_mixed_balanced_standard_standard_train,P25,120,2.6416666666666666,3.0985915492957745,1.0,4.6725,2.225,0.48333333333333334,6.9941666666666675,9.329629629629629
rect_uniform_6x7_none_mixed_balanced_standard_standard_train,P27,120,3.875,4.0,1.0,6.019166666666666,5.3,0.016666666666666666,11.322499999999998,13.476190476190473
rect_uniform_6x7_none_mixed_balanced_standard_standard_train,P28,120,1.9583333333333333,2.055045871559633,1.0,9.718541666666665,4.791666666666667,0.0,14.510208333333335,19.080555555555556
rect_uniform_6x7_none_mixed_balanced_standard_standard_train,P30,120,2.658333333333333,4.0,1.0,3.7304166666666663,2.75,0.0,6.480416666666667,9.621052631578948
rect_uniform_6x7_none_mixed_balanced_standard_standard_eval,P03,120,3.175,4.0,0.9916666666666667,3.0274999999999994,2.058333333333333,1.1166666666666667,5.309166666666668,5.8567567567567576
rect_uniform_6x7_none_mixed_balanced_standard_standard_eval,P08,120,2.325,3.116279069767442,1.0,3.403749999999999,2.2916666666666665,0.125,5.720416666666667,7.225641025641023
rect_uniform_6x7_none_mixed_balanced_standard_standard_eval,P10,120,2.9,3.101010101010101,1.0,3.7266666666666666,2.5833333333333335,0.36666666666666664,6.383333333333334,7.269444444444446
rect_uniform_6x7_none_mixed_balanced_standard_standard_eval,P12,120,3.6666666666666665,4.0,1.0,4.739583333333333,3.2083333333333335,0.55,8.057916666666666,10.350000000000003
rect_uniform_6x7_none_mixed_balanced_standard_standard_eval,P13,120,2.7083333333333335,3.0365853658536586,1.0,4.095000000000001,1.95,0.7583333333333333,6.196666666666667,6.407407407407406
rect_uniform_6x7_none_mixed_balanced_standard_standard_eval,P14,120,3.95,4.0,1.0,4.986770833333333,4.008333333333334,0.26666666666666666,9.0484375,10.487500000000002
rect_uniform_6x7_none_mixed_balanced_standard_standard_eval,P20,120,3.933333333333333,4.0,1.0,4.173750000000001,2.975,0.9583333333333334,7.340416666666669,7.400000000000001
rect_uniform_6x7_none_mixed_balanced_standard_standard_eval,P23,120,3.341666666666667,4.0,1.0,4.507500000000001,2.2416666666666667,1.1,6.969166666666667,9.006896551724138
rect_uniform_6x7_none_mixed_balanced_standard_standard_eval,P26,120,2.933333333333333,3.0,1.0,4.2524999999999995,2.525,0.4166666666666667,6.860833333333333,8.25
rect_uniform_6x7_none_mixed_balanced_standard_standard_eval,P29,120,1.9416666666666667,2.0089285714285716,1.0,5.555208333333332,2.4916666666666667,0.0,8.046874999999998,10.063362068965516
rect_uniform_6x7_none_mixed_balanced_standard_loose_train,P01,120,3.4916666666666667,4.0,1.0,3.173333333333334,1.9833333333333334,1.5083333333333333,5.458333333333332,5.600000000000002
rect_uniform_6x7_none_mixed_balanced_standard_loose_train,P02,120,2.816666666666667,3.098901098901099,1.0,3.725,2.725,0.19166666666666668,6.488333333333333,8.694999999999999
rect_uniform_6x7_none_mixed_balanced_standard_loose_train,P04,120,2.683333333333333,3.1341463414634148,0.9916666666666667,3.7625,1.7916666666666667,0.8916666666666667,5.732500000000001,6.428947368421052
rect_uniform_6x7_none_mixed_balanced_standard_loose_train,P05,120,2.875,4.0,1.0,3.625,2.25,0.625,5.999999999999998,8.399999999999999
rect_uniform_6x7_none_mixed_balanced_standard_loose_train,P06,120,2.7916666666666665,4.0,1.0,3.7800000000000002,1.8,0.9916666666666667,5.778333333333334,6.599999999999999
rect_uniform_6x7_none_mixed_balanced_standard_loose_train,P07,120,3.441666666666667,4.0,1.0,3.1475000000000004,1.975,1.4666666666666666,5.4158333333333335,5.6000000000000005
rect_uniform_6x7_none_mixed_balanced_standard_loose_train,P09,120,3.1333333333333333,4.0,1.0,4.216666666666667,3.0,0.25,7.266666666666667,10.299999999999999
rect_uniform_6x7_none_mixed_balanced_standard_loose_train,P11,120,2.525,3.0142857142857142,1.0,4.0425,1.925,0.6,6.087500000000001,6.40285714285714
rect_uniform_6x7_none_mixed_balanced_standard_loose_train,P15,120,2.316666666666667,3.138888888888889,1.0,2.449166666666667,1.3416666666666666,0.975,3.9858333333333325,5.51470588235294
rect_uniform_6x7_none_mixed_balanced_standard_loose_train,P16,120,2.975,4.0,1.0,2.1000000000000005,1.0,1.975,3.4949999999999997,3.7
rect_uniform_6x7_none_mixed_balanced_standard_loose_train,P17,120,3.1166666666666667,4.0,1.0,3.9855208333333327,3.2083333333333335,0.25833333333333336,7.245520833333332,9.336011904761905
rect_uniform_6x7_none_mixed_balanced_standard_loose_train,P18,120,3.775,4.0,1.0,3.8149999999999995,2.6333333333333333,1.1416666666666666,6.676666666666667,7.399999999999997
rect_uniform_6x7_none_mixed_balanced_standard_loose_train,P19,120,3.9166666666666665,4.0,1.0,3.93125,4.05,0.20833333333333334,8.022916666666667,9.958571428571426
rect_uniform_6x7_none_mixed_balanced_standard_loose_train,P21,120,1.7416666666666667,2.0229885057471266,1.0,2.4266666666666667,2.1333333333333333,0.025,4.5649999999999995,7.15
rect_uniform_6x7_none_mixed_balanced_standard_loose_train,P22,120,2.7916666666666665,3.0210526315789474,1.0,12.698125000000001,5.658333333333333,0.0,18.35645833333333,19.499999999999996
rect_uniform_6x7_none_mixed_balanced_standard_loose_train,P24,120,3.75,4.0,1.0,6.291249999999999,2.9833333333333334,0.8,9.434583333333332,12.624999999999998
rect_uniform_6x7_none_mixed_balanced_standard_loose_train,P25,120,2.6416666666666666,3.0985915492957745,1.0,4.6725,2.225,0.48333333333333334,6.9941666666666675,9.329629629629629
rect_uniform_6x7_none_mixed_balanced_standard_loose_train,P27,120,3.9166666666666665,4.0,1.0,7.273020833333332,6.283333333333333,0.0,13.556354166666667,15.388306451612907
rect_uniform_6x7_none_mixed_balanced_standard_loose_train,P28,120,1.725,2.0,1.0,9.355208333333334,4.541666666666667,0.0,13.896875,19.244444444444444
rect_uniform_6x7_none_mixed_balanced_standard_loose_train,P30,120,2.15,3.142857142857143,0.9583333333333334,3.0450000000000004,2.15,0.0,5.194999999999999,7.5555555555555545
rect_uniform_6x7_none_mixed_balanced_standard_loose_eval,P03,120,1.575,2.1129032258064515,1.0,3.1250000000000004,2.0,0.025,5.13,7.099999999999999
rect_uniform_6x7_none_mixed_balanced_standard_loose_eval,P08,120,3.375,4.0,1.0,3.393749999999999,2.2666666666666666,1.1083333333333334,5.882083333333332,7.449999999999998
rect_uniform_6x7_none_mixed_balanced_standard_loose_eval,P10,120,2.091666666666667,3.064516129032258,0.9916666666666667,3.8149999999999995,2.6666666666666665,0.025,6.486666666666667,7.204761904761908
rect_uniform_6x7_none_mixed_balanced_standard_loose_eval,P12,120,3.066666666666667,4.0,1.0,3.7333333333333334,2.25,0.8166666666666667,6.1466666666666665,8.499999999999998
rect_uniform_6x7_none_mixed_balanced_standard_loose_eval,P13,120,2.7083333333333335,3.0365853658536586,1.0,4.095000000000001,1.95,0.7583333333333333,6.196666666666667,6.407407407407406
rect_uniform_6x7_none_mixed_balanced_standard_loose_eval,P14,120,3.95,4.0,1.0,5.036874999999999,3.908333333333333,0.23333333333333334,8.991875,10.564880952380955
rect_uniform_6x7_none_mixed_balanced_standard_loose_eval,P20,120,3.2916666666666665,4.0,1.0,2.4587499999999998,1.3416666666666666,1.95,4.190416666666667,5.402631578947367
rect_uniform_6x7_none_mixed_balanced_standard_loose_eval,P23,120,3.15,4.0,1.0,4.2875,2.0416666666666665,1.1083333333333334,6.550833333333334,7.361111111111111
rect_uniform_6x7_none_mixed_balanced_standard_loose_eval,P26,120,2.5833333333333335,3.0597014925373136,1.0,4.2437499999999995,2.5166666666666666,0.06666666666666667,6.773749999999999,8.262698412698413
rect_uniform_6x7_none_mixed_balanced_standard_loose_eval,P29,120,1.9333333333333333,2.0,1.0,5.546875,2.4833333333333334,0.0,8.030208333333333,10.028879310344827
rect_uniform_6x7_none_mixed_balanced_loose_compact_train,P01,120,2.3833333333333333,3.019230769230769,1.0,3.998333333333334,2.933333333333333,0.025,6.936666666666666,7.101754385964911
rect_uniform_6x7_none_mixed_balanced_loose_compact_train,P02,120,3.033333333333333,4.0,1.0,4.822499999999999,2.7916666666666665,0.2833333333333333,7.670833333333333,8.899999999999997
rect_uniform_6x7_none_mixed_balanced_loose_compact_train,P04,120,3.825,4.0,1.0,5.147500000000002,2.975,0.8583333333333333,8.294166666666667,8.4
rect_uniform_6x7_none_mixed_balanced_loose_compact_train,P05,120,3.9166666666666665,4.0,1.0,6.192499999999999,3.925,0.06666666666666667,10.130833333333332,10.349999999999993
rect_uniform_6x7_none_mixed_balanced_loose_compact_train,P06,120,3.783333333333333,4.0,1.0,4.8774999999999995,2.808333333333333,0.975,7.880833333333332,8.299999999999997
rect_uniform_6x7_none_mixed_balanced_loose_compact_train,P07,120,3.775,4.0,1.0,4.152500000000001,3.025,0.7666666666666667,7.330833333333332,7.452631578947364
rect_uniform_6x7_none_mixed_balanced_loose_compact_train,P09,120,2.9833333333333334,4.0,0.9916666666666667,4.838749999999999,3.0083333333333333,0.11666666666666667,7.870416666666667,10.710000000000003
rect_uniform_6x7_none_mixed_balanced_loose_compact_train,P11,120,3.558333333333333,4.0,1.0,5.1774999999999975,2.941666666666667,0.65,8.249166666666666,8.499999999999998
rect_uniform_6x7_none_mixed_balanced_loose_compact_train,P15,120,3.9166666666666665,4.0,1.0,3.1974999999999993,2.566666666666667,1.35,6.034166666666666,6.521822033898306
rect_uniform_6x7_none_mixed_balanced_loose_compact_train,P16,120,3.8916666666666666,4.0,1.0,2.108333333333334,1.0083333333333333,2.8833333333333333,3.6933333333333342,3.7168224299065424
rect_uniform_6x7_none_mixed_balanced_loose_compact_train,P17,120,2.3666666666666667,3.0,1.0,3.6637499999999994,3.0416666666666665,0.058333333333333334,6.717083333333333,9.149999999999997
rect_uniform_6x7_none_mixed_balanced_loose_compact_train,P18,120,3.783333333333333,4.0,1.0,3.9637499999999988,3.35,0.48333333333333334,7.410416666666666,8.424999999999997
rect_uniform_6x7_none_mixed_balanced_loose_compact_train,P19,120,3.575,4.0,1.0,3.184583333333334,3.216666666666667,0.475,6.49625,8.375
rect_uniform_6x7_none_mixed_balanced_loose_compact_train,P21,120,3.625,4.0,1.0,4.5474999999999985,3.5,0.325,8.1125,9.049999999999995
rect_uniform_6x7_none_mixed_balanced_loose_compact_train,P22,120,3.2333333333333334,4.0,1.0,11.421249999999997,5.158333333333333,0.008333333333333333,16.581249999999997,19.499999999999996
rect_uniform_6x7_none_mixed_balanced_loose_compact_train,P24,120,3.433333333333333,4.0,1.0,5.299166666666667,2.808333333333333,0.6583333333333333,8.239166666666668,11.592857142857142
rect_uniform_6x7_none_mixed_balanced_loose_compact_train,P25,120,3.158333333333333,4.0,1.0,4.8125,2.2916666666666665,0.9,7.284166666666668,9.499999999999998
rect_uniform_6x7_none_mixed_balanced_loose_compact_train,P27,120,3.466666666666667,4.0,1.0,5.364374999999999,4.666666666666667,0.016666666666666666,10.034374999999999,12.337499999999995
rect_uniform_6x7_none_mixed_balanced_loose_compact_train,P28,120,2.2916666666666665,3.0,0.9916666666666667,9.230833333333333,4.866666666666666,0.0,14.0975,20.558333333333334
rect_uniform_6x7_none_mixed_balanced_loose_compact_train,P30,120,3.4833333333333334,4.0,1.0,5.661249999999999,4.633333333333334,0.0,10.294583333333334,13.321739130434782
rect_uniform_6x7_none_mixed_balanced_loose_compact_eval,P03,120,3.933333333333333,4.0,1.0,4.218749999999999,3.2583333333333333,0.675,7.6120833333333335,9.05
rect_uniform_6x7_none_mixed_balanced_loose_compact_eval,P08,120,2.375,3.25,1.0,4.491666666666666,3.15,0.0,7.641666666666668,10.25
rect_uniform_6x7_none_mixed_balanced_loose_compact_eval,P10,120,3.933333333333333,4.0,1.0,4.904583333333333,3.775,0.2916666666666667,8.737916666666667,11.25
rect_uniform_6x7_none_mixed_balanced_loose_compact_eval,P12,120,3.95,4.0,1.0,6.142499999999997,3.966666666666667,0.075,10.124166666666667,10.474056603773585
rect_uniform_6x7_none_mixed_balanced_loose_compact_eval,P13,120,3.7583333333333333,4.0,1.0,5.104166666666668,2.95,0.8083333333333333,8.215833333333334,8.431182795698923
rect_uniform_6x7_none_mixed_balanced_loose_compact_eval,P14,120,3.95,4.0,1.0,3.847395833333333,2.725,1.2333333333333334,6.819062500000001,7.562660256410254
rect_uniform_6x7_none_mixed_balanced_loose_compact_eval,P20,120,3.95,4.0,1.0,4.5893749999999995,3.6416666666666666,0.45,8.321041666666666,10.425
rect_uniform_6x7_none_mixed_balanced_loose_compact_eval,P23,120,3.433333333333333,4.0,1.0,5.05,2.7333333333333334,0.7666666666666667,7.936666666666666,10.665624999999999
rect_uniform_6x7_none_mixed_balanced_loose_compact_eval,P26,120,2.0,2.0256410256410255,1.0,6.117916666666665,3.908333333333333,0.0,10.026250000000001,12.3
rect_uniform_6x7_none_mixed_balanced_loose_compact_eval,P29,120,2.85,3.0,1.0,9.20125,6.416666666666667,0.0,15.617916666666666,19.800000000000004
rect_uniform_6x7_none_mixed_balanced_loose_standard_train,P01,120,3.725,4.0,1.0,4.152916666666667,2.941666666666667,0.7833333333333333,7.251250000000001,7.450000000000004
rect_uniform_6x7_none_mixed_balanced_loose_standard_train,P02,120,3.433333333333333,4.0,1.0,5.618333333333331,3.6,0.14166666666666666,9.246666666666666,10.299999999999995
rect_uniform_6x7_none_mixed_balanced_loose_standard_train,P04,120,3.841666666666667,4.0,1.0,5.047499999999999,2.975,0.875,8.197499999999998,8.299999999999997
rect_uniform_6x7_none_mixed_balanced_loose_standard_train,P05,120,2.691666666666667,3.0921052631578947,1.0,5.133333333333331,2.9166666666666665,0.08333333333333333,8.066666666666665,8.312727272727267
rect_uniform_6x7_none_mixed_balanced_loose_standard_train,P06,120,3.441666666666667,4.0,1.0,4.112500000000001,1.9583333333333333,1.4833333333333334,6.367499999999999,6.600000000000002
rect_uniform_6x7_none_mixed_balanced_loose_standard_train,P07,120,1.875,3.1666666666666665,0.9916666666666667,2.4483333333333337,1.3166666666666667,0.6,3.885,6.373684210526315
rect_uniform_6x7_none_mixed_balanced_loose_standard_train,P09,120,3.5166666666666666,4.0,1.0,5.46625,3.558333333333333,0.2,9.064583333333333,10.35
rect_uniform_6x7_none_mixed_balanced_loose_standard_train,P11,120,3.575,4.0,1.0,5.077500000000001,2.941666666666667,0.6666666666666666,8.1525,8.399999999999997
rect_uniform_6x7_none_mixed_balanced_loose_standard_train,P15,120,3.3833333333333333,4.0,1.0,3.2837500000000004,2.816666666666667,0.5666666666666667,6.213750000000001,6.5249999999999995
rect_uniform_6x7_none_mixed_balanced_loose_standard_train,P16,120,3.9166666666666665,4.0,1.0,2.8575,1.8416666666666666,2.075,5.114166666666667,5.399999999999999
rect_uniform_6x7_none_mixed_balanced_loose_standard_train,P17,120,2.6083333333333334,3.0,1.0,3.4699999999999993,2.85,0.125,6.345,9.149999999999999
rect_uniform_6x7_none_mixed_balanced_loose_standard_train,P18,120,3.2083333333333335,4.0,1.0,4.103750000000001,2.9166666666666665,0.3,7.080416666666667,7.400000000000001
rect_uniform_6x7_none_mixed_balanced_loose_standard_train,P19,120,3.9166666666666665,4.0,1.0,3.1512500000000006,3.2083333333333335,0.7666666666666667,6.5129166666666665,8.256410256410259
rect_uniform_6x7_none_mixed_balanced_loose_standard_train,P21,120,3.7666666666666666,4.0,1.0,4.344999999999999,3.191666666666667,0.6166666666666667,7.659999999999999,9.2
rect_uniform_6x7_none_mixed_balanced_loose_standard_train,P22,120,3.2333333333333334,4.0,1.0,11.421249999999997,5.158333333333333,0.008333333333333333,16.581249999999997,19.499999999999996
rect_uniform_6x7_none_mixed_balanced_loose_standard_train,P24,120,2.9833333333333334,4.0,1.0,4.74,2.25,0.7416666666666667,7.1383333333333345,9.631730769230767
rect_uniform_6x7_none_mixed_balanced_loose_standard_train,P25,120,3.158333333333333,4.0,1.0,4.8125,2.2916666666666665,0.9,7.284166666666668,9.499999999999998
rect_uniform_6x7_none_mixed_balanced_loose_standard_train,P27,120,3.6416666666666666,4.0,1.0,4.6587499999999995,4.0,0.225,8.703749999999998,10.882386363636364
rect_uniform_6x7_none_mixed_balanced_loose_standard_train,P28,120,1.8583333333333334,2.0297029702970297,0.9916666666666667,8.749166666666667,4.283333333333333,0.0,13.0325,18.5
rect_uniform_6x7_none_mixed_balanced_loose_standard_train,P30,120,1.2833333333333334,2.076923076923077,0.9333333333333333,2.591666666666667,1.6083333333333334,0.0,4.2,7.342307692307693
rect_uniform_6x7_none_mixed_balanced_loose_standard_eval,P03,120,2.658333333333333,3.0526315789473686,1.0,3.9425000000000012,2.908333333333333,0.058333333333333334,6.862499999999999,7.107339449541284
rect_uniform_6x7_none_mixed_balanced_loose_standard_eval,P08,120,3.7916666666666665,4.0,1.0,4.655,3.2583333333333333,0.6083333333333333,8.035000000000002,10.694230769230769
rect_uniform_6x7_none_mixed_balanced_loose_standard_eval,P10,120,2.7666666666666666,3.0444444444444443,0.9916666666666667,3.887916666666665,2.8583333333333334,0.041666666666666664,6.7545833333333345,7.157619047619049
rect_uniform_6x7_none_mixed_balanced_loose_standard_eval,P12,120,2.816666666666667,3.1,1.0,5.005416666666665,2.8833333333333333,0.08333333333333333,7.905416666666667,8.28679245283019
rect_uniform_6x7_none_mixed_balanced_loose_standard_eval,P13,120,3.2666666666666666,4.0,1.0,4.112500000000001,1.9583333333333333,1.3083333333333333,6.3325000000000005,6.654000000000001
rect_uniform_6x7_none_mixed_balanced_loose_standard_eval,P14,120,3.95,4.0,1.0,4.139270833333333,2.941666666666667,1.0333333333333334,7.287604166666666,9.38189655172414
rect_uniform_6x7_none_mixed_balanced_loose_standard_eval,P20,120,1.85,2.0505050505050506,0.9833333333333333,3.4124999999999988,2.2666666666666666,0.016666666666666666,5.682500000000001,7.199999999999998
rect_uniform_6x7_none_mixed_balanced_loose_standard_eval,P23,120,3.3916666666666666,4.0,1.0,4.440833333333334,2.158333333333333,1.2333333333333334,6.845833333333333,9.017647058823528
rect_uniform_6x7_none_mixed_balanced_loose_standard_eval,P26,120,3.675,4.0,1.0,6.142499999999998,3.9,0.058333333333333334,10.054166666666667,10.299999999999995
rect_uniform_6x7_none_mixed_balanced_loose_standard_eval,P29,120,1.8666666666666667,2.0096153846153846,0.9916666666666667,4.965833333333333,2.2333333333333334,0.0,7.199166666666666,9.802631578947368
rect_uniform_6x7_none_mixed_balanced_loose_loose_train,P01,120,2.325,3.022222222222222,1.0,3.1300000000000003,1.9666666666666666,0.39166666666666666,5.175,5.404444444444445
rect_uniform_6x7_none_mixed_balanced_loose_loose_train,P02,120,3.025,4.0,1.0,4.6925,2.7583333333333333,0.275,7.505833333333333,8.399999999999999
rect_uniform_6x7_none_mixed_balanced_loose_loose_train,P04,120,3.191666666666667,4.0,1.0,4.1475,1.975,1.2166666666666666,6.365833333333333,6.6000000000000005
rect_uniform_6x7_none_mixed_balanced_loose_loose_train,P05,120,3.7916666666666665,4.0,1.0,5.042500000000001,2.925,0.875,8.142500000000002,8.399999999999999
rect_uniform_6x7_none_mixed_balanced_loose_loose_train,P06,120,3.441666666666667,4.0,1.0,4.112500000000001,1.9583333333333333,1.4833333333333334,6.367499999999999,6.600000000000002
rect_uniform_6x7_none_mixed_balanced_loose_loose_train,P07,120,3.7666666666666666,4.0,1.0,3.2525000000000004,2.025,1.7416666666666667,5.625833333333333,5.7521276595744695
rect_uniform_6x7_none_mixed_balanced_loose_loose_train,P09,120,3.066666666666667,4.0,1.0,4.459999999999999,2.6,0.475,7.154999999999999,8.499999999999998
rect_uniform_6x7_none_mixed_balanced_loose_loose_train,P11,120,3.0,4.0,1.0,4.077500000000001,1.9416666666666667,1.0583333333333333,6.230833333333334,6.6
rect_uniform_6x7_none_mixed_balanced_loose_loose_train,P15,120,3.3583333333333334,4.0,1.0,3.2295833333333337,2.6333333333333333,0.7416666666666667,6.01125,6.525
rect_uniform_6x7_none_mixed_balanced_loose_loose_train,P16,120,3.8916666666666666,4.0,1.0,2.9999999999999996,2.0,1.8916666666666666,5.378333333333334,5.3999999999999995
rect_uniform_6x7_none_mixed_balanced_loose_loose_train,P17,120,2.3666666666666667,3.0,1.0,2.8566666666666665,2.2583333333333333,0.275,5.17,8.150000000000002
rect_uniform_6x7_none_mixed_balanced_loose_loose_train,P18,120,3.066666666666667,4.0,1.0,4.095000000000001,2.908333333333333,0.2,7.043333333333335,7.3999999999999995
rect_uniform_6x7_none_mixed_balanced_loose_loose_train,P19,120,3.9166666666666665,4.0,1.0,3.7083333333333335,3.75,0.43333333333333335,7.544999999999999,10.108
rect_uniform_6x7_none_mixed_balanced_loose_loose_train,P21,120,3.475,4.0,1.0,4.491249999999999,3.325,0.2916666666666667,7.874583333333334,9.200000000000001
rect_uniform_6x7_none_mixed_balanced_loose_loose_train,P22,120,3.2333333333333334,4.0,1.0,11.421249999999997,5.158333333333333,0.008333333333333333,16.581249999999997,19.499999999999996
rect_uniform_6x7_none_mixed_balanced_loose_loose_train,P24,120,2.9833333333333334,4.0,1.0,4.74,2.25,0.7416666666666667,7.1383333333333345,9.631730769230767
rect_uniform_6x7_none_mixed_balanced_loose_loose_train,P25,120,3.158333333333333,4.0,1.0,4.8125,2.2916666666666665,0.9,7.284166666666668,9.499999999999998
rect_uniform_6x7_none_mixed_balanced_loose_loose_train,P27,120,3.65,4.0,1.0,4.8509375,4.116666666666666,0.03333333333333333,8.974270833333332,12.072321428571428
rect_uniform_6x7_none_mixed_balanced_loose_loose_train,P28,120,1.6333333333333333,2.0,0.9916666666666667,8.436666666666666,4.05,0.0,12.486666666666668,18.384615384615383
rect_uniform_6x7_none_mixed_balanced_loose_loose_train,P30,120,3.0,4.0,1.0,3.953333333333333,3.0,0.0,6.953333333333332,9.1
rect_uniform_6x7_none_mixed_balanced_loose_loose_eval,P03,120,3.95,4.0,1.0,3.511666666666666,2.3833333333333333,1.5666666666666667,6.208333333333333,7.45
rect_uniform_6x7_none_mixed_balanced_loose_loose_eval,P08,120,2.341666666666667,3.1463414634146343,1.0,3.508749999999999,2.1666666666666665,0.20833333333333334,5.717083333333334,8.296153846153846
rect_uniform_6x7_none_mixed_balanced_loose_loose_eval,P10,120,3.8,4.0,1.0,3.89375,2.816666666666667,0.9833333333333333,6.907083333333333,9.25
rect_uniform_6x7_none_mixed_balanced_loose_loose_eval,P12,120,3.7083333333333335,4.0,1.0,5.054999999999998,2.8833333333333333,0.825,8.103333333333332,8.499999999999998
rect_uniform_6x7_none_mixed_balanced_loose_loose_eval,P13,120,3.2666666666666666,4.0,1.0,4.112500000000001,1.9583333333333333,1.3083333333333333,6.3325000000000005,6.654000000000001
rect_uniform_6x7_none_mixed_balanced_loose_loose_eval,P14,120,3.95,4.0,1.0,4.303229166666666,3.066666666666667,0.9,7.549895833333333,9.332986111111113
rect_uniform_6x7_none_mixed_balanced_loose_loose_eval,P20,120,2.925,4.0,0.9916666666666667,3.0799999999999987,1.95,0.975,5.225,5.55
rect_uniform_6x7_none_mixed_balanced_loose_loose_eval,P23,120,3.3916666666666666,4.0,1.0,4.340000000000001,2.066666666666667,1.325,6.671666666666666,7.024590163934428
rect_uniform_6x7_none_mixed_balanced_loose_loose_eval,P26,120,2.825,3.020618556701031,1.0,5.197499999999999,3.0,0.025,8.2025,8.325438596491228
rect_uniform_6x7_none_mixed_balanced_loose_loose_eval,P29,120,1.8583333333333334,2.0,0.9916666666666667,4.9575,2.225,0.0,7.182499999999999,9.75
rect_uniform_6x7_none_high_value_center_compact_compact_train,P01,120,3.75,4.0,1.0,3.3583333333333325,2.1666666666666665,1.5833333333333333,5.841666666666666,8.1125
rect_uniform_6x7_none_high_value_center_compact_compact_train,P02,120,3.7666666666666666,4.0,1.0,5.156666666666666,3.1,0.7,8.396666666666667,10.55
rect_uniform_6x7_none_high_value_center_compact_compact_train,P04,120,3.6166666666666667,4.0,1.0,2.4833333333333334,2.683333333333333,0.95,5.3566666666666665,6.051515151515151
rect_uniform_6x7_none_high_value_center_compact_compact_train,P05,120,3.5166666666666666,4.0,1.0,4.302499999999999,2.3583333333333334,1.1583333333333334,6.8925,8.75
rect_uniform_6x7_none_high_value_center_compact_compact_train,P06,120,1.6666666666666667,2.066666666666667,1.0,1.0125000000000002,1.125,0.575,2.2524999999999995,3.7999999999999985
rect_uniform_6x7_none_high_value_center_compact_compact_train,P07,120,3.408333333333333,4.0,1.0,3.546666666666667,2.4,1.1,6.166666666666666,9.585714285714287
rect_uniform_6x7_none_high_value_center_compact_compact_train,P09,120,3.808333333333333,4.0,1.0,6.206250000000001,3.625,0.26666666666666666,9.884583333333333,10.65
rect_uniform_6x7_none_high_value_center_compact_compact_train,P11,120,3.725,4.0,1.0,3.2599999999999993,3.3,0.45,6.65,7.899999999999997
rect_uniform_6x7_none_high_value_center_compact_compact_train,P15,120,1.175,2.0869565217391304,0.9666666666666667,3.1493750000000005,2.475,0.016666666666666666,5.6277083333333335,8.600000000000001
rect_uniform_6x7_none_high_value_center_compact_compact_train,P16,120,1.3833333333333333,2.0425531914893615,0.975,2.7349999999999994,1.8166666666666667,0.041666666666666664,4.5600000000000005,5.001980198019802
rect_uniform_6x7_none_high_value_center_compact_compact_train,P17,120,3.9166666666666665,4.0,1.0,6.769583333333334,7.425,0.0,14.194583333333332,15.967741935483868
rect_uniform_6x7_none_high_value_center_compact_compact_train,P18,120,1.85,3.0833333333333335,1.0,2.0870833333333327,2.175,0.041666666666666664,4.270416666666666,5.958695652173914
rect_uniform_6x7_none_high_value_center_compact_compact_train,P19,120,3.9166666666666665,4.0,1.0,5.525,5.425,0.025,10.955,12.610714285714286
rect_uniform_6x7_none_high_value_center_compact_compact_train,P21,120,2.3333333333333335,3.0,1.0,2.0066666666666673,1.9583333333333333,0.4,4.045,4.25
rect_uniform_6x7_none_high_value_center_compact_compact_train,P22,120,2.091666666666667,3.0,1.0,7.658750000000001,5.441666666666666,0.0,13.100416666666664,14.325000000000005
rect_uniform_6x7_none_high_value_center_compact_compact_train,P24,120,3.308333333333333,4.0,1.0,4.329166666666667,3.35,0.175,7.714166666666667,10.891250000000001
rect_uniform_6x7_none_high_value_center_compact_compact_train,P25,120,1.9583333333333333,3.0,1.0,1.9549999999999998,1.95,0.24166666666666667,3.9533333333333327,6.9
rect_uniform_6x7_none_high_value_center_compact_compact_train,P27,120,3.9166666666666665,4.0,1.0,8.608958333333335,6.475,0.0,15.083958333333335,17.846875
rect_uniform_6x7_none_high_value_center_compact_compact_train,P28,120,2.6666666666666665,3.0,1.0,8.420208333333333,6.016666666666667,0.0,14.436875000000002,20.821666666666665
rect_uniform_6x7_none_high_value_center_compact_compact_train,P30,120,2.7416666666666667,4.0,0.9833333333333333,4.453749999999999,3.375,0.0,7.828749999999999,12.149999999999999
rect_uniform_6x7_none_high_value_center_compact_compact_eval,P03,120,3.825,4.0,1.0,3.5350000000000006,2.675,1.15,6.440000000000001,7.399999999999998
rect_uniform_6x7_none_high_value_center_compact_compact_eval,P08,120,3.5833333333333335,4.0,1.0,4.90125,3.15,0.5583333333333333,8.162916666666666,10.978378378378382
rect_uniform_6x7_none_high_value_center_compact_compact_eval,P10,120,3.4833333333333334,4.0,1.0,3.9541666666666675,2.85,0.6416666666666667,6.932500000000002,7.6583333333333306
rect_uniform_6x7_none_high_value_center_compact_compact_eval,P12,120,3.533333333333333,4.0,1.0,5.111249999999999,2.75,0.8083333333333333,8.022916666666667,8.75
rect_uniform_6x7_none_high_value_center_compact_compact_eval,P13,120,1.75,2.045977011494253,0.9916666666666667,1.3875000000000002,1.5416666666666667,0.23333333333333334,2.9758333333333327,3.8090909090909095
rect_uniform_6x7_none_high_value_center_compact_compact_eval,P14,120,3.941666666666667,4.0,1.0,6.116354166666667,4.275,0.058333333333333334,10.403020833333331,11.762500000000001
rect_uniform_6x7_none_high_value_center_compact_compact_eval,P20,120,3.95,4.0,1.0,4.06125,2.7916666666666665,1.1833333333333333,7.089583333333332,9.375000000000002
rect_uniform_6x7_none_high_value_center_compact_compact_eval,P23,120,3.033333333333333,4.0,1.0,3.193125,2.775,0.39166666666666666,6.046458333333334,9.35277777777778
rect_uniform_6x7_none_high_value_center_compact_compact_eval,P26,120,3.941666666666667,4.0,1.0,3.614166666666667,3.1083333333333334,0.85,6.8925,9.225000000000003
rect_uniform_6x7_none_high_value_center_compact_compact_eval,P29,120,2.816666666666667,3.0,1.0,10.504791666666668,7.391666666666667,0.0,17.89645833333333,22.461363636363632
rect_uniform_6x7_none_high_value_center_compact_standard_train,P01,120,3.2,4.0,1.0,3.3399999999999994,1.4333333333333333,1.7666666666666666,5.126666666666666,7.208064516129035
rect_uniform_6x7_none_high_value_center_compact_standard_train,P02,120,3.3333333333333335,4.0,1.0,3.399166666666666,2.75,0.6333333333333333,6.275833333333333,9.35
rect_uniform_6x7_none_high_value_center_compact_standard_train,P04,120,1.4916666666666667,2.0689655172413794,0.975,0.9000000000000002,1.0,0.49166666666666664,1.9983333333333333,2.201724137931034
rect_uniform_6x7_none_high_value_center_compact_standard_train,P05,120,3.283333333333333,4.0,1.0,3.9074999999999998,2.7333333333333334,0.575,6.755833333333334,7.649999999999998
rect_uniform_6x7_none_high_value_center_compact_standard_train,P06,120,1.6666666666666667,2.066666666666667,1.0,1.0125000000000002,1.125,0.575,2.2524999999999995,3.7999999999999985
rect_uniform_6x7_none_high_value_center_compact_standard_train,P07,120,2.7,4.0,1.0,4.85625,2.3,0.5166666666666667,7.259583333333333,8.575
rect_uniform_6x7_none_high_value_center_compact_standard_train,P09,120,3.6666666666666665,4.0,1.0,4.347083333333334,3.25,0.49166666666666664,7.695416666666668,9.325
rect_uniform_6x7_none_high_value_center_compact_standard_train,P11,120,1.5,2.0454545454545454,0.925,1.215,1.35,0.15,2.5949999999999998,3.8078431372549026
rect_uniform_6x7_none_high_value_center_compact_standard_train,P15,120,2.725,3.0963855421686746,1.0,3.044999999999999,1.95,0.775,5.15,5.369512195121953
rect_uniform_6x7_none_high_value_center_compact_standard_train,P16,120,1.2416666666666667,2.054054054054054,0.9166666666666666,1.9250000000000003,0.9166666666666666,0.325,2.9066666666666667,3.3108108108108105
rect_uniform_6x7_none_high_value_center_compact_standard_train,P17,120,3.9166666666666665,4.0,1.0,5.8912499999999985,6.358333333333333,0.0,12.249583333333332,13.785897435897438
rect_uniform_6x7_none_high_value_center_compact_standard_train,P18,120,3.9166666666666665,4.0,1.0,3.9387500000000006,2.8666666666666667,1.05,7.015416666666665,7.424999999999995
rect_uniform_6x7_none_high_value_center_compact_standard_train,P19,120,3.716666666666667,4.0,1.0,5.283333333333333,4.566666666666666,0.03333333333333333,9.856666666666666,13.0
rect_uniform_6x7_none_high_value_center_compact_standard_train,P21,120,1.3833333333333333,2.0392156862745097,0.9416666666666667,1.5283333333333333,1.525,0.05,3.0633333333333335,4.690740740740741
rect_uniform_6x7_none_high_value_center_compact_standard_train,P22,120,2.091666666666667,3.0,1.0,7.658750000000001,5.441666666666666,0.0,13.100416666666664,14.325000000000005
rect_uniform_6x7_none_high_value_center_compact_standard_train,P24,120,2.966666666666667,4.0,1.0,3.8524999999999996,2.85,0.25,6.7525,10.225000000000001
rect_uniform_6x7_none_high_value_center_compact_standard_train,P25,120,1.9583333333333333,3.0,1.0,1.9549999999999998,1.95,0.24166666666666667,3.9533333333333327,6.9
rect_uniform_6x7_none_high_value_center_compact_standard_train,P27,120,3.625,4.0,1.0,8.367812500000001,6.033333333333333,0.0,14.401145833333334,17.040499999999998
rect_uniform_6x7_none_high_value_center_compact_standard_train,P28,120,1.9416666666666667,2.0272727272727273,1.0,8.418125,4.933333333333334,0.0,13.351458333333333,18.36875
rect_uniform_6x7_none_high_value_center_compact_standard_train,P30,120,2.441666666666667,4.0,0.9916666666666667,3.912083333333333,2.683333333333333,0.0,6.595416666666666,10.4
rect_uniform_6x7_none_high_value_center_compact_standard_eval,P03,120,3.5416666666666665,4.0,1.0,3.1408333333333323,2.0,1.5416666666666667,5.449166666666666,5.576470588235294
rect_uniform_6x7_none_high_value_center_compact_standard_eval,P08,120,3.325,4.0,1.0,4.711875,2.425,0.9083333333333333,7.318541666666665,8.75
rect_uniform_6x7_none_high_value_center_compact_standard_eval,P10,120,3.3666666666666667,4.0,1.0,3.571875,2.2083333333333335,1.1583333333333334,6.011875000000002,7.43653846153846
rect_uniform_6x7_none_high_value_center_compact_standard_eval,P12,120,3.5083333333333333,4.0,1.0,4.080000000000001,2.8333333333333335,0.6833333333333333,7.050000000000002,7.524999999999998
rect_uniform_6x7_none_high_value_center_compact_standard_eval,P13,120,1.75,2.045977011494253,0.9916666666666667,1.3875000000000002,1.5416666666666667,0.23333333333333334,2.9758333333333327,3.8090909090909095
rect_uniform_6x7_none_high_value_center_compact_standard_eval,P14,120,3.941666666666667,4.0,1.0,6.5748958333333345,4.541666666666667,0.03333333333333333,11.123229166666667,11.762500000000003
rect_uniform_6x7_none_high_value_center_compact_standard_eval,P20,120,3.941666666666667,4.0,1.0,2.895000000000001,1.6333333333333333,2.308333333333333,4.989999999999999,5.6968309859154935
rect_uniform_6x7_none_high_value_center_compact_standard_eval,P23,120,1.9083333333333334,3.066666666666667,0.9833333333333333,1.6775,1.7583333333333333,0.225,3.4808333333333326,6.476923076923078
rect_uniform_6x7_none_high_value_center_compact_standard_eval,P26,120,2.475,3.0,1.0,3.4566666666666674,2.2,0.2916666666666667,5.715,7.2250000000000005
rect_uniform_6x7_none_high_value_center_compact_standard_eval,P29,120,1.8666666666666667,2.0297029702970297,1.0,3.3639583333333336,2.691666666666667,0.0,6.055625000000001,9.486764705882354
rect_uniform_6x7_none_high_value_center_compact_loose_train,P01,120,2.675,4.0,1.0,3.4883333333333324,2.0,0.7,5.628333333333333,6.617999999999999
rect_uniform_6x7_none_high_value_center_compact_loose_train,P02,120,3.0416666666666665,4.0,1.0,1.719166666666667,1.9083333333333334,1.1333333333333333,3.8541666666666665,4.297142857142856
rect_uniform_6x7_none_high_value_center_compact_loose_train,P04,120,1.4916666666666667,2.0689655172413794,0.975,0.9000000000000002,1.0,0.49166666666666664,1.9983333333333333,2.201724137931034
rect_uniform_6x7_none_high_value_center_compact_loose_train,P05,120,2.433333333333333,3.074074074074074,1.0,2.1666666666666665,2.3583333333333334,0.19166666666666668,4.563333333333333,5.816326530612245
rect_uniform_6x7_none_high_value_center_compact_loose_train,P06,120,1.6666666666666667,2.066666666666667,1.0,1.0125000000000002,1.125,0.575,2.2524999999999995,3.7999999999999985
rect_uniform_6x7_none_high_value_center_compact_loose_train,P07,120,3.525,4.0,1.0,2.865,1.35,2.175,4.65,5.849999999999999
rect_uniform_6x7_none_high_value_center_compact_loose_train,P09,120,3.175,4.0,1.0,2.1683333333333334,2.216666666666667,0.9583333333333334,4.576666666666667,6.199999999999998
rect_uniform_6x7_none_high_value_center_compact_loose_train,P11,120,1.5,2.0454545454545454,0.925,1.215,1.35,0.15,2.5949999999999998,3.8078431372549026
rect_uniform_6x7_none_high_value_center_compact_loose_train,P15,120,2.9166666666666665,4.0,1.0,3.0362499999999994,1.9416666666666667,0.975,5.172916666666667,5.55
rect_uniform_6x7_none_high_value_center_compact_loose_train,P16,120,1.2416666666666667,2.054054054054054,0.9166666666666666,1.9250000000000003,0.9166666666666666,0.325,2.9066666666666667,3.3108108108108105
rect_uniform_6x7_none_high_value_center_compact_loose_train,P17,120,3.9166666666666665,4.0,1.0,5.332916666666665,5.7,0.03333333333333333,11.039583333333333,13.600000000000001
rect_uniform_6x7_none_high_value_center_compact_loose_train,P18,120,3.85,4.0,1.0,3.210000000000001,1.9833333333333334,1.8666666666666667,5.566666666666666,5.625
rect_uniform_6x7_none_high_value_center_compact_loose_train,P19,120,3.9166666666666665,4.0,1.0,5.3912499999999985,4.325,0.08333333333333333,9.732916666666664,11.188372093023258
rect_uniform_6x7_none_high_value_center_compact_loose_train,P21,120,1.425,2.0,0.975,0.8862500000000002,0.9833333333333333,0.44166666666666665,1.9579166666666665,2.1342592592592586
rect_uniform_6x7_none_high_value_center_compact_loose_train,P22,120,2.091666666666667,3.0,1.0,7.658750000000001,5.441666666666666,0.0,13.100416666666664,14.325000000000005
rect_uniform_6x7_none_high_value_center_compact_loose_train,P24,120,2.9583333333333335,4.0,1.0,3.8449999999999993,2.841666666666667,0.25,6.736666666666667,10.225000000000001
rect_uniform_6x7_none_high_value_center_compact_loose_train,P25,120,1.9583333333333333,3.0,1.0,1.9549999999999998,1.95,0.24166666666666667,3.9533333333333327,6.9
rect_uniform_6x7_none_high_value_center_compact_loose_train,P27,120,2.9166666666666665,3.0,1.0,7.1937500000000005,4.908333333333333,0.0,12.102083333333335,14.652205882352943
rect_uniform_6x7_none_high_value_center_compact_loose_train,P28,120,1.7583333333333333,2.0,0.9833333333333333,6.152708333333334,4.4,0.0,10.552708333333333,14.691666666666666
rect_uniform_6x7_none_high_value_center_compact_loose_train,P30,120,2.0083333333333333,3.0,0.9416666666666667,3.2462500000000003,2.0416666666666665,0.0,5.287916666666666,9.12857142857143
rect_uniform_6x7_none_high_value_center_compact_loose_eval,P03,120,2.683333333333333,3.08974358974359,1.0,4.313749999999999,1.8416666666666666,0.8416666666666667,6.3237499999999995,6.86818181818182
rect_uniform_6x7_none_high_value_center_compact_loose_eval,P08,120,3.225,4.0,1.0,3.9906250000000005,2.6416666666666666,0.6583333333333333,6.763958333333335,7.525000000000002
rect_uniform_6x7_none_high_value_center_compact_loose_eval,P10,120,3.175,4.0,1.0,4.61125,1.9833333333333334,1.1916666666666667,6.832916666666666,7.050000000000001
rect_uniform_6x7_none_high_value_center_compact_loose_eval,P12,120,3.033333333333333,4.0,1.0,2.836666666666667,2.8333333333333335,0.275,5.725,6.2
rect_uniform_6x7_none_high_value_center_compact_loose_eval,P13,120,1.75,2.045977011494253,0.9916666666666667,1.3875000000000002,1.5416666666666667,0.23333333333333334,2.9758333333333327,3.8090909090909095
rect_uniform_6x7_none_high_value_center_compact_loose_eval,P14,120,3.941666666666667,4.0,1.0,6.725312500000002,4.591666666666667,0.058333333333333334,11.328645833333331,13.762499999999998
rect_uniform_6x7_none_high_value_center_compact_loose_eval,P20,120,0.6833333333333333,1.1081081081081081,0.6166666666666667,0.6475000000000002,0.6666666666666666,0.025,1.3191666666666666,2.139189189189189
rect_uniform_6x7_none_high_value_center_compact_loose_eval,P23,120,1.775,2.0434782608695654,0.975,1.5325000000000002,1.625,0.225,3.2024999999999997,4.024324324324325
rect_uniform_6x7_none_high_value_center_compact_loose_eval,P26,120,2.975,3.0085470085470085,1.0,2.940000000000001,1.6833333333333333,1.3,4.883333333333332,5.427469135802467
rect_uniform_6x7_none_high_value_center_compact_loose_eval,P29,120,1.8416666666666666,2.0,1.0,3.3056249999999996,2.658333333333333,0.0,5.963958333333334,9.285
rect_uniform_6x7_none_high_value_center_standard_compact_train,P01,120,3.8,4.0,1.0,3.4962499999999994,2.4583333333333335,1.3416666666666666,6.222916666666667,7.528
rect_uniform_6x7_none_high_value_center_standard_compact_train,P02,120,2.625,3.1285714285714286,1.0,3.9025000000000003,2.125,0.5083333333333333,6.129166666666666,8.670833333333334
rect_uniform_6x7_none_high_value_center_standard_compact_train,P04,120,3.175,4.0,1.0,2.7849999999999997,2.9833333333333334,0.35,5.838333333333333,7.699999999999998
rect_uniform_6x7_none_high_value_center_standard_compact_train,P05,120,3.091666666666667,4.0,1.0,3.712500000000001,2.091666666666667,1.0,6.004166666666667,8.95
rect_uniform_6x7_none_high_value_center_standard_compact_train,P06,120,2.25,3.116279069767442,0.975,1.3950000000000002,1.55,0.7,3.0850000000000004,4.069444444444445
rect_uniform_6x7_none_high_value_center_standard_compact_train,P07,120,3.5833333333333335,4.0,1.0,4.0025,2.8916666666666666,0.6916666666666667,7.032499999999999,7.3
rect_uniform_6x7_none_high_value_center_standard_compact_train,P09,120,2.816666666666667,4.0,1.0,4.947916666666667,2.6666666666666665,0.26666666666666666,7.667916666666666,9.49705882352941
rect_uniform_6x7_none_high_value_center_standard_compact_train,P11,120,3.425,4.0,1.0,3.6899999999999995,3.7666666666666666,0.05,7.466666666666669,7.8999999999999995
rect_uniform_6x7_none_high_value_center_standard_compact_train,P15,120,2.8666666666666667,3.0714285714285716,1.0,3.295000000000001,2.8666666666666667,0.06666666666666667,6.175000000000001,6.338461538461539
rect_uniform_6x7_none_high_value_center_standard_compact_train,P16,120,3.9166666666666665,4.0,1.0,2.9924999999999993,1.9916666666666667,1.925,5.3691666666666675,5.3999999999999995
rect_uniform_6x7_none_high_value_center_standard_compact_train,P17,120,3.1083333333333334,4.0,1.0,4.429166666666666,4.575,0.008333333333333333,9.005833333333335,11.400000000000002
rect_uniform_6x7_none_high_value_center_standard_compact_train,P18,120,2.091666666666667,3.0,1.0,2.103125,2.033333333333333,0.15833333333333333,4.168125000000001,5.19396551724138
rect_uniform_6x7_none_high_value_center_standard_compact_train,P19,120,3.9166666666666665,4.0,1.0,6.446250000000002,5.275,0.0,11.721250000000001,13.200000000000005
rect_uniform_6x7_none_high_value_center_standard_compact_train,P21,120,3.75,4.0,1.0,3.301250000000001,2.966666666666667,0.7833333333333333,6.424583333333333,9.2
rect_uniform_6x7_none_high_value_center_standard_compact_train,P22,120,2.4916666666666667,3.0,1.0,7.503125000000002,5.316666666666666,0.0,12.819791666666667,14.325000000000006
rect_uniform_6x7_none_high_value_center_standard_compact_train,P24,120,3.2333333333333334,4.0,1.0,4.415416666666666,3.466666666666667,0.16666666666666666,7.915416666666667,11.23653846153846
rect_uniform_6x7_none_high_value_center_standard_compact_train,P25,120,2.433333333333333,3.0377358490566038,1.0,2.1925,2.125,0.4083333333333333,4.399166666666665,6.908333333333334
rect_uniform_6x7_none_high_value_center_standard_compact_train,P27,120,3.7666666666666666,4.0,1.0,6.710416666666669,4.908333333333333,0.041666666666666664,11.627083333333333,14.225
rect_uniform_6x7_none_high_value_center_standard_compact_train,P28,120,2.725,3.0,1.0,8.362083333333334,5.708333333333333,0.0,14.070416666666667,20.6375
rect_uniform_6x7_none_high_value_center_standard_compact_train,P30,120,2.925,4.0,0.9916666666666667,5.194583333333332,3.825,0.0,9.019583333333335,13.942307692307688
rect_uniform_6x7_none_high_value_center_standard_compact_eval,P03,120,1.9583333333333333,3.0,0.9833333333333333,4.22375,3.191666666666667,0.016666666666666666,7.418749999999999,9.341176470588236
rect_uniform_6x7_none_high_value_center_standard_compact_eval,P08,120,3.816666666666667,4.0,1.0,4.5443750000000005,3.2083333333333335,0.6416666666666667,7.8810416666666665,9.555232558139533
rect_uniform_6x7_none_high_value_center_standard_compact_eval,P10,120,2.325,3.108695652173913,1.0,4.9675,3.775,0.0,8.742499999999998,11.224999999999998
rect_uniform_6x7_none_high_value_center_standard_compact_eval,P12,120,3.0083333333333333,4.0,1.0,4.3793750000000005,2.425,0.6416666666666667,6.932708333333333,9.188709677419354
rect_uniform_6x7_none_high_value_center_standard_compact_eval,P13,120,2.3,3.0681818181818183,1.0,1.714166666666667,1.8916666666666666,0.4083333333333333,3.6874999999999996,5.558333333333333
rect_uniform_6x7_none_high_value_center_standard_compact_eval,P14,120,3.95,4.0,1.0,5.636562499999999,3.566666666666667,0.45,9.293229166666666,11.168750000000001
rect_uniform_6x7_none_high_value_center_standard_compact_eval,P20,120,3.95,4.0,1.0,5.248749999999999,3.975,0.008333333333333333,9.225416666666668,9.275000000000006
rect_uniform_6x7_none_high_value_center_standard_compact_eval,P23,120,3.2583333333333333,4.0,1.0,3.5285416666666665,2.9583333333333335,0.4166666666666667,6.570208333333334,9.364130434782608
rect_uniform_6x7_none_high_value_center_standard_compact_eval,P26,120,3.8583333333333334,4.0,1.0,5.386666666666667,4.183333333333334,0.03333333333333333,9.576666666666664,13.175000000000002
rect_uniform_6x7_none_high_value_center_standard_compact_eval,P29,120,2.841666666666667,3.0,1.0,9.994375,6.725,0.0,16.719375000000003,20.142741935483876
rect_uniform_6x7_none_high_value_center_standard_standard_train,P01,120,2.375,3.125,1.0,3.690000000000001,2.1,0.35833333333333334,5.861666666666667,8.603333333333332
rect_uniform_6x7_none_high_value_center_standard_standard_train,P02,120,2.85,4.0,1.0,3.7337499999999997,2.6166666666666667,0.375,6.425416666666667,7.922
rect_uniform_6x7_none_high_value_center_standard_standard_train,P04,120,2.9,4.0,0.9916666666666667,2.1375,2.375,0.525,4.617500000000001,5.900000000000002
rect_uniform_6x7_none_high_value_center_standard_standard_train,P05,120,3.2916666666666665,4.0,1.0,4.3050000000000015,2.875,0.4666666666666667,7.273333333333335,7.964814814814812
rect_uniform_6x7_none_high_value_center_standard_standard_train,P06,120,2.2416666666666667,3.0930232558139537,0.975,1.3875,1.5416666666666667,0.7,3.069166666666667,4.016666666666667
rect_uniform_6x7_none_high_value_center_standard_standard_train,P07,120,3.8916666666666666,4.0,1.0,5.07125,3.2583333333333333,0.65,8.459583333333333,10.600000000000003
rect_uniform_6x7_none_high_value_center_standard_standard_train,P09,120,3.066666666666667,4.0,1.0,4.07375,2.8,0.36666666666666664,6.947083333333334,7.82857142857143
rect_uniform_6x7_none_high_value_center_standard_standard_train,P11,120,3.183333333333333,4.0,1.0,2.5899999999999994,2.7666666666666666,0.4166666666666667,5.4399999999999995,6.0
rect_uniform_6x7_none_high_value_center_standard_standard_train,P15,120,2.1666666666666665,3.0,1.0,3.2866666666666675,2.8583333333333334,0.041666666666666664,6.153333333333334,6.325000000000001
rect_uniform_6x7_none_high_value_center_standard_standard_train,P16,120,2.975,4.0,1.0,2.9999999999999996,2.0,0.9833333333333333,5.196666666666668,5.400000000000001
rect_uniform_6x7_none_high_value_center_standard_standard_train,P17,120,3.091666666666667,4.0,1.0,3.7224999999999997,4.125,0.058333333333333334,7.859166666666668,10.591666666666667
rect_uniform_6x7_none_high_value_center_standard_standard_train,P18,120,2.225,3.0,1.0,5.232500000000001,3.9583333333333335,0.0,9.190833333333334,9.275000000000004
rect_uniform_6x7_none_high_value_center_standard_standard_train,P19,120,3.8833333333333333,4.0,1.0,5.157499999999999,4.083333333333333,0.15,9.270833333333334,11.100000000000005
rect_uniform_6x7_none_high_value_center_standard_standard_train,P21,120,3.066666666666667,4.0,1.0,2.7329166666666667,2.425,0.8,5.317916666666667,9.199999999999998
rect_uniform_6x7_none_high_value_center_standard_standard_train,P22,120,2.4916666666666667,3.0,1.0,7.503125000000002,5.316666666666666,0.0,12.819791666666667,14.325000000000006
rect_uniform_6x7_none_high_value_center_standard_standard_train,P24,120,3.2083333333333335,4.0,1.0,3.793749999999999,2.841666666666667,0.4166666666666667,6.71875,10.066666666666665
rect_uniform_6x7_none_high_value_center_standard_standard_train,P25,120,2.433333333333333,3.0377358490566038,1.0,2.1925,2.125,0.4083333333333333,4.399166666666665,6.908333333333334
rect_uniform_6x7_none_high_value_center_standard_standard_train,P27,120,3.875,4.0,1.0,7.408541666666666,5.5,0.016666666666666666,12.911875000000002,15.677678571428576
rect_uniform_6x7_none_high_value_center_standard_standard_train,P28,120,1.9666666666666666,2.0545454545454547,1.0,7.754583333333334,4.391666666666667,0.0,12.146249999999998,16.3675
rect_uniform_6x7_none_high_value_center_standard_standard_train,P30,120,2.65,4.0,1.0,3.5495833333333326,2.725,0.0,6.274583333333334,9.855555555555556
rect_uniform_6x7_none_high_value_center_standard_standard_eval,P03,120,3.4166666666666665,4.0,1.0,2.9624999999999995,1.9416666666666667,1.475,5.199166666666668,5.568867924528301
rect_uniform_6x7_none_high_value_center_standard_standard_eval,P08,120,2.591666666666667,4.0,1.0,4.185625000000001,2.341666666666667,0.2916666666666667,6.5856249999999985,8.75
rect_uniform_6x7_none_high_value_center_standard_standard_eval,P10,120,3.1166666666666667,4.0,1.0,3.7822916666666666,2.525,0.6166666666666667,6.430625000000001,7.700000000000001
rect_uniform_6x7_none_high_value_center_standard_standard_eval,P12,120,3.6416666666666666,4.0,1.0,4.191458333333333,2.8666666666666667,0.8166666666666667,7.221458333333335,9.225
rect_uniform_6x7_none_high_value_center_standard_standard_eval,P13,120,2.183333333333333,3.0285714285714285,1.0,1.5975000000000004,1.775,0.4083333333333333,3.454166666666666,4.005714285714285
rect_uniform_6x7_none_high_value_center_standard_standard_eval,P14,120,3.95,4.0,1.0,6.261770833333334,4.008333333333334,0.26666666666666666,10.3234375,11.7625
rect_uniform_6x7_none_high_value_center_standard_standard_eval,P20,120,3.933333333333333,4.0,1.0,4.238124999999999,2.975,0.9583333333333334,7.404791666666665,7.474999999999999
rect_uniform_6x7_none_high_value_center_standard_standard_eval,P23,120,2.725,4.0,1.0,2.025,2.0833333333333335,0.65,4.238333333333333,6.654545454545453
rect_uniform_6x7_none_high_value_center_standard_standard_eval,P26,120,2.816666666666667,3.0,1.0,3.285000000000001,2.066666666666667,0.75,5.501666666666666,7.125
rect_uniform_6x7_none_high_value_center_standard_standard_eval,P29,120,1.8833333333333333,2.019230769230769,1.0,3.113958333333334,2.316666666666667,0.0,5.430625000000002,7.60869565217391
rect_uniform_6x7_none_high_value_center_standard_loose_train,P01,120,3.433333333333333,4.0,1.0,3.4275000000000007,1.975,1.4583333333333333,5.694166666666666,5.850000000000001
rect_uniform_6x7_none_high_value_center_standard_loose_train,P02,120,2.6666666666666665,3.049382716049383,1.0,2.3825,2.566666666666667,0.15,4.979166666666666,5.9150684931506845
rect_uniform_6x7_none_high_value_center_standard_loose_train,P04,120,1.9,3.03125,0.95,1.3200000000000003,1.4666666666666666,0.43333333333333335,2.873333333333333,4.00625
rect_uniform_6x7_none_high_value_center_standard_loose_train,P05,120,2.4833333333333334,3.1132075471698113,1.0,1.8474999999999995,1.9416666666666667,0.5416666666666666,3.8975,4.443396226415094
rect_uniform_6x7_none_high_value_center_standard_loose_train,P06,120,2.2416666666666667,3.0930232558139537,0.975,1.3875,1.5416666666666667,0.7,3.069166666666667,4.016666666666667
rect_uniform_6x7_none_high_value_center_standard_loose_train,P07,120,3.716666666666667,4.0,1.0,3.3525000000000005,1.8916666666666666,1.825,5.609166666666666,5.850000000000001
rect_uniform_6x7_none_high_value_center_standard_loose_train,P09,120,3.0416666666666665,4.0,1.0,2.8466666666666667,2.8333333333333335,0.25,5.73,6.54
rect_uniform_6x7_none_high_value_center_standard_loose_train,P11,120,1.9833333333333334,3.0,0.9916666666666667,1.59,1.7666666666666666,0.21666666666666667,3.3999999999999995,4.0
rect_uniform_6x7_none_high_value_center_standard_loose_train,P15,120,2.316666666666667,3.138888888888889,1.0,2.449166666666667,1.3416666666666666,0.975,3.9858333333333325,5.51470588235294
rect_uniform_6x7_none_high_value_center_standard_loose_train,P16,120,2.975,4.0,1.0,2.1000000000000005,1.0,1.975,3.4949999999999997,3.7
rect_uniform_6x7_none_high_value_center_standard_loose_train,P17,120,3.025,4.0,1.0,2.924583333333333,3.2083333333333335,0.20833333333333334,6.1745833333333335,8.21190476190476
rect_uniform_6x7_none_high_value_center_standard_loose_train,P18,120,3.908333333333333,4.0,1.0,3.8825,2.625,1.2833333333333334,6.764166666666666,7.475000000000001
rect_uniform_6x7_none_high_value_center_standard_loose_train,P19,120,3.9166666666666665,4.0,1.0,5.131249999999999,4.05,0.20833333333333334,9.222916666666666,11.158571428571431
rect_uniform_6x7_none_high_value_center_standard_loose_train,P21,120,1.7416666666666667,2.0229885057471266,1.0,2.4266666666666667,2.1333333333333333,0.025,4.5649999999999995,7.15
rect_uniform_6x7_none_high_value_center_standard_loose_train,P22,120,2.4916666666666667,3.0,1.0,7.503125000000002,5.316666666666666,0.0,12.819791666666667,14.325000000000006
rect_uniform_6x7_none_high_value_center_standard_loose_train,P24,120,3.2083333333333335,4.0,1.0,3.793749999999999,2.841666666666667,0.4166666666666667,6.71875,10.066666666666665
rect_uniform_6x7_none_high_value_center_standard_loose_train,P25,120,2.433333333333333,3.0377358490566038,1.0,2.1925,2.125,0.4083333333333333,4.399166666666665,6.908333333333334
rect_uniform_6x7_none_high_value_center_standard_loose_train,P27,120,3.9166666666666665,4.0,1.0,8.588020833333333,6.483333333333333,0.0,15.071354166666667,16.914634146341463
rect_uniform_6x7_none_high_value_center_standard_loose_train,P28,120,1.7,2.0,0.9916666666666667,5.856666666666667,4.058333333333334,0.0,9.915000000000001,14.525
rect_uniform_6x7_none_high_value_center_standard_loose_train,P30,120,2.191666666666667,3.148936170212766,0.9583333333333334,3.6862499999999994,2.191666666666667,0.0,5.877916666666666,8.958064516129035
rect_uniform_6x7_none_high_value_center_standard_loose_eval,P03,120,1.8833333333333333,3.0,0.9916666666666667,4.255,2.3,0.05,6.5649999999999995,8.549999999999999
rect_uniform_6x7_none_high_value_center_standard_loose_eval,P08,120,3.216666666666667,4.0,1.0,3.4581250000000012,2.2,1.0166666666666666,5.861458333333333,7.525
rect_uniform_6x7_none_high_value_center_standard_loose_eval,P10,120,2.216666666666667,3.0526315789473686,1.0,5.0962499999999995,2.7333333333333334,0.025,7.834583333333332,8.554123711340203
rect_uniform_6x7_none_high_value_center_standard_loose_eval,P12,120,2.65,3.1285714285714286,1.0,1.8858333333333335,1.875,0.775,3.9158333333333335,6.050000000000001
rect_uniform_6x7_none_high_value_center_standard_loose_eval,P13,120,2.183333333333333,3.0285714285714285,1.0,1.5975000000000004,1.775,0.4083333333333333,3.454166666666666,4.005714285714285
rect_uniform_6x7_none_high_value_center_standard_loose_eval,P14,120,3.95,4.0,1.0,6.3118750000000015,3.908333333333333,0.23333333333333334,10.266875,11.83988095238095
rect_uniform_6x7_none_high_value_center_standard_loose_eval,P20,120,2.65,3.076923076923077,1.0,1.25875,1.3416666666666666,1.3083333333333333,2.8620833333333335,4.155882352941177
rect_uniform_6x7_none_high_value_center_standard_loose_eval,P23,120,2.525,3.0704225352112675,0.9916666666666667,1.8050000000000002,1.8833333333333333,0.65,3.8183333333333334,5.713333333333334
rect_uniform_6x7_none_high_value_center_standard_loose_eval,P26,120,2.5166666666666666,3.1454545454545455,1.0,3.265625000000001,2.058333333333333,0.4583333333333333,5.415625,7.177173913043478
rect_uniform_6x7_none_high_value_center_standard_loose_eval,P29,120,1.8666666666666667,2.0,1.0,3.0631250000000003,2.2916666666666665,0.0,5.354791666666667,7.410869565217388
rect_uniform_6x7_none_high_value_center_loose_compact_train,P01,120,2.3833333333333333,3.02,1.0,4.015833333333334,2.908333333333333,0.025,6.9291666666666645,7.101834862385322
rect_uniform_6x7_none_high_value_center_loose_compact_train,P02,120,3.091666666666667,4.0,1.0,4.095000000000001,2.55,0.5583333333333333,6.756666666666666,9.342307692307692
rect_uniform_6x7_none_high_value_center_loose_compact_train,P04,120,3.7666666666666666,4.0,1.0,2.73125,2.908333333333333,0.8666666666666667,5.812916666666666,6.018333333333333
rect_uniform_6x7_none_high_value_center_loose_compact_train,P05,120,3.9166666666666665,4.0,1.0,5.227500000000001,3.775,0.19166666666666668,9.040833333333335,9.438297872340426
rect_uniform_6x7_none_high_value_center_loose_compact_train,P06,120,3.3833333333333333,4.0,1.0,2.475,2.75,0.6416666666666667,5.353333333333334,5.899999999999999
rect_uniform_6x7_none_high_value_center_loose_compact_train,P07,120,3.716666666666667,4.0,1.0,4.025000000000001,2.9166666666666665,0.8166666666666667,7.1049999999999995,7.299999999999998
rect_uniform_6x7_none_high_value_center_loose_compact_train,P09,120,3.1166666666666667,4.0,1.0,4.865625,2.925,0.30833333333333335,7.852291666666667,10.753571428571428
rect_uniform_6x7_none_high_value_center_loose_compact_train,P11,120,3.35,4.0,1.0,2.6118749999999995,2.6666666666666665,0.725,5.423541666666667,6.178125000000001
rect_uniform_6x7_none_high_value_center_loose_compact_train,P15,120,3.9166666666666665,4.0,1.0,3.1974999999999993,2.566666666666667,1.35,6.034166666666666,6.521822033898306
rect_uniform_6x7_none_high_value_center_loose_compact_train,P16,120,3.8916666666666666,4.0,1.0,2.108333333333334,1.0083333333333333,2.8833333333333333,3.6933333333333342,3.7168224299065424
rect_uniform_6x7_none_high_value_center_loose_compact_train,P17,120,2.3666666666666667,3.0,1.0,2.6787499999999995,2.658333333333333,0.11666666666666667,5.360416666666667,6.2942857142857145
rect_uniform_6x7_none_high_value_center_loose_compact_train,P18,120,3.6333333333333333,4.0,1.0,4.124375,3.5416666666666665,0.25,7.7160416666666665,8.5
rect_uniform_6x7_none_high_value_center_loose_compact_train,P19,120,3.8833333333333333,4.0,1.0,4.384583333333333,3.216666666666667,0.7166666666666667,7.744583333333334,9.575
rect_uniform_6x7_none_high_value_center_loose_compact_train,P21,120,3.625,4.0,1.0,4.5474999999999985,3.5,0.325,8.1125,9.049999999999995
rect_uniform_6x7_none_high_value_center_loose_compact_train,P22,120,2.9583333333333335,4.0,1.0,6.9887500000000005,4.833333333333333,0.008333333333333333,11.823750000000002,14.325
rect_uniform_6x7_none_high_value_center_loose_compact_train,P24,120,2.9916666666666667,4.0,1.0,3.579999999999999,2.525,0.48333333333333334,6.201666666666667,7.754838709677417
rect_uniform_6x7_none_high_value_center_loose_compact_train,P25,120,2.816666666666667,3.120879120879121,1.0,2.3474999999999997,2.175,0.6666666666666666,4.655833333333333,6.948275862068965
rect_uniform_6x7_none_high_value_center_loose_compact_train,P27,120,3.466666666666667,4.0,1.0,6.595000000000001,4.675,0.016666666666666666,11.273333333333335,13.612500000000004
rect_uniform_6x7_none_high_value_center_loose_compact_train,P28,120,2.466666666666667,3.0,1.0,7.577916666666666,4.725,0.0,12.302916666666668,18.49038461538461
rect_uniform_6x7_none_high_value_center_loose_compact_train,P30,120,3.425,4.0,1.0,6.216666666666667,4.583333333333333,0.0,10.8,15.041666666666664
rect_uniform_6x7_none_high_value_center_loose_compact_eval,P03,120,3.95,4.0,1.0,4.218749999999999,3.191666666666667,0.7583333333333333,7.562083333333334,9.05
rect_uniform_6x7_none_high_value_center_loose_compact_eval,P08,120,2.283333333333333,3.1470588235294117,1.0,4.122291666666667,2.9,0.03333333333333333,7.028958333333333,7.377475247524754
rect_uniform_6x7_none_high_value_center_loose_compact_eval,P10,120,3.95,4.0,1.0,4.9245833333333335,3.591666666666667,0.44166666666666665,8.604583333333334,10.691666666666665
rect_uniform_6x7_none_high_value_center_loose_compact_eval,P12,120,3.95,4.0,1.0,5.5893749999999995,4.0,0.14166666666666666,9.617708333333333,12.5
rect_uniform_6x7_none_high_value_center_loose_compact_eval,P13,120,3.308333333333333,4.0,1.0,2.6366666666666663,2.808333333333333,0.525,5.549999999999999,6.056862745098039
rect_uniform_6x7_none_high_value_center_loose_compact_eval,P14,120,3.95,4.0,1.0,5.148645833333334,2.75,1.2083333333333333,8.1403125,8.837660256410254
rect_uniform_6x7_none_high_value_center_loose_compact_eval,P20,120,3.95,4.0,1.0,4.62875,3.5833333333333335,0.5083333333333333,8.313749999999999,10.5
rect_uniform_6x7_none_high_value_center_loose_compact_eval,P23,120,2.908333333333333,4.0,1.0,3.42625,2.725,0.4166666666666667,6.234583333333333,9.475000000000001
rect_uniform_6x7_none_high_value_center_loose_compact_eval,P26,120,2.0,3.0,1.0,4.836666666666668,3.691666666666667,0.016666666666666666,8.531666666666666,11.175
rect_uniform_6x7_none_high_value_center_loose_compact_eval,P29,120,2.625,3.0,1.0,9.577500000000002,6.208333333333333,0.0,15.785833333333334,20.14807692307692
rect_uniform_6x7_none_high_value_center_loose_standard_train,P01,120,3.8583333333333334,4.0,1.0,4.46875,2.933333333333333,0.9333333333333333,7.588750000000001,7.771428571428573
rect_uniform_6x7_none_high_value_center_loose_standard_train,P02,120,3.2666666666666666,4.0,1.0,4.64125,3.35,0.23333333333333334,8.037916666666666,9.350000000000003
rect_uniform_6x7_none_high_value_center_loose_standard_train,P04,120,3.808333333333333,4.0,1.0,2.6100000000000003,2.9,0.9166666666666666,5.693333333333333,5.899999999999999
rect_uniform_6x7_none_high_value_center_loose_standard_train,P05,120,2.6416666666666666,3.0972222222222223,1.0,4.125000000000001,2.75,0.15833333333333333,6.906666666666665,7.363186813186813
rect_uniform_6x7_none_high_value_center_loose_standard_train,P06,120,2.841666666666667,4.0,1.0,1.7100000000000004,1.9,0.9416666666666667,3.7983333333333333,4.200000000000001
rect_uniform_6x7_none_high_value_center_loose_standard_train,P07,120,1.7666666666666666,3.0555555555555554,1.0,2.1412499999999994,1.575,0.2833333333333333,3.7729166666666667,7.945833333333333
rect_uniform_6x7_none_high_value_center_loose_standard_train,P09,120,3.3583333333333334,4.0,1.0,4.560625000000001,3.275,0.3416666666666667,7.9039583333333345,9.225000000000003
rect_uniform_6x7_none_high_value_center_loose_standard_train,P11,120,3.3333333333333335,4.0,1.0,2.4925,2.658333333333333,0.725,5.295833333333333,6.0
rect_uniform_6x7_none_high_value_center_loose_standard_train,P15,120,3.3833333333333333,4.0,1.0,3.2837500000000004,2.816666666666667,0.5666666666666667,6.213750000000001,6.5249999999999995
rect_uniform_6x7_none_high_value_center_loose_standard_train,P16,120,3.9166666666666665,4.0,1.0,2.8575,1.8416666666666666,2.075,5.114166666666667,5.399999999999999
rect_uniform_6x7_none_high_value_center_loose_standard_train,P17,120,2.5,3.0,1.0,2.4850000000000003,2.466666666666667,0.20833333333333334,4.993333333333333,6.35
rect_uniform_6x7_none_high_value_center_loose_standard_train,P18,120,3.175,4.0,1.0,4.1587499999999995,2.8833333333333333,0.3,7.102083333333334,7.475
rect_uniform_6x7_none_high_value_center_loose_standard_train,P19,120,3.9166666666666665,4.0,1.0,4.3512499999999985,3.2083333333333335,0.7666666666666667,7.712916666666667,9.456410256410258
rect_uniform_6x7_none_high_value_center_loose_standard_train,P21,120,3.7666666666666666,4.0,1.0,4.344999999999999,3.191666666666667,0.6166666666666667,7.659999999999999,9.2
rect_uniform_6x7_none_high_value_center_loose_standard_train,P22,120,2.9583333333333335,4.0,1.0,6.9887500000000005,4.833333333333333,0.008333333333333333,11.823750000000002,14.325
rect_uniform_6x7_none_high_value_center_loose_standard_train,P24,120,2.4,3.111111111111111,1.0,2.9875,1.9583333333333333,0.4666666666666667,5.0391666666666675,7.038461538461539
rect_uniform_6x7_none_high_value_center_loose_standard_train,P25,120,2.816666666666667,3.120879120879121,1.0,2.3474999999999997,2.175,0.6666666666666666,4.655833333333333,6.948275862068965
rect_uniform_6x7_none_high_value_center_loose_standard_train,P27,120,3.6666666666666665,4.0,1.0,5.911875,4.05,0.20833333333333334,10.003541666666669,12.13804347826087
rect_uniform_6x7_none_high_value_center_loose_standard_train,P28,120,1.9166666666666667,2.02803738317757,1.0,7.20625,3.95,0.0,11.15625,14.420454545454547
rect_uniform_6x7_none_high_value_center_loose_standard_train,P30,120,1.2416666666666667,2.148936170212766,0.7916666666666666,2.0825,1.5333333333333334,0.0,3.6158333333333332,7.726470588235294
rect_uniform_6x7_none_high_value_center_loose_standard_eval,P03,120,2.525,3.015873015873016,1.0,3.9150000000000005,2.8,0.05,6.724999999999998,7.102083333333333
rect_uniform_6x7_none_high_value_center_loose_standard_eval,P08,120,3.841666666666667,4.0,1.0,4.5981250000000005,3.0833333333333335,0.7833333333333333,7.838125,10.718750000000002
rect_uniform_6x7_none_high_value_center_loose_standard_eval,P10,120,2.658333333333333,3.0253164556962027,0.9916666666666667,3.9272916666666675,2.683333333333333,0.08333333333333333,6.6272916666666655,7.229761904761905
rect_uniform_6x7_none_high_value_center_loose_standard_eval,P12,120,2.725,3.0229885057471266,1.0,3.8597916666666667,2.716666666666667,0.125,6.6014583333333325,7.129494382022472
rect_uniform_6x7_none_high_value_center_loose_standard_eval,P13,120,2.5416666666666665,4.0,1.0,1.6450000000000002,1.8166666666666667,0.725,3.6066666666666665,4.407692307692309
rect_uniform_6x7_none_high_value_center_loose_standard_eval,P14,120,3.95,4.0,1.0,5.391145833333334,2.95,1.025,8.546145833333332,10.656896551724136
rect_uniform_6x7_none_high_value_center_loose_standard_eval,P20,120,1.8333333333333333,2.051546391752577,0.9833333333333333,3.6387499999999995,2.6666666666666665,0.041666666666666664,6.313750000000001,7.275
rect_uniform_6x7_none_high_value_center_loose_standard_eval,P23,120,2.8,4.0,1.0,2.0283333333333338,2.066666666666667,0.7583333333333333,4.246666666666667,6.382352941176471
rect_uniform_6x7_none_high_value_center_loose_standard_eval,P26,120,3.85,4.0,1.0,4.8824999999999985,3.683333333333333,0.18333333333333332,8.6025,9.174999999999995
rect_uniform_6x7_none_high_value_center_loose_standard_eval,P29,120,1.65,2.0121951219512195,0.9583333333333334,2.810833333333334,1.9166666666666667,0.0,4.727500000000001,7.6000000000000005
rect_uniform_6x7_none_high_value_center_loose_loose_train,P01,120,2.6083333333333334,3.084507042253521,1.0,3.3750000000000004,1.9166666666666667,0.7,5.431666666666667,5.66470588235294
rect_uniform_6x7_none_high_value_center_loose_loose_train,P02,120,2.625,3.125,1.0,2.2824999999999998,2.425,0.20833333333333334,4.749166666666666,5.830000000000001
rect_uniform_6x7_none_high_value_center_loose_loose_train,P04,120,2.5166666666666666,3.1475409836065573,1.0,1.7100000000000004,1.9,0.6166666666666667,3.733333333333333,4.029999999999999
rect_uniform_6x7_none_high_value_center_loose_loose_train,P05,120,3.675,4.0,1.0,2.5749999999999997,2.75,0.9333333333333333,5.511666666666667,6.0
rect_uniform_6x7_none_high_value_center_loose_loose_train,P06,120,2.841666666666667,4.0,1.0,1.7100000000000004,1.9,0.9416666666666667,3.7983333333333333,4.200000000000001
rect_uniform_6x7_none_high_value_center_loose_loose_train,P07,120,3.7,4.0,1.0,3.375000000000001,1.9166666666666667,1.7833333333333334,5.6483333333333325,5.850000000000002
rect_uniform_6x7_none_high_value_center_loose_loose_train,P09,120,2.775,4.0,1.0,2.255,2.283333333333333,0.49166666666666664,4.636666666666668,6.099999999999999
rect_uniform_6x7_none_high_value_center_loose_loose_train,P11,120,2.2083333333333335,3.106382978723404,0.9583333333333334,1.4925000000000002,1.6583333333333334,0.55,3.260833333333333,4.0212765957446805
rect_uniform_6x7_none_high_value_center_loose_loose_train,P15,120,3.3583333333333334,4.0,1.0,3.2295833333333337,2.6333333333333333,0.7416666666666667,6.01125,6.525
rect_uniform_6x7_none_high_value_center_loose_loose_train,P16,120,3.8916666666666666,4.0,1.0,2.9999999999999996,2.0,1.8916666666666666,5.378333333333334,5.3999999999999995
rect_uniform_6x7_none_high_value_center_loose_loose_train,P17,120,1.9916666666666667,3.0,0.9916666666666667,1.8716666666666668,1.875,0.2833333333333333,3.8033333333333332,6.185714285714285
rect_uniform_6x7_none_high_value_center_loose_loose_train,P18,120,3.316666666666667,4.0,1.0,4.1499999999999995,2.875,0.475,7.120000000000001,7.475000000000001
rect_uniform_6x7_none_high_value_center_loose_loose_train,P19,120,3.9166666666666665,4.0,1.0,4.908333333333333,3.75,0.43333333333333335,8.745000000000001,11.308000000000002
rect_uniform_6x7_none_high_value_center_loose_loose_train,P21,120,3.475,4.0,1.0,4.491249999999999,3.325,0.2916666666666667,7.874583333333334,9.200000000000001
rect_uniform_6x7_none_high_value_center_loose_loose_train,P22,120,2.9583333333333335,4.0,1.0,6.9887500000000005,4.833333333333333,0.008333333333333333,11.823750000000002,14.325
rect_uniform_6x7_none_high_value_center_loose_loose_train,P24,120,2.4,3.111111111111111,1.0,2.9875,1.9583333333333333,0.4666666666666667,5.0391666666666675,7.038461538461539
rect_uniform_6x7_none_high_value_center_loose_loose_train,P25,120,2.816666666666667,3.120879120879121,1.0,2.3474999999999997,2.175,0.6666666666666666,4.655833333333333,6.948275862068965
rect_uniform_6x7_none_high_value_center_loose_loose_train,P27,120,3.775,4.0,1.0,6.118437500000001,4.291666666666667,0.03333333333333333,10.416770833333333,13.140625
rect_uniform_6x7_none_high_value_center_loose_loose_train,P28,120,1.6083333333333334,2.0,0.9833333333333333,5.44875,3.625,0.0,9.073749999999999,12.822222222222221
rect_uniform_6x7_none_high_value_center_loose_loose_train,P30,120,3.033333333333333,4.0,0.9916666666666667,4.9608333333333325,3.033333333333333,0.0,7.994166666666666,10.549999999999999
rect_uniform_6x7_none_high_value_center_loose_loose_eval,P03,120,3.95,4.0,1.0,3.6525000000000003,2.575,1.375,6.5025,8.033333333333333
rect_uniform_6x7_none_high_value_center_loose_loose_eval,P08,120,2.308333333333333,3.138888888888889,1.0,3.1306250000000007,1.9083333333333334,0.4083333333333333,5.1206249999999995,5.867424242424242
rect_uniform_6x7_none_high_value_center_loose_loose_eval,P10,120,3.9,4.0,1.0,4.838125000000001,3.058333333333333,0.8416666666666667,8.064791666666666,10.600000000000005
rect_uniform_6x7_none_high_value_center_loose_loose_eval,P12,120,3.5083333333333333,4.0,1.0,2.645,2.716666666666667,0.8,5.5216666666666665,6.100000000000001
rect_uniform_6x7_none_high_value_center_loose_loose_eval,P13,120,2.5416666666666665,4.0,1.0,1.6450000000000002,1.8166666666666667,0.725,3.6066666666666665,4.407692307692309
rect_uniform_6x7_none_high_value_center_loose_loose_eval,P14,120,3.95,4.0,1.0,5.623229166666667,3.15,0.8166666666666667,8.936562499999999,10.60798611111111
rect_uniform_6x7_none_high_value_center_loose_loose_eval,P20,120,2.808333333333333,3.10989010989011,0.9916666666666667,1.8474999999999997,1.8916666666666666,0.9166666666666666,3.9225,4.172988505747124
rect_uniform_6x7_none_high_value_center_loose_loose_eval,P23,120,2.8,4.0,1.0,1.9275,1.975,0.825,4.0675,5.992857142857143
rect_uniform_6x7_none_high_value_center_loose_loose_eval,P26,120,2.85,3.0,1.0,3.9268750000000003,2.783333333333333,0.1,6.730208333333334,7.154166666666666
rect_uniform_6x7_none_high_value_center_loose_loose_eval,P29,120,1.6333333333333333,2.0,0.9583333333333334,2.7600000000000002,1.8916666666666666,0.0,4.651666666666667,7.412500000000001
rect_uniform_6x7_centered_alt_mixed_balanced_compact_compact_train,P01,120,3.9166666666666665,4.0,1.0,2.4758333333333336,2.308333333333333,1.6083333333333334,5.105833333333334,6.300000000000001
rect_uniform_6x7_centered_alt_mixed_balanced_compact_compact_train,P02,120,2.783333333333333,4.0,0.9916666666666667,3.618333333333333,2.65,0.2916666666666667,6.326666666666667,9.0
rect_uniform_6x7_centered_alt_mixed_balanced_compact_compact_train,P04,120,2.7083333333333335,3.0352941176470587,1.0,3.1325000000000007,2.025,0.7083333333333334,5.2991666666666655,5.381176470588236
rect_uniform_6x7_centered_alt_mixed_balanced_compact_compact_train,P05,120,3.4,4.0,1.0,3.605833333333334,2.525,0.875,6.305833333333333,7.357142857142856
rect_uniform_6x7_centered_alt_mixed_balanced_compact_compact_train,P06,120,3.0,4.0,1.0,2.9818750000000005,1.7916666666666667,1.2083333333333333,5.015208333333334,6.451136363636365
rect_uniform_6x7_centered_alt_mixed_balanced_compact_compact_train,P07,120,3.9166666666666665,4.0,1.0,3.2025,2.9583333333333335,0.9583333333333334,6.352500000000002,6.466346153846156
rect_uniform_6x7_centered_alt_mixed_balanced_compact_compact_train,P09,120,3.725,4.0,1.0,4.939166666666667,3.7583333333333333,0.09166666666666666,8.715833333333334,9.272580645161291
rect_uniform_6x7_centered_alt_mixed_balanced_compact_compact_train,P11,120,2.8,3.077777777777778,1.0,5.144999999999999,2.95,0.06666666666666667,8.108333333333333,8.262280701754387
rect_uniform_6x7_centered_alt_mixed_balanced_compact_compact_train,P15,120,3.9166666666666665,4.0,1.0,4.208124999999998,2.8,1.1166666666666667,7.231458333333332,7.624999999999999
rect_uniform_6x7_centered_alt_mixed_balanced_compact_compact_train,P16,120,0.0,0.0,0.0,0.0,0.0,0.0,0.0,0.0
rect_uniform_6x7_centered_alt_mixed_balanced_compact_compact_train,P17,120,3.9166666666666665,4.0,1.0,7.152760416666666,7.183333333333334,0.0,14.336093750000002,16.864423076923075
rect_uniform_6x7_centered_alt_mixed_balanced_compact_compact_train,P18,120,3.8916666666666666,4.0,1.0,5.109999999999999,4.158333333333333,0.20833333333333334,9.31,11.299999999999999
rect_uniform_6x7_centered_alt_mixed_balanced_compact_compact_train,P19,120,3.9166666666666665,4.0,1.0,6.555000000000001,5.625,0.008333333333333333,12.181666666666665,15.25
rect_uniform_6x7_centered_alt_mixed_balanced_compact_compact_train,P21,120,3.9166666666666665,4.0,1.0,3.3162500000000006,3.408333333333333,0.5416666666666666,6.832916666666667,7.8500000000000005
rect_uniform_6x7_centered_alt_mixed_balanced_compact_compact_train,P22,120,2.566666666666667,3.0454545454545454,1.0,6.136041666666667,2.9583333333333335,0.05,9.104375000000001,11.796590909090908
rect_uniform_6x7_centered_alt_mixed_balanced_compact_compact_train,P24,120,3.216666666666667,4.0,1.0,7.640625000000002,3.8833333333333333,0.05,11.533958333333336,15.074999999999998
rect_uniform_6x7_centered_alt_mixed_balanced_compact_compact_train,P25,120,3.7666666666666666,4.0,1.0,5.469791666666667,2.55,1.2166666666666666,8.263124999999997,9.724999999999998
rect_uniform_6x7_centered_alt_mixed_balanced_compact_compact_train,P27,120,3.875,4.0,1.0,8.36625,7.491666666666666,0.0,15.857916666666664,18.891847826086952
rect_uniform_6x7_centered_alt_mixed_balanced_compact_compact_train,P28,120,2.066666666666667,3.0476190476190474,1.0,2.7985416666666665,2.441666666666667,0.0,5.240208333333333,10.216666666666667
rect_uniform_6x7_centered_alt_mixed_balanced_compact_compact_train,P30,120,2.441666666666667,3.0,0.9916666666666667,3.31,2.908333333333333,0.0,6.218333333333334,9.695833333333335
rect_uniform_6x7_centered_alt_mixed_balanced_compact_compact_eval,P03,120,1.2083333333333333,2.05,0.8583333333333333,1.2341666666666669,1.175,0.058333333333333334,2.4208333333333334,4.170833333333333
rect_uniform_6x7_centered_alt_mixed_balanced_compact_compact_eval,P08,120,3.625,4.0,1.0,4.265416666666666,3.15,0.48333333333333334,7.512083333333333,9.2
rect_uniform_6x7_centered_alt_mixed_balanced_compact_compact_eval,P10,120,3.95,4.0,1.0,5.920833333333334,4.808333333333334,0.0,10.729166666666666,11.150000000000004
rect_uniform_6x7_centered_alt_mixed_balanced_compact_compact_eval,P12,120,3.941666666666667,4.0,1.0,5.003333333333333,3.7666666666666666,0.35,8.84,11.300000000000002
rect_uniform_6x7_centered_alt_mixed_balanced_compact_compact_eval,P13,120,3.8833333333333333,4.0,1.0,5.156666666666668,2.975,0.9166666666666666,8.315000000000001,8.4
rect_uniform_6x7_centered_alt_mixed_balanced_compact_compact_eval,P14,120,3.933333333333333,4.0,1.0,4.511666666666668,3.8916666666666666,0.19166666666666668,8.441666666666668,10.4875
rect_uniform_6x7_centered_alt_mixed_balanced_compact_compact_eval,P20,120,3.95,4.0,1.0,3.040416666666667,2.941666666666667,1.0083333333333333,6.183749999999998,6.316216216216211
rect_uniform_6x7_centered_alt_mixed_balanced_compact_compact_eval,P23,120,3.1666666666666665,4.0,1.0,5.175208333333332,2.966666666666667,0.4,8.221875,10.674999999999997
rect_uniform_6x7_centered_alt_mixed_balanced_compact_compact_eval,P26,120,2.35,3.0,1.0,3.7833333333333323,2.816666666666667,0.0,6.6,7.15
rect_uniform_6x7_centered_alt_mixed_balanced_compact_compact_eval,P29,120,2.65,3.0123456790123457,0.9916666666666667,5.284583333333333,3.0,0.0,8.284583333333334,11.866666666666667
rect_uniform_6x7_centered_alt_mixed_balanced_compact_standard_train,P01,120,2.5166666666666666,4.0,1.0,1.4666666666666663,1.45,1.0666666666666667,3.1299999999999994,4.784000000000001
rect_uniform_6x7_centered_alt_mixed_balanced_compact_standard_train,P02,120,3.2416666666666667,4.0,1.0,3.818333333333333,2.9,0.48333333333333334,6.8149999999999995,7.437209302325582
rect_uniform_6x7_centered_alt_mixed_balanced_compact_standard_train,P04,120,2.7583333333333333,3.0224719101123596,1.0,3.1000000000000005,2.0,0.7583333333333333,5.251666666666665,5.3044943820224715
rect_uniform_6x7_centered_alt_mixed_balanced_compact_standard_train,P05,120,3.7583333333333333,4.0,1.0,3.6524999999999985,2.725,1.0333333333333334,6.584166666666666,7.100000000000001
rect_uniform_6x7_centered_alt_mixed_balanced_compact_standard_train,P06,120,2.925,4.0,1.0,3.9425000000000003,1.7916666666666667,1.1333333333333333,5.9608333333333325,6.824999999999999
rect_uniform_6x7_centered_alt_mixed_balanced_compact_standard_train,P07,120,3.675,4.0,1.0,2.1225,2.058333333333333,1.6166666666666667,4.504166666666666,4.6313953488372075
rect_uniform_6x7_centered_alt_mixed_balanced_compact_standard_train,P09,120,2.058333333333333,3.0454545454545454,0.9916666666666667,2.9491666666666654,1.9,0.2,4.889166666666666,5.445454545454544
rect_uniform_6x7_centered_alt_mixed_balanced_compact_standard_train,P11,120,3.066666666666667,4.0,1.0,5.103750000000001,2.966666666666667,0.2,8.110416666666667,8.605555555555556
rect_uniform_6x7_centered_alt_mixed_balanced_compact_standard_train,P15,120,3.9166666666666665,4.0,1.0,4.258125000000001,2.075,1.8416666666666666,6.701458333333331,6.728863636363636
rect_uniform_6x7_centered_alt_mixed_balanced_compact_standard_train,P16,120,0.0,0.0,0.0,0.0,0.0,0.0,0.0,0.0
rect_uniform_6x7_centered_alt_mixed_balanced_compact_standard_train,P17,120,3.875,4.0,1.0,6.437447916666668,6.125,0.0,12.562447916666667,14.425000000000002
rect_uniform_6x7_centered_alt_mixed_balanced_compact_standard_train,P18,120,3.9166666666666665,4.0,1.0,2.9774999999999996,2.6,1.3166666666666667,5.840833333333333,7.730882352941175
rect_uniform_6x7_centered_alt_mixed_balanced_compact_standard_train,P19,120,3.725,4.0,1.0,4.4087499999999995,3.808333333333333,0.19166666666666668,8.255416666666667,11.31111111111111
rect_uniform_6x7_centered_alt_mixed_balanced_compact_standard_train,P21,120,3.275,4.0,1.0,2.1212499999999994,2.2083333333333335,1.1,4.5495833333333335,6.150000000000002
rect_uniform_6x7_centered_alt_mixed_balanced_compact_standard_train,P22,120,2.191666666666667,3.0,1.0,4.939374999999999,2.2583333333333333,0.19166666666666668,7.236041666666666,9.524999999999997
rect_uniform_6x7_centered_alt_mixed_balanced_compact_standard_train,P24,120,2.966666666666667,4.0,1.0,7.487916666666668,3.6666666666666665,0.1,11.174583333333334,15.074999999999998
rect_uniform_6x7_centered_alt_mixed_balanced_compact_standard_train,P25,120,3.8333333333333335,4.0,1.0,5.404999999999999,2.466666666666667,1.3666666666666667,8.145,9.724999999999998
rect_uniform_6x7_centered_alt_mixed_balanced_compact_standard_train,P27,120,3.3,4.0,1.0,6.5353125,5.458333333333333,0.0,11.993645833333334,15.945192307692306
rect_uniform_6x7_centered_alt_mixed_balanced_compact_standard_train,P28,120,2.091666666666667,3.0,0.9583333333333334,4.287083333333333,2.975,0.0,7.262083333333334,13.891176470588237
rect_uniform_6x7_centered_alt_mixed_balanced_compact_standard_train,P30,120,2.775,4.0,1.0,4.3133333333333335,3.4583333333333335,0.0,7.7716666666666665,11.6
rect_uniform_6x7_centered_alt_mixed_balanced_compact_standard_eval,P03,120,3.933333333333333,4.0,1.0,2.252083333333333,2.058333333333333,1.875,4.685416666666667,4.721681415929204
rect_uniform_6x7_centered_alt_mixed_balanced_compact_standard_eval,P08,120,3.325,4.0,1.0,4.265416666666667,3.1083333333333334,0.38333333333333336,7.450416666666667,9.25
rect_uniform_6x7_centered_alt_mixed_balanced_compact_standard_eval,P10,120,3.5416666666666665,4.0,1.0,3.776666666666666,2.6666666666666665,0.875,6.618333333333331,7.531967213114756
rect_uniform_6x7_centered_alt_mixed_balanced_compact_standard_eval,P12,120,3.7,4.0,1.0,3.373333333333333,2.2333333333333334,1.4666666666666666,5.8999999999999995,7.4499999999999975
rect_uniform_6x7_centered_alt_mixed_balanced_compact_standard_eval,P13,120,2.7583333333333333,4.0,1.0,3.801666666666667,1.8583333333333334,0.925,5.845,7.292307692307691
rect_uniform_6x7_centered_alt_mixed_balanced_compact_standard_eval,P14,120,3.941666666666667,4.0,1.0,5.123229166666665,4.341666666666667,0.13333333333333333,9.491562499999999,10.487499999999997
rect_uniform_6x7_centered_alt_mixed_balanced_compact_standard_eval,P20,120,0.39166666666666666,1.0,0.39166666666666666,0.41124999999999995,0.39166666666666666,0.0,0.8029166666666666,2.0499999999999994
rect_uniform_6x7_centered_alt_mixed_balanced_compact_standard_eval,P23,120,2.408333333333333,3.1228070175438596,1.0,4.675,2.4916666666666667,0.24166666666666667,7.215,11.575
rect_uniform_6x7_centered_alt_mixed_balanced_compact_standard_eval,P26,120,2.3,3.0,0.9916666666666667,5.002083333333333,3.9166666666666665,0.0,8.91875,9.150000000000002
rect_uniform_6x7_centered_alt_mixed_balanced_compact_standard_eval,P29,120,2.4583333333333335,3.1454545454545455,1.0,5.535208333333333,3.6416666666666666,0.0,9.176874999999999,13.865
rect_uniform_6x7_centered_alt_mixed_balanced_compact_loose_train,P01,120,3.066666666666667,4.0,1.0,2.585,2.35,0.7583333333333333,5.086666666666668,7.1
rect_uniform_6x7_centered_alt_mixed_balanced_compact_loose_train,P02,120,1.95,3.0,1.0,3.0300000000000002,1.9666666666666666,0.11666666666666667,5.02,5.299999999999999
rect_uniform_6x7_centered_alt_mixed_balanced_compact_loose_train,P04,120,1.95,3.0,0.9916666666666667,2.1018750000000006,1.0,0.95,3.2918749999999988,3.7083333333333335
rect_uniform_6x7_centered_alt_mixed_balanced_compact_loose_train,P05,120,2.283333333333333,3.0,1.0,2.9075000000000006,1.8166666666666667,0.49166666666666664,4.8225,5.300000000000001
rect_uniform_6x7_centered_alt_mixed_balanced_compact_loose_train,P06,120,3.191666666666667,4.0,1.0,4.3549999999999995,1.9666666666666666,1.225,6.566666666666666,6.825000000000001
rect_uniform_6x7_centered_alt_mixed_balanced_compact_loose_train,P07,120,2.3583333333333334,3.1132075471698113,0.9916666666666667,1.6974999999999996,1.375,0.9833333333333333,3.2691666666666674,5.228571428571428
rect_uniform_6x7_centered_alt_mixed_balanced_compact_loose_train,P09,120,2.075,3.0416666666666665,1.0,3.307499999999999,2.075,0.1,5.4025,8.261764705882353
rect_uniform_6x7_centered_alt_mixed_balanced_compact_loose_train,P11,120,3.375,4.0,1.0,4.2375,2.5416666666666665,0.85,6.949166666666666,8.399999999999995
rect_uniform_6x7_centered_alt_mixed_balanced_compact_loose_train,P15,120,3.9166666666666665,4.0,1.0,5.162499999999999,2.9166666666666665,1.0,8.279166666666669,8.450000000000001
rect_uniform_6x7_centered_alt_mixed_balanced_compact_loose_train,P16,120,0.0,0.0,0.0,0.0,0.0,0.0,0.0,0.0
rect_uniform_6x7_centered_alt_mixed_balanced_compact_loose_train,P17,120,3.908333333333333,4.0,1.0,5.727395833333333,5.333333333333333,0.03333333333333333,11.067395833333332,12.472395833333332
rect_uniform_6x7_centered_alt_mixed_balanced_compact_loose_train,P18,120,3.9166666666666665,4.0,1.0,2.439583333333333,2.325,1.5916666666666666,5.082916666666667,6.8859375
rect_uniform_6x7_centered_alt_mixed_balanced_compact_loose_train,P19,120,2.9916666666666667,4.0,1.0,3.1454166666666667,2.8666666666666667,0.35,6.082083333333333,9.342307692307694
rect_uniform_6x7_centered_alt_mixed_balanced_compact_loose_train,P21,120,2.216666666666667,3.0408163265306123,0.9833333333333333,1.573333333333333,1.6666666666666667,0.55,3.35,4.108888888888888
rect_uniform_6x7_centered_alt_mixed_balanced_compact_loose_train,P22,120,1.8666666666666667,2.0297029702970297,1.0,4.1206249999999995,1.8666666666666667,0.05,5.997291666666666,6.491666666666663
rect_uniform_6x7_centered_alt_mixed_balanced_compact_loose_train,P24,120,2.7916666666666665,4.0,1.0,5.798541666666666,2.5083333333333333,0.3416666666666667,8.375208333333335,10.886111111111111
rect_uniform_6x7_centered_alt_mixed_balanced_compact_loose_train,P25,120,3.8833333333333333,4.0,1.0,4.494999999999999,2.033333333333333,1.85,6.898333333333335,6.931542056074769
rect_uniform_6x7_centered_alt_mixed_balanced_compact_loose_train,P27,120,3.5833333333333335,4.0,1.0,6.090416666666666,4.958333333333333,0.0,11.04875,13.9375
rect_uniform_6x7_centered_alt_mixed_balanced_compact_loose_train,P28,120,1.7583333333333333,2.033333333333333,0.9833333333333333,5.639583333333334,2.975,0.0,8.614583333333334,11.975
rect_uniform_6x7_centered_alt_mixed_balanced_compact_loose_train,P30,120,3.058333333333333,4.0,1.0,4.357916666666667,3.341666666666667,0.0,7.699583333333332,10.255555555555553
rect_uniform_6x7_centered_alt_mixed_balanced_compact_loose_eval,P03,120,2.466666666666667,3.098360655737705,1.0,1.8308333333333333,1.8416666666666666,0.625,3.7975000000000003,4.219672131147541
rect_uniform_6x7_centered_alt_mixed_balanced_compact_loose_eval,P08,120,3.4166666666666665,4.0,1.0,3.779583333333333,2.6166666666666667,0.8,6.55625,7.45
rect_uniform_6x7_centered_alt_mixed_balanced_compact_loose_eval,P10,120,3.2916666666666665,4.0,1.0,5.075,3.8666666666666667,0.016666666666666666,8.945,9.25
rect_uniform_6x7_centered_alt_mixed_balanced_compact_loose_eval,P12,120,2.058333333333333,3.0,0.9916666666666667,3.1412499999999994,1.9916666666666667,0.10833333333333334,5.154583333333333,5.736666666666665
rect_uniform_6x7_centered_alt_mixed_balanced_compact_loose_eval,P13,120,2.625,4.0,1.0,3.2175000000000002,1.5,1.125,4.942499999999999,8.166176470588235
rect_uniform_6x7_centered_alt_mixed_balanced_compact_loose_eval,P14,120,3.941666666666667,4.0,1.0,5.286249999999999,4.35,0.05,9.64625,10.594642857142857
rect_uniform_6x7_centered_alt_mixed_balanced_compact_loose_eval,P20,120,0.008333333333333333,0.008333333333333333,0.008333333333333333,0.00875,0.008333333333333333,0.0,0.017083333333333332,0.017083333333333332
rect_uniform_6x7_centered_alt_mixed_balanced_compact_loose_eval,P23,120,1.9916666666666667,3.108108108108108,0.9583333333333334,3.6627083333333332,1.7166666666666666,0.2833333333333333,5.436041666666667,9.548529411764704
rect_uniform_6x7_centered_alt_mixed_balanced_compact_loose_eval,P26,120,2.0083333333333333,2.0252100840336134,0.9916666666666667,3.0741666666666676,1.9833333333333334,0.025,5.0625,5.105042016806723
rect_uniform_6x7_centered_alt_mixed_balanced_compact_loose_eval,P29,120,1.825,3.185185185185185,0.9166666666666666,4.098541666666667,2.1,0.0,6.198541666666667,13.249999999999998
rect_uniform_6x7_centered_alt_mixed_balanced_standard_compact_train,P01,120,3.9166666666666665,4.0,1.0,5.025,4.25,0.23333333333333334,9.321666666666667,14.349999999999998
rect_uniform_6x7_centered_alt_mixed_balanced_standard_compact_train,P02,120,3.6166666666666667,4.0,1.0,4.8075,3.091666666666667,0.5416666666666666,8.007499999999999,10.199999999999998
rect_uniform_6x7_centered_alt_mixed_balanced_standard_compact_train,P04,120,3.525,4.0,1.0,5.178333333333332,3.316666666666667,0.35833333333333334,8.566666666666665,10.100000000000003
rect_uniform_6x7_centered_alt_mixed_balanced_standard_compact_train,P05,120,3.9166666666666665,4.0,1.0,5.970833333333334,3.825,0.13333333333333333,9.8225,10.200000000000003
rect_uniform_6x7_centered_alt_mixed_balanced_standard_compact_train,P06,120,2.3666666666666667,3.0833333333333335,1.0,3.3643750000000003,2.125,0.31666666666666665,5.552708333333332,8.461666666666668
rect_uniform_6x7_centered_alt_mixed_balanced_standard_compact_train,P07,120,0.775,1.0813953488372092,0.7166666666666667,3.9575,2.625,0.0,6.582499999999999,14.350000000000001
rect_uniform_6x7_centered_alt_mixed_balanced_standard_compact_train,P09,120,3.8916666666666666,4.0,1.0,5.065416666666666,3.8666666666666667,0.21666666666666667,8.975416666666668,11.3
rect_uniform_6x7_centered_alt_mixed_balanced_standard_compact_train,P11,120,3.216666666666667,4.0,1.0,4.672499999999999,2.725,0.5166666666666667,7.500833333333333,8.449999999999998
rect_uniform_6x7_centered_alt_mixed_balanced_standard_compact_train,P15,120,3.9166666666666665,4.0,1.0,3.3208854166666675,3.0416666666666665,0.8916666666666667,6.540885416666669,7.493750000000001
rect_uniform_6x7_centered_alt_mixed_balanced_standard_compact_train,P16,120,1.9583333333333333,3.0,1.0,1.1,1.2,0.7916666666666666,2.4583333333333335,3.9166666666666665
rect_uniform_6x7_centered_alt_mixed_balanced_standard_compact_train,P17,120,3.125,4.0,1.0,5.5803125,4.516666666666667,0.008333333333333333,10.098645833333332,11.247395833333334
rect_uniform_6x7_centered_alt_mixed_balanced_standard_compact_train,P18,120,3.9166666666666665,4.0,1.0,4.884375,4.125,0.16666666666666666,9.042708333333334,11.332236842105264
rect_uniform_6x7_centered_alt_mixed_balanced_standard_compact_train,P19,120,3.9166666666666665,4.0,1.0,4.592500000000001,4.508333333333334,0.14166666666666666,9.129166666666665,10.125
rect_uniform_6x7_centered_alt_mixed_balanced_standard_compact_train,P21,120,2.825,4.0,1.0,3.4250000000000003,3.375,0.075,6.8149999999999995,8.215909090909092
rect_uniform_6x7_centered_alt_mixed_balanced_standard_compact_train,P22,120,2.6,3.085714285714286,0.9916666666666667,5.5525,2.8333333333333335,0.24166666666666667,8.434166666666666,11.605303030303027
rect_uniform_6x7_centered_alt_mixed_balanced_standard_compact_train,P24,120,3.591666666666667,4.0,1.0,6.7895833333333355,3.4833333333333334,0.25,10.322916666666666,11.524999999999999
rect_uniform_6x7_centered_alt_mixed_balanced_standard_compact_train,P25,120,3.1083333333333334,4.0,1.0,4.05625,2.125,1.0,6.381249999999999,9.455263157894736
rect_uniform_6x7_centered_alt_mixed_balanced_standard_compact_train,P27,120,3.716666666666667,4.0,1.0,5.7453125,5.1,0.0,10.8453125,14.113461538461536
rect_uniform_6x7_centered_alt_mixed_balanced_standard_compact_train,P28,120,2.075,3.04,1.0,3.4727083333333324,3.0416666666666665,0.0,6.514375,10.119791666666666
rect_uniform_6x7_centered_alt_mixed_balanced_standard_compact_train,P30,120,2.341666666666667,3.0,1.0,4.201666666666666,3.2333333333333334,0.0,7.4350000000000005,12.092857142857142
rect_uniform_6x7_centered_alt_mixed_balanced_standard_compact_eval,P03,120,0.058333333333333334,0.058333333333333334,0.058333333333333334,0.1575,0.075,0.0,0.23249999999999998,0.23249999999999998
rect_uniform_6x7_centered_alt_mixed_balanced_standard_compact_eval,P08,120,1.9083333333333334,2.0679611650485437,0.9916666666666667,3.3137499999999998,2.2333333333333334,0.09166666666666666,5.565416666666666,7.1499999999999995
rect_uniform_6x7_centered_alt_mixed_balanced_standard_compact_eval,P10,120,3.3916666666666666,4.0,1.0,6.8983333333333325,5.741666666666666,0.008333333333333333,12.641666666666667,13.25
rect_uniform_6x7_centered_alt_mixed_balanced_standard_compact_eval,P12,120,3.941666666666667,4.0,1.0,4.2225,3.0166666666666666,0.925,7.424166666666668,7.56576576576577
rect_uniform_6x7_centered_alt_mixed_balanced_standard_compact_eval,P13,120,2.941666666666667,4.0,1.0,4.5525,2.7,0.2916666666666667,7.310833333333333,8.527586206896551
rect_uniform_6x7_centered_alt_mixed_balanced_standard_compact_eval,P14,120,3.95,4.0,1.0,4.9384375,4.158333333333333,0.19166666666666668,9.135104166666666,10.333522727272728
rect_uniform_6x7_centered_alt_mixed_balanced_standard_compact_eval,P20,120,3.3833333333333333,4.0,1.0,4.138750000000001,2.9583333333333335,0.5166666666666667,7.200416666666668,7.399999999999999
rect_uniform_6x7_centered_alt_mixed_balanced_standard_compact_eval,P23,120,2.816666666666667,4.0,0.9916666666666667,3.7412499999999995,2.2916666666666665,0.625,6.157916666666665,10.382142857142856
rect_uniform_6x7_centered_alt_mixed_balanced_standard_compact_eval,P26,120,3.775,4.0,1.0,4.929166666666668,3.8583333333333334,0.0,8.7875,9.200000000000001
rect_uniform_6x7_centered_alt_mixed_balanced_standard_compact_eval,P29,120,2.45,3.0,0.9916666666666667,4.392708333333333,2.6083333333333334,0.0,7.001041666666667,10.461538461538462
rect_uniform_6x7_centered_alt_mixed_balanced_standard_standard_train,P01,120,3.55,4.0,1.0,3.482500000000001,2.575,0.975,6.2524999999999995,7.3
rect_uniform_6x7_centered_alt_mixed_balanced_standard_standard_train,P02,120,2.975,4.0,1.0,3.8774999999999995,2.7416666666666667,0.36666666666666664,6.692499999999999,8.696551724137931
rect_uniform_6x7_centered_alt_mixed_balanced_standard_standard_train,P04,120,3.058333333333333,4.0,1.0,3.625,2.25,0.8083333333333333,6.036666666666665,8.399999999999999
rect_uniform_6x7_centered_alt_mixed_balanced_standard_standard_train,P05,120,2.975,4.0,1.0,4.1425,2.225,0.7583333333333333,6.519166666666667,8.3
rect_uniform_6x7_centered_alt_mixed_balanced_standard_standard_train,P06,120,2.075,3.0833333333333335,0.9916666666666667,3.3031250000000005,1.5166666666666666,0.5583333333333333,4.931458333333334,6.6416666666666675
rect_uniform_6x7_centered_alt_mixed_balanced_standard_standard_train,P07,120,3.9166666666666665,4.0,1.0,4.5475,3.2083333333333335,0.7083333333333334,7.897499999999998,10.2
rect_uniform_6x7_centered_alt_mixed_balanced_standard_standard_train,P09,120,3.025,4.0,1.0,3.8741666666666665,2.65,0.5,6.6241666666666665,7.8625
rect_uniform_6x7_centered_alt_mixed_balanced_standard_standard_train,P11,120,1.925,3.0,1.0,2.6558333333333337,1.425,0.5333333333333333,4.187499999999999,7.57857142857143
rect_uniform_6x7_centered_alt_mixed_balanced_standard_standard_train,P15,120,3.625,4.0,1.0,2.325625,1.9166666666666667,1.7083333333333333,4.583958333333333,4.770890410958906
rect_uniform_6x7_centered_alt_mixed_balanced_standard_standard_train,P16,120,0.0,0.0,0.0,0.0,0.0,0.0,0.0,0.0
rect_uniform_6x7_centered_alt_mixed_balanced_standard_standard_train,P17,120,3.191666666666667,4.0,1.0,5.332395833333333,4.641666666666667,0.008333333333333333,9.975729166666664,12.320454545454547
rect_uniform_6x7_centered_alt_mixed_balanced_standard_standard_train,P18,120,3.7416666666666667,4.0,1.0,2.5900000000000007,2.2083333333333335,1.5333333333333334,5.1049999999999995,7.4
rect_uniform_6x7_centered_alt_mixed_balanced_standard_standard_train,P19,120,3.658333333333333,4.0,1.0,3.898333333333334,3.941666666666667,0.25,7.890000000000001,10.088461538461535
rect_uniform_6x7_centered_alt_mixed_balanced_standard_standard_train,P21,120,2.933333333333333,4.0,1.0,1.9537500000000003,1.9083333333333334,1.0333333333333334,4.06875,4.45
rect_uniform_6x7_centered_alt_mixed_balanced_standard_standard_train,P22,120,2.1166666666666667,3.0,0.9916666666666667,3.8993749999999996,1.7833333333333334,0.38333333333333336,5.759375,6.7491379310344835
rect_uniform_6x7_centered_alt_mixed_balanced_standard_standard_train,P24,120,2.875,4.0,1.0,6.541458333333335,3.408333333333333,0.05,9.959791666666668,11.715476190476188
rect_uniform_6x7_centered_alt_mixed_balanced_standard_standard_train,P25,120,3.2583333333333333,4.0,1.0,4.193124999999999,1.9083333333333334,1.35,6.371458333333334,7.294387755102041
rect_uniform_6x7_centered_alt_mixed_balanced_standard_standard_train,P27,120,3.316666666666667,4.0,1.0,5.372083333333333,4.583333333333333,0.016666666666666666,9.958750000000002,13.067105263157892
rect_uniform_6x7_centered_alt_mixed_balanced_standard_standard_train,P28,120,2.0416666666666665,3.0,0.975,3.7931250000000003,2.441666666666667,0.0,6.234791666666666,11.863235294117647
rect_uniform_6x7_centered_alt_mixed_balanced_standard_standard_train,P30,120,2.533333333333333,3.0625,1.0,4.4525,3.325,0.0,7.7775,11.038461538461538
rect_uniform_6x7_centered_alt_mixed_balanced_standard_standard_eval,P03,120,3.95,4.0,1.0,3.704583333333333,3.408333333333333,0.6166666666666667,7.236250000000001,8.830487804878048
rect_uniform_6x7_centered_alt_mixed_balanced_standard_standard_eval,P08,120,3.9,4.0,1.0,4.111666666666666,2.9,1.0,7.211666666666668,7.505670103092785
rect_uniform_6x7_centered_alt_mixed_balanced_standard_standard_eval,P10,120,2.425,3.0,0.9916666666666667,3.2608333333333333,2.2083333333333335,0.36666666666666664,5.5424999999999995,7.1499999999999995
rect_uniform_6x7_centered_alt_mixed_balanced_standard_standard_eval,P12,120,3.3666666666666667,4.0,1.0,3.750833333333333,2.7583333333333333,0.6666666666666666,6.642500000000001,7.449999999999998
rect_uniform_6x7_centered_alt_mixed_balanced_standard_standard_eval,P13,120,3.091666666666667,4.0,1.0,3.433333333333333,2.15,0.9583333333333334,5.774999999999998,8.249999999999996
rect_uniform_6x7_centered_alt_mixed_balanced_standard_standard_eval,P14,120,3.95,4.0,1.0,4.609791666666666,3.6,0.5333333333333333,8.316458333333333,10.487500000000002
rect_uniform_6x7_centered_alt_mixed_balanced_standard_standard_eval,P20,120,3.933333333333333,4.0,1.0,3.913749999999999,2.875,1.0583333333333333,7.000416666666665,7.3500000000000005
rect_uniform_6x7_centered_alt_mixed_balanced_standard_standard_eval,P23,120,2.0083333333333333,3.107142857142857,0.975,2.8218749999999995,1.6666666666666667,0.35833333333333334,4.560208333333333,7.262499999999999
rect_uniform_6x7_centered_alt_mixed_balanced_standard_standard_eval,P26,120,3.95,4.0,1.0,5.526666666666667,4.375,0.0,9.901666666666667,11.2
rect_uniform_6x7_centered_alt_mixed_balanced_standard_standard_eval,P29,120,2.225,3.027027027027027,1.0,4.901666666666667,3.3916666666666666,0.0,8.293333333333333,12.180681818181819
rect_uniform_6x7_centered_alt_mixed_balanced_standard_loose_train,P01,120,2.533333333333333,3.121212121212121,1.0,2.8125,1.7916666666666667,0.7416666666666667,4.7525,5.2250000000000005
rect_uniform_6x7_centered_alt_mixed_balanced_standard_loose_train,P02,120,2.566666666666667,3.0,1.0,3.0500000000000003,1.95,0.625,5.124999999999999,5.4208333333333325
rect_uniform_6x7_centered_alt_mixed_balanced_standard_loose_train,P04,120,1.3916666666666666,2.021276595744681,0.9916666666666667,2.1341666666666668,1.025,0.36666666666666664,3.2325,3.5042553191489376
rect_uniform_6x7_centered_alt_mixed_balanced_standard_loose_train,P05,120,2.9166666666666665,4.0,1.0,3.6525000000000003,2.2916666666666665,0.625,6.069166666666666,8.3
rect_uniform_6x7_centered_alt_mixed_balanced_standard_loose_train,P06,120,2.408333333333333,3.1228070175438596,1.0,3.758125,1.6833333333333333,0.725,5.586458333333334,6.651415094339623
rect_uniform_6x7_centered_alt_mixed_balanced_standard_loose_train,P07,120,3.433333333333333,4.0,1.0,3.0274999999999994,2.0083333333333333,1.425,5.320833333333335,5.4875
rect_uniform_6x7_centered_alt_mixed_balanced_standard_loose_train,P09,120,2.308333333333333,3.022727272727273,1.0,3.7799999999999994,2.3,0.1,6.1000000000000005,8.254999999999999
rect_uniform_6x7_centered_alt_mixed_balanced_standard_loose_train,P11,120,2.658333333333333,3.140845070422535,1.0,3.1175,2.0083333333333333,0.6666666666666666,5.259166666666666,5.4098591549295785
rect_uniform_6x7_centered_alt_mixed_balanced_standard_loose_train,P15,120,3.4833333333333334,4.0,1.0,2.2368749999999995,1.6083333333333334,1.875,4.220208333333334,4.725000000000002
rect_uniform_6x7_centered_alt_mixed_balanced_standard_loose_train,P16,120,0.0,0.0,0.0,0.0,0.0,0.0,0.0,0.0
rect_uniform_6x7_centered_alt_mixed_balanced_standard_loose_train,P17,120,3.066666666666667,4.0,1.0,4.2885937499999995,3.575,0.1,7.883593749999998,10.283750000000001
rect_uniform_6x7_centered_alt_mixed_balanced_standard_loose_train,P18,120,3.9166666666666665,4.0,1.0,2.47875,2.3,1.6166666666666667,5.102083333333335,6.711764705882354
rect_uniform_6x7_centered_alt_mixed_balanced_standard_loose_train,P19,120,3.575,4.0,1.0,3.6712500000000006,3.8,0.125,7.49625,9.0
rect_uniform_6x7_centered_alt_mixed_balanced_standard_loose_train,P21,120,3.191666666666667,4.0,1.0,2.1675,2.15,1.0416666666666667,4.525833333333333,6.150000000000001
rect_uniform_6x7_centered_alt_mixed_balanced_standard_loose_train,P22,120,1.9583333333333333,2.074766355140187,1.0,4.1031249999999995,1.8583333333333334,0.10833333333333334,5.983124999999999,6.4405339805825195
rect_uniform_6x7_centered_alt_mixed_balanced_standard_loose_train,P24,120,2.225,3.0833333333333335,0.9916666666666667,4.923541666666667,2.225,0.25,7.198541666666666,10.45403225806452
rect_uniform_6x7_centered_alt_mixed_balanced_standard_loose_train,P25,120,3.566666666666667,4.0,1.0,4.424999999999999,2.0,1.5666666666666667,6.738333333333334,6.825000000000002
rect_uniform_6x7_centered_alt_mixed_balanced_standard_loose_train,P27,120,3.7583333333333333,4.0,1.0,7.1175000000000015,6.116666666666666,0.0,13.234166666666665,15.713888888888889
rect_uniform_6x7_centered_alt_mixed_balanced_standard_loose_train,P28,120,1.8333333333333333,2.096774193548387,0.9833333333333333,5.532083333333334,2.9583333333333335,0.0,8.490416666666668,11.989285714285714
rect_uniform_6x7_centered_alt_mixed_balanced_standard_loose_train,P30,120,2.7083333333333335,4.0,1.0,4.215833333333332,3.2916666666666665,0.0,7.507500000000001,11.150000000000002
rect_uniform_6x7_centered_alt_mixed_balanced_standard_loose_eval,P03,120,3.525,4.0,1.0,2.7375,2.325,1.2,5.302499999999999,7.3
rect_uniform_6x7_centered_alt_mixed_balanced_standard_loose_eval,P08,120,3.033333333333333,4.0,1.0,3.9520833333333334,2.783333333333333,0.2833333333333333,6.792083333333333,7.45
rect_uniform_6x7_centered_alt_mixed_balanced_standard_loose_eval,P10,120,3.566666666666667,4.0,1.0,3.237499999999999,2.1333333333333333,1.4333333333333333,5.657499999999999,7.349999999999999
rect_uniform_6x7_centered_alt_mixed_balanced_standard_loose_eval,P12,120,2.4,3.14,1.0,2.0037499999999997,1.45,0.95,3.64375,5.998275862068965
rect_uniform_6x7_centered_alt_mixed_balanced_standard_loose_eval,P13,120,2.075,3.0,0.9916666666666667,2.1000000000000005,1.0,1.075,3.3149999999999995,3.585294117647058
rect_uniform_6x7_centered_alt_mixed_balanced_standard_loose_eval,P14,120,3.95,4.0,1.0,4.757083333333332,3.6,0.4666666666666667,8.450416666666667,10.4875
rect_uniform_6x7_centered_alt_mixed_balanced_standard_loose_eval,P20,120,2.1166666666666667,3.0454545454545454,1.0,2.38875,1.6333333333333333,0.5,4.122083333333332,5.178947368421052
rect_uniform_6x7_centered_alt_mixed_balanced_standard_loose_eval,P23,120,1.4916666666666667,3.0,0.9,2.416875,1.1333333333333333,0.35833333333333334,3.6218750000000006,6.542307692307693
rect_uniform_6x7_centered_alt_mixed_balanced_standard_loose_eval,P26,120,0.9916666666666667,1.0,0.9916666666666667,2.1075000000000004,1.0166666666666666,0.0,3.1241666666666674,3.1504201680672286
rect_uniform_6x7_centered_alt_mixed_balanced_standard_loose_eval,P29,120,1.4333333333333333,3.0714285714285716,0.9083333333333333,2.9583333333333335,1.625,0.0,4.583333333333333,10.073076923076922
rect_uniform_6x7_centered_alt_mixed_balanced_loose_compact_train,P01,120,1.775,2.0689655172413794,1.0,8.019583333333332,5.683333333333334,0.0,13.702916666666663,14.349999999999994
rect_uniform_6x7_centered_alt_mixed_balanced_loose_compact_train,P02,120,3.625,4.0,1.0,5.728333333333334,3.6666666666666665,0.14166666666666666,9.42333333333333,10.200000000000003
rect_uniform_6x7_centered_alt_mixed_balanced_loose_compact_train,P04,120,3.8583333333333334,4.0,1.0,5.0649999999999995,2.9833333333333334,0.875,8.223333333333331,8.299999999999995
rect_uniform_6x7_centered_alt_mixed_balanced_loose_compact_train,P05,120,2.933333333333333,3.087378640776699,1.0,5.966666666666667,3.8833333333333333,0.0,9.85,10.221698113207552
rect_uniform_6x7_centered_alt_mixed_balanced_loose_compact_train,P06,120,3.658333333333333,4.0,1.0,4.885000000000001,2.85,0.8083333333333333,7.8966666666666665,8.399999999999997
rect_uniform_6x7_centered_alt_mixed_balanced_loose_compact_train,P07,120,2.2,3.0,1.0,4.8358333333333325,2.7416666666666667,0.08333333333333333,7.594166666666666,8.225
rect_uniform_6x7_centered_alt_mixed_balanced_loose_compact_train,P09,120,3.8833333333333333,4.0,1.0,4.389583333333333,3.216666666666667,0.6833333333333333,7.742916666666668,9.3
rect_uniform_6x7_centered_alt_mixed_balanced_loose_compact_train,P11,120,3.5083333333333333,4.0,1.0,3.3424999999999994,2.091666666666667,1.4166666666666667,5.717499999999999,5.982394366197183
rect_uniform_6x7_centered_alt_mixed_balanced_loose_compact_train,P15,120,2.941666666666667,3.05607476635514,1.0,3.2195312499999997,2.7083333333333335,0.2833333333333333,5.98453125,6.28051470588235
rect_uniform_6x7_centered_alt_mixed_balanced_loose_compact_train,P16,120,3.8333333333333335,4.0,1.0,1.7574999999999996,1.8416666666666666,1.9916666666666667,3.9974999999999996,4.3
rect_uniform_6x7_centered_alt_mixed_balanced_loose_compact_train,P17,120,2.4166666666666665,3.0,1.0,4.149166666666667,3.2,0.008333333333333333,7.350833333333333,9.149999999999995
rect_uniform_6x7_centered_alt_mixed_balanced_loose_compact_train,P18,120,3.9166666666666665,4.0,1.0,4.63625,3.908333333333333,0.25833333333333336,8.59625,10.525
rect_uniform_6x7_centered_alt_mixed_balanced_loose_compact_train,P19,120,3.9166666666666665,4.0,1.0,3.7487500000000007,3.7916666666666665,0.19166666666666668,7.578750000000001,7.950000000000005
rect_uniform_6x7_centered_alt_mixed_balanced_loose_compact_train,P21,120,2.525,3.0454545454545454,1.0,1.9112499999999997,1.9166666666666667,0.6166666666666667,3.95125,4.3859375
rect_uniform_6x7_centered_alt_mixed_balanced_loose_compact_train,P22,120,2.4833333333333334,3.09375,0.9916666666666667,4.443958333333333,2.2416666666666667,0.2916666666666667,6.7439583333333335,8.793604651162791
rect_uniform_6x7_centered_alt_mixed_balanced_loose_compact_train,P24,120,3.466666666666667,4.0,1.0,5.937291666666668,3.058333333333333,0.5,9.095625,11.524999999999997
rect_uniform_6x7_centered_alt_mixed_balanced_loose_compact_train,P25,120,3.0083333333333333,4.0,1.0,3.3993750000000005,2.1416666666666666,0.8833333333333333,5.7177083333333325,8.23676470588235
rect_uniform_6x7_centered_alt_mixed_balanced_loose_compact_train,P27,120,3.4,4.0,1.0,4.872395833333333,4.225,0.075,9.112395833333332,12.337499999999999
rect_uniform_6x7_centered_alt_mixed_balanced_loose_compact_train,P28,120,2.1416666666666666,3.0606060606060606,0.9916666666666667,3.5193749999999993,3.0,0.0,6.519375,10.081000000000001
rect_uniform_6x7_centered_alt_mixed_balanced_loose_compact_train,P30,120,1.7583333333333333,3.05,0.9833333333333333,3.1445833333333337,2.0083333333333333,0.0,5.152916666666667,10.15
rect_uniform_6x7_centered_alt_mixed_balanced_loose_compact_eval,P03,120,1.3833333333333333,2.0,0.9833333333333333,3.15,1.5,0.18333333333333332,4.686666666666667,6.1999999999999975
rect_uniform_6x7_centered_alt_mixed_balanced_loose_compact_eval,P08,120,0.5916666666666667,1.0,0.5916666666666667,1.58875,0.9333333333333333,0.0,2.5220833333333337,5.851666666666665
rect_uniform_6x7_centered_alt_mixed_balanced_loose_compact_eval,P10,120,3.8666666666666667,4.0,1.0,6.6570833333333335,5.491666666666666,0.0,12.14875,13.25
rect_uniform_6x7_centered_alt_mixed_balanced_loose_compact_eval,P12,120,0.31666666666666665,1.0857142857142856,0.2916666666666667,0.4641666666666666,0.325,0.0,0.7891666666666666,3.58
rect_uniform_6x7_centered_alt_mixed_balanced_loose_compact_eval,P13,120,2.425,3.1458333333333335,1.0,3.2845833333333343,2.025,0.44166666666666665,5.397916666666665,8.816666666666666
rect_uniform_6x7_centered_alt_mixed_balanced_loose_compact_eval,P14,120,3.95,4.0,1.0,4.650312499999999,3.6333333333333333,0.4083333333333333,8.365312499999998,9.250528169014087
rect_uniform_6x7_centered_alt_mixed_balanced_loose_compact_eval,P20,120,3.6416666666666666,4.0,1.0,2.6024999999999996,2.158333333333333,1.4833333333333334,5.0575,6.575
rect_uniform_6x7_centered_alt_mixed_balanced_loose_compact_eval,P23,120,2.575,4.0,0.9833333333333333,2.9883333333333324,1.9,0.675,5.0233333333333325,6.8125
rect_uniform_6x7_centered_alt_mixed_balanced_loose_compact_eval,P26,120,3.533333333333333,4.0,1.0,4.920416666666667,3.825,0.05,8.755416666666667,12.129166666666668
rect_uniform_6x7_centered_alt_mixed_balanced_loose_compact_eval,P29,120,2.0416666666666665,3.0,0.9916666666666667,3.588958333333333,2.2416666666666667,0.0,5.8306249999999995,9.676388888888889
rect_uniform_6x7_centered_alt_mixed_balanced_loose_standard_train,P01,120,3.9166666666666665,4.0,1.0,5.9725,3.8583333333333334,0.125,9.855833333333331,10.200000000000003
rect_uniform_6x7_centered_alt_mixed_balanced_loose_standard_train,P02,120,2.95,4.0,1.0,4.4375,2.375,0.5833333333333334,6.929166666666666,8.534482758620692
rect_uniform_6x7_centered_alt_mixed_balanced_loose_standard_train,P04,120,3.875,4.0,1.0,5.165000000000002,2.9833333333333334,0.8916666666666667,8.326666666666666,8.399999999999999
rect_uniform_6x7_centered_alt_mixed_balanced_loose_standard_train,P05,120,3.1166666666666667,4.0,1.0,4.232500000000001,2.125,0.9916666666666667,6.555833333333334,8.299999999999999
rect_uniform_6x7_centered_alt_mixed_balanced_loose_standard_train,P06,120,1.3833333333333333,2.0833333333333335,0.95,3.1493750000000005,1.4666666666666666,0.11666666666666667,4.639374999999999,9.525
rect_uniform_6x7_centered_alt_mixed_balanced_loose_standard_train,P07,120,3.7416666666666667,4.0,1.0,7.256249999999998,4.983333333333333,0.0,12.239583333333337,12.317372881355931
rect_uniform_6x7_centered_alt_mixed_balanced_loose_standard_train,P09,120,3.375,4.0,1.0,3.943333333333334,2.841666666666667,0.65,6.915,10.349999999999998
rect_uniform_6x7_centered_alt_mixed_balanced_loose_standard_train,P11,120,1.875,3.0,0.9916666666666667,2.2575000000000003,1.1583333333333334,0.7166666666666667,3.5591666666666666,5.35
rect_uniform_6x7_centered_alt_mixed_balanced_loose_standard_train,P15,120,3.5833333333333335,4.0,1.0,3.2771875000000006,2.808333333333333,0.8083333333333333,6.247187500000001,6.6158203124999995
rect_uniform_6x7_centered_alt_mixed_balanced_loose_standard_train,P16,120,1.9666666666666666,3.0,1.0,1.2416666666666667,1.3416666666666666,0.6583333333333333,2.7149999999999994,3.924390243902439
rect_uniform_6x7_centered_alt_mixed_balanced_loose_standard_train,P17,120,2.683333333333333,3.0,1.0,4.216249999999999,3.2,0.025,7.42125,9.149999999999999
rect_uniform_6x7_centered_alt_mixed_balanced_loose_standard_train,P18,120,3.9166666666666665,4.0,1.0,4.165,3.2666666666666666,0.6666666666666666,7.565000000000001,8.425000000000002
rect_uniform_6x7_centered_alt_mixed_balanced_loose_standard_train,P19,120,3.5166666666666666,4.0,1.0,2.9412500000000006,3.075,0.5,6.116249999999999,8.185714285714287
rect_uniform_6x7_centered_alt_mixed_balanced_loose_standard_train,P21,120,2.35,3.125,1.0,2.7008333333333336,2.675,0.16666666666666666,5.409166666666666,8.0
rect_uniform_6x7_centered_alt_mixed_balanced_loose_standard_train,P22,120,2.1083333333333334,3.0,0.9916666666666667,3.69375,1.6916666666666667,0.44166666666666665,5.473749999999999,6.737500000000001
rect_uniform_6x7_centered_alt_mixed_balanced_loose_standard_train,P24,120,2.8333333333333335,4.0,1.0,4.878749999999999,2.5166666666666666,0.39166666666666666,7.473749999999999,9.04642857142857
rect_uniform_6x7_centered_alt_mixed_balanced_loose_standard_train,P25,120,2.5416666666666665,3.1864406779661016,1.0,3.1037500000000002,1.4333333333333333,1.1083333333333334,4.75875,6.672619047619049
rect_uniform_6x7_centered_alt_mixed_balanced_loose_standard_train,P27,120,3.6,4.0,1.0,5.513229166666666,4.85,0.05,10.373229166666667,13.991666666666665
rect_uniform_6x7_centered_alt_mixed_balanced_loose_standard_train,P28,120,1.6,2.125,0.925,3.153958333333334,1.8833333333333333,0.0,5.037291666666666,8.937500000000002
rect_uniform_6x7_centered_alt_mixed_balanced_loose_standard_train,P30,120,2.441666666666667,3.0,1.0,4.84375,3.9916666666666667,0.0,8.835416666666667,11.793181818181818
rect_uniform_6x7_centered_alt_mixed_balanced_loose_standard_eval,P03,120,1.525,2.0303030303030303,0.9583333333333334,7.167499999999999,5.141666666666667,0.0,12.309166666666664,14.349999999999993
rect_uniform_6x7_centered_alt_mixed_balanced_loose_standard_eval,P08,120,0.6416666666666667,2.0,0.5333333333333333,0.9274999999999999,0.6416666666666667,0.0,1.5691666666666668,5.1499999999999995
rect_uniform_6x7_centered_alt_mixed_balanced_loose_standard_eval,P10,120,1.0833333333333333,2.0,0.9333333333333333,2.48625,1.4666666666666666,0.06666666666666667,3.9662500000000005,5.273728813559323
rect_uniform_6x7_centered_alt_mixed_balanced_loose_standard_eval,P12,120,3.9166666666666665,4.0,1.0,2.2724999999999995,2.05,1.8666666666666667,4.695833333333332,4.759009009009007
rect_uniform_6x7_centered_alt_mixed_balanced_loose_standard_eval,P13,120,2.9583333333333335,3.0833333333333335,0.9916666666666667,3.0916666666666672,1.9916666666666667,0.9666666666666667,5.2766666666666655,5.343518518518516
rect_uniform_6x7_centered_alt_mixed_balanced_loose_standard_eval,P14,120,3.95,4.0,1.0,3.5706249999999993,2.408333333333333,1.5583333333333333,6.290625,8.751923076923076
rect_uniform_6x7_centered_alt_mixed_balanced_loose_standard_eval,P20,120,3.95,4.0,1.0,3.305,2.2083333333333335,1.7416666666666667,5.861666666666667,7.396590909090907
rect_uniform_6x7_centered_alt_mixed_balanced_loose_standard_eval,P23,120,2.058333333333333,3.064516129032258,0.9916666666666667,2.7756249999999993,1.7083333333333333,0.35,4.553958333333332,5.47155172413793
rect_uniform_6x7_centered_alt_mixed_balanced_loose_standard_eval,P26,120,3.95,4.0,1.0,3.0699999999999994,2.6083333333333334,1.3583333333333334,5.95,7.737209302325582
rect_uniform_6x7_centered_alt_mixed_balanced_loose_standard_eval,P29,120,1.95,3.0476190476190474,0.975,4.211666666666666,3.025,0.0,7.236666666666666,11.814583333333333
rect_uniform_6x7_centered_alt_mixed_balanced_loose_loose_train,P01,120,3.2083333333333335,4.0,1.0,3.7975000000000003,2.1083333333333334,1.1,6.1258333333333335,8.300000000000002
rect_uniform_6x7_centered_alt_mixed_balanced_loose_loose_train,P02,120,3.058333333333333,4.0,1.0,4.831666666666666,2.8666666666666667,0.20833333333333334,7.7399999999999975,8.463636363636367
rect_uniform_6x7_centered_alt_mixed_balanced_loose_loose_train,P04,120,1.6916666666666667,2.0625,0.9833333333333333,3.8833333333333333,2.2333333333333334,0.041666666666666664,6.124999999999999,8.2
rect_uniform_6x7_centered_alt_mixed_balanced_loose_loose_train,P05,120,3.75,4.0,1.0,5.012499999999999,2.9583333333333335,0.8166666666666667,8.134166666666664,8.299999999999997
rect_uniform_6x7_centered_alt_mixed_balanced_loose_loose_train,P06,120,1.7333333333333334,3.0,0.9916666666666667,2.89875,1.275,0.48333333333333334,4.270416666666667,6.625000000000001
rect_uniform_6x7_centered_alt_mixed_balanced_loose_loose_train,P07,120,3.8583333333333334,4.0,1.0,5.077500000000001,2.975,0.8833333333333333,8.229166666666664,8.299999999999995
rect_uniform_6x7_centered_alt_mixed_balanced_loose_loose_train,P09,120,2.475,3.1818181818181817,1.0,2.6249999999999996,1.75,0.725,4.519999999999999,6.836666666666667
rect_uniform_6x7_centered_alt_mixed_balanced_loose_loose_train,P11,120,2.6,3.0,1.0,3.1000000000000005,2.0,0.6083333333333333,5.221666666666666,5.3
rect_uniform_6x7_centered_alt_mixed_balanced_loose_loose_train,P15,120,2.4166666666666665,3.1320754716981134,1.0,2.526666666666667,2.033333333333333,0.38333333333333336,4.636666666666667,6.378846153846153
rect_uniform_6x7_centered_alt_mixed_balanced_loose_loose_train,P16,120,0.0,0.0,0.0,0.0,0.0,0.0,0.0,0.0
rect_uniform_6x7_centered_alt_mixed_balanced_loose_loose_train,P17,120,2.4,3.0,1.0,3.343645833333334,2.3583333333333334,0.15,5.731979166666665,7.100000000000001
rect_uniform_6x7_centered_alt_mixed_balanced_loose_loose_train,P18,120,3.783333333333333,4.0,1.0,4.1324999999999985,2.9833333333333334,0.8416666666666667,7.284166666666666,7.35
rect_uniform_6x7_centered_alt_mixed_balanced_loose_loose_train,P19,120,3.9166666666666665,4.0,1.0,2.670416666666667,2.808333333333333,1.1166666666666667,5.702083333333333,7.858823529411764
rect_uniform_6x7_centered_alt_mixed_balanced_loose_loose_train,P21,120,2.408333333333333,3.0350877192982457,1.0,1.9029166666666668,1.8583333333333334,0.55,3.8712499999999994,4.4526315789473685
rect_uniform_6x7_centered_alt_mixed_balanced_loose_loose_train,P22,120,1.9083333333333334,2.111111111111111,0.9916666666666667,3.9712499999999995,1.8,0.10833333333333334,5.792916666666667,6.447680412371132
rect_uniform_6x7_centered_alt_mixed_balanced_loose_loose_train,P24,120,2.25,3.0526315789473686,1.0,4.440416666666666,2.1166666666666667,0.14166666666666666,6.5854166666666645,8.4875
rect_uniform_6x7_centered_alt_mixed_balanced_loose_loose_train,P25,120,2.783333333333333,4.0,1.0,4.407499999999999,1.9916666666666667,0.7916666666666666,6.5575,6.825000000000001
rect_uniform_6x7_centered_alt_mixed_balanced_loose_loose_train,P27,120,2.8666666666666667,3.0294117647058822,1.0,3.8249999999999997,3.0083333333333333,0.21666666666666667,6.876666666666667,9.196323529411764
rect_uniform_6x7_centered_alt_mixed_balanced_loose_loose_train,P28,120,1.8416666666666666,3.0,0.9833333333333333,4.998333333333334,2.75,0.0,7.748333333333334,12.233823529411765
rect_uniform_6x7_centered_alt_mixed_balanced_loose_loose_train,P30,120,1.4166666666666667,3.0,0.9333333333333333,1.7474999999999998,1.4583333333333333,0.0,3.2058333333333335,6.366666666666666
rect_uniform_6x7_centered_alt_mixed_balanced_loose_loose_eval,P03,120,3.95,4.0,1.0,5.384166666666666,3.591666666666667,0.375,9.050833333333333,10.200000000000001
rect_uniform_6x7_centered_alt_mixed_balanced_loose_loose_eval,P08,120,3.216666666666667,4.0,1.0,1.7212500000000002,1.55,1.6666666666666667,3.6045833333333337,5.064285714285713
rect_uniform_6x7_centered_alt_mixed_balanced_loose_loose_eval,P10,120,0.6916666666666667,1.0246913580246915,0.675,1.4175,0.675,0.016666666666666666,2.0958333333333337,3.104938271604938
rect_uniform_6x7_centered_alt_mixed_balanced_loose_loose_eval,P12,120,2.683333333333333,3.1333333333333333,1.0,2.1962499999999996,1.5416666666666667,1.1416666666666666,3.9662500000000005,5.384482758620691
rect_uniform_6x7_centered_alt_mixed_balanced_loose_loose_eval,P13,120,2.033333333333333,3.0,0.9916666666666667,2.0825000000000005,0.9916666666666667,1.0416666666666667,3.2824999999999993,3.4999999999999996
rect_uniform_6x7_centered_alt_mixed_balanced_loose_loose_eval,P14,120,3.941666666666667,4.0,1.0,3.9573958333333326,2.7416666666666667,1.2083333333333333,6.940729166666667,9.3
rect_uniform_6x7_centered_alt_mixed_balanced_loose_loose_eval,P20,120,3.75,4.0,1.0,3.0887499999999988,1.9416666666666667,1.8083333333333333,5.392083333333332,5.549999999999998
rect_uniform_6x7_centered_alt_mixed_balanced_loose_loose_eval,P23,120,1.35,2.1666666666666665,0.8833333333333333,2.008125,0.9583333333333334,0.39166666666666666,3.044791666666667,5.390384615384615
rect_uniform_6x7_centered_alt_mixed_balanced_loose_loose_eval,P26,120,0.9333333333333333,1.0,0.9333333333333333,1.0500000000000003,0.9416666666666667,0.0,1.9916666666666671,2.133928571428572
rect_uniform_6x7_centered_alt_mixed_balanced_loose_loose_eval,P29,120,1.3666666666666667,2.236842105263158,0.975,2.7695833333333337,1.5083333333333333,0.0,4.277916666666667,9.360416666666667
rect_uniform_6x7_centered_alt_high_value_center_compact_compact_train,P01,120,3.9166666666666665,4.0,1.0,4.8308333333333335,2.558333333333333,1.3583333333333334,7.660833333333333,8.950000000000003
rect_uniform_6x7_centered_alt_high_value_center_compact_compact_train,P02,120,3.2916666666666665,4.0,1.0,4.504999999999999,2.7666666666666666,0.5916666666666667,7.39,10.45
rect_uniform_6x7_centered_alt_high_value_center_compact_compact_train,P04,120,2.3916666666666666,3.04,1.0,1.9674999999999991,2.0083333333333333,0.4083333333333333,4.0575,4.456
rect_uniform_6x7_centered_alt_high_value_center_compact_compact_train,P05,120,3.875,4.0,1.0,5.052499999999998,2.783333333333333,1.0916666666666666,8.054166666666667,8.75
rect_uniform_6x7_centered_alt_high_value_center_compact_compact_train,P06,120,2.55,3.161290322580645,0.9916666666666667,1.7768749999999995,1.775,0.775,3.7068749999999997,5.717307692307691
rect_uniform_6x7_centered_alt_high_value_center_compact_compact_train,P07,120,3.9166666666666665,4.0,1.0,5.098750000000001,3.191666666666667,0.725,8.435416666666669,10.800000000000002
rect_uniform_6x7_centered_alt_high_value_center_compact_compact_train,P09,120,3.7916666666666665,4.0,1.0,4.972916666666667,3.6666666666666665,0.20833333333333334,8.68125,9.350000000000003
rect_uniform_6x7_centered_alt_high_value_center_compact_compact_train,P11,120,2.975,4.0,1.0,5.177500000000001,2.8916666666666666,0.19166666666666668,8.107500000000002,8.525000000000002
rect_uniform_6x7_centered_alt_high_value_center_compact_compact_train,P15,120,3.9166666666666665,4.0,1.0,2.7356249999999998,2.375,1.5416666666666667,5.418958333333332,6.425000000000001
rect_uniform_6x7_centered_alt_high_value_center_compact_compact_train,P16,120,0.0,0.0,0.0,0.0,0.0,0.0,0.0,0.0
rect_uniform_6x7_centered_alt_high_value_center_compact_compact_train,P17,120,3.9166666666666665,4.0,1.0,6.3829166666666675,7.15,0.008333333333333333,13.534583333333332,16.169230769230765
rect_uniform_6x7_centered_alt_high_value_center_compact_compact_train,P18,120,3.9,4.0,1.0,5.38125,4.108333333333333,0.19166666666666668,9.527916666666666,11.375
rect_uniform_6x7_centered_alt_high_value_center_compact_compact_train,P19,120,3.9166666666666665,4.0,1.0,5.257499999999999,5.183333333333334,0.008333333333333333,10.442499999999999,12.572222222222223
rect_uniform_6x7_centered_alt_high_value_center_compact_compact_train,P21,120,3.9166666666666665,4.0,1.0,4.516249999999999,3.408333333333333,0.5416666666666666,8.032916666666665,9.049999999999999
rect_uniform_6x7_centered_alt_high_value_center_compact_compact_train,P22,120,2.408333333333333,3.0,1.0,3.642916666666666,2.65,0.10833333333333334,6.314583333333331,9.050000000000002
rect_uniform_6x7_centered_alt_high_value_center_compact_compact_train,P24,120,2.9833333333333334,4.0,1.0,4.646874999999999,3.6,0.05,8.256874999999999,11.255769230769232
rect_uniform_6x7_centered_alt_high_value_center_compact_compact_train,P25,120,3.4833333333333334,4.0,1.0,3.2091666666666665,2.1666666666666665,1.3166666666666667,5.639166666666667,7.25
rect_uniform_6x7_centered_alt_high_value_center_compact_compact_train,P27,120,3.908333333333333,4.0,1.0,11.534270833333332,8.341666666666667,0.0,19.8759375,22.8125
rect_uniform_6x7_centered_alt_high_value_center_compact_compact_train,P28,120,2.0083333333333333,2.1,1.0,4.8618749999999995,2.375,0.0,7.236875,10.539583333333333
rect_uniform_6x7_centered_alt_high_value_center_compact_compact_train,P30,120,2.45,3.0,0.9916666666666667,4.258333333333333,2.966666666666667,0.0,7.225,11.233333333333334
rect_uniform_6x7_centered_alt_high_value_center_compact_compact_eval,P03,120,1.2083333333333333,2.05,0.8583333333333333,1.2341666666666669,1.175,0.058333333333333334,2.4208333333333334,4.170833333333333
rect_uniform_6x7_centered_alt_high_value_center_compact_compact_eval,P08,120,3.5,4.0,1.0,4.167291666666666,3.2,0.30833333333333335,7.428958333333335,9.275
rect_uniform_6x7_centered_alt_high_value_center_compact_compact_eval,P10,120,3.9166666666666665,4.0,1.0,5.966458333333333,4.741666666666666,0.0,10.708124999999997,11.224999999999998
rect_uniform_6x7_centered_alt_high_value_center_compact_compact_eval,P12,120,3.925,4.0,1.0,4.789583333333334,3.9583333333333335,0.25,8.797916666666667,11.375
rect_uniform_6x7_centered_alt_high_value_center_compact_compact_eval,P13,120,3.8666666666666667,4.0,1.0,4.009166666666666,2.9583333333333335,0.9083333333333333,7.149166666666669,7.288349514563111
rect_uniform_6x7_centered_alt_high_value_center_compact_compact_eval,P14,120,3.941666666666667,4.0,1.0,5.786666666666666,3.8916666666666666,0.19166666666666668,9.716666666666667,11.7625
rect_uniform_6x7_centered_alt_high_value_center_compact_compact_eval,P20,120,3.95,4.0,1.0,4.324166666666667,2.95,1.0083333333333333,7.475833333333335,7.59121621621622
rect_uniform_6x7_centered_alt_high_value_center_compact_compact_eval,P23,120,3.191666666666667,4.0,1.0,5.101458333333335,2.975,0.4166666666666667,8.159791666666669,10.384375
rect_uniform_6x7_centered_alt_high_value_center_compact_compact_eval,P26,120,2.091666666666667,3.0,1.0,3.6833333333333345,2.4,0.0,6.083333333333334,7.225000000000001
rect_uniform_6x7_centered_alt_high_value_center_compact_compact_eval,P29,120,2.55,3.0285714285714285,0.9916666666666667,4.359583333333332,2.8916666666666666,0.0,7.251249999999999,11.252941176470587
rect_uniform_6x7_centered_alt_high_value_center_compact_standard_train,P01,120,3.0833333333333335,4.0,1.0,3.4387499999999998,1.525,1.5583333333333333,5.275416666666667,7.050000000000001
rect_uniform_6x7_centered_alt_high_value_center_compact_standard_train,P02,120,2.8833333333333333,4.0,1.0,3.8033333333333323,2.9166666666666665,0.225,6.765,7.399999999999998
rect_uniform_6x7_centered_alt_high_value_center_compact_standard_train,P04,120,2.45,3.036363636363636,1.0,1.8549999999999995,1.95,0.5,3.905,4.1072727272727265
rect_uniform_6x7_centered_alt_high_value_center_compact_standard_train,P05,120,3.8333333333333335,4.0,1.0,3.799999999999999,2.933333333333333,0.9,6.913333333333332,7.100000000000001
rect_uniform_6x7_centered_alt_high_value_center_compact_standard_train,P06,120,2.558333333333333,3.161764705882353,1.0,2.7525000000000004,1.7916666666666667,0.7666666666666667,4.6975,5.457835820895522
rect_uniform_6x7_centered_alt_high_value_center_compact_standard_train,P07,120,3.908333333333333,4.0,1.0,4.65,2.0,1.9083333333333334,7.0316666666666645,7.049999999999996
rect_uniform_6x7_centered_alt_high_value_center_compact_standard_train,P09,120,2.091666666666667,3.0294117647058822,0.9916666666666667,3.0197916666666678,1.7833333333333334,0.36666666666666664,4.876458333333333,5.488636363636363
rect_uniform_6x7_centered_alt_high_value_center_compact_standard_train,P11,120,2.9166666666666665,4.0,1.0,3.96625,2.8833333333333333,0.15833333333333333,6.88125,7.902083333333334
rect_uniform_6x7_centered_alt_high_value_center_compact_standard_train,P15,120,3.9166666666666665,4.0,1.0,4.672500000000001,2.725,1.1916666666666667,7.635833333333335,8.549025974025973
rect_uniform_6x7_centered_alt_high_value_center_compact_standard_train,P16,120,0.0,0.0,0.0,0.0,0.0,0.0,0.0,0.0
rect_uniform_6x7_centered_alt_high_value_center_compact_standard_train,P17,120,3.875,4.0,1.0,5.562916666666666,6.091666666666667,0.016666666666666666,11.657916666666665,13.599999999999996
rect_uniform_6x7_centered_alt_high_value_center_compact_standard_train,P18,120,3.9166666666666665,4.0,1.0,3.7250000000000005,2.3916666666666666,1.525,6.421666666666666,7.625
rect_uniform_6x7_centered_alt_high_value_center_compact_standard_train,P19,120,3.375,4.0,1.0,3.4212500000000006,3.4,0.2,6.861249999999999,8.313541666666667
rect_uniform_6x7_centered_alt_high_value_center_compact_standard_train,P21,120,3.425,4.0,1.0,3.01375,2.6333333333333333,0.8333333333333334,5.81375,7.6352941176470575
rect_uniform_6x7_centered_alt_high_value_center_compact_standard_train,P22,120,1.8916666666666666,3.0,0.9916666666666667,2.8599999999999994,1.8166666666666667,0.21666666666666667,4.719999999999999,6.199999999999998
rect_uniform_6x7_centered_alt_high_value_center_compact_standard_train,P24,120,2.75,4.0,1.0,4.340416666666667,3.2333333333333334,0.15,7.60375,11.175
rect_uniform_6x7_centered_alt_high_value_center_compact_standard_train,P25,120,3.6166666666666667,4.0,1.0,3.3012499999999987,2.175,1.4416666666666667,5.7645833333333325,7.25
rect_uniform_6x7_centered_alt_high_value_center_compact_standard_train,P27,120,3.3,4.0,1.0,7.789062500000002,5.458333333333333,0.0,13.247395833333334,17.220192307692308
rect_uniform_6x7_centered_alt_high_value_center_compact_standard_train,P28,120,2.0083333333333333,3.0,0.95,3.265833333333334,2.75,0.0,6.015833333333334,11.351923076923079
rect_uniform_6x7_centered_alt_high_value_center_compact_standard_train,P30,120,2.825,4.0,1.0,4.11625,3.425,0.0,7.541250000000001,12.129166666666665
rect_uniform_6x7_centered_alt_high_value_center_compact_standard_eval,P03,120,3.95,4.0,1.0,4.1625,2.25,1.7,6.7524999999999995,8.95
rect_uniform_6x7_centered_alt_high_value_center_compact_standard_eval,P08,120,3.158333333333333,4.0,1.0,3.0716666666666668,3.0,0.35,6.141666666666666,8.1165
rect_uniform_6x7_centered_alt_high_value_center_compact_standard_eval,P10,120,3.4916666666666667,4.0,1.0,3.7116666666666673,2.716666666666667,0.7833333333333333,6.584999999999998,7.581779661016949
rect_uniform_6x7_centered_alt_high_value_center_compact_standard_eval,P12,120,3.6083333333333334,4.0,1.0,3.420833333333334,2.158333333333333,1.45,5.869166666666667,7.525000000000002
rect_uniform_6x7_centered_alt_high_value_center_compact_standard_eval,P13,120,2.4833333333333334,4.0,1.0,2.639166666666667,1.6,0.9083333333333333,4.420833333333333,6.257142857142857
rect_uniform_6x7_centered_alt_high_value_center_compact_standard_eval,P14,120,3.941666666666667,4.0,1.0,6.398229166666668,4.341666666666667,0.13333333333333333,10.7665625,11.762500000000003
rect_uniform_6x7_centered_alt_high_value_center_compact_standard_eval,P20,120,0.39166666666666666,1.0,0.39166666666666666,0.41124999999999995,0.39166666666666666,0.0,0.8029166666666666,2.0499999999999994
rect_uniform_6x7_centered_alt_high_value_center_compact_standard_eval,P23,120,2.2416666666666667,3.111111111111111,1.0,4.190625000000001,2.3833333333333333,0.19166666666666668,6.612291666666667,9.875
rect_uniform_6x7_centered_alt_high_value_center_compact_standard_eval,P26,120,2.6416666666666666,3.0,0.9916666666666667,4.866458333333335,3.6166666666666667,0.0,8.483125,9.225000000000001
rect_uniform_6x7_centered_alt_high_value_center_compact_standard_eval,P29,120,2.283333333333333,3.111111111111111,0.9916666666666667,4.991458333333332,3.591666666666667,0.0,8.583124999999999,12.397321428571425
rect_uniform_6x7_centered_alt_high_value_center_compact_loose_train,P01,120,3.4833333333333334,4.0,1.0,3.1874999999999996,2.2083333333333335,1.2833333333333334,5.652500000000001,7.099999999999999
rect_uniform_6x7_centered_alt_high_value_center_compact_loose_train,P02,120,1.9333333333333333,3.0,1.0,1.8024999999999995,1.8916666666666666,0.16666666666666666,3.7274999999999996,4.1000000000000005
rect_uniform_6x7_centered_alt_high_value_center_compact_loose_train,P04,120,1.5833333333333333,2.072463768115942,0.9666666666666667,0.8893750000000001,0.975,0.6083333333333333,1.9860416666666667,2.1597826086956515
rect_uniform_6x7_centered_alt_high_value_center_compact_loose_train,P05,120,2.0083333333333333,3.0,1.0,1.6724999999999997,1.7666666666666666,0.2833333333333333,3.4958333333333327,4.1000000000000005
rect_uniform_6x7_centered_alt_high_value_center_compact_loose_train,P06,120,2.875,4.0,1.0,3.082500000000001,1.8416666666666666,1.0333333333333334,5.1308333333333325,5.625
rect_uniform_6x7_centered_alt_high_value_center_compact_loose_train,P07,120,2.75,4.0,1.0,2.2725000000000004,1.1916666666666667,1.5583333333333333,3.775833333333333,5.400000000000001
rect_uniform_6x7_centered_alt_high_value_center_compact_loose_train,P09,120,2.0166666666666666,3.05,1.0,3.3350000000000013,1.9333333333333333,0.15833333333333333,5.3,8.340384615384618
rect_uniform_6x7_centered_alt_high_value_center_compact_loose_train,P11,120,3.375,4.0,1.0,3.3475000000000006,2.275,1.1,5.842499999999999,7.199999999999998
rect_uniform_6x7_centered_alt_high_value_center_compact_loose_train,P15,120,3.9166666666666665,4.0,1.0,3.962499999999999,2.9166666666666665,1.0,7.079166666666667,7.25
rect_uniform_6x7_centered_alt_high_value_center_compact_loose_train,P16,120,0.0,0.0,0.0,0.0,0.0,0.0,0.0,0.0
rect_uniform_6x7_centered_alt_high_value_center_compact_loose_train,P17,120,3.908333333333333,4.0,1.0,4.814583333333332,5.3,0.041666666666666664,10.122916666666667,11.674285714285713
rect_uniform_6x7_centered_alt_high_value_center_compact_loose_train,P18,120,3.9166666666666665,4.0,1.0,3.6070833333333345,2.283333333333333,1.6333333333333333,6.217083333333333,7.6328125
rect_uniform_6x7_centered_alt_high_value_center_compact_loose_train,P19,120,2.9916666666666667,4.0,1.0,3.0454166666666667,2.8333333333333335,0.4166666666666667,5.962083333333334,9.608823529411765
rect_uniform_6x7_centered_alt_high_value_center_compact_loose_train,P21,120,2.216666666666667,3.0408163265306123,0.9833333333333333,1.573333333333333,1.6666666666666667,0.55,3.35,4.108888888888888
rect_uniform_6x7_centered_alt_high_value_center_compact_loose_train,P22,120,1.7916666666666667,2.032258064516129,0.9916666666666667,2.843749999999999,1.7583333333333333,0.06666666666666667,4.615416666666666,5.156521739130433
rect_uniform_6x7_centered_alt_high_value_center_compact_loose_train,P24,120,2.425,4.0,0.9916666666666667,3.303541666666667,2.1,0.35833333333333334,5.475208333333333,7.6937500000000005
rect_uniform_6x7_centered_alt_high_value_center_compact_loose_train,P25,120,3.8,4.0,1.0,3.156249999999999,2.0083333333333333,1.7916666666666667,5.5229166666666645,5.5826530612244865
rect_uniform_6x7_centered_alt_high_value_center_compact_loose_train,P27,120,3.5833333333333335,4.0,1.0,7.352916666666667,4.966666666666667,0.0,12.319583333333334,15.2125
rect_uniform_6x7_centered_alt_high_value_center_compact_loose_train,P28,120,1.8333333333333333,2.0309278350515463,1.0,4.822083333333334,2.8916666666666666,0.0,7.713750000000001,10.439516129032258
rect_uniform_6x7_centered_alt_high_value_center_compact_loose_train,P30,120,3.308333333333333,4.0,1.0,5.396666666666666,3.5166666666666666,0.0,8.913333333333332,12.153333333333336
rect_uniform_6x7_centered_alt_high_value_center_compact_loose_eval,P03,120,3.066666666666667,4.0,1.0,4.48375,1.9333333333333333,1.1333333333333333,6.643749999999998,7.05
rect_uniform_6x7_centered_alt_high_value_center_compact_loose_eval,P08,120,3.3,4.0,1.0,3.8270833333333343,2.5416666666666665,0.7583333333333333,6.520416666666667,7.524999999999997
rect_uniform_6x7_centered_alt_high_value_center_compact_loose_eval,P10,120,3.1333333333333333,4.0,1.0,3.8324999999999987,3.775,0.025,7.6125,8.049999999999999
rect_uniform_6x7_centered_alt_high_value_center_compact_loose_eval,P12,120,2.216666666666667,3.0,0.9916666666666667,3.1581250000000005,1.9166666666666667,0.30833333333333335,5.136458333333334,5.632142857142859
rect_uniform_6x7_centered_alt_high_value_center_compact_loose_eval,P13,120,2.4,3.109090909090909,1.0,2.365,1.275,1.125,3.8649999999999998,5.664999999999998
rect_uniform_6x7_centered_alt_high_value_center_compact_loose_eval,P14,120,3.941666666666667,4.0,1.0,6.561250000000002,4.35,0.05,10.921249999999999,11.869642857142859
rect_uniform_6x7_centered_alt_high_value_center_compact_loose_eval,P20,120,0.008333333333333333,0.008333333333333333,0.008333333333333333,0.00875,0.008333333333333333,0.0,0.017083333333333332,0.017083333333333332
rect_uniform_6x7_centered_alt_high_value_center_compact_loose_eval,P23,120,1.7083333333333333,3.125,0.9083333333333333,2.429583333333333,1.4416666666666667,0.2833333333333333,3.927916666666667,7.483333333333332
rect_uniform_6x7_centered_alt_high_value_center_compact_loose_eval,P26,120,1.975,2.0,0.9916666666666667,1.869166666666666,1.9666666666666666,0.008333333333333333,3.837499999999999,3.899999999999998
rect_uniform_6x7_centered_alt_high_value_center_compact_loose_eval,P29,120,1.45,3.1176470588235294,0.7916666666666666,2.222916666666667,1.75,0.0,3.972916666666667,10.389583333333333
rect_uniform_6x7_centered_alt_high_value_center_standard_compact_train,P01,120,3.9166666666666665,4.0,1.0,6.8875,4.208333333333333,0.058333333333333334,11.107499999999998,12.945161290322577
rect_uniform_6x7_centered_alt_high_value_center_standard_compact_train,P02,120,3.7666666666666666,4.0,1.0,5.241249999999999,3.091666666666667,0.7,8.472916666666666,10.45
rect_uniform_6x7_centered_alt_high_value_center_standard_compact_train,P04,120,3.058333333333333,4.0,1.0,2.830833333333333,3.0416666666666665,0.2833333333333333,5.929166666666666,7.814583333333334
rect_uniform_6x7_centered_alt_high_value_center_standard_compact_train,P05,120,3.9,4.0,1.0,6.257500000000001,3.816666666666667,0.14166666666666666,10.1025,10.450000000000001
rect_uniform_6x7_centered_alt_high_value_center_standard_compact_train,P06,120,2.0416666666666665,3.0,1.0,1.9418749999999994,2.033333333333333,0.15833333333333333,4.006874999999999,4.5649999999999995
rect_uniform_6x7_centered_alt_high_value_center_standard_compact_train,P07,120,0.9,1.1134020618556701,0.8083333333333333,4.562916666666666,2.7583333333333333,0.016666666666666666,7.324583333333332,14.600000000000005
rect_uniform_6x7_centered_alt_high_value_center_standard_compact_train,P09,120,3.875,4.0,1.0,5.031666666666666,3.9,0.2,8.971666666666666,11.375
rect_uniform_6x7_centered_alt_high_value_center_standard_compact_train,P11,120,3.425,4.0,1.0,4.865,2.5,0.925,7.550000000000002,8.524999999999999
rect_uniform_6x7_centered_alt_high_value_center_standard_compact_train,P15,120,3.9166666666666665,4.0,1.0,3.3208854166666675,3.0416666666666665,0.8916666666666667,6.540885416666669,7.493750000000001
rect_uniform_6x7_centered_alt_high_value_center_standard_compact_train,P16,120,1.9583333333333333,3.0,1.0,1.1,1.2,0.7916666666666666,2.4583333333333335,3.9166666666666665
rect_uniform_6x7_centered_alt_high_value_center_standard_compact_train,P17,120,3.125,4.0,1.0,4.396249999999999,4.508333333333334,0.008333333333333333,8.906250000000002,10.07253521126761
rect_uniform_6x7_centered_alt_high_value_center_standard_compact_train,P18,120,3.9166666666666665,4.0,1.0,5.291875,3.85,0.25833333333333336,9.193541666666667,11.443055555555555
rect_uniform_6x7_centered_alt_high_value_center_standard_compact_train,P19,120,3.9166666666666665,4.0,1.0,5.494999999999999,4.9,0.06666666666666667,10.408333333333333,13.199999999999998
rect_uniform_6x7_centered_alt_high_value_center_standard_compact_train,P21,120,3.4833333333333334,4.0,1.0,5.2524999999999995,4.183333333333334,0.016666666666666666,9.439166666666667,11.1
rect_uniform_6x7_centered_alt_high_value_center_standard_compact_train,P22,120,2.441666666666667,3.016949152542373,0.9916666666666667,3.4112499999999994,2.35,0.26666666666666666,5.814583333333332,7.633783783783784
rect_uniform_6x7_centered_alt_high_value_center_standard_compact_train,P24,120,3.25,4.0,1.0,4.317083333333333,3.35,0.13333333333333333,7.69375,9.125
rect_uniform_6x7_centered_alt_high_value_center_standard_compact_train,P25,120,2.8833333333333333,4.0,1.0,2.87,1.8,1.0833333333333333,4.886666666666668,7.1483333333333325
rect_uniform_6x7_centered_alt_high_value_center_standard_compact_train,P27,120,3.716666666666667,4.0,1.0,7.1346875,5.3,0.0,12.434687499999999,15.662499999999998
rect_uniform_6x7_centered_alt_high_value_center_standard_compact_train,P28,120,2.0,2.1009174311926606,1.0,5.493125000000001,2.975,0.0,8.468125,11.160294117647059
rect_uniform_6x7_centered_alt_high_value_center_standard_compact_train,P30,120,2.3,3.0,0.9916666666666667,4.135833333333333,3.225,0.0,7.360833333333334,13.204166666666666
rect_uniform_6x7_centered_alt_high_value_center_standard_compact_eval,P03,120,0.008333333333333333,0.008333333333333333,0.008333333333333333,0.007500000000000001,0.008333333333333333,0.0,0.01583333333333333,0.01583333333333333
rect_uniform_6x7_centered_alt_high_value_center_standard_compact_eval,P08,120,1.7916666666666667,2.032258064516129,0.9916666666666667,2.7931250000000003,2.275,0.041666666666666664,5.076458333333333,7.225000000000002
rect_uniform_6x7_centered_alt_high_value_center_standard_compact_eval,P10,120,3.3916666666666666,4.0,1.0,6.968958333333334,5.633333333333334,0.0,12.602291666666666,13.325000000000001
rect_uniform_6x7_centered_alt_high_value_center_standard_compact_eval,P12,120,3.933333333333333,4.0,1.0,3.2699999999999987,3.033333333333333,0.9083333333333333,6.485,9.375
rect_uniform_6x7_centered_alt_high_value_center_standard_compact_eval,P13,120,2.658333333333333,4.0,1.0,3.7168750000000004,2.525,0.25,6.291875,10.325000000000001
rect_uniform_6x7_centered_alt_high_value_center_standard_compact_eval,P14,120,3.95,4.0,1.0,7.638437500000001,4.408333333333333,0.03333333333333333,12.0534375,12.836556603773587
rect_uniform_6x7_centered_alt_high_value_center_standard_compact_eval,P20,120,3.3583333333333334,4.0,1.0,4.178124999999999,2.908333333333333,0.475,7.181458333333334,7.475000000000002
rect_uniform_6x7_centered_alt_high_value_center_standard_compact_eval,P23,120,2.95,4.0,0.9916666666666667,4.4174999999999995,2.175,0.825,6.757500000000001,9.575
rect_uniform_6x7_centered_alt_high_value_center_standard_compact_eval,P26,120,3.5166666666666666,4.0,1.0,4.904166666666667,3.591666666666667,0.0,8.495833333333335,9.275
rect_uniform_6x7_centered_alt_high_value_center_standard_compact_eval,P29,120,2.2916666666666665,3.0185185185185186,0.9916666666666667,3.921458333333333,2.558333333333333,0.0,6.479791666666667,10.998214285714285
rect_uniform_6x7_centered_alt_high_value_center_standard_standard_train,P01,120,3.908333333333333,4.0,1.0,4.972499999999999,2.5416666666666665,1.3666666666666667,7.7875,8.75
rect_uniform_6x7_centered_alt_high_value_center_standard_standard_train,P02,120,3.158333333333333,4.0,1.0,3.4899999999999993,2.8,0.44166666666666665,6.378333333333334,7.535897435897439
rect_uniform_6x7_centered_alt_high_value_center_standard_standard_train,P04,120,2.85,4.0,1.0,1.9374999999999996,2.0416666666666665,0.8083333333333333,4.140833333333334,5.4
rect_uniform_6x7_centered_alt_high_value_center_standard_standard_train,P05,120,2.55,4.0,0.9833333333333333,2.8124999999999996,2.191666666666667,0.35833333333333334,5.075833333333334,7.1
rect_uniform_6x7_centered_alt_high_value_center_standard_standard_train,P06,120,1.6833333333333333,3.066666666666667,0.9583333333333334,2.038125,1.4333333333333333,0.25,3.5214583333333334,5.438333333333332
rect_uniform_6x7_centered_alt_high_value_center_standard_standard_train,P07,120,3.9166666666666665,4.0,1.0,5.452499999999999,2.8916666666666666,1.025,8.549166666666666,8.953260869565218
rect_uniform_6x7_centered_alt_high_value_center_standard_standard_train,P09,120,3.225,4.0,1.0,3.889166666666667,2.525,0.7333333333333333,6.560833333333334,7.878125000000001
rect_uniform_6x7_centered_alt_high_value_center_standard_standard_train,P11,120,1.95,3.0,1.0,2.717083333333334,1.4416666666666667,0.55,4.26875,7.666176470588236
rect_uniform_6x7_centered_alt_high_value_center_standard_standard_train,P15,120,3.625,4.0,1.0,2.325625,1.9166666666666667,1.7083333333333333,4.583958333333333,4.770890410958906
rect_uniform_6x7_centered_alt_high_value_center_standard_standard_train,P16,120,0.0,0.0,0.0,0.0,0.0,0.0,0.0,0.0
rect_uniform_6x7_centered_alt_high_value_center_standard_standard_train,P17,120,3.183333333333333,4.0,1.0,4.2508333333333335,4.608333333333333,0.008333333333333333,8.860833333333336,11.404687500000001
rect_uniform_6x7_centered_alt_high_value_center_standard_standard_train,P18,120,3.9,4.0,1.0,3.405,2.0416666666666665,1.8583333333333334,5.818333333333333,5.9460280373831775
rect_uniform_6x7_centered_alt_high_value_center_standard_standard_train,P19,120,3.6666666666666665,4.0,1.0,5.588333333333333,4.541666666666667,0.03333333333333333,10.136666666666667,12.711538461538463
rect_uniform_6x7_centered_alt_high_value_center_standard_standard_train,P21,120,2.933333333333333,4.0,1.0,1.9537500000000003,1.9083333333333334,1.0333333333333334,4.06875,4.45
rect_uniform_6x7_centered_alt_high_value_center_standard_standard_train,P22,120,1.9833333333333334,3.0,0.9916666666666667,2.6849999999999996,1.6416666666666666,0.38333333333333336,4.403333333333333,5.439999999999999
rect_uniform_6x7_centered_alt_high_value_center_standard_standard_train,P24,120,2.85,4.0,1.0,4.227708333333334,3.158333333333333,0.09166666666666666,7.404374999999999,9.189102564102564
rect_uniform_6x7_centered_alt_high_value_center_standard_standard_train,P25,120,2.933333333333333,4.0,1.0,2.7962499999999997,1.6666666666666667,1.2666666666666666,4.71625,5.660344827586208
rect_uniform_6x7_centered_alt_high_value_center_standard_standard_train,P27,120,3.316666666666667,4.0,1.0,6.583333333333333,4.725,0.016666666666666666,11.311666666666667,14.726041666666665
rect_uniform_6x7_centered_alt_high_value_center_standard_standard_train,P28,120,1.95,3.0,0.975,2.7131249999999993,2.225,0.0,4.938125,9.90625
rect_uniform_6x7_centered_alt_high_value_center_standard_standard_train,P30,120,2.6666666666666665,3.050632911392405,1.0,4.427083333333333,3.433333333333333,0.0,7.860416666666666,11.689285714285715
rect_uniform_6x7_centered_alt_high_value_center_standard_standard_eval,P03,120,3.95,4.0,1.0,6.082499999999999,3.675,0.325,9.8225,10.897435897435892
rect_uniform_6x7_centered_alt_high_value_center_standard_standard_eval,P08,120,3.825,4.0,1.0,2.8291666666666666,2.775,1.05,5.814166666666667,6.27470588235294
rect_uniform_6x7_centered_alt_high_value_center_standard_standard_eval,P10,120,2.216666666666667,3.0,0.9916666666666667,2.7027083333333333,2.2,0.24166666666666667,4.951041666666667,7.225
rect_uniform_6x7_centered_alt_high_value_center_standard_standard_eval,P12,120,3.525,4.0,1.0,3.9108333333333336,2.5416666666666665,1.0,6.652500000000002,7.524999999999998
rect_uniform_6x7_centered_alt_high_value_center_standard_standard_eval,P13,120,3.091666666666667,4.0,1.0,3.158333333333334,2.066666666666667,1.0416666666666667,5.433333333333332,6.042857142857143
rect_uniform_6x7_centered_alt_high_value_center_standard_standard_eval,P14,120,3.95,4.0,1.0,5.884791666666668,3.6,0.5333333333333333,9.591458333333334,11.7625
rect_uniform_6x7_centered_alt_high_value_center_standard_standard_eval,P20,120,3.808333333333333,4.0,1.0,2.63875,2.658333333333333,1.15,5.5270833333333345,6.149999999999999
rect_uniform_6x7_centered_alt_high_value_center_standard_standard_eval,P23,120,2.1,3.125,0.9916666666666667,3.748125,1.7333333333333334,0.36666666666666664,5.5547916666666675,6.82983870967742
rect_uniform_6x7_centered_alt_high_value_center_standard_standard_eval,P26,120,3.95,4.0,1.0,5.573541666666666,4.333333333333333,0.025,9.911875,11.274999999999997
rect_uniform_6x7_centered_alt_high_value_center_standard_standard_eval,P29,120,2.158333333333333,3.027027027027027,0.9916666666666667,4.761041666666667,3.45,0.0,8.211041666666667,12.217391304347826
rect_uniform_6x7_centered_alt_high_value_center_standard_loose_train,P01,120,2.658333333333333,4.0,0.9916666666666667,2.9074999999999998,1.9416666666666667,0.7166666666666667,4.9925000000000015,5.400000000000001
rect_uniform_6x7_centered_alt_high_value_center_standard_loose_train,P02,120,2.158333333333333,3.0,0.9916666666666667,1.7224999999999997,1.8083333333333333,0.35,3.6008333333333336,4.099999999999999
rect_uniform_6x7_centered_alt_high_value_center_standard_loose_train,P04,120,1.1166666666666667,2.0,0.9416666666666667,0.8641666666666669,0.9583333333333334,0.16666666666666666,1.855833333333333,2.263636363636364
rect_uniform_6x7_centered_alt_high_value_center_standard_loose_train,P05,120,2.475,3.090909090909091,1.0,1.8900000000000001,2.1,0.375,4.0649999999999995,5.7434782608695665
rect_uniform_6x7_centered_alt_high_value_center_standard_loose_train,P06,120,2.075,3.0833333333333335,1.0,2.6506250000000002,1.375,0.7,4.165625,5.445000000000002
rect_uniform_6x7_centered_alt_high_value_center_standard_loose_train,P07,120,3.433333333333333,4.0,1.0,2.9774999999999996,1.975,1.4583333333333333,5.244166666666668,5.399999999999999
rect_uniform_6x7_centered_alt_high_value_center_standard_loose_train,P09,120,2.3916666666666666,3.08,1.0,3.8900000000000015,2.25,0.19166666666666668,6.178333333333333,8.34662162162162
rect_uniform_6x7_centered_alt_high_value_center_standard_loose_train,P11,120,2.6416666666666666,3.112676056338028,1.0,3.082500000000001,1.9916666666666667,0.6666666666666666,5.207499999999999,5.322535211267606
rect_uniform_6x7_centered_alt_high_value_center_standard_loose_train,P15,120,3.4833333333333334,4.0,1.0,2.2368749999999995,1.6083333333333334,1.875,4.220208333333334,4.725000000000002
rect_uniform_6x7_centered_alt_high_value_center_standard_loose_train,P16,120,0.0,0.0,0.0,0.0,0.0,0.0,0.0,0.0
rect_uniform_6x7_centered_alt_high_value_center_standard_loose_train,P17,120,3.058333333333333,4.0,1.0,3.1962499999999996,3.533333333333333,0.10833333333333334,6.75125,9.39285714285714
rect_uniform_6x7_centered_alt_high_value_center_standard_loose_train,P18,120,3.9166666666666665,4.0,1.0,3.9037499999999996,2.775,1.1416666666666666,6.907083333333334,7.575000000000005
rect_uniform_6x7_centered_alt_high_value_center_standard_loose_train,P19,120,3.875,4.0,1.0,4.916249999999999,3.85,0.2,8.806249999999999,10.199999999999998
rect_uniform_6x7_centered_alt_high_value_center_standard_loose_train,P21,120,3.191666666666667,4.0,1.0,2.1675,2.15,1.0416666666666667,4.525833333333333,6.150000000000001
rect_uniform_6x7_centered_alt_high_value_center_standard_loose_train,P22,120,1.85,2.0408163265306123,1.0,2.8787499999999993,1.775,0.09166666666666666,4.672083333333332,5.158602150537632
rect_uniform_6x7_centered_alt_high_value_center_standard_loose_train,P24,120,2.0083333333333333,3.0689655172413794,0.975,3.037291666666667,1.875,0.25833333333333336,4.963958333333334,7.375
rect_uniform_6x7_centered_alt_high_value_center_standard_loose_train,P25,120,3.25,4.0,1.0,3.149999999999999,2.0,1.25,5.3999999999999995,5.550000000000002
rect_uniform_6x7_centered_alt_high_value_center_standard_loose_train,P27,120,3.7583333333333333,4.0,1.0,8.318750000000001,6.208333333333333,0.0,14.527083333333334,17.038793103448274
rect_uniform_6x7_centered_alt_high_value_center_standard_loose_train,P28,120,1.8666666666666667,2.1052631578947367,0.9916666666666667,4.683333333333335,2.816666666666667,0.0,7.500000000000002,10.46195652173913
rect_uniform_6x7_centered_alt_high_value_center_standard_loose_train,P30,120,2.9,4.0,1.0,4.989166666666666,3.3916666666666666,0.0,8.380833333333333,12.599999999999998
rect_uniform_6x7_centered_alt_high_value_center_standard_loose_eval,P03,120,3.9166666666666665,4.0,1.0,4.8125,2.191666666666667,1.725,7.349166666666665,8.75
rect_uniform_6x7_centered_alt_high_value_center_standard_loose_eval,P08,120,3.158333333333333,4.0,1.0,3.9839583333333346,2.7416666666666667,0.45,6.815625000000002,7.525000000000001
rect_uniform_6x7_centered_alt_high_value_center_standard_loose_eval,P10,120,3.35,4.0,1.0,2.0124999999999997,2.05,1.3,4.322500000000001,6.15
rect_uniform_6x7_centered_alt_high_value_center_standard_loose_eval,P12,120,2.691666666666667,4.0,1.0,2.7981250000000006,1.3166666666666667,1.375,4.389791666666667,7.051666666666668
rect_uniform_6x7_centered_alt_high_value_center_standard_loose_eval,P13,120,2.075,3.0,0.9916666666666667,2.0900000000000007,1.0,1.075,3.3049999999999997,3.55
rect_uniform_6x7_centered_alt_high_value_center_standard_loose_eval,P14,120,3.95,4.0,1.0,6.058333333333335,3.625,0.44166666666666665,9.771666666666668,11.7625
rect_uniform_6x7_centered_alt_high_value_center_standard_loose_eval,P20,120,2.0833333333333335,3.0454545454545454,1.0,1.33375,1.3166666666666667,0.775,2.8054166666666664,3.9657894736842096
rect_uniform_6x7_centered_alt_high_value_center_standard_loose_eval,P23,120,1.425,2.1607142857142856,0.8833333333333333,2.06,1.0666666666666667,0.35833333333333334,3.198333333333333,5.302272727272729
rect_uniform_6x7_centered_alt_high_value_center_standard_loose_eval,P26,120,0.9833333333333333,1.0,0.9833333333333333,0.9100000000000003,1.0083333333333333,0.0,1.9183333333333328,1.9508474576271186
rect_uniform_6x7_centered_alt_high_value_center_standard_loose_eval,P29,120,1.2666666666666666,2.268292682926829,0.8333333333333334,1.872708333333333,1.5166666666666666,0.0,3.3893750000000002,9.797916666666666
rect_uniform_6x7_centered_alt_high_value_center_loose_compact_train,P01,120,1.8416666666666666,2.097826086956522,1.0,8.205416666666665,5.608333333333333,0.0,13.813749999999997,14.599999999999994
rect_uniform_6x7_centered_alt_high_value_center_loose_compact_train,P02,120,3.466666666666667,4.0,1.0,5.933750000000001,3.575,0.125,9.53375,10.450000000000003
rect_uniform_6x7_centered_alt_high_value_center_loose_compact_train,P04,120,3.7916666666666665,4.0,1.0,2.6025000000000005,2.8916666666666666,0.9083333333333333,5.675833333333334,5.899999999999999
rect_uniform_6x7_centered_alt_high_value_center_loose_compact_train,P05,120,2.808333333333333,3.0425531914893615,1.0,6.225833333333335,3.7583333333333333,0.0,9.984166666666665,10.47234042553192
rect_uniform_6x7_centered_alt_high_value_center_loose_compact_train,P06,120,3.3916666666666666,4.0,1.0,2.4399999999999995,2.6,0.8,5.2,6.0
rect_uniform_6x7_centered_alt_high_value_center_loose_compact_train,P07,120,1.9833333333333334,3.0,1.0,4.328749999999999,3.066666666666667,0.0,7.395416666666668,10.449999999999996
rect_uniform_6x7_centered_alt_high_value_center_loose_compact_train,P09,120,3.808333333333333,4.0,1.0,4.028958333333333,3.308333333333333,0.525,7.442291666666666,9.375
rect_uniform_6x7_centered_alt_high_value_center_loose_compact_train,P11,120,3.775,4.0,1.0,4.454999999999999,2.033333333333333,1.7416666666666667,6.836666666666668,6.898118279569896
rect_uniform_6x7_centered_alt_high_value_center_loose_compact_train,P15,120,2.941666666666667,3.05607476635514,1.0,3.2195312499999997,2.7083333333333335,0.2833333333333333,5.98453125,6.28051470588235
rect_uniform_6x7_centered_alt_high_value_center_loose_compact_train,P16,120,3.8333333333333335,4.0,1.0,1.7574999999999996,1.8416666666666666,1.9916666666666667,3.9974999999999996,4.3
rect_uniform_6x7_centered_alt_high_value_center_loose_compact_train,P17,120,2.4166666666666665,3.0,1.0,2.9241666666666664,2.95,0.05,5.884166666666668,7.949999999999999
rect_uniform_6x7_centered_alt_high_value_center_loose_compact_train,P18,120,3.9166666666666665,4.0,1.0,4.686250000000001,3.8583333333333334,0.30833333333333335,8.60625,10.600000000000001
rect_uniform_6x7_centered_alt_high_value_center_loose_compact_train,P19,120,3.9166666666666665,4.0,1.0,4.978750000000001,3.825,0.15833333333333333,8.835416666666667,9.150000000000002
rect_uniform_6x7_centered_alt_high_value_center_loose_compact_train,P21,120,2.525,3.0454545454545454,1.0,1.9112499999999997,1.9166666666666667,0.6166666666666667,3.95125,4.3859375
rect_uniform_6x7_centered_alt_high_value_center_loose_compact_train,P22,120,2.325,3.056603773584906,0.9916666666666667,3.1408333333333327,2.066666666666667,0.2916666666666667,5.265833333333333,7.2984374999999995
rect_uniform_6x7_centered_alt_high_value_center_loose_compact_train,P24,120,2.9916666666666667,4.0,1.0,3.842291666666667,2.841666666666667,0.3,6.743958333333333,9.125
rect_uniform_6x7_centered_alt_high_value_center_loose_compact_train,P25,120,3.0,4.0,1.0,3.1525000000000007,2.058333333333333,0.9583333333333334,5.402499999999999,5.986363636363635
rect_uniform_6x7_centered_alt_high_value_center_loose_compact_train,P27,120,3.4,4.0,1.0,6.1203125,4.275,0.06666666666666667,10.408645833333333,13.612500000000002
rect_uniform_6x7_centered_alt_high_value_center_loose_compact_train,P28,120,2.0166666666666666,3.0,1.0,5.410208333333333,2.933333333333333,0.0,8.343541666666669,11.4203125
rect_uniform_6x7_centered_alt_high_value_center_loose_compact_train,P30,120,1.7666666666666666,3.0476190476190474,0.975,2.5504166666666666,2.0166666666666666,0.0,4.567083333333333,10.491666666666665
rect_uniform_6x7_centered_alt_high_value_center_loose_compact_eval,P03,120,1.1416666666666666,2.0,0.9083333333333333,1.1375,1.2416666666666667,0.13333333333333333,2.4058333333333333,3.8600000000000003
rect_uniform_6x7_centered_alt_high_value_center_loose_compact_eval,P08,120,0.4166666666666667,1.0,0.4166666666666667,1.016875,0.825,0.0,1.8418749999999997,7.225
rect_uniform_6x7_centered_alt_high_value_center_loose_compact_eval,P10,120,3.7416666666666667,4.0,1.0,6.668958333333334,5.375,0.0,12.04395833333333,13.325000000000001
rect_uniform_6x7_centered_alt_high_value_center_loose_compact_eval,P12,120,0.25833333333333336,1.1071428571428572,0.23333333333333334,0.27166666666666667,0.26666666666666666,0.0,0.5383333333333333,2.375
rect_uniform_6x7_centered_alt_high_value_center_loose_compact_eval,P13,120,2.4916666666666667,3.1272727272727274,1.0,3.491458333333334,2.1,0.45,5.681458333333333,9.004166666666668
rect_uniform_6x7_centered_alt_high_value_center_loose_compact_eval,P14,120,3.95,4.0,1.0,7.102187500000001,3.6416666666666666,0.4,10.823854166666665,11.72552816901409
rect_uniform_6x7_centered_alt_high_value_center_loose_compact_eval,P20,120,3.65,4.0,1.0,2.9431250000000007,2.6166666666666667,1.0333333333333334,5.766458333333334,6.6499999999999995
rect_uniform_6x7_centered_alt_high_value_center_loose_compact_eval,P23,120,2.725,4.0,0.9916666666666667,4.201458333333333,1.95,0.775,6.306458333333334,7.553
rect_uniform_6x7_centered_alt_high_value_center_loose_compact_eval,P26,120,3.716666666666667,4.0,1.0,4.692916666666667,3.3666666666666667,0.36666666666666664,8.132916666666668,9.313775510204081
rect_uniform_6x7_centered_alt_high_value_center_loose_compact_eval,P29,120,1.9,3.0,0.9916666666666667,3.4808333333333326,2.2333333333333334,0.0,5.714166666666667,10.084999999999999
rect_uniform_6x7_centered_alt_high_value_center_loose_standard_train,P01,120,3.9,4.0,1.0,6.188750000000001,3.725,0.225,9.95875,10.450000000000005
rect_uniform_6x7_centered_alt_high_value_center_loose_standard_train,P02,120,2.658333333333333,4.0,1.0,2.794999999999999,2.35,0.325,5.209999999999999,7.3125
rect_uniform_6x7_centered_alt_high_value_center_loose_standard_train,P04,120,3.725,4.0,1.0,2.6349999999999993,2.816666666666667,0.9166666666666666,5.635,6.0
rect_uniform_6x7_centered_alt_high_value_center_loose_standard_train,P05,120,2.6083333333333334,3.142857142857143,0.9916666666666667,2.3699999999999997,2.1333333333333333,0.475,4.598333333333333,6.945161290322581
rect_uniform_6x7_centered_alt_high_value_center_loose_standard_train,P06,120,0.9833333333333333,2.0952380952380953,0.7916666666666666,1.429375,1.1,0.025,2.5343749999999994,5.8500000000000005
rect_uniform_6x7_centered_alt_high_value_center_loose_standard_train,P07,120,3.691666666666667,4.0,1.0,7.446249999999998,4.883333333333334,0.0,12.329583333333336,12.569158878504672
rect_uniform_6x7_centered_alt_high_value_center_loose_standard_train,P09,120,3.55,4.0,1.0,4.186458333333333,2.6166666666666667,0.975,6.998125000000001,9.901923076923076
rect_uniform_6x7_centered_alt_high_value_center_loose_standard_train,P11,120,2.125,3.025,0.9916666666666667,3.0512500000000005,1.4083333333333334,0.7166666666666667,4.602916666666666,6.630405405405407
rect_uniform_6x7_centered_alt_high_value_center_loose_standard_train,P15,120,3.5833333333333335,4.0,1.0,3.2771875000000006,2.808333333333333,0.8083333333333333,6.247187500000001,6.6158203124999995
rect_uniform_6x7_centered_alt_high_value_center_loose_standard_train,P16,120,1.9666666666666666,3.0,1.0,1.2416666666666667,1.3416666666666666,0.6583333333333333,2.7149999999999994,3.924390243902439
rect_uniform_6x7_centered_alt_high_value_center_loose_standard_train,P17,120,2.65,3.0,1.0,2.95125,2.9833333333333334,0.1,5.954583333333335,7.949999999999999
rect_uniform_6x7_centered_alt_high_value_center_loose_standard_train,P18,120,3.9166666666666665,4.0,1.0,4.209375,3.225,0.7,7.574375,8.5
rect_uniform_6x7_centered_alt_high_value_center_loose_standard_train,P19,120,3.8583333333333334,4.0,1.0,4.141249999999999,3.075,0.825,7.38125,9.385714285714284
rect_uniform_6x7_centered_alt_high_value_center_loose_standard_train,P21,120,2.35,3.125,1.0,2.7008333333333336,2.675,0.16666666666666666,5.409166666666666,8.0
rect_uniform_6x7_centered_alt_high_value_center_loose_standard_train,P22,120,1.9583333333333333,3.0,0.9833333333333333,2.6062499999999997,1.5666666666666667,0.4,4.252916666666666,5.506521739130433
rect_uniform_6x7_centered_alt_high_value_center_loose_standard_train,P24,120,2.308333333333333,3.16,1.0,3.51125,2.441666666666667,0.15,5.982916666666665,7.253571428571429
rect_uniform_6x7_centered_alt_high_value_center_loose_standard_train,P25,120,2.341666666666667,3.2195121951219514,1.0,2.33625,1.225,1.1166666666666667,3.7845833333333325,5.422727272727271
rect_uniform_6x7_centered_alt_high_value_center_loose_standard_train,P27,120,3.6166666666666667,4.0,1.0,6.855,5.108333333333333,0.016666666666666666,11.966666666666667,15.662499999999998
rect_uniform_6x7_centered_alt_high_value_center_loose_standard_train,P28,120,1.5166666666666666,2.1666666666666665,0.875,2.288958333333333,1.775,0.0,4.063958333333334,8.063043478260868
rect_uniform_6x7_centered_alt_high_value_center_loose_standard_train,P30,120,2.433333333333333,3.0,1.0,5.601250000000001,4.108333333333333,0.0,9.709583333333335,13.7
rect_uniform_6x7_centered_alt_high_value_center_loose_standard_eval,P03,120,1.6,2.0277777777777777,0.9833333333333333,7.619166666666666,5.116666666666666,0.016666666666666666,12.739166666666664,14.599999999999994
rect_uniform_6x7_centered_alt_high_value_center_loose_standard_eval,P08,120,0.525,1.1454545454545455,0.4583333333333333,0.5325,0.525,0.0,1.0575,2.3666666666666667
rect_uniform_6x7_centered_alt_high_value_center_loose_standard_eval,P10,120,0.9333333333333333,1.087378640776699,0.8583333333333333,1.5793749999999995,1.475,0.025,3.0593749999999997,7.224999999999997
rect_uniform_6x7_centered_alt_high_value_center_loose_standard_eval,P12,120,3.9166666666666665,4.0,1.0,3.5356249999999987,2.058333333333333,1.8583333333333334,5.965625000000002,6.023198198198203
rect_uniform_6x7_centered_alt_high_value_center_loose_standard_eval,P13,120,2.9583333333333335,3.0833333333333335,0.9916666666666667,3.0741666666666676,1.9833333333333334,0.975,5.252499999999999,5.316666666666664
rect_uniform_6x7_centered_alt_high_value_center_loose_standard_eval,P14,120,3.95,4.0,1.0,4.916875000000001,2.5166666666666666,1.45,7.723541666666667,9.7828125
rect_uniform_6x7_centered_alt_high_value_center_loose_standard_eval,P20,120,3.95,4.0,1.0,2.0962499999999995,2.191666666666667,1.7583333333333333,4.639583333333332,6.213636363636366
rect_uniform_6x7_centered_alt_high_value_center_loose_standard_eval,P23,120,2.1416666666666666,3.09375,1.0,3.946875,1.7916666666666667,0.35,5.808541666666666,6.704032258064517
rect_uniform_6x7_centered_alt_high_value_center_loose_standard_eval,P26,120,3.95,4.0,1.0,3.654375000000001,2.341666666666667,1.6166666666666667,6.319374999999998,7.806818181818179
rect_uniform_6x7_centered_alt_high_value_center_loose_standard_eval,P29,120,1.7666666666666666,3.0,0.9583333333333334,4.132291666666666,2.9833333333333334,0.0,7.115625,10.935714285714285
rect_uniform_6x7_centered_alt_high_value_center_loose_loose_train,P01,120,2.7583333333333333,4.0,1.0,2.6949999999999994,2.05,0.7083333333333334,4.886666666666667,7.099999999999999
rect_uniform_6x7_centered_alt_high_value_center_loose_loose_train,P02,120,2.716666666666667,3.107142857142857,1.0,2.379166666666667,2.6416666666666666,0.09166666666666666,5.0391666666666675,5.76829268292683
rect_uniform_6x7_centered_alt_high_value_center_loose_loose_train,P04,120,1.3,2.0,0.9083333333333333,1.5883333333333334,1.6833333333333333,0.025,3.276666666666666,5.8
rect_uniform_6x7_centered_alt_high_value_center_loose_loose_train,P05,120,3.5166666666666666,4.0,1.0,2.475,2.75,0.8,5.385000000000002,5.8999999999999995
rect_uniform_6x7_centered_alt_high_value_center_loose_loose_train,P06,120,1.5916666666666666,2.140625,0.9833333333333333,2.39875,1.1083333333333334,0.48333333333333334,3.60375,5.304999999999999
rect_uniform_6x7_centered_alt_high_value_center_loose_loose_train,P07,120,3.783333333333333,4.0,1.0,3.787499999999999,2.875,0.9083333333333333,6.844166666666665,7.1
rect_uniform_6x7_centered_alt_high_value_center_loose_loose_train,P09,120,2.7666666666666666,4.0,1.0,3.6525000000000003,1.675,1.0916666666666666,5.545833333333334,6.964130434782608
rect_uniform_6x7_centered_alt_high_value_center_loose_loose_train,P11,120,2.6,3.0,1.0,3.1000000000000005,2.0,0.6083333333333333,5.221666666666666,5.3
rect_uniform_6x7_centered_alt_high_value_center_loose_loose_train,P15,120,2.4166666666666665,3.1320754716981134,1.0,2.526666666666667,2.033333333333333,0.38333333333333336,4.636666666666667,6.378846153846153
rect_uniform_6x7_centered_alt_high_value_center_loose_loose_train,P16,120,0.0,0.0,0.0,0.0,0.0,0.0,0.0,0.0
rect_uniform_6x7_centered_alt_high_value_center_loose_loose_train,P17,120,2.2083333333333335,3.0,1.0,2.1158333333333332,2.2,0.10833333333333334,4.3375,5.900000000000001
rect_uniform_6x7_centered_alt_high_value_center_loose_loose_train,P18,120,3.75,4.0,1.0,2.9175,2.966666666666667,0.8416666666666667,6.052500000000001,6.149999999999998
rect_uniform_6x7_centered_alt_high_value_center_loose_loose_train,P19,120,3.9166666666666665,4.0,1.0,3.8704166666666655,2.808333333333333,1.1166666666666667,6.902083333333333,9.058823529411764
rect_uniform_6x7_centered_alt_high_value_center_loose_loose_train,P21,120,2.408333333333333,3.0350877192982457,1.0,1.9029166666666668,1.8583333333333334,0.55,3.8712499999999994,4.4526315789473685
rect_uniform_6x7_centered_alt_high_value_center_loose_loose_train,P22,120,1.8166666666666667,2.075268817204301,0.9833333333333333,2.8174999999999994,1.7333333333333334,0.08333333333333333,4.567499999999999,5.165555555555554
rect_uniform_6x7_centered_alt_high_value_center_loose_loose_train,P24,120,2.2,3.027027027027027,0.9916666666666667,3.2154166666666675,2.1,0.13333333333333333,5.342083333333333,7.233695652173912
rect_uniform_6x7_centered_alt_high_value_center_loose_loose_train,P25,120,2.5,3.15,1.0,3.027499999999999,1.8916666666666666,0.6083333333333333,5.0408333333333335,5.380508474576272
rect_uniform_6x7_centered_alt_high_value_center_loose_loose_train,P27,120,2.8833333333333333,3.029126213592233,1.0,4.954999999999999,3.275,0.10833333333333334,8.251666666666667,10.957142857142857
rect_uniform_6x7_centered_alt_high_value_center_loose_loose_train,P28,120,1.9333333333333333,3.0,0.9833333333333333,4.509583333333334,2.75,0.0,7.259583333333334,10.35595238095238
rect_uniform_6x7_centered_alt_high_value_center_loose_loose_train,P30,120,1.5666666666666667,3.0,0.925,2.577916666666667,1.5666666666666667,0.0,4.144583333333333,8.650000000000002
rect_uniform_6x7_centered_alt_high_value_center_loose_loose_eval,P03,120,3.95,4.0,1.0,5.8566666666666665,3.35,0.6166666666666667,9.330000000000002,10.454255319148935
rect_uniform_6x7_centered_alt_high_value_center_loose_loose_eval,P08,120,3.2,4.0,1.0,2.735,1.7083333333333333,1.4916666666666667,4.741666666666668,5.905952380952383
rect_uniform_6x7_centered_alt_high_value_center_loose_loose_eval,P10,120,0.49166666666666664,1.0,0.49166666666666664,0.44250000000000006,0.49166666666666664,0.0,0.9341666666666666,1.9000000000000004
rect_uniform_6x7_centered_alt_high_value_center_loose_loose_eval,P12,120,3.0833333333333335,4.0,1.0,3.48,1.55,1.5333333333333334,5.336666666666668,6.8249999999999975
rect_uniform_6x7_centered_alt_high_value_center_loose_loose_eval,P13,120,2.033333333333333,3.0,0.9916666666666667,2.0825000000000005,0.9916666666666667,1.0416666666666667,3.2824999999999993,3.4999999999999996
rect_uniform_6x7_centered_alt_high_value_center_loose_loose_eval,P14,120,3.941666666666667,4.0,1.0,5.258645833333334,2.908333333333333,1.0416666666666667,8.3753125,10.575
rect_uniform_6x7_centered_alt_high_value_center_loose_loose_eval,P20,120,3.2083333333333335,4.0,1.0,1.8812499999999994,1.9333333333333333,1.275,4.069583333333333,4.3500000000000005
rect_uniform_6x7_centered_alt_high_value_center_loose_loose_eval,P23,120,1.3583333333333334,2.142857142857143,0.8916666666666667,2.0062500000000005,0.9666666666666667,0.39166666666666666,3.05125,5.178846153846154
rect_uniform_6x7_centered_alt_high_value_center_loose_loose_eval,P26,120,0.8916666666666667,1.0,0.8916666666666667,0.9350000000000003,0.8916666666666667,0.0,1.826666666666667,2.0500000000000007
rect_uniform_6x7_centered_alt_high_value_center_loose_loose_eval,P29,120,1.2833333333333334,2.2051282051282053,0.8916666666666667,1.798333333333333,1.4666666666666666,0.0,3.2649999999999997,8.361842105263158
rect_center_heavy_6_none_mixed_balanced_compact_compact_train,P01,120,1.2583333333333333,2.026315789473684,0.9333333333333333,1.7112499999999997,1.7583333333333333,0.041666666666666664,3.4779166666666677,3.952020202020202
rect_center_heavy_6_none_mixed_balanced_compact_compact_train,P02,120,3.091666666666667,4.0,1.0,3.0158333333333336,3.4833333333333334,0.10833333333333334,6.520833333333332,7.5
rect_center_heavy_6_none_mixed_balanced_compact_compact_train,P04,120,3.8,4.0,1.0,3.374583333333334,2.9916666666666667,0.8166666666666667,6.529583333333335,9.525000000000002
rect_center_heavy_6_none_mixed_balanced_compact_compact_train,P05,120,1.7833333333333334,2.1058823529411765,1.0,1.285,1.8,0.20833333333333334,3.126666666666667,5.4142857142857155
rect_center_heavy_6_none_mixed_balanced_compact_compact_train,P06,120,3.625,4.0,1.0,2.810833333333334,2.225,1.4,5.315833333333333,7.625000000000001
rect_center_heavy_6_none_mixed_balanced_compact_compact_train,P07,120,2.575,3.076923076923077,1.0,2.39375,2.4166666666666665,0.4166666666666667,4.89375,6.19074074074074
rect_center_heavy_6_none_mixed_balanced_compact_compact_train,P09,120,3.716666666666667,4.0,1.0,6.117499999999999,3.7333333333333334,0.19166666666666668,9.889166666666664,10.475000000000001
rect_center_heavy_6_none_mixed_balanced_compact_compact_train,P11,120,3.9166666666666665,4.0,1.0,7.479375000000002,3.7333333333333334,0.25,11.262708333333336,12.025000000000006
rect_center_heavy_6_none_mixed_balanced_compact_compact_train,P15,120,3.7,4.0,1.0,3.95125,2.6416666666666666,1.0583333333333333,6.8045833333333325,7.4750000000000005
rect_center_heavy_6_none_mixed_balanced_compact_compact_train,P16,120,0.2,1.0909090909090908,0.18333333333333332,0.20166666666666666,0.18333333333333332,0.016666666666666666,0.38833333333333336,2.1181818181818186
rect_center_heavy_6_none_mixed_balanced_compact_compact_train,P17,120,3.9166666666666665,4.0,1.0,7.904791666666667,7.125,0.0,15.029791666666663,16.4904255319149
rect_center_heavy_6_none_mixed_balanced_compact_compact_train,P18,120,3.9166666666666665,4.0,1.0,3.8268750000000007,3.908333333333333,0.09166666666666666,7.753541666666664,7.969859813084112
rect_center_heavy_6_none_mixed_balanced_compact_compact_train,P19,120,3.9166666666666665,4.0,1.0,5.957499999999999,4.733333333333333,0.05,10.700833333333332,13.091666666666669
rect_center_heavy_6_none_mixed_balanced_compact_compact_train,P21,120,3.9166666666666665,4.0,1.0,3.88125,3.8833333333333333,0.1,7.784583333333334,8.0
rect_center_heavy_6_none_mixed_balanced_compact_compact_train,P22,120,3.5416666666666665,4.0,1.0,8.994375,3.875,0.175,12.904375,16.625
rect_center_heavy_6_none_mixed_balanced_compact_compact_train,P24,120,3.45,4.0,1.0,4.920833333333333,3.575,0.2,8.535833333333334,11.425000000000002
rect_center_heavy_6_none_mixed_balanced_compact_compact_train,P25,120,3.9166666666666665,4.0,1.0,7.490625000000002,3.125,0.7916666666666666,10.773958333333335,13.524999999999997
rect_center_heavy_6_none_mixed_balanced_compact_compact_train,P27,120,3.9166666666666665,4.0,1.0,8.296458333333335,7.275,0.0,15.571458333333336,18.4625
rect_center_heavy_6_none_mixed_balanced_compact_compact_train,P28,120,3.2666666666666666,4.0,1.0,6.559479166666667,5.375,0.0,11.93447916666667,16.8328125
rect_center_heavy_6_none_mixed_balanced_compact_compact_train,P30,120,3.025,4.0,1.0,3.774166666666667,3.7666666666666666,0.0,7.540833333333334,11.003846153846156
rect_center_heavy_6_none_mixed_balanced_compact_compact_eval,P03,120,3.95,4.0,1.0,5.2875,5.433333333333334,0.0,10.720833333333335,11.799999999999997
rect_center_heavy_6_none_mixed_balanced_compact_compact_eval,P08,120,1.65,2.0128205128205128,0.9916666666666667,3.178749999999999,2.058333333333333,0.016666666666666666,5.2404166666666665,7.05
rect_center_heavy_6_none_mixed_balanced_compact_compact_eval,P10,120,3.95,4.0,1.0,7.089999999999999,5.866666666666666,0.0,12.956666666666667,13.25
rect_center_heavy_6_none_mixed_balanced_compact_compact_eval,P12,120,2.591666666666667,3.085714285714286,1.0,4.5756250000000005,2.6,0.10833333333333334,7.197291666666667,8.444520547945203
rect_center_heavy_6_none_mixed_balanced_compact_compact_eval,P13,120,3.8,4.0,1.0,7.155625,3.058333333333333,0.7583333333333333,10.365625000000001,13.524999999999997
rect_center_heavy_6_none_mixed_balanced_compact_compact_eval,P14,120,3.941666666666667,4.0,1.0,5.408333333333332,4.55,0.058333333333333334,9.969999999999997,10.730281690140846
rect_center_heavy_6_none_mixed_balanced_compact_compact_eval,P20,120,2.75,3.0823529411764707,1.0,3.035625000000001,1.9083333333333334,0.8416666666666667,5.112291666666665,5.440189873417722
rect_center_heavy_6_none_mixed_balanced_compact_compact_eval,P23,120,3.533333333333333,4.0,1.0,7.365625000000002,3.566666666666667,0.16666666666666666,10.965625,12.375357142857144
rect_center_heavy_6_none_mixed_balanced_compact_compact_eval,P26,120,2.816666666666667,3.0760869565217392,1.0,4.023749999999999,3.0166666666666666,0.025,7.045416666666665,7.181034482758617
rect_center_heavy_6_none_mixed_balanced_compact_compact_eval,P29,120,3.6083333333333334,4.0,1.0,7.993125,5.283333333333333,0.0,13.276458333333334,18.370833333333334
rect_center_heavy_6_none_mixed_balanced_compact_standard_train,P01,120,1.45,2.1320754716981134,0.95,0.6916666666666667,1.1833333333333333,0.26666666666666666,1.9283333333333332,3.45
rect_center_heavy_6_none_mixed_balanced_compact_standard_train,P02,120,3.1166666666666667,4.0,1.0,2.123333333333334,2.025,1.0916666666666666,4.366666666666666,4.977777777777778
rect_center_heavy_6_none_mixed_balanced_compact_standard_train,P04,120,3.775,4.0,1.0,2.3820833333333336,2.0833333333333335,1.6916666666666667,4.80375,7.625000000000001
rect_center_heavy_6_none_mixed_balanced_compact_standard_train,P05,120,2.8,3.0652173913043477,1.0,2.0916666666666672,1.9916666666666667,0.825,4.248333333333332,4.313186813186813
rect_center_heavy_6_none_mixed_balanced_compact_standard_train,P06,120,2.2916666666666665,3.1020408163265305,1.0,2.6258333333333335,2.1333333333333333,0.3333333333333333,4.825833333333334,7.330405405405404
rect_center_heavy_6_none_mixed_balanced_compact_standard_train,P07,120,0.225,1.0,0.225,0.2025,0.225,0.0,0.4275,1.8999999999999997
rect_center_heavy_6_none_mixed_balanced_compact_standard_train,P09,120,3.2,4.0,1.0,4.313750000000001,2.441666666666667,0.7916666666666666,6.913750000000001,8.755232558139536
rect_center_heavy_6_none_mixed_balanced_compact_standard_train,P11,120,3.9,4.0,1.0,6.490624999999999,2.7916666666666665,1.1083333333333334,9.503958333333333,10.174999999999995
rect_center_heavy_6_none_mixed_balanced_compact_standard_train,P15,120,2.3916666666666666,3.2142857142857144,1.0,3.2587499999999996,1.95,0.44166666666666665,5.297083333333334,5.617857142857143
rect_center_heavy_6_none_mixed_balanced_compact_standard_train,P16,120,3.9166666666666665,4.0,1.0,2.920000000000001,1.8666666666666667,2.05,5.196666666666667,5.600000000000002
rect_center_heavy_6_none_mixed_balanced_compact_standard_train,P17,120,3.9,4.0,1.0,6.772916666666666,6.091666666666667,0.008333333333333333,12.866250000000003,14.438775510204081
rect_center_heavy_6_none_mixed_balanced_compact_standard_train,P18,120,2.8583333333333334,4.0,1.0,2.0168749999999998,2.0083333333333333,0.85,4.195208333333333,4.890277777777778
rect_center_heavy_6_none_mixed_balanced_compact_standard_train,P19,120,3.9166666666666665,4.0,1.0,6.003749999999999,4.783333333333333,0.016666666666666666,10.790416666666665,12.690384615384618
rect_center_heavy_6_none_mixed_balanced_compact_standard_train,P21,120,3.9166666666666665,4.0,1.0,2.21125,2.183333333333333,1.7333333333333334,4.74125,6.150000000000001
rect_center_heavy_6_none_mixed_balanced_compact_standard_train,P22,120,2.841666666666667,3.097826086956522,1.0,6.756249999999998,2.908333333333333,0.11666666666666667,9.687916666666666,11.73888888888889
rect_center_heavy_6_none_mixed_balanced_compact_standard_train,P24,120,2.8333333333333335,4.0,0.9916666666666667,3.9233333333333333,2.6166666666666667,0.4166666666666667,6.623333333333335,8.31195652173913
rect_center_heavy_6_none_mixed_balanced_compact_standard_train,P25,120,3.533333333333333,4.0,1.0,4.72,1.9333333333333333,1.6,6.9733333333333345,7.319642857142855
rect_center_heavy_6_none_mixed_balanced_compact_standard_train,P27,120,3.5833333333333335,4.0,1.0,6.888958333333334,5.691666666666666,0.0,12.580625000000001,16.211666666666666
rect_center_heavy_6_none_mixed_balanced_compact_standard_train,P28,120,2.341666666666667,3.08,0.9916666666666667,4.70375,3.075,0.0,7.7787500000000005,12.007692307692308
rect_center_heavy_6_none_mixed_balanced_compact_standard_train,P30,120,2.2666666666666666,3.019607843137255,1.0,2.8054166666666664,2.8916666666666666,0.0,5.6970833333333335,8.454166666666667
rect_center_heavy_6_none_mixed_balanced_compact_standard_eval,P03,120,1.7416666666666667,2.022727272727273,0.9916666666666667,1.66,1.7166666666666666,0.175,3.4116666666666675,3.976744186046511
rect_center_heavy_6_none_mixed_balanced_compact_standard_eval,P08,120,2.625,3.1486486486486487,1.0,3.077916666666667,1.9583333333333333,0.7,5.176249999999999,8.444047619047621
rect_center_heavy_6_none_mixed_balanced_compact_standard_eval,P10,120,2.05,3.0,0.9916666666666667,3.218749999999999,2.125,0.13333333333333333,5.370416666666667,7.050000000000001
rect_center_heavy_6_none_mixed_balanced_compact_standard_eval,P12,120,2.325,3.0,1.0,3.3943749999999997,2.0083333333333333,0.35833333333333334,5.474375,5.646022727272726
rect_center_heavy_6_none_mixed_balanced_compact_standard_eval,P13,120,3.5416666666666665,4.0,1.0,7.161250000000001,2.9833333333333334,0.6166666666666667,10.267916666666668,10.852898550724635
rect_center_heavy_6_none_mixed_balanced_compact_standard_eval,P14,120,3.941666666666667,4.0,1.0,5.844166666666666,4.816666666666666,0.016666666666666666,10.664166666666665,12.662500000000001
rect_center_heavy_6_none_mixed_balanced_compact_standard_eval,P20,120,3.95,4.0,1.0,4.085624999999999,2.908333333333333,1.05,7.203958333333332,7.474999999999999
rect_center_heavy_6_none_mixed_balanced_compact_standard_eval,P23,120,3.2666666666666666,4.0,1.0,6.7106249999999985,2.8916666666666666,0.48333333333333334,9.698958333333334,13.525000000000002
rect_center_heavy_6_none_mixed_balanced_compact_standard_eval,P26,120,2.7916666666666665,3.1294117647058823,1.0,3.4612499999999993,2.3583333333333334,0.525,5.924583333333333,7.063636363636365
rect_center_heavy_6_none_mixed_balanced_compact_standard_eval,P29,120,2.75,3.022222222222222,0.9916666666666667,6.913333333333335,4.175,0.0,11.088333333333335,16.166666666666664
rect_center_heavy_6_none_mixed_balanced_compact_loose_train,P01,120,1.4916666666666667,2.0892857142857144,0.9833333333333333,1.4983333333333335,1.4,0.25833333333333336,2.95,4.108
rect_center_heavy_6_none_mixed_balanced_compact_loose_train,P02,120,2.525,3.126984126984127,1.0,2.0466666666666673,1.95,0.575,4.111666666666666,4.540322580645162
rect_center_heavy_6_none_mixed_balanced_compact_loose_train,P04,120,2.2,3.125,1.0,1.4570833333333335,1.1583333333333334,1.0416666666666667,2.8237499999999995,5.669444444444445
rect_center_heavy_6_none_mixed_balanced_compact_loose_train,P05,120,2.85,4.0,0.9916666666666667,2.0733333333333337,1.975,0.875,4.223333333333333,6.4
rect_center_heavy_6_none_mixed_balanced_compact_loose_train,P06,120,3.466666666666667,4.0,1.0,1.7616666666666665,1.375,2.091666666666667,3.5549999999999997,5.676351351351352
rect_center_heavy_6_none_mixed_balanced_compact_loose_train,P07,120,2.1166666666666667,3.0,1.0,0.5583333333333333,1.0583333333333333,1.0583333333333333,1.8283333333333331,2.3200000000000003
rect_center_heavy_6_none_mixed_balanced_compact_loose_train,P09,120,2.9583333333333335,4.0,1.0,4.791250000000001,2.175,0.7833333333333333,7.122916666666666,8.9
rect_center_heavy_6_none_mixed_balanced_compact_loose_train,P11,120,2.783333333333333,3.0786516853932584,1.0,4.680625,2.0083333333333333,0.7916666666666666,6.847291666666666,10.083333333333334
rect_center_heavy_6_none_mixed_balanced_compact_loose_train,P15,120,0.025,0.025,0.025,0.026250000000000002,0.025,0.0,0.05125,0.05125
rect_center_heavy_6_none_mixed_balanced_compact_loose_train,P16,120,3.9166666666666665,4.0,1.0,3.2000000000000006,2.0,1.9166666666666667,5.583333333333332,5.600000000000001
rect_center_heavy_6_none_mixed_balanced_compact_loose_train,P17,120,3.9166666666666665,4.0,1.0,6.112083333333333,5.333333333333333,0.041666666666666664,11.453750000000003,14.375000000000002
rect_center_heavy_6_none_mixed_balanced_compact_loose_train,P18,120,0.7833333333333333,1.0,0.7833333333333333,0.8193750000000002,0.8416666666666667,0.0,1.6610416666666663,2.1204787234042555
rect_center_heavy_6_none_mixed_balanced_compact_loose_train,P19,120,3.8916666666666666,4.0,1.0,5.1175000000000015,3.8,0.2,8.957500000000001,9.50888888888889
rect_center_heavy_6_none_mixed_balanced_compact_loose_train,P21,120,3.9166666666666665,4.0,1.0,2.0412500000000002,1.9916666666666667,1.925,4.417916666666668,4.450000000000001
rect_center_heavy_6_none_mixed_balanced_compact_loose_train,P22,120,2.375,3.0784313725490198,1.0,5.449375,2.3833333333333333,0.1,7.852708333333334,9.990094339622644
rect_center_heavy_6_none_mixed_balanced_compact_loose_train,P24,120,2.5083333333333333,4.0,0.9833333333333333,3.4466666666666668,2.1333333333333333,0.45,5.670000000000001,7.525000000000002
rect_center_heavy_6_none_mixed_balanced_compact_loose_train,P25,120,1.3833333333333333,2.227272727272727,0.9333333333333333,2.6181250000000005,1.1083333333333334,0.275,3.781458333333334,6.970238095238094
rect_center_heavy_6_none_mixed_balanced_compact_loose_train,P27,120,3.8583333333333334,4.0,1.0,7.588645833333333,6.216666666666667,0.0,13.805312500000003,17.368269230769236
rect_center_heavy_6_none_mixed_balanced_compact_loose_train,P28,120,2.175,3.0,0.9833333333333333,4.987916666666666,3.2333333333333334,0.0,8.221250000000001,12.566666666666668
rect_center_heavy_6_none_mixed_balanced_compact_loose_train,P30,120,2.175,3.066666666666667,0.9666666666666667,2.281666666666667,2.25,0.0,4.531666666666667,6.622727272727272
rect_center_heavy_6_none_mixed_balanced_compact_loose_eval,P03,120,0.7166666666666667,1.048780487804878,0.6833333333333333,0.6158333333333333,0.6916666666666667,0.025,1.3125,1.9259259259259263
rect_center_heavy_6_none_mixed_balanced_compact_loose_eval,P08,120,1.6166666666666667,2.1,0.975,3.3762499999999998,1.9916666666666667,0.025,5.372916666666667,5.538793103448276
rect_center_heavy_6_none_mixed_balanced_compact_loose_eval,P10,120,1.9416666666666667,3.0,0.9916666666666667,2.6316666666666673,1.55,0.39166666666666666,4.26,5.299999999999999
rect_center_heavy_6_none_mixed_balanced_compact_loose_eval,P12,120,3.475,4.0,1.0,4.594375,2.4833333333333334,0.9916666666666667,7.276041666666668,8.954824561403505
rect_center_heavy_6_none_mixed_balanced_compact_loose_eval,P13,120,3.941666666666667,4.0,1.0,4.642499999999999,1.9,2.0416666666666665,6.9508333333333345,7.3678217821782175
rect_center_heavy_6_none_mixed_balanced_compact_loose_eval,P14,120,3.941666666666667,4.0,1.0,5.957708333333333,4.816666666666666,0.025,10.779374999999998,12.662500000000005
rect_center_heavy_6_none_mixed_balanced_compact_loose_eval,P20,120,1.3333333333333333,2.0,0.9666666666666667,3.4125000000000005,2.05,0.0,5.4625,8.550000000000002
rect_center_heavy_6_none_mixed_balanced_compact_loose_eval,P23,120,2.7583333333333333,4.0,1.0,5.8831250000000015,2.5166666666666666,0.35,8.469791666666667,12.290625
rect_center_heavy_6_none_mixed_balanced_compact_loose_eval,P26,120,0.925,1.0,0.925,1.9425000000000003,0.925,0.0,2.8675,3.100000000000002
rect_center_heavy_6_none_mixed_balanced_compact_loose_eval,P29,120,2.425,3.0,1.0,5.0600000000000005,2.7916666666666665,0.0,7.851666666666666,12.206578947368422
rect_center_heavy_6_none_mixed_balanced_standard_compact_train,P01,120,1.55,2.0615384615384613,0.975,1.2112500000000002,1.1583333333333334,0.48333333333333334,2.46625,4.31111111111111
rect_center_heavy_6_none_mixed_balanced_standard_compact_train,P02,120,1.3333333333333333,2.0256410256410255,1.0,1.8059375,2.158333333333333,0.0,3.9642708333333334,7.006617647058824
rect_center_heavy_6_none_mixed_balanced_standard_compact_train,P04,120,3.3833333333333333,4.0,1.0,5.033541666666667,3.691666666666667,0.09166666666666666,8.743541666666669,9.525
rect_center_heavy_6_none_mixed_balanced_standard_compact_train,P05,120,1.075,2.0,0.9416666666666667,1.6391666666666667,1.2416666666666667,0.1,2.9008333333333334,5.324999999999999
rect_center_heavy_6_none_mixed_balanced_standard_compact_train,P06,120,3.9,4.0,1.0,3.862083333333333,2.591666666666667,1.3083333333333333,6.715416666666667,7.625000000000002
rect_center_heavy_6_none_mixed_balanced_standard_compact_train,P07,120,3.5083333333333333,4.0,1.0,3.115000000000001,3.0166666666666666,0.525,6.2366666666666655,6.352307692307691
rect_center_heavy_6_none_mixed_balanced_standard_compact_train,P09,120,1.7916666666666667,3.0588235294117645,1.0,4.335625000000001,2.475,0.008333333333333333,6.812291666666668,9.680952380952382
rect_center_heavy_6_none_mixed_balanced_standard_compact_train,P11,120,3.7416666666666667,4.0,1.0,8.025000000000002,4.0,0.0,12.025000000000004,12.025000000000004
rect_center_heavy_6_none_mixed_balanced_standard_compact_train,P15,120,3.8,4.0,1.0,3.561250000000001,3.0083333333333333,0.8083333333333333,6.731250000000002,8.5
rect_center_heavy_6_none_mixed_balanced_standard_compact_train,P16,120,0.008333333333333333,0.008333333333333333,0.008333333333333333,0.00875,0.008333333333333333,0.0,0.017083333333333332,0.017083333333333332
rect_center_heavy_6_none_mixed_balanced_standard_compact_train,P17,120,3.1083333333333334,4.0,1.0,5.378541666666666,4.25,0.016666666666666666,9.631874999999999,11.172115384615385
rect_center_heavy_6_none_mixed_balanced_standard_compact_train,P18,120,3.8916666666666666,4.0,1.0,5.910000000000001,4.6,0.008333333333333333,10.511666666666667,11.325000000000001
rect_center_heavy_6_none_mixed_balanced_standard_compact_train,P19,120,3.9166666666666665,4.0,1.0,3.5349999999999997,3.7666666666666666,0.21666666666666667,7.345,7.77554347826087
rect_center_heavy_6_none_mixed_balanced_standard_compact_train,P21,120,3.9166666666666665,4.0,1.0,2.9150000000000005,2.966666666666667,0.95,6.071666666666668,6.167129629629629
rect_center_heavy_6_none_mixed_balanced_standard_compact_train,P22,120,3.7416666666666667,4.0,1.0,8.916875,3.841666666666667,0.20833333333333334,12.800208333333334,16.625
rect_center_heavy_6_none_mixed_balanced_standard_compact_train,P24,120,3.1,4.0,1.0,4.963125000000001,3.525,0.10833333333333334,8.509791666666667,11.425000000000002
rect_center_heavy_6_none_mixed_balanced_standard_compact_train,P25,120,3.675,4.0,1.0,7.490625000000002,3.125,0.6,10.735625,13.525
rect_center_heavy_6_none_mixed_balanced_standard_compact_train,P27,120,3.7583333333333333,4.0,1.0,5.674166666666666,4.808333333333334,0.041666666666666664,10.490833333333335,12.741477272727275
rect_center_heavy_6_none_mixed_balanced_standard_compact_train,P28,120,3.5083333333333333,4.0,1.0,6.562187500000001,5.25,0.0,11.8121875,16.46979166666667
rect_center_heavy_6_none_mixed_balanced_standard_compact_train,P30,120,1.7833333333333334,3.0952380952380953,0.95,2.5729166666666665,2.591666666666667,0.0,5.164583333333334,9.463333333333335
rect_center_heavy_6_none_mixed_balanced_standard_compact_eval,P03,120,1.8,3.0,0.975,2.8891666666666667,2.975,0.041666666666666664,5.8725000000000005,10.004761904761907
rect_center_heavy_6_none_mixed_balanced_standard_compact_eval,P08,120,1.7583333333333333,2.0697674418604652,0.9916666666666667,2.3835416666666664,1.9416666666666667,0.25,4.375208333333333,7.361029411764706
rect_center_heavy_6_none_mixed_balanced_standard_compact_eval,P10,120,2.525,3.1333333333333333,1.0,6.269166666666667,5.075,0.0,11.344166666666666,13.25
rect_center_heavy_6_none_mixed_balanced_standard_compact_eval,P12,120,1.25,2.032258064516129,0.9833333333333333,3.1193750000000002,1.3416666666666666,0.16666666666666666,4.494375000000001,6.649999999999999
rect_center_heavy_6_none_mixed_balanced_standard_compact_eval,P13,120,3.941666666666667,4.0,1.0,6.8393749999999995,2.941666666666667,1.0,9.981041666666666,10.174999999999995
rect_center_heavy_6_none_mixed_balanced_standard_compact_eval,P14,120,3.95,4.0,1.0,5.9528124999999985,4.825,0.041666666666666664,10.786145833333332,12.662500000000005
rect_center_heavy_6_none_mixed_balanced_standard_compact_eval,P20,120,3.591666666666667,4.0,1.0,2.8262500000000004,1.5,2.091666666666667,4.744583333333333,6.319000000000001
rect_center_heavy_6_none_mixed_balanced_standard_compact_eval,P23,120,3.308333333333333,4.0,1.0,7.294375000000001,3.5166666666666666,0.125,10.836041666666668,12.025
rect_center_heavy_6_none_mixed_balanced_standard_compact_eval,P26,120,2.8666666666666667,4.0,1.0,4.703125,3.325,0.016666666666666666,8.031458333333335,10.6125
rect_center_heavy_6_none_mixed_balanced_standard_compact_eval,P29,120,3.466666666666667,4.0,1.0,8.241041666666668,5.541666666666667,0.0,13.782708333333334,18.50625
rect_center_heavy_6_none_mixed_balanced_standard_standard_train,P01,120,0.008333333333333333,0.008333333333333333,0.008333333333333333,0.008333333333333333,0.008333333333333333,0.0,0.016666666666666666,0.016666666666666666
rect_center_heavy_6_none_mixed_balanced_standard_standard_train,P02,120,2.6,3.012987012987013,1.0,2.3710416666666676,2.0833333333333335,0.6,4.574375,7.436764705882354
rect_center_heavy_6_none_mixed_balanced_standard_standard_train,P04,120,3.4,4.0,1.0,3.934375,2.675,0.75,6.759375,7.625000000000001
rect_center_heavy_6_none_mixed_balanced_standard_standard_train,P05,120,2.8916666666666666,4.0,1.0,3.056458333333334,3.025,0.15833333333333333,6.113124999999999,8.6125
rect_center_heavy_6_none_mixed_balanced_standard_standard_train,P06,120,2.525,3.1076923076923078,1.0,3.1262499999999998,1.8583333333333334,0.6666666666666666,5.117916666666667,5.646538461538462
rect_center_heavy_6_none_mixed_balanced_standard_standard_train,P07,120,0.0,0.0,0.0,0.0,0.0,0.0,0.0,0.0
rect_center_heavy_6_none_mixed_balanced_standard_standard_train,P09,120,2.0166666666666666,3.0,1.0,3.7875,2.191666666666667,0.08333333333333333,5.995833333333334,8.699999999999998
rect_center_heavy_6_none_mixed_balanced_standard_standard_train,P11,120,3.8666666666666667,4.0,1.0,6.916874999999999,2.975,0.8916666666666667,10.070208333333333,10.174999999999999
rect_center_heavy_6_none_mixed_balanced_standard_standard_train,P15,120,3.0166666666666666,4.0,1.0,1.9412499999999995,1.9916666666666667,1.025,4.1379166666666665,4.3500000000000005
rect_center_heavy_6_none_mixed_balanced_standard_standard_train,P16,120,3.808333333333333,4.0,1.0,1.0999999999999999,1.0,2.808333333333333,2.6616666666666666,2.6999999999999997
rect_center_heavy_6_none_mixed_balanced_standard_standard_train,P17,120,3.1333333333333333,4.0,1.0,4.548333333333335,3.625,0.14166666666666666,8.201666666666666,10.503999999999998
rect_center_heavy_6_none_mixed_balanced_standard_standard_train,P18,120,3.2,4.0,1.0,3.5050000000000003,2.2583333333333333,0.9416666666666667,5.951666666666666,7.475
rect_center_heavy_6_none_mixed_balanced_standard_standard_train,P19,120,3.9166666666666665,4.0,1.0,3.7054166666666664,3.8583333333333334,0.225,7.608750000000001,9.799999999999999
rect_center_heavy_6_none_mixed_balanced_standard_standard_train,P21,120,3.85,4.0,1.0,3.3287500000000003,3.3583333333333334,0.5333333333333333,6.793750000000001,8.0
rect_center_heavy_6_none_mixed_balanced_standard_standard_train,P22,120,3.066666666666667,4.0,1.0,6.633124999999999,2.8666666666666667,0.2833333333333333,9.556458333333333,11.016346153846156
rect_center_heavy_6_none_mixed_balanced_standard_standard_train,P24,120,2.783333333333333,4.0,1.0,3.4222916666666663,2.033333333333333,0.7583333333333333,5.607291666666668,7.536764705882355
rect_center_heavy_6_none_mixed_balanced_standard_standard_train,P25,120,3.9166666666666665,4.0,1.0,4.894375,2.0083333333333333,1.9083333333333334,7.284375000000002,7.332339449541284
rect_center_heavy_6_none_mixed_balanced_standard_standard_train,P27,120,3.808333333333333,4.0,1.0,6.927291666666667,5.941666666666666,0.0,12.868958333333333,15.490865384615383
rect_center_heavy_6_none_mixed_balanced_standard_standard_train,P28,120,2.033333333333333,3.03125,0.9833333333333333,4.145208333333334,2.6083333333333334,0.0,6.753541666666667,11.083333333333336
rect_center_heavy_6_none_mixed_balanced_standard_standard_train,P30,120,1.65,2.0375,0.9583333333333334,2.144583333333333,2.175,0.0,4.319583333333332,7.854166666666668
rect_center_heavy_6_none_mixed_balanced_standard_standard_eval,P03,120,1.525,2.0491803278688523,0.9916666666666667,1.1162500000000004,1.075,0.48333333333333334,2.2879166666666664,3.7166666666666672
rect_center_heavy_6_none_mixed_balanced_standard_standard_eval,P08,120,0.6083333333333333,1.0138888888888888,0.6,1.4143749999999997,0.6083333333333333,0.008333333333333333,2.024375,3.373958333333333
rect_center_heavy_6_none_mixed_balanced_standard_standard_eval,P10,120,1.8083333333333333,2.053763440860215,0.9916666666666667,2.409583333333333,1.675,0.3333333333333333,4.151249999999999,6.616666666666666
rect_center_heavy_6_none_mixed_balanced_standard_standard_eval,P12,120,3.9166666666666665,4.0,1.0,5.164791666666668,3.316666666666667,0.625,8.606458333333334,10.7
rect_center_heavy_6_none_mixed_balanced_standard_standard_eval,P13,120,3.075,4.0,1.0,6.6243750000000015,2.775,0.4583333333333333,9.491041666666664,10.873484848484846
rect_center_heavy_6_none_mixed_balanced_standard_standard_eval,P14,120,3.95,4.0,1.0,6.084583333333332,4.783333333333333,0.05,10.877916666666664,12.82727272727273
rect_center_heavy_6_none_mixed_balanced_standard_standard_eval,P20,120,3.933333333333333,4.0,1.0,4.2749999999999995,2.841666666666667,1.1,7.336666666666665,10.158333333333333
rect_center_heavy_6_none_mixed_balanced_standard_standard_eval,P23,120,3.716666666666667,4.0,1.0,6.763749999999999,3.0416666666666665,0.725,9.950416666666667,12.025
rect_center_heavy_6_none_mixed_balanced_standard_standard_eval,P26,120,0.9833333333333333,1.0,0.9833333333333333,2.478125,1.6333333333333333,0.0,4.111458333333333,7.275000000000003
rect_center_heavy_6_none_mixed_balanced_standard_standard_eval,P29,120,2.7916666666666665,3.032258064516129,1.0,5.755208333333333,3.5083333333333333,0.0,9.263541666666667,10.819999999999999
rect_center_heavy_6_none_mixed_balanced_standard_loose_train,P01,120,2.9,4.0,1.0,1.2691666666666668,1.7666666666666666,1.1416666666666666,3.264166666666667,4.070000000000001
rect_center_heavy_6_none_mixed_balanced_standard_loose_train,P02,120,2.841666666666667,4.0,1.0,2.9993750000000006,2.658333333333333,0.2833333333333333,5.714375,9.525000000000002
rect_center_heavy_6_none_mixed_balanced_standard_loose_train,P04,120,3.2666666666666666,4.0,1.0,3.134375,1.875,1.3916666666666666,5.287708333333334,5.825000000000002
rect_center_heavy_6_none_mixed_balanced_standard_loose_train,P05,120,2.65,4.0,1.0,2.8175000000000003,2.316666666666667,0.36666666666666664,5.2075,8.131666666666668
rect_center_heavy_6_none_mixed_balanced_standard_loose_train,P06,120,2.191666666666667,3.1,1.0,2.9812500000000006,1.9083333333333334,0.36666666666666664,4.962916666666667,5.621875
rect_center_heavy_6_none_mixed_balanced_standard_loose_train,P07,120,0.38333333333333336,1.0454545454545454,0.36666666666666664,0.36666666666666664,0.36666666666666664,0.016666666666666666,0.7366666666666667,2.0090909090909093
rect_center_heavy_6_none_mixed_balanced_standard_loose_train,P09,120,3.4,4.0,1.0,5.508125000000001,2.908333333333333,0.5416666666666666,8.524791666666667,12.025000000000002
rect_center_heavy_6_none_mixed_balanced_standard_loose_train,P11,120,3.466666666666667,4.0,1.0,4.766249999999999,2.05,1.4166666666666667,7.099583333333332,7.3459677419354845
rect_center_heavy_6_none_mixed_balanced_standard_loose_train,P15,120,1.6083333333333334,2.0555555555555554,0.975,1.1337500000000003,1.1,0.5083333333333333,2.3354166666666667,3.9633333333333343
rect_center_heavy_6_none_mixed_balanced_standard_loose_train,P16,120,3.9166666666666665,4.0,1.0,1.0999999999999999,1.0,2.9166666666666665,2.683333333333333,2.6999999999999993
rect_center_heavy_6_none_mixed_balanced_standard_loose_train,P17,120,3.1,4.0,1.0,4.196458333333335,3.4833333333333334,0.125,7.704791666666667,10.322916666666668
rect_center_heavy_6_none_mixed_balanced_standard_loose_train,P18,120,2.808333333333333,3.098901098901099,1.0,3.1425000000000005,1.9083333333333334,0.9,5.230833333333332,5.4447802197802195
rect_center_heavy_6_none_mixed_balanced_standard_loose_train,P19,120,3.25,4.0,1.0,2.8304166666666664,2.841666666666667,0.5166666666666667,5.7754166666666675,8.292307692307693
rect_center_heavy_6_none_mixed_balanced_standard_loose_train,P21,120,2.8666666666666667,4.0,1.0,2.4208333333333334,2.4583333333333335,0.5166666666666667,4.982500000000001,7.1692307692307695
rect_center_heavy_6_none_mixed_balanced_standard_loose_train,P22,120,2.691666666666667,3.1447368421052633,1.0,5.9399999999999995,2.575,0.2,8.555,10.002397260273973
rect_center_heavy_6_none_mixed_balanced_standard_loose_train,P24,120,2.5416666666666665,3.1343283582089554,1.0,3.2122916666666663,1.825,0.75,5.187291666666668,6.3607142857142875
rect_center_heavy_6_none_mixed_balanced_standard_loose_train,P25,120,2.683333333333333,3.142857142857143,1.0,4.600625,1.8916666666666666,0.7916666666666666,6.650625000000001,7.103947368421055
rect_center_heavy_6_none_mixed_balanced_standard_loose_train,P27,120,3.05,4.0,1.0,5.727291666666667,4.675,0.0,10.402291666666667,13.533333333333331
rect_center_heavy_6_none_mixed_balanced_standard_loose_train,P28,120,2.7416666666666667,3.010989010989011,1.0,5.617708333333334,4.008333333333334,0.0,9.626041666666667,12.810294117647059
rect_center_heavy_6_none_mixed_balanced_standard_loose_train,P30,120,2.45,3.081967213114754,0.9833333333333333,2.3958333333333335,2.4916666666666667,0.0,4.8875,7.316666666666666
rect_center_heavy_6_none_mixed_balanced_standard_loose_eval,P03,120,0.0,0.0,0.0,0.0,0.0,0.0,0.0,0.0
rect_center_heavy_6_none_mixed_balanced_standard_loose_eval,P08,120,3.875,4.0,1.0,3.5335416666666672,2.2083333333333335,1.6666666666666667,6.075208333333332,7.705208333333334
rect_center_heavy_6_none_mixed_balanced_standard_loose_eval,P10,120,0.025,0.025,0.025,0.05249999999999999,0.025,0.0,0.07749999999999999,0.07749999999999999
rect_center_heavy_6_none_mixed_balanced_standard_loose_eval,P12,120,3.091666666666667,4.0,1.0,4.489999999999999,2.475,0.6583333333333333,7.096666666666668,12.025000000000002
rect_center_heavy_6_none_mixed_balanced_standard_loose_eval,P13,120,2.933333333333333,4.0,1.0,5.010625000000001,2.058333333333333,0.8833333333333333,7.245625000000002,9.032812499999999
rect_center_heavy_6_none_mixed_balanced_standard_loose_eval,P14,120,3.95,4.0,1.0,6.197708333333333,4.825,0.075,11.037708333333333,13.722395833333335
rect_center_heavy_6_none_mixed_balanced_standard_loose_eval,P20,120,3.95,4.0,1.0,6.367499999999999,3.816666666666667,0.15833333333333333,10.215833333333332,10.599999999999996
rect_center_heavy_6_none_mixed_balanced_standard_loose_eval,P23,120,3.091666666666667,4.0,1.0,5.405625,2.325,0.7666666666666667,7.883958333333334,10.175000000000002
rect_center_heavy_6_none_mixed_balanced_standard_loose_eval,P26,120,3.65,4.0,1.0,3.4818749999999996,2.6333333333333333,1.025,6.3202083333333325,7.475000000000002
rect_center_heavy_6_none_mixed_balanced_standard_loose_eval,P29,120,2.65,3.0,1.0,4.967500000000001,2.8583333333333334,0.0,7.8258333333333345,10.898333333333335
rect_center_heavy_6_none_mixed_balanced_loose_compact_train,P01,120,2.283333333333333,3.0476190476190474,1.0,3.2606250000000006,3.058333333333333,0.016666666666666666,6.322291666666664,6.368589743589743
rect_center_heavy_6_none_mixed_balanced_loose_compact_train,P02,120,1.425,2.0,1.0,3.3104166666666677,2.0083333333333333,0.1,5.338750000000001,8.425000000000004
rect_center_heavy_6_none_mixed_balanced_loose_compact_train,P04,120,3.908333333333333,4.0,1.0,5.0008333333333335,3.5,0.44166666666666665,8.589166666666669,9.68815789473684
rect_center_heavy_6_none_mixed_balanced_loose_compact_train,P05,120,1.3666666666666667,2.0,0.9916666666666667,4.9366666666666665,2.7666666666666666,0.008333333333333333,7.704999999999999,8.424999999999997
rect_center_heavy_6_none_mixed_balanced_loose_compact_train,P06,120,3.85,4.0,1.0,4.013958333333332,2.6,1.25,6.8639583333333345,7.625000000000001
rect_center_heavy_6_none_mixed_balanced_loose_compact_train,P07,120,3.275,4.0,1.0,3.545833333333334,2.725,0.65,6.400833333333334,10.52857142857143
rect_center_heavy_6_none_mixed_balanced_loose_compact_train,P09,120,1.4416666666666667,2.0,1.0,4.31375,1.9166666666666667,0.06666666666666667,6.243750000000002,8.549999999999999
rect_center_heavy_6_none_mixed_balanced_loose_compact_train,P11,120,3.841666666666667,4.0,1.0,8.214375,4.25,0.008333333333333333,12.466041666666671,13.925000000000004
rect_center_heavy_6_none_mixed_balanced_loose_compact_train,P15,120,1.9583333333333333,2.116504854368932,1.0,1.4066666666666667,1.8333333333333333,0.175,3.275,3.561224489795918
rect_center_heavy_6_none_mixed_balanced_loose_compact_train,P16,120,2.65,3.1232876712328768,1.0,1.0500000000000003,1.0,1.65,2.3800000000000003,2.4746575342465746
rect_center_heavy_6_none_mixed_balanced_loose_compact_train,P17,120,2.316666666666667,3.0,1.0,3.8814583333333332,3.058333333333333,0.03333333333333333,6.946458333333331,9.225000000000003
rect_center_heavy_6_none_mixed_balanced_loose_compact_train,P18,120,3.125,4.0,1.0,4.3374999999999995,2.9166666666666665,0.24166666666666667,7.302499999999999,7.625000000000001
rect_center_heavy_6_none_mixed_balanced_loose_compact_train,P19,120,3.9166666666666665,4.0,1.0,3.225833333333334,3.3583333333333334,0.6,6.704166666666665,7.957547169811323
rect_center_heavy_6_none_mixed_balanced_loose_compact_train,P21,120,3.8833333333333333,4.0,1.0,2.8387499999999997,2.816666666666667,1.1083333333333334,5.877083333333334,8.0
rect_center_heavy_6_none_mixed_balanced_loose_compact_train,P22,120,3.591666666666667,4.0,1.0,8.12625,3.525,0.24166666666666667,11.699583333333333,13.956372549019605
rect_center_heavy_6_none_mixed_balanced_loose_compact_train,P24,120,3.1166666666666667,4.0,1.0,5.700833333333334,3.7,0.08333333333333333,9.4175,12.625
rect_center_heavy_6_none_mixed_balanced_loose_compact_train,P25,120,3.6666666666666665,4.0,1.0,7.1018750000000015,2.966666666666667,0.7166666666666667,10.211875,10.728947368421052
rect_center_heavy_6_none_mixed_balanced_loose_compact_train,P27,120,3.566666666666667,4.0,1.0,5.5166666666666675,4.708333333333333,0.008333333333333333,10.226666666666665,12.512499999999996
rect_center_heavy_6_none_mixed_balanced_loose_compact_train,P28,120,2.875,4.0,1.0,5.994166666666667,4.541666666666667,0.0,10.535833333333333,14.616666666666665
rect_center_heavy_6_none_mixed_balanced_loose_compact_train,P30,120,2.2083333333333335,3.048780487804878,0.9916666666666667,3.68875,3.8666666666666667,0.0,7.555416666666668,10.871428571428572
rect_center_heavy_6_none_mixed_balanced_loose_compact_eval,P03,120,0.2833333333333333,1.0625,0.26666666666666666,0.4437499999999999,0.35,0.008333333333333333,0.7954166666666665,2.9828124999999996
rect_center_heavy_6_none_mixed_balanced_loose_compact_eval,P08,120,2.55,3.1129032258064515,1.0,4.2077083333333345,3.5833333333333335,0.0,7.791041666666668,12.177083333333334
rect_center_heavy_6_none_mixed_balanced_loose_compact_eval,P10,120,0.8916666666666667,2.0,0.7,1.20625,1.0916666666666666,0.0,2.2979166666666666,7.3500000000000005
rect_center_heavy_6_none_mixed_balanced_loose_compact_eval,P12,120,1.5666666666666667,2.0144927536231885,0.9833333333333333,5.178749999999999,2.6666666666666665,0.008333333333333333,7.847083333333332,8.549999999999995
rect_center_heavy_6_none_mixed_balanced_loose_compact_eval,P13,120,3.9,4.0,1.0,6.897499999999998,2.966666666666667,0.9416666666666667,10.0525,10.174999999999997
rect_center_heavy_6_none_mixed_balanced_loose_compact_eval,P14,120,3.95,4.0,1.0,4.8594791666666675,3.5083333333333333,0.575,8.4828125,11.285576923076924
rect_center_heavy_6_none_mixed_balanced_loose_compact_eval,P20,120,2.966666666666667,4.0,1.0,3.4175,2.0,0.9666666666666667,5.610833333333335,6.55625
rect_center_heavy_6_none_mixed_balanced_loose_compact_eval,P23,120,3.275,4.0,1.0,6.760624999999999,3.0083333333333333,0.4166666666666667,9.852291666666668,12.025
rect_center_heavy_6_none_mixed_balanced_loose_compact_eval,P26,120,3.025,4.0,1.0,3.5793749999999998,2.2583333333333333,0.775,5.992708333333335,7.801470588235294
rect_center_heavy_6_none_mixed_balanced_loose_compact_eval,P29,120,3.5083333333333333,4.0,1.0,7.882291666666669,5.416666666666667,0.0,13.298958333333333,18.178571428571427
rect_center_heavy_6_none_mixed_balanced_loose_standard_train,P01,120,0.175,1.05,0.16666666666666666,0.18604166666666666,0.175,0.008333333333333333,0.3627083333333333,2.17625
rect_center_heavy_6_none_mixed_balanced_loose_standard_train,P02,120,3.308333333333333,4.0,1.0,4.158645833333334,3.6666666666666665,0.09166666666666666,7.843645833333332,8.612499999999995
rect_center_heavy_6_none_mixed_balanced_loose_standard_train,P04,120,2.8333333333333335,4.0,1.0,4.049999999999999,2.625,0.2916666666666667,6.733333333333332,7.625000000000002
rect_center_heavy_6_none_mixed_balanced_loose_standard_train,P05,120,2.475,3.0,1.0,3.6995833333333343,3.091666666666667,0.016666666666666666,6.7945833333333345,9.762500000000001
rect_center_heavy_6_none_mixed_balanced_loose_standard_train,P06,120,3.441666666666667,4.0,1.0,3.396458333333333,1.9833333333333334,1.4583333333333333,5.671458333333335,5.825000000000002
rect_center_heavy_6_none_mixed_balanced_loose_standard_train,P07,120,0.1,1.0,0.1,0.3033333333333334,0.14166666666666666,0.0,0.445,4.45
rect_center_heavy_6_none_mixed_balanced_loose_standard_train,P09,120,3.9166666666666665,4.0,1.0,6.2737500000000015,3.816666666666667,0.175,10.125416666666666,10.700000000000001
rect_center_heavy_6_none_mixed_balanced_loose_standard_train,P11,120,3.3666666666666667,4.0,1.0,6.8393749999999995,2.941666666666667,0.475,9.876041666666667,10.174999999999997
rect_center_heavy_6_none_mixed_balanced_loose_standard_train,P15,120,2.65,3.1184210526315788,0.9916666666666667,1.3300000000000003,1.725,0.925,3.2400000000000007,3.7253521126760556
rect_center_heavy_6_none_mixed_balanced_loose_standard_train,P16,120,0.03333333333333333,0.03333333333333333,0.03333333333333333,0.03666666666666667,0.03333333333333333,0.0,0.07,0.07
rect_center_heavy_6_none_mixed_balanced_loose_standard_train,P17,120,2.55,3.0,1.0,3.7289583333333334,2.9,0.09166666666666666,6.647291666666666,9.225
rect_center_heavy_6_none_mixed_balanced_loose_standard_train,P18,120,3.0416666666666665,4.0,1.0,3.25875,1.8916666666666666,1.1583333333333334,5.382083333333335,5.900925925925926
rect_center_heavy_6_none_mixed_balanced_loose_standard_train,P19,120,3.175,4.0,1.0,2.96125,3.033333333333333,0.3,6.054583333333334,7.961764705882352
rect_center_heavy_6_none_mixed_balanced_loose_standard_train,P21,120,2.1,3.0434782608695654,1.0,2.2024999999999997,2.25,0.05,4.462500000000001,6.1692307692307695
rect_center_heavy_6_none_mixed_balanced_loose_standard_train,P22,120,3.0833333333333335,4.0,1.0,6.18125,2.691666666666667,0.43333333333333335,8.959583333333335,10.800000000000004
rect_center_heavy_6_none_mixed_balanced_loose_standard_train,P24,120,2.2,3.0,1.0,3.284166666666666,1.875,0.425,5.244166666666667,5.715000000000001
rect_center_heavy_6_none_mixed_balanced_loose_standard_train,P25,120,3.7333333333333334,4.0,1.0,4.9331249999999995,2.025,1.7083333333333333,7.2997916666666685,7.4545977011494235
rect_center_heavy_6_none_mixed_balanced_loose_standard_train,P27,120,2.775,3.0444444444444443,1.0,3.785520833333334,2.8666666666666667,0.2,6.6921875,9.066304347826089
rect_center_heavy_6_none_mixed_balanced_loose_standard_train,P28,120,1.7666666666666666,3.1578947368421053,0.95,3.592083333333334,2.183333333333333,0.016666666666666666,5.7787500000000005,9.791666666666668
rect_center_heavy_6_none_mixed_balanced_loose_standard_train,P30,120,1.3833333333333333,2.0377358490566038,0.925,1.8425,1.8416666666666666,0.0,3.6841666666666666,6.716666666666669
rect_center_heavy_6_none_mixed_balanced_loose_standard_eval,P03,120,2.0833333333333335,3.0,1.0,2.038333333333334,1.9416666666666667,0.24166666666666667,4.028333333333333,4.389999999999999
rect_center_heavy_6_none_mixed_balanced_loose_standard_eval,P08,120,0.9583333333333334,1.0648148148148149,0.9,2.75125,1.1833333333333333,0.05,3.944583333333334,6.65
rect_center_heavy_6_none_mixed_balanced_loose_standard_eval,P10,120,2.2083333333333335,3.0,0.9916666666666667,2.814583333333333,2.6333333333333333,0.1,5.467916666666667,6.2
rect_center_heavy_6_none_mixed_balanced_loose_standard_eval,P12,120,2.466666666666667,3.0,1.0,5.599375000000001,3.0083333333333333,0.016666666666666666,8.611041666666669,8.750434782608698
rect_center_heavy_6_none_mixed_balanced_loose_standard_eval,P13,120,3.6333333333333333,4.0,1.0,4.6693750000000005,2.0083333333333333,1.625,7.002708333333333,7.126219512195119
rect_center_heavy_6_none_mixed_balanced_loose_standard_eval,P14,120,3.95,4.0,1.0,5.198958333333334,3.775,0.4166666666666667,9.057291666666666,11.522500000000003
rect_center_heavy_6_none_mixed_balanced_loose_standard_eval,P20,120,2.975,4.0,1.0,5.390625000000002,2.816666666666667,0.3,8.267291666666667,8.971153846153845
rect_center_heavy_6_none_mixed_balanced_loose_standard_eval,P23,120,3.4833333333333334,4.0,1.0,6.46375,2.816666666666667,0.7166666666666667,9.42375,10.377343749999998
rect_center_heavy_6_none_mixed_balanced_loose_standard_eval,P26,120,1.825,2.0,1.0,2.9793750000000006,1.7666666666666666,0.058333333333333334,4.7577083333333325,5.225000000000001
rect_center_heavy_6_none_mixed_balanced_loose_standard_eval,P29,120,2.5,3.046153846153846,1.0,5.038125,3.091666666666667,0.0,8.129791666666668,10.755625
rect_center_heavy_6_none_mixed_balanced_loose_loose_train,P01,120,1.3416666666666666,2.022727272727273,0.9666666666666667,1.0251041666666667,1.0583333333333333,0.3416666666666667,2.151770833333333,2.52425
rect_center_heavy_6_none_mixed_balanced_loose_loose_train,P02,120,2.8583333333333334,4.0,1.0,4.324583333333334,3.1083333333333334,0.08333333333333333,7.449583333333334,9.525
rect_center_heavy_6_none_mixed_balanced_loose_loose_train,P04,120,3.8583333333333334,4.0,1.0,3.424999999999999,2.0,1.8583333333333334,5.796666666666669,5.825000000000002
rect_center_heavy_6_none_mixed_balanced_loose_loose_train,P05,120,3.675,4.0,1.0,4.314166666666666,2.933333333333333,0.75,7.3975,7.625000000000002
rect_center_heavy_6_none_mixed_balanced_loose_loose_train,P06,120,1.75,2.0833333333333335,0.9916666666666667,2.4206250000000002,1.1083333333333334,0.65,3.6589583333333335,5.494230769230769
rect_center_heavy_6_none_mixed_balanced_loose_loose_train,P07,120,0.8833333333333333,1.1157894736842104,0.7916666666666666,0.9466666666666667,0.8583333333333333,0.09166666666666666,1.8233333333333333,3.5157894736842112
rect_center_heavy_6_none_mixed_balanced_loose_loose_train,P09,120,3.1666666666666665,4.0,1.0,6.494375000000001,3.341666666666667,0.20833333333333334,9.877708333333334,12.024999999999999
rect_center_heavy_6_none_mixed_balanced_loose_loose_train,P11,120,3.658333333333333,4.0,1.0,4.65,2.0,1.6583333333333334,6.9816666666666665,7.16432926829268
rect_center_heavy_6_none_mixed_balanced_loose_loose_train,P15,120,2.8833333333333333,4.0,1.0,1.9012499999999994,1.95,0.9333333333333333,4.037916666666667,4.35
rect_center_heavy_6_none_mixed_balanced_loose_loose_train,P16,120,3.9166666666666665,4.0,1.0,1.0999999999999999,1.0,2.9166666666666665,2.683333333333333,2.6999999999999993
rect_center_heavy_6_none_mixed_balanced_loose_loose_train,P17,120,2.433333333333333,3.0,1.0,3.2241666666666666,2.4,0.21666666666666667,5.6675,8.275
rect_center_heavy_6_none_mixed_balanced_loose_loose_train,P18,120,2.8916666666666666,4.0,1.0,2.8675,1.5333333333333334,1.3583333333333334,4.6725,6.09375
rect_center_heavy_6_none_mixed_balanced_loose_loose_train,P19,120,2.941666666666667,4.0,1.0,3.00125,3.075,0.18333333333333332,6.112916666666667,7.872222222222222
rect_center_heavy_6_none_mixed_balanced_loose_loose_train,P21,120,2.316666666666667,3.0714285714285716,1.0,1.7762499999999999,1.8333333333333333,0.5,3.7095833333333337,4.165000000000001
rect_center_heavy_6_none_mixed_balanced_loose_loose_train,P22,120,2.8833333333333333,4.0,1.0,5.818124999999999,2.525,0.4,8.423124999999999,10.175000000000004
rect_center_heavy_6_none_mixed_balanced_loose_loose_train,P24,120,2.6166666666666667,3.012987012987013,1.0,3.269166666666666,1.8583333333333334,0.7583333333333333,5.279166666666667,5.627739726027398
rect_center_heavy_6_none_mixed_balanced_loose_loose_train,P25,120,3.7916666666666665,4.0,1.0,4.836250000000001,1.9833333333333334,1.8083333333333333,7.181250000000002,7.275
rect_center_heavy_6_none_mixed_balanced_loose_loose_train,P27,120,3.4166666666666665,4.0,1.0,5.304479166666666,4.141666666666667,0.025,9.451145833333333,11.767187500000002
rect_center_heavy_6_none_mixed_balanced_loose_loose_train,P28,120,2.7,3.0114942528735633,1.0,5.5495833333333335,4.075,0.0,9.624583333333334,12.825
rect_center_heavy_6_none_mixed_balanced_loose_loose_train,P30,120,1.6,2.0579710144927534,0.9916666666666667,2.0658333333333334,2.1666666666666665,0.0,4.232499999999999,6.072222222222223
rect_center_heavy_6_none_mixed_balanced_loose_loose_eval,P03,120,0.008333333333333333,0.008333333333333333,0.008333333333333333,0.008333333333333333,0.008333333333333333,0.0,0.016666666666666666,0.016666666666666666
rect_center_heavy_6_none_mixed_balanced_loose_loose_eval,P08,120,1.8416666666666666,2.0520833333333335,1.0,3.9587500000000007,2.2583333333333333,0.041666666666666664,6.225416666666669,8.649999999999999
rect_center_heavy_6_none_mixed_balanced_loose_loose_eval,P10,120,0.025,0.025,0.025,0.058125,0.025,0.0,0.08312500000000002,0.08312500000000002
rect_center_heavy_6_none_mixed_balanced_loose_loose_eval,P12,120,3.5833333333333335,4.0,1.0,5.622500000000002,2.966666666666667,0.625,8.714166666666669,8.943402777777777
rect_center_heavy_6_none_mixed_balanced_loose_loose_eval,P13,120,2.0083333333333333,3.0,1.0,5.220000000000001,2.15,0.05,7.380000000000001,10.199999999999998
rect_center_heavy_6_none_mixed_balanced_loose_loose_eval,P14,120,3.95,4.0,1.0,5.1428125,3.725,0.43333333333333335,8.954479166666665,11.763194444444444
rect_center_heavy_6_none_mixed_balanced_loose_loose_eval,P20,120,3.95,4.0,1.0,5.698125000000002,3.0083333333333333,0.9416666666666667,8.894791666666666,8.932173913043481
rect_center_heavy_6_none_mixed_balanced_loose_loose_eval,P23,120,3.216666666666667,4.0,1.0,5.095625,2.191666666666667,1.025,7.492291666666666,10.175
rect_center_heavy_6_none_mixed_balanced_loose_loose_eval,P26,120,3.95,4.0,1.0,4.132499999999999,2.841666666666667,1.125,7.199166666666666,7.538131313131313
rect_center_heavy_6_none_mixed_balanced_loose_loose_eval,P29,120,2.5,3.0,1.0,4.46875,2.675,0.0,7.14375,10.533333333333335
rect_center_heavy_6_none_high_value_center_compact_compact_train,P01,120,1.2583333333333333,2.026315789473684,0.9333333333333333,1.7112499999999997,1.7583333333333333,0.041666666666666664,3.4779166666666677,3.952020202020202
rect_center_heavy_6_none_high_value_center_compact_compact_train,P02,120,3.1666666666666665,4.0,1.0,3.830104166666667,3.5416666666666665,0.11666666666666667,7.395104166666666,8.2875
rect_center_heavy_6_none_high_value_center_compact_compact_train,P04,120,3.9166666666666665,4.0,1.0,5.930833333333334,3.0083333333333333,0.9083333333333333,9.120833333333334,12.075
rect_center_heavy_6_none_high_value_center_compact_compact_train,P05,120,1.7833333333333334,2.1058823529411765,1.0,2.2306250000000003,2.05,0.075,4.295625000000001,6.198026315789474
rect_center_heavy_6_none_high_value_center_compact_compact_train,P06,120,3.825,4.0,1.0,5.3625,2.3,1.525,7.9674999999999985,10.175
rect_center_heavy_6_none_high_value_center_compact_compact_train,P07,120,2.575,3.076923076923077,1.0,2.39375,2.4166666666666665,0.4166666666666667,4.89375,6.19074074074074
rect_center_heavy_6_none_high_value_center_compact_compact_train,P09,120,3.65,4.0,1.0,4.882499999999999,3.65,0.2,8.572500000000002,9.275
rect_center_heavy_6_none_high_value_center_compact_compact_train,P11,120,3.9166666666666665,4.0,1.0,7.479375000000002,3.7333333333333334,0.25,11.262708333333336,12.025000000000006
rect_center_heavy_6_none_high_value_center_compact_compact_train,P15,120,3.7,4.0,1.0,3.95125,2.6416666666666666,1.0583333333333333,6.8045833333333325,7.4750000000000005
rect_center_heavy_6_none_high_value_center_compact_compact_train,P16,120,1.5916666666666666,3.1176470588235294,0.8916666666666667,2.27375,0.8916666666666667,0.7,3.3054166666666664,3.9735294117647055
rect_center_heavy_6_none_high_value_center_compact_compact_train,P17,120,3.9166666666666665,4.0,1.0,7.904791666666667,7.125,0.0,15.029791666666663,16.4904255319149
rect_center_heavy_6_none_high_value_center_compact_compact_train,P18,120,3.9166666666666665,4.0,1.0,3.8268750000000007,3.908333333333333,0.09166666666666666,7.753541666666664,7.969859813084112
rect_center_heavy_6_none_high_value_center_compact_compact_train,P19,120,3.9166666666666665,4.0,1.0,5.957499999999999,4.733333333333333,0.05,10.700833333333332,13.091666666666669
rect_center_heavy_6_none_high_value_center_compact_compact_train,P21,120,3.9166666666666665,4.0,1.0,4.98125,3.8833333333333333,0.1,8.88458333333333,9.099999999999998
rect_center_heavy_6_none_high_value_center_compact_compact_train,P22,120,3.375,4.0,1.0,7.630624999999999,3.7666666666666666,0.10833333333333334,11.418958333333334,15.125000000000002
rect_center_heavy_6_none_high_value_center_compact_compact_train,P24,120,3.5416666666666665,4.0,1.0,7.36875,3.691666666666667,0.18333333333333332,11.097083333333334,13.975000000000001
rect_center_heavy_6_none_high_value_center_compact_compact_train,P25,120,3.875,4.0,1.0,5.990625000000002,3.125,0.7583333333333333,9.267291666666669,12.025
rect_center_heavy_6_none_high_value_center_compact_compact_train,P27,120,3.9166666666666665,4.0,1.0,9.396458333333332,7.275,0.0,16.671458333333337,19.5625
rect_center_heavy_6_none_high_value_center_compact_compact_train,P28,120,3.275,4.0,1.0,8.672812500000001,5.666666666666667,0.0,14.339479166666669,20.105357142857144
rect_center_heavy_6_none_high_value_center_compact_compact_train,P30,120,3.025,4.0,1.0,4.442500000000001,3.8666666666666667,0.0,8.309166666666666,12.060526315789476
rect_center_heavy_6_none_high_value_center_compact_compact_eval,P03,120,3.95,4.0,1.0,5.2875,5.433333333333334,0.0,10.720833333333335,11.799999999999997
rect_center_heavy_6_none_high_value_center_compact_compact_eval,P08,120,1.5416666666666667,2.0,0.9916666666666667,1.9312499999999997,1.9833333333333334,0.008333333333333333,3.9162500000000007,4.0869369369369375
rect_center_heavy_6_none_high_value_center_compact_compact_eval,P10,120,3.95,4.0,1.0,5.784999999999999,5.716666666666667,0.0,11.501666666666669,12.049999999999997
rect_center_heavy_6_none_high_value_center_compact_compact_eval,P12,120,2.325,3.0652173913043477,1.0,3.565625000000001,2.3333333333333335,0.10833333333333334,5.920625,7.273214285714287
rect_center_heavy_6_none_high_value_center_compact_compact_eval,P13,120,3.8,4.0,1.0,6.689374999999999,2.9,0.9,9.769375,10.274462365591393
rect_center_heavy_6_none_high_value_center_compact_compact_eval,P14,120,3.941666666666667,4.0,1.0,5.408333333333332,4.55,0.058333333333333334,9.969999999999997,10.730281690140846
rect_center_heavy_6_none_high_value_center_compact_compact_eval,P20,120,2.75,3.0823529411764707,1.0,3.035625000000001,1.9083333333333334,0.8416666666666667,5.112291666666665,5.440189873417722
rect_center_heavy_6_none_high_value_center_compact_compact_eval,P23,120,3.533333333333333,4.0,1.0,7.214375000000001,3.5416666666666665,0.175,10.791041666666668,12.175735294117649
rect_center_heavy_6_none_high_value_center_compact_compact_eval,P26,120,2.816666666666667,3.0760869565217392,1.0,2.773750000000001,2.9166666666666665,0.09166666666666666,5.708749999999998,5.959433962264152
rect_center_heavy_6_none_high_value_center_compact_compact_eval,P29,120,3.6333333333333333,4.0,1.0,9.345208333333336,5.408333333333333,0.0,14.753541666666669,19.965625
rect_center_heavy_6_none_high_value_center_compact_standard_train,P01,120,1.45,2.1320754716981134,0.95,0.6916666666666667,1.1833333333333333,0.26666666666666666,1.9283333333333332,3.45
rect_center_heavy_6_none_high_value_center_compact_standard_train,P02,120,3.35,4.0,1.0,3.355000000000001,2.091666666666667,1.2583333333333333,5.698333333333333,8.091666666666667
rect_center_heavy_6_none_high_value_center_compact_standard_train,P04,120,3.908333333333333,4.0,1.0,4.94625,2.125,1.7833333333333334,7.427916666666665,10.175
rect_center_heavy_6_none_high_value_center_compact_standard_train,P05,120,2.808333333333333,3.064516129032258,1.0,3.2000000000000006,2.0,0.825,5.364999999999999,5.41290322580645
rect_center_heavy_6_none_high_value_center_compact_standard_train,P06,120,2.6166666666666667,4.0,1.0,4.16,2.216666666666667,0.5083333333333333,6.478333333333334,8.870121951219511
rect_center_heavy_6_none_high_value_center_compact_standard_train,P07,120,0.225,1.0,0.225,0.2025,0.225,0.0,0.4275,1.8999999999999997
rect_center_heavy_6_none_high_value_center_compact_standard_train,P09,120,2.9833333333333334,4.0,1.0,3.64875,2.225,0.7916666666666666,6.032083333333334,7.765384615384615
rect_center_heavy_6_none_high_value_center_compact_standard_train,P11,120,3.9,4.0,1.0,6.490624999999999,2.7916666666666665,1.1083333333333334,9.503958333333333,10.174999999999995
rect_center_heavy_6_none_high_value_center_compact_standard_train,P15,120,2.3916666666666666,3.2142857142857144,1.0,3.2587499999999996,1.95,0.44166666666666665,5.297083333333334,5.617857142857143
rect_center_heavy_6_none_high_value_center_compact_standard_train,P16,120,3.9166666666666665,4.0,1.0,3.045,1.55,2.3666666666666667,5.0683333333333325,5.850000000000002
rect_center_heavy_6_none_high_value_center_compact_standard_train,P17,120,3.9,4.0,1.0,6.772916666666666,6.091666666666667,0.008333333333333333,12.866250000000003,14.438775510204081
rect_center_heavy_6_none_high_value_center_compact_standard_train,P18,120,2.8583333333333334,4.0,1.0,2.0168749999999998,2.0083333333333333,0.85,4.195208333333333,4.890277777777778
rect_center_heavy_6_none_high_value_center_compact_standard_train,P19,120,3.9166666666666665,4.0,1.0,6.003749999999999,4.783333333333333,0.016666666666666666,10.790416666666665,12.690384615384618
rect_center_heavy_6_none_high_value_center_compact_standard_train,P21,120,3.9166666666666665,4.0,1.0,3.3112499999999994,2.183333333333333,1.7333333333333334,5.841249999999999,7.25
rect_center_heavy_6_none_high_value_center_compact_standard_train,P22,120,2.7416666666666667,3.0833333333333335,1.0,5.295,2.7666666666666666,0.10833333333333334,8.083333333333334,10.173333333333336
rect_center_heavy_6_none_high_value_center_compact_standard_train,P24,120,3.0166666666666666,4.0,1.0,5.808750000000002,2.808333333333333,0.45,8.707083333333333,11.875
rect_center_heavy_6_none_high_value_center_compact_standard_train,P25,120,3.091666666666667,4.0,1.0,3.2199999999999998,1.9333333333333333,1.1583333333333334,5.385000000000001,5.8481250000000005
rect_center_heavy_6_none_high_value_center_compact_standard_train,P27,120,3.9,4.0,1.0,7.9889583333333345,5.691666666666666,0.008333333333333333,13.682291666666668,17.311666666666667
rect_center_heavy_6_none_high_value_center_compact_standard_train,P28,120,2.3666666666666667,3.1,0.9916666666666667,5.255416666666667,3.183333333333333,0.0,8.43875,14.614583333333334
rect_center_heavy_6_none_high_value_center_compact_standard_train,P30,120,2.3583333333333334,3.018867924528302,1.0,4.214583333333333,3.058333333333333,0.0,7.272916666666668,11.003333333333332
rect_center_heavy_6_none_high_value_center_compact_standard_eval,P03,120,1.7416666666666667,2.022727272727273,0.9916666666666667,1.66,1.7166666666666666,0.175,3.4116666666666675,3.976744186046511
rect_center_heavy_6_none_high_value_center_compact_standard_eval,P08,120,2.4166666666666665,3.103448275862069,1.0,2.0529166666666665,1.775,0.675,3.962916666666667,7.247222222222222
rect_center_heavy_6_none_high_value_center_compact_standard_eval,P10,120,1.8583333333333334,2.0505050505050506,0.9916666666666667,1.99125,2.05,0.075,4.056250000000001,5.849999999999999
rect_center_heavy_6_none_high_value_center_compact_standard_eval,P12,120,2.325,3.0,1.0,3.3943749999999997,2.0083333333333333,0.35833333333333334,5.474375,5.646022727272726
rect_center_heavy_6_none_high_value_center_compact_standard_eval,P13,120,3.25,4.0,1.0,5.652500000000002,2.975,0.39166666666666666,8.705833333333334,9.524999999999999
rect_center_heavy_6_none_high_value_center_compact_standard_eval,P14,120,3.941666666666667,4.0,1.0,5.844166666666666,4.816666666666666,0.016666666666666666,10.664166666666665,12.662500000000001
rect_center_heavy_6_none_high_value_center_compact_standard_eval,P20,120,3.95,4.0,1.0,4.085624999999999,2.908333333333333,1.05,7.203958333333332,7.474999999999999
rect_center_heavy_6_none_high_value_center_compact_standard_eval,P23,120,3.2583333333333333,4.0,1.0,6.466874999999999,2.85,0.49166666666666664,9.415208333333334,12.025000000000002
rect_center_heavy_6_none_high_value_center_compact_standard_eval,P26,120,2.7083333333333335,3.011764705882353,1.0,2.27125,2.3583333333333334,0.44166666666666665,4.7179166666666665,5.85
rect_center_heavy_6_none_high_value_center_compact_standard_eval,P29,120,2.725,3.022727272727273,0.9916666666666667,8.273333333333333,4.15,0.0,12.423333333333334,16.093181818181815
rect_center_heavy_6_none_high_value_center_compact_loose_train,P01,120,1.4916666666666667,2.0892857142857144,0.9833333333333333,2.254166666666667,1.5416666666666667,0.20833333333333334,3.8375,5.208955223880596
rect_center_heavy_6_none_high_value_center_compact_loose_train,P02,120,2.9833333333333334,4.0,1.0,4.654166666666667,2.033333333333333,0.95,6.877499999999999,7.664285714285716
rect_center_heavy_6_none_high_value_center_compact_loose_train,P04,120,2.4166666666666665,3.1458333333333335,1.0,2.9862499999999996,1.1916666666666667,1.2333333333333334,4.4245833333333335,7.1416666666666675
rect_center_heavy_6_none_high_value_center_compact_loose_train,P05,120,3.2416666666666667,4.0,1.0,4.069166666666667,2.175,1.0666666666666667,6.4575000000000005,8.949999999999998
rect_center_heavy_6_none_high_value_center_compact_loose_train,P06,120,3.4833333333333334,4.0,1.0,1.81625,1.3916666666666666,2.091666666666667,3.6262499999999998,5.719078947368421
rect_center_heavy_6_none_high_value_center_compact_loose_train,P07,120,2.2333333333333334,3.0238095238095237,1.0,0.8128124999999999,1.175,1.0583333333333333,2.199479166666666,4.4975
rect_center_heavy_6_none_high_value_center_compact_loose_train,P09,120,2.9583333333333335,4.0,1.0,4.791250000000001,2.175,0.7833333333333333,7.122916666666666,8.9
rect_center_heavy_6_none_high_value_center_compact_loose_train,P11,120,2.783333333333333,3.0786516853932584,1.0,4.561875,1.9666666666666666,0.825,6.693541666666666,9.991666666666665
rect_center_heavy_6_none_high_value_center_compact_loose_train,P15,120,0.025,0.025,0.025,0.026250000000000002,0.025,0.0,0.05125,0.05125
rect_center_heavy_6_none_high_value_center_compact_loose_train,P16,120,3.9166666666666665,4.0,1.0,3.450000000000001,2.0,1.9166666666666667,5.833333333333332,5.850000000000001
rect_center_heavy_6_none_high_value_center_compact_loose_train,P17,120,3.9166666666666665,4.0,1.0,6.112083333333333,5.333333333333333,0.041666666666666664,11.453750000000003,14.375000000000002
rect_center_heavy_6_none_high_value_center_compact_loose_train,P18,120,0.7833333333333333,1.0,0.7833333333333333,0.8193750000000002,0.8416666666666667,0.0,1.6610416666666663,2.1204787234042555
rect_center_heavy_6_none_high_value_center_compact_loose_train,P19,120,3.8916666666666666,4.0,1.0,5.1175000000000015,3.8,0.2,8.957500000000001,9.50888888888889
rect_center_heavy_6_none_high_value_center_compact_loose_train,P21,120,3.9166666666666665,4.0,1.0,3.141249999999999,1.9916666666666667,1.925,5.5179166666666655,5.549999999999996
rect_center_heavy_6_none_high_value_center_compact_loose_train,P22,120,2.283333333333333,3.0930232558139537,1.0,4.615625,2.2916666666666665,0.1,6.927291666666667,8.493181818181823
rect_center_heavy_6_none_high_value_center_compact_loose_train,P24,120,2.575,4.0,0.9916666666666667,4.6375,2.175,0.475,6.907500000000001,9.051923076923076
rect_center_heavy_6_none_high_value_center_compact_loose_train,P25,120,1.2166666666666666,2.0606060606060606,0.925,2.1681249999999994,0.9416666666666667,0.275,3.1647916666666673,3.6492424242424244
rect_center_heavy_6_none_high_value_center_compact_loose_train,P27,120,3.875,4.0,1.0,9.235312500000001,6.8,0.0,16.0353125,18.67989130434782
rect_center_heavy_6_none_high_value_center_compact_loose_train,P28,120,2.191666666666667,3.0,0.9833333333333333,6.884583333333334,3.325,0.0,10.209583333333335,15.259615384615385
rect_center_heavy_6_none_high_value_center_compact_loose_train,P30,120,2.3333333333333335,3.1,1.0,3.985833333333333,2.466666666666667,0.0,6.452500000000001,9.593333333333334
rect_center_heavy_6_none_high_value_center_compact_loose_eval,P03,120,0.7166666666666667,1.048780487804878,0.6833333333333333,0.6158333333333333,0.6916666666666667,0.025,1.3125,1.9259259259259263
rect_center_heavy_6_none_high_value_center_compact_loose_eval,P08,120,1.5666666666666667,2.028985507246377,0.975,3.27125,1.9416666666666667,0.025,5.2179166666666665,5.37844827586207
rect_center_heavy_6_none_high_value_center_compact_loose_eval,P10,120,1.6333333333333333,2.157142857142857,0.9583333333333334,1.3616666666666666,1.45,0.18333333333333332,2.848333333333333,3.93728813559322
rect_center_heavy_6_none_high_value_center_compact_loose_eval,P12,120,3.475,4.0,1.0,4.594375,2.4833333333333334,0.9916666666666667,7.276041666666668,8.954824561403505
rect_center_heavy_6_none_high_value_center_compact_loose_eval,P13,120,3.65,4.0,1.0,3.1337499999999996,1.8916666666666666,1.7583333333333333,5.377083333333335,5.8921874999999995
rect_center_heavy_6_none_high_value_center_compact_loose_eval,P14,120,3.941666666666667,4.0,1.0,5.957708333333333,4.816666666666666,0.025,10.779374999999998,12.662500000000005
rect_center_heavy_6_none_high_value_center_compact_loose_eval,P20,120,1.3333333333333333,2.0,0.9666666666666667,3.4125000000000005,2.05,0.0,5.4625,8.550000000000002
rect_center_heavy_6_none_high_value_center_compact_loose_eval,P23,120,2.7083333333333335,4.0,1.0,5.591875000000001,2.441666666666667,0.35833333333333334,8.105208333333334,10.183333333333334
rect_center_heavy_6_none_high_value_center_compact_loose_eval,P26,120,0.6666666666666666,1.0,0.6666666666666666,0.6000000000000001,0.6666666666666666,0.0,1.2666666666666666,1.9
rect_center_heavy_6_none_high_value_center_compact_loose_eval,P29,120,2.4166666666666665,3.0,1.0,5.09375,2.7583333333333333,0.0,7.852083333333334,12.454545454545455
rect_center_heavy_6_none_high_value_center_standard_compact_train,P01,120,1.55,2.0615384615384613,0.975,1.2112500000000002,1.1583333333333334,0.48333333333333334,2.46625,4.31111111111111
rect_center_heavy_6_none_high_value_center_standard_compact_train,P02,120,1.3916666666666666,2.0444444444444443,1.0,2.6670833333333337,2.191666666666667,0.008333333333333333,4.860416666666667,8.106617647058826
rect_center_heavy_6_none_high_value_center_standard_compact_train,P04,120,3.6666666666666665,4.0,1.0,7.656875000000002,3.825,0.05,11.491874999999997,12.075
rect_center_heavy_6_none_high_value_center_standard_compact_train,P05,120,1.1833333333333333,2.0,0.975,2.745,1.275,0.16666666666666666,4.053333333333334,6.425000000000002
rect_center_heavy_6_none_high_value_center_standard_compact_train,P06,120,3.9166666666666665,4.0,1.0,6.423749999999999,2.75,1.1666666666666667,9.407083333333333,10.174999999999995
rect_center_heavy_6_none_high_value_center_standard_compact_train,P07,120,3.5083333333333333,4.0,1.0,3.115000000000001,3.0166666666666666,0.525,6.2366666666666655,6.352307692307691
rect_center_heavy_6_none_high_value_center_standard_compact_train,P09,120,1.6333333333333333,2.1176470588235294,1.0,3.8706250000000013,2.325,0.0,6.1956250000000015,9.033333333333335
rect_center_heavy_6_none_high_value_center_standard_compact_train,P11,120,3.7416666666666667,4.0,1.0,8.025000000000002,4.0,0.0,12.025000000000004,12.025000000000004
rect_center_heavy_6_none_high_value_center_standard_compact_train,P15,120,3.8,4.0,1.0,3.561250000000001,3.0083333333333333,0.8083333333333333,6.731250000000002,8.5
rect_center_heavy_6_none_high_value_center_standard_compact_train,P16,120,0.008333333333333333,0.008333333333333333,0.008333333333333333,0.00875,0.008333333333333333,0.0,0.017083333333333332,0.017083333333333332
rect_center_heavy_6_none_high_value_center_standard_compact_train,P17,120,3.1083333333333334,4.0,1.0,5.378541666666666,4.25,0.016666666666666666,9.631874999999999,11.172115384615385
rect_center_heavy_6_none_high_value_center_standard_compact_train,P18,120,3.8916666666666666,4.0,1.0,5.910000000000001,4.6,0.008333333333333333,10.511666666666667,11.325000000000001
rect_center_heavy_6_none_high_value_center_standard_compact_train,P19,120,3.9166666666666665,4.0,1.0,3.6925000000000003,3.841666666666667,0.15833333333333333,7.565833333333333,7.909183673469388
rect_center_heavy_6_none_high_value_center_standard_compact_train,P21,120,3.9166666666666665,4.0,1.0,4.014999999999999,2.966666666666667,0.95,7.171666666666667,7.26712962962963
rect_center_heavy_6_none_high_value_center_standard_compact_train,P22,120,3.6083333333333334,4.0,1.0,7.561875,3.7416666666666667,0.18333333333333332,11.340208333333333,15.125000000000004
rect_center_heavy_6_none_high_value_center_standard_compact_train,P24,120,3.225,4.0,1.0,7.400208333333334,3.683333333333333,0.10833333333333334,11.105208333333334,13.975000000000003
rect_center_heavy_6_none_high_value_center_standard_compact_train,P25,120,3.425,4.0,1.0,5.990625000000002,3.125,0.44166666666666665,9.203958333333333,12.025
rect_center_heavy_6_none_high_value_center_standard_compact_train,P27,120,3.7666666666666666,4.0,1.0,6.793958333333332,4.833333333333333,0.041666666666666664,11.635625,13.853260869565213
rect_center_heavy_6_none_high_value_center_standard_compact_train,P28,120,3.525,4.0,1.0,8.688333333333334,5.541666666666667,0.0,14.229999999999999,19.395192307692305
rect_center_heavy_6_none_high_value_center_standard_compact_train,P30,120,1.8666666666666667,3.1818181818181817,0.975,3.4579166666666667,2.725,0.0,6.182916666666667,10.527777777777779
rect_center_heavy_6_none_high_value_center_standard_compact_eval,P03,120,1.8,3.0,0.975,2.8891666666666667,2.975,0.041666666666666664,5.8725000000000005,10.004761904761907
rect_center_heavy_6_none_high_value_center_standard_compact_eval,P08,120,1.7583333333333333,2.0697674418604652,0.9916666666666667,1.9810416666666668,1.85,0.25833333333333336,3.882708333333333,6.318478260869566
rect_center_heavy_6_none_high_value_center_standard_compact_eval,P10,120,2.3333333333333335,3.066666666666667,1.0,4.984166666666666,4.958333333333333,0.0,9.942499999999999,12.049999999999995
rect_center_heavy_6_none_high_value_center_standard_compact_eval,P12,120,1.25,2.032258064516129,0.9833333333333333,3.1193750000000002,1.3416666666666666,0.16666666666666666,4.494375000000001,6.649999999999999
rect_center_heavy_6_none_high_value_center_standard_compact_eval,P13,120,3.941666666666667,4.0,1.0,6.8393749999999995,2.941666666666667,1.0,9.981041666666666,10.174999999999995
rect_center_heavy_6_none_high_value_center_standard_compact_eval,P14,120,3.95,4.0,1.0,7.052812500000001,4.825,0.041666666666666664,11.886145833333332,13.762499999999998
rect_center_heavy_6_none_high_value_center_standard_compact_eval,P20,120,3.591666666666667,4.0,1.0,2.8262500000000004,1.5,2.091666666666667,4.744583333333333,6.319000000000001
rect_center_heavy_6_none_high_value_center_standard_compact_eval,P23,120,3.308333333333333,4.0,1.0,7.294375000000001,3.5166666666666666,0.125,10.836041666666668,12.025
rect_center_heavy_6_none_high_value_center_standard_compact_eval,P26,120,2.8666666666666667,4.0,1.0,3.8106250000000004,3.0,0.03333333333333333,6.817291666666667,9.270000000000003
rect_center_heavy_6_none_high_value_center_standard_compact_eval,P29,120,3.6,4.0,1.0,9.965208333333333,5.75,0.0,15.715208333333331,20.568181818181817
rect_center_heavy_6_none_high_value_center_standard_standard_train,P01,120,0.06666666666666667,0.06666666666666667,0.06666666666666667,0.13999999999999999,0.06666666666666667,0.0,0.20666666666666664,0.20666666666666664
rect_center_heavy_6_none_high_value_center_standard_standard_train,P02,120,2.6083333333333334,3.0128205128205128,1.0,3.515625000000001,2.1333333333333333,0.5666666666666667,5.762291666666668,8.745588235294118
rect_center_heavy_6_none_high_value_center_standard_standard_train,P04,120,3.808333333333333,4.0,1.0,6.509375,2.7916666666666665,1.025,9.506041666666667,10.174999999999997
rect_center_heavy_6_none_high_value_center_standard_standard_train,P05,120,3.1333333333333333,4.0,1.0,4.018437500000001,3.066666666666667,0.26666666666666666,7.138437500000001,9.712500000000002
rect_center_heavy_6_none_high_value_center_standard_standard_train,P06,120,2.825,4.0,1.0,4.5825,1.875,0.95,6.647500000000003,7.275000000000001
rect_center_heavy_6_none_high_value_center_standard_standard_train,P07,120,0.0,0.0,0.0,0.0,0.0,0.0,0.0,0.0
rect_center_heavy_6_none_high_value_center_standard_standard_train,P09,120,2.0166666666666666,3.0,1.0,3.7875,2.191666666666667,0.08333333333333333,5.995833333333334,8.699999999999998
rect_center_heavy_6_none_high_value_center_standard_standard_train,P11,120,3.8666666666666667,4.0,1.0,6.916874999999999,2.975,0.8916666666666667,10.070208333333333,10.174999999999999
rect_center_heavy_6_none_high_value_center_standard_standard_train,P15,120,3.0166666666666666,4.0,1.0,1.9412499999999995,1.9916666666666667,1.025,4.1379166666666665,4.3500000000000005
rect_center_heavy_6_none_high_value_center_standard_standard_train,P16,120,3.9166666666666665,4.0,1.0,2.55,1.0,2.9166666666666665,4.133333333333333,4.149999999999998
rect_center_heavy_6_none_high_value_center_standard_standard_train,P17,120,3.1333333333333333,4.0,1.0,4.548333333333335,3.625,0.14166666666666666,8.201666666666666,10.503999999999998
rect_center_heavy_6_none_high_value_center_standard_standard_train,P18,120,3.2,4.0,1.0,3.5050000000000003,2.2583333333333333,0.9416666666666667,5.951666666666666,7.475
rect_center_heavy_6_none_high_value_center_standard_standard_train,P19,120,3.9166666666666665,4.0,1.0,4.066249999999999,4.008333333333334,0.21666666666666667,8.117916666666666,11.54047619047619
rect_center_heavy_6_none_high_value_center_standard_standard_train,P21,120,3.9166666666666665,4.0,1.0,4.428749999999999,3.3583333333333334,0.6,7.907083333333333,9.1
rect_center_heavy_6_none_high_value_center_standard_standard_train,P22,120,2.816666666666667,4.0,1.0,5.285625,2.6666666666666665,0.23333333333333334,7.9989583333333325,9.937999999999999
rect_center_heavy_6_none_high_value_center_standard_standard_train,P24,120,2.9583333333333335,4.0,1.0,5.018125,2.15,0.8166666666666667,7.331458333333334,9.710294117647061
rect_center_heavy_6_none_high_value_center_standard_standard_train,P25,120,3.8916666666666666,4.0,1.0,3.3943750000000006,2.0083333333333333,1.8833333333333333,5.779375000000001,5.83287037037037
rect_center_heavy_6_none_high_value_center_standard_standard_train,P27,120,3.816666666666667,4.0,1.0,7.976354166666668,6.425,0.0,14.401354166666666,18.514705882352942
rect_center_heavy_6_none_high_value_center_standard_standard_train,P28,120,2.091666666666667,3.0285714285714285,0.9833333333333333,4.772291666666667,2.7333333333333334,0.0,7.505625,12.98846153846154
rect_center_heavy_6_none_high_value_center_standard_standard_train,P30,120,1.7833333333333334,2.032258064516129,0.9833333333333333,3.3800000000000003,2.341666666666667,0.0,5.721666666666667,9.4
rect_center_heavy_6_none_high_value_center_standard_standard_eval,P03,120,1.525,2.0491803278688523,0.9916666666666667,1.1162500000000004,1.075,0.48333333333333334,2.2879166666666664,3.7166666666666672
rect_center_heavy_6_none_high_value_center_standard_standard_eval,P08,120,0.6083333333333333,1.0138888888888888,0.6,1.4143749999999997,0.6083333333333333,0.008333333333333333,2.024375,3.373958333333333
rect_center_heavy_6_none_high_value_center_standard_standard_eval,P10,120,1.8083333333333333,2.053763440860215,0.9916666666666667,1.4745833333333338,1.4583333333333333,0.525,3.037916666666667,4.304166666666666
rect_center_heavy_6_none_high_value_center_standard_standard_eval,P12,120,3.9166666666666665,4.0,1.0,5.164791666666668,3.316666666666667,0.625,8.606458333333334,10.7
rect_center_heavy_6_none_high_value_center_standard_standard_eval,P13,120,3.075,4.0,1.0,5.010625000000001,2.3333333333333335,0.8166666666666667,7.507291666666666,9.6328125
rect_center_heavy_6_none_high_value_center_standard_standard_eval,P14,120,3.95,4.0,1.0,7.234583333333335,4.833333333333333,0.03333333333333333,12.074583333333331,13.913541666666667
rect_center_heavy_6_none_high_value_center_standard_standard_eval,P20,120,3.933333333333333,4.0,1.0,4.2749999999999995,2.841666666666667,1.1,7.336666666666665,10.158333333333333
rect_center_heavy_6_none_high_value_center_standard_standard_eval,P23,120,3.716666666666667,4.0,1.0,6.763749999999999,3.0416666666666665,0.725,9.950416666666667,12.025
rect_center_heavy_6_none_high_value_center_standard_standard_eval,P26,120,0.9833333333333333,1.0,0.9833333333333333,2.478125,1.6333333333333333,0.0,4.111458333333333,7.275000000000003
rect_center_heavy_6_none_high_value_center_standard_standard_eval,P29,120,2.8,3.0319148936170213,1.0,8.013125,3.683333333333333,0.0,11.696458333333332,13.351056338028172
rect_center_heavy_6_none_high_value_center_standard_loose_train,P01,120,3.125,4.0,1.0,2.0915625,1.9,1.2333333333333334,4.238229166666667,4.815
rect_center_heavy_6_none_high_value_center_standard_loose_train,P02,120,3.25,4.0,1.0,5.578958333333334,2.8666666666666667,0.475,8.540625,12.075
rect_center_heavy_6_none_high_value_center_standard_loose_train,P04,120,3.566666666666667,4.0,1.0,4.601874999999999,1.8833333333333333,1.6833333333333333,6.821875000000002,7.3136666666666645
rect_center_heavy_6_none_high_value_center_standard_loose_train,P05,120,2.825,4.0,1.0,4.11,2.3833333333333333,0.5,6.593333333333334,9.809821428571428
rect_center_heavy_6_none_high_value_center_standard_loose_train,P06,120,2.216666666666667,3.125,1.0,3.0812500000000003,1.9333333333333333,0.36666666666666664,5.087916666666667,6.0397058823529415
rect_center_heavy_6_none_high_value_center_standard_loose_train,P07,120,0.6,1.0909090909090908,0.55,1.1549999999999998,0.55,0.05,1.7149999999999999,3.1181818181818177
rect_center_heavy_6_none_high_value_center_standard_loose_train,P09,120,3.4,4.0,1.0,5.508125000000001,2.908333333333333,0.5416666666666666,8.524791666666667,12.025000000000002
rect_center_heavy_6_none_high_value_center_standard_loose_train,P11,120,3.466666666666667,4.0,1.0,4.766249999999999,2.05,1.4166666666666667,7.099583333333332,7.3459677419354845
rect_center_heavy_6_none_high_value_center_standard_loose_train,P15,120,1.6083333333333334,2.0555555555555554,0.975,1.1337500000000003,1.1,0.5083333333333333,2.3354166666666667,3.9633333333333343
rect_center_heavy_6_none_high_value_center_standard_loose_train,P16,120,3.9166666666666665,4.0,1.0,2.55,1.0,2.9166666666666665,4.133333333333333,4.149999999999998
rect_center_heavy_6_none_high_value_center_standard_loose_train,P17,120,3.1,4.0,1.0,4.196458333333335,3.4833333333333334,0.125,7.704791666666667,10.322916666666668
rect_center_heavy_6_none_high_value_center_standard_loose_train,P18,120,2.808333333333333,3.098901098901099,1.0,3.1425000000000005,1.9083333333333334,0.9,5.230833333333332,5.4447802197802195
rect_center_heavy_6_none_high_value_center_standard_loose_train,P19,120,3.25,4.0,1.0,3.66875,3.1666666666666665,0.35833333333333334,6.907083333333333,9.197435897435902
rect_center_heavy_6_none_high_value_center_standard_loose_train,P21,120,3.575,4.0,1.0,4.097499999999999,3.1083333333333334,0.5583333333333333,7.317499999999999,9.1
rect_center_heavy_6_none_high_value_center_standard_loose_train,P22,120,2.5833333333333335,3.1492537313432836,1.0,4.788749999999999,2.466666666666667,0.2,7.295416666666667,8.504508196721313
rect_center_heavy_6_none_high_value_center_standard_loose_train,P24,120,2.6666666666666665,4.0,1.0,4.603125,1.925,0.775,6.683125000000001,7.775000000000001
rect_center_heavy_6_none_high_value_center_standard_loose_train,P25,120,2.216666666666667,3.111111111111111,0.9916666666666667,2.883125,1.5416666666666667,0.675,4.559791666666667,5.597727272727272
rect_center_heavy_6_none_high_value_center_standard_loose_train,P27,120,3.05,4.0,1.0,5.727291666666667,4.675,0.0,10.402291666666667,13.533333333333331
rect_center_heavy_6_none_high_value_center_standard_loose_train,P28,120,2.7666666666666666,3.010752688172043,1.0,7.573541666666667,4.183333333333334,0.0,11.756875,16.599999999999998
rect_center_heavy_6_none_high_value_center_standard_loose_train,P30,120,2.5833333333333335,3.0684931506849313,0.9833333333333333,3.7070833333333337,2.6333333333333333,0.0,6.340416666666666,8.842307692307692
rect_center_heavy_6_none_high_value_center_standard_loose_eval,P03,120,0.0,0.0,0.0,0.0,0.0,0.0,0.0,0.0
rect_center_heavy_6_none_high_value_center_standard_loose_eval,P08,120,3.875,4.0,1.0,3.5335416666666672,2.2083333333333335,1.6666666666666667,6.075208333333332,7.705208333333334
rect_center_heavy_6_none_high_value_center_standard_loose_eval,P10,120,0.0,0.0,0.0,0.0,0.0,0.0,0.0,0.0
rect_center_heavy_6_none_high_value_center_standard_loose_eval,P12,120,3.091666666666667,4.0,1.0,4.489999999999999,2.475,0.6583333333333333,7.096666666666668,12.025000000000002
rect_center_heavy_6_none_high_value_center_standard_loose_eval,P13,120,2.425,3.122448979591837,1.0,3.5106249999999997,2.058333333333333,0.39166666666666666,5.647291666666669,6.185937499999999
rect_center_heavy_6_none_high_value_center_standard_loose_eval,P14,120,3.95,4.0,1.0,7.356041666666668,4.883333333333334,0.041666666666666664,12.24770833333333,14.8125
rect_center_heavy_6_none_high_value_center_standard_loose_eval,P20,120,3.95,4.0,1.0,6.367499999999999,3.816666666666667,0.15833333333333333,10.215833333333332,10.599999999999996
rect_center_heavy_6_none_high_value_center_standard_loose_eval,P23,120,3.091666666666667,4.0,1.0,5.405625,2.325,0.7666666666666667,7.883958333333334,10.175000000000002
rect_center_heavy_6_none_high_value_center_standard_loose_eval,P26,120,3.65,4.0,1.0,3.4818749999999996,2.6333333333333333,1.025,6.3202083333333325,7.475000000000002
rect_center_heavy_6_none_high_value_center_standard_loose_eval,P29,120,2.65,3.0,1.0,5.4300000000000015,2.95,0.0,8.38,12.509090909090911
rect_center_heavy_6_none_high_value_center_loose_compact_train,P01,120,2.216666666666667,3.0285714285714285,1.0,3.0931250000000006,2.9833333333333334,0.016666666666666666,6.079791666666666,6.146367521367521
rect_center_heavy_6_none_high_value_center_loose_compact_train,P02,120,1.6083333333333334,2.013888888888889,1.0,4.08875,1.9166666666666667,0.13333333333333333,6.032083333333333,8.325000000000001
rect_center_heavy_6_none_high_value_center_loose_compact_train,P04,120,3.908333333333333,4.0,1.0,7.342500000000003,3.716666666666667,0.24166666666666667,11.107499999999998,12.097352941176474
rect_center_heavy_6_none_high_value_center_loose_compact_train,P05,120,1.575,2.014705882352941,1.0,4.91,2.591666666666667,0.016666666666666666,7.505000000000001,8.325000000000003
rect_center_heavy_6_none_high_value_center_loose_compact_train,P06,120,3.908333333333333,4.0,1.0,6.395624999999999,2.725,1.1833333333333333,9.357291666666667,10.174999999999995
rect_center_heavy_6_none_high_value_center_loose_compact_train,P07,120,3.275,4.0,1.0,2.735833333333334,2.591666666666667,0.7833333333333333,5.484166666666666,9.328571428571427
rect_center_heavy_6_none_high_value_center_loose_compact_train,P09,120,1.4416666666666667,2.0,1.0,4.31375,1.9166666666666667,0.06666666666666667,6.243750000000002,8.549999999999999
rect_center_heavy_6_none_high_value_center_loose_compact_train,P11,120,3.841666666666667,4.0,1.0,8.214375,4.25,0.008333333333333333,12.466041666666671,13.925000000000004
rect_center_heavy_6_none_high_value_center_loose_compact_train,P15,120,1.9583333333333333,2.116504854368932,1.0,1.4066666666666667,1.8333333333333333,0.175,3.275,3.561224489795918
rect_center_heavy_6_none_high_value_center_loose_compact_train,P16,120,2.65,3.1232876712328768,1.0,1.0500000000000003,1.0,1.65,2.3800000000000003,2.4746575342465746
rect_center_heavy_6_none_high_value_center_loose_compact_train,P17,120,2.316666666666667,3.0,1.0,3.8814583333333332,3.058333333333333,0.03333333333333333,6.946458333333331,9.225000000000003
rect_center_heavy_6_none_high_value_center_loose_compact_train,P18,120,3.125,4.0,1.0,4.3374999999999995,2.9166666666666665,0.24166666666666667,7.302499999999999,7.625000000000001
rect_center_heavy_6_none_high_value_center_loose_compact_train,P19,120,3.9166666666666665,4.0,1.0,4.6025,3.7083333333333335,0.25833333333333336,8.3625,9.018674698795182
rect_center_heavy_6_none_high_value_center_loose_compact_train,P21,120,3.9166666666666665,4.0,1.0,3.9387499999999998,2.816666666666667,1.1333333333333333,6.982083333333332,9.100000000000001
rect_center_heavy_6_none_high_value_center_loose_compact_train,P22,120,3.4833333333333334,4.0,1.0,7.1362499999999995,3.3916666666666666,0.26666666666666666,10.58125,13.938157894736841
rect_center_heavy_6_none_high_value_center_loose_compact_train,P24,120,2.8666666666666667,4.0,1.0,7.2004166666666665,3.575,0.041666666666666664,10.783749999999998,13.974999999999998
rect_center_heavy_6_none_high_value_center_loose_compact_train,P25,120,3.6666666666666665,4.0,1.0,5.450625000000001,2.691666666666667,0.9833333333333333,8.338958333333332,9.23647540983606
rect_center_heavy_6_none_high_value_center_loose_compact_train,P27,120,3.5833333333333335,4.0,1.0,5.709166666666667,4.8,0.008333333333333333,10.510833333333332,12.7625
rect_center_heavy_6_none_high_value_center_loose_compact_train,P28,120,2.9166666666666665,4.0,1.0,8.107916666666666,4.808333333333334,0.0,12.91625,17.40666666666667
rect_center_heavy_6_none_high_value_center_loose_compact_train,P30,120,2.2583333333333333,3.0454545454545454,0.9916666666666667,4.627083333333333,3.925,0.0,8.552083333333334,11.929545454545455
rect_center_heavy_6_none_high_value_center_loose_compact_eval,P03,120,0.2833333333333333,1.0625,0.26666666666666666,0.30874999999999997,0.3,0.016666666666666666,0.6120833333333333,2.2953124999999996
rect_center_heavy_6_none_high_value_center_loose_compact_eval,P08,120,2.55,3.1129032258064515,1.0,4.2077083333333345,3.5833333333333335,0.0,7.791041666666668,12.177083333333334
rect_center_heavy_6_none_high_value_center_loose_compact_eval,P10,120,0.8916666666666667,2.0,0.7,1.07875,1.05,0.0,2.1287499999999997,4.964583333333334
rect_center_heavy_6_none_high_value_center_loose_compact_eval,P12,120,1.5666666666666667,2.0144927536231885,0.9833333333333333,5.178749999999999,2.6666666666666665,0.008333333333333333,7.847083333333332,8.549999999999995
rect_center_heavy_6_none_high_value_center_loose_compact_eval,P13,120,3.9,4.0,1.0,6.897499999999998,2.966666666666667,0.9416666666666667,10.0525,10.174999999999997
rect_center_heavy_6_none_high_value_center_loose_compact_eval,P14,120,3.95,4.0,1.0,5.959479166666667,3.5083333333333333,0.575,9.5828125,12.385576923076922
rect_center_heavy_6_none_high_value_center_loose_compact_eval,P20,120,2.966666666666667,4.0,1.0,3.4175,2.0,0.9666666666666667,5.610833333333335,6.55625
rect_center_heavy_6_none_high_value_center_loose_compact_eval,P23,120,3.275,4.0,1.0,6.760624999999999,3.0083333333333333,0.4166666666666667,9.852291666666668,12.025
rect_center_heavy_6_none_high_value_center_loose_compact_eval,P26,120,3.025,4.0,1.0,3.5793749999999998,2.2583333333333333,0.775,5.992708333333335,7.801470588235294
rect_center_heavy_6_none_high_value_center_loose_compact_eval,P29,120,3.625,4.0,1.0,9.587708333333333,5.608333333333333,0.0,15.196041666666668,20.18095238095238
rect_center_heavy_6_none_high_value_center_loose_standard_train,P01,120,0.2916666666666667,1.0294117647058822,0.2833333333333333,0.614375,0.2916666666666667,0.008333333333333333,0.9077083333333333,3.203676470588235
rect_center_heavy_6_none_high_value_center_loose_standard_train,P02,120,3.5,4.0,1.0,5.235625000000001,3.716666666666667,0.10833333333333334,8.973958333333336,9.712500000000002
rect_center_heavy_6_none_high_value_center_loose_standard_train,P04,120,3.283333333333333,4.0,1.0,6.5024999999999995,2.775,0.5416666666666666,9.385833333333334,10.175000000000002
rect_center_heavy_6_none_high_value_center_loose_standard_train,P05,120,2.683333333333333,3.0365853658536586,1.0,4.589166666666666,3.025,0.03333333333333333,7.620833333333332,7.732327586206893
rect_center_heavy_6_none_high_value_center_loose_standard_train,P06,120,3.7,4.0,1.0,4.855625,1.9916666666666667,1.7083333333333333,7.188958333333335,7.275
rect_center_heavy_6_none_high_value_center_loose_standard_train,P07,120,0.10833333333333334,1.0,0.10833333333333334,0.30250000000000005,0.14166666666666666,0.0,0.4441666666666667,4.283333333333333
rect_center_heavy_6_none_high_value_center_loose_standard_train,P09,120,3.9166666666666665,4.0,1.0,6.2737500000000015,3.816666666666667,0.175,10.125416666666666,10.700000000000001
rect_center_heavy_6_none_high_value_center_loose_standard_train,P11,120,3.3666666666666667,4.0,1.0,6.8393749999999995,2.941666666666667,0.475,9.876041666666667,10.174999999999997
rect_center_heavy_6_none_high_value_center_loose_standard_train,P15,120,2.65,3.1184210526315788,0.9916666666666667,1.3300000000000003,1.725,0.925,3.2400000000000007,3.7253521126760556
rect_center_heavy_6_none_high_value_center_loose_standard_train,P16,120,1.3666666666666667,3.2222222222222223,0.7416666666666667,1.8912500000000003,0.7416666666666667,0.625,2.757916666666667,3.994444444444445
rect_center_heavy_6_none_high_value_center_loose_standard_train,P17,120,2.55,3.0,1.0,3.7289583333333334,2.9,0.09166666666666666,6.647291666666666,9.225
rect_center_heavy_6_none_high_value_center_loose_standard_train,P18,120,3.0416666666666665,4.0,1.0,3.25875,1.8916666666666666,1.1583333333333334,5.382083333333335,5.900925925925926
rect_center_heavy_6_none_high_value_center_loose_standard_train,P19,120,3.2583333333333333,4.0,1.0,4.136249999999999,3.1083333333333334,0.3416666666666667,7.312916666666666,9.15
rect_center_heavy_6_none_high_value_center_loose_standard_train,P21,120,2.158333333333333,3.074074074074074,1.0,3.8224999999999993,2.9166666666666665,0.016666666666666666,6.742499999999999,7.242268041237111
rect_center_heavy_6_none_high_value_center_loose_standard_train,P22,120,2.925,4.0,1.0,5.2325,2.55,0.4166666666666667,7.865833333333334,9.934375
rect_center_heavy_6_none_high_value_center_loose_standard_train,P24,120,2.35,3.0,1.0,4.7925,1.975,0.475,6.862500000000001,7.329385964912281
rect_center_heavy_6_none_high_value_center_loose_standard_train,P25,120,3.216666666666667,4.0,1.0,3.433125,2.025,1.1916666666666667,5.696458333333334,6.151219512195122
rect_center_heavy_6_none_high_value_center_loose_standard_train,P27,120,2.775,3.0444444444444443,1.0,3.785520833333334,2.8666666666666667,0.2,6.6921875,9.066304347826089
rect_center_heavy_6_none_high_value_center_loose_standard_train,P28,120,1.8666666666666667,3.1739130434782608,0.95,4.282916666666667,2.316666666666667,0.016666666666666666,6.602916666666666,11.506250000000001
rect_center_heavy_6_none_high_value_center_loose_standard_train,P30,120,1.475,2.0508474576271185,0.9583333333333334,2.765833333333333,1.9833333333333334,0.0,4.7491666666666665,7.973333333333334
rect_center_heavy_6_none_high_value_center_loose_standard_eval,P03,120,2.0833333333333335,3.0,1.0,2.038333333333334,1.9416666666666667,0.24166666666666667,4.028333333333333,4.389999999999999
rect_center_heavy_6_none_high_value_center_loose_standard_eval,P08,120,0.9583333333333334,1.0648148148148149,0.9,2.75125,1.1833333333333333,0.05,3.944583333333334,6.65
rect_center_heavy_6_none_high_value_center_loose_standard_eval,P10,120,2.2083333333333335,3.0,0.9916666666666667,2.814583333333333,2.6333333333333333,0.1,5.467916666666667,6.2
rect_center_heavy_6_none_high_value_center_loose_standard_eval,P12,120,2.466666666666667,3.0,1.0,5.599375000000001,3.0083333333333333,0.016666666666666666,8.611041666666669,8.750434782608698
rect_center_heavy_6_none_high_value_center_loose_standard_eval,P13,120,3.6333333333333333,4.0,1.0,4.6693750000000005,2.0083333333333333,1.625,7.002708333333333,7.126219512195119
rect_center_heavy_6_none_high_value_center_loose_standard_eval,P14,120,3.95,4.0,1.0,6.298958333333334,3.775,0.4166666666666667,10.157291666666667,12.6225
rect_center_heavy_6_none_high_value_center_loose_standard_eval,P20,120,2.975,4.0,1.0,5.390625000000002,2.816666666666667,0.3,8.267291666666667,8.971153846153845
rect_center_heavy_6_none_high_value_center_loose_standard_eval,P23,120,3.4833333333333334,4.0,1.0,6.46375,2.816666666666667,0.7166666666666667,9.42375,10.377343749999998
rect_center_heavy_6_none_high_value_center_loose_standard_eval,P26,120,1.825,2.0,1.0,2.9793750000000006,1.7666666666666666,0.058333333333333334,4.7577083333333325,5.225000000000001
rect_center_heavy_6_none_high_value_center_loose_standard_eval,P29,120,2.55,3.0434782608695654,1.0,7.361875000000001,3.325,0.0,10.686874999999999,13.381500000000003
rect_center_heavy_6_none_high_value_center_loose_loose_train,P01,120,1.6083333333333334,2.106060606060606,1.0,2.1350000000000002,1.0916666666666666,0.55,3.3366666666666664,4.158823529411764
rect_center_heavy_6_none_high_value_center_loose_loose_train,P02,120,2.941666666666667,4.0,1.0,6.381250000000002,3.316666666666667,0.09166666666666666,9.71625,12.075000000000005
rect_center_heavy_6_none_high_value_center_loose_loose_train,P04,120,3.8916666666666666,4.0,1.0,4.875,2.0,1.8916666666666666,7.253333333333335,7.275
rect_center_heavy_6_none_high_value_center_loose_loose_train,P05,120,3.8,4.0,1.0,5.447500000000001,2.966666666666667,0.8416666666666667,8.5825,8.725
rect_center_heavy_6_none_high_value_center_loose_loose_train,P06,120,1.7916666666666667,2.103448275862069,0.9916666666666667,2.599375,1.15,0.65,3.8793750000000005,6.979166666666668
rect_center_heavy_6_none_high_value_center_loose_loose_train,P07,120,1.1083333333333334,2.0,0.9333333333333333,2.115,1.0,0.175,3.15,4.162068965517242
rect_center_heavy_6_none_high_value_center_loose_loose_train,P09,120,3.1666666666666665,4.0,1.0,6.494375000000001,3.341666666666667,0.20833333333333334,9.877708333333334,12.024999999999999
rect_center_heavy_6_none_high_value_center_loose_loose_train,P11,120,3.658333333333333,4.0,1.0,4.65,2.0,1.6583333333333334,6.9816666666666665,7.16432926829268
rect_center_heavy_6_none_high_value_center_loose_loose_train,P15,120,2.8833333333333333,4.0,1.0,1.9012499999999994,1.95,0.9333333333333333,4.037916666666667,4.35
rect_center_heavy_6_none_high_value_center_loose_loose_train,P16,120,3.9166666666666665,4.0,1.0,2.55,1.0,2.9166666666666665,4.133333333333333,4.149999999999998
rect_center_heavy_6_none_high_value_center_loose_loose_train,P17,120,2.433333333333333,3.0,1.0,3.2241666666666666,2.4,0.21666666666666667,5.6675,8.275
rect_center_heavy_6_none_high_value_center_loose_loose_train,P18,120,2.8916666666666666,4.0,1.0,2.8675,1.5333333333333334,1.3583333333333334,4.6725,6.09375
rect_center_heavy_6_none_high_value_center_loose_loose_train,P19,120,3.191666666666667,4.0,1.0,4.1012499999999985,3.075,0.35,7.24625,8.97222222222222
rect_center_heavy_6_none_high_value_center_loose_loose_train,P21,120,2.316666666666667,3.0714285714285716,1.0,1.7762499999999999,1.8333333333333333,0.5,3.7095833333333337,4.165000000000001
rect_center_heavy_6_none_high_value_center_loose_loose_train,P22,120,2.7,4.0,1.0,4.663125,2.341666666666667,0.4,7.084791666666666,8.728750000000002
rect_center_heavy_6_none_high_value_center_loose_loose_train,P24,120,2.65,3.0125,1.0,4.64125,1.9083333333333334,0.7416666666666667,6.697916666666669,7.077564102564106
rect_center_heavy_6_none_high_value_center_loose_loose_train,P25,120,3.55,4.0,1.0,3.33625,1.9833333333333334,1.5666666666666667,5.6329166666666675,5.774999999999999
rect_center_heavy_6_none_high_value_center_loose_loose_train,P27,120,3.4166666666666665,4.0,1.0,5.304479166666666,4.141666666666667,0.025,9.451145833333333,11.767187500000002
rect_center_heavy_6_none_high_value_center_loose_loose_train,P28,120,2.716666666666667,3.0113636363636362,1.0,7.46875,4.283333333333333,0.0,11.752083333333333,17.074999999999996
rect_center_heavy_6_none_high_value_center_loose_loose_train,P30,120,1.7166666666666666,2.0609756097560976,0.9916666666666667,3.0912500000000005,2.283333333333333,0.0,5.374583333333333,7.527380952380954
rect_center_heavy_6_none_high_value_center_loose_loose_eval,P03,120,0.016666666666666666,0.016666666666666666,0.016666666666666666,0.034999999999999996,0.016666666666666666,0.0,0.05166666666666666,0.05166666666666666
rect_center_heavy_6_none_high_value_center_loose_loose_eval,P08,120,1.8416666666666666,2.0520833333333335,1.0,3.9587500000000007,2.2583333333333333,0.041666666666666664,6.225416666666669,8.649999999999999
rect_center_heavy_6_none_high_value_center_loose_loose_eval,P10,120,0.025,0.025,0.025,0.058125,0.025,0.0,0.08312500000000002,0.08312500000000002
rect_center_heavy_6_none_high_value_center_loose_loose_eval,P12,120,3.5833333333333335,4.0,1.0,5.622500000000002,2.966666666666667,0.625,8.714166666666669,8.943402777777777
rect_center_heavy_6_none_high_value_center_loose_loose_eval,P13,120,2.0083333333333333,3.0,1.0,3.6662500000000002,2.075,0.1,5.76125,8.699999999999998
rect_center_heavy_6_none_high_value_center_loose_loose_eval,P14,120,3.95,4.0,1.0,6.2428125,3.725,0.43333333333333335,10.054479166666665,12.863194444444444
rect_center_heavy_6_none_high_value_center_loose_loose_eval,P20,120,3.95,4.0,1.0,5.698125000000002,3.0083333333333333,0.9416666666666667,8.894791666666666,8.932173913043481
rect_center_heavy_6_none_high_value_center_loose_loose_eval,P23,120,3.216666666666667,4.0,1.0,5.095625,2.191666666666667,1.025,7.492291666666666,10.175
rect_center_heavy_6_none_high_value_center_loose_loose_eval,P26,120,3.95,4.0,1.0,4.132499999999999,2.841666666666667,1.125,7.199166666666666,7.538131313131313
rect_center_heavy_6_none_high_value_center_loose_loose_eval,P29,120,2.5,3.0,1.0,4.947500000000002,2.775,0.0,7.7225,12.106578947368419
rect_center_heavy_6_centered_alt_mixed_balanced_compact_compact_train,P01,120,3.45,4.0,1.0,2.06125,2.125,1.325,4.451250000000001,6.05
rect_center_heavy_6_centered_alt_mixed_balanced_compact_compact_train,P02,120,2.191666666666667,3.0,0.9916666666666667,4.0010416666666675,2.7,0.041666666666666664,6.709375000000002,7.325000000000002
rect_center_heavy_6_centered_alt_mixed_balanced_compact_compact_train,P04,120,3.9166666666666665,4.0,1.0,5.704999999999998,4.275,0.025,9.984999999999998,11.425000000000002
rect_center_heavy_6_centered_alt_mixed_balanced_compact_compact_train,P05,120,2.7416666666666667,4.0,1.0,3.460937500000001,2.3,0.5083333333333333,5.862604166666667,7.430468749999999
rect_center_heavy_6_centered_alt_mixed_balanced_compact_compact_train,P06,120,3.9166666666666665,4.0,1.0,5.949166666666667,4.716666666666667,0.075,10.680833333333332,11.24734042553191
rect_center_heavy_6_centered_alt_mixed_balanced_compact_compact_train,P07,120,3.716666666666667,4.0,1.0,2.5425,2.658333333333333,1.0583333333333333,5.412499999999999,6.05
rect_center_heavy_6_centered_alt_mixed_balanced_compact_compact_train,P09,120,3.425,4.0,1.0,5.3639583333333345,4.058333333333334,0.016666666666666666,9.425625000000002,11.324999999999998
rect_center_heavy_6_centered_alt_mixed_balanced_compact_compact_train,P11,120,0.39166666666666666,1.0681818181818181,0.36666666666666664,0.5825,0.38333333333333336,0.008333333333333333,0.9674999999999999,3.525000000000001
rect_center_heavy_6_centered_alt_mixed_balanced_compact_compact_train,P15,120,1.7416666666666667,2.0470588235294116,1.0,3.2975,1.9666666666666666,0.041666666666666664,5.2725,5.381896551724138
rect_center_heavy_6_centered_alt_mixed_balanced_compact_compact_train,P16,120,3.9166666666666665,4.0,1.0,4.200000000000001,3.0,0.9166666666666666,7.3833333333333355,7.4
rect_center_heavy_6_centered_alt_mixed_balanced_compact_compact_train,P17,120,3.9166666666666665,4.0,1.0,7.7633333333333345,6.991666666666666,0.0,14.754999999999999,16.450000000000006
rect_center_heavy_6_centered_alt_mixed_balanced_compact_compact_train,P18,120,3.05,4.0,1.0,2.7900000000000005,2.933333333333333,0.16666666666666666,5.756666666666665,6.049999999999999
rect_center_heavy_6_centered_alt_mixed_balanced_compact_compact_train,P19,120,3.908333333333333,4.0,1.0,5.4681250000000015,4.375,0.14166666666666666,9.871458333333331,11.673000000000002
rect_center_heavy_6_centered_alt_mixed_balanced_compact_compact_train,P21,120,3.283333333333333,4.0,1.0,2.43,2.466666666666667,0.875,5.071666666666667,8.0
rect_center_heavy_6_centered_alt_mixed_balanced_compact_compact_train,P22,120,1.7833333333333334,2.103448275862069,0.9833333333333333,5.980833333333332,2.575,0.0,8.555833333333334,10.066975308641975
rect_center_heavy_6_centered_alt_mixed_balanced_compact_compact_train,P24,120,2.55,3.014925373134328,1.0,5.185416666666667,3.775,0.0,8.960416666666667,11.498076923076924
rect_center_heavy_6_centered_alt_mixed_balanced_compact_compact_train,P25,120,1.9916666666666667,3.0,1.0,3.4350000000000005,1.5333333333333334,0.5333333333333333,5.075,6.477380952380953
rect_center_heavy_6_centered_alt_mixed_balanced_compact_compact_train,P27,120,3.9166666666666665,4.0,1.0,7.645937500000001,6.558333333333334,0.0,14.204270833333332,16.630555555555556
rect_center_heavy_6_centered_alt_mixed_balanced_compact_compact_train,P28,120,0.9,2.107142857142857,0.6416666666666667,1.5416666666666667,1.15,0.0,2.691666666666667,7.8482142857142865
rect_center_heavy_6_centered_alt_mixed_balanced_compact_compact_train,P30,120,3.033333333333333,4.0,1.0,4.622083333333333,4.225,0.0,8.847083333333334,13.191071428571428
rect_center_heavy_6_centered_alt_mixed_balanced_compact_compact_eval,P03,120,3.8916666666666666,4.0,1.0,2.6937500000000005,2.825,1.0666666666666667,5.732083333333332,6.069680851063826
rect_center_heavy_6_centered_alt_mixed_balanced_compact_compact_eval,P08,120,3.408333333333333,4.0,1.0,4.25,2.9583333333333335,0.4666666666666667,7.301666666666667,7.841981132075474
rect_center_heavy_6_centered_alt_mixed_balanced_compact_compact_eval,P10,120,3.158333333333333,4.0,1.0,4.805833333333334,3.683333333333333,0.041666666666666664,8.4975,9.149999999999999
rect_center_heavy_6_centered_alt_mixed_balanced_compact_compact_eval,P12,120,3.6666666666666665,4.0,1.0,4.570625000000001,3.2083333333333335,0.525,7.883958333333334,9.325
rect_center_heavy_6_centered_alt_mixed_balanced_compact_compact_eval,P13,120,0.6166666666666667,1.0136986301369864,0.6083333333333333,1.4143749999999997,0.6083333333333333,0.008333333333333333,2.024375,3.3277397260273966
rect_center_heavy_6_centered_alt_mixed_balanced_compact_compact_eval,P14,120,3.941666666666667,4.0,1.0,5.2768749999999995,4.358333333333333,0.15,9.665208333333332,10.720039682539685
rect_center_heavy_6_centered_alt_mixed_balanced_compact_compact_eval,P20,120,1.8,3.076923076923077,0.9916666666666667,1.31875,1.175,0.6333333333333333,2.620416666666667,5.501249999999999
rect_center_heavy_6_centered_alt_mixed_balanced_compact_compact_eval,P23,120,1.2583333333333333,2.0,0.8333333333333334,3.0504166666666674,1.3666666666666667,0.025,4.422083333333333,7.336702127659572
rect_center_heavy_6_centered_alt_mixed_balanced_compact_compact_eval,P26,120,2.8916666666666666,3.0093457943925235,1.0,4.0725,3.2333333333333334,0.008333333333333333,7.307500000000001,8.95
rect_center_heavy_6_centered_alt_mixed_balanced_compact_compact_eval,P29,120,1.5583333333333333,2.0634920634920637,1.0,4.3925,2.35,0.0,6.7425000000000015,11.498076923076924
rect_center_heavy_6_centered_alt_mixed_balanced_compact_standard_train,P01,120,1.6916666666666667,3.176470588235294,0.9416666666666667,1.0606250000000002,1.0333333333333334,0.6583333333333333,2.225625,5.164583333333333
rect_center_heavy_6_centered_alt_mixed_balanced_compact_standard_train,P02,120,3.0,4.0,1.0,4.500833333333334,3.1416666666666666,0.10833333333333334,7.6641666666666675,9.425
rect_center_heavy_6_centered_alt_mixed_balanced_compact_standard_train,P04,120,3.908333333333333,4.0,1.0,5.869166666666667,4.608333333333333,0.0,10.477499999999997,11.283333333333331
rect_center_heavy_6_centered_alt_mixed_balanced_compact_standard_train,P05,120,3.408333333333333,4.0,1.0,4.250000000000001,2.9166666666666665,0.525,7.271666666666669,7.5249999999999995
rect_center_heavy_6_centered_alt_mixed_balanced_compact_standard_train,P06,120,3.7083333333333335,4.0,1.0,3.6325000000000007,2.341666666666667,1.3666666666666667,6.2475,7.4250000000000025
rect_center_heavy_6_centered_alt_mixed_balanced_compact_standard_train,P07,120,3.5833333333333335,4.0,1.0,1.5319791666666664,2.033333333333333,1.55,3.8753124999999993,4.200513698630137
rect_center_heavy_6_centered_alt_mixed_balanced_compact_standard_train,P09,120,2.025,2.0982142857142856,1.0,3.325000000000001,2.0,0.09166666666666666,5.343333333333335,5.343333333333335
rect_center_heavy_6_centered_alt_mixed_balanced_compact_standard_train,P11,120,0.008333333333333333,0.008333333333333333,0.008333333333333333,0.019375,0.008333333333333333,0.0,0.027708333333333335,0.027708333333333335
rect_center_heavy_6_centered_alt_mixed_balanced_compact_standard_train,P15,120,3.1666666666666665,4.0,1.0,3.375,2.0,1.1666666666666667,5.608333333333334,5.775000000000001
rect_center_heavy_6_centered_alt_mixed_balanced_compact_standard_train,P16,120,3.7083333333333335,4.0,1.0,3.016666666666667,1.9166666666666667,1.7916666666666667,5.291666666666667,5.5
rect_center_heavy_6_centered_alt_mixed_balanced_compact_standard_train,P17,120,3.9,4.0,1.0,6.675416666666667,5.958333333333333,0.041666666666666664,12.642083333333336,14.4
rect_center_heavy_6_centered_alt_mixed_balanced_compact_standard_train,P18,120,2.966666666666667,4.0,1.0,1.7775000000000003,1.975,0.9916666666666667,3.9508333333333336,4.200000000000001
rect_center_heavy_6_centered_alt_mixed_balanced_compact_standard_train,P19,120,3.8833333333333333,4.0,1.0,5.7650000000000015,4.941666666666666,0.016666666666666666,10.71,13.275000000000002
rect_center_heavy_6_centered_alt_mixed_balanced_compact_standard_train,P21,120,1.7916666666666667,2.032608695652174,1.0,2.732500000000001,2.783333333333333,0.008333333333333333,5.517500000000001,5.950000000000005
rect_center_heavy_6_centered_alt_mixed_balanced_compact_standard_train,P22,120,1.6833333333333333,2.138888888888889,1.0,5.8149999999999995,2.5083333333333333,0.041666666666666664,8.331666666666667,9.975000000000001
rect_center_heavy_6_centered_alt_mixed_balanced_compact_standard_train,P24,120,2.1083333333333334,3.0,1.0,4.143125,2.7916666666666665,0.041666666666666664,6.943124999999999,9.337499999999999
rect_center_heavy_6_centered_alt_mixed_balanced_compact_standard_train,P25,120,2.8333333333333335,3.0869565217391304,1.0,4.892499999999999,2.183333333333333,0.6833333333333333,7.2125,9.975
rect_center_heavy_6_centered_alt_mixed_balanced_compact_standard_train,P27,120,3.9166666666666665,4.0,1.0,8.599791666666668,7.366666666666666,0.0,15.966458333333334,19.26730769230769
rect_center_heavy_6_centered_alt_mixed_balanced_compact_standard_train,P28,120,1.675,2.0,0.9916666666666667,4.254791666666668,3.341666666666667,0.0,7.596458333333333,11.789285714285713
rect_center_heavy_6_centered_alt_mixed_balanced_compact_standard_train,P30,120,1.9083333333333334,3.0,0.9916666666666667,3.9647916666666663,3.0083333333333333,0.0,6.9731250000000005,11.004166666666665
rect_center_heavy_6_centered_alt_mixed_balanced_compact_standard_eval,P03,120,3.158333333333333,4.0,1.0,1.9112499999999997,1.9583333333333333,1.2083333333333333,4.111250000000001,4.554255319148936
rect_center_heavy_6_centered_alt_mixed_balanced_compact_standard_eval,P08,120,3.1666666666666665,4.0,1.0,4.42875,3.091666666666667,0.30833333333333335,7.582083333333334,9.325
rect_center_heavy_6_centered_alt_mixed_balanced_compact_standard_eval,P10,120,2.925,4.0,1.0,2.9206250000000002,2.3666666666666667,0.6,5.407291666666667,7.699324324324323
rect_center_heavy_6_centered_alt_mixed_balanced_compact_standard_eval,P12,120,3.775,4.0,1.0,3.4631250000000007,2.1416666666666666,1.6333333333333333,5.931458333333333,7.575000000000001
rect_center_heavy_6_centered_alt_mixed_balanced_compact_standard_eval,P13,120,1.3416666666666666,2.024390243902439,0.9916666666666667,2.305625,0.9916666666666667,0.35,3.367291666666667,3.5298780487804877
rect_center_heavy_6_centered_alt_mixed_balanced_compact_standard_eval,P14,120,3.941666666666667,4.0,1.0,5.521666666666666,4.433333333333334,0.075,9.969999999999999,10.877901785714284
rect_center_heavy_6_centered_alt_mixed_balanced_compact_standard_eval,P20,120,3.8833333333333333,4.0,1.0,3.217500000000001,1.9916666666666667,1.8916666666666666,5.5875,5.625
rect_center_heavy_6_centered_alt_mixed_balanced_compact_standard_eval,P23,120,1.0166666666666666,2.0,0.8833333333333333,2.2931249999999994,1.0,0.10833333333333334,3.314791666666667,6.424999999999999
rect_center_heavy_6_centered_alt_mixed_balanced_compact_standard_eval,P26,120,1.9833333333333334,2.0350877192982457,1.0,1.7937500000000004,1.9666666666666666,0.03333333333333333,3.767083333333332,3.865350877192981
rect_center_heavy_6_centered_alt_mixed_balanced_compact_standard_eval,P29,120,2.6083333333333334,3.0,1.0,6.8377083333333335,4.216666666666667,0.0,11.054375,15.426666666666666
rect_center_heavy_6_centered_alt_mixed_balanced_compact_loose_train,P01,120,2.5083333333333333,4.0,0.9916666666666667,2.7004166666666665,2.1666666666666665,0.4583333333333333,4.958750000000001,7.357
rect_center_heavy_6_centered_alt_mixed_balanced_compact_loose_train,P02,120,3.7666666666666666,4.0,1.0,5.30125,3.8833333333333333,0.08333333333333333,9.201249999999998,9.524999999999997
rect_center_heavy_6_centered_alt_mixed_balanced_compact_loose_train,P04,120,3.841666666666667,4.0,1.0,4.355625,3.158333333333333,0.7,7.653958333333333,9.125
rect_center_heavy_6_centered_alt_mixed_balanced_compact_loose_train,P05,120,3.9166666666666665,4.0,1.0,5.278333333333332,3.85,0.14166666666666666,9.156666666666668,9.424999999999995
rect_center_heavy_6_centered_alt_mixed_balanced_compact_loose_train,P06,120,2.875,4.0,1.0,3.2572916666666676,1.9916666666666667,0.9,5.428958333333335,6.166176470588234
rect_center_heavy_6_centered_alt_mixed_balanced_compact_loose_train,P07,120,1.975,3.1142857142857143,0.9583333333333334,1.8883333333333332,1.4083333333333334,0.5833333333333334,3.413333333333333,5.5643939393939394
rect_center_heavy_6_centered_alt_mixed_balanced_compact_loose_train,P09,120,0.05,0.05,0.05,0.11625,0.05,0.0,0.16625000000000004,0.16625000000000004
rect_center_heavy_6_centered_alt_mixed_balanced_compact_loose_train,P11,120,0.4583333333333333,1.0,0.4583333333333333,1.0656249999999998,0.4583333333333333,0.0,1.5239583333333333,3.3249999999999984
rect_center_heavy_6_centered_alt_mixed_balanced_compact_loose_train,P15,120,3.4166666666666665,4.0,1.0,3.375,2.0,1.4166666666666667,5.658333333333335,5.774999999999998
rect_center_heavy_6_centered_alt_mixed_balanced_compact_loose_train,P16,120,0.20833333333333334,1.0,0.20833333333333334,0.43749999999999994,0.20833333333333334,0.0,0.6458333333333334,3.0999999999999996
rect_center_heavy_6_centered_alt_mixed_balanced_compact_loose_train,P17,120,3.8333333333333335,4.0,1.0,5.835833333333334,5.075,0.03333333333333333,10.9175,12.399999999999999
rect_center_heavy_6_centered_alt_mixed_balanced_compact_loose_train,P18,120,1.5166666666666666,3.0,0.9583333333333334,1.1193750000000002,1.125,0.39166666666666666,2.3227083333333334,4.611666666666666
rect_center_heavy_6_centered_alt_mixed_balanced_compact_loose_train,P19,120,3.9166666666666665,4.0,1.0,5.015,4.45,0.06666666666666667,9.478333333333333,11.575000000000001
rect_center_heavy_6_centered_alt_mixed_balanced_compact_loose_train,P21,120,2.183333333333333,3.1621621621621623,0.9916666666666667,2.439166666666667,2.3,0.43333333333333335,4.825833333333334,8.169230769230769
rect_center_heavy_6_centered_alt_mixed_balanced_compact_loose_train,P22,120,1.7583333333333333,3.0,0.9833333333333333,6.126249999999999,2.6333333333333333,0.041666666666666664,8.767916666666668,9.975000000000001
rect_center_heavy_6_centered_alt_mixed_balanced_compact_loose_train,P24,120,1.7416666666666667,2.0595238095238093,1.0,2.8104166666666672,1.7833333333333334,0.14166666666666666,4.622083333333334,7.258333333333332
rect_center_heavy_6_centered_alt_mixed_balanced_compact_loose_train,P25,120,3.716666666666667,4.0,1.0,6.719999999999999,2.9,0.825,9.785,10.174999999999995
rect_center_heavy_6_centered_alt_mixed_balanced_compact_loose_train,P27,120,3.825,4.0,1.0,6.655625,5.325,0.025,11.985625,15.73970588235294
rect_center_heavy_6_centered_alt_mixed_balanced_compact_loose_train,P28,120,1.4666666666666666,2.0980392156862746,1.0,4.405833333333334,3.2,0.0,7.605833333333334,9.879285714285713
rect_center_heavy_6_centered_alt_mixed_balanced_compact_loose_train,P30,120,1.9,2.08,1.0,4.109791666666667,2.875,0.0,6.984791666666666,10.0
rect_center_heavy_6_centered_alt_mixed_balanced_compact_loose_eval,P03,120,1.35,2.076923076923077,0.8833333333333333,0.8158333333333336,0.925,0.425,1.8258333333333332,2.240384615384615
rect_center_heavy_6_centered_alt_mixed_balanced_compact_loose_eval,P08,120,3.7416666666666667,4.0,1.0,3.979791666666667,2.6333333333333333,1.1166666666666667,6.836458333333334,7.575000000000001
rect_center_heavy_6_centered_alt_mixed_balanced_compact_loose_eval,P10,120,3.1166666666666667,4.0,1.0,5.163125000000002,3.85,0.016666666666666666,9.016458333333334,9.325000000000003
rect_center_heavy_6_centered_alt_mixed_balanced_compact_loose_eval,P12,120,0.008333333333333333,0.008333333333333333,0.008333333333333333,0.019375,0.008333333333333333,0.0,0.027708333333333335,0.027708333333333335
rect_center_heavy_6_centered_alt_mixed_balanced_compact_loose_eval,P13,120,2.0416666666666665,3.0,1.0,2.8150000000000004,1.2333333333333334,0.825,4.213333333333334,6.439285714285717
rect_center_heavy_6_centered_alt_mixed_balanced_compact_loose_eval,P14,120,3.941666666666667,4.0,1.0,5.6509374999999995,4.3,0.16666666666666666,9.984270833333332,11.681521739130437
rect_center_heavy_6_centered_alt_mixed_balanced_compact_loose_eval,P20,120,3.95,4.0,1.0,4.267499999999999,2.9916666666666667,0.9583333333333334,7.450833333333332,7.474999999999999
rect_center_heavy_6_centered_alt_mixed_balanced_compact_loose_eval,P23,120,1.375,2.0217391304347827,0.9833333333333333,3.008125,1.3333333333333333,0.225,4.386458333333334,6.435714285714286
rect_center_heavy_6_centered_alt_mixed_balanced_compact_loose_eval,P26,120,2.8,3.065934065934066,1.0,4.9775,3.808333333333333,0.0,8.785833333333331,9.174999999999997
rect_center_heavy_6_centered_alt_mixed_balanced_compact_loose_eval,P29,120,2.3833333333333333,3.019607843137255,1.0,6.131666666666666,3.6166666666666667,0.0,9.748333333333335,15.077083333333333
rect_center_heavy_6_centered_alt_mixed_balanced_standard_compact_train,P01,120,3.691666666666667,4.0,1.0,3.05125,2.4583333333333335,1.2416666666666667,5.7579166666666675,7.475000000000003
rect_center_heavy_6_centered_alt_mixed_balanced_standard_compact_train,P02,120,3.2666666666666666,4.0,1.0,3.920000000000001,3.2083333333333335,0.26666666666666666,7.1816666666666675,8.512499999999998
rect_center_heavy_6_centered_alt_mixed_balanced_standard_compact_train,P04,120,3.783333333333333,4.0,1.0,5.325,3.841666666666667,0.21666666666666667,9.21,11.425000000000004
rect_center_heavy_6_centered_alt_mixed_balanced_standard_compact_train,P05,120,3.65,4.0,1.0,3.199895833333334,2.7666666666666666,0.8833333333333333,6.143229166666667,6.700559701492536
rect_center_heavy_6_centered_alt_mixed_balanced_standard_compact_train,P06,120,3.9166666666666665,4.0,1.0,5.577291666666667,4.291666666666667,0.016666666666666666,9.872291666666664,11.41029411764706
rect_center_heavy_6_centered_alt_mixed_balanced_standard_compact_train,P07,120,2.0083333333333333,3.0344827586206895,1.0,2.96625,2.2333333333333334,0.14166666666666666,5.227916666666666,7.607500000000002
rect_center_heavy_6_centered_alt_mixed_balanced_standard_compact_train,P09,120,3.775,4.0,1.0,4.865625,3.525,0.36666666666666664,8.463958333333334,9.566269841269847
rect_center_heavy_6_centered_alt_mixed_balanced_standard_compact_train,P11,120,2.2583333333333333,3.0,1.0,1.8887499999999995,1.9083333333333334,0.38333333333333336,3.8737500000000002,4.371875
rect_center_heavy_6_centered_alt_mixed_balanced_standard_compact_train,P15,120,1.8583333333333334,2.04040404040404,1.0,1.41,1.85,0.03333333333333333,3.2666666666666666,3.507843137254902
rect_center_heavy_6_centered_alt_mixed_balanced_standard_compact_train,P16,120,3.9166666666666665,4.0,1.0,2.1758333333333337,2.091666666666667,1.825,4.632499999999999,6.2
rect_center_heavy_6_centered_alt_mixed_balanced_standard_compact_train,P17,120,3.1083333333333334,4.0,1.0,5.521875,4.391666666666667,0.008333333333333333,9.915208333333332,11.143560606060607
rect_center_heavy_6_centered_alt_mixed_balanced_standard_compact_train,P18,120,3.1166666666666667,4.0,1.0,4.095000000000001,3.325,0.275,7.475,11.225
rect_center_heavy_6_centered_alt_mixed_balanced_standard_compact_train,P19,120,3.85,4.0,1.0,3.6337500000000005,3.85,0.26666666666666666,7.5370833333333325,9.8
rect_center_heavy_6_centered_alt_mixed_balanced_standard_compact_train,P21,120,3.775,4.0,1.0,3.451250000000001,3.475,0.4083333333333333,7.0079166666666675,8.143859649122806
rect_center_heavy_6_centered_alt_mixed_balanced_standard_compact_train,P22,120,1.75,2.0963855421686746,0.9916666666666667,5.957708333333333,2.566666666666667,0.0,8.524375,10.103658536585366
rect_center_heavy_6_centered_alt_mixed_balanced_standard_compact_train,P24,120,2.4833333333333334,3.0,1.0,4.862291666666668,3.4,0.025,8.267291666666667,9.618442622950818
rect_center_heavy_6_centered_alt_mixed_balanced_standard_compact_train,P25,120,1.7833333333333334,2.0930232558139537,1.0,2.785000000000001,1.3333333333333333,0.6083333333333333,4.24,7.731250000000001
rect_center_heavy_6_centered_alt_mixed_balanced_standard_compact_train,P27,120,3.875,4.0,1.0,6.143125,5.225,0.025,11.373125,14.352884615384612
rect_center_heavy_6_centered_alt_mixed_balanced_standard_compact_train,P28,120,0.925,2.12,0.6916666666666667,1.7739583333333333,1.2583333333333333,0.0,3.0322916666666666,8.4
rect_center_heavy_6_centered_alt_mixed_balanced_standard_compact_train,P30,120,2.525,4.0,1.0,4.957916666666667,3.8,0.0,8.757916666666667,14.15
rect_center_heavy_6_centered_alt_mixed_balanced_standard_compact_eval,P03,120,3.6333333333333333,4.0,1.0,3.780625000000001,3.8833333333333333,0.075,7.678958333333331,7.926904761904761
rect_center_heavy_6_centered_alt_mixed_balanced_standard_compact_eval,P08,120,3.95,4.0,1.0,5.592500000000001,4.325,0.025,9.922500000000001,11.225000000000003
rect_center_heavy_6_centered_alt_mixed_balanced_standard_compact_eval,P10,120,3.075,4.0,1.0,1.9325000000000003,1.8916666666666666,1.1833333333333333,4.060833333333334,4.845454545454547
rect_center_heavy_6_centered_alt_mixed_balanced_standard_compact_eval,P12,120,3.8333333333333335,4.0,1.0,5.144375000000001,3.825,0.125,8.994375000000002,9.343446601941752
rect_center_heavy_6_centered_alt_mixed_balanced_standard_compact_eval,P13,120,0.6,1.0,0.6,1.3143750000000003,0.8666666666666667,0.0,2.1810416666666663,5.225
rect_center_heavy_6_centered_alt_mixed_balanced_standard_compact_eval,P14,120,3.95,4.0,1.0,5.492604166666666,4.383333333333334,0.15,9.9059375,12.662499999999998
rect_center_heavy_6_centered_alt_mixed_balanced_standard_compact_eval,P20,120,2.225,4.0,1.0,6.088333333333336,3.433333333333333,0.0,9.521666666666668,10.700000000000006
rect_center_heavy_6_centered_alt_mixed_balanced_standard_compact_eval,P23,120,1.1666666666666667,2.0476190476190474,0.8,2.9400000000000004,1.7,0.016666666666666666,4.6433333333333335,10.945833333333333
rect_center_heavy_6_centered_alt_mixed_balanced_standard_compact_eval,P26,120,2.95,3.017699115044248,1.0,2.7325,2.925,0.025,5.662499999999998,5.803571428571426
rect_center_heavy_6_centered_alt_mixed_balanced_standard_compact_eval,P29,120,1.5666666666666667,2.078125,0.9916666666666667,3.900416666666667,2.433333333333333,0.0,6.333749999999999,10.850000000000003
rect_center_heavy_6_centered_alt_mixed_balanced_standard_standard_train,P01,120,3.841666666666667,4.0,1.0,3.150833333333334,2.7916666666666665,1.0583333333333333,6.154166666666666,6.612499999999997
rect_center_heavy_6_centered_alt_mixed_balanced_standard_standard_train,P02,120,2.8916666666666666,4.0,1.0,4.0975,2.8,0.2833333333333333,6.954166666666668,7.525000000000001
rect_center_heavy_6_centered_alt_mixed_balanced_standard_standard_train,P04,120,3.9166666666666665,4.0,1.0,4.473125,3.058333333333333,0.875,7.706458333333334,7.775
rect_center_heavy_6_centered_alt_mixed_balanced_standard_standard_train,P05,120,2.9916666666666667,4.0,1.0,3.660625,2.275,0.725,6.080625,7.525000000000002
rect_center_heavy_6_centered_alt_mixed_balanced_standard_standard_train,P06,120,3.475,4.0,1.0,3.9762500000000007,2.75,0.7833333333333333,6.882916666666666,7.561
rect_center_heavy_6_centered_alt_mixed_balanced_standard_standard_train,P07,120,2.0,3.0,1.0,2.9181250000000007,1.725,0.275,4.698125,5.425
rect_center_heavy_6_centered_alt_mixed_balanced_standard_standard_train,P09,120,3.325,4.0,1.0,3.9787500000000002,2.6666666666666665,0.7333333333333333,6.792083333333333,8.043965517241377
rect_center_heavy_6_centered_alt_mixed_balanced_standard_standard_train,P11,120,0.6833333333333333,1.0,0.6833333333333333,0.6150000000000001,0.6833333333333333,0.0,1.2983333333333333,1.9000000000000001
rect_center_heavy_6_centered_alt_mixed_balanced_standard_standard_train,P15,120,0.6,1.0588235294117647,0.5666666666666667,0.6075,0.6083333333333333,0.0,1.2158333333333335,2.1796875000000004
rect_center_heavy_6_centered_alt_mixed_balanced_standard_standard_train,P16,120,1.2833333333333334,2.0,0.95,2.0033333333333334,0.9583333333333334,0.3333333333333333,3.0283333333333333,3.343902439024391
rect_center_heavy_6_centered_alt_mixed_balanced_standard_standard_train,P17,120,3.1666666666666665,4.0,1.0,5.102916666666667,4.041666666666667,0.041666666666666664,9.152916666666666,11.278125
rect_center_heavy_6_centered_alt_mixed_balanced_standard_standard_train,P18,120,1.1,2.0,0.8083333333333333,1.921875,1.4583333333333333,0.016666666666666666,3.3835416666666664,7.275000000000001
rect_center_heavy_6_centered_alt_mixed_balanced_standard_standard_train,P19,120,3.9166666666666665,4.0,1.0,4.1049999999999995,4.266666666666667,0.08333333333333333,8.388333333333334,9.8
rect_center_heavy_6_centered_alt_mixed_balanced_standard_standard_train,P21,120,3.875,4.0,1.0,3.7387500000000005,3.75,0.18333333333333332,7.525416666666667,8.0
rect_center_heavy_6_centered_alt_mixed_balanced_standard_standard_train,P22,120,1.8166666666666667,3.0,0.9916666666666667,5.81625,2.5,0.03333333333333333,8.322916666666666,9.975000000000001
rect_center_heavy_6_centered_alt_mixed_balanced_standard_standard_train,P24,120,1.975,3.0,1.0,3.511458333333333,2.466666666666667,0.09166666666666666,5.996458333333333,7.539705882352941
rect_center_heavy_6_centered_alt_mixed_balanced_standard_standard_train,P25,120,2.658333333333333,3.0526315789473686,1.0,3.9849999999999994,1.8,0.8666666666666667,5.958333333333333,6.695000000000001
rect_center_heavy_6_centered_alt_mixed_balanced_standard_standard_train,P27,120,3.875,4.0,1.0,6.751354166666666,5.591666666666667,0.0,12.343020833333336,14.931666666666665
rect_center_heavy_6_centered_alt_mixed_balanced_standard_standard_train,P28,120,1.8166666666666667,2.0,0.9916666666666667,4.4610416666666675,3.425,0.0,7.886041666666666,11.717307692307696
rect_center_heavy_6_centered_alt_mixed_balanced_standard_standard_train,P30,120,2.975,4.0,1.0,5.063958333333334,3.841666666666667,0.0,8.905624999999999,11.504166666666668
rect_center_heavy_6_centered_alt_mixed_balanced_standard_standard_eval,P03,120,3.5833333333333335,4.0,1.0,2.2224999999999993,2.091666666666667,1.4916666666666667,4.6125,7.4
rect_center_heavy_6_centered_alt_mixed_balanced_standard_standard_eval,P08,120,3.816666666666667,4.0,1.0,4.285624999999999,2.8916666666666666,0.925,7.362291666666668,7.816011235955058
rect_center_heavy_6_centered_alt_mixed_balanced_standard_standard_eval,P10,120,3.65,4.0,1.0,4.735000000000001,3.691666666666667,0.16666666666666666,8.46,9.325000000000003
rect_center_heavy_6_centered_alt_mixed_balanced_standard_standard_eval,P12,120,2.225,3.0,1.0,4.064791666666666,2.7916666666666665,0.008333333333333333,6.858125000000001,9.275
rect_center_heavy_6_centered_alt_mixed_balanced_standard_standard_eval,P13,120,1.0833333333333333,2.0,0.9583333333333334,2.273125,1.0083333333333333,0.11666666666666667,3.304791666666667,4.035000000000001
rect_center_heavy_6_centered_alt_mixed_balanced_standard_standard_eval,P14,120,3.95,4.0,1.0,5.877499999999999,4.558333333333334,0.09166666666666666,10.454166666666664,12.662500000000001
rect_center_heavy_6_centered_alt_mixed_balanced_standard_standard_eval,P20,120,3.4583333333333335,4.0,1.0,4.64375,2.075,1.3916666666666666,6.997083333333332,8.794117647058822
rect_center_heavy_6_centered_alt_mixed_balanced_standard_standard_eval,P23,120,0.8916666666666667,1.07,0.8333333333333334,2.09375,0.9333333333333333,0.041666666666666664,3.035416666666667,5.309375
rect_center_heavy_6_centered_alt_mixed_balanced_standard_standard_eval,P26,120,2.7666666666666666,3.032967032967033,1.0,3.6075,2.7416666666666667,0.025,6.354166666666667,7.131593406593406
rect_center_heavy_6_centered_alt_mixed_balanced_standard_standard_eval,P29,120,2.4583333333333335,3.0,1.0,5.699166666666668,3.35,0.0,9.049166666666668,13.455357142857142
rect_center_heavy_6_centered_alt_mixed_balanced_standard_loose_train,P01,120,2.275,3.073170731707317,1.0,3.241666666666667,1.9333333333333333,0.43333333333333335,5.261666666666667,7.324999999999998
rect_center_heavy_6_centered_alt_mixed_balanced_standard_loose_train,P02,120,3.9,4.0,1.0,5.173333333333334,3.7583333333333333,0.2833333333333333,8.988333333333333,11.424999999999999
rect_center_heavy_6_centered_alt_mixed_balanced_standard_loose_train,P04,120,3.8916666666666666,4.0,1.0,4.289791666666668,3.066666666666667,0.8333333333333334,7.5231249999999985,7.624047619047618
rect_center_heavy_6_centered_alt_mixed_balanced_standard_loose_train,P05,120,2.7083333333333335,3.0476190476190474,1.0,3.510624999999999,2.1,0.6333333333333333,5.737291666666667,7.591666666666668
rect_center_heavy_6_centered_alt_mixed_balanced_standard_loose_train,P06,120,2.575,3.0285714285714285,1.0,2.735416666666667,1.7416666666666667,0.85,4.647083333333334,5.532843137254901
rect_center_heavy_6_centered_alt_mixed_balanced_standard_loose_train,P07,120,2.175,3.0555555555555554,1.0,2.670000000000001,1.3833333333333333,0.7916666666666666,4.211666666666667,5.4375
rect_center_heavy_6_centered_alt_mixed_balanced_standard_loose_train,P09,120,0.03333333333333333,0.03333333333333333,0.03333333333333333,0.051875000000000004,0.041666666666666664,0.0,0.09354166666666666,0.09354166666666666
rect_center_heavy_6_centered_alt_mixed_balanced_standard_loose_train,P11,120,0.275,1.0,0.275,0.675,0.43333333333333335,0.0,1.1083333333333334,5.224999999999999
rect_center_heavy_6_centered_alt_mixed_balanced_standard_loose_train,P15,120,1.85,2.095744680851064,0.9916666666666667,1.0412500000000005,0.9916666666666667,0.8583333333333333,2.2045833333333333,2.2691489361702124
rect_center_heavy_6_centered_alt_mixed_balanced_standard_loose_train,P16,120,3.3666666666666667,4.0,1.0,2.1000000000000005,1.0,2.3666666666666667,3.5733333333333337,3.699999999999999
rect_center_heavy_6_centered_alt_mixed_balanced_standard_loose_train,P17,120,3.1,4.0,1.0,4.209166666666667,3.45,0.23333333333333334,7.705833333333333,10.349999999999998
rect_center_heavy_6_centered_alt_mixed_balanced_standard_loose_train,P18,120,1.8166666666666667,2.1264367816091956,1.0,3.0600000000000005,1.8166666666666667,0.08333333333333333,4.893333333333333,8.075000000000001
rect_center_heavy_6_centered_alt_mixed_balanced_standard_loose_train,P19,120,3.9166666666666665,4.0,1.0,3.8687499999999995,3.9916666666666667,0.10833333333333334,7.882083333333335,9.85
rect_center_heavy_6_centered_alt_mixed_balanced_standard_loose_train,P21,120,3.9166666666666665,4.0,1.0,2.8650000000000007,2.9166666666666665,1.0,5.981666666666668,6.15
rect_center_heavy_6_centered_alt_mixed_balanced_standard_loose_train,P22,120,1.7416666666666667,3.0,1.0,5.767499999999999,2.5,0.05,8.2775,9.975000000000003
rect_center_heavy_6_centered_alt_mixed_balanced_standard_loose_train,P24,120,1.4,2.018181818181818,0.9333333333333333,1.44375,1.15,0.325,2.65875,6.072058823529412
rect_center_heavy_6_centered_alt_mixed_balanced_standard_loose_train,P25,120,3.5833333333333335,4.0,1.0,4.786249999999999,2.1416666666666666,1.4416666666666667,7.216250000000001,10.104411764705883
rect_center_heavy_6_centered_alt_mixed_balanced_standard_loose_train,P27,120,3.85,4.0,1.0,6.7508333333333335,5.491666666666666,0.025,12.247499999999999,15.646875000000001
rect_center_heavy_6_centered_alt_mixed_balanced_standard_loose_train,P28,120,1.6166666666666667,2.121212121212121,1.0,4.5758333333333345,3.3916666666666666,0.0,7.967499999999999,11.4875
rect_center_heavy_6_centered_alt_mixed_balanced_standard_loose_train,P30,120,2.216666666666667,3.0256410256410255,0.9916666666666667,4.075,2.941666666666667,0.0,7.016666666666667,9.461363636363636
rect_center_heavy_6_centered_alt_mixed_balanced_standard_loose_eval,P03,120,3.1666666666666665,4.0,1.0,2.255833333333334,2.3666666666666667,0.8666666666666667,4.7958333333333325,6.6125
rect_center_heavy_6_centered_alt_mixed_balanced_standard_loose_eval,P08,120,2.033333333333333,3.0,0.9916666666666667,3.346875,1.9833333333333334,0.11666666666666667,5.3535416666666675,5.575000000000001
rect_center_heavy_6_centered_alt_mixed_balanced_standard_loose_eval,P10,120,3.825,4.0,1.0,3.4712499999999995,2.1083333333333334,1.7166666666666666,5.9229166666666675,7.474999999999999
rect_center_heavy_6_centered_alt_mixed_balanced_standard_loose_eval,P12,120,2.033333333333333,3.0476190476190474,1.0,1.1566666666666667,1.175,0.8583333333333333,2.503333333333333,4.1117647058823525
rect_center_heavy_6_centered_alt_mixed_balanced_standard_loose_eval,P13,120,1.875,2.05,1.0,2.325,1.0,0.875,3.5,3.534999999999999
rect_center_heavy_6_centered_alt_mixed_balanced_standard_loose_eval,P14,120,3.95,4.0,1.0,5.851145833333332,4.408333333333333,0.10833333333333334,10.281145833333332,11.730319148936173
rect_center_heavy_6_centered_alt_mixed_balanced_standard_loose_eval,P20,120,3.95,4.0,1.0,5.099375000000001,2.7416666666666667,1.2166666666666666,8.084375000000001,8.899999999999999
rect_center_heavy_6_centered_alt_mixed_balanced_standard_loose_eval,P23,120,1.25,2.0,0.95,2.38625,1.0416666666666667,0.26666666666666666,3.48125,4.26686046511628
rect_center_heavy_6_centered_alt_mixed_balanced_standard_loose_eval,P26,120,1.775,2.010869565217391,1.0,3.3268750000000002,2.075,0.016666666666666666,5.405208333333333,7.275
rect_center_heavy_6_centered_alt_mixed_balanced_standard_loose_eval,P29,120,2.341666666666667,3.0,1.0,5.622708333333334,3.058333333333333,0.0,8.681041666666665,12.857692307692307
rect_center_heavy_6_centered_alt_mixed_balanced_loose_compact_train,P01,120,1.9416666666666667,3.111111111111111,1.0,3.48125,2.1333333333333333,0.1,5.634583333333333,7.292391304347828
rect_center_heavy_6_centered_alt_mixed_balanced_loose_compact_train,P02,120,2.908333333333333,4.0,1.0,3.2769791666666674,2.825,0.175,6.136979166666666,8.5125
rect_center_heavy_6_centered_alt_mixed_balanced_loose_compact_train,P04,120,3.6333333333333333,4.0,1.0,4.309791666666666,2.8916666666666666,0.75,7.3514583333333325,7.743750000000001
rect_center_heavy_6_centered_alt_mixed_balanced_loose_compact_train,P05,120,1.8833333333333333,3.0,1.0,2.3400000000000003,1.0166666666666666,0.8666666666666667,3.5300000000000002,3.953571428571429
rect_center_heavy_6_centered_alt_mixed_balanced_loose_compact_train,P06,120,3.8583333333333334,4.0,1.0,4.5699999999999985,3.15,0.7416666666666667,7.868333333333334,9.6375
rect_center_heavy_6_centered_alt_mixed_balanced_loose_compact_train,P07,120,3.7,4.0,1.0,3.6666666666666674,2.341666666666667,1.4166666666666667,6.291666666666666,8.448076923076922
rect_center_heavy_6_centered_alt_mixed_balanced_loose_compact_train,P09,120,3.658333333333333,4.0,1.0,5.05625,3.7083333333333335,0.16666666666666666,8.797916666666667,9.347093023255818
rect_center_heavy_6_centered_alt_mixed_balanced_loose_compact_train,P11,120,3.2333333333333334,4.0,1.0,2.071875,1.9666666666666666,1.2666666666666666,4.291875000000001,7.339285714285713
rect_center_heavy_6_centered_alt_mixed_balanced_loose_compact_train,P15,120,3.425,4.0,1.0,2.1,2.5416666666666665,0.8833333333333333,4.818333333333334,5.700000000000001
rect_center_heavy_6_centered_alt_mixed_balanced_loose_compact_train,P16,120,3.9166666666666665,4.0,1.0,2.4437500000000005,2.425,1.4916666666666667,5.167083333333334,6.331818181818182
rect_center_heavy_6_centered_alt_mixed_balanced_loose_compact_train,P17,120,2.3583333333333334,3.0,1.0,4.280000000000001,3.175,0.016666666666666666,7.458333333333332,9.225
rect_center_heavy_6_centered_alt_mixed_balanced_loose_compact_train,P18,120,3.625,4.0,1.0,3.82,2.6083333333333334,1.0166666666666666,6.631666666666669,7.822115384615385
rect_center_heavy_6_centered_alt_mixed_balanced_loose_compact_train,P19,120,3.9166666666666665,4.0,1.0,2.7679166666666672,2.9,1.0166666666666666,5.87125,7.31875
rect_center_heavy_6_centered_alt_mixed_balanced_loose_compact_train,P21,120,3.9166666666666665,4.0,1.0,2.9950000000000006,2.9,1.0166666666666666,6.098333333333332,6.299999999999997
rect_center_heavy_6_centered_alt_mixed_balanced_loose_compact_train,P22,120,1.65,2.136986301369863,0.9583333333333334,4.933333333333334,2.1666666666666665,0.016666666666666666,7.103333333333334,10.409090909090914
rect_center_heavy_6_centered_alt_mixed_balanced_loose_compact_train,P24,120,2.1083333333333334,3.0,0.975,4.073333333333334,3.033333333333333,0.008333333333333333,7.108333333333333,9.524999999999997
rect_center_heavy_6_centered_alt_mixed_balanced_loose_compact_train,P25,120,1.6333333333333333,2.0555555555555554,1.0,2.9368750000000006,1.6666666666666667,0.23333333333333334,4.650208333333334,5.2746835443038
rect_center_heavy_6_centered_alt_mixed_balanced_loose_compact_train,P27,120,3.5,4.0,1.0,5.671354166666666,4.933333333333334,0.03333333333333333,10.611354166666668,14.512499999999996
rect_center_heavy_6_centered_alt_mixed_balanced_loose_compact_train,P28,120,1.0916666666666666,2.096774193548387,0.8083333333333333,2.150625,1.4666666666666666,0.0,3.617291666666667,8.1015625
rect_center_heavy_6_centered_alt_mixed_balanced_loose_compact_train,P30,120,2.591666666666667,3.084507042253521,1.0,4.530000000000001,3.2,0.0,7.730000000000001,11.416666666666666
rect_center_heavy_6_centered_alt_mixed_balanced_loose_compact_eval,P03,120,3.933333333333333,4.0,1.0,4.239999999999999,3.5166666666666666,0.43333333333333335,7.843333333333332,9.174999999999997
rect_center_heavy_6_centered_alt_mixed_balanced_loose_compact_eval,P08,120,2.0833333333333335,3.0,1.0,5.335000000000002,4.016666666666667,0.0,9.351666666666667,11.225
rect_center_heavy_6_centered_alt_mixed_balanced_loose_compact_eval,P10,120,3.3833333333333333,4.0,1.0,2.7631249999999996,2.808333333333333,0.6,5.691458333333333,6.145370370370373
rect_center_heavy_6_centered_alt_mixed_balanced_loose_compact_eval,P12,120,2.9583333333333335,3.054054054054054,0.9916666666666667,4.154999999999999,2.8666666666666667,0.1,7.041666666666669,7.3343750000000005
rect_center_heavy_6_centered_alt_mixed_balanced_loose_compact_eval,P13,120,1.2,2.0,0.9333333333333333,1.240625,1.075,0.21666666666666667,2.3589583333333333,5.308823529411764
rect_center_heavy_6_centered_alt_mixed_balanced_loose_compact_eval,P14,120,3.95,4.0,1.0,4.54875,3.2083333333333335,0.8,7.917083333333333,9.527127659574468
rect_center_heavy_6_centered_alt_mixed_balanced_loose_compact_eval,P20,120,3.95,4.0,1.0,6.675625000000002,3.9833333333333334,0.016666666666666666,10.662291666666665,10.710470085470087
rect_center_heavy_6_centered_alt_mixed_balanced_loose_compact_eval,P23,120,1.9,3.0,1.0,2.633125,1.7666666666666666,0.3416666666666667,4.468125,8.908333333333333
rect_center_heavy_6_centered_alt_mixed_balanced_loose_compact_eval,P26,120,3.95,4.0,1.0,5.725624999999999,4.733333333333333,0.041666666666666664,10.467291666666666,11.246505376344084
rect_center_heavy_6_centered_alt_mixed_balanced_loose_compact_eval,P29,120,1.9666666666666666,2.0545454545454547,1.0,3.421875,2.533333333333333,0.0,5.955208333333333,10.186538461538463
rect_center_heavy_6_centered_alt_mixed_balanced_loose_standard_train,P01,120,2.0833333333333335,3.037037037037037,1.0,2.355,1.0333333333333334,1.05,3.5983333333333336,3.9842592592592587
rect_center_heavy_6_centered_alt_mixed_balanced_loose_standard_train,P02,120,3.066666666666667,4.0,1.0,3.621874999999999,2.25,0.8166666666666667,6.035208333333333,7.615476190476192
rect_center_heavy_6_centered_alt_mixed_balanced_loose_standard_train,P04,120,3.908333333333333,4.0,1.0,4.533958333333333,3.1083333333333334,0.8083333333333333,7.803958333333335,9.525000000000002
rect_center_heavy_6_centered_alt_mixed_balanced_loose_standard_train,P05,120,3.216666666666667,4.0,1.0,3.396458333333333,1.9833333333333334,1.2333333333333334,5.626458333333334,5.825
rect_center_heavy_6_centered_alt_mixed_balanced_loose_standard_train,P06,120,3.2916666666666665,4.0,1.0,3.895625000000001,2.8583333333333334,0.48333333333333334,6.850624999999998,7.425000000000002
rect_center_heavy_6_centered_alt_mixed_balanced_loose_standard_train,P07,120,3.7666666666666666,4.0,1.0,3.3556250000000003,1.9916666666666667,1.775,5.702291666666667,5.774999999999999
rect_center_heavy_6_centered_alt_mixed_balanced_loose_standard_train,P09,120,2.3833333333333333,3.0416666666666665,1.0,4.26875,3.0166666666666666,0.025,7.290416666666669,9.275
rect_center_heavy_6_centered_alt_mixed_balanced_loose_standard_train,P11,120,1.0,2.0,0.8,0.7200000000000002,0.8,0.2,1.5599999999999998,2.1
rect_center_heavy_6_centered_alt_mixed_balanced_loose_standard_train,P15,120,1.9166666666666667,2.0476190476190474,1.0,1.5525,1.9916666666666667,0.075,3.5591666666666666,5.5
rect_center_heavy_6_centered_alt_mixed_balanced_loose_standard_train,P16,120,3.5416666666666665,4.0,0.9416666666666667,1.2725,1.2083333333333333,2.3333333333333335,2.9475000000000002,4.400000000000001
rect_center_heavy_6_centered_alt_mixed_balanced_loose_standard_train,P17,120,2.65,3.0,1.0,4.349791666666667,3.1666666666666665,0.016666666666666666,7.519791666666665,9.225000000000001
rect_center_heavy_6_centered_alt_mixed_balanced_loose_standard_train,P18,120,2.125,3.0,1.0,4.673750000000001,2.5083333333333333,0.041666666666666664,7.190416666666667,8.700000000000001
rect_center_heavy_6_centered_alt_mixed_balanced_loose_standard_train,P19,120,3.9166666666666665,4.0,1.0,2.8437500000000004,2.975,0.9416666666666667,6.007083333333331,7.849999999999999
rect_center_heavy_6_centered_alt_mixed_balanced_loose_standard_train,P21,120,3.9166666666666665,4.0,1.0,2.8587500000000006,2.7916666666666665,1.125,5.875416666666666,6.5337499999999995
rect_center_heavy_6_centered_alt_mixed_balanced_loose_standard_train,P22,120,1.675,2.138888888888889,0.9916666666666667,4.735,2.058333333333333,0.09166666666666666,6.8116666666666665,9.975000000000005
rect_center_heavy_6_centered_alt_mixed_balanced_loose_standard_train,P24,120,1.625,2.0821917808219177,0.9666666666666667,2.0425000000000004,1.75,0.10833333333333334,3.814166666666667,6.335526315789474
rect_center_heavy_6_centered_alt_mixed_balanced_loose_standard_train,P25,120,2.4916666666666667,3.0508474576271185,1.0,3.0700000000000007,1.4833333333333334,1.075,4.7683333333333335,8.334999999999999
rect_center_heavy_6_centered_alt_mixed_balanced_loose_standard_train,P27,120,3.325,4.0,1.0,5.757187500000001,4.833333333333333,0.0,10.590520833333334,13.579464285714282
rect_center_heavy_6_centered_alt_mixed_balanced_loose_standard_train,P28,120,1.8416666666666666,2.0,1.0,4.620625,3.4583333333333335,0.0,8.078958333333334,11.425
rect_center_heavy_6_centered_alt_mixed_balanced_loose_standard_train,P30,120,2.625,4.0,1.0,4.376458333333334,3.408333333333333,0.0,7.784791666666668,11.275
rect_center_heavy_6_centered_alt_mixed_balanced_loose_standard_eval,P03,120,1.85,3.0,0.9833333333333333,3.60125,2.375,0.03333333333333333,5.982916666666667,7.2749999999999995
rect_center_heavy_6_centered_alt_mixed_balanced_loose_standard_eval,P08,120,3.65,4.0,1.0,4.104374999999999,2.825,0.825,7.0943749999999985,7.475
rect_center_heavy_6_centered_alt_mixed_balanced_loose_standard_eval,P10,120,2.058333333333333,3.0,1.0,5.305625000000002,4.058333333333334,0.008333333333333333,9.365625,11.225000000000005
rect_center_heavy_6_centered_alt_mixed_balanced_loose_standard_eval,P12,120,3.2,4.0,0.9916666666666667,3.716875,2.658333333333333,0.5416666666666666,6.483541666666667,7.475
rect_center_heavy_6_centered_alt_mixed_balanced_loose_standard_eval,P13,120,0.975,1.073394495412844,0.9083333333333333,2.709375000000001,1.625,0.008333333333333333,4.3360416666666675,5.225000000000002
rect_center_heavy_6_centered_alt_mixed_balanced_loose_standard_eval,P14,120,3.95,4.0,1.0,4.928125,3.5166666666666666,0.6166666666666667,8.568124999999998,11.5375
rect_center_heavy_6_centered_alt_mixed_balanced_loose_standard_eval,P20,120,3.941666666666667,4.0,1.0,5.665000000000002,2.966666666666667,0.975,8.826666666666666,8.900000000000002
rect_center_heavy_6_centered_alt_mixed_balanced_loose_standard_eval,P23,120,0.9,1.0909090909090908,0.825,2.4081250000000005,1.5166666666666666,0.016666666666666666,3.928125,5.225000000000001
rect_center_heavy_6_centered_alt_mixed_balanced_loose_standard_eval,P26,120,1.9166666666666667,2.02803738317757,1.0,4.15125,2.3666666666666667,0.0,6.5179166666666655,8.721739130434784
rect_center_heavy_6_centered_alt_mixed_balanced_loose_standard_eval,P29,120,2.558333333333333,3.0,1.0,5.919166666666667,3.9166666666666665,0.0,9.835833333333335,14.81875
rect_center_heavy_6_centered_alt_mixed_balanced_loose_loose_train,P01,120,2.45,3.0952380952380953,1.0,2.3800000000000003,1.05,1.4,3.7100000000000004,3.9250000000000003
rect_center_heavy_6_centered_alt_mixed_balanced_loose_loose_train,P02,120,2.6,4.0,1.0,3.9395833333333328,2.533333333333333,0.19166666666666668,6.5112499999999995,8.556818181818182
rect_center_heavy_6_centered_alt_mixed_balanced_loose_loose_train,P04,120,3.2916666666666665,4.0,1.0,4.269583333333333,3.191666666666667,0.3333333333333333,7.527916666666668,9.325
rect_center_heavy_6_centered_alt_mixed_balanced_loose_loose_train,P05,120,3.0166666666666666,4.0,1.0,3.611249999999999,2.2083333333333335,0.8333333333333334,5.986250000000001,7.625000000000002
rect_center_heavy_6_centered_alt_mixed_balanced_loose_loose_train,P06,120,2.2666666666666666,3.0,1.0,1.8054166666666664,1.3416666666666666,0.9416666666666667,3.335416666666667,5.525000000000001
rect_center_heavy_6_centered_alt_mixed_balanced_loose_loose_train,P07,120,3.8583333333333334,4.0,1.0,2.5125,2.0,1.8583333333333334,4.884166666666667,4.9125000000000005
rect_center_heavy_6_centered_alt_mixed_balanced_loose_loose_train,P09,120,2.6,3.0714285714285716,1.0,1.6074999999999997,1.675,0.925,3.4675000000000002,4.114492753623191
rect_center_heavy_6_centered_alt_mixed_balanced_loose_loose_train,P11,120,0.8833333333333333,1.029126213592233,0.8583333333333333,0.8275000000000002,0.8666666666666667,0.025,1.6991666666666665,1.9796116504854369
rect_center_heavy_6_centered_alt_mixed_balanced_loose_loose_train,P15,120,0.30833333333333335,1.0,0.30833333333333335,0.3625,0.5,0.0,0.8624999999999999,3.5
rect_center_heavy_6_centered_alt_mixed_balanced_loose_loose_train,P16,120,0.15,1.0,0.15,0.3149999999999999,0.15,0.0,0.4649999999999999,3.0999999999999996
rect_center_heavy_6_centered_alt_mixed_balanced_loose_loose_train,P17,120,2.408333333333333,3.0,1.0,3.5108333333333337,2.308333333333333,0.18333333333333332,5.855833333333332,7.225000000000003
rect_center_heavy_6_centered_alt_mixed_balanced_loose_loose_train,P18,120,1.825,2.03125,1.0,5.568750000000002,2.875,0.0,8.443750000000001,8.700000000000003
rect_center_heavy_6_centered_alt_mixed_balanced_loose_loose_train,P19,120,2.775,4.0,0.9916666666666667,2.4370833333333337,2.475,0.43333333333333335,4.99875,8.331578947368422
rect_center_heavy_6_centered_alt_mixed_balanced_loose_loose_train,P21,120,3.9166666666666665,4.0,1.0,3.4362500000000002,3.45,0.5333333333333333,6.992916666666668,8.0
rect_center_heavy_6_centered_alt_mixed_balanced_loose_loose_train,P22,120,1.6666666666666667,3.0,0.9916666666666667,4.78125,2.1,0.08333333333333333,6.897916666666666,9.975000000000003
rect_center_heavy_6_centered_alt_mixed_balanced_loose_loose_train,P24,120,1.35,2.019230769230769,0.9083333333333333,1.101875,1.0666666666666667,0.2916666666666667,2.226875,4.175
rect_center_heavy_6_centered_alt_mixed_balanced_loose_loose_train,P25,120,3.4166666666666665,4.0,1.0,4.385,2.0,1.4166666666666667,6.668333333333335,6.949528301886794
rect_center_heavy_6_centered_alt_mixed_balanced_loose_loose_train,P27,120,3.2333333333333334,4.0,1.0,5.754791666666666,4.4,0.0,10.15479166666667,13.44285714285714
rect_center_heavy_6_centered_alt_mixed_balanced_loose_loose_train,P28,120,1.475,2.036363636363636,1.0,4.331875,3.1,0.0,7.431875000000001,9.473148148148146
rect_center_heavy_6_centered_alt_mixed_balanced_loose_loose_train,P30,120,1.2833333333333334,2.054054054054054,0.9583333333333334,2.0320833333333335,1.5083333333333333,0.0,3.540416666666667,6.023958333333334
rect_center_heavy_6_centered_alt_mixed_balanced_loose_loose_eval,P03,120,1.7166666666666666,3.0,1.0,2.4512500000000004,1.1666666666666667,0.55,3.7279166666666668,5.424999999999999
rect_center_heavy_6_centered_alt_mixed_balanced_loose_loose_eval,P08,120,3.8833333333333333,4.0,1.0,4.096874999999999,2.841666666666667,1.05,7.148541666666665,7.475
rect_center_heavy_6_centered_alt_mixed_balanced_loose_loose_eval,P10,120,3.875,4.0,1.0,3.75625,2.425,1.45,6.47125,7.4750000000000005
rect_center_heavy_6_centered_alt_mixed_balanced_loose_loose_eval,P12,120,2.316666666666667,3.0,1.0,1.7349999999999997,1.8166666666666667,0.5083333333333333,3.6533333333333333,4.099999999999999
rect_center_heavy_6_centered_alt_mixed_balanced_loose_loose_eval,P13,120,1.7416666666666667,2.0344827586206895,0.9916666666666667,2.485625,1.1916666666666667,0.5833333333333334,3.7939583333333333,5.225
rect_center_heavy_6_centered_alt_mixed_balanced_loose_loose_eval,P14,120,3.95,4.0,1.0,4.91875,3.4833333333333334,0.5666666666666667,8.515416666666669,9.975000000000001
rect_center_heavy_6_centered_alt_mixed_balanced_loose_loose_eval,P20,120,3.95,4.0,1.0,5.584375000000002,2.9,1.05,8.694375000000003,8.917619047619048
rect_center_heavy_6_centered_alt_mixed_balanced_loose_loose_eval,P23,120,1.1583333333333334,2.0,0.925,2.29375,1.0833333333333333,0.19166666666666668,3.4154166666666668,5.385
rect_center_heavy_6_centered_alt_mixed_balanced_loose_loose_eval,P26,120,2.533333333333333,3.0,1.0,3.067500000000001,1.6666666666666667,0.8666666666666667,4.907499999999999,7.916666666666668
rect_center_heavy_6_centered_alt_mixed_balanced_loose_loose_eval,P29,120,2.3,3.0,1.0,5.2664583333333335,2.7416666666666667,0.0,8.008125000000001,11.53095238095238
rect_center_heavy_6_centered_alt_high_value_center_compact_compact_train,P01,120,3.45,4.0,1.0,2.06125,2.125,1.325,4.451250000000001,6.05
rect_center_heavy_6_centered_alt_high_value_center_compact_compact_train,P02,120,2.2333333333333334,3.0,1.0,5.509375000000001,2.775,0.0,8.284375000000002,8.775000000000002
rect_center_heavy_6_centered_alt_high_value_center_compact_compact_train,P04,120,3.9166666666666665,4.0,1.0,7.984999999999999,4.5,0.0,12.484999999999998,13.975
rect_center_heavy_6_centered_alt_high_value_center_compact_compact_train,P05,120,2.7416666666666667,4.0,1.0,4.3484375,2.4916666666666667,0.375,6.915104166666667,9.139583333333333
rect_center_heavy_6_centered_alt_high_value_center_compact_compact_train,P06,120,3.9166666666666665,4.0,1.0,7.112083333333334,4.741666666666666,0.075,11.86875,12.416145833333333
rect_center_heavy_6_centered_alt_high_value_center_compact_compact_train,P07,120,3.716666666666667,4.0,1.0,2.5425,2.658333333333333,1.0583333333333333,5.412499999999999,6.05
rect_center_heavy_6_centered_alt_high_value_center_compact_compact_train,P09,120,3.425,4.0,1.0,5.3639583333333345,4.058333333333334,0.016666666666666666,9.425625000000002,11.324999999999998
rect_center_heavy_6_centered_alt_high_value_center_compact_compact_train,P11,120,0.39166666666666666,1.0681818181818181,0.36666666666666664,0.5825,0.38333333333333336,0.008333333333333333,0.9674999999999999,3.525000000000001
rect_center_heavy_6_centered_alt_high_value_center_compact_compact_train,P15,120,1.7416666666666667,2.0470588235294116,1.0,3.2975,1.9666666666666666,0.041666666666666664,5.2725,5.381896551724138
rect_center_heavy_6_centered_alt_high_value_center_compact_compact_train,P16,120,3.9166666666666665,4.0,1.0,5.549999999999998,3.0,0.9166666666666666,8.733333333333333,8.75
rect_center_heavy_6_centered_alt_high_value_center_compact_compact_train,P17,120,3.9166666666666665,4.0,1.0,7.7633333333333345,6.991666666666666,0.0,14.754999999999999,16.450000000000006
rect_center_heavy_6_centered_alt_high_value_center_compact_compact_train,P18,120,3.05,4.0,1.0,2.7900000000000005,2.933333333333333,0.16666666666666666,5.756666666666665,6.049999999999999
rect_center_heavy_6_centered_alt_high_value_center_compact_compact_train,P19,120,3.908333333333333,4.0,1.0,5.4681250000000015,4.375,0.14166666666666666,9.871458333333331,11.673000000000002
rect_center_heavy_6_centered_alt_high_value_center_compact_compact_train,P21,120,3.283333333333333,4.0,1.0,3.9274999999999998,3.075,0.35833333333333334,7.074166666666666,9.100000000000001
rect_center_heavy_6_centered_alt_high_value_center_compact_compact_train,P22,120,1.7083333333333333,2.0864197530864197,0.975,4.648750000000001,2.5,0.0,7.1487500000000015,8.587500000000002
rect_center_heavy_6_centered_alt_high_value_center_compact_compact_train,P24,120,2.7083333333333335,3.0238095238095237,1.0,7.45625,3.925,0.008333333333333333,11.382916666666665,14.042857142857148
rect_center_heavy_6_centered_alt_high_value_center_compact_compact_train,P25,120,1.9916666666666667,3.0,1.0,3.4350000000000005,1.5333333333333334,0.5333333333333333,5.075,6.477380952380953
rect_center_heavy_6_centered_alt_high_value_center_compact_compact_train,P27,120,3.9166666666666665,4.0,1.0,8.745937500000002,6.558333333333334,0.0,15.304270833333335,17.730555555555558
rect_center_heavy_6_centered_alt_high_value_center_compact_compact_train,P28,120,0.9666666666666667,2.103448275862069,0.7,2.563333333333333,1.25,0.0,3.813333333333333,9.951923076923077
rect_center_heavy_6_centered_alt_high_value_center_compact_compact_train,P30,120,3.033333333333333,4.0,1.0,5.977083333333334,4.358333333333333,0.0,10.335416666666667,14.6265625
rect_center_heavy_6_centered_alt_high_value_center_compact_compact_eval,P03,120,3.8916666666666666,4.0,1.0,2.6937500000000005,2.825,1.0666666666666667,5.732083333333332,6.069680851063826
rect_center_heavy_6_centered_alt_high_value_center_compact_compact_eval,P08,120,3.3666666666666667,4.0,1.0,4.145,2.908333333333333,0.4666666666666667,7.1466666666666665,7.513541666666666
rect_center_heavy_6_centered_alt_high_value_center_compact_compact_eval,P10,120,3.1166666666666667,4.0,1.0,3.535833333333334,3.5833333333333335,0.09166666666666666,7.137500000000001,7.950000000000004
rect_center_heavy_6_centered_alt_high_value_center_compact_compact_eval,P12,120,3.6666666666666665,4.0,1.0,4.570625000000001,3.2083333333333335,0.525,7.883958333333334,9.325
rect_center_heavy_6_centered_alt_high_value_center_compact_compact_eval,P13,120,0.6166666666666667,1.0136986301369864,0.6083333333333333,1.4143749999999997,0.6083333333333333,0.008333333333333333,2.024375,3.3277397260273966
rect_center_heavy_6_centered_alt_high_value_center_compact_compact_eval,P14,120,3.941666666666667,4.0,1.0,6.599375,4.975,0.058333333333333334,11.586041666666665,13.762500000000005
rect_center_heavy_6_centered_alt_high_value_center_compact_compact_eval,P20,120,1.8,3.076923076923077,0.9916666666666667,1.31875,1.175,0.6333333333333333,2.620416666666667,5.501249999999999
rect_center_heavy_6_centered_alt_high_value_center_compact_compact_eval,P23,120,1.2583333333333333,2.0,0.8333333333333334,3.0504166666666674,1.3666666666666667,0.025,4.422083333333333,7.336702127659572
rect_center_heavy_6_centered_alt_high_value_center_compact_compact_eval,P26,120,2.6666666666666665,3.0123456790123457,1.0,2.73,2.975,0.008333333333333333,5.706666666666666,7.75
rect_center_heavy_6_centered_alt_high_value_center_compact_compact_eval,P29,120,1.575,2.0952380952380953,1.0,5.234166666666667,2.4,0.0,7.634166666666666,12.914583333333333
rect_center_heavy_6_centered_alt_high_value_center_compact_standard_train,P01,120,1.6916666666666667,3.176470588235294,0.9416666666666667,1.0606250000000002,1.0333333333333334,0.6583333333333333,2.225625,5.164583333333333
rect_center_heavy_6_centered_alt_high_value_center_compact_standard_train,P02,120,3.0166666666666666,4.0,1.0,5.9508333333333345,3.1416666666666666,0.11666666666666667,9.115833333333335,10.875
rect_center_heavy_6_centered_alt_high_value_center_compact_standard_train,P04,120,3.908333333333333,4.0,1.0,7.050000000000002,4.666666666666667,0.0,11.716666666666667,12.509415584415589
rect_center_heavy_6_centered_alt_high_value_center_compact_standard_train,P05,120,3.575,4.0,1.0,5.700000000000001,2.9166666666666665,0.675,8.751666666666665,8.975
rect_center_heavy_6_centered_alt_high_value_center_compact_standard_train,P06,120,3.825,4.0,1.0,4.7325,2.341666666666667,1.4833333333333334,7.370833333333335,8.524999999999999
rect_center_heavy_6_centered_alt_high_value_center_compact_standard_train,P07,120,3.5833333333333335,4.0,1.0,1.5319791666666664,2.033333333333333,1.55,3.8753124999999993,4.200513698630137
rect_center_heavy_6_centered_alt_high_value_center_compact_standard_train,P09,120,2.025,2.0982142857142856,1.0,3.325000000000001,2.0,0.09166666666666666,5.343333333333335,5.343333333333335
rect_center_heavy_6_centered_alt_high_value_center_compact_standard_train,P11,120,0.008333333333333333,0.008333333333333333,0.008333333333333333,0.019375,0.008333333333333333,0.0,0.027708333333333335,0.027708333333333335
rect_center_heavy_6_centered_alt_high_value_center_compact_standard_train,P15,120,3.1666666666666665,4.0,1.0,3.375,2.0,1.1666666666666667,5.608333333333334,5.775000000000001
rect_center_heavy_6_centered_alt_high_value_center_compact_standard_train,P16,120,3.8833333333333333,4.0,1.0,2.9999999999999996,2.0,1.8833333333333333,5.376666666666667,5.3999999999999995
rect_center_heavy_6_centered_alt_high_value_center_compact_standard_train,P17,120,3.9,4.0,1.0,6.675416666666667,5.958333333333333,0.041666666666666664,12.642083333333336,14.4
rect_center_heavy_6_centered_alt_high_value_center_compact_standard_train,P18,120,2.966666666666667,4.0,1.0,1.7775000000000003,1.975,0.9916666666666667,3.9508333333333336,4.200000000000001
rect_center_heavy_6_centered_alt_high_value_center_compact_standard_train,P19,120,3.8833333333333333,4.0,1.0,5.7650000000000015,4.941666666666666,0.016666666666666666,10.71,13.275000000000002
rect_center_heavy_6_centered_alt_high_value_center_compact_standard_train,P21,120,2.0,3.0526315789473686,1.0,3.997499999999999,2.966666666666667,0.016666666666666666,6.9674999999999985,7.05172413793103
rect_center_heavy_6_centered_alt_high_value_center_compact_standard_train,P22,120,1.6,2.1076923076923078,1.0,4.541250000000001,2.3666666666666667,0.05,6.917916666666667,8.475000000000003
rect_center_heavy_6_centered_alt_high_value_center_compact_standard_train,P24,120,2.2083333333333335,3.0,1.0,5.226041666666666,2.8833333333333333,0.041666666666666664,8.117708333333335,10.700000000000001
rect_center_heavy_6_centered_alt_high_value_center_compact_standard_train,P25,120,2.8333333333333335,3.0869565217391304,1.0,4.451249999999999,2.025,0.8083333333333333,6.6379166666666665,6.702717391304349
rect_center_heavy_6_centered_alt_high_value_center_compact_standard_train,P27,120,3.9166666666666665,4.0,1.0,9.699791666666666,7.366666666666666,0.0,17.066458333333333,20.367307692307694
rect_center_heavy_6_centered_alt_high_value_center_compact_standard_train,P28,120,1.675,2.0,0.9916666666666667,5.784375,3.6,0.0,9.384375,15.875
rect_center_heavy_6_centered_alt_high_value_center_compact_standard_train,P30,120,1.9333333333333333,3.0,1.0,4.772708333333333,3.1166666666666667,0.0,7.889375000000001,13.145833333333334
rect_center_heavy_6_centered_alt_high_value_center_compact_standard_eval,P03,120,3.158333333333333,4.0,1.0,1.9112499999999997,1.9583333333333333,1.2083333333333333,4.111250000000001,4.554255319148936
rect_center_heavy_6_centered_alt_high_value_center_compact_standard_eval,P08,120,3.1666666666666665,4.0,1.0,4.42875,3.091666666666667,0.30833333333333335,7.582083333333334,9.325
rect_center_heavy_6_centered_alt_high_value_center_compact_standard_eval,P10,120,2.8666666666666667,3.106382978723404,1.0,2.7381250000000006,2.308333333333333,0.6,5.166458333333335,7.4344594594594575
rect_center_heavy_6_centered_alt_high_value_center_compact_standard_eval,P12,120,3.775,4.0,1.0,3.4631250000000007,2.1416666666666666,1.6333333333333333,5.931458333333333,7.575000000000001
rect_center_heavy_6_centered_alt_high_value_center_compact_standard_eval,P13,120,1.3416666666666666,2.024390243902439,0.9916666666666667,2.305625,0.9916666666666667,0.35,3.367291666666667,3.5298780487804877
rect_center_heavy_6_centered_alt_high_value_center_compact_standard_eval,P14,120,3.941666666666667,4.0,1.0,6.1691666666666665,4.741666666666666,0.05,10.920833333333333,14.27083333333333
rect_center_heavy_6_centered_alt_high_value_center_compact_standard_eval,P20,120,3.8833333333333333,4.0,1.0,3.217500000000001,1.9916666666666667,1.8916666666666666,5.5875,5.625
rect_center_heavy_6_centered_alt_high_value_center_compact_standard_eval,P23,120,1.0166666666666666,2.0,0.8833333333333333,2.2931249999999994,1.0,0.10833333333333334,3.314791666666667,6.424999999999999
rect_center_heavy_6_centered_alt_high_value_center_compact_standard_eval,P26,120,1.9833333333333334,2.0350877192982457,1.0,1.7937500000000004,1.9666666666666666,0.03333333333333333,3.767083333333332,3.865350877192981
rect_center_heavy_6_centered_alt_high_value_center_compact_standard_eval,P29,120,2.675,3.0,1.0,8.514791666666667,4.4,0.0,12.914791666666668,18.0
rect_center_heavy_6_centered_alt_high_value_center_compact_loose_train,P01,120,2.841666666666667,4.0,1.0,4.24,2.325,0.6083333333333333,6.686666666666667,8.818999999999999
rect_center_heavy_6_centered_alt_high_value_center_compact_loose_train,P02,120,3.8666666666666667,4.0,1.0,6.96375,3.9583333333333335,0.10833333333333334,10.94375,13.975
rect_center_heavy_6_centered_alt_high_value_center_compact_loose_train,P04,120,3.9166666666666665,4.0,1.0,5.455625000000001,3.158333333333333,0.775,8.768958333333334,10.225
rect_center_heavy_6_centered_alt_high_value_center_compact_loose_train,P05,120,3.9166666666666665,4.0,1.0,6.745833333333334,3.8583333333333334,0.14166666666666666,10.6325,10.905097087378639
rect_center_heavy_6_centered_alt_high_value_center_compact_loose_train,P06,120,3.1166666666666667,4.0,1.0,4.365625,2.0,1.1333333333333333,6.592291666666667,7.065625000000001
rect_center_heavy_6_centered_alt_high_value_center_compact_loose_train,P07,120,1.975,3.1142857142857143,0.9583333333333334,1.97625,1.4333333333333333,0.575,3.5245833333333327,5.926428571428572
rect_center_heavy_6_centered_alt_high_value_center_compact_loose_train,P09,120,0.05,0.05,0.05,0.11625,0.05,0.0,0.16625000000000004,0.16625000000000004
rect_center_heavy_6_centered_alt_high_value_center_compact_loose_train,P11,120,0.4583333333333333,1.0,0.4583333333333333,1.0656249999999998,0.4583333333333333,0.0,1.5239583333333333,3.3249999999999984
rect_center_heavy_6_centered_alt_high_value_center_compact_loose_train,P15,120,3.4166666666666665,4.0,1.0,3.375,2.0,1.4166666666666667,5.658333333333335,5.774999999999998
rect_center_heavy_6_centered_alt_high_value_center_compact_loose_train,P16,120,0.23333333333333334,1.0,0.23333333333333334,0.4599999999999999,0.23333333333333334,0.0,0.6933333333333332,3.0999999999999996
rect_center_heavy_6_centered_alt_high_value_center_compact_loose_train,P17,120,3.8333333333333335,4.0,1.0,5.835833333333334,5.075,0.03333333333333333,10.9175,12.399999999999999
rect_center_heavy_6_centered_alt_high_value_center_compact_loose_train,P18,120,1.5166666666666666,3.0,0.9583333333333334,1.1193750000000002,1.125,0.39166666666666666,2.3227083333333334,4.611666666666666
rect_center_heavy_6_centered_alt_high_value_center_compact_loose_train,P19,120,3.9166666666666665,4.0,1.0,5.015,4.45,0.06666666666666667,9.478333333333333,11.575000000000001
rect_center_heavy_6_centered_alt_high_value_center_compact_loose_train,P21,120,3.1666666666666665,4.0,1.0,3.255,2.183333333333333,1.0333333333333334,5.6450000000000005,7.367241379310345
rect_center_heavy_6_centered_alt_high_value_center_compact_loose_train,P22,120,1.6583333333333334,2.125,0.9833333333333333,4.65125,2.466666666666667,0.025,7.122916666666667,8.475000000000003
rect_center_heavy_6_centered_alt_high_value_center_compact_loose_train,P24,120,1.8666666666666667,2.094736842105263,1.0,3.9295833333333334,1.8666666666666667,0.20833333333333334,5.837916666666667,8.350000000000001
rect_center_heavy_6_centered_alt_high_value_center_compact_loose_train,P25,120,3.716666666666667,4.0,1.0,5.133750000000001,2.675,1.05,8.01875,8.674999999999999
rect_center_heavy_6_centered_alt_high_value_center_compact_loose_train,P27,120,3.9166666666666665,4.0,1.0,7.755625000000001,5.325,0.05,13.090625,16.839705882352945
rect_center_heavy_6_centered_alt_high_value_center_compact_loose_train,P28,120,1.6333333333333333,2.169230769230769,1.0,6.277916666666668,3.45,0.0,9.727916666666665,12.404591836734696
rect_center_heavy_6_centered_alt_high_value_center_compact_loose_train,P30,120,1.9416666666666667,2.107843137254902,1.0,4.3206250000000015,2.941666666666667,0.0,7.262291666666668,11.466666666666669
rect_center_heavy_6_centered_alt_high_value_center_compact_loose_eval,P03,120,1.35,2.076923076923077,0.8833333333333333,0.8158333333333336,0.925,0.425,1.8258333333333332,2.240384615384615
rect_center_heavy_6_centered_alt_high_value_center_compact_loose_eval,P08,120,3.7416666666666667,4.0,1.0,3.979791666666667,2.6333333333333333,1.1166666666666667,6.836458333333334,7.575000000000001
rect_center_heavy_6_centered_alt_high_value_center_compact_loose_eval,P10,120,3.1166666666666667,4.0,1.0,5.163125000000002,3.85,0.016666666666666666,9.016458333333334,9.325000000000003
rect_center_heavy_6_centered_alt_high_value_center_compact_loose_eval,P12,120,0.008333333333333333,0.008333333333333333,0.008333333333333333,0.019375,0.008333333333333333,0.0,0.027708333333333335,0.027708333333333335
rect_center_heavy_6_centered_alt_high_value_center_compact_loose_eval,P13,120,2.0416666666666665,3.0,1.0,2.8150000000000004,1.2333333333333334,0.825,4.213333333333334,6.439285714285717
rect_center_heavy_6_centered_alt_high_value_center_compact_loose_eval,P14,120,3.941666666666667,4.0,1.0,5.825937499999999,4.383333333333334,0.14166666666666666,10.237604166666667,13.090384615384615
rect_center_heavy_6_centered_alt_high_value_center_compact_loose_eval,P20,120,3.95,4.0,1.0,4.267499999999999,2.9916666666666667,0.9583333333333334,7.450833333333332,7.474999999999999
rect_center_heavy_6_centered_alt_high_value_center_compact_loose_eval,P23,120,1.375,2.0217391304347827,0.9833333333333333,2.974375,1.325,0.225,4.344375,6.425
rect_center_heavy_6_centered_alt_high_value_center_compact_loose_eval,P26,120,2.8,3.065934065934066,1.0,4.9775,3.808333333333333,0.0,8.785833333333331,9.174999999999997
rect_center_heavy_6_centered_alt_high_value_center_compact_loose_eval,P29,120,2.408333333333333,3.018867924528302,1.0,6.842916666666667,3.7333333333333334,0.0,10.57625,16.756249999999998
rect_center_heavy_6_centered_alt_high_value_center_standard_compact_train,P01,120,3.691666666666667,4.0,1.0,3.05125,2.4583333333333335,1.2416666666666667,5.7579166666666675,7.475000000000003
rect_center_heavy_6_centered_alt_high_value_center_standard_compact_train,P02,120,3.2666666666666666,4.0,1.0,5.415312500000001,3.4166666666666665,0.14166666666666666,8.860312500000001,9.962499999999999
rect_center_heavy_6_centered_alt_high_value_center_standard_compact_train,P04,120,3.825,4.0,1.0,7.916666666666669,4.066666666666666,0.14166666666666666,12.011666666666663,13.975000000000007
rect_center_heavy_6_centered_alt_high_value_center_standard_compact_train,P05,120,3.683333333333333,4.0,1.0,3.3757291666666673,2.816666666666667,0.8666666666666667,6.365729166666666,7.004166666666666
rect_center_heavy_6_centered_alt_high_value_center_standard_compact_train,P06,120,3.9166666666666665,4.0,1.0,6.777291666666667,4.316666666666666,0.016666666666666666,11.097291666666669,12.951470588235296
rect_center_heavy_6_centered_alt_high_value_center_standard_compact_train,P07,120,2.0083333333333333,3.0344827586206895,1.0,2.96625,2.2333333333333334,0.14166666666666666,5.227916666666666,7.607500000000002
rect_center_heavy_6_centered_alt_high_value_center_standard_compact_train,P09,120,3.775,4.0,1.0,4.865625,3.525,0.36666666666666664,8.463958333333334,9.566269841269847
rect_center_heavy_6_centered_alt_high_value_center_standard_compact_train,P11,120,2.2583333333333333,3.0,1.0,1.8887499999999995,1.9083333333333334,0.38333333333333336,3.8737500000000002,4.371875
rect_center_heavy_6_centered_alt_high_value_center_standard_compact_train,P15,120,1.8583333333333334,2.04040404040404,1.0,1.5425,1.925,0.03333333333333333,3.4741666666666666,5.353846153846154
rect_center_heavy_6_centered_alt_high_value_center_standard_compact_train,P16,120,3.9166666666666665,4.0,1.0,4.7924999999999995,2.158333333333333,1.7583333333333333,7.3024999999999975,8.75
rect_center_heavy_6_centered_alt_high_value_center_standard_compact_train,P17,120,3.1083333333333334,4.0,1.0,5.521875,4.391666666666667,0.008333333333333333,9.915208333333332,11.143560606060607
rect_center_heavy_6_centered_alt_high_value_center_standard_compact_train,P18,120,3.1166666666666667,4.0,1.0,4.095000000000001,3.325,0.275,7.475,11.225
rect_center_heavy_6_centered_alt_high_value_center_standard_compact_train,P19,120,3.85,4.0,1.0,3.6337500000000005,3.85,0.26666666666666666,7.5370833333333325,9.8
rect_center_heavy_6_centered_alt_high_value_center_standard_compact_train,P21,120,3.9166666666666665,4.0,1.0,4.551249999999999,3.475,0.475,8.121249999999998,9.243859649122806
rect_center_heavy_6_centered_alt_high_value_center_standard_compact_train,P22,120,1.7,2.088607594936709,0.9833333333333333,4.585625000000001,2.441666666666667,0.0,7.027291666666667,8.646323529411767
rect_center_heavy_6_centered_alt_high_value_center_standard_compact_train,P24,120,2.5833333333333335,3.0,1.0,7.318125,3.575,0.016666666666666666,10.896458333333332,12.176333333333337
rect_center_heavy_6_centered_alt_high_value_center_standard_compact_train,P25,120,1.7833333333333334,2.0930232558139537,1.0,2.785000000000001,1.3333333333333333,0.6083333333333333,4.24,7.731250000000001
rect_center_heavy_6_centered_alt_high_value_center_standard_compact_train,P27,120,3.875,4.0,1.0,7.240520833333333,5.225,0.025,12.470520833333333,15.452884615384619
rect_center_heavy_6_centered_alt_high_value_center_standard_compact_train,P28,120,1.0166666666666666,2.085714285714286,0.7,2.7626041666666667,1.4,0.0,4.162604166666667,10.150000000000002
rect_center_heavy_6_centered_alt_high_value_center_standard_compact_train,P30,120,2.5416666666666665,4.0,1.0,6.08,3.908333333333333,0.0,9.988333333333335,15.799999999999999
rect_center_heavy_6_centered_alt_high_value_center_standard_compact_eval,P03,120,3.6333333333333333,4.0,1.0,3.780625000000001,3.8833333333333333,0.075,7.678958333333331,7.926904761904761
rect_center_heavy_6_centered_alt_high_value_center_standard_compact_eval,P08,120,3.95,4.0,1.0,5.592500000000001,4.325,0.025,9.922500000000001,11.225000000000003
rect_center_heavy_6_centered_alt_high_value_center_standard_compact_eval,P10,120,3.05,4.0,1.0,1.8800000000000001,1.8666666666666667,1.1833333333333333,3.983333333333334,4.489473684210528
rect_center_heavy_6_centered_alt_high_value_center_standard_compact_eval,P12,120,3.8333333333333335,4.0,1.0,5.144375000000001,3.825,0.125,8.994375000000002,9.343446601941752
rect_center_heavy_6_centered_alt_high_value_center_standard_compact_eval,P13,120,0.6,1.0,0.6,1.3143750000000003,0.8666666666666667,0.0,2.1810416666666663,5.225
rect_center_heavy_6_centered_alt_high_value_center_standard_compact_eval,P14,120,3.95,4.0,1.0,6.592604166666666,4.383333333333334,0.15,11.0059375,13.762499999999998
rect_center_heavy_6_centered_alt_high_value_center_standard_compact_eval,P20,120,2.225,4.0,1.0,6.088333333333336,3.433333333333333,0.0,9.521666666666668,10.700000000000006
rect_center_heavy_6_centered_alt_high_value_center_standard_compact_eval,P23,120,1.1666666666666667,2.0476190476190474,0.8,2.9400000000000004,1.7,0.016666666666666666,4.6433333333333335,10.945833333333333
rect_center_heavy_6_centered_alt_high_value_center_standard_compact_eval,P26,120,2.95,3.017699115044248,1.0,2.7325,2.925,0.025,5.662499999999998,5.803571428571426
rect_center_heavy_6_centered_alt_high_value_center_standard_compact_eval,P29,120,1.6,2.125,1.0,5.0912500000000005,2.575,0.0,7.666250000000001,12.278125000000001
rect_center_heavy_6_centered_alt_high_value_center_standard_standard_train,P01,120,3.841666666666667,4.0,1.0,3.150833333333334,2.7916666666666665,1.0583333333333333,6.154166666666666,6.612499999999997
rect_center_heavy_6_centered_alt_high_value_center_standard_standard_train,P02,120,3.283333333333333,4.0,1.0,5.565,2.808333333333333,0.525,8.478333333333333,9.03418367346939
rect_center_heavy_6_centered_alt_high_value_center_standard_standard_train,P04,120,3.9166666666666665,4.0,1.0,5.769375,3.1166666666666667,0.825,9.051041666666666,12.116666666666667
rect_center_heavy_6_centered_alt_high_value_center_standard_standard_train,P05,120,2.9916666666666667,4.0,1.0,5.110625,2.275,0.725,7.530625000000001,8.974999999999998
rect_center_heavy_6_centered_alt_high_value_center_standard_standard_train,P06,120,3.7083333333333335,4.0,1.0,5.076250000000001,2.75,0.975,8.021250000000002,8.629615384615386
rect_center_heavy_6_centered_alt_high_value_center_standard_standard_train,P07,120,2.0,3.0,1.0,2.9181250000000007,1.725,0.275,4.698125,5.425
rect_center_heavy_6_centered_alt_high_value_center_standard_standard_train,P09,120,3.325,4.0,1.0,3.9787500000000002,2.6666666666666665,0.7333333333333333,6.792083333333333,8.043965517241377
rect_center_heavy_6_centered_alt_high_value_center_standard_standard_train,P11,120,0.6833333333333333,1.0,0.6833333333333333,0.6150000000000001,0.6833333333333333,0.0,1.2983333333333333,1.9000000000000001
rect_center_heavy_6_centered_alt_high_value_center_standard_standard_train,P15,120,0.6,1.0588235294117647,0.5666666666666667,0.6075,0.6083333333333333,0.0,1.2158333333333335,2.1796875000000004
rect_center_heavy_6_centered_alt_high_value_center_standard_standard_train,P16,120,0.75,1.0714285714285714,0.7,1.2875,1.0083333333333333,0.025,2.300833333333333,5.0
rect_center_heavy_6_centered_alt_high_value_center_standard_standard_train,P17,120,3.1666666666666665,4.0,1.0,5.102916666666667,4.041666666666667,0.041666666666666664,9.152916666666666,11.278125
rect_center_heavy_6_centered_alt_high_value_center_standard_standard_train,P18,120,1.1,2.0,0.8083333333333333,1.921875,1.4583333333333333,0.016666666666666666,3.3835416666666664,7.275000000000001
rect_center_heavy_6_centered_alt_high_value_center_standard_standard_train,P19,120,3.9166666666666665,4.0,1.0,4.1049999999999995,4.266666666666667,0.08333333333333333,8.388333333333334,9.8
rect_center_heavy_6_centered_alt_high_value_center_standard_standard_train,P21,120,3.908333333333333,4.0,1.0,4.838749999999999,3.75,0.2,8.628749999999998,9.099999999999998
rect_center_heavy_6_centered_alt_high_value_center_standard_standard_train,P22,120,1.65,2.1449275362318843,0.9916666666666667,4.41,2.2916666666666665,0.041666666666666664,6.709999999999999,8.475000000000003
rect_center_heavy_6_centered_alt_high_value_center_standard_standard_train,P24,120,2.091666666666667,3.0,1.0,4.694791666666666,2.558333333333333,0.125,7.278125000000001,8.773
rect_center_heavy_6_centered_alt_high_value_center_standard_standard_train,P25,120,2.658333333333333,3.0526315789473686,1.0,3.9849999999999994,1.8,0.8666666666666667,5.958333333333333,6.695000000000001
rect_center_heavy_6_centered_alt_high_value_center_standard_standard_train,P27,120,3.9166666666666665,4.0,1.0,7.846145833333336,5.591666666666667,0.008333333333333333,13.439479166666668,16.031666666666663
rect_center_heavy_6_centered_alt_high_value_center_standard_standard_train,P28,120,1.8166666666666667,2.0,0.9916666666666667,6.078958333333334,3.6666666666666665,0.0,9.745624999999999,14.2125
rect_center_heavy_6_centered_alt_high_value_center_standard_standard_train,P30,120,2.975,4.0,1.0,5.9589583333333325,3.908333333333333,0.0,9.867291666666667,13.09078947368421
rect_center_heavy_6_centered_alt_high_value_center_standard_standard_eval,P03,120,3.5833333333333335,4.0,1.0,2.2224999999999993,2.091666666666667,1.4916666666666667,4.6125,7.4
rect_center_heavy_6_centered_alt_high_value_center_standard_standard_eval,P08,120,3.816666666666667,4.0,1.0,4.285624999999999,2.8916666666666666,0.925,7.362291666666668,7.816011235955058
rect_center_heavy_6_centered_alt_high_value_center_standard_standard_eval,P10,120,3.65,4.0,1.0,4.735000000000001,3.691666666666667,0.16666666666666666,8.46,9.325000000000003
rect_center_heavy_6_centered_alt_high_value_center_standard_standard_eval,P12,120,2.225,3.0,1.0,4.064791666666666,2.7916666666666665,0.008333333333333333,6.858125000000001,9.275
rect_center_heavy_6_centered_alt_high_value_center_standard_standard_eval,P13,120,1.0833333333333333,2.0,0.9583333333333334,2.273125,1.0083333333333333,0.11666666666666667,3.304791666666667,4.035000000000001
rect_center_heavy_6_centered_alt_high_value_center_standard_standard_eval,P14,120,3.95,4.0,1.0,6.977500000000002,4.558333333333334,0.09166666666666666,11.554166666666667,13.762500000000001
rect_center_heavy_6_centered_alt_high_value_center_standard_standard_eval,P20,120,3.4583333333333335,4.0,1.0,4.64375,2.075,1.3916666666666666,6.997083333333332,8.794117647058822
rect_center_heavy_6_centered_alt_high_value_center_standard_standard_eval,P23,120,0.8916666666666667,1.07,0.8333333333333334,2.09375,0.9333333333333333,0.041666666666666664,3.035416666666667,5.309375
rect_center_heavy_6_centered_alt_high_value_center_standard_standard_eval,P26,120,2.7666666666666666,3.032967032967033,1.0,3.6075,2.7416666666666667,0.025,6.354166666666667,7.131593406593406
rect_center_heavy_6_centered_alt_high_value_center_standard_standard_eval,P29,120,2.5166666666666666,3.0,1.0,7.5912500000000005,3.6,0.0,11.191250000000002,15.707291666666668
rect_center_heavy_6_centered_alt_high_value_center_standard_loose_train,P01,120,2.275,3.073170731707317,1.0,4.2225,2.1,0.31666666666666665,6.385833333333333,8.787903225806453
rect_center_heavy_6_centered_alt_high_value_center_standard_loose_train,P02,120,3.908333333333333,4.0,1.0,7.1225000000000005,3.9,0.23333333333333334,11.069166666666666,13.975000000000005
rect_center_heavy_6_centered_alt_high_value_center_standard_loose_train,P04,120,3.908333333333333,4.0,1.0,5.406458333333336,3.0833333333333335,0.8333333333333334,8.656458333333337,8.716743119266056
rect_center_heavy_6_centered_alt_high_value_center_standard_loose_train,P05,120,2.8833333333333333,4.0,1.0,5.234791666666666,2.2,0.6916666666666667,7.573125000000001,10.310714285714287
rect_center_heavy_6_centered_alt_high_value_center_standard_loose_train,P06,120,2.8666666666666667,3.1157894736842104,1.0,3.84375,1.75,1.1333333333333333,5.8204166666666675,6.655555555555556
rect_center_heavy_6_centered_alt_high_value_center_standard_loose_train,P07,120,2.175,3.0555555555555554,1.0,2.670000000000001,1.3833333333333333,0.7916666666666666,4.211666666666667,5.4375
rect_center_heavy_6_centered_alt_high_value_center_standard_loose_train,P09,120,0.03333333333333333,0.03333333333333333,0.03333333333333333,0.051875000000000004,0.041666666666666664,0.0,0.09354166666666666,0.09354166666666666
rect_center_heavy_6_centered_alt_high_value_center_standard_loose_train,P11,120,0.275,1.0,0.275,0.675,0.43333333333333335,0.0,1.1083333333333334,5.224999999999999
rect_center_heavy_6_centered_alt_high_value_center_standard_loose_train,P15,120,1.85,2.095744680851064,0.9916666666666667,1.0412500000000005,0.9916666666666667,0.8583333333333333,2.2045833333333333,2.2691489361702124
rect_center_heavy_6_centered_alt_high_value_center_standard_loose_train,P16,120,2.6416666666666666,3.090909090909091,1.0,0.9000000000000002,1.0,1.6416666666666666,2.2283333333333335,2.318181818181819
rect_center_heavy_6_centered_alt_high_value_center_standard_loose_train,P17,120,3.1,4.0,1.0,4.209166666666667,3.45,0.23333333333333334,7.705833333333333,10.349999999999998
rect_center_heavy_6_centered_alt_high_value_center_standard_loose_train,P18,120,1.8166666666666667,2.1264367816091956,1.0,3.0600000000000005,1.8166666666666667,0.08333333333333333,4.893333333333333,8.075000000000001
rect_center_heavy_6_centered_alt_high_value_center_standard_loose_train,P19,120,3.9166666666666665,4.0,1.0,3.8687499999999995,3.9916666666666667,0.10833333333333334,7.882083333333335,9.85
rect_center_heavy_6_centered_alt_high_value_center_standard_loose_train,P21,120,3.9166666666666665,4.0,1.0,3.9649999999999985,2.9166666666666665,1.0,7.081666666666666,7.25
rect_center_heavy_6_centered_alt_high_value_center_standard_loose_train,P22,120,1.6833333333333333,3.0,0.9916666666666667,4.5475,2.35,0.05,6.9075,8.475000000000003
rect_center_heavy_6_centered_alt_high_value_center_standard_loose_train,P24,120,1.5416666666666667,2.0144927536231885,0.9583333333333334,2.4837500000000006,1.2,0.4166666666666667,3.767083333333333,7.1986842105263165
rect_center_heavy_6_centered_alt_high_value_center_standard_loose_train,P25,120,3.5833333333333335,4.0,1.0,4.43375,2.0083333333333333,1.575,6.757083333333335,6.851056338028169
rect_center_heavy_6_centered_alt_high_value_center_standard_loose_train,P27,120,3.8583333333333334,4.0,1.0,7.850833333333333,5.491666666666666,0.025,13.347500000000002,16.746875
rect_center_heavy_6_centered_alt_high_value_center_standard_loose_train,P28,120,1.725,3.0,1.0,6.14125,3.558333333333333,0.0,9.699583333333333,14.451923076923077
rect_center_heavy_6_centered_alt_high_value_center_standard_loose_train,P30,120,2.225,3.025,0.9916666666666667,4.230833333333334,2.9833333333333334,0.0,7.214166666666667,9.812000000000001
rect_center_heavy_6_centered_alt_high_value_center_standard_loose_eval,P03,120,3.1666666666666665,4.0,1.0,2.255833333333334,2.3666666666666667,0.8666666666666667,4.7958333333333325,6.6125
rect_center_heavy_6_centered_alt_high_value_center_standard_loose_eval,P08,120,2.033333333333333,3.0,0.9916666666666667,3.346875,1.9833333333333334,0.11666666666666667,5.3535416666666675,5.575000000000001
rect_center_heavy_6_centered_alt_high_value_center_standard_loose_eval,P10,120,3.825,4.0,1.0,3.4712499999999995,2.1083333333333334,1.7166666666666666,5.9229166666666675,7.474999999999999
rect_center_heavy_6_centered_alt_high_value_center_standard_loose_eval,P12,120,2.033333333333333,3.0476190476190474,1.0,1.1566666666666667,1.175,0.8583333333333333,2.503333333333333,4.1117647058823525
rect_center_heavy_6_centered_alt_high_value_center_standard_loose_eval,P13,120,1.875,2.05,1.0,2.325,1.0,0.875,3.5,3.534999999999999
rect_center_heavy_6_centered_alt_high_value_center_standard_loose_eval,P14,120,3.95,4.0,1.0,6.951145833333336,4.408333333333333,0.10833333333333334,11.381145833333331,12.830319148936177
rect_center_heavy_6_centered_alt_high_value_center_standard_loose_eval,P20,120,3.95,4.0,1.0,5.099375000000001,2.7416666666666667,1.2166666666666666,8.084375000000001,8.899999999999999
rect_center_heavy_6_centered_alt_high_value_center_standard_loose_eval,P23,120,1.25,2.0,0.95,2.38625,1.0416666666666667,0.26666666666666666,3.48125,4.26686046511628
rect_center_heavy_6_centered_alt_high_value_center_standard_loose_eval,P26,120,1.775,2.010869565217391,1.0,3.3268750000000002,2.075,0.016666666666666666,5.405208333333333,7.275
rect_center_heavy_6_centered_alt_high_value_center_standard_loose_eval,P29,120,2.3916666666666666,3.020408163265306,1.0,6.407708333333334,3.183333333333333,0.0,9.591041666666667,14.575
rect_center_heavy_6_centered_alt_high_value_center_loose_compact_train,P01,120,1.9416666666666667,3.111111111111111,1.0,3.48125,2.1333333333333333,0.1,5.634583333333333,7.292391304347828
rect_center_heavy_6_centered_alt_high_value_center_loose_compact_train,P02,120,3.075,4.0,1.0,4.216041666666667,3.0,0.175,7.251041666666667,9.962500000000002
rect_center_heavy_6_centered_alt_high_value_center_loose_compact_train,P04,120,3.875,4.0,1.0,6.896458333333332,2.9833333333333334,0.9,10.059791666666667,10.266346153846152
rect_center_heavy_6_centered_alt_high_value_center_loose_compact_train,P05,120,1.8833333333333333,3.0,1.0,2.3400000000000003,1.0166666666666666,0.8666666666666667,3.5300000000000002,3.953571428571429
rect_center_heavy_6_centered_alt_high_value_center_loose_compact_train,P06,120,3.9166666666666665,4.0,1.0,5.848750000000001,3.191666666666667,0.7583333333333333,9.192083333333331,11.617500000000001
rect_center_heavy_6_centered_alt_high_value_center_loose_compact_train,P07,120,3.7,4.0,1.0,3.6666666666666674,2.341666666666667,1.4166666666666667,6.291666666666666,8.448076923076922
rect_center_heavy_6_centered_alt_high_value_center_loose_compact_train,P09,120,3.658333333333333,4.0,1.0,5.05625,3.7083333333333335,0.16666666666666666,8.797916666666667,9.347093023255818
rect_center_heavy_6_centered_alt_high_value_center_loose_compact_train,P11,120,3.2333333333333334,4.0,1.0,2.071875,1.9666666666666666,1.2666666666666666,4.291875000000001,7.339285714285713
rect_center_heavy_6_centered_alt_high_value_center_loose_compact_train,P15,120,3.7,4.0,1.0,3.091875000000001,2.7916666666666665,0.9083333333333333,6.065208333333333,6.424999999999999
rect_center_heavy_6_centered_alt_high_value_center_loose_compact_train,P16,120,3.9166666666666665,4.0,1.0,4.71875,2.7916666666666665,1.1333333333333333,7.737083333333333,10.599999999999998
rect_center_heavy_6_centered_alt_high_value_center_loose_compact_train,P17,120,2.3583333333333334,3.0,1.0,4.280000000000001,3.175,0.016666666666666666,7.458333333333332,9.225
rect_center_heavy_6_centered_alt_high_value_center_loose_compact_train,P18,120,3.625,4.0,1.0,3.82,2.6083333333333334,1.0166666666666666,6.631666666666669,7.822115384615385
rect_center_heavy_6_centered_alt_high_value_center_loose_compact_train,P19,120,3.9166666666666665,4.0,1.0,3.36125,3.1083333333333334,0.8166666666666667,6.632916666666665,8.95
rect_center_heavy_6_centered_alt_high_value_center_loose_compact_train,P21,120,3.9166666666666665,4.0,1.0,4.095000000000001,2.9,1.0166666666666666,7.198333333333335,7.4
rect_center_heavy_6_centered_alt_high_value_center_loose_compact_train,P22,120,1.65,2.136986301369863,0.9583333333333334,4.1925,2.075,0.025,6.2725,9.10071428571429
rect_center_heavy_6_centered_alt_high_value_center_loose_compact_train,P24,120,2.3833333333333333,3.0,0.9916666666666667,6.5704166666666675,3.2,0.041666666666666664,9.778750000000002,12.075000000000005
rect_center_heavy_6_centered_alt_high_value_center_loose_compact_train,P25,120,1.6333333333333333,2.0555555555555554,1.0,2.9368750000000006,1.6666666666666667,0.23333333333333334,4.650208333333334,5.2746835443038
rect_center_heavy_6_centered_alt_high_value_center_loose_compact_train,P27,120,3.5166666666666666,4.0,1.0,6.7609375,4.933333333333334,0.03333333333333333,11.700937500000002,15.612500000000004
rect_center_heavy_6_centered_alt_high_value_center_loose_compact_train,P28,120,1.2,2.1,0.8333333333333334,3.059375,1.625,0.0,4.684375,10.198809523809526
rect_center_heavy_6_centered_alt_high_value_center_loose_compact_train,P30,120,2.591666666666667,3.084507042253521,1.0,5.422083333333334,3.275,0.0,8.697083333333333,12.866666666666669
rect_center_heavy_6_centered_alt_high_value_center_loose_compact_eval,P03,120,3.933333333333333,4.0,1.0,4.239999999999999,3.5166666666666666,0.43333333333333335,7.843333333333332,9.174999999999997
rect_center_heavy_6_centered_alt_high_value_center_loose_compact_eval,P08,120,2.0833333333333335,3.0,1.0,5.335000000000002,4.016666666666667,0.0,9.351666666666667,11.225
rect_center_heavy_6_centered_alt_high_value_center_loose_compact_eval,P10,120,3.3833333333333333,4.0,1.0,2.7631249999999996,2.808333333333333,0.6,5.691458333333333,6.145370370370373
rect_center_heavy_6_centered_alt_high_value_center_loose_compact_eval,P12,120,2.9583333333333335,3.054054054054054,0.9916666666666667,4.154999999999999,2.8666666666666667,0.1,7.041666666666669,7.3343750000000005
rect_center_heavy_6_centered_alt_high_value_center_loose_compact_eval,P13,120,1.2,2.0,0.9333333333333333,1.240625,1.075,0.21666666666666667,2.3589583333333333,5.308823529411764
rect_center_heavy_6_centered_alt_high_value_center_loose_compact_eval,P14,120,3.95,4.0,1.0,5.648749999999999,3.2083333333333335,0.8,9.017083333333336,10.627127659574473
rect_center_heavy_6_centered_alt_high_value_center_loose_compact_eval,P20,120,3.95,4.0,1.0,6.675625000000002,3.9833333333333334,0.016666666666666666,10.662291666666665,10.710470085470087
rect_center_heavy_6_centered_alt_high_value_center_loose_compact_eval,P23,120,1.9,3.0,1.0,2.633125,1.7666666666666666,0.3416666666666667,4.468125,8.908333333333333
rect_center_heavy_6_centered_alt_high_value_center_loose_compact_eval,P26,120,3.95,4.0,1.0,5.725624999999999,4.733333333333333,0.041666666666666664,10.467291666666666,11.246505376344084
rect_center_heavy_6_centered_alt_high_value_center_loose_compact_eval,P29,120,2.025,2.088495575221239,1.0,4.718125000000001,2.7083333333333335,0.0,7.426458333333334,12.725000000000001
rect_center_heavy_6_centered_alt_high_value_center_loose_standard_train,P01,120,2.0833333333333335,3.037037037037037,1.0,2.355,1.0333333333333334,1.05,3.5983333333333336,3.9842592592592587
rect_center_heavy_6_centered_alt_high_value_center_loose_standard_train,P02,120,3.091666666666667,4.0,1.0,5.294375,2.316666666666667,0.775,7.766041666666668,10.21029411764706
rect_center_heavy_6_centered_alt_high_value_center_loose_standard_train,P04,120,3.9166666666666665,4.0,1.0,6.376875000000001,3.3333333333333335,0.6083333333333333,9.831874999999998,12.075000000000001
rect_center_heavy_6_centered_alt_high_value_center_loose_standard_train,P05,120,3.375,4.0,1.0,4.960625000000001,2.0416666666666665,1.3333333333333333,7.268958333333335,7.578571428571428
rect_center_heavy_6_centered_alt_high_value_center_loose_standard_train,P06,120,3.4833333333333334,4.0,1.0,4.995625000000001,2.8583333333333334,0.6583333333333333,7.9856250000000015,8.524999999999997
rect_center_heavy_6_centered_alt_high_value_center_loose_standard_train,P07,120,3.7666666666666666,4.0,1.0,3.3556250000000003,1.9916666666666667,1.775,5.702291666666667,5.774999999999999
rect_center_heavy_6_centered_alt_high_value_center_loose_standard_train,P09,120,2.3833333333333333,3.0416666666666665,1.0,4.26875,3.0166666666666666,0.025,7.290416666666669,9.275
rect_center_heavy_6_centered_alt_high_value_center_loose_standard_train,P11,120,1.0,2.0,0.8,0.7200000000000002,0.8,0.2,1.5599999999999998,2.1
rect_center_heavy_6_centered_alt_high_value_center_loose_standard_train,P15,120,1.9166666666666667,2.0476190476190474,1.0,2.310625,2.35,0.025,4.665625,6.225000000000001
rect_center_heavy_6_centered_alt_high_value_center_loose_standard_train,P16,120,3.9166666666666665,4.0,1.0,2.805,1.2833333333333334,2.6333333333333333,4.614999999999999,5.85
rect_center_heavy_6_centered_alt_high_value_center_loose_standard_train,P17,120,2.65,3.0,1.0,4.349791666666667,3.1666666666666665,0.016666666666666666,7.519791666666665,9.225000000000001
rect_center_heavy_6_centered_alt_high_value_center_loose_standard_train,P18,120,2.125,3.0,1.0,4.673750000000001,2.5083333333333333,0.041666666666666664,7.190416666666667,8.700000000000001
rect_center_heavy_6_centered_alt_high_value_center_loose_standard_train,P19,120,3.9166666666666665,4.0,1.0,3.61625,3.225,0.7,6.98125,8.95
rect_center_heavy_6_centered_alt_high_value_center_loose_standard_train,P21,120,3.9166666666666665,4.0,1.0,3.9587499999999998,2.7916666666666665,1.125,6.975416666666666,7.633750000000001
rect_center_heavy_6_centered_alt_high_value_center_loose_standard_train,P22,120,1.6333333333333333,2.1,0.9916666666666667,3.9462500000000005,1.95,0.1,5.916250000000001,8.475
rect_center_heavy_6_centered_alt_high_value_center_loose_standard_train,P24,120,1.7416666666666667,2.108433734939759,0.975,3.3775000000000004,1.875,0.13333333333333333,5.279166666666667,9.814285714285713
rect_center_heavy_6_centered_alt_high_value_center_loose_standard_train,P25,120,2.4916666666666667,3.0508474576271185,1.0,3.0700000000000007,1.4833333333333334,1.075,4.7683333333333335,8.334999999999999
rect_center_heavy_6_centered_alt_high_value_center_loose_standard_train,P27,120,3.3583333333333334,4.0,1.0,6.879583333333333,4.858333333333333,0.0,11.737916666666669,14.662500000000005
rect_center_heavy_6_centered_alt_high_value_center_loose_standard_train,P28,120,1.85,2.0,1.0,6.365625,3.691666666666667,0.0,10.057291666666666,14.054166666666669
rect_center_heavy_6_centered_alt_high_value_center_loose_standard_train,P30,120,2.6333333333333333,4.0,1.0,5.5493749999999995,3.533333333333333,0.0,9.082708333333333,12.830555555555556
rect_center_heavy_6_centered_alt_high_value_center_loose_standard_eval,P03,120,1.85,3.0,0.9833333333333333,3.60125,2.375,0.03333333333333333,5.982916666666667,7.2749999999999995
rect_center_heavy_6_centered_alt_high_value_center_loose_standard_eval,P08,120,3.65,4.0,1.0,4.104374999999999,2.825,0.825,7.0943749999999985,7.475
rect_center_heavy_6_centered_alt_high_value_center_loose_standard_eval,P10,120,2.058333333333333,3.0,1.0,5.305625000000002,4.058333333333334,0.008333333333333333,9.365625,11.225000000000005
rect_center_heavy_6_centered_alt_high_value_center_loose_standard_eval,P12,120,3.2,4.0,0.9916666666666667,3.716875,2.658333333333333,0.5416666666666666,6.483541666666667,7.475
rect_center_heavy_6_centered_alt_high_value_center_loose_standard_eval,P13,120,0.975,1.073394495412844,0.9083333333333333,2.709375000000001,1.625,0.008333333333333333,4.3360416666666675,5.225000000000002
rect_center_heavy_6_centered_alt_high_value_center_loose_standard_eval,P14,120,3.95,4.0,1.0,6.028125000000001,3.5166666666666666,0.6166666666666667,9.668125,12.6375
rect_center_heavy_6_centered_alt_high_value_center_loose_standard_eval,P20,120,3.941666666666667,4.0,1.0,5.665000000000002,2.966666666666667,0.975,8.826666666666666,8.900000000000002
rect_center_heavy_6_centered_alt_high_value_center_loose_standard_eval,P23,120,0.9,1.0909090909090908,0.825,2.4081250000000005,1.5166666666666666,0.016666666666666666,3.928125,5.225000000000001
rect_center_heavy_6_centered_alt_high_value_center_loose_standard_eval,P26,120,1.9166666666666667,2.02803738317757,1.0,4.15125,2.3666666666666667,0.0,6.5179166666666655,8.721739130434784
rect_center_heavy_6_centered_alt_high_value_center_loose_standard_eval,P29,120,2.625,3.0,1.0,7.91,4.158333333333333,0.0,12.068333333333333,17.3
rect_center_heavy_6_centered_alt_high_value_center_loose_loose_train,P01,120,2.591666666666667,3.111111111111111,1.0,2.8350000000000004,1.2,1.3916666666666666,4.3133333333333335,7.108333333333333
rect_center_heavy_6_centered_alt_high_value_center_loose_loose_train,P02,120,2.808333333333333,4.0,1.0,6.15625,2.6666666666666665,0.25,8.872916666666667,12.025
rect_center_heavy_6_centered_alt_high_value_center_loose_loose_train,P04,120,3.566666666666667,4.0,1.0,5.377916666666666,3.2,0.48333333333333334,8.674583333333334,10.425
rect_center_heavy_6_centered_alt_high_value_center_loose_loose_train,P05,120,3.475,4.0,1.0,5.72875,2.408333333333333,1.075,8.352083333333335,10.175
rect_center_heavy_6_centered_alt_high_value_center_loose_loose_train,P06,120,2.6,3.0136986301369864,1.0,2.9137500000000003,1.35,1.2583333333333333,4.515416666666666,6.625000000000001
rect_center_heavy_6_centered_alt_high_value_center_loose_loose_train,P07,120,3.8583333333333334,4.0,1.0,2.5125,2.0,1.8583333333333334,4.884166666666667,4.9125000000000005
rect_center_heavy_6_centered_alt_high_value_center_loose_loose_train,P09,120,2.6,3.0714285714285716,1.0,1.6074999999999997,1.675,0.925,3.4675000000000002,4.114492753623191
rect_center_heavy_6_centered_alt_high_value_center_loose_loose_train,P11,120,0.8833333333333333,1.029126213592233,0.8583333333333333,0.8275000000000002,0.8666666666666667,0.025,1.6991666666666665,1.9796116504854369
rect_center_heavy_6_centered_alt_high_value_center_loose_loose_train,P15,120,0.30833333333333335,1.0,0.30833333333333335,0.549375,0.6083333333333333,0.0,1.1577083333333333,6.224999999999999
rect_center_heavy_6_centered_alt_high_value_center_loose_loose_train,P16,120,0.025,0.025,0.025,0.022500000000000003,0.025,0.0,0.047499999999999994,0.047499999999999994
rect_center_heavy_6_centered_alt_high_value_center_loose_loose_train,P17,120,2.408333333333333,3.0,1.0,3.5108333333333337,2.308333333333333,0.18333333333333332,5.855833333333332,7.225000000000003
rect_center_heavy_6_centered_alt_high_value_center_loose_loose_train,P18,120,1.825,2.03125,1.0,5.568750000000002,2.875,0.0,8.443750000000001,8.700000000000003
rect_center_heavy_6_centered_alt_high_value_center_loose_loose_train,P19,120,2.775,4.0,0.9916666666666667,3.46625,2.816666666666667,0.3,6.3429166666666665,10.276190476190473
rect_center_heavy_6_centered_alt_high_value_center_loose_loose_train,P21,120,3.9166666666666665,4.0,1.0,4.536249999999999,3.45,0.5333333333333333,8.092916666666666,9.100000000000001
rect_center_heavy_6_centered_alt_high_value_center_loose_loose_train,P22,120,1.625,2.169230769230769,0.9916666666666667,4.083749999999999,1.9833333333333334,0.08333333333333333,6.08375,8.475
rect_center_heavy_6_centered_alt_high_value_center_loose_loose_train,P24,120,1.5583333333333333,2.0294117647058822,0.975,2.2452083333333333,1.1833333333333333,0.4,3.5085416666666664,5.257
rect_center_heavy_6_centered_alt_high_value_center_loose_loose_train,P25,120,3.4166666666666665,4.0,1.0,4.385,2.0,1.4166666666666667,6.668333333333335,6.949528301886794
rect_center_heavy_6_centered_alt_high_value_center_loose_loose_train,P27,120,3.2333333333333334,4.0,1.0,7.103125000000002,4.666666666666667,0.0,11.769791666666666,14.575000000000001
rect_center_heavy_6_centered_alt_high_value_center_loose_loose_train,P28,120,1.55,2.081967213114754,1.0,5.7597916666666675,3.2333333333333334,0.0,8.993125,12.260416666666666
rect_center_heavy_6_centered_alt_high_value_center_loose_loose_train,P30,120,1.2833333333333334,2.054054054054054,0.9583333333333334,2.24375,1.5583333333333333,0.0,3.802083333333334,7.157142857142856
rect_center_heavy_6_centered_alt_high_value_center_loose_loose_eval,P03,120,1.7166666666666666,3.0,1.0,2.4512500000000004,1.1666666666666667,0.55,3.7279166666666668,5.424999999999999
rect_center_heavy_6_centered_alt_high_value_center_loose_loose_eval,P08,120,3.8833333333333333,4.0,1.0,4.096874999999999,2.841666666666667,1.05,7.148541666666665,7.475
rect_center_heavy_6_centered_alt_high_value_center_loose_loose_eval,P10,120,3.875,4.0,1.0,3.75625,2.425,1.45,6.47125,7.4750000000000005
rect_center_heavy_6_centered_alt_high_value_center_loose_loose_eval,P12,120,2.316666666666667,3.0,1.0,1.7349999999999997,1.8166666666666667,0.5083333333333333,3.6533333333333333,4.099999999999999
rect_center_heavy_6_centered_alt_high_value_center_loose_loose_eval,P13,120,1.7416666666666667,2.0344827586206895,0.9916666666666667,2.485625,1.1916666666666667,0.5833333333333334,3.7939583333333333,5.225
rect_center_heavy_6_centered_alt_high_value_center_loose_loose_eval,P14,120,3.95,4.0,1.0,6.018750000000002,3.4833333333333334,0.5666666666666667,9.615416666666667,11.075000000000001
rect_center_heavy_6_centered_alt_high_value_center_loose_loose_eval,P20,120,3.95,4.0,1.0,5.584375000000002,2.9,1.05,8.694375000000003,8.917619047619048
rect_center_heavy_6_centered_alt_high_value_center_loose_loose_eval,P23,120,1.1583333333333334,2.0,0.925,2.29375,1.0833333333333333,0.19166666666666668,3.4154166666666668,5.385
rect_center_heavy_6_centered_alt_high_value_center_loose_loose_eval,P26,120,2.533333333333333,3.0,1.0,3.067500000000001,1.6666666666666667,0.8666666666666667,4.907499999999999,7.916666666666668
rect_center_heavy_6_centered_alt_high_value_center_loose_loose_eval,P29,120,2.35,3.0,1.0,6.138958333333333,2.908333333333333,0.0,9.047291666666668,13.253846153846153
staggered_uniform_6x7_none_mixed_balanced_compact_compact_train,P01,120,3.908333333333333,4.0,1.0,4.5233333333333325,3.15,0.7583333333333333,7.824999999999999,10.2
staggered_uniform_6x7_none_mixed_balanced_compact_compact_train,P02,120,3.7,4.0,1.0,5.956666666666665,3.933333333333333,0.125,9.914999999999997,12.0
staggered_uniform_6x7_none_mixed_balanced_compact_compact_train,P04,120,2.7916666666666665,3.1136363636363638,1.0,6.663958333333335,3.425,0.058333333333333334,10.100625000000003,11.524999999999997
staggered_uniform_6x7_none_mixed_balanced_compact_compact_train,P05,120,3.525,4.0,1.0,5.242499999999999,3.191666666666667,0.375,8.509166666666665,10.0
staggered_uniform_6x7_none_mixed_balanced_compact_compact_train,P06,120,3.775,4.0,1.0,4.5125,2.0416666666666665,1.7333333333333334,6.900833333333335,6.975526315789478
staggered_uniform_6x7_none_mixed_balanced_compact_compact_train,P07,120,3.9166666666666665,4.0,1.0,5.938333333333333,4.183333333333334,0.1,10.141666666666667,12.3
staggered_uniform_6x7_none_mixed_balanced_compact_compact_train,P09,120,3.808333333333333,4.0,1.0,5.694583333333332,4.483333333333333,0.06666666666666667,10.191250000000002,11.299999999999997
staggered_uniform_6x7_none_mixed_balanced_compact_compact_train,P11,120,3.175,4.0,1.0,4.8325000000000005,3.6333333333333333,0.06666666666666667,8.479166666666668,9.25
staggered_uniform_6x7_none_mixed_balanced_compact_compact_train,P15,120,3.875,4.0,1.0,4.408124999999999,2.7,1.175,7.343125,8.88157894736842
staggered_uniform_6x7_none_mixed_balanced_compact_compact_train,P16,120,1.55,2.1166666666666667,0.9916666666666667,4.960625000000001,3.2583333333333333,0.008333333333333333,8.220625000000002,10.325000000000006
staggered_uniform_6x7_none_mixed_balanced_compact_compact_train,P17,120,3.9166666666666665,4.0,1.0,7.475104166666666,7.316666666666666,0.0,14.791770833333333,16.687715517241376
staggered_uniform_6x7_none_mixed_balanced_compact_compact_train,P18,120,3.9166666666666665,4.0,1.0,4.402083333333334,3.191666666666667,0.75,7.743750000000002,9.25
staggered_uniform_6x7_none_mixed_balanced_compact_compact_train,P19,120,3.9166666666666665,4.0,1.0,5.2075000000000005,5.083333333333333,0.0,10.290833333333332,12.227777777777776
staggered_uniform_6x7_none_mixed_balanced_compact_compact_train,P21,120,3.308333333333333,4.0,1.0,2.0150000000000006,1.9666666666666666,1.3416666666666666,4.25,4.449999999999999
staggered_uniform_6x7_none_mixed_balanced_compact_compact_train,P22,120,3.558333333333333,4.0,1.0,7.543541666666668,4.166666666666667,0.03333333333333333,11.716874999999996,13.574999999999998
staggered_uniform_6x7_none_mixed_balanced_compact_compact_train,P24,120,3.3,4.0,1.0,8.382916666666667,3.8583333333333334,0.1,12.261249999999999,15.198999999999998
staggered_uniform_6x7_none_mixed_balanced_compact_compact_train,P25,120,3.675,4.0,1.0,4.359999999999999,3.058333333333333,0.6583333333333333,7.549999999999999,10.25
staggered_uniform_6x7_none_mixed_balanced_compact_compact_train,P27,120,3.425,4.0,1.0,6.089791666666668,5.291666666666667,0.0,11.381458333333333,14.828676470588235
staggered_uniform_6x7_none_mixed_balanced_compact_compact_train,P28,120,3.191666666666667,4.0,1.0,10.217708333333333,5.3,0.0,15.517708333333333,21.132499999999997
staggered_uniform_6x7_none_mixed_balanced_compact_compact_train,P30,120,2.85,4.0,0.9916666666666667,3.9741666666666666,3.3666666666666667,0.0,7.340833333333333,11.6875
staggered_uniform_6x7_none_mixed_balanced_compact_compact_eval,P03,120,3.95,4.0,1.0,4.056666666666667,3.6333333333333333,0.525,7.795000000000002,11.692857142857143
staggered_uniform_6x7_none_mixed_balanced_compact_compact_eval,P08,120,3.9166666666666665,4.0,1.0,4.5354166666666655,3.625,0.31666666666666665,8.22375,9.149999999999997
staggered_uniform_6x7_none_mixed_balanced_compact_compact_eval,P10,120,3.95,4.0,1.0,3.920833333333333,3.7583333333333333,0.325,7.744166666666668,8.498809523809523
staggered_uniform_6x7_none_mixed_balanced_compact_compact_eval,P12,120,3.558333333333333,4.0,1.0,4.774583333333334,3.6083333333333334,0.041666666666666664,8.391250000000001,9.200000000000005
staggered_uniform_6x7_none_mixed_balanced_compact_compact_eval,P13,120,3.091666666666667,4.0,1.0,3.2070833333333324,2.066666666666667,1.0333333333333334,5.480416666666666,5.927777777777779
staggered_uniform_6x7_none_mixed_balanced_compact_compact_eval,P14,120,3.925,4.0,1.0,4.385625000000001,3.8583333333333334,0.13333333333333333,8.270625,8.49464285714286
staggered_uniform_6x7_none_mixed_balanced_compact_compact_eval,P20,120,3.95,4.0,1.0,2.5754166666666665,2.325,1.625,5.225416666666667,7.70238095238095
staggered_uniform_6x7_none_mixed_balanced_compact_compact_eval,P23,120,3.058333333333333,4.0,1.0,4.742916666666668,3.475,0.125,8.242916666666668,9.522058823529413
staggered_uniform_6x7_none_mixed_balanced_compact_compact_eval,P26,120,1.875,2.0,1.0,2.94375,1.95,0.0,4.89375,5.2551886792452835
staggered_uniform_6x7_none_mixed_balanced_compact_compact_eval,P29,120,3.408333333333333,4.0,1.0,9.355208333333334,5.633333333333334,0.0,14.988541666666666,20.209210526315786
staggered_uniform_6x7_none_mixed_balanced_compact_standard_train,P01,120,3.0083333333333333,4.0,1.0,3.7,2.433333333333333,0.6416666666666667,6.261666666666668,8.39032258064516
staggered_uniform_6x7_none_mixed_balanced_compact_standard_train,P02,120,3.5166666666666666,4.0,1.0,5.218541666666668,3.0,0.5833333333333334,8.335208333333334,8.611148648648648
staggered_uniform_6x7_none_mixed_balanced_compact_standard_train,P04,120,3.033333333333333,4.0,1.0,4.407499999999999,1.9916666666666667,1.0416666666666667,6.607500000000001,6.824999999999999
staggered_uniform_6x7_none_mixed_balanced_compact_standard_train,P05,120,3.775,4.0,1.0,5.200000000000001,3.0,0.775,8.355,8.399999999999999
staggered_uniform_6x7_none_mixed_balanced_compact_standard_train,P06,120,3.4,4.0,1.0,6.897499999999998,2.966666666666667,0.5083333333333333,9.965833333333334,10.174999999999997
staggered_uniform_6x7_none_mixed_balanced_compact_standard_train,P07,120,3.341666666666667,4.0,1.0,3.89,2.2666666666666666,1.075,6.371666666666666,8.3
staggered_uniform_6x7_none_mixed_balanced_compact_standard_train,P09,120,3.275,4.0,1.0,4.004166666666667,2.8666666666666667,0.4583333333333333,6.962500000000001,7.480434782608692
staggered_uniform_6x7_none_mixed_balanced_compact_standard_train,P11,120,2.05,3.0,1.0,3.0708333333333324,1.9666666666666666,0.25,5.0875,5.416666666666665
staggered_uniform_6x7_none_mixed_balanced_compact_standard_train,P15,120,3.9166666666666665,4.0,1.0,5.145,2.95,0.9666666666666667,8.288333333333336,8.450000000000001
staggered_uniform_6x7_none_mixed_balanced_compact_standard_train,P16,120,3.9166666666666665,4.0,1.0,4.249999999999999,1.9166666666666667,2.0,6.566666666666668,6.825000000000002
staggered_uniform_6x7_none_mixed_balanced_compact_standard_train,P17,120,3.9166666666666665,4.0,1.0,7.324791666666666,7.033333333333333,0.0,14.358125,16.491964285714282
staggered_uniform_6x7_none_mixed_balanced_compact_standard_train,P18,120,3.875,4.0,1.0,3.7474999999999996,2.6166666666666667,1.2583333333333333,6.615833333333332,7.350000000000001
staggered_uniform_6x7_none_mixed_balanced_compact_standard_train,P19,120,3.4833333333333334,4.0,1.0,3.5700000000000007,3.566666666666667,0.19166666666666668,7.175,8.30873015873016
staggered_uniform_6x7_none_mixed_balanced_compact_standard_train,P21,120,3.7416666666666667,4.0,1.0,2.32,2.316666666666667,1.425,4.921666666666667,6.15
staggered_uniform_6x7_none_mixed_balanced_compact_standard_train,P22,120,2.9916666666666667,4.0,1.0,6.969791666666668,3.625,0.041666666666666664,10.603125000000002,12.408333333333331
staggered_uniform_6x7_none_mixed_balanced_compact_standard_train,P24,120,3.6416666666666666,4.0,1.0,8.176250000000001,3.6166666666666667,0.15,11.822916666666664,13.075000000000005
staggered_uniform_6x7_none_mixed_balanced_compact_standard_train,P25,120,3.691666666666667,4.0,1.0,3.3975000000000004,2.1416666666666666,1.55,5.849166666666666,8.399999999999999
staggered_uniform_6x7_none_mixed_balanced_compact_standard_train,P27,120,3.8916666666666666,4.0,1.0,7.5730208333333335,6.55,0.0,14.123020833333332,16.85
staggered_uniform_6x7_none_mixed_balanced_compact_standard_train,P28,120,2.341666666666667,3.1923076923076925,0.9833333333333333,7.046875,3.3916666666666666,0.0,10.438541666666664,17.69821428571429
staggered_uniform_6x7_none_mixed_balanced_compact_standard_train,P30,120,1.9166666666666667,3.1,0.9583333333333334,2.463333333333333,2.0833333333333335,0.0,4.546666666666668,8.444642857142856
staggered_uniform_6x7_none_mixed_balanced_compact_standard_eval,P03,120,3.7,4.0,1.0,3.678333333333334,2.716666666666667,0.9916666666666667,6.593333333333332,7.419178082191779
staggered_uniform_6x7_none_mixed_balanced_compact_standard_eval,P08,120,3.066666666666667,4.0,1.0,4.2775,3.3333333333333335,0.125,7.635833333333335,9.200000000000001
staggered_uniform_6x7_none_mixed_balanced_compact_standard_eval,P10,120,3.566666666666667,4.0,1.0,2.8599999999999994,2.783333333333333,0.7916666666666666,5.801666666666667,6.307971014492754
staggered_uniform_6x7_none_mixed_balanced_compact_standard_eval,P12,120,3.7916666666666665,4.0,1.0,4.098333333333334,2.9166666666666665,0.875,7.190000000000001,7.400000000000001
staggered_uniform_6x7_none_mixed_balanced_compact_standard_eval,P13,120,3.2916666666666665,4.0,1.0,4.0725,2.933333333333333,0.39166666666666666,7.084166666666666,7.350000000000002
staggered_uniform_6x7_none_mixed_balanced_compact_standard_eval,P14,120,3.941666666666667,4.0,1.0,4.9849999999999985,4.25,0.15833333333333333,9.266666666666667,10.487499999999995
staggered_uniform_6x7_none_mixed_balanced_compact_standard_eval,P20,120,3.95,4.0,1.0,3.1920833333333323,2.95,1.0,6.342083333333333,9.15
staggered_uniform_6x7_none_mixed_balanced_compact_standard_eval,P23,120,2.558333333333333,3.1285714285714286,1.0,3.3162499999999993,2.1166666666666667,0.525,5.537916666666666,8.678571428571429
staggered_uniform_6x7_none_mixed_balanced_compact_standard_eval,P26,120,1.925,2.0,1.0,4.848333333333333,3.808333333333333,0.0,8.656666666666668,9.15
staggered_uniform_6x7_none_mixed_balanced_compact_standard_eval,P29,120,2.658333333333333,3.0123456790123457,1.0,7.84,3.675,0.0,11.514999999999999,16.67692307692308
staggered_uniform_6x7_none_mixed_balanced_compact_loose_train,P01,120,3.275,4.0,1.0,3.558333333333333,2.183333333333333,1.1,5.961666666666665,8.27096774193548
staggered_uniform_6x7_none_mixed_balanced_compact_loose_train,P02,120,1.9833333333333334,3.0,1.0,5.954791666666667,2.7416666666666667,0.0,8.696458333333332,9.569943820224719
staggered_uniform_6x7_none_mixed_balanced_compact_loose_train,P04,120,3.8,4.0,1.0,4.407499999999999,1.9916666666666667,1.8083333333333333,6.760833333333335,6.825000000000002
staggered_uniform_6x7_none_mixed_balanced_compact_loose_train,P05,120,2.125,3.0285714285714285,1.0,4.020416666666667,2.1083333333333334,0.2833333333333333,6.185416666666665,10.066176470588236
staggered_uniform_6x7_none_mixed_balanced_compact_loose_train,P06,120,3.9,4.0,1.0,4.65,2.0,1.9,7.0299999999999985,7.049999999999996
staggered_uniform_6x7_none_mixed_balanced_compact_loose_train,P07,120,3.441666666666667,4.0,1.0,4.1375,2.5416666666666665,0.9166666666666666,6.8625,8.3
staggered_uniform_6x7_none_mixed_balanced_compact_loose_train,P09,120,2.0,3.0,1.0,4.216249999999999,3.1,0.0,7.31625,9.25
staggered_uniform_6x7_none_mixed_balanced_compact_loose_train,P11,120,3.091666666666667,4.0,1.0,3.062499999999999,1.9583333333333333,1.1333333333333333,5.2475,5.550000000000001
staggered_uniform_6x7_none_mixed_balanced_compact_loose_train,P15,120,2.966666666666667,4.0,1.0,5.1362499999999995,2.941666666666667,0.15,8.107916666666666,8.450000000000001
staggered_uniform_6x7_none_mixed_balanced_compact_loose_train,P16,120,3.9166666666666665,4.0,1.0,4.249999999999999,1.9166666666666667,2.0,6.566666666666668,6.825000000000002
staggered_uniform_6x7_none_mixed_balanced_compact_loose_train,P17,120,3.9,4.0,1.0,5.825572916666667,5.291666666666667,0.05,11.127239583333333,12.395504385964912
staggered_uniform_6x7_none_mixed_balanced_compact_loose_train,P18,120,3.9,4.0,1.0,4.1499999999999995,3.0,0.9,7.329999999999998,7.35
staggered_uniform_6x7_none_mixed_balanced_compact_loose_train,P19,120,3.2583333333333333,4.0,1.0,3.63625,3.7083333333333335,0.13333333333333333,7.37125,9.900000000000002
staggered_uniform_6x7_none_mixed_balanced_compact_loose_train,P21,120,3.8583333333333334,4.0,1.0,1.8862499999999995,1.9833333333333334,1.875,4.244583333333333,4.31778846153846
staggered_uniform_6x7_none_mixed_balanced_compact_loose_train,P22,120,2.5083333333333333,4.0,1.0,6.431041666666668,3.091666666666667,0.041666666666666664,9.531041666666669,11.524999999999997
staggered_uniform_6x7_none_mixed_balanced_compact_loose_train,P24,120,3.2416666666666667,4.0,1.0,7.315,3.2583333333333333,0.21666666666666667,10.616666666666665,13.075000000000006
staggered_uniform_6x7_none_mixed_balanced_compact_loose_train,P25,120,2.0,3.0,0.9916666666666667,2.414166666666667,1.1583333333333334,0.8416666666666667,3.740833333333333,6.288888888888889
staggered_uniform_6x7_none_mixed_balanced_compact_loose_train,P27,120,3.825,4.0,1.0,5.975833333333335,4.866666666666666,0.05,10.8525,13.760156250000001
staggered_uniform_6x7_none_mixed_balanced_compact_loose_train,P28,120,2.05,3.0,0.9916666666666667,7.403333333333333,3.45,0.0,10.853333333333332,16.48676470588235
staggered_uniform_6x7_none_mixed_balanced_compact_loose_train,P30,120,2.625,4.0,0.9916666666666667,4.934791666666667,3.033333333333333,0.0,7.968125,12.205769230769231
staggered_uniform_6x7_none_mixed_balanced_compact_loose_eval,P03,120,2.5416666666666665,3.1076923076923078,1.0,2.7800000000000002,1.7333333333333334,0.8333333333333334,4.680000000000001,6.71764705882353
staggered_uniform_6x7_none_mixed_balanced_compact_loose_eval,P08,120,3.2083333333333335,4.0,1.0,3.720416666666667,2.7583333333333333,0.55,6.588750000000001,7.454411764705882
staggered_uniform_6x7_none_mixed_balanced_compact_loose_eval,P10,120,3.033333333333333,4.0,1.0,2.8320833333333337,2.716666666666667,0.44166666666666665,5.637083333333332,6.514516129032261
staggered_uniform_6x7_none_mixed_balanced_compact_loose_eval,P12,120,2.691666666666667,4.0,1.0,3.9325,2.7416666666666667,0.2916666666666667,6.732500000000001,9.25
staggered_uniform_6x7_none_mixed_balanced_compact_loose_eval,P13,120,3.2416666666666667,4.0,1.0,3.0741666666666676,1.9833333333333334,1.2583333333333333,5.309166666666666,5.5
staggered_uniform_6x7_none_mixed_balanced_compact_loose_eval,P14,120,3.941666666666667,4.0,1.0,5.217916666666666,4.35,0.075,9.582916666666666,10.487499999999995
staggered_uniform_6x7_none_mixed_balanced_compact_loose_eval,P20,120,0.175,1.0,0.175,0.3758333333333333,0.18333333333333332,0.0,0.5591666666666666,3.195238095238095
staggered_uniform_6x7_none_mixed_balanced_compact_loose_eval,P23,120,2.841666666666667,4.0,0.9916666666666667,3.1299999999999994,1.9416666666666667,0.9166666666666666,5.254999999999999,7.666666666666667
staggered_uniform_6x7_none_mixed_balanced_compact_loose_eval,P26,120,2.85,3.0510204081632653,1.0,3.9145833333333324,2.875,0.13333333333333333,6.816250000000001,7.159345794392524
staggered_uniform_6x7_none_mixed_balanced_compact_loose_eval,P29,120,2.1083333333333334,3.0,0.9916666666666667,4.869375000000001,2.2666666666666666,0.0,7.1360416666666655,12.354166666666664
staggered_uniform_6x7_none_mixed_balanced_standard_compact_train,P01,120,3.7916666666666665,4.0,1.0,6.413333333333333,4.2,0.008333333333333333,10.615,12.3
staggered_uniform_6x7_none_mixed_balanced_standard_compact_train,P02,120,3.6666666666666665,4.0,1.0,4.975,3.0166666666666666,0.6583333333333333,8.123333333333331,10.0
staggered_uniform_6x7_none_mixed_balanced_standard_compact_train,P04,120,3.7083333333333335,4.0,1.0,5.5249999999999995,3.058333333333333,0.6833333333333333,8.72,11.524999999999999
staggered_uniform_6x7_none_mixed_balanced_standard_compact_train,P05,120,2.591666666666667,3.013888888888889,1.0,4.15,2.0,0.6083333333333333,6.271666666666667,6.4746478873239415
staggered_uniform_6x7_none_mixed_balanced_standard_compact_train,P06,120,3.441666666666667,4.0,1.0,4.407499999999999,1.9916666666666667,1.45,6.689166666666668,6.825000000000001
staggered_uniform_6x7_none_mixed_balanced_standard_compact_train,P07,120,3.65,4.0,1.0,8.297499999999998,5.975,0.0,14.272499999999996,14.349999999999993
staggered_uniform_6x7_none_mixed_balanced_standard_compact_train,P09,120,3.575,4.0,1.0,4.5408333333333335,3.475,0.13333333333333333,8.0425,9.233846153846155
staggered_uniform_6x7_none_mixed_balanced_standard_compact_train,P11,120,3.558333333333333,4.0,1.0,4.233750000000001,3.066666666666667,0.5416666666666666,7.408750000000001,9.25
staggered_uniform_6x7_none_mixed_balanced_standard_compact_train,P15,120,3.316666666666667,4.0,1.0,3.431666666666666,2.5083333333333333,0.8083333333333333,6.1016666666666675,7.899479166666666
staggered_uniform_6x7_none_mixed_balanced_standard_compact_train,P16,120,3.9166666666666665,4.0,1.0,3.9924999999999993,2.9916666666666667,0.925,7.169166666666668,7.200000000000004
staggered_uniform_6x7_none_mixed_balanced_standard_compact_train,P17,120,3.1333333333333333,4.0,1.0,5.489895833333333,4.483333333333333,0.008333333333333333,9.974895833333333,11.304687499999998
staggered_uniform_6x7_none_mixed_balanced_standard_compact_train,P18,120,3.8666666666666667,4.0,1.0,3.0974999999999993,2.95,0.9166666666666666,6.230833333333333,6.350000000000001
staggered_uniform_6x7_none_mixed_balanced_standard_compact_train,P19,120,3.9166666666666665,4.0,1.0,4.432500000000001,4.416666666666667,0.16666666666666666,8.8825,12.0
staggered_uniform_6x7_none_mixed_balanced_standard_compact_train,P21,120,2.6,3.026666666666667,1.0,3.2370833333333335,3.0,0.03333333333333333,6.24375,9.217647058823529
staggered_uniform_6x7_none_mixed_balanced_standard_compact_train,P22,120,3.7416666666666667,4.0,1.0,7.824583333333336,4.425,0.025,12.254583333333331,13.575000000000005
staggered_uniform_6x7_none_mixed_balanced_standard_compact_train,P24,120,3.175,4.0,1.0,7.576041666666668,3.7416666666666667,0.11666666666666667,11.341041666666666,15.074999999999998
staggered_uniform_6x7_none_mixed_balanced_standard_compact_train,P25,120,3.816666666666667,4.0,1.0,4.5875,3.183333333333333,0.675,7.905833333333332,10.25
staggered_uniform_6x7_none_mixed_balanced_standard_compact_train,P27,120,3.7666666666666666,4.0,1.0,6.625000000000001,6.075,0.0,12.699999999999996,14.387500000000003
staggered_uniform_6x7_none_mixed_balanced_standard_compact_train,P28,120,2.966666666666667,4.0,0.9916666666666667,9.314166666666665,4.741666666666666,0.0,14.055833333333332,19.736666666666668
staggered_uniform_6x7_none_mixed_balanced_standard_compact_train,P30,120,2.2583333333333333,3.0,1.0,4.704166666666667,3.65,0.0,8.354166666666666,15.733333333333329
staggered_uniform_6x7_none_mixed_balanced_standard_compact_eval,P03,120,1.4166666666666667,2.0,0.9916666666666667,6.531666666666665,4.316666666666666,0.0,10.848333333333331,12.56282051282051
staggered_uniform_6x7_none_mixed_balanced_standard_compact_eval,P08,120,3.2666666666666666,4.0,0.9916666666666667,5.285,4.191666666666666,0.03333333333333333,9.483333333333333,11.149999999999999
staggered_uniform_6x7_none_mixed_balanced_standard_compact_eval,P10,120,1.2833333333333334,2.0,0.975,6.303333333333334,5.116666666666666,0.0,11.42,13.25
staggered_uniform_6x7_none_mixed_balanced_standard_compact_eval,P12,120,2.683333333333333,3.0,0.9916666666666667,3.2175000000000002,2.2083333333333335,0.5333333333333333,5.532499999999999,7.1499999999999995
staggered_uniform_6x7_none_mixed_balanced_standard_compact_eval,P13,120,2.1666666666666665,3.0,0.9916666666666667,3.0795833333333325,1.9666666666666666,0.2833333333333333,5.102916666666667,5.40625
staggered_uniform_6x7_none_mixed_balanced_standard_compact_eval,P14,120,3.95,4.0,1.0,4.2515625,3.466666666666667,0.5,7.818229166666669,8.3875
staggered_uniform_6x7_none_mixed_balanced_standard_compact_eval,P20,120,3.7083333333333335,4.0,1.0,2.204583333333334,2.0416666666666665,1.6666666666666667,4.579583333333333,4.707065217391304
staggered_uniform_6x7_none_mixed_balanced_standard_compact_eval,P23,120,2.8916666666666666,4.0,1.0,4.080416666666666,2.783333333333333,0.30833333333333335,6.925416666666667,9.864285714285714
staggered_uniform_6x7_none_mixed_balanced_standard_compact_eval,P26,120,2.908333333333333,3.0,1.0,4.168333333333332,3.05,0.0,7.218333333333335,9.2
staggered_uniform_6x7_none_mixed_balanced_standard_compact_eval,P29,120,2.9,4.0,1.0,6.852500000000001,4.583333333333333,0.0,11.435833333333335,16.349999999999998
staggered_uniform_6x7_none_mixed_balanced_standard_standard_train,P01,120,3.6416666666666666,4.0,1.0,4.187500000000001,2.0083333333333333,1.6333333333333333,6.522499999999999,6.643037974683547
staggered_uniform_6x7_none_mixed_balanced_standard_standard_train,P02,120,3.066666666666667,4.0,1.0,4.92,2.8666666666666667,0.3333333333333333,7.853333333333334,8.399999999999999
staggered_uniform_6x7_none_mixed_balanced_standard_standard_train,P04,120,3.025,4.0,1.0,4.407499999999999,1.9916666666666667,1.0333333333333334,6.605833333333334,6.825000000000001
staggered_uniform_6x7_none_mixed_balanced_standard_standard_train,P05,120,3.6,4.0,1.0,5.109999999999999,3.4833333333333334,0.325,8.658333333333333,10.1
staggered_uniform_6x7_none_mixed_balanced_standard_standard_train,P06,120,3.4583333333333335,4.0,1.0,4.85375,2.1666666666666665,1.2916666666666667,7.2787500000000005,10.175000000000002
staggered_uniform_6x7_none_mixed_balanced_standard_standard_train,P07,120,3.4,4.0,1.0,4.425,2.283333333333333,1.1166666666666667,6.931666666666667,8.299999999999999
staggered_uniform_6x7_none_mixed_balanced_standard_standard_train,P09,120,3.1166666666666667,4.0,1.0,3.9491666666666676,2.8666666666666667,0.36666666666666664,6.889166666666668,7.512121212121213
staggered_uniform_6x7_none_mixed_balanced_standard_standard_train,P11,120,2.2083333333333335,3.026315789473684,0.9916666666666667,2.9837499999999992,1.9166666666666667,0.3416666666666667,4.968749999999999,5.355263157894735
staggered_uniform_6x7_none_mixed_balanced_standard_standard_train,P15,120,3.575,4.0,1.0,4.394999999999998,2.8666666666666667,0.7166666666666667,7.404999999999999,7.624999999999999
staggered_uniform_6x7_none_mixed_balanced_standard_standard_train,P16,120,3.9166666666666665,4.0,1.0,6.325000000000002,4.0,0.0,10.325,10.325
staggered_uniform_6x7_none_mixed_balanced_standard_standard_train,P17,120,3.1666666666666665,4.0,1.0,5.120260416666666,4.525,0.025,9.650260416666667,12.320913461538462
staggered_uniform_6x7_none_mixed_balanced_standard_standard_train,P18,120,3.0083333333333333,4.0,1.0,3.056666666666667,2.9583333333333335,0.275,6.0699999999999985,6.3
staggered_uniform_6x7_none_mixed_balanced_standard_standard_train,P19,120,3.8833333333333333,4.0,1.0,4.17,4.275,0.06666666666666667,8.458333333333334,9.899999999999997
staggered_uniform_6x7_none_mixed_balanced_standard_standard_train,P21,120,2.433333333333333,3.1785714285714284,1.0,2.5312499999999996,2.2333333333333334,0.38333333333333336,4.84125,10.031249999999998
staggered_uniform_6x7_none_mixed_balanced_standard_standard_train,P22,120,3.5,4.0,1.0,7.016666666666668,3.65,0.075,10.681666666666668,11.95
staggered_uniform_6x7_none_mixed_balanced_standard_standard_train,P24,120,2.691666666666667,4.0,1.0,6.830000000000001,3.091666666666667,0.041666666666666664,9.93,13.074999999999998
staggered_uniform_6x7_none_mixed_balanced_standard_standard_train,P25,120,3.3333333333333335,4.0,1.0,3.6162500000000004,2.2583333333333333,1.075,6.089583333333333,8.4
staggered_uniform_6x7_none_mixed_balanced_standard_standard_train,P27,120,3.675,4.0,1.0,4.3875,3.625,0.4166666666666667,8.095833333333333,11.0640625
staggered_uniform_6x7_none_mixed_balanced_standard_standard_train,P28,120,2.341666666666667,3.08,0.9833333333333333,6.854583333333333,3.1416666666666666,0.0,9.996250000000002,14.157692307692306
staggered_uniform_6x7_none_mixed_balanced_standard_standard_train,P30,120,2.7583333333333333,4.0,1.0,4.7875,2.975,0.0,7.7625,11.935416666666667
staggered_uniform_6x7_none_mixed_balanced_standard_standard_eval,P03,120,3.925,4.0,1.0,6.077500000000001,3.925,0.03333333333333333,10.009166666666665,10.200000000000001
staggered_uniform_6x7_none_mixed_balanced_standard_standard_eval,P08,120,2.95,4.0,0.9916666666666667,3.3120833333333333,2.25,0.7083333333333334,5.703749999999999,7.349999999999997
staggered_uniform_6x7_none_mixed_balanced_standard_standard_eval,P10,120,3.925,4.0,1.0,4.986666666666666,3.875,0.1,8.881666666666666,9.18846153846154
staggered_uniform_6x7_none_mixed_balanced_standard_standard_eval,P12,120,3.9166666666666665,4.0,1.0,4.755416666666667,3.6166666666666667,0.325,8.437083333333334,9.25
staggered_uniform_6x7_none_mixed_balanced_standard_standard_eval,P13,120,3.0083333333333333,4.0,1.0,3.2712499999999993,2.158333333333333,0.85,5.5995833333333325,7.349999999999999
staggered_uniform_6x7_none_mixed_balanced_standard_standard_eval,P14,120,3.95,4.0,1.0,4.345104166666666,3.425,0.6083333333333333,7.891770833333334,9.82777777777778
staggered_uniform_6x7_none_mixed_balanced_standard_standard_eval,P20,120,3.675,4.0,1.0,3.065416666666667,2.966666666666667,0.7333333333333333,6.178749999999998,6.299999999999997
staggered_uniform_6x7_none_mixed_balanced_standard_standard_eval,P23,120,2.175,3.097560975609756,0.9916666666666667,3.2649999999999997,2.0166666666666666,0.30833333333333335,5.343333333333334,7.838888888888888
staggered_uniform_6x7_none_mixed_balanced_standard_standard_eval,P26,120,2.908333333333333,3.0,1.0,3.9966666666666657,2.8833333333333333,0.14166666666666666,6.908333333333333,7.33
staggered_uniform_6x7_none_mixed_balanced_standard_standard_eval,P29,120,1.9166666666666667,2.089108910891089,1.0,5.616458333333332,2.5166666666666666,0.0,8.133125,10.038362068965515
staggered_uniform_6x7_none_mixed_balanced_standard_loose_train,P01,120,3.7916666666666665,4.0,1.0,4.820000000000001,2.8666666666666667,0.925,7.871666666666665,8.299999999999997
staggered_uniform_6x7_none_mixed_balanced_standard_loose_train,P02,120,2.7666666666666666,3.102272727272727,1.0,4.904375,2.625,0.25833333333333336,7.581041666666666,11.525000000000002
staggered_uniform_6x7_none_mixed_balanced_standard_loose_train,P04,120,2.75,3.058139534883721,1.0,4.407499999999999,1.9916666666666667,0.7583333333333333,6.550833333333333,6.636627906976745
staggered_uniform_6x7_none_mixed_balanced_standard_loose_train,P05,120,2.65,3.0533333333333332,1.0,3.1637500000000003,2.025,0.625,5.313749999999999,5.560666666666667
staggered_uniform_6x7_none_mixed_balanced_standard_loose_train,P06,120,3.216666666666667,4.0,1.0,4.67125,2.0083333333333333,1.2083333333333333,6.921249999999998,7.218055555555556
staggered_uniform_6x7_none_mixed_balanced_standard_loose_train,P07,120,3.066666666666667,4.0,1.0,4.0575,1.9416666666666667,1.125,6.224166666666667,6.694117647058823
staggered_uniform_6x7_none_mixed_balanced_standard_loose_train,P09,120,2.95,4.0,1.0,3.9270833333333335,2.816666666666667,0.3333333333333333,6.810416666666667,9.25
staggered_uniform_6x7_none_mixed_balanced_standard_loose_train,P11,120,2.341666666666667,3.0,1.0,2.9924999999999993,1.925,0.4666666666666667,5.010833333333333,5.350000000000001
staggered_uniform_6x7_none_mixed_balanced_standard_loose_train,P15,120,3.9166666666666665,4.0,1.0,4.357500000000001,2.15,1.7666666666666666,6.860833333333333,8.449999999999998
staggered_uniform_6x7_none_mixed_balanced_standard_loose_train,P16,120,3.9166666666666665,4.0,1.0,4.624999999999999,2.2,1.7166666666666666,7.168333333333335,8.625
staggered_uniform_6x7_none_mixed_balanced_standard_loose_train,P17,120,3.1333333333333333,4.0,1.0,4.531770833333334,3.783333333333333,0.058333333333333334,8.326770833333333,10.3553125
staggered_uniform_6x7_none_mixed_balanced_standard_loose_train,P18,120,3.9166666666666665,4.0,1.0,2.3650000000000007,2.283333333333333,1.6333333333333333,4.975,6.300000000000002
staggered_uniform_6x7_none_mixed_balanced_standard_loose_train,P19,120,3.9166666666666665,4.0,1.0,4.25875,4.366666666666666,0.125,8.650416666666667,11.316666666666668
staggered_uniform_6x7_none_mixed_balanced_standard_loose_train,P21,120,3.025,4.0,1.0,2.435,2.1416666666666666,0.8833333333333333,4.753333333333333,7.349999999999998
staggered_uniform_6x7_none_mixed_balanced_standard_loose_train,P22,120,3.3,4.0,1.0,6.751250000000001,3.3916666666666666,0.10833333333333334,10.164583333333335,11.524999999999997
staggered_uniform_6x7_none_mixed_balanced_standard_loose_train,P24,120,2.4916666666666667,3.175438596491228,1.0,6.089375,2.7916666666666665,0.11666666666666667,8.904375,12.563461538461535
staggered_uniform_6x7_none_mixed_balanced_standard_loose_train,P25,120,2.4833333333333334,4.0,1.0,2.9900000000000007,1.6333333333333333,0.85,4.793333333333333,8.400000000000002
staggered_uniform_6x7_none_mixed_balanced_standard_loose_train,P27,120,3.9,4.0,1.0,6.6371875000000005,5.733333333333333,0.016666666666666666,12.373854166666664,15.25
staggered_uniform_6x7_none_mixed_balanced_standard_loose_train,P28,120,2.308333333333333,3.088888888888889,1.0,6.355416666666667,3.1083333333333334,0.008333333333333333,9.465416666666666,13.871666666666664
staggered_uniform_6x7_none_mixed_balanced_standard_loose_train,P30,120,2.45,3.0,1.0,5.972499999999999,3.1666666666666665,0.0,9.139166666666666,11.526851851851848
staggered_uniform_6x7_none_mixed_balanced_standard_loose_eval,P03,120,3.325,4.0,1.0,4.282500000000001,2.158333333333333,1.1666666666666667,6.674166666666666,8.300000000000002
staggered_uniform_6x7_none_mixed_balanced_standard_loose_eval,P08,120,3.566666666666667,4.0,1.0,4.318749999999999,3.191666666666667,0.375,7.585416666666666,9.25
staggered_uniform_6x7_none_mixed_balanced_standard_loose_eval,P10,120,3.308333333333333,4.0,1.0,3.7445833333333325,2.6416666666666666,0.6666666666666666,6.519583333333332,7.350000000000001
staggered_uniform_6x7_none_mixed_balanced_standard_loose_eval,P12,120,2.7583333333333333,3.0568181818181817,0.9916666666666667,3.0500000000000003,1.9583333333333333,0.8,5.168333333333334,5.557954545454544
staggered_uniform_6x7_none_mixed_balanced_standard_loose_eval,P13,120,2.725,3.0609756097560976,1.0,3.0475000000000003,1.9833333333333334,0.7416666666666667,5.179166666666665,5.357317073170731
staggered_uniform_6x7_none_mixed_balanced_standard_loose_eval,P14,120,3.95,4.0,1.0,4.805208333333332,3.691666666666667,0.425,8.581875,10.487500000000002
staggered_uniform_6x7_none_mixed_balanced_standard_loose_eval,P20,120,0.9583333333333334,2.1785714285714284,0.6833333333333333,0.8420833333333334,0.825,0.13333333333333333,1.69375,4.108823529411764
staggered_uniform_6x7_none_mixed_balanced_standard_loose_eval,P23,120,2.0833333333333335,3.1333333333333333,0.9916666666666667,3.149999999999999,1.9166666666666667,0.3,5.126666666666667,6.1596774193548365
staggered_uniform_6x7_none_mixed_balanced_standard_loose_eval,P26,120,2.35,3.048780487804878,1.0,5.062916666666666,3.95,0.0,9.012916666666667,9.150000000000004
staggered_uniform_6x7_none_mixed_balanced_standard_loose_eval,P29,120,1.5833333333333333,2.041095890410959,0.95,3.648125,1.6416666666666666,0.0,5.289791666666667,6.877430555555554
staggered_uniform_6x7_none_mixed_balanced_loose_compact_train,P01,120,2.475,3.0327868852459017,1.0,8.222083333333332,5.916666666666667,0.0,14.138749999999996,14.349999999999996
staggered_uniform_6x7_none_mixed_balanced_loose_compact_train,P02,120,2.158333333333333,3.0,1.0,4.072500000000001,1.9583333333333333,0.225,6.075833333333334,6.465384615384616
staggered_uniform_6x7_none_mixed_balanced_loose_compact_train,P04,120,3.7083333333333335,4.0,1.0,4.632500000000001,2.658333333333333,1.05,7.500833333333333,8.665277777777778
staggered_uniform_6x7_none_mixed_balanced_loose_compact_train,P05,120,1.475,2.0,1.0,3.7625,1.7916666666666667,0.06666666666666667,5.5675,6.200000000000004
staggered_uniform_6x7_none_mixed_balanced_loose_compact_train,P06,120,3.5166666666666666,4.0,1.0,4.3725,1.975,1.5416666666666667,6.655833333333335,6.825000000000001
staggered_uniform_6x7_none_mixed_balanced_loose_compact_train,P07,120,3.808333333333333,4.0,1.0,7.439999999999998,5.15,0.0,12.590000000000002,14.350000000000003
staggered_uniform_6x7_none_mixed_balanced_loose_compact_train,P09,120,2.2333333333333334,3.0,1.0,3.0612500000000002,2.1,0.31666666666666665,5.2245833333333325,7.15
staggered_uniform_6x7_none_mixed_balanced_loose_compact_train,P11,120,3.783333333333333,4.0,1.0,4.170833333333333,2.95,0.8416666666666667,7.289166666666668,7.468750000000003
staggered_uniform_6x7_none_mixed_balanced_loose_compact_train,P15,120,3.3916666666666666,4.0,1.0,3.180833333333333,2.55,0.8583333333333333,5.9025,6.593999999999999
staggered_uniform_6x7_none_mixed_balanced_loose_compact_train,P16,120,3.9166666666666665,4.0,1.0,2.7833333333333337,1.6833333333333333,2.2333333333333334,4.913333333333333,5.5
staggered_uniform_6x7_none_mixed_balanced_loose_compact_train,P17,120,2.525,3.0,1.0,4.379999999999999,3.283333333333333,0.016666666666666666,7.666666666666667,9.149999999999997
staggered_uniform_6x7_none_mixed_balanced_loose_compact_train,P18,120,2.2083333333333335,3.0294117647058822,1.0,3.9931249999999987,3.4916666666666667,0.05,7.494791666666666,10.433333333333332
staggered_uniform_6x7_none_mixed_balanced_loose_compact_train,P19,120,3.841666666666667,4.0,1.0,3.117083333333334,3.1333333333333333,0.75,6.400416666666667,8.309999999999997
staggered_uniform_6x7_none_mixed_balanced_loose_compact_train,P21,120,3.475,4.0,1.0,4.068749999999999,3.0166666666666666,0.5,7.185416666666665,9.099999999999998
staggered_uniform_6x7_none_mixed_balanced_loose_compact_train,P22,120,3.825,4.0,1.0,7.453333333333335,4.066666666666666,0.15,11.55,13.575
staggered_uniform_6x7_none_mixed_balanced_loose_compact_train,P24,120,3.025,4.0,0.9916666666666667,5.084999999999999,2.6166666666666667,0.4583333333333333,7.793333333333332,10.624999999999998
staggered_uniform_6x7_none_mixed_balanced_loose_compact_train,P25,120,3.066666666666667,4.0,1.0,4.294999999999999,2.816666666666667,0.45,7.201666666666665,10.25
staggered_uniform_6x7_none_mixed_balanced_loose_compact_train,P27,120,3.466666666666667,4.0,1.0,3.870624999999999,3.1166666666666667,0.4583333333333333,7.078958333333333,8.770833333333334
staggered_uniform_6x7_none_mixed_balanced_loose_compact_train,P28,120,2.975,4.0,0.9916666666666667,8.392708333333333,4.208333333333333,0.0,12.601041666666667,17.459615384615386
staggered_uniform_6x7_none_mixed_balanced_loose_compact_train,P30,120,2.8916666666666666,3.0,1.0,6.4054166666666665,4.858333333333333,0.0,11.26375,14.666666666666666
staggered_uniform_6x7_none_mixed_balanced_loose_compact_eval,P03,120,2.8666666666666667,3.0816326530612246,0.9916666666666667,5.384166666666666,3.308333333333333,0.058333333333333334,8.704166666666667,10.200000000000001
staggered_uniform_6x7_none_mixed_balanced_loose_compact_eval,P08,120,2.275,3.0,0.9916666666666667,7.0425,5.858333333333333,0.0,12.900833333333333,13.25
staggered_uniform_6x7_none_mixed_balanced_loose_compact_eval,P10,120,2.475,3.016949152542373,1.0,4.221249999999999,3.191666666666667,0.025,7.417916666666668,9.149999999999995
staggered_uniform_6x7_none_mixed_balanced_loose_compact_eval,P12,120,1.7666666666666666,2.0,0.9916666666666667,2.9570833333333337,1.9166666666666667,0.08333333333333333,4.890416666666666,5.262871287128715
staggered_uniform_6x7_none_mixed_balanced_loose_compact_eval,P13,120,2.575,3.121212121212121,1.0,3.0974999999999993,1.975,0.6333333333333333,5.199166666666667,5.41923076923077
staggered_uniform_6x7_none_mixed_balanced_loose_compact_eval,P14,120,3.95,4.0,1.0,3.8290624999999996,2.7083333333333335,1.25,6.787395833333334,7.5139423076923055
staggered_uniform_6x7_none_mixed_balanced_loose_compact_eval,P20,120,3.95,4.0,1.0,3.621249999999999,2.658333333333333,1.3,6.539583333333334,8.424999999999999
staggered_uniform_6x7_none_mixed_balanced_loose_compact_eval,P23,120,2.8333333333333335,4.0,1.0,3.430416666666666,2.15,0.6916666666666667,5.71875,8.214285714285715
staggered_uniform_6x7_none_mixed_balanced_loose_compact_eval,P26,120,2.9916666666666667,3.034782608695652,1.0,4.404583333333333,3.2583333333333333,0.016666666666666666,7.666250000000002,9.199999999999998
staggered_uniform_6x7_none_mixed_balanced_loose_compact_eval,P29,120,2.8833333333333333,4.0,1.0,6.599166666666667,4.491666666666666,0.0,11.090833333333334,15.904166666666663
staggered_uniform_6x7_none_mixed_balanced_loose_standard_train,P01,120,2.225,3.0,1.0,3.885,1.85,0.4083333333333333,5.816666666666666,6.3999999999999995
staggered_uniform_6x7_none_mixed_balanced_loose_standard_train,P02,120,3.5166666666666666,4.0,1.0,4.7125,3.325,0.35,8.1075,10.100000000000003
staggered_uniform_6x7_none_mixed_balanced_loose_standard_train,P04,120,3.7416666666666667,4.0,1.0,4.39,1.9833333333333334,1.7583333333333333,6.725000000000002,6.825000000000003
staggered_uniform_6x7_none_mixed_balanced_loose_standard_train,P05,120,3.6416666666666666,4.0,1.0,2.9825,1.9916666666666667,1.65,5.304166666666668,5.433333333333332
staggered_uniform_6x7_none_mixed_balanced_loose_standard_train,P06,120,2.316666666666667,3.0,1.0,4.3725,1.975,0.36666666666666664,6.4208333333333325,6.625000000000001
staggered_uniform_6x7_none_mixed_balanced_loose_standard_train,P07,120,1.7333333333333334,2.0476190476190474,1.0,4.117500000000001,2.0083333333333333,0.058333333333333334,6.137500000000001,7.576923076923077
staggered_uniform_6x7_none_mixed_balanced_loose_standard_train,P09,120,3.625,4.0,1.0,4.5775,3.4833333333333334,0.30833333333333335,8.1225,9.25
staggered_uniform_6x7_none_mixed_balanced_loose_standard_train,P11,120,3.341666666666667,4.0,1.0,3.0974999999999993,1.975,1.3666666666666667,5.345833333333332,5.550000000000001
staggered_uniform_6x7_none_mixed_balanced_loose_standard_train,P15,120,3.3666666666666667,4.0,1.0,2.5504166666666666,2.0833333333333335,1.2833333333333334,4.890416666666666,6.525000000000001
staggered_uniform_6x7_none_mixed_balanced_loose_standard_train,P16,120,3.9166666666666665,4.0,1.0,4.71,3.2083333333333335,0.725,8.063333333333334,10.325
staggered_uniform_6x7_none_mixed_balanced_loose_standard_train,P17,120,2.675,3.0,1.0,4.154166666666667,3.033333333333333,0.06666666666666667,7.200833333333333,9.149999999999995
staggered_uniform_6x7_none_mixed_balanced_loose_standard_train,P18,120,3.183333333333333,4.0,1.0,3.254583333333333,2.5166666666666666,0.6666666666666666,5.904583333333333,7.4
staggered_uniform_6x7_none_mixed_balanced_loose_standard_train,P19,120,3.9166666666666665,4.0,1.0,2.7825,2.841666666666667,1.075,5.8391666666666655,7.8125
staggered_uniform_6x7_none_mixed_balanced_loose_standard_train,P21,120,2.2583333333333333,3.1944444444444446,1.0,4.199999999999999,3.1416666666666666,0.016666666666666666,7.344999999999999,9.099999999999998
staggered_uniform_6x7_none_mixed_balanced_loose_standard_train,P22,120,3.4916666666666667,4.0,1.0,6.682916666666668,3.325,0.25833333333333336,10.059583333333334,11.665909090909087
staggered_uniform_6x7_none_mixed_balanced_loose_standard_train,P24,120,2.6333333333333333,4.0,0.9916666666666667,4.593124999999999,2.091666666666667,0.55,6.794791666666667,9.575
staggered_uniform_6x7_none_mixed_balanced_loose_standard_train,P25,120,3.2416666666666667,4.0,1.0,3.7650000000000006,2.3333333333333335,0.9333333333333333,6.284999999999998,8.502777777777776
staggered_uniform_6x7_none_mixed_balanced_loose_standard_train,P27,120,3.6416666666666666,4.0,1.0,6.1537500000000005,5.533333333333333,0.0,11.687083333333332,14.3875
staggered_uniform_6x7_none_mixed_balanced_loose_standard_train,P28,120,2.308333333333333,3.048780487804878,0.9916666666666667,6.485625,2.941666666666667,0.0,9.427291666666667,14.483928571428567
staggered_uniform_6x7_none_mixed_balanced_loose_standard_train,P30,120,2.15,3.0,1.0,4.5962499999999995,2.5,0.0,7.0962499999999995,9.951923076923075
staggered_uniform_6x7_none_mixed_balanced_loose_standard_eval,P03,120,2.7,3.049382716049383,1.0,7.124999999999998,4.916666666666667,0.0,12.041666666666666,12.375229357798164
staggered_uniform_6x7_none_mixed_balanced_loose_standard_eval,P08,120,2.091666666666667,3.0,0.9916666666666667,3.007083333333334,1.9666666666666666,0.19166666666666668,5.012083333333334,5.82
staggered_uniform_6x7_none_mixed_balanced_loose_standard_eval,P10,120,2.7666666666666666,3.0444444444444443,0.9916666666666667,6.652916666666667,5.541666666666667,0.0,12.194583333333334,13.25
staggered_uniform_6x7_none_mixed_balanced_loose_standard_eval,P12,120,3.783333333333333,4.0,1.0,3.1116666666666655,2.025,1.7583333333333333,5.488333333333332,5.686559139784944
staggered_uniform_6x7_none_mixed_balanced_loose_standard_eval,P13,120,2.125,3.0,0.9916666666666667,3.0887499999999988,1.9666666666666666,0.175,5.090416666666667,5.481818181818181
staggered_uniform_6x7_none_mixed_balanced_loose_standard_eval,P14,120,3.95,4.0,1.0,3.6992708333333324,2.5416666666666665,1.4166666666666667,6.524270833333333,7.573975409836064
staggered_uniform_6x7_none_mixed_balanced_loose_standard_eval,P20,120,2.966666666666667,4.0,0.9916666666666667,3.2549999999999994,2.191666666666667,0.8166666666666667,5.609999999999999,7.262499999999999
staggered_uniform_6x7_none_mixed_balanced_loose_standard_eval,P23,120,2.525,3.1129032258064515,1.0,3.1633333333333327,1.9,0.6333333333333333,5.1899999999999995,7.927777777777777
staggered_uniform_6x7_none_mixed_balanced_loose_standard_eval,P26,120,3.9166666666666665,4.0,1.0,5.0791666666666675,3.9,0.03333333333333333,8.985833333333336,9.200000000000005
staggered_uniform_6x7_none_mixed_balanced_loose_standard_eval,P29,120,1.7166666666666666,2.088607594936709,1.0,4.807708333333333,2.158333333333333,0.0,6.966041666666667,9.932352941176472
staggered_uniform_6x7_none_mixed_balanced_loose_loose_train,P01,120,2.3833333333333333,3.152542372881356,0.9833333333333333,2.6925000000000003,1.525,0.8583333333333333,4.389166666666667,7.053333333333332
staggered_uniform_6x7_none_mixed_balanced_loose_loose_train,P02,120,2.591666666666667,3.1515151515151514,1.0,3.9812500000000006,2.375,0.225,6.401249999999999,8.465
staggered_uniform_6x7_none_mixed_balanced_loose_loose_train,P04,120,2.841666666666667,3.074468085106383,1.0,4.39,1.9833333333333334,0.8583333333333333,6.545,6.6398936170212774
staggered_uniform_6x7_none_mixed_balanced_loose_loose_train,P05,120,3.65,4.0,1.0,3.0125000000000006,1.9583333333333333,1.6916666666666667,5.309166666666667,5.5
staggered_uniform_6x7_none_mixed_balanced_loose_loose_train,P06,120,3.0416666666666665,4.0,1.0,4.286874999999999,1.8583333333333334,1.1833333333333333,6.381874999999998,7.509558823529413
staggered_uniform_6x7_none_mixed_balanced_loose_loose_train,P07,120,1.6916666666666667,2.0375,1.0,2.345,1.1166666666666667,0.5833333333333334,3.578333333333333,6.200000000000001
staggered_uniform_6x7_none_mixed_balanced_loose_loose_train,P09,120,2.6166666666666667,4.0,1.0,3.217083333333334,2.158333333333333,0.475,5.470416666666667,7.45
staggered_uniform_6x7_none_mixed_balanced_loose_loose_train,P11,120,2.15,3.0,1.0,3.0974999999999993,1.975,0.275,5.1274999999999995,5.349999999999998
staggered_uniform_6x7_none_mixed_balanced_loose_loose_train,P15,120,3.433333333333333,4.0,1.0,2.40375,1.725,1.7083333333333333,4.470416666666667,5.382857142857143
staggered_uniform_6x7_none_mixed_balanced_loose_loose_train,P16,120,3.9166666666666665,4.0,1.0,6.325000000000002,4.0,0.0,10.325,10.325
staggered_uniform_6x7_none_mixed_balanced_loose_loose_train,P17,120,2.55,3.0,1.0,3.508333333333334,2.408333333333333,0.2,5.956666666666665,7.1000000000000005
staggered_uniform_6x7_none_mixed_balanced_loose_loose_train,P18,120,3.2416666666666667,4.0,1.0,2.3975000000000004,2.1,1.1416666666666666,4.725833333333332,7.3999999999999995
staggered_uniform_6x7_none_mixed_balanced_loose_loose_train,P19,120,3.9166666666666665,4.0,1.0,3.3600000000000003,3.4,0.5583333333333333,6.871666666666667,8.089090909090906
staggered_uniform_6x7_none_mixed_balanced_loose_loose_train,P21,120,3.15,4.0,1.0,3.91125,2.7916666666666665,0.6416666666666667,6.831249999999998,9.100000000000001
staggered_uniform_6x7_none_mixed_balanced_loose_loose_train,P22,120,3.533333333333333,4.0,1.0,6.613333333333334,3.2666666666666666,0.325,9.944999999999999,11.524999999999997
staggered_uniform_6x7_none_mixed_balanced_loose_loose_train,P24,120,2.1666666666666665,3.0625,0.9916666666666667,4.670624999999999,2.125,0.225,6.840625,9.524999999999997
staggered_uniform_6x7_none_mixed_balanced_loose_loose_train,P25,120,2.808333333333333,4.0,1.0,3.73,2.3,0.5333333333333333,6.136666666666666,8.399999999999999
staggered_uniform_6x7_none_mixed_balanced_loose_loose_train,P27,120,3.533333333333333,4.0,1.0,4.4084375,3.6333333333333333,0.36666666666666664,8.115104166666667,12.329464285714286
staggered_uniform_6x7_none_mixed_balanced_loose_loose_train,P28,120,2.2916666666666665,3.04,0.9916666666666667,5.665,2.8916666666666666,0.0,8.556666666666667,12.293750000000001
staggered_uniform_6x7_none_mixed_balanced_loose_loose_train,P30,120,2.091666666666667,3.0,1.0,4.561875,2.575,0.0,7.136875,11.65
staggered_uniform_6x7_none_mixed_balanced_loose_loose_eval,P03,120,2.658333333333333,3.0526315789473686,1.0,4.085,1.95,0.7083333333333334,6.176666666666667,6.432894736842104
staggered_uniform_6x7_none_mixed_balanced_loose_loose_eval,P08,120,3.0,4.0,1.0,3.2424999999999993,2.158333333333333,0.8416666666666667,5.569166666666666,7.349999999999999
staggered_uniform_6x7_none_mixed_balanced_loose_loose_eval,P10,120,2.725,3.0344827586206895,0.9916666666666667,3.2429166666666664,2.2416666666666667,0.5333333333333333,5.59125,7.159756097560974
staggered_uniform_6x7_none_mixed_balanced_loose_loose_eval,P12,120,3.566666666666667,4.0,1.0,3.0775000000000006,1.9416666666666667,1.625,5.344166666666666,5.600000000000001
staggered_uniform_6x7_none_mixed_balanced_loose_loose_eval,P13,120,2.5166666666666666,3.125,1.0,2.934583333333334,1.8583333333333334,0.6666666666666666,4.92625,6.463333333333335
staggered_uniform_6x7_none_mixed_balanced_loose_loose_eval,P14,120,3.95,4.0,1.0,3.899895833333333,2.7,1.2583333333333333,6.8515625,9.3
staggered_uniform_6x7_none_mixed_balanced_loose_loose_eval,P20,120,3.95,4.0,1.0,2.8024999999999998,2.341666666666667,1.6083333333333334,5.465833333333334,7.350000000000001
staggered_uniform_6x7_none_mixed_balanced_loose_loose_eval,P23,120,2.025,3.0625,1.0,3.237499999999999,1.975,0.1,5.232499999999999,7.950000000000001
staggered_uniform_6x7_none_mixed_balanced_loose_loose_eval,P26,120,3.95,4.0,1.0,5.159166666666667,4.025,0.008333333333333333,9.185833333333335,9.254237288135599
staggered_uniform_6x7_none_mixed_balanced_loose_loose_eval,P29,120,1.4416666666666667,2.032258064516129,0.9083333333333333,3.2668749999999998,1.4833333333333334,0.0,4.750208333333334,6.799180327868853
staggered_uniform_6x7_none_high_value_center_compact_compact_train,P01,120,3.9166666666666665,4.0,1.0,5.532499999999999,3.0416666666666665,0.875,8.749166666666667,8.931553398058252
staggered_uniform_6x7_none_high_value_center_compact_compact_train,P02,120,3.4916666666666667,4.0,1.0,4.309166666666666,3.9916666666666667,0.09166666666666666,8.319166666666666,10.8
staggered_uniform_6x7_none_high_value_center_compact_compact_train,P04,120,2.45,3.0491803278688523,1.0,4.263958333333333,3.091666666666667,0.025,7.360624999999999,9.125
staggered_uniform_6x7_none_high_value_center_compact_compact_train,P05,120,3.5166666666666666,4.0,1.0,3.5225,3.325,0.25,6.8975,8.799999999999999
staggered_uniform_6x7_none_high_value_center_compact_compact_train,P06,120,3.7083333333333335,4.0,1.0,3.232500000000001,2.0083333333333333,1.7,5.580833333333333,5.664080459770115
staggered_uniform_6x7_none_high_value_center_compact_compact_train,P07,120,3.9166666666666665,4.0,1.0,6.583333333333333,4.0,0.14166666666666666,10.611666666666668,12.550000000000002
staggered_uniform_6x7_none_high_value_center_compact_compact_train,P09,120,3.7666666666666666,4.0,1.0,5.789583333333334,4.483333333333333,0.041666666666666664,10.28125,11.375
staggered_uniform_6x7_none_high_value_center_compact_compact_train,P11,120,2.9916666666666667,4.0,1.0,4.875,3.5416666666666665,0.041666666666666664,8.425,9.325000000000003
staggered_uniform_6x7_none_high_value_center_compact_compact_train,P15,120,3.4833333333333334,4.0,1.0,3.2081250000000003,2.7,0.825,6.073125,7.7625
staggered_uniform_6x7_none_high_value_center_compact_compact_train,P16,120,1.55,2.1166666666666667,0.9916666666666667,4.960625000000001,3.2583333333333333,0.008333333333333333,8.220625000000002,10.325000000000006
staggered_uniform_6x7_none_high_value_center_compact_compact_train,P17,120,3.9166666666666665,4.0,1.0,6.620416666666667,7.275,0.008333333333333333,13.897083333333333,15.966071428571427
staggered_uniform_6x7_none_high_value_center_compact_compact_train,P18,120,3.9166666666666665,4.0,1.0,3.1870833333333337,3.175,0.7666666666666667,6.515416666666668,8.050000000000004
staggered_uniform_6x7_none_high_value_center_compact_compact_train,P19,120,3.9166666666666665,4.0,1.0,5.295,5.125,0.0,10.419999999999996,12.69259259259259
staggered_uniform_6x7_none_high_value_center_compact_compact_train,P21,120,3.308333333333333,4.0,1.0,2.0150000000000006,1.9666666666666666,1.3416666666666666,4.25,4.449999999999999
staggered_uniform_6x7_none_high_value_center_compact_compact_train,P22,120,3.45,4.0,1.0,6.295416666666667,4.166666666666667,0.025,10.467083333333333,12.375
staggered_uniform_6x7_none_high_value_center_compact_compact_train,P24,120,2.7916666666666665,4.0,1.0,5.636666666666668,3.566666666666667,0.03333333333333333,9.21,12.375
staggered_uniform_6x7_none_high_value_center_compact_compact_train,P25,120,3.75,4.0,1.0,4.440625,3.0833333333333335,0.7,7.663958333333332,10.325000000000001
staggered_uniform_6x7_none_high_value_center_compact_compact_train,P27,120,3.425,4.0,1.0,7.4610416666666675,5.383333333333334,0.0,12.844375000000003,16.16513157894737
staggered_uniform_6x7_none_high_value_center_compact_compact_train,P28,120,3.1166666666666667,4.0,1.0,6.896458333333333,4.791666666666667,0.0,11.688125000000001,16.84642857142857
staggered_uniform_6x7_none_high_value_center_compact_compact_train,P30,120,2.9583333333333335,4.0,1.0,4.833333333333333,3.45,0.0,8.283333333333333,12.912500000000001
staggered_uniform_6x7_none_high_value_center_compact_compact_eval,P03,120,3.95,4.0,1.0,6.159583333333332,3.716666666666667,0.3,9.93625,10.914457831325299
staggered_uniform_6x7_none_high_value_center_compact_compact_eval,P08,120,3.95,4.0,1.0,4.737916666666667,3.5,0.4583333333333333,8.329583333333334,9.225
staggered_uniform_6x7_none_high_value_center_compact_compact_eval,P10,120,3.95,4.0,1.0,5.070833333333332,3.8666666666666667,0.2,8.977499999999997,9.624999999999996
staggered_uniform_6x7_none_high_value_center_compact_compact_eval,P12,120,3.725,4.0,1.0,4.769583333333333,3.683333333333333,0.11666666666666667,8.476250000000002,9.275
staggered_uniform_6x7_none_high_value_center_compact_compact_eval,P13,120,3.0416666666666665,4.0,0.9916666666666667,3.2064583333333343,1.9833333333333334,1.0583333333333333,5.401458333333332,6.013571428571429
staggered_uniform_6x7_none_high_value_center_compact_compact_eval,P14,120,3.941666666666667,4.0,1.0,5.658020833333333,3.8583333333333334,0.15,9.546354166666667,9.769642857142857
staggered_uniform_6x7_none_high_value_center_compact_compact_eval,P20,120,3.95,4.0,1.0,3.5054166666666675,2.175,1.775,6.035416666666666,7.669444444444443
staggered_uniform_6x7_none_high_value_center_compact_compact_eval,P23,120,2.783333333333333,4.0,1.0,4.723541666666667,3.466666666666667,0.08333333333333333,8.206875,9.589285714285717
staggered_uniform_6x7_none_high_value_center_compact_compact_eval,P26,120,1.6666666666666667,2.0,1.0,2.5974999999999997,2.091666666666667,0.0,4.689166666666666,7.225
staggered_uniform_6x7_none_high_value_center_compact_compact_eval,P29,120,3.158333333333333,4.0,1.0,7.758333333333334,5.375,0.0,13.133333333333333,18.724999999999998
staggered_uniform_6x7_none_high_value_center_compact_standard_train,P01,120,2.85,4.0,1.0,2.5825,2.425,0.49166666666666664,5.105833333333334,7.3428571428571425
staggered_uniform_6x7_none_high_value_center_compact_standard_train,P02,120,3.191666666666667,4.0,1.0,2.686041666666666,2.808333333333333,0.48333333333333334,5.5910416666666665,6.274500000000001
staggered_uniform_6x7_none_high_value_center_compact_standard_train,P04,120,3.0,4.0,1.0,3.2025000000000006,1.975,1.025,5.3824999999999985,5.625
staggered_uniform_6x7_none_high_value_center_compact_standard_train,P05,120,3.591666666666667,4.0,1.0,2.695,2.8833333333333333,0.725,5.723333333333333,6.0
staggered_uniform_6x7_none_high_value_center_compact_standard_train,P06,120,3.1083333333333334,4.0,1.0,4.154999999999999,2.925,0.325,7.1450000000000005,7.475
staggered_uniform_6x7_none_high_value_center_compact_standard_train,P07,120,3.283333333333333,4.0,1.0,3.204999999999999,2.283333333333333,1.0,5.6883333333333335,7.099999999999999
staggered_uniform_6x7_none_high_value_center_compact_standard_train,P09,120,3.2,4.0,1.0,2.9116666666666666,2.808333333333333,0.4666666666666667,5.813333333333334,6.545652173913043
staggered_uniform_6x7_none_high_value_center_compact_standard_train,P11,120,2.175,3.096774193548387,1.0,3.1133333333333346,1.875,0.38333333333333336,5.0649999999999995,5.510714285714287
staggered_uniform_6x7_none_high_value_center_compact_standard_train,P15,120,3.9166666666666665,4.0,1.0,3.944999999999999,2.95,0.9666666666666667,7.088333333333334,7.25
staggered_uniform_6x7_none_high_value_center_compact_standard_train,P16,120,3.9166666666666665,4.0,1.0,4.249999999999999,1.9166666666666667,2.0,6.566666666666668,6.825000000000002
staggered_uniform_6x7_none_high_value_center_compact_standard_train,P17,120,3.9166666666666665,4.0,1.0,6.415416666666666,6.991666666666666,0.0,13.407083333333333,15.707142857142857
staggered_uniform_6x7_none_high_value_center_compact_standard_train,P18,120,3.85,4.0,1.0,3.9387500000000006,2.8666666666666667,0.9833333333333333,7.002083333333331,7.424999999999997
staggered_uniform_6x7_none_high_value_center_compact_standard_train,P19,120,3.55,4.0,1.0,4.9449999999999985,4.183333333333334,0.058333333333333334,9.139999999999997,11.23085106382979
staggered_uniform_6x7_none_high_value_center_compact_standard_train,P21,120,3.7416666666666667,4.0,1.0,2.32,2.316666666666667,1.425,4.921666666666667,6.15
staggered_uniform_6x7_none_high_value_center_compact_standard_train,P22,120,2.825,3.10752688172043,1.0,4.787291666666666,3.575,0.025,8.367291666666665,10.88125
staggered_uniform_6x7_none_high_value_center_compact_standard_train,P24,120,3.466666666666667,4.0,1.0,5.557500000000001,3.4166666666666665,0.18333333333333332,9.010833333333332,10.375
staggered_uniform_6x7_none_high_value_center_compact_standard_train,P25,120,3.5083333333333333,4.0,1.0,2.2706249999999994,2.15,1.3583333333333334,4.692291666666666,7.235526315789474
staggered_uniform_6x7_none_high_value_center_compact_standard_train,P27,120,3.8916666666666666,4.0,1.0,8.916145833333337,6.625,0.0,15.541145833333335,18.086413043478252
staggered_uniform_6x7_none_high_value_center_compact_standard_train,P28,120,2.15,3.1363636363636362,0.9583333333333334,3.9818749999999996,2.941666666666667,0.0,6.923541666666666,12.727083333333331
staggered_uniform_6x7_none_high_value_center_compact_standard_train,P30,120,2.025,3.0833333333333335,0.9833333333333333,3.6620833333333334,2.158333333333333,0.0,5.820416666666666,9.895000000000001
staggered_uniform_6x7_none_high_value_center_compact_standard_eval,P03,120,3.8833333333333333,4.0,1.0,5.083749999999998,2.6,1.2833333333333334,7.940416666666666,8.75
staggered_uniform_6x7_none_high_value_center_compact_standard_eval,P08,120,3.225,4.0,1.0,4.336875,3.325,0.21666666666666667,7.705208333333335,9.275
staggered_uniform_6x7_none_high_value_center_compact_standard_eval,P10,120,3.7666666666666666,4.0,1.0,4.080625000000001,2.7666666666666666,1.0,7.047291666666668,7.5249999999999995
staggered_uniform_6x7_none_high_value_center_compact_standard_eval,P12,120,3.7916666666666665,4.0,1.0,2.8433333333333337,2.8333333333333335,0.9583333333333334,5.868333333333335,6.200000000000002
staggered_uniform_6x7_none_high_value_center_compact_standard_eval,P13,120,3.341666666666667,4.0,1.0,4.0981250000000005,2.875,0.5083333333333333,7.074791666666665,7.425000000000001
staggered_uniform_6x7_none_high_value_center_compact_standard_eval,P14,120,3.941666666666667,4.0,1.0,6.257395833333334,4.25,0.15833333333333333,10.5390625,11.762500000000005
staggered_uniform_6x7_none_high_value_center_compact_standard_eval,P20,120,3.95,4.0,1.0,4.130833333333334,2.808333333333333,1.1416666666666666,7.167500000000002,7.581043956043954
staggered_uniform_6x7_none_high_value_center_compact_standard_eval,P23,120,2.4,3.0847457627118646,1.0,3.296875000000001,2.1083333333333334,0.375,5.480208333333334,8.883333333333335
staggered_uniform_6x7_none_high_value_center_compact_standard_eval,P26,120,1.9666666666666666,2.0,1.0,4.848333333333333,3.591666666666667,0.0,8.44,9.224999999999998
staggered_uniform_6x7_none_high_value_center_compact_standard_eval,P29,120,2.4583333333333335,3.0153846153846153,1.0,4.171875,3.191666666666667,0.0,7.363541666666666,10.722916666666668
staggered_uniform_6x7_none_high_value_center_compact_loose_train,P01,120,2.8333333333333335,4.0,1.0,1.8933333333333329,2.0,0.85,4.0633333333333335,5.833333333333332
staggered_uniform_6x7_none_high_value_center_compact_loose_train,P02,120,1.6666666666666667,2.108108108108108,0.9833333333333333,3.5497916666666667,2.425,0.0,5.974791666666666,7.191666666666666
staggered_uniform_6x7_none_high_value_center_compact_loose_train,P04,120,3.525,4.0,1.0,3.2025000000000006,1.975,1.55,5.487499999999999,5.625
staggered_uniform_6x7_none_high_value_center_compact_loose_train,P05,120,1.8916666666666666,3.0,1.0,2.2079166666666667,1.85,0.25,4.107916666666666,7.6634615384615365
staggered_uniform_6x7_none_high_value_center_compact_loose_train,P06,120,3.8,4.0,1.0,1.9424999999999994,1.9916666666666667,1.8083333333333333,4.295833333333334,4.350000000000001
staggered_uniform_6x7_none_high_value_center_compact_loose_train,P07,120,3.225,4.0,1.0,2.1075,2.341666666666667,0.9166666666666666,4.632499999999999,5.900000000000001
staggered_uniform_6x7_none_high_value_center_compact_loose_train,P09,120,1.9666666666666666,2.074074074074074,1.0,4.3325000000000005,3.1,0.0,7.432499999999999,9.324999999999998
staggered_uniform_6x7_none_high_value_center_compact_loose_train,P11,120,2.975,4.0,1.0,3.1050000000000013,1.8666666666666667,1.1083333333333334,5.193333333333332,5.625
staggered_uniform_6x7_none_high_value_center_compact_loose_train,P15,120,2.966666666666667,4.0,1.0,3.936249999999999,2.941666666666667,0.15,6.907916666666665,7.25
staggered_uniform_6x7_none_high_value_center_compact_loose_train,P16,120,3.9166666666666665,4.0,1.0,4.249999999999999,1.9166666666666667,2.0,6.566666666666668,6.825000000000002
staggered_uniform_6x7_none_high_value_center_compact_loose_train,P17,120,3.9,4.0,1.0,4.871666666666666,5.25,0.075,10.136666666666667,11.575892857142858
staggered_uniform_6x7_none_high_value_center_compact_loose_train,P18,120,3.85,4.0,1.0,4.210000000000001,2.9833333333333334,0.8666666666666667,7.3666666666666645,7.424999999999995
staggered_uniform_6x7_none_high_value_center_compact_loose_train,P19,120,3.908333333333333,4.0,1.0,4.903749999999999,3.783333333333333,0.3,8.747083333333332,11.099999999999998
staggered_uniform_6x7_none_high_value_center_compact_loose_train,P21,120,3.8583333333333334,4.0,1.0,1.8862499999999995,1.9833333333333334,1.875,4.244583333333333,4.31778846153846
staggered_uniform_6x7_none_high_value_center_compact_loose_train,P22,120,2.3,3.175,1.0,3.9941666666666658,2.9916666666666667,0.025,6.990833333333332,9.05
staggered_uniform_6x7_none_high_value_center_compact_loose_train,P24,120,3.058333333333333,4.0,1.0,4.857500000000001,3.033333333333333,0.24166666666666667,7.939166666666667,10.375
staggered_uniform_6x7_none_high_value_center_compact_loose_train,P25,120,1.7416666666666667,3.0,0.975,1.2291666666666665,1.1416666666666666,0.6,2.4908333333333332,5.044444444444444
staggered_uniform_6x7_none_high_value_center_compact_loose_train,P27,120,3.825,4.0,1.0,7.238333333333334,4.875,0.05,12.123333333333335,15.03515625
staggered_uniform_6x7_none_high_value_center_compact_loose_train,P28,120,1.9583333333333333,3.0,0.9833333333333333,4.3933333333333335,2.8833333333333333,0.0,7.276666666666667,11.147916666666667
staggered_uniform_6x7_none_high_value_center_compact_loose_train,P30,120,2.7,4.0,0.9833333333333333,4.767708333333334,3.05,0.0,7.817708333333333,12.496875
staggered_uniform_6x7_none_high_value_center_compact_loose_eval,P03,120,2.4916666666666667,3.1076923076923078,0.9916666666666667,2.7375,1.9083333333333334,0.5833333333333334,4.7625,6.382352941176471
staggered_uniform_6x7_none_high_value_center_compact_loose_eval,P08,120,3.2083333333333335,4.0,1.0,2.660416666666667,2.625,0.675,5.420416666666667,6.266071428571427
staggered_uniform_6x7_none_high_value_center_compact_loose_eval,P10,120,3.225,4.0,1.0,4.061458333333333,2.7083333333333335,0.575,6.8847916666666675,7.574999999999998
staggered_uniform_6x7_none_high_value_center_compact_loose_eval,P12,120,2.475,3.1551724137931036,1.0,3.701250000000001,2.925,0.15833333333333333,6.657916666666667,9.324999999999998
staggered_uniform_6x7_none_high_value_center_compact_loose_eval,P13,120,2.9833333333333334,4.0,0.9916666666666667,1.886666666666666,1.9333333333333333,1.05,4.029999999999999,4.671875
staggered_uniform_6x7_none_high_value_center_compact_loose_eval,P14,120,3.941666666666667,4.0,1.0,6.490312500000002,4.35,0.075,10.855312499999998,11.762500000000005
staggered_uniform_6x7_none_high_value_center_compact_loose_eval,P20,120,0.05,0.05,0.05,0.10833333333333334,0.06666666666666667,0.0,0.17499999999999996,0.17499999999999996
staggered_uniform_6x7_none_high_value_center_compact_loose_eval,P23,120,2.566666666666667,4.0,0.9916666666666667,3.0631250000000008,1.9083333333333334,0.675,5.106458333333333,6.54326923076923
staggered_uniform_6x7_none_high_value_center_compact_loose_eval,P26,120,2.975,3.0085470085470085,1.0,3.923333333333334,2.6666666666666665,0.325,6.654999999999999,7.227439024390245
staggered_uniform_6x7_none_high_value_center_compact_loose_eval,P29,120,1.6333333333333333,3.0,0.9166666666666666,1.870625,1.7833333333333334,0.0,3.6539583333333336,8.093750000000002
staggered_uniform_6x7_none_high_value_center_standard_compact_train,P01,120,3.65,4.0,1.0,6.652500000000001,4.175,0.016666666666666666,10.830833333333333,12.550000000000002
staggered_uniform_6x7_none_high_value_center_standard_compact_train,P02,120,3.308333333333333,4.0,1.0,3.0024999999999995,2.9583333333333335,0.375,6.035833333333334,8.800000000000002
staggered_uniform_6x7_none_high_value_center_standard_compact_train,P04,120,3.4916666666666667,4.0,1.0,3.9700000000000006,2.875,0.6333333333333333,6.971666666666665,7.57723880597015
staggered_uniform_6x7_none_high_value_center_standard_compact_train,P05,120,2.2916666666666665,3.0,1.0,1.9125,1.925,0.4083333333333333,3.9191666666666665,6.129411764705882
staggered_uniform_6x7_none_high_value_center_standard_compact_train,P06,120,3.425,4.0,1.0,3.187500000000001,1.9583333333333333,1.4666666666666666,5.439166666666666,5.625
staggered_uniform_6x7_none_high_value_center_standard_compact_train,P07,120,3.8,4.0,1.0,8.472499999999998,5.858333333333333,0.0,14.330833333333333,14.599999999999996
staggered_uniform_6x7_none_high_value_center_standard_compact_train,P09,120,3.658333333333333,4.0,1.0,4.563958333333333,3.5416666666666665,0.15833333333333333,8.137291666666668,9.33785714285714
staggered_uniform_6x7_none_high_value_center_standard_compact_train,P11,120,3.6333333333333333,4.0,1.0,4.317500000000001,2.975,0.7,7.432500000000002,9.324999999999998
staggered_uniform_6x7_none_high_value_center_standard_compact_train,P15,120,2.95,4.0,1.0,2.5616666666666665,2.1416666666666666,0.8083333333333333,4.864999999999999,6.453571428571429
staggered_uniform_6x7_none_high_value_center_standard_compact_train,P16,120,3.9166666666666665,4.0,1.0,3.9924999999999993,2.9916666666666667,0.925,7.169166666666668,7.200000000000004
staggered_uniform_6x7_none_high_value_center_standard_compact_train,P17,120,3.1333333333333333,4.0,1.0,4.272083333333334,4.416666666666667,0.016666666666666666,8.692083333333334,10.163934426229511
staggered_uniform_6x7_none_high_value_center_standard_compact_train,P18,120,3.8666666666666667,4.0,1.0,3.3106249999999995,3.0416666666666665,0.8333333333333334,6.518958333333332,6.647815533980584
staggered_uniform_6x7_none_high_value_center_standard_compact_train,P19,120,3.9166666666666665,4.0,1.0,5.960000000000002,4.791666666666667,0.03333333333333333,10.758333333333335,13.199999999999998
staggered_uniform_6x7_none_high_value_center_standard_compact_train,P21,120,2.6,3.026666666666667,1.0,3.2370833333333335,3.0,0.03333333333333333,6.24375,9.217647058823529
staggered_uniform_6x7_none_high_value_center_standard_compact_train,P22,120,3.75,4.0,1.0,6.478958333333334,4.35,0.03333333333333333,10.835624999999999,12.375
staggered_uniform_6x7_none_high_value_center_standard_compact_train,P24,120,3.125,4.0,1.0,5.599791666666667,3.5416666666666665,0.15,9.171458333333334,12.375
staggered_uniform_6x7_none_high_value_center_standard_compact_train,P25,120,3.8666666666666667,4.0,1.0,4.650625000000001,3.175,0.7333333333333333,7.972291666666666,10.325
staggered_uniform_6x7_none_high_value_center_standard_compact_train,P27,120,3.7666666666666666,4.0,1.0,7.953749999999999,6.166666666666667,0.0,14.120416666666667,15.662500000000001
staggered_uniform_6x7_none_high_value_center_standard_compact_train,P28,120,2.908333333333333,4.0,0.9916666666666667,6.803125,4.508333333333334,0.0,11.311458333333333,16.870833333333334
staggered_uniform_6x7_none_high_value_center_standard_compact_train,P30,120,2.1083333333333334,3.0,1.0,5.3929166666666655,3.6666666666666665,0.0,9.059583333333332,16.249999999999996
staggered_uniform_6x7_none_high_value_center_standard_compact_eval,P03,120,1.4,2.0,0.9833333333333333,6.8166666666666655,4.366666666666666,0.0,11.183333333333335,12.69285714285714
staggered_uniform_6x7_none_high_value_center_standard_compact_eval,P08,120,3.1166666666666667,4.0,0.9916666666666667,5.375624999999999,4.15,0.016666666666666666,9.52895833333333,11.225000000000001
staggered_uniform_6x7_none_high_value_center_standard_compact_eval,P10,120,1.2583333333333333,2.0294117647058822,0.9666666666666667,6.335833333333335,5.066666666666666,0.0,11.402499999999998,13.325000000000005
staggered_uniform_6x7_none_high_value_center_standard_compact_eval,P12,120,2.4583333333333335,3.0,0.9916666666666667,2.866875,2.225,0.3416666666666667,5.160208333333332,7.2250000000000005
staggered_uniform_6x7_none_high_value_center_standard_compact_eval,P13,120,2.5416666666666665,3.0793650793650795,1.0,3.098333333333334,1.8583333333333334,0.6833333333333333,5.093333333333333,5.44364406779661
staggered_uniform_6x7_none_high_value_center_standard_compact_eval,P14,120,3.95,4.0,1.0,5.526562499999999,3.466666666666667,0.5,9.093229166666667,9.662500000000005
staggered_uniform_6x7_none_high_value_center_standard_compact_eval,P20,120,3.95,4.0,1.0,3.3645833333333335,1.9916666666666667,1.9583333333333333,5.747916666666668,5.805701754385965
staggered_uniform_6x7_none_high_value_center_standard_compact_eval,P23,120,2.875,4.0,1.0,4.054166666666667,2.7916666666666665,0.3,6.905833333333334,9.965
staggered_uniform_6x7_none_high_value_center_standard_compact_eval,P26,120,2.816666666666667,3.0,1.0,4.1833333333333345,2.9583333333333335,0.0,7.141666666666666,9.275000000000002
staggered_uniform_6x7_none_high_value_center_standard_compact_eval,P29,120,2.908333333333333,4.0,1.0,7.194999999999999,4.6,0.0,11.794999999999998,16.07045454545455
staggered_uniform_6x7_none_high_value_center_standard_standard_train,P01,120,3.175,4.0,1.0,2.0025,2.058333333333333,1.1166666666666667,4.284166666666667,6.961538461538462
staggered_uniform_6x7_none_high_value_center_standard_standard_train,P02,120,2.9,4.0,1.0,2.4999999999999996,2.6666666666666665,0.375,5.241666666666666,6.0
staggered_uniform_6x7_none_high_value_center_standard_standard_train,P04,120,2.8583333333333334,3.0842105263157893,1.0,3.150000000000001,1.9166666666666667,0.9416666666666667,5.254999999999999,5.442391304347825
staggered_uniform_6x7_none_high_value_center_standard_standard_train,P05,120,3.3333333333333335,4.0,1.0,2.854999999999999,3.066666666666667,0.4083333333333333,6.003333333333332,7.6999999999999975
staggered_uniform_6x7_none_high_value_center_standard_standard_train,P06,120,2.966666666666667,4.0,1.0,3.187500000000001,1.9583333333333333,1.0083333333333333,5.347499999999998,5.625
staggered_uniform_6x7_none_high_value_center_standard_standard_train,P07,120,3.125,4.0,1.0,2.9149999999999996,2.45,0.6833333333333333,5.501666666666667,7.099999999999998
staggered_uniform_6x7_none_high_value_center_standard_standard_train,P09,120,3.1166666666666667,4.0,1.0,2.796666666666667,2.775,0.43333333333333335,5.658333333333333,6.327586206896551
staggered_uniform_6x7_none_high_value_center_standard_standard_train,P11,120,2.3833333333333333,3.017543859649123,1.0,3.067500000000001,1.825,0.6,5.0125,5.428703703703705
staggered_uniform_6x7_none_high_value_center_standard_standard_train,P15,120,3.1416666666666666,4.0,1.0,3.082500000000001,2.7416666666666667,0.425,5.909166666666666,6.425000000000001
staggered_uniform_6x7_none_high_value_center_standard_standard_train,P16,120,3.9166666666666665,4.0,1.0,6.325000000000002,4.0,0.0,10.325,10.325
staggered_uniform_6x7_none_high_value_center_standard_standard_train,P17,120,3.1666666666666665,4.0,1.0,4.082916666666667,4.491666666666666,0.025,8.579583333333334,11.406521739130437
staggered_uniform_6x7_none_high_value_center_standard_standard_train,P18,120,3.3583333333333334,4.0,1.0,4.331666666666666,2.9583333333333335,0.4583333333333333,7.381666666666669,7.574999999999999
staggered_uniform_6x7_none_high_value_center_standard_standard_train,P19,120,3.9166666666666665,4.0,1.0,5.369999999999999,4.275,0.075,9.659999999999998,11.100000000000003
staggered_uniform_6x7_none_high_value_center_standard_standard_train,P21,120,2.433333333333333,3.1785714285714284,1.0,2.5312499999999996,2.2333333333333334,0.38333333333333336,4.84125,10.031249999999998
staggered_uniform_6x7_none_high_value_center_standard_standard_train,P22,120,3.316666666666667,4.0,1.0,4.967291666666666,3.6333333333333333,0.075,8.615625,10.809782608695652
staggered_uniform_6x7_none_high_value_center_standard_standard_train,P24,120,2.558333333333333,3.121212121212121,1.0,4.9787500000000025,2.8916666666666666,0.05,7.880416666666668,10.375
staggered_uniform_6x7_none_high_value_center_standard_standard_train,P25,120,3.183333333333333,4.0,1.0,2.441874999999999,2.225,0.9583333333333334,4.8585416666666665,7.331730769230769
staggered_uniform_6x7_none_high_value_center_standard_standard_train,P27,120,3.675,4.0,1.0,5.7768749999999995,3.825,0.30833333333333335,9.663541666666667,13.014423076923078
staggered_uniform_6x7_none_high_value_center_standard_standard_train,P28,120,2.091666666666667,3.1025641025641026,0.9833333333333333,3.7102083333333327,2.8,0.0,6.510208333333333,11.035294117647057
staggered_uniform_6x7_none_high_value_center_standard_standard_train,P30,120,2.575,4.0,0.9916666666666667,3.810833333333333,2.775,0.0,6.5858333333333325,11.959615384615384
staggered_uniform_6x7_none_high_value_center_standard_standard_eval,P03,120,3.8833333333333333,4.0,1.0,6.262500000000001,3.7916666666666665,0.13333333333333333,10.080833333333333,10.450000000000001
staggered_uniform_6x7_none_high_value_center_standard_standard_eval,P08,120,2.825,4.0,0.9916666666666667,2.8189583333333332,2.3,0.5333333333333333,5.225624999999999,7.255434782608698
staggered_uniform_6x7_none_high_value_center_standard_standard_eval,P10,120,3.8916666666666666,4.0,1.0,5.042291666666666,3.816666666666667,0.125,8.883958333333332,9.265816326530611
staggered_uniform_6x7_none_high_value_center_standard_standard_eval,P12,120,3.8,4.0,1.0,3.5479166666666657,3.475,0.4,7.102916666666666,8.049999999999997
staggered_uniform_6x7_none_high_value_center_standard_standard_eval,P13,120,2.7416666666666667,4.0,1.0,3.270625000000001,2.0416666666666665,0.7,5.452291666666666,7.424999999999999
staggered_uniform_6x7_none_high_value_center_standard_standard_eval,P14,120,3.95,4.0,1.0,5.620104166666666,3.425,0.6083333333333333,9.166770833333334,11.102777777777778
staggered_uniform_6x7_none_high_value_center_standard_standard_eval,P20,120,3.8666666666666667,4.0,1.0,4.329791666666667,2.966666666666667,0.9,7.476458333333335,7.575000000000003
staggered_uniform_6x7_none_high_value_center_standard_standard_eval,P23,120,1.85,3.103448275862069,0.9666666666666667,3.275000000000001,2.1,0.075,5.39,8.024999999999999
staggered_uniform_6x7_none_high_value_center_standard_standard_eval,P26,120,2.816666666666667,3.0,1.0,4.006666666666668,2.7666666666666666,0.15,6.803333333333332,7.376063829787236
staggered_uniform_6x7_none_high_value_center_standard_standard_eval,P29,120,1.7833333333333334,2.0795454545454546,0.9916666666666667,3.2339583333333333,2.191666666666667,0.0,5.425625,7.628205128205127
staggered_uniform_6x7_none_high_value_center_standard_loose_train,P01,120,3.6416666666666666,4.0,1.0,2.4225,2.691666666666667,0.95,5.304166666666668,5.899999999999999
staggered_uniform_6x7_none_high_value_center_standard_loose_train,P02,120,2.5166666666666666,3.0428571428571427,0.9916666666666667,3.4618750000000005,2.433333333333333,0.14166666666666666,5.923541666666666,7.354032258064518
staggered_uniform_6x7_none_high_value_center_standard_loose_train,P04,120,2.591666666666667,3.0140845070422535,1.0,3.150000000000001,1.9166666666666667,0.675,5.201666666666665,5.4278571428571425
staggered_uniform_6x7_none_high_value_center_standard_loose_train,P05,120,2.433333333333333,3.019230769230769,1.0,1.8737499999999998,1.8916666666666666,0.5416666666666666,3.87375,4.431730769230769
staggered_uniform_6x7_none_high_value_center_standard_loose_train,P06,120,2.716666666666667,3.1298701298701297,1.0,1.9512499999999995,1.975,0.75,4.07625,4.232467532467531
staggered_uniform_6x7_none_high_value_center_standard_loose_train,P07,120,2.2416666666666667,3.122448979591837,0.9666666666666667,1.5750000000000002,1.75,0.49166666666666664,3.423333333333333,4.060416666666666
staggered_uniform_6x7_none_high_value_center_standard_loose_train,P09,120,2.9166666666666665,4.0,1.0,3.978333333333334,2.9,0.25,6.928333333333334,9.324999999999996
staggered_uniform_6x7_none_high_value_center_standard_loose_train,P11,120,2.275,3.0,1.0,3.067500000000001,1.825,0.4666666666666667,4.985833333333333,5.425000000000002
staggered_uniform_6x7_none_high_value_center_standard_loose_train,P15,120,3.8583333333333334,4.0,1.0,3.1574999999999993,2.15,1.7083333333333333,5.649166666666668,7.25
staggered_uniform_6x7_none_high_value_center_standard_loose_train,P16,120,3.9166666666666665,4.0,1.0,4.624999999999999,2.2,1.7166666666666666,7.168333333333335,8.625
staggered_uniform_6x7_none_high_value_center_standard_loose_train,P17,120,3.1333333333333333,4.0,1.0,3.415833333333333,3.7,0.06666666666666667,7.129166666666666,9.51388888888889
staggered_uniform_6x7_none_high_value_center_standard_loose_train,P18,120,3.9166666666666665,4.0,1.0,3.6400000000000006,2.283333333333333,1.6333333333333333,6.25,7.574999999999998
staggered_uniform_6x7_none_high_value_center_standard_loose_train,P19,120,3.9166666666666665,4.0,1.0,5.458749999999999,4.366666666666666,0.125,9.850416666666666,12.516666666666667
staggered_uniform_6x7_none_high_value_center_standard_loose_train,P21,120,3.025,4.0,1.0,2.435,2.1416666666666666,0.8833333333333333,4.753333333333333,7.349999999999998
staggered_uniform_6x7_none_high_value_center_standard_loose_train,P22,120,2.9833333333333334,4.0,1.0,4.249999999999999,3.2583333333333333,0.06666666666666667,7.521666666666666,9.050000000000002
staggered_uniform_6x7_none_high_value_center_standard_loose_train,P24,120,2.175,3.090909090909091,1.0,4.613125,2.675,0.06666666666666667,7.3014583333333345,8.431172839506175
staggered_uniform_6x7_none_high_value_center_standard_loose_train,P25,120,2.066666666666667,3.1794871794871793,0.975,1.7449999999999999,1.5833333333333333,0.48333333333333334,3.425,7.08
staggered_uniform_6x7_none_high_value_center_standard_loose_train,P27,120,3.9166666666666665,4.0,1.0,7.9521875,5.933333333333334,0.025,13.890520833333335,16.7625
staggered_uniform_6x7_none_high_value_center_standard_loose_train,P28,120,2.1,3.0277777777777777,0.9916666666666667,4.149791666666666,2.75,0.0,6.899791666666668,10.615277777777779
staggered_uniform_6x7_none_high_value_center_standard_loose_train,P30,120,2.35,3.0,1.0,4.682083333333334,2.9833333333333334,0.0,7.665416666666668,10.294
staggered_uniform_6x7_none_high_value_center_standard_loose_eval,P03,120,3.025,4.0,1.0,2.645,2.283333333333333,0.7416666666666667,5.076666666666666,7.1
staggered_uniform_6x7_none_high_value_center_standard_loose_eval,P08,120,3.433333333333333,4.0,1.0,3.1187500000000004,3.125,0.31666666666666665,6.307083333333335,8.05
staggered_uniform_6x7_none_high_value_center_standard_loose_eval,P10,120,3.3666666666666667,4.0,1.0,3.828958333333334,2.691666666666667,0.675,6.655625,7.425
staggered_uniform_6x7_none_high_value_center_standard_loose_eval,P12,120,2.658333333333333,3.095890410958904,1.0,2.1,1.9,0.7583333333333333,4.151666666666667,7.331250000000002
staggered_uniform_6x7_none_high_value_center_standard_loose_eval,P13,120,2.6083333333333334,3.1194029850746268,1.0,2.0168749999999998,1.9583333333333333,0.6583333333333333,4.1068750000000005,7.071153846153845
staggered_uniform_6x7_none_high_value_center_standard_loose_eval,P14,120,3.95,4.0,1.0,6.080208333333334,3.691666666666667,0.425,9.856875,11.7625
staggered_uniform_6x7_none_high_value_center_standard_loose_eval,P20,120,0.9583333333333334,2.1785714285714284,0.6833333333333333,0.8420833333333334,0.825,0.13333333333333333,1.69375,4.108823529411764
staggered_uniform_6x7_none_high_value_center_standard_loose_eval,P23,120,1.925,3.1538461538461537,0.9833333333333333,3.210000000000001,1.9666666666666666,0.23333333333333334,5.223333333333333,6.452586206896553
staggered_uniform_6x7_none_high_value_center_standard_loose_eval,P26,120,2.55,3.0307692307692307,1.0,5.062291666666666,3.8333333333333335,0.0,8.895624999999999,9.225
staggered_uniform_6x7_none_high_value_center_standard_loose_eval,P29,120,1.2833333333333334,2.020408163265306,0.8666666666666667,1.4693749999999999,1.3416666666666666,0.0,2.8110416666666667,6.535416666666667
staggered_uniform_6x7_none_high_value_center_loose_compact_train,P01,120,2.6416666666666666,3.081081081081081,1.0,8.477083333333331,5.866666666666666,0.0,14.343749999999996,14.599999999999993
staggered_uniform_6x7_none_high_value_center_loose_compact_train,P02,120,1.975,3.0,1.0,1.8525,1.8916666666666666,0.13333333333333333,3.7708333333333326,5.746153846153846
staggered_uniform_6x7_none_high_value_center_loose_compact_train,P04,120,3.675,4.0,1.0,3.39,2.6,1.075,6.204999999999999,7.425
staggered_uniform_6x7_none_high_value_center_loose_compact_train,P05,120,1.2583333333333333,2.0,1.0,1.3425,1.4583333333333333,0.1,2.820833333333333,3.865454545454547
staggered_uniform_6x7_none_high_value_center_loose_compact_train,P06,120,3.433333333333333,4.0,1.0,3.1725000000000008,1.9416666666666667,1.4916666666666667,5.4125,5.625
staggered_uniform_6x7_none_high_value_center_loose_compact_train,P07,120,3.7416666666666667,4.0,1.0,7.6049999999999995,5.033333333333333,0.0,12.638333333333337,14.600000000000001
staggered_uniform_6x7_none_high_value_center_loose_compact_train,P09,120,2.125,3.0,1.0,2.8431249999999997,2.175,0.15,5.048125000000001,7.224999999999999
staggered_uniform_6x7_none_high_value_center_loose_compact_train,P11,120,3.7916666666666665,4.0,1.0,4.137083333333335,2.816666666666667,0.9833333333333333,7.150416666666669,7.547784810126579
staggered_uniform_6x7_none_high_value_center_loose_compact_train,P15,120,3.3916666666666666,4.0,1.0,3.180833333333333,2.55,0.8583333333333333,5.9025,6.593999999999999
staggered_uniform_6x7_none_high_value_center_loose_compact_train,P16,120,3.9166666666666665,4.0,1.0,2.7833333333333337,1.6833333333333333,2.2333333333333334,4.913333333333333,5.5
staggered_uniform_6x7_none_high_value_center_loose_compact_train,P17,120,2.525,3.0,1.0,3.1,3.15,0.03333333333333333,6.256666666666669,7.949999999999998
staggered_uniform_6x7_none_high_value_center_loose_compact_train,P18,120,2.2083333333333335,3.0303030303030303,1.0,4.201874999999999,3.6,0.041666666666666664,7.810208333333334,10.505555555555555
staggered_uniform_6x7_none_high_value_center_loose_compact_train,P19,120,3.908333333333333,4.0,1.0,4.317083333333333,3.1333333333333333,0.8,7.610416666666667,9.51
staggered_uniform_6x7_none_high_value_center_loose_compact_train,P21,120,3.475,4.0,1.0,4.068749999999999,3.0166666666666666,0.5,7.185416666666665,9.099999999999998
staggered_uniform_6x7_none_high_value_center_loose_compact_train,P22,120,3.7666666666666666,4.0,1.0,6.178958333333333,4.025,0.11666666666666667,10.227291666666668,12.375
staggered_uniform_6x7_none_high_value_center_loose_compact_train,P24,120,2.9,4.0,0.9916666666666667,4.5875,2.408333333333333,0.49166666666666664,7.094166666666666,8.625
staggered_uniform_6x7_none_high_value_center_loose_compact_train,P25,120,2.8666666666666667,4.0,1.0,4.382500000000001,2.7916666666666665,0.30833333333333335,7.235833333333333,10.325000000000001
staggered_uniform_6x7_none_high_value_center_loose_compact_train,P27,120,3.466666666666667,4.0,1.0,5.101249999999999,3.125,0.45,8.31625,10.05518292682927
staggered_uniform_6x7_none_high_value_center_loose_compact_train,P28,120,3.066666666666667,4.0,1.0,6.581041666666667,4.1,0.0,10.681041666666665,14.975000000000001
staggered_uniform_6x7_none_high_value_center_loose_compact_train,P30,120,2.725,3.0,1.0,6.697916666666667,4.641666666666667,0.0,11.339583333333334,15.024999999999999
staggered_uniform_6x7_none_high_value_center_loose_compact_eval,P03,120,2.591666666666667,3.0422535211267605,0.9916666666666667,5.279999999999999,3.3833333333333333,0.008333333333333333,8.665000000000001,10.450000000000003
staggered_uniform_6x7_none_high_value_center_loose_compact_eval,P08,120,2.308333333333333,3.0,0.9916666666666667,7.080625000000001,5.75,0.0,12.830625,13.325
staggered_uniform_6x7_none_high_value_center_loose_compact_eval,P10,120,2.283333333333333,3.0,1.0,4.24125,3.0083333333333333,0.008333333333333333,7.251249999999999,9.225
staggered_uniform_6x7_none_high_value_center_loose_compact_eval,P12,120,1.55,2.0,0.9916666666666667,2.303958333333333,2.0,0.06666666666666667,4.317291666666667,7.224999999999999
staggered_uniform_6x7_none_high_value_center_loose_compact_eval,P13,120,2.7083333333333335,4.0,1.0,3.145000000000001,1.9,0.8083333333333333,5.206666666666666,5.805000000000001
staggered_uniform_6x7_none_high_value_center_loose_compact_eval,P14,120,3.95,4.0,1.0,5.1303125000000005,2.7333333333333334,1.225,8.108645833333334,8.788942307692306
staggered_uniform_6x7_none_high_value_center_loose_compact_eval,P20,120,3.95,4.0,1.0,3.6887500000000006,2.65,1.3083333333333333,6.600416666666666,8.5
staggered_uniform_6x7_none_high_value_center_loose_compact_eval,P23,120,2.808333333333333,4.0,1.0,3.411041666666667,2.191666666666667,0.65,5.732708333333333,8.154411764705884
staggered_uniform_6x7_none_high_value_center_loose_compact_eval,P26,120,3.0083333333333333,4.0,1.0,4.395833333333333,3.1666666666666665,0.09166666666666666,7.580833333333333,9.274999999999999
staggered_uniform_6x7_none_high_value_center_loose_compact_eval,P29,120,2.816666666666667,4.0,1.0,7.190416666666666,4.4,0.0,11.590416666666666,16.060714285714287
staggered_uniform_6x7_none_high_value_center_loose_standard_train,P01,120,2.0416666666666665,3.0,1.0,1.5525,1.6916666666666667,0.39166666666666666,3.3224999999999993,4.3238095238095235
staggered_uniform_6x7_none_high_value_center_loose_standard_train,P02,120,3.341666666666667,4.0,1.0,2.8599999999999994,3.066666666666667,0.4083333333333333,6.008333333333334,7.699999999999996
staggered_uniform_6x7_none_high_value_center_loose_standard_train,P04,120,3.5416666666666665,4.0,1.0,3.1650000000000005,1.9333333333333333,1.6083333333333334,5.419999999999999,5.625
staggered_uniform_6x7_none_high_value_center_loose_standard_train,P05,120,3.3583333333333334,4.0,1.0,1.6725000000000003,1.8583333333333334,1.5,3.8308333333333335,4.199999999999999
staggered_uniform_6x7_none_high_value_center_loose_standard_train,P06,120,2.125,3.0,1.0,3.1725000000000008,1.9416666666666667,0.25,5.164166666666665,5.425000000000002
staggered_uniform_6x7_none_high_value_center_loose_standard_train,P07,120,1.5,2.016949152542373,1.0,2.0925,1.9916666666666667,0.09166666666666666,4.1025,6.9
staggered_uniform_6x7_none_high_value_center_loose_standard_train,P09,120,3.5083333333333333,4.0,1.0,3.42,3.341666666666667,0.35833333333333334,6.833333333333332,8.049999999999999
staggered_uniform_6x7_none_high_value_center_loose_standard_train,P11,120,3.283333333333333,4.0,1.0,3.0675000000000012,1.825,1.4583333333333333,5.184166666666666,5.625
staggered_uniform_6x7_none_high_value_center_loose_standard_train,P15,120,3.3666666666666667,4.0,1.0,2.5504166666666666,2.0833333333333335,1.2833333333333334,4.890416666666666,6.525000000000001
staggered_uniform_6x7_none_high_value_center_loose_standard_train,P16,120,3.9166666666666665,4.0,1.0,4.71,3.2083333333333335,0.725,8.063333333333334,10.325
staggered_uniform_6x7_none_high_value_center_loose_standard_train,P17,120,2.675,3.0,1.0,2.904166666666667,2.966666666666667,0.1,5.890833333333334,7.949999999999999
staggered_uniform_6x7_none_high_value_center_loose_standard_train,P18,120,3.183333333333333,4.0,1.0,3.612083333333333,2.275,0.9083333333333333,6.068750000000002,7.328846153846152
staggered_uniform_6x7_none_high_value_center_loose_standard_train,P19,120,3.9166666666666665,4.0,1.0,3.982499999999999,2.841666666666667,1.075,7.0391666666666675,9.012499999999998
staggered_uniform_6x7_none_high_value_center_loose_standard_train,P21,120,2.2583333333333333,3.1944444444444446,1.0,4.199999999999999,3.1416666666666666,0.016666666666666666,7.344999999999999,9.099999999999998
staggered_uniform_6x7_none_high_value_center_loose_standard_train,P22,120,3.3833333333333333,4.0,1.0,4.714166666666666,3.3,0.175,8.049166666666666,10.449074074074074
staggered_uniform_6x7_none_high_value_center_loose_standard_train,P24,120,2.441666666666667,4.0,0.9916666666666667,4.095625,1.8833333333333333,0.5583333333333333,6.090625,7.332692307692309
staggered_uniform_6x7_none_high_value_center_loose_standard_train,P25,120,3.1666666666666665,4.0,1.0,2.6624999999999996,2.308333333333333,0.875,5.145833333333332,7.622222222222222
staggered_uniform_6x7_none_high_value_center_loose_standard_train,P27,120,3.6666666666666665,4.0,1.0,7.406875,5.583333333333333,0.0,12.990208333333333,15.662500000000003
staggered_uniform_6x7_none_high_value_center_loose_standard_train,P28,120,2.075,3.1,0.9833333333333333,3.4806249999999994,2.65,0.0,6.130624999999999,10.964583333333332
staggered_uniform_6x7_none_high_value_center_loose_standard_train,P30,120,1.9583333333333333,3.0,1.0,2.7941666666666665,2.283333333333333,0.0,5.0775,9.676923076923076
staggered_uniform_6x7_none_high_value_center_loose_standard_eval,P03,120,2.591666666666667,3.0285714285714285,1.0,7.362499999999998,4.791666666666667,0.0,12.154166666666667,12.616315789473681
staggered_uniform_6x7_none_high_value_center_loose_standard_eval,P08,120,1.9083333333333334,2.0784313725490198,0.9916666666666667,2.082708333333333,1.9333333333333333,0.125,4.041041666666667,7.224999999999997
staggered_uniform_6x7_none_high_value_center_loose_standard_eval,P10,120,2.7,3.036144578313253,0.9916666666666667,6.692291666666667,5.366666666666666,0.0,12.058958333333331,13.325000000000003
staggered_uniform_6x7_none_high_value_center_loose_standard_eval,P12,120,3.525,4.0,1.0,1.8766666666666665,1.9083333333333334,1.6166666666666667,4.108333333333333,4.482394366197187
staggered_uniform_6x7_none_high_value_center_loose_standard_eval,P13,120,1.9833333333333334,2.091743119266055,0.9916666666666667,3.1256250000000008,1.8916666666666666,0.10833333333333334,5.038958333333334,5.2707943925233645
staggered_uniform_6x7_none_high_value_center_loose_standard_eval,P14,120,3.95,4.0,1.0,4.951145833333333,2.55,1.4083333333333334,7.782812500000001,8.848975409836061
staggered_uniform_6x7_none_high_value_center_loose_standard_eval,P20,120,2.6166666666666667,3.090909090909091,0.9916666666666667,3.46625,2.475,0.26666666666666666,5.994583333333335,7.295289855072462
staggered_uniform_6x7_none_high_value_center_loose_standard_eval,P23,120,2.558333333333333,3.1384615384615384,1.0,3.217083333333334,2.0416666666666665,0.55,5.36875,8.441666666666668
staggered_uniform_6x7_none_high_value_center_loose_standard_eval,P26,120,3.85,4.0,1.0,5.091666666666667,3.808333333333333,0.058333333333333334,8.911666666666667,9.275000000000002
staggered_uniform_6x7_none_high_value_center_loose_standard_eval,P29,120,1.5666666666666667,2.076923076923077,0.9833333333333333,2.8014583333333336,1.7916666666666667,0.0,4.593125000000001,7.675000000000001
staggered_uniform_6x7_none_high_value_center_loose_loose_train,P01,120,1.9666666666666666,3.1,0.9333333333333333,1.245,1.3833333333333333,0.5833333333333334,2.7449999999999997,4.113513513513513
staggered_uniform_6x7_none_high_value_center_loose_loose_train,P02,120,2.45,3.086206896551724,1.0,2.7337499999999997,2.2666666666666666,0.19166666666666668,5.038749999999999,7.2472222222222245
staggered_uniform_6x7_none_high_value_center_loose_loose_train,P04,120,2.841666666666667,3.074468085106383,1.0,3.1650000000000005,1.9333333333333333,0.9083333333333333,5.279999999999999,5.440555555555554
staggered_uniform_6x7_none_high_value_center_loose_loose_train,P05,120,3.533333333333333,4.0,1.0,1.7724999999999997,1.8583333333333334,1.675,3.965833333333333,4.300000000000001
staggered_uniform_6x7_none_high_value_center_loose_loose_train,P06,120,1.9583333333333333,3.1515151515151514,0.9583333333333334,1.315625,1.3166666666666667,0.6416666666666667,2.7606249999999997,4.529032258064517
staggered_uniform_6x7_none_high_value_center_loose_loose_train,P07,120,1.275,2.0256410256410255,0.9416666666666667,0.8625000000000003,0.9583333333333334,0.31666666666666665,1.8841666666666663,2.192307692307691
staggered_uniform_6x7_none_high_value_center_loose_loose_train,P09,120,2.7,4.0,1.0,2.896458333333334,2.216666666666667,0.48333333333333334,5.209791666666667,7.525000000000002
staggered_uniform_6x7_none_high_value_center_loose_loose_train,P11,120,2.3916666666666666,3.0,1.0,3.0675000000000012,1.825,0.6,5.0125,5.425000000000001
staggered_uniform_6x7_none_high_value_center_loose_loose_train,P15,120,3.3583333333333334,4.0,1.0,2.2462499999999994,1.65,1.7083333333333333,4.237916666666666,4.725
staggered_uniform_6x7_none_high_value_center_loose_loose_train,P16,120,3.9166666666666665,4.0,1.0,6.325000000000002,4.0,0.0,10.325,10.325
staggered_uniform_6x7_none_high_value_center_loose_loose_train,P17,120,2.4833333333333334,3.0,1.0,2.2633333333333328,2.3583333333333334,0.16666666666666666,4.654999999999999,5.899999999999997
staggered_uniform_6x7_none_high_value_center_loose_loose_train,P18,120,3.3666666666666667,4.0,1.0,3.3325,1.9666666666666666,1.4,5.579166666666667,5.983333333333334
staggered_uniform_6x7_none_high_value_center_loose_loose_train,P19,120,3.9166666666666665,4.0,1.0,4.56,3.4,0.5583333333333333,8.071666666666665,9.289090909090913
staggered_uniform_6x7_none_high_value_center_loose_loose_train,P21,120,3.15,4.0,1.0,3.91125,2.7916666666666665,0.6416666666666667,6.831249999999998,9.100000000000001
staggered_uniform_6x7_none_high_value_center_loose_loose_train,P22,120,3.341666666666667,4.0,1.0,4.144583333333332,3.15,0.24166666666666667,7.342916666666666,9.050000000000002
staggered_uniform_6x7_none_high_value_center_loose_loose_train,P24,120,2.1666666666666665,3.0625,0.9916666666666667,4.173125,1.9166666666666667,0.26666666666666666,6.1431249999999995,6.843181818181819
staggered_uniform_6x7_none_high_value_center_loose_loose_train,P25,120,2.6,3.1538461538461537,1.0,2.5074999999999994,2.2416666666666667,0.38333333333333336,4.825833333333333,7.055555555555554
staggered_uniform_6x7_none_high_value_center_loose_loose_train,P27,120,3.691666666666667,4.0,1.0,5.6759375,3.808333333333333,0.3416666666666667,9.552604166666667,13.536029411764707
staggered_uniform_6x7_none_high_value_center_loose_loose_train,P28,120,2.091666666666667,3.0,0.9833333333333333,3.89125,2.6333333333333333,0.0,6.524583333333334,10.475000000000001
staggered_uniform_6x7_none_high_value_center_loose_loose_train,P30,120,2.05,3.0,1.0,4.253125000000001,2.3666666666666667,0.0,6.619791666666667,10.061538461538463
staggered_uniform_6x7_none_high_value_center_loose_loose_eval,P03,120,2.3916666666666666,3.019607843137255,1.0,1.8575000000000004,1.9083333333333334,0.5416666666666666,3.8741666666666665,6.128571428571429
staggered_uniform_6x7_none_high_value_center_loose_loose_eval,P08,120,2.6333333333333333,4.0,0.9916666666666667,2.0075,2.0416666666666665,0.5916666666666667,4.1675,6.150000000000001
staggered_uniform_6x7_none_high_value_center_loose_loose_eval,P10,120,2.533333333333333,3.014925373134328,0.9916666666666667,2.9860416666666665,2.25,0.35,5.306041666666666,7.225000000000002
staggered_uniform_6x7_none_high_value_center_loose_loose_eval,P12,120,3.375,4.0,1.0,1.8425000000000002,1.825,1.55,3.9775,4.3999999999999995
staggered_uniform_6x7_none_high_value_center_loose_loose_eval,P13,120,2.225,3.0625,0.9916666666666667,2.151458333333333,1.9333333333333333,0.3,4.144791666666666,7.244047619047619
staggered_uniform_6x7_none_high_value_center_loose_loose_eval,P14,120,3.95,4.0,1.0,5.219895833333334,2.783333333333333,1.175,8.238229166666667,10.575
staggered_uniform_6x7_none_high_value_center_loose_loose_eval,P20,120,3.95,4.0,1.0,2.15,2.1166666666666667,1.8333333333333333,4.633333333333335,6.15
staggered_uniform_6x7_none_high_value_center_loose_loose_eval,P23,120,2.091666666666667,3.0476190476190474,1.0,3.290625000000001,2.025,0.125,5.340625,8.341666666666669
staggered_uniform_6x7_none_high_value_center_loose_loose_eval,P26,120,3.95,4.0,1.0,5.161041666666666,3.933333333333333,0.1,9.114374999999997,9.339953271028035
staggered_uniform_6x7_none_high_value_center_loose_loose_eval,P29,120,1.1833333333333333,2.046511627906977,0.8083333333333333,1.316875,1.225,0.0,2.5418749999999997,4.500568181818181
staggered_uniform_6x7_centered_alt_mixed_balanced_compact_compact_train,P01,120,2.683333333333333,4.0,1.0,3.458333333333334,2.3,0.425,5.843333333333333,7.299999999999999
staggered_uniform_6x7_centered_alt_mixed_balanced_compact_compact_train,P02,120,3.158333333333333,4.0,1.0,4.728125000000002,2.691666666666667,0.4666666666666667,7.513125000000001,8.524999999999997
staggered_uniform_6x7_centered_alt_mixed_balanced_compact_compact_train,P04,120,3.8833333333333333,4.0,1.0,3.357500000000001,2.025,1.8583333333333334,5.754166666666666,5.7820093457943935
staggered_uniform_6x7_centered_alt_mixed_balanced_compact_compact_train,P05,120,2.591666666666667,4.0,0.9833333333333333,2.9212499999999997,2.225,0.5,5.24625,9.908333333333333
staggered_uniform_6x7_centered_alt_mixed_balanced_compact_compact_train,P06,120,3.8583333333333334,4.0,1.0,3.274999999999999,1.725,2.1333333333333333,5.426666666666667,5.950000000000001
staggered_uniform_6x7_centered_alt_mixed_balanced_compact_compact_train,P07,120,3.7083333333333335,4.0,1.0,3.207500000000001,2.0083333333333333,1.7,5.555833333333333,5.6193181818181825
staggered_uniform_6x7_centered_alt_mixed_balanced_compact_compact_train,P09,120,3.3666666666666667,4.0,1.0,5.154583333333334,3.9833333333333334,0.06666666666666667,9.151250000000001,11.25
staggered_uniform_6x7_centered_alt_mixed_balanced_compact_compact_train,P11,120,3.6666666666666665,4.0,1.0,5.062916666666667,2.9166666666666665,0.7583333333333333,8.131250000000001,8.467682926829267
staggered_uniform_6x7_centered_alt_mixed_balanced_compact_compact_train,P15,120,3.8916666666666666,4.0,1.0,4.400624999999997,2.8916666666666666,1.0,7.492291666666665,7.624999999999999
staggered_uniform_6x7_centered_alt_mixed_balanced_compact_compact_train,P16,120,3.9166666666666665,4.0,1.0,3.325000000000001,2.0,1.9166666666666667,5.708333333333332,5.725000000000001
staggered_uniform_6x7_centered_alt_mixed_balanced_compact_compact_train,P17,120,3.9166666666666665,4.0,1.0,7.026093749999999,7.058333333333334,0.0,14.084427083333333,16.6703947368421
staggered_uniform_6x7_centered_alt_mixed_balanced_compact_compact_train,P18,120,1.6,2.0555555555555554,0.9666666666666667,3.925833333333333,3.058333333333333,0.025,6.989166666666667,11.129166666666665
staggered_uniform_6x7_centered_alt_mixed_balanced_compact_compact_train,P19,120,3.9166666666666665,4.0,1.0,5.351249999999999,5.233333333333333,0.0,10.584583333333335,12.149999999999997
staggered_uniform_6x7_centered_alt_mixed_balanced_compact_compact_train,P21,120,3.9166666666666665,4.0,1.0,3.378750000000001,3.4916666666666667,0.5,6.970416666666665,7.9984375
staggered_uniform_6x7_centered_alt_mixed_balanced_compact_compact_train,P22,120,2.683333333333333,3.0121951219512195,1.0,8.204791666666667,5.041666666666667,0.0,13.246458333333331,15.575000000000003
staggered_uniform_6x7_centered_alt_mixed_balanced_compact_compact_train,P24,120,3.325,4.0,1.0,6.268333333333333,3.183333333333333,0.31666666666666665,9.514999999999999,12.030555555555559
staggered_uniform_6x7_centered_alt_mixed_balanced_compact_compact_train,P25,120,3.9166666666666665,4.0,1.0,7.494791666666667,4.525,0.03333333333333333,12.02645833333333,13.575000000000003
staggered_uniform_6x7_centered_alt_mixed_balanced_compact_compact_train,P27,120,3.841666666666667,4.0,1.0,6.6691666666666665,5.766666666666667,0.0,12.435833333333331,14.858620689655172
staggered_uniform_6x7_centered_alt_mixed_balanced_compact_compact_train,P28,120,1.2083333333333333,2.0,0.9583333333333334,4.294583333333334,2.6416666666666666,0.0,6.93625,10.690384615384614
staggered_uniform_6x7_centered_alt_mixed_balanced_compact_compact_train,P30,120,3.1083333333333334,4.0,1.0,5.413541666666668,3.4583333333333335,0.0,8.871875,13.032142857142857
staggered_uniform_6x7_centered_alt_mixed_balanced_compact_compact_eval,P03,120,3.8833333333333333,4.0,1.0,3.9970833333333333,2.7666666666666666,1.1166666666666667,6.9870833333333335,7.473493975903618
staggered_uniform_6x7_centered_alt_mixed_balanced_compact_compact_eval,P08,120,2.4833333333333334,4.0,1.0,3.7741666666666664,2.683333333333333,0.13333333333333333,6.484166666666666,8.177777777777777
staggered_uniform_6x7_centered_alt_mixed_balanced_compact_compact_eval,P10,120,3.6,4.0,1.0,5.095000000000001,3.9166666666666665,0.10833333333333334,9.033333333333333,11.15
staggered_uniform_6x7_centered_alt_mixed_balanced_compact_compact_eval,P12,120,3.825,4.0,1.0,4.839166666666668,3.6666666666666665,0.175,8.540833333333333,9.200000000000003
staggered_uniform_6x7_centered_alt_mixed_balanced_compact_compact_eval,P13,120,3.941666666666667,4.0,1.0,5.5512500000000005,3.35,0.6,9.021250000000002,10.25
staggered_uniform_6x7_centered_alt_mixed_balanced_compact_compact_eval,P14,120,3.933333333333333,4.0,1.0,4.346666666666668,3.7416666666666667,0.225,8.133333333333335,8.411363636363639
staggered_uniform_6x7_centered_alt_mixed_balanced_compact_compact_eval,P20,120,3.95,4.0,1.0,3.07375,2.975,0.975,6.243749999999998,6.299999999999997
staggered_uniform_6x7_centered_alt_mixed_balanced_compact_compact_eval,P23,120,3.825,4.0,1.0,5.625208333333334,3.433333333333333,0.55,9.168541666666666,12.572916666666664
staggered_uniform_6x7_centered_alt_mixed_balanced_compact_compact_eval,P26,120,2.8,4.0,1.0,3.358333333333333,2.4166666666666665,0.4666666666666667,5.868333333333334,8.7125
staggered_uniform_6x7_centered_alt_mixed_balanced_compact_compact_eval,P29,120,1.85,2.051546391752577,1.0,4.636458333333333,2.8916666666666666,0.0,7.528124999999999,13.449999999999998
staggered_uniform_6x7_centered_alt_mixed_balanced_compact_standard_train,P01,120,2.4166666666666665,4.0,0.9833333333333333,1.6949999999999996,1.3833333333333333,1.0333333333333334,3.2849999999999993,5.840000000000001
staggered_uniform_6x7_centered_alt_mixed_balanced_compact_standard_train,P02,120,3.1083333333333334,4.0,1.0,3.1433333333333335,1.9,1.2083333333333333,5.284999999999999,6.006081081081081
staggered_uniform_6x7_centered_alt_mixed_balanced_compact_standard_train,P04,120,3.908333333333333,4.0,1.0,3.569374999999999,2.0083333333333333,1.9,5.9577083333333345,5.976590909090913
staggered_uniform_6x7_centered_alt_mixed_balanced_compact_standard_train,P05,120,3.1666666666666665,4.0,1.0,2.9775000000000005,1.725,1.4416666666666667,4.990833333333333,5.625
staggered_uniform_6x7_centered_alt_mixed_balanced_compact_standard_train,P06,120,0.15,1.0,0.15,0.38249999999999995,0.15,0.0,0.5325,3.5499999999999994
staggered_uniform_6x7_centered_alt_mixed_balanced_compact_standard_train,P07,120,3.9166666666666665,4.0,1.0,3.234999999999999,2.683333333333333,1.2333333333333334,6.165,7.100000000000001
staggered_uniform_6x7_centered_alt_mixed_balanced_compact_standard_train,P09,120,3.341666666666667,4.0,1.0,3.841666666666666,2.7916666666666665,0.5583333333333333,6.745,7.385849056603775
staggered_uniform_6x7_centered_alt_mixed_balanced_compact_standard_train,P11,120,3.783333333333333,4.0,1.0,5.019166666666667,2.8833333333333333,0.9,8.082500000000001,8.4
staggered_uniform_6x7_centered_alt_mixed_balanced_compact_standard_train,P15,120,3.9166666666666665,4.0,1.0,4.2318750000000005,2.05,1.8666666666666667,6.655208333333332,6.678409090909091
staggered_uniform_6x7_centered_alt_mixed_balanced_compact_standard_train,P16,120,3.85,4.0,1.0,1.0,1.0,2.85,2.5700000000000007,2.600000000000001
staggered_uniform_6x7_centered_alt_mixed_balanced_compact_standard_train,P17,120,3.9166666666666665,4.0,1.0,6.396666666666666,6.225,0.0,12.621666666666666,14.275000000000002
staggered_uniform_6x7_centered_alt_mixed_balanced_compact_standard_train,P18,120,3.533333333333333,4.0,1.0,2.885833333333333,2.5083333333333333,1.0333333333333334,5.600833333333332,7.76774193548387
staggered_uniform_6x7_centered_alt_mixed_balanced_compact_standard_train,P19,120,3.9166666666666665,4.0,1.0,3.9962500000000003,4.008333333333334,0.14166666666666666,8.032916666666667,10.050000000000002
staggered_uniform_6x7_centered_alt_mixed_balanced_compact_standard_train,P21,120,2.025,3.076923076923077,1.0,2.1212499999999994,2.2083333333333335,0.03333333333333333,4.336249999999999,5.964814814814814
staggered_uniform_6x7_centered_alt_mixed_balanced_compact_standard_train,P22,120,2.3583333333333334,3.0,1.0,7.249791666666666,4.525,0.0,11.774791666666665,15.575
staggered_uniform_6x7_centered_alt_mixed_balanced_compact_standard_train,P24,120,1.875,3.0,0.9833333333333333,3.5279166666666657,1.8666666666666667,0.06666666666666667,5.407916666666666,8.72361111111111
staggered_uniform_6x7_centered_alt_mixed_balanced_compact_standard_train,P25,120,3.9166666666666665,4.0,1.0,7.413333333333332,4.425,0.041666666666666664,11.846666666666666,13.575000000000001
staggered_uniform_6x7_centered_alt_mixed_balanced_compact_standard_train,P27,120,3.0416666666666665,4.0,1.0,6.049062500000001,5.05,0.0,11.099062499999999,13.648660714285711
staggered_uniform_6x7_centered_alt_mixed_balanced_compact_standard_train,P28,120,1.925,2.0,1.0,6.273958333333334,3.475,0.0,9.748958333333333,14.025
staggered_uniform_6x7_centered_alt_mixed_balanced_compact_standard_train,P30,120,3.191666666666667,4.0,1.0,4.5389583333333325,3.4833333333333334,0.0,8.022291666666666,12.213461538461537
staggered_uniform_6x7_centered_alt_mixed_balanced_compact_standard_eval,P03,120,2.575,3.044776119402985,1.0,3.2437500000000004,2.058333333333333,0.525,5.4070833333333335,5.61417910447761
staggered_uniform_6x7_centered_alt_mixed_balanced_compact_standard_eval,P08,120,3.2083333333333335,4.0,1.0,3.9350000000000005,2.808333333333333,0.48333333333333334,6.840000000000002,9.199999999999998
staggered_uniform_6x7_centered_alt_mixed_balanced_compact_standard_eval,P10,120,2.5833333333333335,3.084507042253521,1.0,3.757083333333333,2.65,0.08333333333333333,6.423750000000001,7.165384615384614
staggered_uniform_6x7_centered_alt_mixed_balanced_compact_standard_eval,P12,120,3.7666666666666666,4.0,1.0,4.323333333333333,3.183333333333333,0.6333333333333333,7.633333333333332,9.25
staggered_uniform_6x7_centered_alt_mixed_balanced_compact_standard_eval,P13,120,3.95,4.0,1.0,5.665416666666667,3.675,0.275,9.395416666666666,10.25
staggered_uniform_6x7_centered_alt_mixed_balanced_compact_standard_eval,P14,120,3.941666666666667,4.0,1.0,4.499895833333334,3.775,0.31666666666666665,8.338229166666668,10.4875
staggered_uniform_6x7_centered_alt_mixed_balanced_compact_standard_eval,P20,120,3.2,4.0,1.0,1.4112500000000001,1.3916666666666666,1.8083333333333333,3.1645833333333333,4.450000000000001
staggered_uniform_6x7_centered_alt_mixed_balanced_compact_standard_eval,P23,120,3.725,4.0,1.0,5.777916666666667,3.5833333333333335,0.325,9.42625,13.574999999999998
staggered_uniform_6x7_centered_alt_mixed_balanced_compact_standard_eval,P26,120,2.7666666666666666,4.0,1.0,3.5104166666666656,2.425,0.3416666666666667,6.00375,7.349999999999997
staggered_uniform_6x7_centered_alt_mixed_balanced_compact_standard_eval,P29,120,1.825,2.0,1.0,8.255208333333334,5.15,0.0,13.405208333333333,20.835416666666667
staggered_uniform_6x7_centered_alt_mixed_balanced_compact_loose_train,P01,120,2.5,3.183333333333333,1.0,2.9743750000000007,1.8666666666666667,0.6333333333333333,4.967708333333333,5.461666666666668
staggered_uniform_6x7_centered_alt_mixed_balanced_compact_loose_train,P02,120,3.533333333333333,4.0,1.0,3.325000000000001,2.0,1.5333333333333334,5.631666666666667,5.7250000000000005
staggered_uniform_6x7_centered_alt_mixed_balanced_compact_loose_train,P04,120,2.2583333333333333,3.0,1.0,2.55,1.0,1.2583333333333333,3.801666666666667,3.9499999999999984
staggered_uniform_6x7_centered_alt_mixed_balanced_compact_loose_train,P05,120,2.9583333333333335,4.0,1.0,3.150000000000001,1.825,1.1333333333333333,5.201666666666667,5.724999999999999
staggered_uniform_6x7_centered_alt_mixed_balanced_compact_loose_train,P06,120,0.0,0.0,0.0,0.0,0.0,0.0,0.0,0.0
staggered_uniform_6x7_centered_alt_mixed_balanced_compact_loose_train,P07,120,2.0,3.0,0.9916666666666667,0.9893750000000002,1.0333333333333334,0.9666666666666667,2.216041666666667,3.0440476190476184
staggered_uniform_6x7_centered_alt_mixed_balanced_compact_loose_train,P09,120,2.4916666666666667,3.161290322580645,0.9916666666666667,3.099166666666667,1.9166666666666667,0.575,5.130833333333332,8.276923076923076
staggered_uniform_6x7_centered_alt_mixed_balanced_compact_loose_train,P11,120,3.6166666666666667,4.0,1.0,4.42375,2.716666666666667,0.9083333333333333,7.3220833333333335,10.25
staggered_uniform_6x7_centered_alt_mixed_balanced_compact_loose_train,P15,120,3.9166666666666665,4.0,1.0,3.657499999999999,2.2,1.7166666666666666,6.200833333333333,8.449999999999998
staggered_uniform_6x7_centered_alt_mixed_balanced_compact_loose_train,P16,120,3.275,4.0,1.0,1.0,1.0,2.275,2.4549999999999996,2.5999999999999996
staggered_uniform_6x7_centered_alt_mixed_balanced_compact_loose_train,P17,120,3.9166666666666665,4.0,1.0,6.473697916666667,6.183333333333334,0.016666666666666666,12.660364583333335,14.378124999999997
staggered_uniform_6x7_centered_alt_mixed_balanced_compact_loose_train,P18,120,2.9916666666666667,4.0,1.0,2.1645833333333333,2.05,0.95,4.404583333333333,5.103030303030303
staggered_uniform_6x7_centered_alt_mixed_balanced_compact_loose_train,P19,120,3.4833333333333334,4.0,1.0,3.0604166666666672,3.15,0.4083333333333333,6.292083333333334,7.850000000000004
staggered_uniform_6x7_centered_alt_mixed_balanced_compact_loose_train,P21,120,2.75,3.0588235294117645,1.0,1.8399999999999996,1.9333333333333333,0.8166666666666667,3.9366666666666665,4.111764705882354
staggered_uniform_6x7_centered_alt_mixed_balanced_compact_loose_train,P22,120,2.0166666666666666,2.0892857142857144,1.0,6.168958333333332,3.875,0.0,10.043958333333332,12.641000000000004
staggered_uniform_6x7_centered_alt_mixed_balanced_compact_loose_train,P24,120,0.35833333333333334,1.048780487804878,0.3416666666666667,0.8391666666666667,0.35833333333333334,0.0,1.1975,3.771428571428571
staggered_uniform_6x7_centered_alt_mixed_balanced_compact_loose_train,P25,120,3.9166666666666665,4.0,1.0,6.594999999999999,4.083333333333333,0.14166666666666666,10.706666666666665,12.775000000000004
staggered_uniform_6x7_centered_alt_mixed_balanced_compact_loose_train,P27,120,3.0083333333333333,3.1,1.0,6.2225,5.108333333333333,0.0,11.330833333333333,13.532499999999999
staggered_uniform_6x7_centered_alt_mixed_balanced_compact_loose_train,P28,120,1.2833333333333334,2.0,0.9916666666666667,2.792708333333333,1.6916666666666667,0.0,4.484375,9.021153846153847
staggered_uniform_6x7_centered_alt_mixed_balanced_compact_loose_train,P30,120,2.3666666666666667,4.0,0.9666666666666667,3.4695833333333335,2.4166666666666665,0.0,5.8862499999999995,10.5625
staggered_uniform_6x7_centered_alt_mixed_balanced_compact_loose_eval,P03,120,2.433333333333333,3.081967213114754,1.0,2.9999999999999996,2.2,0.36666666666666664,5.2733333333333325,6.904651162790696
staggered_uniform_6x7_centered_alt_mixed_balanced_compact_loose_eval,P08,120,3.8,4.0,1.0,4.564166666666666,3.4,0.4166666666666667,8.047500000000001,9.25
staggered_uniform_6x7_centered_alt_mixed_balanced_compact_loose_eval,P10,120,3.0833333333333335,4.0,1.0,4.035,2.875,0.30833333333333335,6.971666666666668,7.45142857142857
staggered_uniform_6x7_centered_alt_mixed_balanced_compact_loose_eval,P12,120,2.808333333333333,4.0,1.0,3.0750000000000006,1.975,0.8333333333333334,5.216666666666666,5.829411764705882
staggered_uniform_6x7_centered_alt_mixed_balanced_compact_loose_eval,P13,120,3.95,4.0,1.0,5.234166666666666,3.466666666666667,0.55,8.810833333333333,11.204411764705883
staggered_uniform_6x7_centered_alt_mixed_balanced_compact_loose_eval,P14,120,3.941666666666667,4.0,1.0,5.045416666666665,4.125,0.2,9.210416666666667,10.4875
staggered_uniform_6x7_centered_alt_mixed_balanced_compact_loose_eval,P20,120,3.95,4.0,1.0,2.0004166666666667,2.0,1.95,4.390416666666666,4.416086956521737
staggered_uniform_6x7_centered_alt_mixed_balanced_compact_loose_eval,P23,120,3.7416666666666667,4.0,1.0,5.437708333333333,3.45,0.45,8.977708333333334,13.408333333333331
staggered_uniform_6x7_centered_alt_mixed_balanced_compact_loose_eval,P26,120,2.425,3.0,1.0,4.015833333333334,2.925,0.008333333333333333,6.942499999999997,7.099999999999999
staggered_uniform_6x7_centered_alt_mixed_balanced_compact_loose_eval,P29,120,1.4583333333333333,2.0,0.9916666666666667,4.641041666666666,2.7666666666666666,0.0,7.407708333333333,18.845833333333335
staggered_uniform_6x7_centered_alt_mixed_balanced_standard_compact_train,P01,120,3.9166666666666665,4.0,1.0,3.8200000000000003,2.7,1.2166666666666666,6.763333333333333,10.2
staggered_uniform_6x7_centered_alt_mixed_balanced_standard_compact_train,P02,120,2.9833333333333334,4.0,1.0,5.271875,3.4916666666666667,0.1,8.783541666666666,10.560135135135136
staggered_uniform_6x7_centered_alt_mixed_balanced_standard_compact_train,P04,120,3.3833333333333333,4.0,1.0,4.603333333333333,2.4166666666666665,0.9666666666666667,7.213333333333334,8.625
staggered_uniform_6x7_centered_alt_mixed_balanced_standard_compact_train,P05,120,3.4916666666666667,4.0,1.0,3.941249999999999,3.0,0.5333333333333333,7.047916666666667,7.392968750000001
staggered_uniform_6x7_centered_alt_mixed_balanced_standard_compact_train,P06,120,3.9166666666666665,4.0,1.0,3.851249999999999,2.1416666666666666,1.775,6.347916666666667,8.864705882352938
staggered_uniform_6x7_centered_alt_mixed_balanced_standard_compact_train,P07,120,1.8333333333333333,3.05,0.9916666666666667,4.024166666666667,2.341666666666667,0.11666666666666667,6.389166666666666,10.325714285714284
staggered_uniform_6x7_centered_alt_mixed_balanced_standard_compact_train,P09,120,3.6666666666666665,4.0,1.0,4.609166666666668,3.4916666666666667,0.275,8.155833333333335,9.200000000000003
staggered_uniform_6x7_centered_alt_mixed_balanced_standard_compact_train,P11,120,3.3916666666666666,4.0,1.0,5.589166666666666,3.6416666666666666,0.1,9.250833333333333,10.25
staggered_uniform_6x7_centered_alt_mixed_balanced_standard_compact_train,P15,120,3.9166666666666665,4.0,1.0,4.429218749999999,3.05,0.8833333333333333,7.655885416666665,8.59375
staggered_uniform_6x7_centered_alt_mixed_balanced_standard_compact_train,P16,120,3.9166666666666665,4.0,1.0,3.2333333333333343,2.0083333333333333,1.9083333333333334,5.623333333333333,5.641363636363636
staggered_uniform_6x7_centered_alt_mixed_balanced_standard_compact_train,P17,120,3.175,4.0,1.0,5.3819791666666665,4.341666666666667,0.05,9.733645833333332,11.292444029850744
staggered_uniform_6x7_centered_alt_mixed_balanced_standard_compact_train,P18,120,3.0083333333333333,4.0,1.0,3.0525000000000007,2.9583333333333335,0.13333333333333333,6.037499999999999,6.38235294117647
staggered_uniform_6x7_centered_alt_mixed_balanced_standard_compact_train,P19,120,3.9166666666666665,4.0,1.0,3.78125,3.7,0.3,7.541249999999999,8.228
staggered_uniform_6x7_centered_alt_mixed_balanced_standard_compact_train,P21,120,3.7083333333333335,4.0,1.0,2.995,3.0083333333333333,0.725,6.148333333333335,6.420000000000004
staggered_uniform_6x7_centered_alt_mixed_balanced_standard_compact_train,P22,120,2.775,3.0217391304347827,1.0,7.375,4.666666666666667,0.008333333333333333,12.043333333333331,15.574999999999996
staggered_uniform_6x7_centered_alt_mixed_balanced_standard_compact_train,P24,120,3.5166666666666666,4.0,1.0,5.166041666666667,2.8583333333333334,0.7083333333333334,8.166041666666667,11.118478260869566
staggered_uniform_6x7_centered_alt_mixed_balanced_standard_compact_train,P25,120,3.9166666666666665,4.0,1.0,5.689166666666667,3.7083333333333335,0.2916666666666667,9.455833333333333,11.933823529411764
staggered_uniform_6x7_centered_alt_mixed_balanced_standard_compact_train,P27,120,3.841666666666667,4.0,1.0,6.427812500000001,5.808333333333334,0.008333333333333333,12.237812499999999,14.387499999999998
staggered_uniform_6x7_centered_alt_mixed_balanced_standard_compact_train,P28,120,2.0,2.081081081081081,1.0,4.075208333333332,2.85,0.0,6.925208333333334,10.618749999999999
staggered_uniform_6x7_centered_alt_mixed_balanced_standard_compact_train,P30,120,3.225,4.0,1.0,6.007083333333335,3.95,0.0,9.957083333333335,13.86666666666667
staggered_uniform_6x7_centered_alt_mixed_balanced_standard_compact_eval,P03,120,3.841666666666667,4.0,1.0,4.3375,3.0416666666666665,0.8083333333333333,7.540833333333335,7.647087378640781
staggered_uniform_6x7_centered_alt_mixed_balanced_standard_compact_eval,P08,120,3.941666666666667,4.0,1.0,5.27125,4.091666666666667,0.1,9.382916666666667,11.25
staggered_uniform_6x7_centered_alt_mixed_balanced_standard_compact_eval,P10,120,2.6666666666666665,3.1052631578947367,0.9916666666666667,3.939999999999999,2.8833333333333333,0.1,6.843333333333335,7.181192660550459
staggered_uniform_6x7_centered_alt_mixed_balanced_standard_compact_eval,P12,120,3.0416666666666665,4.0,1.0,4.986666666666667,3.8333333333333335,0.0,8.82,9.200000000000005
staggered_uniform_6x7_centered_alt_mixed_balanced_standard_compact_eval,P13,120,3.8666666666666667,4.0,1.0,4.694166666666666,2.8333333333333335,1.0583333333333333,7.739166666666667,10.25
staggered_uniform_6x7_centered_alt_mixed_balanced_standard_compact_eval,P14,120,3.95,4.0,1.0,4.9109375,4.133333333333334,0.19166666666666668,9.082604166666664,10.287500000000001
staggered_uniform_6x7_centered_alt_mixed_balanced_standard_compact_eval,P20,120,2.4833333333333334,3.1454545454545455,1.0,4.165416666666668,3.966666666666667,0.0,8.132083333333334,8.200000000000005
staggered_uniform_6x7_centered_alt_mixed_balanced_standard_compact_eval,P23,120,3.25,4.0,1.0,4.2283333333333335,2.8,0.6,7.1483333333333325,11.173529411764704
staggered_uniform_6x7_centered_alt_mixed_balanced_standard_compact_eval,P26,120,3.95,4.0,1.0,6.012499999999998,4.841666666666667,0.0,10.854166666666666,11.299999999999997
staggered_uniform_6x7_centered_alt_mixed_balanced_standard_compact_eval,P29,120,1.9083333333333334,2.0186915887850465,1.0,4.641458333333333,2.875,0.0,7.516458333333333,12.651923076923074
staggered_uniform_6x7_centered_alt_mixed_balanced_standard_standard_train,P01,120,3.725,4.0,1.0,1.8000000000000005,2.0,1.725,4.1450000000000005,4.2
staggered_uniform_6x7_centered_alt_mixed_balanced_standard_standard_train,P02,120,2.9916666666666667,4.0,1.0,3.3600000000000003,1.8166666666666667,1.175,5.411666666666666,7.401190476190478
staggered_uniform_6x7_centered_alt_mixed_balanced_standard_standard_train,P04,120,3.1,4.0,1.0,2.128125,1.4916666666666667,1.6083333333333334,3.9414583333333324,8.849999999999996
staggered_uniform_6x7_centered_alt_mixed_balanced_standard_standard_train,P05,120,2.441666666666667,3.1346153846153846,1.0,4.385000000000001,2.2333333333333334,0.3,6.678333333333334,8.360000000000003
staggered_uniform_6x7_centered_alt_mixed_balanced_standard_standard_train,P06,120,1.7666666666666666,3.0,0.9916666666666667,2.52875,0.9916666666666667,0.775,3.675416666666666,3.9500000000000006
staggered_uniform_6x7_centered_alt_mixed_balanced_standard_standard_train,P07,120,2.15,3.0,1.0,1.4349999999999998,1.25,0.9,2.865,5.059999999999999
staggered_uniform_6x7_centered_alt_mixed_balanced_standard_standard_train,P09,120,3.7,4.0,1.0,4.783333333333333,3.558333333333333,0.2916666666666667,8.4,9.40072463768116
staggered_uniform_6x7_centered_alt_mixed_balanced_standard_standard_train,P11,120,3.2583333333333333,4.0,1.0,3.2950000000000004,2.066666666666667,1.1916666666666667,5.599999999999999,8.36923076923077
staggered_uniform_6x7_centered_alt_mixed_balanced_standard_standard_train,P15,120,3.6,4.0,1.0,4.400624999999999,2.8916666666666666,0.7333333333333333,7.438958333333332,7.624999999999998
staggered_uniform_6x7_centered_alt_mixed_balanced_standard_standard_train,P16,120,0.5583333333333333,1.0307692307692307,0.5416666666666666,0.5416666666666666,0.5416666666666666,0.016666666666666666,1.0866666666666667,2.0061538461538464
staggered_uniform_6x7_centered_alt_mixed_balanced_standard_standard_train,P17,120,3.125,4.0,1.0,4.6401562499999995,3.9916666666666667,0.025,8.636822916666665,10.321406249999999
staggered_uniform_6x7_centered_alt_mixed_balanced_standard_standard_train,P18,120,3.575,4.0,1.0,3.0475000000000003,2.95,0.6666666666666666,6.130833333333332,6.299999999999999
staggered_uniform_6x7_centered_alt_mixed_balanced_standard_standard_train,P19,120,3.375,4.0,1.0,3.3025,3.3333333333333335,0.25833333333333336,6.687500000000001,8.771052631578948
staggered_uniform_6x7_centered_alt_mixed_balanced_standard_standard_train,P21,120,2.0833333333333335,3.0,1.0,1.79375,1.8416666666666666,0.25833333333333336,3.6870833333333337,4.150000000000002
staggered_uniform_6x7_centered_alt_mixed_balanced_standard_standard_train,P22,120,2.4833333333333334,3.0172413793103448,1.0,6.093541666666666,3.933333333333333,0.0,10.026874999999999,12.475000000000005
staggered_uniform_6x7_centered_alt_mixed_balanced_standard_standard_train,P24,120,2.408333333333333,3.156862745098039,1.0,3.1725000000000003,1.925,0.5083333333333333,5.199166666666666,8.035416666666665
staggered_uniform_6x7_centered_alt_mixed_balanced_standard_standard_train,P25,120,3.9166666666666665,4.0,1.0,5.959791666666666,3.625,0.375,9.659791666666665,10.82429577464789
staggered_uniform_6x7_centered_alt_mixed_balanced_standard_standard_train,P27,120,3.8916666666666666,4.0,1.0,5.701249999999999,4.908333333333333,0.016666666666666666,10.612916666666665,13.397916666666665
staggered_uniform_6x7_centered_alt_mixed_balanced_standard_standard_train,P28,120,1.9416666666666667,2.0,1.0,5.474374999999999,2.825,0.0,8.299375000000001,12.26
staggered_uniform_6x7_centered_alt_mixed_balanced_standard_standard_train,P30,120,2.3583333333333334,3.1454545454545455,0.9833333333333333,3.339791666666667,2.4583333333333335,0.0,5.798125000000001,10.108333333333334
staggered_uniform_6x7_centered_alt_mixed_balanced_standard_standard_eval,P03,120,3.941666666666667,4.0,1.0,3.462500000000001,2.325,1.6166666666666667,6.110833333333331,7.3
staggered_uniform_6x7_centered_alt_mixed_balanced_standard_standard_eval,P08,120,2.8,4.0,1.0,4.886666666666668,3.725,0.008333333333333333,8.613333333333335,9.200000000000005
staggered_uniform_6x7_centered_alt_mixed_balanced_standard_standard_eval,P10,120,3.875,4.0,1.0,4.426666666666667,3.275,0.6416666666666667,7.830000000000001,9.302631578947368
staggered_uniform_6x7_centered_alt_mixed_balanced_standard_standard_eval,P12,120,3.1,4.0,1.0,4.0008333333333335,3.0416666666666665,0.175,7.0775,9.25
staggered_uniform_6x7_centered_alt_mixed_balanced_standard_standard_eval,P13,120,3.9,4.0,1.0,4.3616666666666655,3.033333333333333,0.875,7.5699999999999985,10.25
staggered_uniform_6x7_centered_alt_mixed_balanced_standard_standard_eval,P14,120,3.95,4.0,1.0,4.123958333333333,3.158333333333333,0.8166666666666667,7.4456250000000015,8.51824324324324
staggered_uniform_6x7_centered_alt_mixed_balanced_standard_standard_eval,P20,120,2.75,3.057471264367816,0.9916666666666667,1.9070833333333337,1.8583333333333334,0.8916666666666667,3.9437499999999996,4.257792207792208
staggered_uniform_6x7_centered_alt_mixed_balanced_standard_standard_eval,P23,120,3.3916666666666666,4.0,1.0,3.8152083333333326,2.658333333333333,0.7416666666666667,6.621875,7.7918478260869595
staggered_uniform_6x7_centered_alt_mixed_balanced_standard_standard_eval,P26,120,2.966666666666667,4.0,1.0,4.368333333333333,3.216666666666667,0.05,7.595000000000001,9.199999999999998
staggered_uniform_6x7_centered_alt_mixed_balanced_standard_standard_eval,P29,120,1.8083333333333333,2.0,0.9916666666666667,6.848541666666666,4.558333333333334,0.0,11.406875000000001,17.664583333333333
staggered_uniform_6x7_centered_alt_mixed_balanced_standard_loose_train,P01,120,1.4166666666666667,2.1481481481481484,0.9,1.778125,1.25,0.16666666666666666,3.0614583333333334,5.2630952380952385
staggered_uniform_6x7_centered_alt_mixed_balanced_standard_loose_train,P02,120,2.908333333333333,3.111111111111111,1.0,3.3275000000000006,1.975,0.9333333333333333,5.489166666666667,6.303571428571428
staggered_uniform_6x7_centered_alt_mixed_balanced_standard_loose_train,P04,120,3.908333333333333,4.0,1.0,2.6016666666666666,1.0333333333333334,2.875,4.209999999999999,4.233636363636362
staggered_uniform_6x7_centered_alt_mixed_balanced_standard_loose_train,P05,120,2.8833333333333333,4.0,1.0,3.0250000000000004,1.3333333333333333,1.55,4.668333333333334,6.824999999999999
staggered_uniform_6x7_centered_alt_mixed_balanced_standard_loose_train,P06,120,0.0,0.0,0.0,0.0,0.0,0.0,0.0,0.0
staggered_uniform_6x7_centered_alt_mixed_balanced_standard_loose_train,P07,120,1.75,2.0963855421686746,0.9916666666666667,0.9275000000000003,1.0083333333333333,0.7416666666666667,2.084166666666667,2.1891566265060245
staggered_uniform_6x7_centered_alt_mixed_balanced_standard_loose_train,P09,120,2.5416666666666665,4.0,1.0,3.631666666666667,2.2,0.35,5.9016666666666655,8.4
staggered_uniform_6x7_centered_alt_mixed_balanced_standard_loose_train,P11,120,2.933333333333333,4.0,1.0,3.137083333333334,2.025,0.9083333333333333,5.343749999999999,6.0249999999999995
staggered_uniform_6x7_centered_alt_mixed_balanced_standard_loose_train,P15,120,3.9166666666666665,4.0,1.0,4.336874999999998,2.6083333333333334,1.3083333333333333,7.206874999999998,7.624999999999998
staggered_uniform_6x7_centered_alt_mixed_balanced_standard_loose_train,P16,120,1.7,2.0759493670886076,0.9916666666666667,0.9916666666666667,0.9916666666666667,0.7083333333333334,2.125,2.2151898734177204
staggered_uniform_6x7_centered_alt_mixed_balanced_standard_loose_train,P17,120,3.1666666666666665,4.0,1.0,4.334062499999999,3.6333333333333333,0.125,7.992395833333331,10.273863636363641
staggered_uniform_6x7_centered_alt_mixed_balanced_standard_loose_train,P18,120,3.058333333333333,4.0,1.0,2.242916666666667,2.183333333333333,0.9,4.606249999999999,6.3
staggered_uniform_6x7_centered_alt_mixed_balanced_standard_loose_train,P19,120,3.183333333333333,4.0,1.0,3.3745833333333337,3.4833333333333334,0.11666666666666667,6.88125,8.119999999999997
staggered_uniform_6x7_centered_alt_mixed_balanced_standard_loose_train,P21,120,1.2166666666666666,2.057142857142857,0.9083333333333333,1.2575000000000003,1.25,0.058333333333333334,2.519166666666666,4.0075
staggered_uniform_6x7_centered_alt_mixed_balanced_standard_loose_train,P22,120,2.158333333333333,3.0,1.0,5.642708333333332,3.3583333333333334,0.0,9.001041666666667,10.687765957446812
staggered_uniform_6x7_centered_alt_mixed_balanced_standard_loose_train,P24,120,0.925,1.088235294117647,0.85,1.8629166666666668,0.9166666666666666,0.008333333333333333,2.78125,3.310606060606062
staggered_uniform_6x7_centered_alt_mixed_balanced_standard_loose_train,P25,120,3.9166666666666665,4.0,1.0,5.658333333333332,3.183333333333333,0.7333333333333333,8.988333333333333,10.475
staggered_uniform_6x7_centered_alt_mixed_balanced_standard_loose_train,P27,120,3.591666666666667,4.0,1.0,5.7612499999999995,4.75,0.008333333333333333,10.512916666666667,13.532291666666666
staggered_uniform_6x7_centered_alt_mixed_balanced_standard_loose_train,P28,120,1.5166666666666666,2.0,1.0,2.9389583333333333,1.7333333333333334,0.0,4.672291666666667,8.548529411764706
staggered_uniform_6x7_centered_alt_mixed_balanced_standard_loose_train,P30,120,2.816666666666667,4.0,1.0,4.136041666666666,3.1666666666666665,0.0,7.302708333333333,11.047916666666667
staggered_uniform_6x7_centered_alt_mixed_balanced_standard_loose_eval,P03,120,2.6083333333333334,4.0,0.9916666666666667,1.8575000000000004,2.0083333333333333,0.6166666666666667,3.9891666666666663,5.207142857142858
staggered_uniform_6x7_centered_alt_mixed_balanced_standard_loose_eval,P08,120,3.45,4.0,1.0,3.975833333333334,2.85,0.6166666666666667,6.9491666666666685,7.399999999999999
staggered_uniform_6x7_centered_alt_mixed_balanced_standard_loose_eval,P10,120,2.3666666666666667,3.111111111111111,1.0,3.2791666666666677,2.225,0.15833333333333333,5.535833333333333,7.132258064516128
staggered_uniform_6x7_centered_alt_mixed_balanced_standard_loose_eval,P12,120,2.691666666666667,4.0,1.0,2.8954166666666663,2.341666666666667,0.4666666666666667,5.330416666666666,8.592857142857142
staggered_uniform_6x7_centered_alt_mixed_balanced_standard_loose_eval,P13,120,3.9166666666666665,4.0,1.0,3.849999999999999,2.7,1.2166666666666666,6.793333333333332,7.386708860759496
staggered_uniform_6x7_centered_alt_mixed_balanced_standard_loose_eval,P14,120,3.95,4.0,1.0,4.317083333333333,3.2,0.8416666666666667,7.685416666666667,9.629861111111113
staggered_uniform_6x7_centered_alt_mixed_balanced_standard_loose_eval,P20,120,2.716666666666667,3.1447368421052633,1.0,2.5329166666666665,2.4833333333333334,0.25833333333333336,5.067916666666665,6.08448275862069
staggered_uniform_6x7_centered_alt_mixed_balanced_standard_loose_eval,P23,120,3.408333333333333,4.0,1.0,4.1743749999999995,2.85,0.6416666666666667,7.152708333333334,10.474999999999998
staggered_uniform_6x7_centered_alt_mixed_balanced_standard_loose_eval,P26,120,1.9583333333333333,3.0,1.0,2.9075000000000006,1.8166666666666667,0.14166666666666666,4.7524999999999995,5.642857142857142
staggered_uniform_6x7_centered_alt_mixed_balanced_standard_loose_eval,P29,120,1.3416666666666666,2.0,0.9583333333333334,3.0464583333333333,2.075,0.0,5.121458333333333,14.15416666666667
staggered_uniform_6x7_centered_alt_mixed_balanced_loose_compact_train,P01,120,1.825,3.076923076923077,1.0,4.304166666666666,3.058333333333333,0.008333333333333333,7.364166666666665,10.199999999999998
staggered_uniform_6x7_centered_alt_mixed_balanced_loose_compact_train,P02,120,3.3666666666666667,4.0,1.0,4.69375,3.3,0.25833333333333336,8.045416666666666,10.225000000000003
staggered_uniform_6x7_centered_alt_mixed_balanced_loose_compact_train,P04,120,3.7666666666666666,4.0,1.0,4.407499999999999,1.9916666666666667,1.775,6.754166666666668,6.825000000000004
staggered_uniform_6x7_centered_alt_mixed_balanced_loose_compact_train,P05,120,2.625,3.066666666666667,1.0,2.810833333333333,1.9083333333333334,0.725,4.864166666666667,5.23918918918919
staggered_uniform_6x7_centered_alt_mixed_balanced_loose_compact_train,P06,120,3.725,4.0,1.0,5.041875000000001,2.7416666666666667,0.9833333333333333,7.980208333333332,9.017434210526313
staggered_uniform_6x7_centered_alt_mixed_balanced_loose_compact_train,P07,120,3.9,4.0,1.0,4.552083333333333,3.316666666666667,0.7083333333333334,8.010416666666666,12.25
staggered_uniform_6x7_centered_alt_mixed_balanced_loose_compact_train,P09,120,3.1416666666666666,4.0,1.0,4.916666666666668,3.808333333333333,0.008333333333333333,8.726666666666667,9.200000000000003
staggered_uniform_6x7_centered_alt_mixed_balanced_loose_compact_train,P11,120,3.8583333333333334,4.0,1.0,4.152499999999999,2.975,0.8833333333333333,7.3041666666666645,7.419
staggered_uniform_6x7_centered_alt_mixed_balanced_loose_compact_train,P15,120,3.65,4.0,1.0,3.118697916666666,2.525,1.125,5.868697916666667,6.7853125
staggered_uniform_6x7_centered_alt_mixed_balanced_loose_compact_train,P16,120,3.9166666666666665,4.0,1.0,3.082500000000001,1.8416666666666666,2.075,5.339166666666666,5.625
staggered_uniform_6x7_centered_alt_mixed_balanced_loose_compact_train,P17,120,2.6083333333333334,3.0,1.0,4.366666666666666,3.2333333333333334,0.025,7.605,9.149999999999997
staggered_uniform_6x7_centered_alt_mixed_balanced_loose_compact_train,P18,120,3.9166666666666665,4.0,1.0,3.0749999999999997,3.1083333333333334,0.8333333333333334,6.35,8.116129032258062
staggered_uniform_6x7_centered_alt_mixed_balanced_loose_compact_train,P19,120,3.9166666666666665,4.0,1.0,3.3212499999999996,3.308333333333333,0.6333333333333333,6.7562500000000005,7.949999999999999
staggered_uniform_6x7_centered_alt_mixed_balanced_loose_compact_train,P21,120,2.816666666666667,4.0,1.0,2.5887499999999997,2.566666666666667,0.2833333333333333,5.212083333333334,6.804166666666667
staggered_uniform_6x7_centered_alt_mixed_balanced_loose_compact_train,P22,120,2.7916666666666665,3.021276595744681,1.0,5.887291666666666,3.725,0.025,9.617291666666667,12.520833333333334
staggered_uniform_6x7_centered_alt_mixed_balanced_loose_compact_train,P24,120,3.6416666666666666,4.0,1.0,5.5839583333333325,3.2583333333333333,0.4166666666666667,8.925624999999998,10.425
staggered_uniform_6x7_centered_alt_mixed_balanced_loose_compact_train,P25,120,3.8916666666666666,4.0,1.0,4.381874999999999,3.075,0.825,7.621874999999998,10.263235294117647
staggered_uniform_6x7_centered_alt_mixed_balanced_loose_compact_train,P27,120,3.033333333333333,4.0,1.0,4.158645833333334,3.4583333333333335,0.041666666666666664,7.6253125000000015,10.4375
staggered_uniform_6x7_centered_alt_mixed_balanced_loose_compact_train,P28,120,1.9916666666666667,2.0720720720720722,1.0,3.370416666666666,2.4916666666666667,0.0,5.8620833333333335,9.2
staggered_uniform_6x7_centered_alt_mixed_balanced_loose_compact_train,P30,120,1.575,3.1052631578947367,0.875,2.778541666666667,1.6583333333333334,0.0,4.436875000000001,8.809615384615386
staggered_uniform_6x7_centered_alt_mixed_balanced_loose_compact_eval,P03,120,3.9166666666666665,4.0,1.0,5.2383333333333315,2.9833333333333334,0.9333333333333333,8.408333333333333,8.550917431192659
staggered_uniform_6x7_centered_alt_mixed_balanced_loose_compact_eval,P08,120,2.3666666666666667,3.0344827586206895,1.0,4.321250000000001,3.566666666666667,0.0,7.8879166666666665,9.489843750000002
staggered_uniform_6x7_centered_alt_mixed_balanced_loose_compact_eval,P10,120,3.8666666666666667,4.0,1.0,4.477916666666666,3.375,0.5166666666666667,7.95625,9.149999999999999
staggered_uniform_6x7_centered_alt_mixed_balanced_loose_compact_eval,P12,120,2.566666666666667,3.0144927536231885,0.9916666666666667,2.1041666666666665,1.975,0.625,4.2041666666666675,7.099999999999999
staggered_uniform_6x7_centered_alt_mixed_balanced_loose_compact_eval,P13,120,3.5166666666666666,4.0,1.0,3.3820833333333336,2.1333333333333333,1.3833333333333333,5.792083333333333,8.496153846153845
staggered_uniform_6x7_centered_alt_mixed_balanced_loose_compact_eval,P14,120,3.95,4.0,1.0,4.650312499999999,3.6333333333333333,0.4083333333333333,8.365312499999998,9.250528169014087
staggered_uniform_6x7_centered_alt_mixed_balanced_loose_compact_eval,P20,120,3.95,4.0,1.0,2.62,2.5416666666666665,1.4166666666666667,5.4449999999999985,8.108928571428569
staggered_uniform_6x7_centered_alt_mixed_balanced_loose_compact_eval,P23,120,3.158333333333333,4.0,1.0,3.317083333333333,2.275,0.9,5.772083333333332,7.452380952380951
staggered_uniform_6x7_centered_alt_mixed_balanced_loose_compact_eval,P26,120,3.95,4.0,1.0,4.3670833333333325,4.033333333333333,0.06666666666666667,8.41375,11.3
staggered_uniform_6x7_centered_alt_mixed_balanced_loose_compact_eval,P29,120,1.825,2.0526315789473686,0.9916666666666667,4.469583333333333,2.7583333333333333,0.0,7.227916666666667,12.291666666666664
staggered_uniform_6x7_centered_alt_mixed_balanced_loose_standard_train,P01,120,3.175,4.0,1.0,2.8449999999999998,1.9166666666666667,1.2583333333333333,5.0133333333333345,5.400000000000001
staggered_uniform_6x7_centered_alt_mixed_balanced_loose_standard_train,P02,120,2.5,3.1666666666666665,1.0,4.6525,2.308333333333333,0.24166666666666667,7.009166666666667,8.36890243902439
staggered_uniform_6x7_centered_alt_mixed_balanced_loose_standard_train,P04,120,2.9916666666666667,4.0,1.0,3.5475000000000003,2.191666666666667,0.8083333333333333,5.900833333333333,8.625
staggered_uniform_6x7_centered_alt_mixed_balanced_loose_standard_train,P05,120,2.125,3.125,1.0,4.492500000000001,2.1416666666666666,0.075,6.649166666666665,8.353571428571428
staggered_uniform_6x7_centered_alt_mixed_balanced_loose_standard_train,P06,120,3.9,4.0,1.0,3.267499999999999,1.3416666666666666,2.558333333333333,5.120833333333334,7.050000000000001
staggered_uniform_6x7_centered_alt_mixed_balanced_loose_standard_train,P07,120,3.7,4.0,1.0,4.065000000000001,2.9833333333333334,0.7166666666666667,7.191666666666665,7.299999999999996
staggered_uniform_6x7_centered_alt_mixed_balanced_loose_standard_train,P09,120,3.0083333333333333,4.0,1.0,4.2175,3.1416666666666666,0.16666666666666666,7.3925,12.35
staggered_uniform_6x7_centered_alt_mixed_balanced_loose_standard_train,P11,120,2.841666666666667,4.0,1.0,3.0325000000000006,1.9416666666666667,0.9,5.154166666666666,5.5
staggered_uniform_6x7_centered_alt_mixed_balanced_loose_standard_train,P15,120,2.191666666666667,3.111111111111111,1.0,4.359687499999999,2.8,0.041666666666666664,7.168020833333332,7.506321022727271
staggered_uniform_6x7_centered_alt_mixed_balanced_loose_standard_train,P16,120,3.9166666666666665,4.0,1.0,3.225000000000001,2.0,1.9166666666666667,5.608333333333333,5.625
staggered_uniform_6x7_centered_alt_mixed_balanced_loose_standard_train,P17,120,2.408333333333333,3.0,1.0,3.508750000000001,2.408333333333333,0.13333333333333333,5.943749999999999,7.13727272727273
staggered_uniform_6x7_centered_alt_mixed_balanced_loose_standard_train,P18,120,2.8916666666666666,4.0,1.0,3.2033333333333336,3.2583333333333333,0.05,6.471666666666666,7.6999999999999975
staggered_uniform_6x7_centered_alt_mixed_balanced_loose_standard_train,P19,120,3.6666666666666665,4.0,1.0,2.8712500000000007,3.0,0.7166666666666667,6.0145833333333325,7.900000000000001
staggered_uniform_6x7_centered_alt_mixed_balanced_loose_standard_train,P21,120,3.6416666666666666,4.0,1.0,2.7425,2.75,0.8916666666666667,5.670833333333334,6.200000000000001
staggered_uniform_6x7_centered_alt_mixed_balanced_loose_standard_train,P22,120,2.4583333333333335,3.0,1.0,5.303333333333333,3.2583333333333333,0.025,8.566666666666666,10.74166666666667
staggered_uniform_6x7_centered_alt_mixed_balanced_loose_standard_train,P24,120,2.9833333333333334,4.0,1.0,3.032708333333334,1.8333333333333333,1.15,5.0960416666666655,7.2294117647058815
staggered_uniform_6x7_centered_alt_mixed_balanced_loose_standard_train,P25,120,3.908333333333333,4.0,1.0,4.620416666666667,2.9,1.0083333333333333,7.722083333333332,10.475
staggered_uniform_6x7_centered_alt_mixed_balanced_loose_standard_train,P27,120,3.6416666666666666,4.0,1.0,5.195729166666666,4.483333333333333,0.058333333333333334,9.690729166666667,12.625000000000004
staggered_uniform_6x7_centered_alt_mixed_balanced_loose_standard_train,P28,120,1.8833333333333333,2.0,1.0,4.4452083333333325,2.4166666666666665,0.0,6.8618749999999995,10.110714285714286
staggered_uniform_6x7_centered_alt_mixed_balanced_loose_standard_train,P30,120,3.025,4.0,1.0,5.610625,3.908333333333333,0.0,9.518958333333334,12.89351851851852
staggered_uniform_6x7_centered_alt_mixed_balanced_loose_standard_eval,P03,120,1.5666666666666667,3.0833333333333335,0.9416666666666667,3.9641666666666664,2.7416666666666667,0.025,6.7108333333333325,10.199999999999996
staggered_uniform_6x7_centered_alt_mixed_balanced_loose_standard_eval,P08,120,2.5833333333333335,3.1470588235294117,0.9916666666666667,2.4075,2.1416666666666666,0.55,4.659166666666667,7.114285714285713
staggered_uniform_6x7_centered_alt_mixed_balanced_loose_standard_eval,P10,120,2.85,4.0,1.0,4.827083333333334,3.7083333333333335,0.041666666666666664,8.54375,9.288709677419359
staggered_uniform_6x7_centered_alt_mixed_balanced_loose_standard_eval,P12,120,2.966666666666667,3.1037735849056602,1.0,2.2066666666666674,2.033333333333333,0.9333333333333333,4.426666666666665,4.544660194174757
staggered_uniform_6x7_centered_alt_mixed_balanced_loose_standard_eval,P13,120,3.525,4.0,1.0,3.685416666666666,2.55,0.975,6.430416666666665,7.397540983606559
staggered_uniform_6x7_centered_alt_mixed_balanced_loose_standard_eval,P14,120,3.875,4.0,1.0,3.433124999999999,2.283333333333333,1.6,6.036458333333333,7.444886363636362
staggered_uniform_6x7_centered_alt_mixed_balanced_loose_standard_eval,P20,120,0.20833333333333334,1.0416666666666667,0.2,0.225625,0.21666666666666667,0.0,0.44229166666666664,2.2114583333333333
staggered_uniform_6x7_centered_alt_mixed_balanced_loose_standard_eval,P23,120,2.9583333333333335,4.0,1.0,3.5177083333333328,2.4583333333333335,0.5,6.076041666666667,7.409722222222222
staggered_uniform_6x7_centered_alt_mixed_balanced_loose_standard_eval,P26,120,2.058333333333333,2.0854700854700856,1.0,2.2175000000000002,2.15,0.0,4.367499999999999,6.152499999999998
staggered_uniform_6x7_centered_alt_mixed_balanced_loose_standard_eval,P29,120,1.6166666666666667,2.012987012987013,0.9666666666666667,6.227291666666667,4.175,0.0,10.402291666666667,14.780303030303031
staggered_uniform_6x7_centered_alt_mixed_balanced_loose_loose_train,P01,120,1.15,2.0606060606060606,0.8583333333333333,2.026875,1.25,0.025,3.281875,7.207352941176472
staggered_uniform_6x7_centered_alt_mixed_balanced_loose_loose_train,P02,120,3.0416666666666665,4.0,1.0,4.249166666666666,1.925,1.1166666666666667,6.3975,6.960999999999999
staggered_uniform_6x7_centered_alt_mixed_balanced_loose_loose_train,P04,120,2.5083333333333333,3.078125,1.0,4.910833333333333,2.5083333333333333,0.20833333333333334,7.4608333333333325,8.66230769230769
staggered_uniform_6x7_centered_alt_mixed_balanced_loose_loose_train,P05,120,3.6666666666666665,4.0,1.0,4.3549999999999995,1.9666666666666666,1.7,6.661666666666668,6.825000000000003
staggered_uniform_6x7_centered_alt_mixed_balanced_loose_loose_train,P06,120,0.03333333333333333,0.03333333333333333,0.03333333333333333,0.06999999999999999,0.03333333333333333,0.0,0.10333333333333332,0.10333333333333332
staggered_uniform_6x7_centered_alt_mixed_balanced_loose_loose_train,P07,120,3.9166666666666665,4.0,1.0,3.8774999999999986,2.975,0.9416666666666667,7.040833333333333,7.1
staggered_uniform_6x7_centered_alt_mixed_balanced_loose_loose_train,P09,120,2.775,4.0,1.0,3.499999999999999,2.625,0.2916666666666667,6.183333333333334,8.272727272727272
staggered_uniform_6x7_centered_alt_mixed_balanced_loose_loose_train,P11,120,2.4833333333333334,3.1587301587301586,1.0,2.8000000000000003,1.7,0.7833333333333333,4.656666666666666,5.332786885245903
staggered_uniform_6x7_centered_alt_mixed_balanced_loose_loose_train,P15,120,2.3916666666666666,3.0,1.0,4.356874999999999,2.7666666666666666,0.016666666666666666,7.126874999999998,7.424999999999996
staggered_uniform_6x7_centered_alt_mixed_balanced_loose_loose_train,P16,120,0.0,0.0,0.0,0.0,0.0,0.0,0.0,0.0
staggered_uniform_6x7_centered_alt_mixed_balanced_loose_loose_train,P17,120,2.6083333333333334,3.0,1.0,3.4928125000000008,2.425,0.275,5.972812499999999,7.100000000000003
staggered_uniform_6x7_centered_alt_mixed_balanced_loose_loose_train,P18,120,1.725,2.0481927710843375,1.0,1.9241666666666672,1.875,0.08333333333333333,3.815833333333332,4.057619047619046
staggered_uniform_6x7_centered_alt_mixed_balanced_loose_loose_train,P19,120,3.8666666666666667,4.0,1.0,2.6162500000000004,2.7583333333333333,1.1166666666666667,5.5979166666666655,6.116867469879518
staggered_uniform_6x7_centered_alt_mixed_balanced_loose_loose_train,P21,120,2.5416666666666665,3.0,1.0,1.8287499999999997,1.8833333333333333,0.675,3.847083333333333,4.310714285714284
staggered_uniform_6x7_centered_alt_mixed_balanced_loose_loose_train,P22,120,2.125,3.0,0.9916666666666667,5.0275,2.816666666666667,0.0,7.844166666666666,10.617857142857142
staggered_uniform_6x7_centered_alt_mixed_balanced_loose_loose_train,P24,120,2.05,3.0384615384615383,1.0,2.291666666666667,1.1916666666666667,0.8583333333333333,3.6549999999999994,5.309523809523808
staggered_uniform_6x7_centered_alt_mixed_balanced_loose_loose_train,P25,120,3.9166666666666665,4.0,1.0,5.499166666666666,3.033333333333333,0.8833333333333333,8.709166666666667,8.756818181818177
staggered_uniform_6x7_centered_alt_mixed_balanced_loose_loose_train,P27,120,3.716666666666667,4.0,1.0,4.992499999999999,4.208333333333333,0.06666666666666667,9.214166666666666,11.372656249999999
staggered_uniform_6x7_centered_alt_mixed_balanced_loose_loose_train,P28,120,1.275,2.0,0.9666666666666667,2.014583333333333,1.3666666666666667,0.0,3.3812499999999996,6.035576923076921
staggered_uniform_6x7_centered_alt_mixed_balanced_loose_loose_train,P30,120,1.8,3.0416666666666665,0.9166666666666666,2.535416666666667,1.8,0.0,4.335416666666666,7.340384615384614
staggered_uniform_6x7_centered_alt_mixed_balanced_loose_loose_eval,P03,120,2.325,3.066666666666667,0.9916666666666667,2.2366666666666664,1.6166666666666667,0.7083333333333334,3.9949999999999997,5.222222222222221
staggered_uniform_6x7_centered_alt_mixed_balanced_loose_loose_eval,P08,120,2.975,4.0,1.0,2.0375000000000005,1.8916666666666666,1.0833333333333333,4.145833333333332,5.043478260869565
staggered_uniform_6x7_centered_alt_mixed_balanced_loose_loose_eval,P10,120,3.275,4.0,1.0,3.3758333333333335,2.6333333333333333,0.6833333333333333,6.145833333333333,7.300000000000002
staggered_uniform_6x7_centered_alt_mixed_balanced_loose_loose_eval,P12,120,3.441666666666667,4.0,1.0,3.1549999999999994,2.5,0.95,5.845,7.349999999999999
staggered_uniform_6x7_centered_alt_mixed_balanced_loose_loose_eval,P13,120,3.716666666666667,4.0,1.0,3.4483333333333324,2.308333333333333,1.4083333333333334,6.038333333333332,7.35
staggered_uniform_6x7_centered_alt_mixed_balanced_loose_loose_eval,P14,120,3.825,4.0,1.0,3.2882291666666665,2.1333333333333333,1.7,5.7615625,7.554166666666665
staggered_uniform_6x7_centered_alt_mixed_balanced_loose_loose_eval,P20,120,1.2416666666666667,2.0,0.9416666666666667,0.9887500000000002,0.9416666666666667,0.3,1.990416666666667,2.25
staggered_uniform_6x7_centered_alt_mixed_balanced_loose_loose_eval,P23,120,2.8583333333333334,4.0,0.9916666666666667,3.4472916666666658,2.3583333333333334,0.5,5.905625,7.5857142857142845
staggered_uniform_6x7_centered_alt_mixed_balanced_loose_loose_eval,P26,120,1.7666666666666666,2.1058823529411765,0.9833333333333333,1.735833333333334,1.6916666666666667,0.075,3.4424999999999994,4.0711764705882345
staggered_uniform_6x7_centered_alt_mixed_balanced_loose_loose_eval,P29,120,1.2666666666666666,2.0,0.9333333333333333,2.6345833333333335,1.8416666666666666,0.0,4.4762499999999985,13.281250000000002
staggered_uniform_6x7_centered_alt_high_value_center_compact_compact_train,P01,120,2.85,4.0,1.0,3.1508333333333334,2.525,0.39166666666666666,5.754166666666666,7.3000000000000025
staggered_uniform_6x7_centered_alt_high_value_center_compact_compact_train,P02,120,3.425,4.0,1.0,4.813125000000001,2.5083333333333333,0.9166666666666666,7.504791666666668,8.524999999999999
staggered_uniform_6x7_centered_alt_high_value_center_compact_compact_train,P04,120,3.8833333333333333,4.0,1.0,3.4300000000000006,2.05,1.8333333333333333,5.846666666666666,5.8857476635514026
staggered_uniform_6x7_centered_alt_high_value_center_compact_compact_train,P05,120,3.0166666666666666,4.0,1.0,3.5287500000000005,2.033333333333333,1.0083333333333333,5.763750000000001,8.825000000000001
staggered_uniform_6x7_centered_alt_high_value_center_compact_compact_train,P06,120,3.6083333333333334,4.0,1.0,1.7750000000000006,1.725,1.8833333333333333,3.876666666666667,4.449999999999999
staggered_uniform_6x7_centered_alt_high_value_center_compact_compact_train,P07,120,3.5416666666666665,4.0,1.0,2.47625,2.216666666666667,1.325,4.957916666666667,7.347916666666666
staggered_uniform_6x7_centered_alt_high_value_center_compact_compact_train,P09,120,3.35,4.0,1.0,3.8595833333333327,3.8,0.11666666666666667,7.682916666666666,10.05
staggered_uniform_6x7_centered_alt_high_value_center_compact_compact_train,P11,120,3.533333333333333,4.0,1.0,3.820416666666666,2.8583333333333334,0.675,6.813750000000001,7.253623188405797
staggered_uniform_6x7_centered_alt_high_value_center_compact_compact_train,P15,120,3.8916666666666666,4.0,1.0,3.200625000000001,2.8916666666666666,1.0,6.2922916666666655,6.424999999999998
staggered_uniform_6x7_centered_alt_high_value_center_compact_compact_train,P16,120,3.9166666666666665,4.0,1.0,3.325000000000001,2.0,1.9166666666666667,5.708333333333332,5.725000000000001
staggered_uniform_6x7_centered_alt_high_value_center_compact_compact_train,P17,120,3.9166666666666665,4.0,1.0,6.24875,7.016666666666667,0.016666666666666666,13.26875,15.894736842105264
staggered_uniform_6x7_centered_alt_high_value_center_compact_compact_train,P18,120,1.3083333333333333,2.0232558139534884,0.9416666666666667,4.1970833333333335,3.0083333333333333,0.0,7.205416666666667,9.89722222222222
staggered_uniform_6x7_centered_alt_high_value_center_compact_compact_train,P19,120,3.9166666666666665,4.0,1.0,5.351249999999999,5.233333333333333,0.0,10.584583333333335,12.149999999999997
staggered_uniform_6x7_centered_alt_high_value_center_compact_compact_train,P21,120,3.9166666666666665,4.0,1.0,4.5787499999999985,3.4916666666666667,0.5,8.170416666666664,9.198437499999999
staggered_uniform_6x7_centered_alt_high_value_center_compact_compact_train,P22,120,2.658333333333333,3.0126582278481013,1.0,7.085416666666666,4.9,0.0,11.985416666666667,14.375
staggered_uniform_6x7_centered_alt_high_value_center_compact_compact_train,P24,120,2.95,4.0,1.0,3.8158333333333334,2.941666666666667,0.2,6.7975,9.318750000000001
staggered_uniform_6x7_centered_alt_high_value_center_compact_compact_train,P25,120,3.908333333333333,4.0,1.0,6.509166666666668,4.141666666666667,0.11666666666666667,10.674166666666668,12.375
staggered_uniform_6x7_centered_alt_high_value_center_compact_compact_train,P27,120,3.85,4.0,1.0,9.8371875,6.616666666666666,0.0,16.453854166666666,19.00595238095238
staggered_uniform_6x7_centered_alt_high_value_center_compact_compact_train,P28,120,1.1916666666666667,2.0,0.9583333333333334,4.160833333333334,2.45,0.0,6.610833333333334,10.429166666666665
staggered_uniform_6x7_centered_alt_high_value_center_compact_compact_train,P30,120,3.15,4.0,1.0,5.051458333333334,3.4583333333333335,0.0,8.509791666666667,13.354166666666664
staggered_uniform_6x7_centered_alt_high_value_center_compact_compact_eval,P03,120,3.7083333333333335,4.0,1.0,4.189583333333333,2.691666666666667,1.0166666666666666,7.084583333333334,7.728676470588238
staggered_uniform_6x7_centered_alt_high_value_center_compact_compact_eval,P08,120,2.6,4.0,1.0,3.6760416666666673,2.7333333333333334,0.18333333333333332,6.446041666666665,8.303947368421055
staggered_uniform_6x7_centered_alt_high_value_center_compact_compact_eval,P10,120,3.783333333333333,4.0,1.0,5.140625000000001,3.85,0.20833333333333334,9.032291666666667,11.225
staggered_uniform_6x7_centered_alt_high_value_center_compact_compact_eval,P12,120,3.7,4.0,1.0,3.601666666666667,3.591666666666667,0.13333333333333333,7.220000000000001,8.0
staggered_uniform_6x7_centered_alt_high_value_center_compact_compact_eval,P13,120,3.8916666666666666,4.0,1.0,5.387500000000001,3.5416666666666665,0.36666666666666664,9.002500000000001,10.325000000000003
staggered_uniform_6x7_centered_alt_high_value_center_compact_compact_eval,P14,120,3.941666666666667,4.0,1.0,5.621666666666666,3.7416666666666667,0.23333333333333334,9.41,9.686363636363636
staggered_uniform_6x7_centered_alt_high_value_center_compact_compact_eval,P20,120,3.95,4.0,1.0,4.3575,2.9833333333333334,0.975,7.5358333333333345,7.575000000000003
staggered_uniform_6x7_centered_alt_high_value_center_compact_compact_eval,P23,120,3.6333333333333333,4.0,1.0,5.270833333333334,3.5083333333333333,0.35833333333333334,8.850833333333334,12.412500000000001
staggered_uniform_6x7_centered_alt_high_value_center_compact_compact_eval,P26,120,2.5416666666666665,3.1147540983606556,1.0,3.258333333333334,2.0,0.575,5.373333333333333,7.763888888888889
staggered_uniform_6x7_centered_alt_high_value_center_compact_compact_eval,P29,120,1.85,2.0625,1.0,4.693958333333333,2.8333333333333335,0.0,7.527291666666667,13.96153846153846
staggered_uniform_6x7_centered_alt_high_value_center_compact_standard_train,P01,120,2.7333333333333334,4.0,1.0,2.2875000000000005,1.2083333333333333,1.525,3.8008333333333337,5.776923076923078
staggered_uniform_6x7_centered_alt_high_value_center_compact_standard_train,P02,120,3.275,4.0,1.0,4.455833333333333,2.058333333333333,1.2166666666666666,6.757500000000001,7.184090909090909
staggered_uniform_6x7_centered_alt_high_value_center_compact_standard_train,P04,120,3.716666666666667,4.0,1.0,2.0693750000000004,2.0083333333333333,1.7083333333333333,4.4193750000000005,4.482865168539327
staggered_uniform_6x7_centered_alt_high_value_center_compact_standard_train,P05,120,3.466666666666667,4.0,1.0,4.3549999999999995,1.9666666666666666,1.5,6.621666666666668,6.825000000000001
staggered_uniform_6x7_centered_alt_high_value_center_compact_standard_train,P06,120,0.016666666666666666,0.016666666666666666,0.016666666666666666,0.0175,0.016666666666666666,0.0,0.034166666666666665,0.034166666666666665
staggered_uniform_6x7_centered_alt_high_value_center_compact_standard_train,P07,120,3.9166666666666665,4.0,1.0,3.3449999999999993,2.3833333333333333,1.5333333333333334,6.035,7.100000000000001
staggered_uniform_6x7_centered_alt_high_value_center_compact_standard_train,P09,120,3.2083333333333335,4.0,1.0,2.6391666666666667,2.6666666666666665,0.5583333333333333,5.417500000000001,6.202777777777779
staggered_uniform_6x7_centered_alt_high_value_center_compact_standard_train,P11,120,3.683333333333333,4.0,1.0,3.8497916666666665,2.8,0.8833333333333333,6.826458333333335,7.293437500000001
staggered_uniform_6x7_centered_alt_high_value_center_compact_standard_train,P15,120,3.9166666666666665,4.0,1.0,2.9493749999999994,1.9583333333333333,1.9583333333333333,5.299375,5.469249999999999
staggered_uniform_6x7_centered_alt_high_value_center_compact_standard_train,P16,120,3.85,4.0,1.0,1.0,1.0,2.85,2.5700000000000007,2.600000000000001
staggered_uniform_6x7_centered_alt_high_value_center_compact_standard_train,P17,120,3.9166666666666665,4.0,1.0,5.511666666666667,6.175,0.0,11.686666666666667,13.449999999999998
staggered_uniform_6x7_centered_alt_high_value_center_compact_standard_train,P18,120,3.841666666666667,4.0,1.0,3.6333333333333337,2.3,1.5416666666666667,6.241666666666665,7.629838709677418
staggered_uniform_6x7_centered_alt_high_value_center_compact_standard_train,P19,120,3.9166666666666665,4.0,1.0,3.9962500000000003,4.008333333333334,0.14166666666666666,8.032916666666667,10.050000000000002
staggered_uniform_6x7_centered_alt_high_value_center_compact_standard_train,P21,120,2.6416666666666666,4.0,1.0,3.01375,2.6333333333333333,0.18333333333333332,5.683750000000001,7.728571428571428
staggered_uniform_6x7_centered_alt_high_value_center_compact_standard_train,P22,120,2.3,3.0,1.0,6.382916666666665,4.125,0.0,10.507916666666667,12.669871794871801
staggered_uniform_6x7_centered_alt_high_value_center_compact_standard_train,P24,120,1.3916666666666666,2.156862745098039,0.9,1.3804166666666666,1.3833333333333333,0.025,2.76875,4.604761904761905
staggered_uniform_6x7_centered_alt_high_value_center_compact_standard_train,P25,120,3.9166666666666665,4.0,1.0,6.584583333333332,4.133333333333334,0.06666666666666667,10.73125,12.379000000000001
staggered_uniform_6x7_centered_alt_high_value_center_compact_standard_train,P27,120,3.0416666666666665,4.0,1.0,7.302812500000001,5.05,0.0,12.3528125,14.923660714285717
staggered_uniform_6x7_centered_alt_high_value_center_compact_standard_train,P28,120,1.9083333333333334,2.0,1.0,4.091458333333334,3.2666666666666666,0.0,7.358125,11.450000000000001
staggered_uniform_6x7_centered_alt_high_value_center_compact_standard_train,P30,120,3.158333333333333,4.0,1.0,4.7910416666666675,3.525,0.0,8.316041666666669,12.878846153846155
staggered_uniform_6x7_centered_alt_high_value_center_compact_standard_eval,P03,120,2.566666666666667,4.0,1.0,2.51875,2.2416666666666667,0.3416666666666667,4.82875,7.3
staggered_uniform_6x7_centered_alt_high_value_center_compact_standard_eval,P08,120,3.033333333333333,4.0,1.0,2.7025,2.683333333333333,0.45,5.475833333333333,8.0
staggered_uniform_6x7_centered_alt_high_value_center_compact_standard_eval,P10,120,2.691666666666667,3.0987654320987654,1.0,3.692083333333334,2.7,0.125,6.417083333333333,7.243181818181816
staggered_uniform_6x7_centered_alt_high_value_center_compact_standard_eval,P12,120,3.591666666666667,4.0,1.0,3.0958333333333337,3.1083333333333334,0.5583333333333333,6.315833333333334,8.050000000000004
staggered_uniform_6x7_centered_alt_high_value_center_compact_standard_eval,P13,120,3.933333333333333,4.0,1.0,5.781041666666667,3.45,0.48333333333333334,9.327708333333334,10.325000000000006
staggered_uniform_6x7_centered_alt_high_value_center_compact_standard_eval,P14,120,3.941666666666667,4.0,1.0,5.774895833333333,3.775,0.31666666666666665,9.613229166666667,11.762500000000001
staggered_uniform_6x7_centered_alt_high_value_center_compact_standard_eval,P20,120,3.2,4.0,1.0,1.4112500000000001,1.3916666666666666,1.8083333333333333,3.1645833333333333,4.450000000000001
staggered_uniform_6x7_centered_alt_high_value_center_compact_standard_eval,P23,120,3.5833333333333335,4.0,1.0,5.483541666666667,3.433333333333333,0.26666666666666666,8.970208333333336,10.594090909090916
staggered_uniform_6x7_centered_alt_high_value_center_compact_standard_eval,P26,120,3.125,4.0,1.0,3.3747916666666677,2.125,1.0,5.699791666666666,7.425000000000001
staggered_uniform_6x7_centered_alt_high_value_center_compact_standard_eval,P29,120,1.8416666666666666,2.0,1.0,8.605833333333331,5.15,0.0,13.755833333333333,20.675
staggered_uniform_6x7_centered_alt_high_value_center_compact_loose_train,P01,120,2.9166666666666665,4.0,1.0,4.211875,1.9083333333333334,1.0083333333333333,6.321875,6.825
staggered_uniform_6x7_centered_alt_high_value_center_compact_loose_train,P02,120,3.533333333333333,4.0,1.0,3.325000000000001,2.0,1.5333333333333334,5.631666666666667,5.7250000000000005
staggered_uniform_6x7_centered_alt_high_value_center_compact_loose_train,P04,120,1.7333333333333334,2.0602409638554215,1.0,1.0500000000000003,1.0,0.7333333333333333,2.1966666666666668,2.2620481927710845
staggered_uniform_6x7_centered_alt_high_value_center_compact_loose_train,P05,120,2.9583333333333335,4.0,1.0,3.150000000000001,1.825,1.1333333333333333,5.201666666666667,5.724999999999999
staggered_uniform_6x7_centered_alt_high_value_center_compact_loose_train,P06,120,0.0,0.0,0.0,0.0,0.0,0.0,0.0,0.0
staggered_uniform_6x7_centered_alt_high_value_center_compact_loose_train,P07,120,2.6,3.0714285714285716,1.0,2.1968750000000004,1.0416666666666667,1.5583333333333333,3.550208333333333,3.7374999999999994
staggered_uniform_6x7_centered_alt_high_value_center_compact_loose_train,P09,120,2.158333333333333,3.0652173913043477,0.9833333333333333,1.8516666666666663,1.775,0.38333333333333336,3.703333333333333,6.492857142857143
staggered_uniform_6x7_centered_alt_high_value_center_compact_loose_train,P11,120,3.625,4.0,1.0,4.2275,2.625,1.0,7.0525,8.965000000000002
staggered_uniform_6x7_centered_alt_high_value_center_compact_loose_train,P15,120,3.9166666666666665,4.0,1.0,3.1149999999999993,1.975,1.9416666666666667,5.478333333333333,5.631730769230767
staggered_uniform_6x7_centered_alt_high_value_center_compact_loose_train,P16,120,3.275,4.0,1.0,1.0,1.0,2.275,2.4549999999999996,2.5999999999999996
staggered_uniform_6x7_centered_alt_high_value_center_compact_loose_train,P17,120,3.9166666666666665,4.0,1.0,5.550416666666666,6.133333333333334,0.03333333333333333,11.690416666666666,13.58181818181818
staggered_uniform_6x7_centered_alt_high_value_center_compact_loose_train,P18,120,3.408333333333333,4.0,1.0,3.3320833333333346,2.0083333333333333,1.4,5.620416666666667,5.81359649122807
staggered_uniform_6x7_centered_alt_high_value_center_compact_loose_train,P19,120,3.4916666666666667,4.0,1.0,3.532916666666667,3.375,0.26666666666666666,6.961250000000001,9.65
staggered_uniform_6x7_centered_alt_high_value_center_compact_loose_train,P21,120,2.75,3.0588235294117645,1.0,1.8399999999999996,1.9333333333333333,0.8166666666666667,3.9366666666666665,4.111764705882354
staggered_uniform_6x7_centered_alt_high_value_center_compact_loose_train,P22,120,2.0166666666666666,2.0892857142857144,1.0,6.105833333333332,3.85,0.0,9.955833333333333,12.475000000000001
staggered_uniform_6x7_centered_alt_high_value_center_compact_loose_train,P24,120,0.2,1.0,0.2,0.20416666666666666,0.2,0.0,0.4041666666666667,2.0499999999999994
staggered_uniform_6x7_centered_alt_high_value_center_compact_loose_train,P25,120,3.9166666666666665,4.0,1.0,6.531249999999998,4.058333333333334,0.15,10.619583333333333,12.548076923076927
staggered_uniform_6x7_centered_alt_high_value_center_compact_loose_train,P27,120,3.0083333333333333,3.1,1.0,7.485,5.116666666666666,0.0,12.601666666666667,14.807500000000005
staggered_uniform_6x7_centered_alt_high_value_center_compact_loose_train,P28,120,1.2,2.0,0.9916666666666667,3.156458333333333,1.625,0.0,4.781458333333333,8.329166666666666
staggered_uniform_6x7_centered_alt_high_value_center_compact_loose_train,P30,120,2.4916666666666667,4.0,1.0,4.447916666666666,2.533333333333333,0.0,6.98125,10.95576923076923
staggered_uniform_6x7_centered_alt_high_value_center_compact_loose_eval,P03,120,2.4916666666666667,3.046153846153846,1.0,3.0124999999999997,2.025,0.5416666666666666,5.145833333333333,6.913953488372091
staggered_uniform_6x7_centered_alt_high_value_center_compact_loose_eval,P08,120,3.6083333333333334,4.0,1.0,3.3491666666666666,3.316666666666667,0.325,6.730833333333334,8.05
staggered_uniform_6x7_centered_alt_high_value_center_compact_loose_eval,P10,120,2.925,4.0,1.0,2.7925,2.783333333333333,0.26666666666666666,5.629166666666666,6.269230769230769
staggered_uniform_6x7_centered_alt_high_value_center_compact_loose_eval,P12,120,2.5083333333333333,4.0,1.0,1.8274999999999997,1.9,0.6083333333333333,3.8491666666666666,4.699999999999998
staggered_uniform_6x7_centered_alt_high_value_center_compact_loose_eval,P13,120,3.941666666666667,4.0,1.0,5.656666666666666,3.2416666666666667,0.725,9.043333333333331,10.74642857142857
staggered_uniform_6x7_centered_alt_high_value_center_compact_loose_eval,P14,120,3.941666666666667,4.0,1.0,6.320416666666668,4.125,0.2,10.485416666666667,11.762500000000001
staggered_uniform_6x7_centered_alt_high_value_center_compact_loose_eval,P20,120,3.95,4.0,1.0,2.0004166666666667,2.0,1.95,4.390416666666666,4.416086956521737
staggered_uniform_6x7_centered_alt_high_value_center_compact_loose_eval,P23,120,3.5833333333333335,4.0,1.0,5.402708333333334,3.2333333333333334,0.5083333333333333,8.737708333333334,10.918333333333335
staggered_uniform_6x7_centered_alt_high_value_center_compact_loose_eval,P26,120,2.3916666666666666,3.0,1.0,2.810833333333332,2.908333333333333,0.008333333333333333,5.720833333333333,5.899999999999999
staggered_uniform_6x7_centered_alt_high_value_center_compact_loose_eval,P29,120,1.4083333333333334,2.0,0.9916666666666667,4.577291666666667,2.5416666666666665,0.0,7.118958333333334,17.24375
staggered_uniform_6x7_centered_alt_high_value_center_standard_compact_train,P01,120,3.908333333333333,4.0,1.0,3.707500000000001,2.675,1.2333333333333334,6.629166666666665,7.368918918918915
staggered_uniform_6x7_centered_alt_high_value_center_standard_compact_train,P02,120,3.1416666666666666,4.0,1.0,5.304375000000001,3.25,0.25,8.604375000000001,10.29669811320755
staggered_uniform_6x7_centered_alt_high_value_center_standard_compact_train,P04,120,3.2333333333333334,4.0,1.0,3.475833333333334,2.175,1.0666666666666667,5.864166666666666,7.570714285714287
staggered_uniform_6x7_centered_alt_high_value_center_standard_compact_train,P05,120,3.6166666666666667,4.0,1.0,3.9337499999999985,2.9583333333333335,0.6833333333333333,7.02875,7.330405405405406
staggered_uniform_6x7_centered_alt_high_value_center_standard_compact_train,P06,120,3.8666666666666667,4.0,1.0,2.12625,2.058333333333333,1.8083333333333333,4.546250000000001,4.58857142857143
staggered_uniform_6x7_centered_alt_high_value_center_standard_compact_train,P07,120,1.575,2.109375,0.9833333333333333,3.456666666666666,2.5,0.016666666666666666,5.96,9.808064516129033
staggered_uniform_6x7_centered_alt_high_value_center_standard_compact_train,P09,120,3.5416666666666665,4.0,1.0,3.371666666666667,3.35,0.25833333333333336,6.7733333333333325,8.0
staggered_uniform_6x7_centered_alt_high_value_center_standard_compact_train,P11,120,3.3916666666666666,4.0,1.0,4.506666666666665,3.4166666666666665,0.2,7.963333333333333,9.049999999999997
staggered_uniform_6x7_centered_alt_high_value_center_standard_compact_train,P15,120,3.9166666666666665,4.0,1.0,3.2292187500000002,3.05,0.8833333333333333,6.455885416666665,7.393749999999999
staggered_uniform_6x7_centered_alt_high_value_center_standard_compact_train,P16,120,3.9166666666666665,4.0,1.0,3.2333333333333343,2.0083333333333333,1.9083333333333334,5.623333333333333,5.641363636363636
staggered_uniform_6x7_centered_alt_high_value_center_standard_compact_train,P17,120,3.175,4.0,1.0,4.150416666666667,4.258333333333334,0.05,8.418750000000001,10.142105263157896
staggered_uniform_6x7_centered_alt_high_value_center_standard_compact_train,P18,120,3.0083333333333333,4.0,1.0,4.324375,2.9583333333333335,0.13333333333333333,7.309375,7.6352941176470575
staggered_uniform_6x7_centered_alt_high_value_center_standard_compact_train,P19,120,3.9166666666666665,4.0,1.0,4.68375,4.091666666666667,0.125,8.800416666666667,11.268965517241377
staggered_uniform_6x7_centered_alt_high_value_center_standard_compact_train,P21,120,3.8583333333333334,4.0,1.0,4.822500000000001,3.816666666666667,0.15,8.669166666666664,9.099999999999998
staggered_uniform_6x7_centered_alt_high_value_center_standard_compact_train,P22,120,2.7333333333333334,3.0113636363636362,1.0,6.538124999999999,4.316666666666666,0.0,10.854791666666667,12.756481481481485
staggered_uniform_6x7_centered_alt_high_value_center_standard_compact_train,P24,120,3.283333333333333,4.0,1.0,3.7222916666666666,2.7666666666666666,0.5583333333333333,6.600624999999998,9.351470588235294
staggered_uniform_6x7_centered_alt_high_value_center_standard_compact_train,P25,120,3.9166666666666665,4.0,1.0,5.786666666666665,3.3916666666666666,0.5333333333333333,9.285,10.39095744680851
staggered_uniform_6x7_centered_alt_high_value_center_standard_compact_train,P27,120,3.841666666666667,4.0,1.0,7.8171875,6.008333333333334,0.008333333333333333,13.8271875,15.662500000000003
staggered_uniform_6x7_centered_alt_high_value_center_standard_compact_train,P28,120,1.975,2.054054054054054,1.0,4.415208333333333,2.7416666666666667,0.0,7.156875,10.151785714285714
staggered_uniform_6x7_centered_alt_high_value_center_standard_compact_train,P30,120,3.183333333333333,4.0,1.0,5.2129166666666675,3.933333333333333,0.0,9.146250000000002,14.25
staggered_uniform_6x7_centered_alt_high_value_center_standard_compact_eval,P03,120,3.8,4.0,1.0,4.4625,2.9583333333333335,0.85,7.590833333333334,7.718085106382984
staggered_uniform_6x7_centered_alt_high_value_center_standard_compact_eval,P08,120,3.941666666666667,4.0,1.0,4.750625,4.133333333333334,0.11666666666666667,8.907291666666667,11.325
staggered_uniform_6x7_centered_alt_high_value_center_standard_compact_eval,P10,120,2.7333333333333334,3.1219512195121952,0.9916666666666667,4.010625000000001,2.775,0.19166666666666668,6.823958333333332,7.265425531914894
staggered_uniform_6x7_centered_alt_high_value_center_standard_compact_eval,P12,120,2.966666666666667,4.0,1.0,3.776666666666667,3.7666666666666666,0.0,7.543333333333333,8.0
staggered_uniform_6x7_centered_alt_high_value_center_standard_compact_eval,P13,120,3.825,4.0,1.0,4.361666666666667,2.783333333333333,1.0583333333333333,7.3566666666666665,10.324999999999998
staggered_uniform_6x7_centered_alt_high_value_center_standard_compact_eval,P14,120,3.95,4.0,1.0,7.610937500000002,4.383333333333334,0.03333333333333333,12.000937499999997,12.762500000000003
staggered_uniform_6x7_centered_alt_high_value_center_standard_compact_eval,P20,120,2.6166666666666667,3.1176470588235294,1.0,5.429791666666665,3.966666666666667,0.0,9.396458333333332,9.474999999999994
staggered_uniform_6x7_centered_alt_high_value_center_standard_compact_eval,P23,120,3.15,4.0,1.0,4.343333333333333,2.675,0.5833333333333334,7.135,11.218333333333334
staggered_uniform_6x7_centered_alt_high_value_center_standard_compact_eval,P26,120,3.95,4.0,1.0,5.9875,4.575,0.008333333333333333,10.564166666666665,11.375
staggered_uniform_6x7_centered_alt_high_value_center_standard_compact_eval,P29,120,1.925,2.018348623853211,1.0,4.685833333333333,2.95,0.0,7.635833333333334,13.918749999999998
staggered_uniform_6x7_centered_alt_high_value_center_standard_standard_train,P01,120,3.7333333333333334,4.0,1.0,2.9999999999999996,2.0,1.7333333333333334,5.346666666666668,5.3999999999999995
staggered_uniform_6x7_centered_alt_high_value_center_standard_standard_train,P02,120,3.1416666666666666,4.0,1.0,4.12,1.9166666666666667,1.225,6.281666666666667,7.2318181818181815
staggered_uniform_6x7_centered_alt_high_value_center_standard_standard_train,P04,120,2.8666666666666667,4.0,1.0,1.1793749999999998,1.1333333333333333,1.7333333333333334,2.6593749999999994,4.708333333333332
staggered_uniform_6x7_centered_alt_high_value_center_standard_standard_train,P05,120,2.7,3.1139240506329116,1.0,4.312500000000001,2.275,0.48333333333333334,6.684166666666668,8.342777777777778
staggered_uniform_6x7_centered_alt_high_value_center_standard_standard_train,P06,120,1.0916666666666666,2.0,0.9,0.9450000000000003,0.9,0.19166666666666668,1.8833333333333335,2.25
staggered_uniform_6x7_centered_alt_high_value_center_standard_standard_train,P07,120,2.558333333333333,3.0294117647058822,1.0,2.1825000000000006,1.0916666666666666,1.4666666666666666,3.5675000000000003,4.892307692307693
staggered_uniform_6x7_centered_alt_high_value_center_standard_standard_train,P09,120,3.5833333333333335,4.0,1.0,3.505833333333333,3.4166666666666665,0.30833333333333335,6.984166666666667,8.196551724137931
staggered_uniform_6x7_centered_alt_high_value_center_standard_standard_train,P11,120,3.175,4.0,1.0,3.0600000000000005,1.9833333333333334,1.1916666666666667,5.281666666666666,5.6840909090909095
staggered_uniform_6x7_centered_alt_high_value_center_standard_standard_train,P15,120,3.6,4.0,1.0,3.1931250000000007,2.8833333333333333,0.7416666666666667,6.224791666666665,6.425
staggered_uniform_6x7_centered_alt_high_value_center_standard_standard_train,P16,120,0.5583333333333333,1.0307692307692307,0.5416666666666666,0.5416666666666666,0.5416666666666666,0.016666666666666666,1.0866666666666667,2.0061538461538464
staggered_uniform_6x7_centered_alt_high_value_center_standard_standard_train,P17,120,3.125,4.0,1.0,3.48625,3.8583333333333334,0.05,7.354583333333333,9.412121212121212
staggered_uniform_6x7_centered_alt_high_value_center_standard_standard_train,P18,120,3.8833333333333333,4.0,1.0,4.322500000000001,2.95,0.9416666666666667,7.460833333333335,7.575000000000002
staggered_uniform_6x7_centered_alt_high_value_center_standard_standard_train,P19,120,3.45,4.0,1.0,4.992499999999999,3.933333333333333,0.09166666666666666,8.944166666666664,11.488888888888889
staggered_uniform_6x7_centered_alt_high_value_center_standard_standard_train,P21,120,2.0833333333333335,3.0,1.0,1.79375,1.8416666666666666,0.25833333333333336,3.6870833333333337,4.150000000000002
staggered_uniform_6x7_centered_alt_high_value_center_standard_standard_train,P22,120,2.466666666666667,3.017857142857143,1.0,6.063541666666666,3.816666666666667,0.0,9.880208333333334,12.475000000000001
staggered_uniform_6x7_centered_alt_high_value_center_standard_standard_train,P24,120,2.125,3.096774193548387,0.9916666666666667,1.7924999999999998,1.8416666666666666,0.31666666666666665,3.6974999999999993,5.661538461538461
staggered_uniform_6x7_centered_alt_high_value_center_standard_standard_train,P25,120,3.9166666666666665,4.0,1.0,5.837916666666667,3.3833333333333333,0.5583333333333333,9.332916666666668,10.541666666666668
staggered_uniform_6x7_centered_alt_high_value_center_standard_standard_train,P27,120,3.8916666666666666,4.0,1.0,6.9125,5.05,0.016666666666666666,11.965833333333334,14.870833333333332
staggered_uniform_6x7_centered_alt_high_value_center_standard_standard_train,P28,120,1.9166666666666667,2.0,1.0,3.6293750000000005,2.775,0.0,6.404375000000001,9.9875
staggered_uniform_6x7_centered_alt_high_value_center_standard_standard_train,P30,120,2.525,4.0,0.9916666666666667,4.390208333333333,2.6166666666666667,0.0,7.006875,12.066666666666668
staggered_uniform_6x7_centered_alt_high_value_center_standard_standard_eval,P03,120,3.941666666666667,4.0,1.0,3.2850000000000006,2.55,1.3916666666666666,6.113333333333332,7.299999999999999
staggered_uniform_6x7_centered_alt_high_value_center_standard_standard_eval,P08,120,2.6166666666666667,3.161764705882353,1.0,3.6041666666666665,3.6,0.008333333333333333,7.2058333333333335,8.0
staggered_uniform_6x7_centered_alt_high_value_center_standard_standard_eval,P10,120,3.808333333333333,4.0,1.0,3.8685416666666668,3.2666666666666666,0.6083333333333333,7.256875,9.371511627906976
staggered_uniform_6x7_centered_alt_high_value_center_standard_standard_eval,P12,120,3.1,4.0,1.0,2.8858333333333333,2.825,0.36666666666666664,5.784166666666666,8.050000000000002
staggered_uniform_6x7_centered_alt_high_value_center_standard_standard_eval,P13,120,3.9,4.0,1.0,5.331041666666666,2.9916666666666667,0.9083333333333333,8.504375000000001,8.772115384615384
staggered_uniform_6x7_centered_alt_high_value_center_standard_standard_eval,P14,120,3.95,4.0,1.0,5.398958333333334,3.158333333333333,0.8166666666666667,8.720625,9.793243243243245
staggered_uniform_6x7_centered_alt_high_value_center_standard_standard_eval,P20,120,2.75,3.057471264367816,0.9916666666666667,1.9070833333333337,1.8583333333333334,0.8916666666666667,3.9437499999999996,4.257792207792208
staggered_uniform_6x7_centered_alt_high_value_center_standard_standard_eval,P23,120,3.4,4.0,1.0,4.745208333333333,2.7083333333333335,0.7083333333333334,7.595208333333333,8.748333333333333
staggered_uniform_6x7_centered_alt_high_value_center_standard_standard_eval,P26,120,3.0833333333333335,4.0,1.0,4.415208333333333,3.175,0.08333333333333333,7.6068750000000005,9.275
staggered_uniform_6x7_centered_alt_high_value_center_standard_standard_eval,P29,120,1.85,2.0,1.0,7.8516666666666675,4.65,0.0,12.501666666666665,18.40833333333334
staggered_uniform_6x7_centered_alt_high_value_center_standard_loose_train,P01,120,1.825,3.130434782608696,0.9833333333333333,3.095625,1.425,0.4,4.600624999999999,6.6510869565217385
staggered_uniform_6x7_centered_alt_high_value_center_standard_loose_train,P02,120,2.908333333333333,3.111111111111111,1.0,3.275000000000001,1.95,0.9583333333333334,5.416666666666668,5.547222222222221
staggered_uniform_6x7_centered_alt_high_value_center_standard_loose_train,P04,120,3.7083333333333335,4.0,1.0,1.0666666666666669,1.0166666666666666,2.691666666666667,2.6216666666666666,2.6895348837209303
staggered_uniform_6x7_centered_alt_high_value_center_standard_loose_train,P05,120,2.7416666666666667,4.0,1.0,2.5050000000000003,1.2,1.5416666666666667,4.013333333333333,5.625
staggered_uniform_6x7_centered_alt_high_value_center_standard_loose_train,P06,120,0.0,0.0,0.0,0.0,0.0,0.0,0.0,0.0
staggered_uniform_6x7_centered_alt_high_value_center_standard_loose_train,P07,120,2.05,3.0,1.0,2.1000000000000005,1.0,1.05,3.3099999999999996,3.4999999999999996
staggered_uniform_6x7_centered_alt_high_value_center_standard_loose_train,P09,120,2.441666666666667,3.152542372881356,0.9916666666666667,2.4666666666666663,2.15,0.3,4.676666666666667,7.054545454545455
staggered_uniform_6x7_centered_alt_high_value_center_standard_loose_train,P11,120,3.0083333333333333,4.0,1.0,3.3895833333333343,2.1,0.9083333333333333,5.67125,8.625
staggered_uniform_6x7_centered_alt_high_value_center_standard_loose_train,P15,120,3.9166666666666665,4.0,1.0,3.121875,2.591666666666667,1.325,5.978541666666667,6.424999999999999
staggered_uniform_6x7_centered_alt_high_value_center_standard_loose_train,P16,120,1.7,2.0759493670886076,0.9916666666666667,0.9916666666666667,0.9916666666666667,0.7083333333333334,2.125,2.2151898734177204
staggered_uniform_6x7_centered_alt_high_value_center_standard_loose_train,P17,120,3.1666666666666665,4.0,1.0,3.2112499999999997,3.5416666666666665,0.14166666666666666,6.781249999999999,9.366666666666665
staggered_uniform_6x7_centered_alt_high_value_center_standard_loose_train,P18,120,3.533333333333333,4.0,1.0,3.8879166666666665,2.7583333333333333,0.8,6.806250000000001,7.574999999999999
staggered_uniform_6x7_centered_alt_high_value_center_standard_loose_train,P19,120,3.808333333333333,4.0,1.0,4.619583333333333,3.533333333333333,0.38333333333333336,8.229583333333332,9.320000000000002
staggered_uniform_6x7_centered_alt_high_value_center_standard_loose_train,P21,120,1.2166666666666666,2.057142857142857,0.9083333333333333,1.2575000000000003,1.25,0.058333333333333334,2.519166666666666,4.0075
staggered_uniform_6x7_centered_alt_high_value_center_standard_loose_train,P22,120,2.15,3.0,1.0,5.621458333333334,3.3583333333333334,0.008333333333333333,8.981458333333332,10.701415094339627
staggered_uniform_6x7_centered_alt_high_value_center_standard_loose_train,P24,120,0.7416666666666667,1.0853658536585367,0.6833333333333333,0.6766666666666669,0.7416666666666667,0.0,1.4183333333333332,2.075609756097561
staggered_uniform_6x7_centered_alt_high_value_center_standard_loose_train,P25,120,3.9166666666666665,4.0,1.0,5.658333333333332,3.183333333333333,0.7333333333333333,8.988333333333333,10.475
staggered_uniform_6x7_centered_alt_high_value_center_standard_loose_train,P27,120,3.591666666666667,4.0,1.0,6.962500000000002,4.841666666666667,0.008333333333333333,11.805833333333334,14.807291666666666
staggered_uniform_6x7_centered_alt_high_value_center_standard_loose_train,P28,120,1.4,2.0,0.9833333333333333,3.0927083333333334,1.6916666666666667,0.0,4.784375,8.808333333333332
staggered_uniform_6x7_centered_alt_high_value_center_standard_loose_train,P30,120,2.925,4.0,1.0,4.844375,3.3916666666666666,0.0,8.236041666666667,12.6
staggered_uniform_6x7_centered_alt_high_value_center_standard_loose_eval,P03,120,2.625,3.1470588235294117,0.9916666666666667,2.9825,1.9916666666666667,0.6416666666666667,5.102500000000001,5.254411764705882
staggered_uniform_6x7_centered_alt_high_value_center_standard_loose_eval,P08,120,3.45,4.0,1.0,2.7583333333333333,2.7416666666666667,0.725,5.6450000000000005,6.199999999999999
staggered_uniform_6x7_centered_alt_high_value_center_standard_loose_eval,P10,120,2.2083333333333335,3.085714285714286,1.0,2.0541666666666663,2.1416666666666666,0.1,4.215833333333332,5.921428571428572
staggered_uniform_6x7_centered_alt_high_value_center_standard_loose_eval,P12,120,2.691666666666667,4.0,1.0,2.425416666666666,2.2083333333333335,0.5333333333333333,4.7404166666666665,7.633333333333332
staggered_uniform_6x7_centered_alt_high_value_center_standard_loose_eval,P13,120,3.941666666666667,4.0,1.0,5.114999999999999,2.7,1.2416666666666667,8.063333333333334,8.645987654320988
staggered_uniform_6x7_centered_alt_high_value_center_standard_loose_eval,P14,120,3.95,4.0,1.0,5.618333333333334,3.225,0.8166666666666667,9.006666666666666,10.90486111111111
staggered_uniform_6x7_centered_alt_high_value_center_standard_loose_eval,P20,120,2.716666666666667,3.1447368421052633,1.0,2.5329166666666665,2.4833333333333334,0.25833333333333336,5.067916666666665,6.08448275862069
staggered_uniform_6x7_centered_alt_high_value_center_standard_loose_eval,P23,120,3.4833333333333334,4.0,1.0,5.01375,2.85,0.6916666666666667,8.002083333333333,8.96991525423729
staggered_uniform_6x7_centered_alt_high_value_center_standard_loose_eval,P26,120,1.95,3.0,1.0,1.7099999999999995,1.8083333333333333,0.14166666666666666,3.546666666666666,4.442857142857142
staggered_uniform_6x7_centered_alt_high_value_center_standard_loose_eval,P29,120,1.3583333333333334,2.0,0.975,3.943958333333334,2.025,0.0,5.968958333333335,14.884615384615385
staggered_uniform_6x7_centered_alt_high_value_center_loose_compact_train,P01,120,1.7583333333333333,2.0833333333333335,1.0,4.009166666666667,2.908333333333333,0.0,6.917499999999999,7.19047619047619
staggered_uniform_6x7_centered_alt_high_value_center_loose_compact_train,P02,120,3.533333333333333,4.0,1.0,4.67125,3.2083333333333335,0.4166666666666667,7.9629166666666675,10.225000000000005
staggered_uniform_6x7_centered_alt_high_value_center_loose_compact_train,P04,120,3.6083333333333334,4.0,1.0,3.1725000000000003,1.9416666666666667,1.6666666666666667,5.4475,5.625
staggered_uniform_6x7_centered_alt_high_value_center_loose_compact_train,P05,120,2.675,3.0365853658536586,1.0,2.858333333333333,1.85,0.8333333333333334,4.875,5.230864197530865
staggered_uniform_6x7_centered_alt_high_value_center_loose_compact_train,P06,120,3.4583333333333335,4.0,1.0,2.0381249999999995,2.0083333333333333,1.45,4.336458333333334,6.365625
staggered_uniform_6x7_centered_alt_high_value_center_loose_compact_train,P07,120,3.9,4.0,1.0,5.876249999999999,3.658333333333333,0.31666666666666665,9.597916666666666,10.672151898734178
staggered_uniform_6x7_centered_alt_high_value_center_loose_compact_train,P09,120,3.1,4.0,1.0,3.719166666666667,3.7,0.025,7.424166666666666,8.0
staggered_uniform_6x7_centered_alt_high_value_center_loose_compact_train,P11,120,3.85,4.0,1.0,4.114999999999999,2.966666666666667,0.8833333333333333,7.258333333333331,7.3843434343434335
staggered_uniform_6x7_centered_alt_high_value_center_loose_compact_train,P15,120,3.65,4.0,1.0,2.961197916666666,2.45,1.2,5.651197916666666,6.46875
staggered_uniform_6x7_centered_alt_high_value_center_loose_compact_train,P16,120,3.9166666666666665,4.0,1.0,3.082500000000001,1.8416666666666666,2.075,5.339166666666666,5.625
staggered_uniform_6x7_centered_alt_high_value_center_loose_compact_train,P17,120,2.6,3.0,1.0,3.121666666666667,3.183333333333333,0.025,6.310000000000001,7.95
staggered_uniform_6x7_centered_alt_high_value_center_loose_compact_train,P18,120,3.9166666666666665,4.0,1.0,3.7912500000000002,2.975,0.9416666666666667,6.954583333333333,8.6
staggered_uniform_6x7_centered_alt_high_value_center_loose_compact_train,P19,120,3.9166666666666665,4.0,1.0,4.55125,3.341666666666667,0.6,8.012916666666667,9.149999999999999
staggered_uniform_6x7_centered_alt_high_value_center_loose_compact_train,P21,120,2.816666666666667,4.0,1.0,2.5887499999999997,2.566666666666667,0.2833333333333333,5.212083333333334,6.804166666666667
staggered_uniform_6x7_centered_alt_high_value_center_loose_compact_train,P22,120,2.7583333333333333,3.022222222222222,1.0,5.956666666666666,3.7333333333333334,0.008333333333333333,9.691666666666666,12.475000000000001
staggered_uniform_6x7_centered_alt_high_value_center_loose_compact_train,P24,120,3.35,4.0,1.0,4.376458333333334,3.25,0.24166666666666667,7.674791666666664,9.225000000000001
staggered_uniform_6x7_centered_alt_high_value_center_loose_compact_train,P25,120,3.9,4.0,1.0,5.427499999999998,3.0083333333333333,0.8916666666666667,8.614166666666666,8.739423076923078
staggered_uniform_6x7_centered_alt_high_value_center_loose_compact_train,P27,120,3.033333333333333,4.0,1.0,5.406562499999999,3.5083333333333333,0.016666666666666666,8.918229166666666,11.7125
staggered_uniform_6x7_centered_alt_high_value_center_loose_compact_train,P28,120,1.95,2.0458715596330275,1.0,4.009166666666666,2.441666666666667,0.0,6.450833333333334,8.563888888888894
staggered_uniform_6x7_centered_alt_high_value_center_loose_compact_train,P30,120,1.4833333333333334,3.142857142857143,0.8666666666666667,2.4964583333333334,1.5583333333333333,0.0,4.0547916666666675,8.335416666666665
staggered_uniform_6x7_centered_alt_high_value_center_loose_compact_eval,P03,120,3.841666666666667,4.0,1.0,4.24,2.85,0.9916666666666667,7.28833333333333,7.6028089887640435
staggered_uniform_6x7_centered_alt_high_value_center_loose_compact_eval,P08,120,2.183333333333333,3.0,1.0,3.7493750000000006,3.4583333333333335,0.0,7.207708333333332,11.325
staggered_uniform_6x7_centered_alt_high_value_center_loose_compact_eval,P10,120,3.7333333333333334,4.0,1.0,4.489791666666667,3.2583333333333333,0.5,7.848124999999999,9.225000000000001
staggered_uniform_6x7_centered_alt_high_value_center_loose_compact_eval,P12,120,2.566666666666667,3.0144927536231885,0.9916666666666667,1.9116666666666666,1.9166666666666667,0.6583333333333333,3.960000000000001,4.3757142857142854
staggered_uniform_6x7_centered_alt_high_value_center_loose_compact_eval,P13,120,3.5833333333333335,4.0,1.0,3.5445833333333336,2.2083333333333335,1.375,6.027916666666666,8.8375
staggered_uniform_6x7_centered_alt_high_value_center_loose_compact_eval,P14,120,3.95,4.0,1.0,7.102187500000001,3.6416666666666666,0.4,10.823854166666665,11.72552816901409
staggered_uniform_6x7_centered_alt_high_value_center_loose_compact_eval,P20,120,3.95,4.0,1.0,3.285625,2.775,1.1833333333333333,6.297291666666666,8.139999999999999
staggered_uniform_6x7_centered_alt_high_value_center_loose_compact_eval,P23,120,3.2,4.0,1.0,3.9233333333333333,2.3666666666666667,0.85,6.459999999999999,8.862499999999999
staggered_uniform_6x7_centered_alt_high_value_center_loose_compact_eval,P26,120,3.95,4.0,1.0,5.387083333333333,3.9166666666666665,0.075,9.318749999999998,9.492117117117113
staggered_uniform_6x7_centered_alt_high_value_center_loose_compact_eval,P29,120,1.8833333333333333,2.0392156862745097,1.0,4.292083333333333,2.875,0.0,7.167083333333333,11.842187500000001
staggered_uniform_6x7_centered_alt_high_value_center_loose_standard_train,P01,120,3.375,4.0,1.0,2.7824999999999998,1.7583333333333333,1.6166666666666667,4.864166666666667,5.399999999999998
staggered_uniform_6x7_centered_alt_high_value_center_loose_standard_train,P02,120,2.7,4.0,1.0,4.2650000000000015,2.4,0.3416666666666667,6.733333333333334,8.525000000000002
staggered_uniform_6x7_centered_alt_high_value_center_loose_standard_train,P04,120,2.9833333333333334,4.0,1.0,2.2824999999999993,2.1083333333333334,0.8833333333333333,4.567499999999999,7.425
staggered_uniform_6x7_centered_alt_high_value_center_loose_standard_train,P05,120,2.183333333333333,3.0588235294117645,1.0,3.8550000000000013,2.2,0.1,6.075,8.336428571428572
staggered_uniform_6x7_centered_alt_high_value_center_loose_standard_train,P06,120,3.5166666666666666,4.0,1.0,1.1925000000000001,1.1583333333333334,2.3583333333333334,2.8225,4.35
staggered_uniform_6x7_centered_alt_high_value_center_loose_standard_train,P07,120,3.6333333333333333,4.0,1.0,4.032500000000001,2.925,0.7083333333333334,7.099166666666665,7.299999999999997
staggered_uniform_6x7_centered_alt_high_value_center_loose_standard_train,P09,120,3.0083333333333333,4.0,1.0,3.1875,2.908333333333333,0.31666666666666665,6.159166666666666,9.915000000000001
staggered_uniform_6x7_centered_alt_high_value_center_loose_standard_train,P11,120,2.841666666666667,4.0,1.0,3.0325000000000006,1.9416666666666667,0.9,5.154166666666666,5.5
staggered_uniform_6x7_centered_alt_high_value_center_loose_standard_train,P15,120,2.191666666666667,3.111111111111111,1.0,3.0271875000000006,2.6416666666666666,0.175,5.703854166666665,6.305603448275864
staggered_uniform_6x7_centered_alt_high_value_center_loose_standard_train,P16,120,3.9166666666666665,4.0,1.0,3.225000000000001,2.0,1.9166666666666667,5.608333333333333,5.625
staggered_uniform_6x7_centered_alt_high_value_center_loose_standard_train,P17,120,2.3583333333333334,3.0,1.0,2.2412499999999995,2.3333333333333335,0.13333333333333333,4.601249999999999,5.903
staggered_uniform_6x7_centered_alt_high_value_center_loose_standard_train,P18,120,3.2583333333333333,4.0,1.0,4.3377083333333335,3.2583333333333333,0.10833333333333334,7.617708333333334,8.600000000000003
staggered_uniform_6x7_centered_alt_high_value_center_loose_standard_train,P19,120,3.9166666666666665,4.0,1.0,4.07125,3.0,0.9166666666666666,7.254583333333333,9.1
staggered_uniform_6x7_centered_alt_high_value_center_loose_standard_train,P21,120,3.6416666666666666,4.0,1.0,2.7425,2.75,0.8916666666666667,5.670833333333334,6.200000000000001
staggered_uniform_6x7_centered_alt_high_value_center_loose_standard_train,P22,120,2.408333333333333,3.0,1.0,5.445833333333334,3.191666666666667,0.016666666666666666,8.640833333333335,10.816463414634148
staggered_uniform_6x7_centered_alt_high_value_center_loose_standard_train,P24,120,2.4166666666666665,4.0,1.0,1.8027083333333327,1.8,0.6166666666666667,3.7260416666666667,5.9750000000000005
staggered_uniform_6x7_centered_alt_high_value_center_loose_standard_train,P25,120,3.9166666666666665,4.0,1.0,5.127916666666666,2.691666666666667,1.225,8.064583333333335,9.222826086956527
staggered_uniform_6x7_centered_alt_high_value_center_loose_standard_train,P27,120,3.658333333333333,4.0,1.0,6.537500000000002,4.741666666666666,0.041666666666666664,11.2875,13.849583333333332
staggered_uniform_6x7_centered_alt_high_value_center_loose_standard_train,P28,120,1.825,2.0,0.9916666666666667,3.317708333333334,2.35,0.0,5.667708333333334,9.119117647058825
staggered_uniform_6x7_centered_alt_high_value_center_loose_standard_train,P30,120,3.125,4.0,1.0,6.362291666666667,3.9916666666666667,0.0,10.353958333333333,14.655263157894737
staggered_uniform_6x7_centered_alt_high_value_center_loose_standard_eval,P03,120,1.425,2.0535714285714284,0.9333333333333333,3.641666666666667,2.65,0.016666666666666666,6.294999999999999,7.3374999999999995
staggered_uniform_6x7_centered_alt_high_value_center_loose_standard_eval,P08,120,2.5833333333333335,3.1470588235294117,0.9916666666666667,2.0125,2.025,0.5916666666666667,4.155833333333334,5.913333333333335
staggered_uniform_6x7_centered_alt_high_value_center_loose_standard_eval,P10,120,2.7083333333333335,3.107142857142857,1.0,3.920208333333334,3.716666666666667,0.03333333333333333,7.643541666666666,10.886538461538462
staggered_uniform_6x7_centered_alt_high_value_center_loose_standard_eval,P12,120,2.966666666666667,3.1037735849056602,1.0,2.196666666666667,2.033333333333333,0.9333333333333333,4.416666666666666,4.533009708737864
staggered_uniform_6x7_centered_alt_high_value_center_loose_standard_eval,P13,120,3.725,4.0,1.0,5.036041666666666,2.7416666666666667,0.9833333333333333,7.974374999999999,8.625
staggered_uniform_6x7_centered_alt_high_value_center_loose_standard_eval,P14,120,3.875,4.0,1.0,4.779375000000001,2.3916666666666666,1.4916666666666667,7.469375,8.719886363636364
staggered_uniform_6x7_centered_alt_high_value_center_loose_standard_eval,P20,120,0.20833333333333334,1.0416666666666667,0.2,0.21125000000000002,0.20833333333333334,0.0,0.41958333333333336,2.1195652173913033
staggered_uniform_6x7_centered_alt_high_value_center_loose_standard_eval,P23,120,3.066666666666667,4.0,1.0,4.506458333333333,2.55,0.5166666666666667,7.159791666666666,8.625
staggered_uniform_6x7_centered_alt_high_value_center_loose_standard_eval,P26,120,2.2583333333333333,3.0,1.0,3.464375,2.1416666666666666,0.18333333333333332,5.642708333333334,7.375
staggered_uniform_6x7_centered_alt_high_value_center_loose_standard_eval,P29,120,1.7,2.0,0.9666666666666667,7.174166666666667,4.291666666666667,0.0,11.46583333333333,15.86875
staggered_uniform_6x7_centered_alt_high_value_center_loose_loose_train,P01,120,1.175,2.090909090909091,0.875,2.1693750000000005,1.2416666666666667,0.058333333333333334,3.4227083333333335,7.230882352941177
staggered_uniform_6x7_centered_alt_high_value_center_loose_loose_train,P02,120,2.8583333333333334,4.0,1.0,3.001666666666667,1.75,1.1083333333333334,4.973333333333333,5.795
staggered_uniform_6x7_centered_alt_high_value_center_loose_loose_train,P04,120,1.775,3.0,0.9666666666666667,2.0995833333333334,2.1083333333333334,0.1,4.227916666666667,5.949999999999999
staggered_uniform_6x7_centered_alt_high_value_center_loose_loose_train,P05,120,3.4833333333333334,4.0,1.0,3.082500000000001,1.8416666666666666,1.6416666666666666,5.2524999999999995,5.625
staggered_uniform_6x7_centered_alt_high_value_center_loose_loose_train,P06,120,0.008333333333333333,0.008333333333333333,0.008333333333333333,0.007500000000000001,0.008333333333333333,0.0,0.01583333333333333,0.01583333333333333
staggered_uniform_6x7_centered_alt_high_value_center_loose_loose_train,P07,120,3.9166666666666665,4.0,1.0,3.809999999999999,2.9,1.0166666666666666,6.913333333333331,7.1
staggered_uniform_6x7_centered_alt_high_value_center_loose_loose_train,P09,120,2.775,4.0,1.0,3.252499999999999,2.55,0.30833333333333335,5.864166666666666,7.538888888888888
staggered_uniform_6x7_centered_alt_high_value_center_loose_loose_train,P11,120,2.525,4.0,1.0,2.8968750000000005,1.7416666666666667,0.7833333333333333,4.795208333333333,6.381666666666666
staggered_uniform_6x7_centered_alt_high_value_center_loose_loose_train,P15,120,2.325,3.0,1.0,3.1600000000000006,2.7666666666666666,0.0,5.926666666666665,6.225000000000001
staggered_uniform_6x7_centered_alt_high_value_center_loose_loose_train,P16,120,0.0,0.0,0.0,0.0,0.0,0.0,0.0,0.0
staggered_uniform_6x7_centered_alt_high_value_center_loose_loose_train,P17,120,2.525,3.0,1.0,2.2649999999999997,2.3666666666666667,0.24166666666666667,4.679999999999999,5.8999999999999995
staggered_uniform_6x7_centered_alt_high_value_center_loose_loose_train,P18,120,1.725,2.0481927710843375,1.0,1.9241666666666672,1.875,0.08333333333333333,3.815833333333332,4.057619047619046
staggered_uniform_6x7_centered_alt_high_value_center_loose_loose_train,P19,120,3.9166666666666665,4.0,1.0,3.816249999999999,2.7583333333333333,1.1583333333333334,6.80625,7.316071428571428
staggered_uniform_6x7_centered_alt_high_value_center_loose_loose_train,P21,120,2.5416666666666665,3.0,1.0,1.8287499999999997,1.8833333333333333,0.675,3.847083333333333,4.310714285714284
staggered_uniform_6x7_centered_alt_high_value_center_loose_loose_train,P22,120,2.1083333333333334,3.0,1.0,5.09625,2.841666666666667,0.008333333333333333,7.939583333333333,10.59264705882353
staggered_uniform_6x7_centered_alt_high_value_center_loose_loose_train,P24,120,1.6916666666666667,3.0,0.9916666666666667,1.084166666666667,1.1833333333333333,0.5083333333333333,2.369166666666666,4.1000000000000005
staggered_uniform_6x7_centered_alt_high_value_center_loose_loose_train,P25,120,3.908333333333333,4.0,1.0,5.394166666666666,2.933333333333333,0.975,8.522499999999999,8.729545454545452
staggered_uniform_6x7_centered_alt_high_value_center_loose_loose_train,P27,120,3.7333333333333334,4.0,1.0,6.1225,4.475,0.03333333333333333,10.604166666666666,12.648670212765952
staggered_uniform_6x7_centered_alt_high_value_center_loose_loose_train,P28,120,1.275,2.0,0.9833333333333333,2.6470833333333332,1.4083333333333334,0.0,4.055416666666667,6.8140625
staggered_uniform_6x7_centered_alt_high_value_center_loose_loose_train,P30,120,1.7666666666666666,3.0714285714285716,0.8916666666666667,2.671666666666666,1.7666666666666666,0.0,4.438333333333333,8.451388888888888
staggered_uniform_6x7_centered_alt_high_value_center_loose_loose_eval,P03,120,2.725,3.0588235294117645,0.9916666666666667,2.4666666666666672,1.4166666666666667,1.3083333333333333,4.1450000000000005,5.221052631578945
staggered_uniform_6x7_centered_alt_high_value_center_loose_loose_eval,P08,120,2.941666666666667,4.0,1.0,1.9575000000000005,1.8583333333333334,1.0833333333333333,4.0325,4.578947368421052
staggered_uniform_6x7_centered_alt_high_value_center_loose_loose_eval,P10,120,3.2666666666666666,4.0,1.0,2.400833333333333,2.45,0.85,5.020833333333333,6.1
staggered_uniform_6x7_centered_alt_high_value_center_loose_loose_eval,P12,120,3.441666666666667,4.0,1.0,3.1549999999999994,2.5,0.95,5.845,7.349999999999999
staggered_uniform_6x7_centered_alt_high_value_center_loose_loose_eval,P13,120,3.8666666666666667,4.0,1.0,4.740833333333332,2.325,1.5416666666666667,7.374166666666667,8.625
staggered_uniform_6x7_centered_alt_high_value_center_loose_loose_eval,P14,120,3.825,4.0,1.0,4.589479166666667,2.3,1.5333333333333334,7.196145833333334,9.111458333333331
staggered_uniform_6x7_centered_alt_high_value_center_loose_loose_eval,P20,120,1.2416666666666667,2.0,0.9416666666666667,0.9887500000000002,0.9416666666666667,0.3,1.990416666666667,2.25
staggered_uniform_6x7_centered_alt_high_value_center_loose_loose_eval,P23,120,3.0416666666666665,4.0,1.0,4.579791666666666,2.425,0.625,7.129791666666667,8.625
staggered_uniform_6x7_centered_alt_high_value_center_loose_loose_eval,P26,120,1.7666666666666666,2.1058823529411765,0.9833333333333333,1.735833333333334,1.6916666666666667,0.075,3.4424999999999994,4.0711764705882345
staggered_uniform_6x7_centered_alt_high_value_center_loose_loose_eval,P29,120,1.3166666666666667,2.0,0.9666666666666667,3.738958333333334,1.8416666666666666,0.0,5.580625000000001,14.145833333333336
staggered_center_heavy_6_none_mixed_balanced_compact_compact_train,P01,120,3.8333333333333335,4.0,1.0,3.3166666666666678,2.8916666666666666,0.95,6.398333333333332,6.6331521739130395
staggered_center_heavy_6_none_mixed_balanced_compact_compact_train,P02,120,3.675,4.0,1.0,5.919791666666667,4.491666666666666,0.016666666666666666,10.414791666666668,11.424999999999995
staggered_center_heavy_6_none_mixed_balanced_compact_compact_train,P04,120,3.816666666666667,4.0,1.0,4.713333333333335,3.6666666666666665,0.2833333333333333,8.43666666666667,9.325000000000005
staggered_center_heavy_6_none_mixed_balanced_compact_compact_train,P05,120,3.5,4.0,1.0,4.209999999999999,2.8,0.7166666666666667,7.153333333333334,9.339285714285714
staggered_center_heavy_6_none_mixed_balanced_compact_compact_train,P06,120,0.9833333333333333,2.0,0.8583333333333333,1.090833333333333,0.9583333333333334,0.11666666666666667,2.0725,5.325000000000001
staggered_center_heavy_6_none_mixed_balanced_compact_compact_train,P07,120,2.775,4.0,1.0,3.6237500000000002,2.3666666666666667,0.575,6.105416666666667,7.308962264150941
staggered_center_heavy_6_none_mixed_balanced_compact_compact_train,P09,120,3.75,4.0,1.0,6.9312499999999995,4.583333333333333,0.041666666666666664,11.522916666666669,12.424999999999997
staggered_center_heavy_6_none_mixed_balanced_compact_compact_train,P11,120,3.308333333333333,4.0,1.0,4.9662500000000005,3.6666666666666665,0.11666666666666667,8.656250000000002,9.275
staggered_center_heavy_6_none_mixed_balanced_compact_compact_train,P15,120,3.1666666666666665,4.0,1.0,5.691250000000002,2.9916666666666667,0.23333333333333334,8.729583333333334,8.899999999999999
staggered_center_heavy_6_none_mixed_balanced_compact_compact_train,P16,120,0.8,1.1294117647058823,0.7083333333333334,0.6375000000000003,0.7083333333333334,0.09166666666666666,1.3641666666666665,1.9258823529411766
staggered_center_heavy_6_none_mixed_balanced_compact_compact_train,P17,120,3.9166666666666665,4.0,1.0,7.783125000000001,7.0,0.0,14.783124999999997,16.49130434782609
staggered_center_heavy_6_none_mixed_balanced_compact_compact_train,P18,120,2.691666666666667,3.0120481927710845,1.0,2.7600000000000002,2.9,0.058333333333333334,5.671666666666666,5.8518181818181825
staggered_center_heavy_6_none_mixed_balanced_compact_compact_train,P19,120,3.725,4.0,1.0,4.195624999999999,4.233333333333333,0.041666666666666664,8.437291666666669,11.121153846153847
staggered_center_heavy_6_none_mixed_balanced_compact_compact_train,P21,120,3.9166666666666665,4.0,1.0,3.9037500000000005,3.908333333333333,0.075,7.827083333333333,8.0
staggered_center_heavy_6_none_mixed_balanced_compact_compact_train,P22,120,1.6583333333333334,2.1267605633802815,0.9916666666666667,7.207499999999999,3.1,0.0,10.3075,13.300000000000002
staggered_center_heavy_6_none_mixed_balanced_compact_compact_train,P24,120,1.2333333333333334,2.09375,0.9416666666666667,1.9452083333333334,1.6583333333333334,0.041666666666666664,3.611875,6.991666666666665
staggered_center_heavy_6_none_mixed_balanced_compact_compact_train,P25,120,0.23333333333333334,1.037037037037037,0.225,0.5231250000000001,0.225,0.008333333333333333,0.7497916666666667,3.332407407407408
staggered_center_heavy_6_none_mixed_balanced_compact_compact_train,P27,120,3.9166666666666665,4.0,1.0,7.286458333333331,6.108333333333333,0.0,13.394791666666666,15.59765625
staggered_center_heavy_6_none_mixed_balanced_compact_compact_train,P28,120,2.2916666666666665,3.0,0.9833333333333333,8.604583333333334,4.716666666666667,0.0,13.321250000000001,19.492307692307698
staggered_center_heavy_6_none_mixed_balanced_compact_compact_train,P30,120,3.35,4.0,1.0,5.258333333333334,4.475,0.0,9.733333333333333,13.571153846153846
staggered_center_heavy_6_none_mixed_balanced_compact_compact_eval,P03,120,3.525,4.0,1.0,2.9381250000000003,2.716666666666667,0.8333333333333334,5.821458333333334,9.175
staggered_center_heavy_6_none_mixed_balanced_compact_compact_eval,P08,120,3.7916666666666665,4.0,1.0,4.112499999999999,3.066666666666667,0.7416666666666667,7.3275,9.099999999999998
staggered_center_heavy_6_none_mixed_balanced_compact_compact_eval,P10,120,3.8666666666666667,4.0,1.0,4.25,3.033333333333333,0.8583333333333333,7.455000000000001,7.6163551401869185
staggered_center_heavy_6_none_mixed_balanced_compact_compact_eval,P12,120,3.4166666666666665,4.0,1.0,5.385000000000001,3.4583333333333335,0.05,8.853333333333333,10.375
staggered_center_heavy_6_none_mixed_balanced_compact_compact_eval,P13,120,1.5333333333333334,2.015625,0.9916666666666667,2.343125,1.0333333333333334,0.525,3.4814583333333338,3.6548507462686564
staggered_center_heavy_6_none_mixed_balanced_compact_compact_eval,P14,120,3.941666666666667,4.0,1.0,5.008333333333334,4.183333333333334,0.13333333333333333,9.218333333333332,10.662500000000001
staggered_center_heavy_6_none_mixed_balanced_compact_compact_eval,P20,120,3.95,4.0,1.0,2.7774999999999994,2.975,0.975,5.947500000000001,6.0
staggered_center_heavy_6_none_mixed_balanced_compact_compact_eval,P23,120,2.125,3.0,1.0,3.9174999999999995,2.658333333333333,0.10833333333333334,6.597500000000001,9.317307692307693
staggered_center_heavy_6_none_mixed_balanced_compact_compact_eval,P26,120,3.95,4.0,1.0,5.0162499999999985,4.008333333333334,0.025,9.029583333333331,9.166666666666664
staggered_center_heavy_6_none_mixed_balanced_compact_compact_eval,P29,120,2.183333333333333,3.0,1.0,7.047083333333334,4.45,0.0,11.497083333333334,17.016666666666666
staggered_center_heavy_6_none_mixed_balanced_compact_standard_train,P01,120,3.1416666666666666,4.0,1.0,3.6499999999999995,2.25,0.9083333333333333,6.081666666666667,7.525000000000002
staggered_center_heavy_6_none_mixed_balanced_compact_standard_train,P02,120,3.7416666666666667,4.0,1.0,5.10625,3.7083333333333335,0.21666666666666667,8.857916666666666,11.425
staggered_center_heavy_6_none_mixed_balanced_compact_standard_train,P04,120,1.0833333333333333,2.0,0.9333333333333333,0.9333333333333333,0.9333333333333333,0.15,1.8966666666666667,2.2000000000000006
staggered_center_heavy_6_none_mixed_balanced_compact_standard_train,P05,120,3.9,4.0,1.0,4.984999999999999,3.5083333333333333,0.425,8.578333333333335,9.524999999999999
staggered_center_heavy_6_none_mixed_balanced_compact_standard_train,P06,120,0.0,0.0,0.0,0.0,0.0,0.0,0.0,0.0
staggered_center_heavy_6_none_mixed_balanced_compact_standard_train,P07,120,2.95,4.0,1.0,3.5724999999999993,2.175,0.7916666666666666,5.905833333333334,7.525000000000001
staggered_center_heavy_6_none_mixed_balanced_compact_standard_train,P09,120,3.7916666666666665,4.0,1.0,6.167083333333334,4.441666666666666,0.075,10.62375,14.425000000000002
staggered_center_heavy_6_none_mixed_balanced_compact_standard_train,P11,120,1.425,2.0,1.0,2.3325,1.0083333333333333,0.4166666666666667,3.424166666666667,3.558333333333333
staggered_center_heavy_6_none_mixed_balanced_compact_standard_train,P15,120,3.9166666666666665,4.0,1.0,5.583750000000001,2.95,0.9666666666666667,8.727083333333335,8.9
staggered_center_heavy_6_none_mixed_balanced_compact_standard_train,P16,120,1.15,2.0,0.8666666666666667,1.8200000000000003,0.8666666666666667,0.2833333333333333,2.743333333333333,3.3
staggered_center_heavy_6_none_mixed_balanced_compact_standard_train,P17,120,3.9166666666666665,4.0,1.0,7.433750000000001,6.691666666666666,0.0,14.125416666666665,16.509375
staggered_center_heavy_6_none_mixed_balanced_compact_standard_train,P18,120,3.9166666666666665,4.0,1.0,3.8200000000000007,3.966666666666667,0.03333333333333333,7.793333333333332,7.85
staggered_center_heavy_6_none_mixed_balanced_compact_standard_train,P19,120,3.9166666666666665,4.0,1.0,4.291250000000001,4.375,0.06666666666666667,8.679583333333335,9.950000000000003
staggered_center_heavy_6_none_mixed_balanced_compact_standard_train,P21,120,3.9166666666666665,4.0,1.0,2.9237500000000005,2.975,0.9416666666666667,6.087083333333335,6.1499999999999995
staggered_center_heavy_6_none_mixed_balanced_compact_standard_train,P22,120,1.3083333333333333,2.0,0.9916666666666667,6.393749999999999,2.75,0.0,9.14375,9.975
staggered_center_heavy_6_none_mixed_balanced_compact_standard_train,P24,120,0.3416666666666667,1.0512820512820513,0.325,0.5700000000000001,0.35,0.0,0.9199999999999999,3.5428571428571436
staggered_center_heavy_6_none_mixed_balanced_compact_standard_train,P25,120,0.0,0.0,0.0,0.0,0.0,0.0,0.0,0.0
staggered_center_heavy_6_none_mixed_balanced_compact_standard_train,P27,120,3.9,4.0,1.0,7.5027083333333335,6.283333333333333,0.0,13.786041666666666,17.7078125
staggered_center_heavy_6_none_mixed_balanced_compact_standard_train,P28,120,2.8583333333333334,3.0,1.0,10.052083333333334,5.633333333333334,0.0,15.685416666666667,19.738888888888887
staggered_center_heavy_6_none_mixed_balanced_compact_standard_train,P30,120,2.7083333333333335,3.0588235294117645,1.0,3.462916666666666,3.3916666666666666,0.0,6.854583333333333,11.077083333333334
staggered_center_heavy_6_none_mixed_balanced_compact_standard_eval,P03,120,3.6416666666666666,4.0,1.0,3.225833333333334,2.875,0.7833333333333333,6.2574999999999985,6.6125
staggered_center_heavy_6_none_mixed_balanced_compact_standard_eval,P08,120,2.9583333333333335,4.0,1.0,3.945,2.8666666666666667,0.2833333333333333,6.868333333333334,10.375
staggered_center_heavy_6_none_mixed_balanced_compact_standard_eval,P10,120,3.808333333333333,4.0,1.0,3.7837499999999986,2.75,1.0583333333333333,6.745416666666667,7.25
staggered_center_heavy_6_none_mixed_balanced_compact_standard_eval,P12,120,3.7666666666666666,4.0,1.0,5.047500000000001,3.725,0.2,8.8125,9.325000000000001
staggered_center_heavy_6_none_mixed_balanced_compact_standard_eval,P13,120,0.11666666666666667,1.0,0.11666666666666667,0.27125000000000005,0.11666666666666667,0.0,0.3879166666666667,3.3250000000000006
staggered_center_heavy_6_none_mixed_balanced_compact_standard_eval,P14,120,3.941666666666667,4.0,1.0,5.448333333333333,4.416666666666667,0.058333333333333334,9.876666666666665,10.662500000000001
staggered_center_heavy_6_none_mixed_balanced_compact_standard_eval,P20,120,2.466666666666667,4.0,0.9916666666666667,1.4550000000000003,1.6166666666666667,0.85,3.2416666666666667,4.200000000000001
staggered_center_heavy_6_none_mixed_balanced_compact_standard_eval,P23,120,1.375,2.0,0.9833333333333333,2.3335416666666666,1.0416666666666667,0.35,3.4452083333333334,3.7841836734693874
staggered_center_heavy_6_none_mixed_balanced_compact_standard_eval,P26,120,2.175,3.135135135135135,1.0,2.8325,1.825,0.35,4.7275,5.227027027027025
staggered_center_heavy_6_none_mixed_balanced_compact_standard_eval,P29,120,1.95,2.027027027027027,1.0,7.342083333333334,3.933333333333333,0.0,11.275416666666668,15.218421052631578
staggered_center_heavy_6_none_mixed_balanced_compact_loose_train,P01,120,3.75,4.0,1.0,4.765416666666667,3.275,0.525,8.145416666666668,9.524999999999999
staggered_center_heavy_6_none_mixed_balanced_compact_loose_train,P02,120,2.525,3.0,1.0,3.8850000000000002,2.875,0.10833333333333334,6.781666666666665,7.374999999999999
staggered_center_heavy_6_none_mixed_balanced_compact_loose_train,P04,120,0.008333333333333333,0.008333333333333333,0.008333333333333333,0.008333333333333333,0.008333333333333333,0.0,0.016666666666666666,0.016666666666666666
staggered_center_heavy_6_none_mixed_balanced_compact_loose_train,P05,120,3.7666666666666666,4.0,1.0,3.7170833333333335,3.15,0.65,6.997083333333333,9.325
staggered_center_heavy_6_none_mixed_balanced_compact_loose_train,P06,120,0.0,0.0,0.0,0.0,0.0,0.0,0.0,0.0
staggered_center_heavy_6_none_mixed_balanced_compact_loose_train,P07,120,2.8583333333333334,4.0,1.0,3.4833333333333325,2.058333333333333,0.8,5.701666666666667,6.480555555555558
staggered_center_heavy_6_none_mixed_balanced_compact_loose_train,P09,120,2.8583333333333334,3.01980198019802,1.0,4.319375,3.0833333333333335,0.05,7.412708333333332,9.275000000000002
staggered_center_heavy_6_none_mixed_balanced_compact_loose_train,P11,120,0.175,1.05,0.16666666666666666,0.3875,0.16666666666666666,0.008333333333333333,0.5558333333333335,3.335000000000001
staggered_center_heavy_6_none_mixed_balanced_compact_loose_train,P15,120,2.625,3.027027027027027,1.0,2.35125,1.025,1.6,3.6962500000000005,3.8054054054054065
staggered_center_heavy_6_none_mixed_balanced_compact_loose_train,P16,120,2.975,4.0,1.0,2.1000000000000005,1.0,1.975,3.4949999999999997,3.6999999999999997
staggered_center_heavy_6_none_mixed_balanced_compact_loose_train,P17,120,3.558333333333333,4.0,1.0,5.7562500000000005,4.966666666666667,0.05,10.732916666666666,12.64140625
staggered_center_heavy_6_none_mixed_balanced_compact_loose_train,P18,120,3.0166666666666666,4.0,1.0,1.6050000000000002,1.7833333333333334,1.2333333333333334,3.6350000000000002,4.200000000000001
staggered_center_heavy_6_none_mixed_balanced_compact_loose_train,P19,120,3.6083333333333334,4.0,1.0,3.2462499999999994,3.2333333333333334,0.4,6.559583333333334,8.05
staggered_center_heavy_6_none_mixed_balanced_compact_loose_train,P21,120,3.9166666666666665,4.0,1.0,2.9412500000000006,2.9916666666666667,0.925,6.117916666666669,6.1499999999999995
staggered_center_heavy_6_none_mixed_balanced_compact_loose_train,P22,120,1.3083333333333333,2.0,0.9916666666666667,6.393749999999999,2.75,0.0,9.14375,9.975
staggered_center_heavy_6_none_mixed_balanced_compact_loose_train,P24,120,0.175,1.0,0.175,0.3958333333333333,0.175,0.0,0.5708333333333333,3.3250000000000006
staggered_center_heavy_6_none_mixed_balanced_compact_loose_train,P25,120,0.0,0.0,0.0,0.0,0.0,0.0,0.0,0.0
staggered_center_heavy_6_none_mixed_balanced_compact_loose_train,P27,120,3.6666666666666665,4.0,1.0,7.399895833333333,6.1,0.0,13.499895833333333,17.408653846153843
staggered_center_heavy_6_none_mixed_balanced_compact_loose_train,P28,120,2.7416666666666667,3.0,1.0,9.674791666666666,5.341666666666667,0.0,15.016458333333334,19.300000000000004
staggered_center_heavy_6_none_mixed_balanced_compact_loose_train,P30,120,1.8666666666666667,3.0,0.9916666666666667,3.48,2.466666666666667,0.0,5.946666666666666,8.818333333333332
staggered_center_heavy_6_none_mixed_balanced_compact_loose_eval,P03,120,2.75,3.1358024691358026,1.0,3.984583333333334,2.65,0.16666666666666666,6.667916666666668,7.352848101265827
staggered_center_heavy_6_none_mixed_balanced_compact_loose_eval,P08,120,3.5083333333333333,4.0,1.0,5.2475000000000005,3.908333333333333,0.025,9.160833333333334,9.498831775700937
staggered_center_heavy_6_none_mixed_balanced_compact_loose_eval,P10,120,3.033333333333333,4.0,1.0,3.943749999999999,2.908333333333333,0.275,6.907083333333333,7.25
staggered_center_heavy_6_none_mixed_balanced_compact_loose_eval,P12,120,3.9,4.0,1.0,4.651875000000001,3.3333333333333335,0.5833333333333334,8.101875000000001,9.274999999999999
staggered_center_heavy_6_none_mixed_balanced_compact_loose_eval,P13,120,0.0,0.0,0.0,0.0,0.0,0.0,0.0,0.0
staggered_center_heavy_6_none_mixed_balanced_compact_loose_eval,P14,120,3.941666666666667,4.0,1.0,5.496875,4.35,0.125,9.871875,12.002777777777778
staggered_center_heavy_6_none_mixed_balanced_compact_loose_eval,P20,120,1.3083333333333333,2.0238095238095237,0.95,1.269375,1.1333333333333333,0.2833333333333333,2.459375,5.224999999999999
staggered_center_heavy_6_none_mixed_balanced_compact_loose_eval,P23,120,0.6083333333333333,1.028169014084507,0.5916666666666667,1.3756249999999999,0.5916666666666667,0.016666666666666666,1.9706249999999996,3.3306338028169002
staggered_center_heavy_6_none_mixed_balanced_compact_loose_eval,P26,120,1.9166666666666667,2.0090909090909093,0.9916666666666667,2.8274999999999997,1.9083333333333334,0.008333333333333333,4.7375,5.001818181818182
staggered_center_heavy_6_none_mixed_balanced_compact_loose_eval,P29,120,1.675,2.0,0.9916666666666667,6.0410416666666675,3.158333333333333,0.0,9.199375000000002,14.950000000000001
staggered_center_heavy_6_none_mixed_balanced_standard_compact_train,P01,120,2.658333333333333,4.0,1.0,2.5125,1.1833333333333333,1.475,3.9908333333333337,5.847222222222223
staggered_center_heavy_6_none_mixed_balanced_standard_compact_train,P02,120,3.566666666666667,4.0,1.0,4.391874999999999,3.0,0.5916666666666667,7.510208333333333,7.825000000000001
staggered_center_heavy_6_none_mixed_balanced_standard_compact_train,P04,120,2.875,4.0,1.0,3.157291666666667,2.7666666666666666,0.2833333333333333,5.980625,9.325
staggered_center_heavy_6_none_mixed_balanced_standard_compact_train,P05,120,3.9,4.0,1.0,4.366666666666665,2.941666666666667,0.9583333333333334,7.5,7.625000000000001
staggered_center_heavy_6_none_mixed_balanced_standard_compact_train,P06,120,0.725,1.0235294117647058,0.7083333333333334,0.7158333333333334,0.7166666666666667,0.016666666666666666,1.4358333333333335,2.027058823529412
staggered_center_heavy_6_none_mixed_balanced_standard_compact_train,P07,120,3.566666666666667,4.0,1.0,3.39,2.0166666666666666,1.55,5.716666666666668,5.824275362318839
staggered_center_heavy_6_none_mixed_balanced_standard_compact_train,P09,120,3.216666666666667,4.0,1.0,4.726249999999999,3.1333333333333333,0.11666666666666667,7.8829166666666675,10.375
staggered_center_heavy_6_none_mixed_balanced_standard_compact_train,P11,120,3.525,4.0,1.0,4.4799999999999995,3.1166666666666667,0.4666666666666667,7.690000000000001,9.275000000000002
staggered_center_heavy_6_none_mixed_balanced_standard_compact_train,P15,120,2.3583333333333334,3.02,1.0,4.203124999999999,2.7583333333333333,0.175,6.996458333333334,9.925
staggered_center_heavy_6_none_mixed_balanced_standard_compact_train,P16,120,3.45,4.0,1.0,0.9087500000000002,1.0083333333333333,2.441666666666667,2.4054166666666665,2.5308333333333333
staggered_center_heavy_6_none_mixed_balanced_standard_compact_train,P17,120,3.125,4.0,1.0,5.419375,4.316666666666666,0.025,9.741041666666666,11.183333333333332
staggered_center_heavy_6_none_mixed_balanced_standard_compact_train,P18,120,3.8916666666666666,4.0,1.0,3.504375,3.6083333333333334,0.3333333333333333,7.179375000000001,7.919256756756755
staggered_center_heavy_6_none_mixed_balanced_standard_compact_train,P19,120,3.9166666666666665,4.0,1.0,3.075,3.25,0.7083333333333334,6.466666666666666,7.855128205128206
staggered_center_heavy_6_none_mixed_balanced_standard_compact_train,P21,120,3.9166666666666665,4.0,1.0,3.0787500000000008,2.9833333333333334,0.9416666666666667,6.250416666666665,6.346788990825684
staggered_center_heavy_6_none_mixed_balanced_standard_compact_train,P22,120,1.525,2.1016949152542375,0.9833333333333333,6.990624999999999,3.0083333333333333,0.0,9.998958333333333,13.300000000000004
staggered_center_heavy_6_none_mixed_balanced_standard_compact_train,P24,120,1.0583333333333333,2.0,0.875,1.8262500000000004,1.6083333333333334,0.025,3.4395833333333337,6.526785714285714
staggered_center_heavy_6_none_mixed_balanced_standard_compact_train,P25,120,0.15833333333333333,1.0555555555555556,0.15,0.34875000000000006,0.15,0.008333333333333333,0.5004166666666667,3.3361111111111117
staggered_center_heavy_6_none_mixed_balanced_standard_compact_train,P27,120,3.75,4.0,1.0,6.720416666666668,5.908333333333333,0.0,12.628749999999998,14.512499999999998
staggered_center_heavy_6_none_mixed_balanced_standard_compact_train,P28,120,2.35,3.0,1.0,8.815625,5.05,0.0,13.865625,20.325000000000003
staggered_center_heavy_6_none_mixed_balanced_standard_compact_train,P30,120,2.075,3.090909090909091,0.975,3.3066666666666666,3.1166666666666667,0.0,6.423333333333333,10.476923076923079
staggered_center_heavy_6_none_mixed_balanced_standard_compact_eval,P03,120,2.216666666666667,3.022727272727273,0.9916666666666667,3.8587500000000006,2.625,0.19166666666666668,6.522083333333334,9.572619047619051
staggered_center_heavy_6_none_mixed_balanced_standard_compact_eval,P08,120,2.7416666666666667,4.0,0.9916666666666667,3.0466666666666664,2.7083333333333335,0.26666666666666666,5.808333333333334,9.239285714285714
staggered_center_heavy_6_none_mixed_balanced_standard_compact_eval,P10,120,2.5416666666666665,3.129032258064516,1.0,4.96875,3.85,0.008333333333333333,8.820416666666667,11.15
staggered_center_heavy_6_none_mixed_balanced_standard_compact_eval,P12,120,3.5,4.0,1.0,4.161249999999999,2.9,0.6,7.18125,7.4750000000000005
staggered_center_heavy_6_none_mixed_balanced_standard_compact_eval,P13,120,1.4166666666666667,2.0,0.975,2.3835416666666664,1.0916666666666666,0.35833333333333334,3.5468750000000004,5.325000000000001
staggered_center_heavy_6_none_mixed_balanced_standard_compact_eval,P14,120,3.95,4.0,1.0,5.430312499999999,4.35,0.09166666666666666,9.798645833333333,10.834558823529411
staggered_center_heavy_6_none_mixed_balanced_standard_compact_eval,P20,120,3.95,4.0,1.0,1.7143750000000002,1.5916666666666666,2.3666666666666667,3.779375000000001,7.4359375000000005
staggered_center_heavy_6_none_mixed_balanced_standard_compact_eval,P23,120,1.7833333333333334,2.0795454545454546,0.9916666666666667,3.4975000000000005,2.2083333333333335,0.10833333333333334,5.7275,9.325000000000001
staggered_center_heavy_6_none_mixed_balanced_standard_compact_eval,P26,120,3.95,4.0,1.0,4.126250000000001,3.6416666666666666,0.4083333333333333,7.849583333333333,9.372033898305084
staggered_center_heavy_6_none_mixed_balanced_standard_compact_eval,P29,120,2.1416666666666666,3.0,1.0,6.319166666666667,4.3,0.0,10.619166666666667,15.78125
staggered_center_heavy_6_none_mixed_balanced_standard_standard_train,P01,120,3.7583333333333333,4.0,1.0,3.3945833333333324,1.9916666666666667,1.7666666666666666,5.739583333333335,5.844148936170217
staggered_center_heavy_6_none_mixed_balanced_standard_standard_train,P02,120,3.558333333333333,4.0,1.0,4.847291666666666,3.425,0.3333333333333333,8.338958333333334,9.524999999999999
staggered_center_heavy_6_none_mixed_balanced_standard_standard_train,P04,120,1.1166666666666667,2.0,0.9166666666666666,1.6174999999999997,1.7083333333333333,0.016666666666666666,3.3291666666666657,3.8999999999999977
staggered_center_heavy_6_none_mixed_balanced_standard_standard_train,P05,120,3.025,4.0,1.0,4.581041666666668,3.5,0.1,8.101041666666669,9.525
staggered_center_heavy_6_none_mixed_balanced_standard_standard_train,P06,120,0.0,0.0,0.0,0.0,0.0,0.0,0.0,0.0
staggered_center_heavy_6_none_mixed_balanced_standard_standard_train,P07,120,2.8666666666666667,4.0,1.0,2.9949999999999997,2.3833333333333333,0.5,5.478333333333334,6.812500000000002
staggered_center_heavy_6_none_mixed_balanced_standard_standard_train,P09,120,3.0083333333333333,4.0,1.0,5.0862500000000015,3.783333333333333,0.025,8.874583333333335,9.325000000000003
staggered_center_heavy_6_none_mixed_balanced_standard_standard_train,P11,120,1.4083333333333334,2.0,1.0,3.2668750000000006,1.975,0.008333333333333333,5.243541666666668,5.325000000000003
staggered_center_heavy_6_none_mixed_balanced_standard_standard_train,P15,120,1.9666666666666666,2.104761904761905,1.0,3.36625,1.9916666666666667,0.09166666666666666,5.376250000000001,5.393487394957985
staggered_center_heavy_6_none_mixed_balanced_standard_standard_train,P16,120,2.0,3.0,1.0,0.9000000000000002,1.0,1.0,2.1000000000000005,2.2999999999999994
staggered_center_heavy_6_none_mixed_balanced_standard_standard_train,P17,120,3.125,4.0,1.0,5.046666666666667,4.216666666666667,0.03333333333333333,9.270000000000001,12.35
staggered_center_heavy_6_none_mixed_balanced_standard_standard_train,P18,120,3.6333333333333333,4.0,1.0,3.0799999999999996,3.2583333333333333,0.475,6.433333333333333,7.850000000000001
staggered_center_heavy_6_none_mixed_balanced_standard_standard_train,P19,120,3.9166666666666665,4.0,1.0,3.7891666666666666,3.95,0.44166666666666665,7.8275,9.801960784313726
staggered_center_heavy_6_none_mixed_balanced_standard_standard_train,P21,120,3.908333333333333,4.0,1.0,3.155,3.1333333333333333,0.8416666666666667,6.456666666666668,8.123
staggered_center_heavy_6_none_mixed_balanced_standard_standard_train,P22,120,1.2416666666666667,2.0,0.9833333333333333,6.331874999999998,2.725,0.0,9.056874999999998,9.975
staggered_center_heavy_6_none_mixed_balanced_standard_standard_train,P24,120,0.175,1.0,0.175,0.3295833333333334,0.175,0.0,0.5045833333333333,3.3250000000000006
staggered_center_heavy_6_none_mixed_balanced_standard_standard_train,P25,120,0.0,0.0,0.0,0.0,0.0,0.0,0.0,0.0
staggered_center_heavy_6_none_mixed_balanced_standard_standard_train,P27,120,3.25,4.0,1.0,5.499791666666666,4.441666666666666,0.0,9.941458333333333,12.891346153846152
staggered_center_heavy_6_none_mixed_balanced_standard_standard_train,P28,120,2.825,3.0,1.0,9.688958333333334,5.2,0.0,14.888958333333335,18.017647058823528
staggered_center_heavy_6_none_mixed_balanced_standard_standard_train,P30,120,1.9583333333333333,3.1666666666666665,0.95,3.4110416666666667,2.533333333333333,0.0,5.944375,10.779166666666669
staggered_center_heavy_6_none_mixed_balanced_standard_standard_eval,P03,120,2.1666666666666665,3.0294117647058822,1.0,2.380625,1.075,1.0916666666666666,3.673958333333333,4.1621428571428565
staggered_center_heavy_6_none_mixed_balanced_standard_standard_eval,P08,120,3.2,4.0,1.0,3.27,2.5166666666666666,0.7,5.926666666666667,7.4750000000000005
staggered_center_heavy_6_none_mixed_balanced_standard_standard_eval,P10,120,2.3666666666666667,3.087719298245614,1.0,2.8658333333333332,2.2416666666666667,0.25,5.1575,7.845833333333332
staggered_center_heavy_6_none_mixed_balanced_standard_standard_eval,P12,120,3.3333333333333335,4.0,1.0,4.946250000000001,3.591666666666667,0.11666666666666667,8.56125,9.325000000000005
staggered_center_heavy_6_none_mixed_balanced_standard_standard_eval,P13,120,0.041666666666666664,0.041666666666666664,0.041666666666666664,0.096875,0.041666666666666664,0.0,0.13854166666666667,0.13854166666666667
staggered_center_heavy_6_none_mixed_balanced_standard_standard_eval,P14,120,3.95,4.0,1.0,5.792916666666666,4.508333333333334,0.15,10.331249999999999,12.662500000000001
staggered_center_heavy_6_none_mixed_balanced_standard_standard_eval,P20,120,0.9416666666666667,2.05,0.7666666666666667,0.9193750000000002,0.85,0.1,1.7893749999999997,5.043750000000001
staggered_center_heavy_6_none_mixed_balanced_standard_standard_eval,P23,120,1.2,2.0,0.95,2.4625000000000004,1.1916666666666667,0.2,3.6941666666666673,5.375
staggered_center_heavy_6_none_mixed_balanced_standard_standard_eval,P26,120,1.6,3.0,0.925,1.275,1.4166666666666667,0.18333333333333332,2.7283333333333326,4.0
staggered_center_heavy_6_none_mixed_balanced_standard_standard_eval,P29,120,1.9416666666666667,2.0272727272727273,1.0,6.1622916666666665,3.3333333333333335,0.0,9.495624999999999,12.13452380952381
staggered_center_heavy_6_none_mixed_balanced_standard_loose_train,P01,120,2.6333333333333333,4.0,1.0,3.9524999999999997,2.658333333333333,0.2,6.650833333333332,7.760714285714286
staggered_center_heavy_6_none_mixed_balanced_standard_loose_train,P02,120,3.716666666666667,4.0,1.0,3.379166666666667,3.0833333333333335,0.7,6.602500000000002,9.324999999999998
staggered_center_heavy_6_none_mixed_balanced_standard_loose_train,P04,120,0.0,0.0,0.0,0.0,0.0,0.0,0.0,0.0
staggered_center_heavy_6_none_mixed_balanced_standard_loose_train,P05,120,2.35,3.0,1.0,2.083333333333334,1.9833333333333334,0.375,4.141666666666667,4.300000000000001
staggered_center_heavy_6_none_mixed_balanced_standard_loose_train,P06,120,0.0,0.0,0.0,0.0,0.0,0.0,0.0,0.0
staggered_center_heavy_6_none_mixed_balanced_standard_loose_train,P07,120,3.85,4.0,1.0,3.714166666666666,2.3333333333333335,1.5166666666666666,6.350833333333335,7.625000000000002
staggered_center_heavy_6_none_mixed_balanced_standard_loose_train,P09,120,3.8916666666666666,4.0,1.0,4.555625,3.216666666666667,0.675,7.907291666666668,9.275
staggered_center_heavy_6_none_mixed_balanced_standard_loose_train,P11,120,0.05,0.05,0.05,0.11625,0.05,0.0,0.16625000000000004,0.16625000000000004
staggered_center_heavy_6_none_mixed_balanced_standard_loose_train,P15,120,3.308333333333333,4.0,1.0,3.33125,1.9583333333333333,1.35,5.559583333333334,5.775
staggered_center_heavy_6_none_mixed_balanced_standard_loose_train,P16,120,0.16666666666666666,1.0526315789473684,0.15833333333333333,0.14250000000000002,0.15833333333333333,0.008333333333333333,0.3025,1.9105263157894736
staggered_center_heavy_6_none_mixed_balanced_standard_loose_train,P17,120,3.1333333333333333,4.0,1.0,4.677708333333333,4.066666666666666,0.016666666666666666,8.74770833333333,10.405000000000001
staggered_center_heavy_6_none_mixed_balanced_standard_loose_train,P18,120,1.875,3.0,0.9666666666666667,1.3575000000000004,1.5083333333333333,0.36666666666666664,2.939166666666666,4.0
staggered_center_heavy_6_none_mixed_balanced_standard_loose_train,P19,120,3.2,4.0,1.0,3.059166666666667,3.091666666666667,0.4,6.230833333333335,9.461538461538463
staggered_center_heavy_6_none_mixed_balanced_standard_loose_train,P21,120,1.9833333333333334,3.1666666666666665,1.0,2.4283333333333337,2.466666666666667,0.025,4.900000000000001,6.53888888888889
staggered_center_heavy_6_none_mixed_balanced_standard_loose_train,P22,120,1.2416666666666667,2.0,0.9833333333333333,6.331874999999998,2.725,0.0,9.056874999999998,9.975
staggered_center_heavy_6_none_mixed_balanced_standard_loose_train,P24,120,0.11666666666666667,1.0,0.11666666666666667,0.27125,0.11666666666666667,0.0,0.38791666666666663,3.3250000000000006
staggered_center_heavy_6_none_mixed_balanced_standard_loose_train,P25,120,0.0,0.0,0.0,0.0,0.0,0.0,0.0,0.0
staggered_center_heavy_6_none_mixed_balanced_standard_loose_train,P27,120,2.95,3.085714285714286,1.0,5.3185416666666665,4.1,0.008333333333333333,9.420208333333335,11.606854838709676
staggered_center_heavy_6_none_mixed_balanced_standard_loose_train,P28,120,2.808333333333333,3.0,1.0,9.618958333333333,5.633333333333334,0.0,15.252291666666668,19.775
staggered_center_heavy_6_none_mixed_balanced_standard_loose_train,P30,120,2.5166666666666666,3.1076923076923078,1.0,4.151666666666667,3.0083333333333333,0.0,7.16,9.404411764705886
staggered_center_heavy_6_none_mixed_balanced_standard_loose_eval,P03,120,3.066666666666667,4.0,0.9916666666666667,3.193749999999999,1.8083333333333333,1.2583333333333333,5.25375,5.825
staggered_center_heavy_6_none_mixed_balanced_standard_loose_eval,P08,120,3.2916666666666665,4.0,1.0,4.41125,3.1416666666666666,0.35833333333333334,7.624583333333334,9.325
staggered_center_heavy_6_none_mixed_balanced_standard_loose_eval,P10,120,2.2,3.0232558139534884,0.9916666666666667,1.7787499999999998,1.7916666666666667,0.4083333333333333,3.652083333333333,4.361904761904762
staggered_center_heavy_6_none_mixed_balanced_standard_loose_eval,P12,120,2.716666666666667,3.0,0.9916666666666667,3.3543749999999997,1.9916666666666667,0.725,5.491041666666667,5.594318181818183
staggered_center_heavy_6_none_mixed_balanced_standard_loose_eval,P13,120,0.0,0.0,0.0,0.0,0.0,0.0,0.0,0.0
staggered_center_heavy_6_none_mixed_balanced_standard_loose_eval,P14,120,3.95,4.0,1.0,5.861041666666665,4.466666666666667,0.09166666666666666,10.346041666666663,12.797916666666666
staggered_center_heavy_6_none_mixed_balanced_standard_loose_eval,P20,120,2.966666666666667,4.0,1.0,3.1325000000000007,1.95,1.0166666666666666,5.285833333333333,5.625
staggered_center_heavy_6_none_mixed_balanced_standard_loose_eval,P23,120,0.45,1.0188679245283019,0.44166666666666665,1.026875,0.44166666666666665,0.008333333333333333,1.4702083333333333,3.3287735849056594
staggered_center_heavy_6_none_mixed_balanced_standard_loose_eval,P26,120,1.95,2.0,1.0,1.7550000000000003,1.95,0.0,3.7049999999999987,3.7999999999999994
staggered_center_heavy_6_none_mixed_balanced_standard_loose_eval,P29,120,1.8333333333333333,2.0,0.9833333333333333,5.647083333333334,3.1166666666666667,0.0,8.76375,12.154729729729727
staggered_center_heavy_6_none_mixed_balanced_loose_compact_train,P01,120,2.441666666666667,3.0535714285714284,1.0,3.5025000000000004,2.058333333333333,0.4166666666666667,5.644166666666668,6.0705357142857155
staggered_center_heavy_6_none_mixed_balanced_loose_compact_train,P02,120,3.8583333333333334,4.0,1.0,4.817291666666666,3.183333333333333,0.675,8.135625000000001,10.525000000000002
staggered_center_heavy_6_none_mixed_balanced_loose_compact_train,P04,120,3.433333333333333,4.0,1.0,2.1441666666666674,2.0166666666666666,1.4166666666666667,4.444166666666666,4.65
staggered_center_heavy_6_none_mixed_balanced_loose_compact_train,P05,120,3.908333333333333,4.0,1.0,5.996875,4.666666666666667,0.016666666666666666,10.666875000000001,11.712500000000002
staggered_center_heavy_6_none_mixed_balanced_loose_compact_train,P06,120,1.0916666666666666,2.0,0.8583333333333333,1.3733333333333329,1.4583333333333333,0.058333333333333334,2.843333333333333,3.8999999999999995
staggered_center_heavy_6_none_mixed_balanced_loose_compact_train,P07,120,3.775,4.0,1.0,4.563125,2.566666666666667,1.2083333333333333,7.371458333333334,8.674999999999999
staggered_center_heavy_6_none_mixed_balanced_loose_compact_train,P09,120,3.375,4.0,1.0,4.27,2.9833333333333334,0.44166666666666665,7.341666666666667,9.227941176470589
staggered_center_heavy_6_none_mixed_balanced_loose_compact_train,P11,120,2.9916666666666667,4.0,1.0,3.63,2.283333333333333,0.7083333333333334,6.0550000000000015,7.4750000000000005
staggered_center_heavy_6_none_mixed_balanced_loose_compact_train,P15,120,2.6166666666666667,3.0921052631578947,1.0,1.3675,1.7916666666666667,0.825,3.324166666666667,3.7184210526315784
staggered_center_heavy_6_none_mixed_balanced_loose_compact_train,P16,120,3.158333333333333,4.0,1.0,1.5075,1.5083333333333333,1.65,3.345833333333333,4.35
staggered_center_heavy_6_none_mixed_balanced_loose_compact_train,P17,120,2.475,3.0,1.0,4.3587500000000015,3.1416666666666666,0.016666666666666666,7.503749999999998,9.225000000000001
staggered_center_heavy_6_none_mixed_balanced_loose_compact_train,P18,120,3.908333333333333,4.0,1.0,4.260624999999999,2.95,0.9583333333333334,7.402291666666668,7.819791666666667
staggered_center_heavy_6_none_mixed_balanced_loose_compact_train,P19,120,3.9166666666666665,4.0,1.0,3.1358333333333337,3.275,0.65,6.540833333333333,7.850000000000002
staggered_center_heavy_6_none_mixed_balanced_loose_compact_train,P21,120,3.4,4.0,1.0,2.44875,2.3833333333333333,1.0583333333333333,5.04375,6.377272727272728
staggered_center_heavy_6_none_mixed_balanced_loose_compact_train,P22,120,1.4083333333333334,2.1020408163265305,0.9583333333333334,5.490624999999999,2.408333333333333,0.008333333333333333,7.900625000000001,10.625543478260873
staggered_center_heavy_6_none_mixed_balanced_loose_compact_train,P24,120,1.4666666666666666,2.087719298245614,0.95,2.605,1.925,0.025,4.535,7.888392857142857
staggered_center_heavy_6_none_mixed_balanced_loose_compact_train,P25,120,0.08333333333333333,0.08333333333333333,0.075,0.174375,0.075,0.008333333333333333,0.2510416666666667,0.2510416666666667
staggered_center_heavy_6_none_mixed_balanced_loose_compact_train,P27,120,2.725,3.1139240506329116,1.0,3.9304166666666664,3.091666666666667,0.1,7.042083333333334,9.12797619047619
staggered_center_heavy_6_none_mixed_balanced_loose_compact_train,P28,120,2.275,3.0,1.0,8.533333333333333,4.975,0.0,13.508333333333333,20.23846153846154
staggered_center_heavy_6_none_mixed_balanced_loose_compact_train,P30,120,3.25,4.0,1.0,5.536666666666666,4.933333333333334,0.0,10.47,15.175000000000002
staggered_center_heavy_6_none_mixed_balanced_loose_compact_eval,P03,120,3.9,4.0,1.0,3.845,2.441666666666667,1.4583333333333333,6.578333333333333,7.987222222222223
staggered_center_heavy_6_none_mixed_balanced_loose_compact_eval,P08,120,2.425,3.0784313725490198,1.0,2.268958333333333,2.2083333333333335,0.275,4.532291666666667,6.550000000000001
staggered_center_heavy_6_none_mixed_balanced_loose_compact_eval,P10,120,2.05,3.0588235294117645,0.975,2.167083333333333,2.158333333333333,0.2,4.3654166666666665,6.664285714285714
staggered_center_heavy_6_none_mixed_balanced_loose_compact_eval,P12,120,3.95,4.0,1.0,5.825,4.583333333333333,0.041666666666666664,10.416666666666666,11.225000000000003
staggered_center_heavy_6_none_mixed_balanced_loose_compact_eval,P13,120,1.5666666666666667,2.0,0.9916666666666667,3.2391666666666676,1.9583333333333333,0.008333333333333333,5.199166666666668,5.325000000000002
staggered_center_heavy_6_none_mixed_balanced_loose_compact_eval,P14,120,3.95,4.0,1.0,4.703645833333334,3.3666666666666667,0.65,8.2003125,9.531490384615385
staggered_center_heavy_6_none_mixed_balanced_loose_compact_eval,P20,120,2.966666666666667,4.0,1.0,4.436875,3.0083333333333333,0.14166666666666666,7.473541666666667,8.221428571428568
staggered_center_heavy_6_none_mixed_balanced_loose_compact_eval,P23,120,1.85,2.0408163265306123,1.0,2.89875,1.6083333333333334,0.3416666666666667,4.5754166666666665,7.028571428571428
staggered_center_heavy_6_none_mixed_balanced_loose_compact_eval,P26,120,2.8583333333333334,4.0,1.0,2.8310416666666667,2.8833333333333333,0.06666666666666667,5.727708333333335,8.188043478260868
staggered_center_heavy_6_none_mixed_balanced_loose_compact_eval,P29,120,2.091666666666667,3.0,1.0,6.126458333333333,4.216666666666667,0.0,10.343125000000002,15.520833333333334
staggered_center_heavy_6_none_mixed_balanced_loose_standard_train,P01,120,2.675,4.0,1.0,3.492083333333333,2.6666666666666665,0.31666666666666665,6.222083333333332,7.96388888888889
staggered_center_heavy_6_none_mixed_balanced_loose_standard_train,P02,120,3.2,4.0,1.0,4.257291666666666,3.3333333333333335,0.21666666666666667,7.633958333333335,9.524999999999997
staggered_center_heavy_6_none_mixed_balanced_loose_standard_train,P04,120,3.8833333333333333,4.0,1.0,1.5249999999999995,1.625,2.2583333333333333,3.601666666666666,4.300000000000001
staggered_center_heavy_6_none_mixed_balanced_loose_standard_train,P05,120,3.066666666666667,4.0,1.0,2.4806250000000007,2.175,0.9,4.835624999999999,7.5296875
staggered_center_heavy_6_none_mixed_balanced_loose_standard_train,P06,120,0.0,0.0,0.0,0.0,0.0,0.0,0.0,0.0
staggered_center_heavy_6_none_mixed_balanced_loose_standard_train,P07,120,1.2666666666666666,2.0277777777777777,0.9583333333333334,2.3835416666666664,1.0583333333333333,0.25,3.4918750000000007,4.289473684210527
staggered_center_heavy_6_none_mixed_balanced_loose_standard_train,P09,120,3.341666666666667,4.0,1.0,4.913750000000001,3.55,0.15,8.49375,9.325000000000005
staggered_center_heavy_6_none_mixed_balanced_loose_standard_train,P11,120,3.4166666666666665,4.0,1.0,3.247500000000001,1.9666666666666666,1.45,5.504166666666666,5.725000000000002
staggered_center_heavy_6_none_mixed_balanced_loose_standard_train,P15,120,0.8916666666666667,1.0388349514563107,0.8583333333333333,0.6325,0.95,0.03333333333333333,1.589166666666667,2.6039999999999996
staggered_center_heavy_6_none_mixed_balanced_loose_standard_train,P16,120,2.4833333333333334,3.016949152542373,1.0,0.9000000000000002,1.0,1.4833333333333334,2.1966666666666668,2.303389830508475
staggered_center_heavy_6_none_mixed_balanced_loose_standard_train,P17,120,2.6,3.0,1.0,4.130000000000001,2.8833333333333333,0.09166666666666666,7.031666666666666,9.225000000000001
staggered_center_heavy_6_none_mixed_balanced_loose_standard_train,P18,120,1.2833333333333334,2.0625,1.0,2.375,1.5166666666666666,0.09166666666666666,3.9099999999999993,5.3829166666666675
staggered_center_heavy_6_none_mixed_balanced_loose_standard_train,P19,120,3.441666666666667,4.0,1.0,2.7012500000000004,2.7416666666666667,0.75,5.592916666666667,6.239473684210526
staggered_center_heavy_6_none_mixed_balanced_loose_standard_train,P21,120,3.2,4.0,1.0,2.238750000000001,2.1416666666666666,1.0583333333333333,4.592083333333333,6.3
staggered_center_heavy_6_none_mixed_balanced_loose_standard_train,P22,120,1.2,2.0,0.9583333333333334,5.00625,2.2,0.008333333333333333,7.207916666666667,9.975000000000005
staggered_center_heavy_6_none_mixed_balanced_loose_standard_train,P24,120,0.1,1.0,0.1,0.18833333333333335,0.1,0.0,0.28833333333333333,2.8833333333333333
staggered_center_heavy_6_none_mixed_balanced_loose_standard_train,P25,120,0.0,0.0,0.0,0.0,0.0,0.0,0.0,0.0
staggered_center_heavy_6_none_mixed_balanced_loose_standard_train,P27,120,3.675,4.0,1.0,5.2467708333333345,4.366666666666666,0.008333333333333333,9.615104166666667,11.621875
staggered_center_heavy_6_none_mixed_balanced_loose_standard_train,P28,120,2.7416666666666667,3.0,1.0,8.984583333333335,4.733333333333333,0.0,13.71791666666667,17.960576923076925
staggered_center_heavy_6_none_mixed_balanced_loose_standard_train,P30,120,2.1,3.0285714285714285,1.0,4.016875000000001,2.7083333333333335,0.0,6.725208333333333,10.304166666666667
staggered_center_heavy_6_none_mixed_balanced_loose_standard_eval,P03,120,2.625,3.0555555555555554,1.0,3.285625,1.925,0.7083333333333334,5.352291666666668,5.586764705882352
staggered_center_heavy_6_none_mixed_balanced_loose_standard_eval,P08,120,3.6666666666666665,4.0,1.0,5.031250000000001,3.8333333333333335,0.09166666666666666,8.882916666666667,9.325000000000005
staggered_center_heavy_6_none_mixed_balanced_loose_standard_eval,P10,120,2.4583333333333335,3.0,0.9916666666666667,1.8183333333333336,1.8,0.6583333333333333,3.75,4.199999999999999
staggered_center_heavy_6_none_mixed_balanced_loose_standard_eval,P12,120,3.3333333333333335,4.0,1.0,3.4231249999999998,2.066666666666667,1.2666666666666666,5.743125000000002,6.073979591836735
staggered_center_heavy_6_none_mixed_balanced_loose_standard_eval,P13,120,0.016666666666666666,0.016666666666666666,0.016666666666666666,0.03875,0.016666666666666666,0.0,0.05541666666666667,0.05541666666666667
staggered_center_heavy_6_none_mixed_balanced_loose_standard_eval,P14,120,3.95,4.0,1.0,4.824791666666666,3.433333333333333,0.6916666666666667,8.396458333333333,11.544852941176472
staggered_center_heavy_6_none_mixed_balanced_loose_standard_eval,P20,120,1.275,2.0,0.9583333333333334,5.237500000000002,2.7416666666666667,0.0,7.979166666666669,8.700000000000003
staggered_center_heavy_6_none_mixed_balanced_loose_standard_eval,P23,120,1.0666666666666667,2.0,0.9416666666666667,2.259375,1.0083333333333333,0.11666666666666667,3.291041666666667,4.197727272727274
staggered_center_heavy_6_none_mixed_balanced_loose_standard_eval,P26,120,1.7666666666666666,2.0919540229885056,0.975,1.5225000000000004,1.6916666666666667,0.075,3.2291666666666656,3.818604651162791
staggered_center_heavy_6_none_mixed_balanced_loose_standard_eval,P29,120,1.9,2.0285714285714285,1.0,5.52125,2.9833333333333334,0.0,8.504583333333334,12.091666666666669
staggered_center_heavy_6_none_mixed_balanced_loose_loose_train,P01,120,3.575,4.0,1.0,2.531666666666667,2.1666666666666665,1.4083333333333334,4.9799999999999995,7.625000000000002
staggered_center_heavy_6_none_mixed_balanced_loose_loose_train,P02,120,2.0166666666666666,3.0,1.0,2.0500000000000003,1.95,0.10833333333333334,4.021666666666667,4.299999999999999
staggered_center_heavy_6_none_mixed_balanced_loose_loose_train,P04,120,0.0,0.0,0.0,0.0,0.0,0.0,0.0,0.0
staggered_center_heavy_6_none_mixed_balanced_loose_loose_train,P05,120,3.6416666666666666,4.0,1.0,2.0666666666666673,1.9666666666666666,1.675,4.368333333333334,4.5
staggered_center_heavy_6_none_mixed_balanced_loose_loose_train,P06,120,0.0,0.0,0.0,0.0,0.0,0.0,0.0,0.0
staggered_center_heavy_6_none_mixed_balanced_loose_loose_train,P07,120,3.6,4.0,1.0,2.395416666666667,2.0083333333333333,1.5916666666666666,4.722083333333334,7.625000000000002
staggered_center_heavy_6_none_mixed_balanced_loose_loose_train,P09,120,2.3583333333333334,3.0,1.0,3.3825,2.0083333333333333,0.375,5.465833333333334,5.6119565217391285
staggered_center_heavy_6_none_mixed_balanced_loose_loose_train,P11,120,0.025,0.025,0.025,0.058125,0.025,0.0,0.08312500000000002,0.08312500000000002
staggered_center_heavy_6_none_mixed_balanced_loose_loose_train,P15,120,1.25,2.0,0.975,1.3337500000000007,1.1083333333333334,0.26666666666666666,2.4954166666666664,5.375
staggered_center_heavy_6_none_mixed_balanced_loose_loose_train,P16,120,2.8916666666666666,4.0,1.0,0.9000000000000002,1.0,1.8916666666666666,2.2783333333333338,2.5
staggered_center_heavy_6_none_mixed_balanced_loose_loose_train,P17,120,2.55,3.0,1.0,3.6318750000000004,2.3916666666666666,0.20833333333333334,6.0652083333333335,7.2250000000000005
staggered_center_heavy_6_none_mixed_balanced_loose_loose_train,P18,120,0.5416666666666666,1.0655737704918034,0.5083333333333333,1.065625,0.7583333333333333,0.0,1.8239583333333333,5.448076923076924
staggered_center_heavy_6_none_mixed_balanced_loose_loose_train,P19,120,3.2333333333333334,4.0,1.0,2.71125,2.7333333333333334,0.575,5.559583333333334,6.5200000000000005
staggered_center_heavy_6_none_mixed_balanced_loose_loose_train,P21,120,1.7166666666666666,2.0352941176470587,0.9833333333333333,1.5312500000000004,1.4583333333333333,0.275,3.0445833333333336,4.107017543859649
staggered_center_heavy_6_none_mixed_balanced_loose_loose_train,P22,120,1.2,2.0,0.9583333333333334,5.00625,2.2,0.008333333333333333,7.207916666666667,9.975000000000005
staggered_center_heavy_6_none_mixed_balanced_loose_loose_train,P24,120,0.06666666666666667,0.06666666666666667,0.06666666666666667,0.155,0.06666666666666667,0.0,0.22166666666666668,0.22166666666666668
staggered_center_heavy_6_none_mixed_balanced_loose_loose_train,P25,120,0.0,0.0,0.0,0.0,0.0,0.0,0.0,0.0
staggered_center_heavy_6_none_mixed_balanced_loose_loose_train,P27,120,3.2,4.0,1.0,4.823229166666666,3.675,0.09166666666666666,8.5165625,9.778125000000001
staggered_center_heavy_6_none_mixed_balanced_loose_loose_train,P28,120,2.75,3.0,1.0,8.751458333333336,5.208333333333333,0.0,13.959791666666668,19.300000000000004
staggered_center_heavy_6_none_mixed_balanced_loose_loose_train,P30,120,1.3416666666666666,2.0555555555555554,0.8666666666666667,2.1491666666666664,1.675,0.0,3.824166666666667,7.391666666666665
staggered_center_heavy_6_none_mixed_balanced_loose_loose_eval,P03,120,3.1666666666666665,4.0,1.0,2.980729166666667,2.433333333333333,0.7583333333333333,5.565729166666667,6.865441176470589
staggered_center_heavy_6_none_mixed_balanced_loose_loose_eval,P08,120,3.825,4.0,1.0,3.56875,2.216666666666667,1.6083333333333334,6.1070833333333345,7.475
staggered_center_heavy_6_none_mixed_balanced_loose_loose_eval,P10,120,3.8,4.0,1.0,2.460625,2.441666666666667,1.3666666666666667,5.175625,6.301315789473684
staggered_center_heavy_6_none_mixed_balanced_loose_loose_eval,P12,120,3.325,4.0,1.0,3.3556250000000003,1.9916666666666667,1.3333333333333333,5.6139583333333345,5.7749999999999995
staggered_center_heavy_6_none_mixed_balanced_loose_loose_eval,P13,120,0.0,0.0,0.0,0.0,0.0,0.0,0.0,0.0
staggered_center_heavy_6_none_mixed_balanced_loose_loose_eval,P14,120,3.95,4.0,1.0,4.9953125,3.566666666666667,0.5333333333333333,8.668645833333333,11.549218750000001
staggered_center_heavy_6_none_mixed_balanced_loose_loose_eval,P20,120,2.2416666666666667,3.0,1.0,3.3500000000000005,1.45,0.8083333333333333,4.961666666666668,7.134615384615382
staggered_center_heavy_6_none_mixed_balanced_loose_loose_eval,P23,120,0.2833333333333333,1.0,0.2833333333333333,0.6587500000000001,0.2833333333333333,0.0,0.9420833333333334,3.325
staggered_center_heavy_6_none_mixed_balanced_loose_loose_eval,P26,120,1.85,2.02,1.0,1.7006250000000003,1.85,0.0,3.5506249999999993,3.88075
staggered_center_heavy_6_none_mixed_balanced_loose_loose_eval,P29,120,1.9,2.0,1.0,5.613958333333334,3.15,0.0,8.763958333333335,12.03125
staggered_center_heavy_6_none_high_value_center_compact_compact_train,P01,120,3.8333333333333335,4.0,1.0,3.3925000000000005,2.9166666666666665,0.925,6.494166666666664,6.7383064516129
staggered_center_heavy_6_none_high_value_center_compact_compact_train,P02,120,3.8916666666666666,4.0,1.0,8.491458333333334,4.566666666666666,0.03333333333333333,13.064791666666663,13.974999999999996
staggered_center_heavy_6_none_high_value_center_compact_compact_train,P04,120,3.816666666666667,4.0,1.0,5.813333333333333,3.6666666666666665,0.2833333333333333,9.536666666666667,10.424999999999995
staggered_center_heavy_6_none_high_value_center_compact_compact_train,P05,120,3.55,4.0,1.0,6.881666666666666,3.05,0.5333333333333333,10.038333333333334,11.885526315789473
staggered_center_heavy_6_none_high_value_center_compact_compact_train,P06,120,1.2666666666666666,2.0256410256410255,0.9333333333333333,2.1925000000000003,1.0333333333333334,0.3,3.2858333333333336,6.425
staggered_center_heavy_6_none_high_value_center_compact_compact_train,P07,120,2.775,4.0,1.0,3.6237500000000002,2.3666666666666667,0.575,6.105416666666667,7.308962264150941
staggered_center_heavy_6_none_high_value_center_compact_compact_train,P09,120,3.658333333333333,4.0,1.0,5.69625,4.5,0.041666666666666664,10.20458333333333,11.225000000000001
staggered_center_heavy_6_none_high_value_center_compact_compact_train,P11,120,3.308333333333333,4.0,1.0,4.9662500000000005,3.6666666666666665,0.11666666666666667,8.656250000000002,9.275
staggered_center_heavy_6_none_high_value_center_compact_compact_train,P15,120,3.1666666666666665,4.0,1.0,5.691250000000002,2.9916666666666667,0.23333333333333334,8.729583333333334,8.899999999999999
staggered_center_heavy_6_none_high_value_center_compact_compact_train,P16,120,0.8,1.1294117647058823,0.7083333333333334,0.6375000000000003,0.7083333333333334,0.09166666666666666,1.3641666666666665,1.9258823529411766
staggered_center_heavy_6_none_high_value_center_compact_compact_train,P17,120,3.9166666666666665,4.0,1.0,7.783125000000001,7.0,0.0,14.783124999999997,16.49130434782609
staggered_center_heavy_6_none_high_value_center_compact_compact_train,P18,120,2.691666666666667,3.0120481927710845,1.0,2.7600000000000002,2.9,0.058333333333333334,5.671666666666666,5.8518181818181825
staggered_center_heavy_6_none_high_value_center_compact_compact_train,P19,120,3.725,4.0,1.0,4.195624999999999,4.233333333333333,0.041666666666666664,8.437291666666669,11.121153846153847
staggered_center_heavy_6_none_high_value_center_compact_compact_train,P21,120,3.9166666666666665,4.0,1.0,5.003749999999999,3.908333333333333,0.075,8.927083333333332,9.099999999999998
staggered_center_heavy_6_none_high_value_center_compact_compact_train,P22,120,1.6583333333333334,2.1267605633802815,0.9916666666666667,5.8225,3.066666666666667,0.0,8.889166666666666,11.800000000000002
staggered_center_heavy_6_none_high_value_center_compact_compact_train,P24,120,1.325,2.075,0.9666666666666667,3.0118750000000007,1.7166666666666666,0.06666666666666667,4.741875000000001,8.091666666666669
staggered_center_heavy_6_none_high_value_center_compact_compact_train,P25,120,0.23333333333333334,1.037037037037037,0.225,0.5231250000000001,0.225,0.008333333333333333,0.7497916666666667,3.332407407407408
staggered_center_heavy_6_none_high_value_center_compact_compact_train,P27,120,3.9166666666666665,4.0,1.0,8.386458333333335,6.108333333333333,0.0,14.494791666666664,16.69765625
staggered_center_heavy_6_none_high_value_center_compact_compact_train,P28,120,2.3916666666666666,3.019230769230769,0.9833333333333333,8.279166666666667,4.816666666666666,0.0,13.095833333333333,20.385714285714283
staggered_center_heavy_6_none_high_value_center_compact_compact_train,P30,120,3.35,4.0,1.0,6.202083333333333,4.616666666666666,0.0,10.81875,15.444230769230767
staggered_center_heavy_6_none_high_value_center_compact_compact_eval,P03,120,3.525,4.0,1.0,2.9381250000000003,2.716666666666667,0.8333333333333334,5.821458333333334,9.175
staggered_center_heavy_6_none_high_value_center_compact_compact_eval,P08,120,3.7,4.0,1.0,2.8650000000000007,2.9916666666666667,0.7333333333333333,6.003333333333332,7.900000000000002
staggered_center_heavy_6_none_high_value_center_compact_compact_eval,P10,120,3.783333333333333,4.0,1.0,2.945,2.8833333333333333,0.925,6.013333333333334,6.441666666666667
staggered_center_heavy_6_none_high_value_center_compact_compact_eval,P12,120,3.15,4.0,1.0,4.375,3.191666666666667,0.05,7.576666666666668,9.175
staggered_center_heavy_6_none_high_value_center_compact_compact_eval,P13,120,1.5333333333333334,2.015625,0.9916666666666667,2.343125,1.0333333333333334,0.525,3.4814583333333338,3.6548507462686564
staggered_center_heavy_6_none_high_value_center_compact_compact_eval,P14,120,3.941666666666667,4.0,1.0,5.008333333333334,4.183333333333334,0.13333333333333333,9.218333333333332,10.662500000000001
staggered_center_heavy_6_none_high_value_center_compact_compact_eval,P20,120,3.95,4.0,1.0,2.7774999999999994,2.975,0.975,5.947500000000001,6.0
staggered_center_heavy_6_none_high_value_center_compact_compact_eval,P23,120,2.125,3.0,1.0,3.9174999999999995,2.658333333333333,0.10833333333333334,6.597500000000001,9.317307692307693
staggered_center_heavy_6_none_high_value_center_compact_compact_eval,P26,120,3.95,4.0,1.0,3.7662500000000008,3.908333333333333,0.11666666666666667,7.697916666666666,7.960679611650485
staggered_center_heavy_6_none_high_value_center_compact_compact_eval,P29,120,2.2666666666666666,3.0,1.0,8.180833333333334,4.45,0.0,12.630833333333333,19.095833333333335
staggered_center_heavy_6_none_high_value_center_compact_standard_train,P01,120,3.25,4.0,1.0,5.1,2.25,1.0083333333333333,7.551666666666667,8.975
staggered_center_heavy_6_none_high_value_center_compact_standard_train,P02,120,3.8833333333333333,4.0,1.0,7.118750000000001,3.8916666666666666,0.21666666666666667,11.05375,13.975000000000003
staggered_center_heavy_6_none_high_value_center_compact_standard_train,P04,120,1.325,2.0,0.975,2.0475000000000003,0.975,0.35,3.0925000000000002,3.3000000000000007
staggered_center_heavy_6_none_high_value_center_compact_standard_train,P05,120,3.908333333333333,4.0,1.0,7.607500000000003,3.816666666666667,0.15833333333333333,11.455833333333333,12.075000000000001
staggered_center_heavy_6_none_high_value_center_compact_standard_train,P06,120,0.016666666666666666,0.016666666666666666,0.016666666666666666,0.034999999999999996,0.016666666666666666,0.0,0.05166666666666666,0.05166666666666666
staggered_center_heavy_6_none_high_value_center_compact_standard_train,P07,120,2.95,4.0,1.0,5.05625,2.216666666666667,0.75,7.422916666666667,8.975
staggered_center_heavy_6_none_high_value_center_compact_standard_train,P09,120,3.775,4.0,1.0,5.502083333333333,4.225,0.075,9.742083333333333,11.772058823529413
staggered_center_heavy_6_none_high_value_center_compact_standard_train,P11,120,1.425,2.0,1.0,2.3325,1.0083333333333333,0.4166666666666667,3.424166666666667,3.558333333333333
staggered_center_heavy_6_none_high_value_center_compact_standard_train,P15,120,3.9166666666666665,4.0,1.0,5.583750000000001,2.95,0.9666666666666667,8.727083333333335,8.9
staggered_center_heavy_6_none_high_value_center_compact_standard_train,P16,120,0.5583333333333333,1.0151515151515151,0.55,0.49500000000000005,0.55,0.008333333333333333,1.0466666666666666,1.9030303030303033
staggered_center_heavy_6_none_high_value_center_compact_standard_train,P17,120,3.9166666666666665,4.0,1.0,7.433750000000001,6.691666666666666,0.0,14.125416666666665,16.509375
staggered_center_heavy_6_none_high_value_center_compact_standard_train,P18,120,3.9166666666666665,4.0,1.0,3.8200000000000007,3.966666666666667,0.03333333333333333,7.793333333333332,7.85
staggered_center_heavy_6_none_high_value_center_compact_standard_train,P19,120,3.9166666666666665,4.0,1.0,4.291250000000001,4.375,0.06666666666666667,8.679583333333335,9.950000000000003
staggered_center_heavy_6_none_high_value_center_compact_standard_train,P21,120,3.9166666666666665,4.0,1.0,4.023749999999999,2.975,0.9416666666666667,7.187083333333333,7.25
staggered_center_heavy_6_none_high_value_center_compact_standard_train,P22,120,1.3083333333333333,2.0,0.9916666666666667,5.008750000000001,2.716666666666667,0.0,7.725416666666666,8.475
staggered_center_heavy_6_none_high_value_center_compact_standard_train,P24,120,0.4583333333333333,1.1224489795918366,0.4083333333333333,1.0075,0.4666666666666667,0.0,1.4741666666666664,4.290476190476191
staggered_center_heavy_6_none_high_value_center_compact_standard_train,P25,120,0.0,0.0,0.0,0.0,0.0,0.0,0.0,0.0
staggered_center_heavy_6_none_high_value_center_compact_standard_train,P27,120,3.9166666666666665,4.0,1.0,8.602708333333334,6.283333333333333,0.0,14.886041666666669,18.8078125
staggered_center_heavy_6_none_high_value_center_compact_standard_train,P28,120,2.875,3.0194174757281553,1.0,10.280416666666667,5.591666666666667,0.0,15.872083333333334,20.09047619047619
staggered_center_heavy_6_none_high_value_center_compact_standard_train,P30,120,2.841666666666667,3.0510204081632653,1.0,5.622083333333333,3.625,0.0,9.247083333333334,13.483928571428569
staggered_center_heavy_6_none_high_value_center_compact_standard_eval,P03,120,3.6416666666666666,4.0,1.0,3.225833333333334,2.875,0.7833333333333333,6.2574999999999985,6.6125
staggered_center_heavy_6_none_high_value_center_compact_standard_eval,P08,120,2.75,4.0,1.0,2.9200000000000004,2.683333333333333,0.275,5.658333333333333,9.175
staggered_center_heavy_6_none_high_value_center_compact_standard_eval,P10,120,3.808333333333333,4.0,1.0,2.556250000000001,2.675,1.1333333333333333,5.457916666666665,6.05
staggered_center_heavy_6_none_high_value_center_compact_standard_eval,P12,120,3.7666666666666666,4.0,1.0,5.047500000000001,3.725,0.2,8.8125,9.325000000000001
staggered_center_heavy_6_none_high_value_center_compact_standard_eval,P13,120,0.11666666666666667,1.0,0.11666666666666667,0.27125000000000005,0.11666666666666667,0.0,0.3879166666666667,3.3250000000000006
staggered_center_heavy_6_none_high_value_center_compact_standard_eval,P14,120,3.941666666666667,4.0,1.0,5.448333333333333,4.416666666666667,0.058333333333333334,9.876666666666665,10.662500000000001
staggered_center_heavy_6_none_high_value_center_compact_standard_eval,P20,120,2.466666666666667,4.0,0.9916666666666667,1.4550000000000003,1.6166666666666667,0.85,3.2416666666666667,4.200000000000001
staggered_center_heavy_6_none_high_value_center_compact_standard_eval,P23,120,1.375,2.0,0.9833333333333333,2.3335416666666666,1.0416666666666667,0.35,3.4452083333333334,3.7841836734693874
staggered_center_heavy_6_none_high_value_center_compact_standard_eval,P26,120,2.091666666666667,3.0,1.0,1.6425000000000003,1.825,0.26666666666666666,3.5208333333333326,4.0
staggered_center_heavy_6_none_high_value_center_compact_standard_eval,P29,120,1.9583333333333333,2.036036036036036,1.0,7.699583333333334,3.908333333333333,0.0,11.607916666666664,15.328571428571431
staggered_center_heavy_6_none_high_value_center_compact_loose_train,P01,120,3.75,4.0,1.0,7.005416666666667,3.4916666666666667,0.35,10.567083333333331,12.075000000000005
staggered_center_heavy_6_none_high_value_center_compact_loose_train,P02,120,2.675,3.0123456790123457,1.0,4.984166666666668,2.8833333333333333,0.125,7.892500000000001,8.475505050505053
staggered_center_heavy_6_none_high_value_center_compact_loose_train,P04,120,0.041666666666666664,0.041666666666666664,0.041666666666666664,0.08749999999999998,0.041666666666666664,0.0,0.12916666666666665,0.12916666666666665
staggered_center_heavy_6_none_high_value_center_compact_loose_train,P05,120,3.8583333333333334,4.0,1.0,4.8254166666666665,3.158333333333333,0.7333333333333333,8.130416666666667,10.424999999999999
staggered_center_heavy_6_none_high_value_center_compact_loose_train,P06,120,0.0,0.0,0.0,0.0,0.0,0.0,0.0,0.0
staggered_center_heavy_6_none_high_value_center_compact_loose_train,P07,120,3.341666666666667,4.0,1.0,5.242500000000001,2.175,1.1666666666666667,7.650833333333335,10.175
staggered_center_heavy_6_none_high_value_center_compact_loose_train,P09,120,2.8583333333333334,3.01980198019802,1.0,4.319375,3.0833333333333335,0.05,7.412708333333332,9.275000000000002
staggered_center_heavy_6_none_high_value_center_compact_loose_train,P11,120,0.175,1.05,0.16666666666666666,0.3875,0.16666666666666666,0.008333333333333333,0.5558333333333335,3.335000000000001
staggered_center_heavy_6_none_high_value_center_compact_loose_train,P15,120,2.625,3.027027027027027,1.0,2.35125,1.025,1.6,3.6962500000000005,3.8054054054054065
staggered_center_heavy_6_none_high_value_center_compact_loose_train,P16,120,2.425,3.037037037037037,1.0,0.9000000000000002,1.0,1.425,2.1850000000000005,2.3074074074074074
staggered_center_heavy_6_none_high_value_center_compact_loose_train,P17,120,3.558333333333333,4.0,1.0,5.7562500000000005,4.966666666666667,0.05,10.732916666666666,12.64140625
staggered_center_heavy_6_none_high_value_center_compact_loose_train,P18,120,3.0166666666666666,4.0,1.0,1.6050000000000002,1.7833333333333334,1.2333333333333334,3.6350000000000002,4.200000000000001
staggered_center_heavy_6_none_high_value_center_compact_loose_train,P19,120,3.6083333333333334,4.0,1.0,3.2462499999999994,3.2333333333333334,0.4,6.559583333333334,8.05
staggered_center_heavy_6_none_high_value_center_compact_loose_train,P21,120,3.9166666666666665,4.0,1.0,4.041249999999999,2.9916666666666667,0.925,7.2179166666666665,7.25
staggered_center_heavy_6_none_high_value_center_compact_loose_train,P22,120,1.3083333333333333,2.0,0.9916666666666667,5.008750000000001,2.716666666666667,0.0,7.725416666666666,8.475
staggered_center_heavy_6_none_high_value_center_compact_loose_train,P24,120,0.175,1.0,0.175,0.405,0.175,0.0,0.58,3.3250000000000006
staggered_center_heavy_6_none_high_value_center_compact_loose_train,P25,120,0.0,0.0,0.0,0.0,0.0,0.0,0.0,0.0
staggered_center_heavy_6_none_high_value_center_compact_loose_train,P27,120,3.75,4.0,1.0,9.0465625,6.683333333333334,0.0,15.729895833333334,18.81916666666667
staggered_center_heavy_6_none_high_value_center_compact_loose_train,P28,120,2.7416666666666667,3.0,1.0,9.217708333333333,5.25,0.0,14.467708333333336,19.02692307692308
staggered_center_heavy_6_none_high_value_center_compact_loose_train,P30,120,1.9583333333333333,3.0,0.9916666666666667,4.485833333333333,2.6416666666666666,0.0,7.1275,11.75625
staggered_center_heavy_6_none_high_value_center_compact_loose_eval,P03,120,2.7583333333333333,3.1341463414634148,1.0,5.4225,2.65,0.16666666666666666,8.105833333333335,8.802848101265822
staggered_center_heavy_6_none_high_value_center_compact_loose_eval,P08,120,3.5083333333333333,4.0,1.0,5.142500000000001,3.8583333333333334,0.025,9.005833333333335,9.325000000000003
staggered_center_heavy_6_none_high_value_center_compact_loose_eval,P10,120,2.725,4.0,1.0,2.6737500000000005,2.808333333333333,0.15,5.512083333333333,6.05
staggered_center_heavy_6_none_high_value_center_compact_loose_eval,P12,120,3.9,4.0,1.0,4.651875000000001,3.3333333333333335,0.5833333333333334,8.101875000000001,9.274999999999999
staggered_center_heavy_6_none_high_value_center_compact_loose_eval,P13,120,0.0,0.0,0.0,0.0,0.0,0.0,0.0,0.0
staggered_center_heavy_6_none_high_value_center_compact_loose_eval,P14,120,3.941666666666667,4.0,1.0,5.496875,4.35,0.125,9.871875,12.002777777777778
staggered_center_heavy_6_none_high_value_center_compact_loose_eval,P20,120,1.3083333333333333,2.0238095238095237,0.95,1.269375,1.1333333333333333,0.2833333333333333,2.459375,5.224999999999999
staggered_center_heavy_6_none_high_value_center_compact_loose_eval,P23,120,0.6083333333333333,1.028169014084507,0.5916666666666667,1.3756249999999999,0.5916666666666667,0.016666666666666666,1.9706249999999996,3.3306338028169002
staggered_center_heavy_6_none_high_value_center_compact_loose_eval,P26,120,1.6583333333333334,2.0126582278481013,0.9916666666666667,1.485,1.65,0.008333333333333333,3.136666666666666,3.8025316455696214
staggered_center_heavy_6_none_high_value_center_compact_loose_eval,P29,120,1.675,2.0,0.9916666666666667,5.631875,3.1166666666666667,0.0,8.74854166666667,14.833333333333336
staggered_center_heavy_6_none_high_value_center_standard_compact_train,P01,120,2.658333333333333,4.0,1.0,2.5125,1.1833333333333333,1.475,3.9908333333333337,5.847222222222223
staggered_center_heavy_6_none_high_value_center_standard_compact_train,P02,120,3.5833333333333335,4.0,1.0,6.966041666666666,3.033333333333333,0.5833333333333334,10.116041666666668,10.369594594594593
staggered_center_heavy_6_none_high_value_center_standard_compact_train,P04,120,3.058333333333333,4.0,1.0,4.265625000000001,2.775,0.43333333333333335,7.127291666666666,10.425000000000002
staggered_center_heavy_6_none_high_value_center_standard_compact_train,P05,120,3.908333333333333,4.0,1.0,6.9224999999999985,2.975,0.9333333333333333,10.084166666666667,10.174999999999997
staggered_center_heavy_6_none_high_value_center_standard_compact_train,P06,120,1.0083333333333333,2.0,0.8666666666666667,1.8275000000000003,0.875,0.14166666666666666,2.730833333333334,3.394444444444444
staggered_center_heavy_6_none_high_value_center_standard_compact_train,P07,120,3.566666666666667,4.0,1.0,3.39,2.0166666666666666,1.55,5.716666666666668,5.824275362318839
staggered_center_heavy_6_none_high_value_center_standard_compact_train,P09,120,3.058333333333333,4.0,1.0,4.2612499999999995,2.9833333333333334,0.10833333333333334,7.26625,9.193750000000001
staggered_center_heavy_6_none_high_value_center_standard_compact_train,P11,120,3.525,4.0,1.0,4.4799999999999995,3.1166666666666667,0.4666666666666667,7.690000000000001,9.275000000000002
staggered_center_heavy_6_none_high_value_center_standard_compact_train,P15,120,2.3583333333333334,3.02,1.0,4.203124999999999,2.7583333333333333,0.175,6.996458333333334,9.925
staggered_center_heavy_6_none_high_value_center_standard_compact_train,P16,120,3.45,4.0,1.0,0.9087500000000002,1.0083333333333333,2.441666666666667,2.4054166666666665,2.5308333333333333
staggered_center_heavy_6_none_high_value_center_standard_compact_train,P17,120,3.125,4.0,1.0,5.419375,4.316666666666666,0.025,9.741041666666666,11.183333333333332
staggered_center_heavy_6_none_high_value_center_standard_compact_train,P18,120,3.8916666666666666,4.0,1.0,3.504375,3.6083333333333334,0.3333333333333333,7.179375000000001,7.919256756756755
staggered_center_heavy_6_none_high_value_center_standard_compact_train,P19,120,3.9166666666666665,4.0,1.0,3.232500000000001,3.325,0.6333333333333333,6.684166666666666,8.001111111111111
staggered_center_heavy_6_none_high_value_center_standard_compact_train,P21,120,3.9166666666666665,4.0,1.0,4.178750000000001,2.9833333333333334,0.9416666666666667,7.350416666666669,7.446788990825687
staggered_center_heavy_6_none_high_value_center_standard_compact_train,P22,120,1.5166666666666666,2.1016949152542375,0.975,5.516874999999999,2.8666666666666667,0.0,8.383541666666668,11.800000000000002
staggered_center_heavy_6_none_high_value_center_standard_compact_train,P24,120,1.1416666666666666,2.037037037037037,0.9083333333333333,2.8545833333333333,1.6833333333333333,0.025,4.542916666666668,7.6800000000000015
staggered_center_heavy_6_none_high_value_center_standard_compact_train,P25,120,0.15833333333333333,1.0555555555555556,0.15,0.34875000000000006,0.15,0.008333333333333333,0.5004166666666667,3.3361111111111117
staggered_center_heavy_6_none_high_value_center_standard_compact_train,P27,120,3.8,4.0,1.0,7.840208333333334,5.933333333333334,0.0,13.773541666666668,15.612499999999995
staggered_center_heavy_6_none_high_value_center_standard_compact_train,P28,120,2.4916666666666667,3.033333333333333,1.0,8.688958333333336,5.191666666666666,0.0,13.880625000000002,20.753846153846155
staggered_center_heavy_6_none_high_value_center_standard_compact_train,P30,120,2.191666666666667,3.0789473684210527,1.0,4.73375,3.3583333333333334,0.0,8.092083333333333,12.028125
staggered_center_heavy_6_none_high_value_center_standard_compact_eval,P03,120,2.216666666666667,3.022727272727273,0.9916666666666667,3.8587500000000006,2.625,0.19166666666666668,6.522083333333334,9.572619047619051
staggered_center_heavy_6_none_high_value_center_standard_compact_eval,P08,120,2.7416666666666667,4.0,0.9916666666666667,2.644166666666666,2.6166666666666667,0.275,5.315833333333333,8.207894736842105
staggered_center_heavy_6_none_high_value_center_standard_compact_eval,P10,120,2.308333333333333,3.0681818181818183,1.0,3.6837500000000007,3.7333333333333334,0.0,7.417083333333335,9.949999999999996
staggered_center_heavy_6_none_high_value_center_standard_compact_eval,P12,120,3.5,4.0,1.0,4.161249999999999,2.9,0.6,7.18125,7.4750000000000005
staggered_center_heavy_6_none_high_value_center_standard_compact_eval,P13,120,1.4166666666666667,2.0,0.975,2.3835416666666664,1.0916666666666666,0.35833333333333334,3.5468750000000004,5.325000000000001
staggered_center_heavy_6_none_high_value_center_standard_compact_eval,P14,120,3.95,4.0,1.0,6.530312499999998,4.35,0.09166666666666666,10.898645833333331,11.934558823529414
staggered_center_heavy_6_none_high_value_center_standard_compact_eval,P20,120,3.95,4.0,1.0,1.7143750000000002,1.5916666666666666,2.3666666666666667,3.779375000000001,7.4359375000000005
staggered_center_heavy_6_none_high_value_center_standard_compact_eval,P23,120,1.7833333333333334,2.0795454545454546,0.9916666666666667,3.4975000000000005,2.2083333333333335,0.10833333333333334,5.7275,9.325000000000001
staggered_center_heavy_6_none_high_value_center_standard_compact_eval,P26,120,3.95,4.0,1.0,3.2337500000000006,3.316666666666667,0.6666666666666666,6.683750000000002,7.950000000000002
staggered_center_heavy_6_none_high_value_center_standard_compact_eval,P29,120,2.2416666666666667,3.0,1.0,8.089583333333335,4.408333333333333,0.0,12.497916666666667,17.739999999999995
staggered_center_heavy_6_none_high_value_center_standard_standard_train,P01,120,3.775,4.0,1.0,4.976249999999999,2.05,1.725,7.371250000000002,7.5192105263157885
staggered_center_heavy_6_none_high_value_center_standard_standard_train,P02,120,3.566666666666667,4.0,1.0,7.3693750000000025,3.716666666666667,0.14166666666666666,11.114374999999999,12.075000000000003
staggered_center_heavy_6_none_high_value_center_standard_standard_train,P04,120,1.175,2.0,0.95,2.7424999999999997,1.825,0.016666666666666666,4.570833333333334,5.0
staggered_center_heavy_6_none_high_value_center_standard_standard_train,P05,120,3.4916666666666667,4.0,1.0,7.249375000000001,3.6333333333333333,0.20833333333333334,10.924374999999998,12.075000000000005
staggered_center_heavy_6_none_high_value_center_standard_standard_train,P06,120,0.0,0.0,0.0,0.0,0.0,0.0,0.0,0.0
staggered_center_heavy_6_none_high_value_center_standard_standard_train,P07,120,3.2416666666666667,4.0,1.0,4.455312500000001,2.691666666666667,0.5666666666666667,7.260312500000001,8.2625
staggered_center_heavy_6_none_high_value_center_standard_standard_train,P09,120,3.0083333333333333,4.0,1.0,5.0862500000000015,3.783333333333333,0.025,8.874583333333335,9.325000000000003
staggered_center_heavy_6_none_high_value_center_standard_standard_train,P11,120,1.4083333333333334,2.0,1.0,3.2668750000000006,1.975,0.008333333333333333,5.243541666666668,5.325000000000003
staggered_center_heavy_6_none_high_value_center_standard_standard_train,P15,120,1.9666666666666666,2.104761904761905,1.0,3.36625,1.9916666666666667,0.09166666666666666,5.376250000000001,5.393487394957985
staggered_center_heavy_6_none_high_value_center_standard_standard_train,P16,120,2.0,3.0,1.0,0.9000000000000002,1.0,1.0,2.1000000000000005,2.2999999999999994
staggered_center_heavy_6_none_high_value_center_standard_standard_train,P17,120,3.125,4.0,1.0,5.046666666666667,4.216666666666667,0.03333333333333333,9.270000000000001,12.35
staggered_center_heavy_6_none_high_value_center_standard_standard_train,P18,120,3.6333333333333333,4.0,1.0,3.0799999999999996,3.2583333333333333,0.475,6.433333333333333,7.850000000000001
staggered_center_heavy_6_none_high_value_center_standard_standard_train,P19,120,3.9166666666666665,4.0,1.0,4.15,4.1,0.375,8.325,10.285185185185181
staggered_center_heavy_6_none_high_value_center_standard_standard_train,P21,120,3.9166666666666665,4.0,1.0,4.255,3.1333333333333333,0.85,7.558333333333332,9.223
staggered_center_heavy_6_none_high_value_center_standard_standard_train,P22,120,1.2333333333333334,2.0,0.975,4.858125,2.5833333333333335,0.0,7.441458333333333,8.475000000000001
staggered_center_heavy_6_none_high_value_center_standard_standard_train,P24,120,0.225,1.0384615384615385,0.21666666666666667,0.49875,0.225,0.0,0.72375,3.546428571428572
staggered_center_heavy_6_none_high_value_center_standard_standard_train,P25,120,0.0,0.0,0.0,0.0,0.0,0.0,0.0,0.0
staggered_center_heavy_6_none_high_value_center_standard_standard_train,P27,120,3.283333333333333,4.0,1.0,6.548854166666667,4.925,0.0,11.473854166666667,15.203125
staggered_center_heavy_6_none_high_value_center_standard_standard_train,P28,120,2.85,3.0098039215686274,1.0,9.992291666666665,5.15,0.0,15.142291666666665,18.926315789473684
staggered_center_heavy_6_none_high_value_center_standard_standard_train,P30,120,2.058333333333333,3.176470588235294,0.9666666666666667,5.141875000000001,2.7,0.0,7.841875000000001,13.378846153846155
staggered_center_heavy_6_none_high_value_center_standard_standard_eval,P03,120,2.1666666666666665,3.0294117647058822,1.0,2.380625,1.075,1.0916666666666666,3.673958333333333,4.1621428571428565
staggered_center_heavy_6_none_high_value_center_standard_standard_eval,P08,120,3.2,4.0,1.0,3.27,2.5166666666666666,0.7,5.926666666666667,7.4750000000000005
staggered_center_heavy_6_none_high_value_center_standard_standard_eval,P10,120,2.1333333333333333,3.075,1.0,1.9308333333333334,2.025,0.23333333333333334,4.0025,6.1359375
staggered_center_heavy_6_none_high_value_center_standard_standard_eval,P12,120,3.3333333333333335,4.0,1.0,4.946250000000001,3.591666666666667,0.11666666666666667,8.56125,9.325000000000005
staggered_center_heavy_6_none_high_value_center_standard_standard_eval,P13,120,0.041666666666666664,0.041666666666666664,0.041666666666666664,0.096875,0.041666666666666664,0.0,0.13854166666666667,0.13854166666666667
staggered_center_heavy_6_none_high_value_center_standard_standard_eval,P14,120,3.95,4.0,1.0,6.942916666666668,4.558333333333334,0.13333333333333333,11.527916666666666,13.7625
staggered_center_heavy_6_none_high_value_center_standard_standard_eval,P20,120,0.9416666666666667,2.05,0.7666666666666667,0.9193750000000002,0.85,0.1,1.7893749999999997,5.043750000000001
staggered_center_heavy_6_none_high_value_center_standard_standard_eval,P23,120,1.2,2.0,0.95,2.4625000000000004,1.1916666666666667,0.2,3.6941666666666673,5.375
staggered_center_heavy_6_none_high_value_center_standard_standard_eval,P26,120,1.6,3.0,0.925,1.275,1.4166666666666667,0.18333333333333332,2.7283333333333326,4.0
staggered_center_heavy_6_none_high_value_center_standard_standard_eval,P29,120,1.975,2.0353982300884956,1.0,7.228125000000001,3.425,0.0,10.653125,13.395238095238096
staggered_center_heavy_6_none_high_value_center_standard_loose_train,P01,120,3.1083333333333334,4.0,1.0,6.5074999999999985,2.8,0.39166666666666666,9.385833333333332,10.226351351351353
staggered_center_heavy_6_none_high_value_center_standard_loose_train,P02,120,3.8,4.0,1.0,4.4608333333333325,3.0833333333333335,0.7666666666666667,7.697499999999999,10.425
staggered_center_heavy_6_none_high_value_center_standard_loose_train,P04,120,0.008333333333333333,0.008333333333333333,0.008333333333333333,0.017499999999999998,0.008333333333333333,0.0,0.02583333333333333,0.02583333333333333
staggered_center_heavy_6_none_high_value_center_standard_loose_train,P05,120,2.5166666666666666,3.0,1.0,3.2000000000000006,2.0,0.5333333333333333,5.306666666666667,5.3999999999999995
staggered_center_heavy_6_none_high_value_center_standard_loose_train,P06,120,0.0,0.0,0.0,0.0,0.0,0.0,0.0,0.0
staggered_center_heavy_6_none_high_value_center_standard_loose_train,P07,120,3.9166666666666665,4.0,1.0,5.9525,2.5166666666666666,1.4,8.749166666666667,10.174999999999995
staggered_center_heavy_6_none_high_value_center_standard_loose_train,P09,120,3.8916666666666666,4.0,1.0,4.555625,3.216666666666667,0.675,7.907291666666668,9.275
staggered_center_heavy_6_none_high_value_center_standard_loose_train,P11,120,0.05,0.05,0.05,0.11625,0.05,0.0,0.16625000000000004,0.16625000000000004
staggered_center_heavy_6_none_high_value_center_standard_loose_train,P15,120,3.308333333333333,4.0,1.0,3.33125,1.9583333333333333,1.35,5.559583333333334,5.775
staggered_center_heavy_6_none_high_value_center_standard_loose_train,P16,120,0.16666666666666666,1.0526315789473684,0.15833333333333333,0.14250000000000002,0.15833333333333333,0.008333333333333333,0.3025,1.9105263157894736
staggered_center_heavy_6_none_high_value_center_standard_loose_train,P17,120,3.1333333333333333,4.0,1.0,4.677708333333333,4.066666666666666,0.016666666666666666,8.74770833333333,10.405000000000001
staggered_center_heavy_6_none_high_value_center_standard_loose_train,P18,120,1.875,3.0,0.9666666666666667,1.3575000000000004,1.5083333333333333,0.36666666666666664,2.939166666666666,4.0
staggered_center_heavy_6_none_high_value_center_standard_loose_train,P19,120,3.2416666666666667,4.0,1.0,3.8975000000000004,3.4166666666666665,0.30833333333333335,7.375833333333333,11.0
staggered_center_heavy_6_none_high_value_center_standard_loose_train,P21,120,3.033333333333333,4.0,1.0,4.1049999999999995,3.1166666666666667,0.31666666666666665,7.284999999999999,9.1
staggered_center_heavy_6_none_high_value_center_standard_loose_train,P22,120,1.2333333333333334,2.0,0.975,4.858125,2.5833333333333335,0.0,7.441458333333333,8.475000000000001
staggered_center_heavy_6_none_high_value_center_standard_loose_train,P24,120,0.11666666666666667,1.0,0.11666666666666667,0.27125,0.11666666666666667,0.0,0.38791666666666663,3.3250000000000006
staggered_center_heavy_6_none_high_value_center_standard_loose_train,P25,120,0.0,0.0,0.0,0.0,0.0,0.0,0.0,0.0
staggered_center_heavy_6_none_high_value_center_standard_loose_train,P27,120,2.95,3.085714285714286,1.0,5.3185416666666665,4.1,0.008333333333333333,9.420208333333335,11.606854838709676
staggered_center_heavy_6_none_high_value_center_standard_loose_train,P28,120,2.825,3.0,1.0,9.241041666666668,5.541666666666667,0.0,14.782708333333336,19.427777777777777
staggered_center_heavy_6_none_high_value_center_standard_loose_train,P30,120,2.55,3.1194029850746268,1.0,5.227083333333334,3.1333333333333333,0.0,8.360416666666667,11.096052631578948
staggered_center_heavy_6_none_high_value_center_standard_loose_eval,P03,120,3.2333333333333334,4.0,0.9916666666666667,4.75125,1.95,1.2833333333333334,6.9579166666666685,7.275
staggered_center_heavy_6_none_high_value_center_standard_loose_eval,P08,120,3.2916666666666665,4.0,1.0,4.41125,3.1416666666666666,0.35833333333333334,7.624583333333334,9.325
staggered_center_heavy_6_none_high_value_center_standard_loose_eval,P10,120,2.175,3.0,0.9916666666666667,1.7262499999999998,1.7666666666666666,0.4083333333333333,3.5745833333333334,4.15
staggered_center_heavy_6_none_high_value_center_standard_loose_eval,P12,120,2.716666666666667,3.0,0.9916666666666667,3.3543749999999997,1.9916666666666667,0.725,5.491041666666667,5.594318181818183
staggered_center_heavy_6_none_high_value_center_standard_loose_eval,P13,120,0.0,0.0,0.0,0.0,0.0,0.0,0.0,0.0
staggered_center_heavy_6_none_high_value_center_standard_loose_eval,P14,120,3.95,4.0,1.0,7.019375000000002,4.525,0.041666666666666664,11.552708333333332,13.897916666666665
staggered_center_heavy_6_none_high_value_center_standard_loose_eval,P20,120,2.966666666666667,4.0,1.0,3.1325000000000007,1.95,1.0166666666666666,5.285833333333333,5.625
staggered_center_heavy_6_none_high_value_center_standard_loose_eval,P23,120,0.45,1.0188679245283019,0.44166666666666665,1.026875,0.44166666666666665,0.008333333333333333,1.4702083333333333,3.3287735849056594
staggered_center_heavy_6_none_high_value_center_standard_loose_eval,P26,120,1.95,2.0,1.0,1.7550000000000003,1.95,0.0,3.7049999999999987,3.7999999999999994
staggered_center_heavy_6_none_high_value_center_standard_loose_eval,P29,120,1.8333333333333333,2.0,0.9833333333333333,5.89375,3.1666666666666665,0.0,9.060416666666667,12.470625000000002
staggered_center_heavy_6_none_high_value_center_loose_compact_train,P01,120,2.3666666666666667,3.020408163265306,1.0,3.335,1.9833333333333334,0.4166666666666667,5.401666666666667,5.614583333333333
staggered_center_heavy_6_none_high_value_center_loose_compact_train,P02,120,3.908333333333333,4.0,1.0,7.0456249999999985,3.091666666666667,0.8166666666666667,10.300625000000002,11.875
staggered_center_heavy_6_none_high_value_center_loose_compact_train,P04,120,3.425,4.0,1.0,3.21125,2.0083333333333333,1.4166666666666667,5.502916666666667,5.68859649122807
staggered_center_heavy_6_none_high_value_center_loose_compact_train,P05,120,3.9166666666666665,4.0,1.0,7.415,4.491666666666666,0.016666666666666666,11.909999999999998,13.0625
staggered_center_heavy_6_none_high_value_center_loose_compact_train,P06,120,1.1166666666666667,2.0,0.875,2.3049999999999997,1.5833333333333333,0.03333333333333333,3.895,5.0
staggered_center_heavy_6_none_high_value_center_loose_compact_train,P07,120,3.775,4.0,1.0,3.753125,2.433333333333333,1.3416666666666666,6.454791666666667,7.4750000000000005
staggered_center_heavy_6_none_high_value_center_loose_compact_train,P09,120,3.375,4.0,1.0,4.27,2.9833333333333334,0.44166666666666665,7.341666666666667,9.227941176470589
staggered_center_heavy_6_none_high_value_center_loose_compact_train,P11,120,2.9916666666666667,4.0,1.0,3.63,2.283333333333333,0.7083333333333334,6.0550000000000015,7.4750000000000005
staggered_center_heavy_6_none_high_value_center_loose_compact_train,P15,120,2.6166666666666667,3.0921052631578947,1.0,1.3675,1.7916666666666667,0.825,3.324166666666667,3.7184210526315784
staggered_center_heavy_6_none_high_value_center_loose_compact_train,P16,120,3.158333333333333,4.0,1.0,1.5075,1.5083333333333333,1.65,3.345833333333333,4.35
staggered_center_heavy_6_none_high_value_center_loose_compact_train,P17,120,2.475,3.0,1.0,4.3587500000000015,3.1416666666666666,0.016666666666666666,7.503749999999998,9.225000000000001
staggered_center_heavy_6_none_high_value_center_loose_compact_train,P18,120,3.908333333333333,4.0,1.0,4.260624999999999,2.95,0.9583333333333334,7.402291666666668,7.819791666666667
staggered_center_heavy_6_none_high_value_center_loose_compact_train,P19,120,3.9166666666666665,4.0,1.0,4.5125,3.625,0.325,8.202499999999999,8.950000000000005
staggered_center_heavy_6_none_high_value_center_loose_compact_train,P21,120,3.841666666666667,4.0,1.0,3.548749999999999,2.3833333333333333,1.4583333333333333,6.223749999999999,7.445945945945945
staggered_center_heavy_6_none_high_value_center_loose_compact_train,P22,120,1.4,2.1020408163265305,0.95,4.771875,2.283333333333333,0.008333333333333333,7.056875,10.215909090909092
staggered_center_heavy_6_none_high_value_center_loose_compact_train,P24,120,1.2333333333333334,2.088235294117647,0.925,2.799166666666667,1.7666666666666666,0.016666666666666666,4.569166666666666,8.115277777777779
staggered_center_heavy_6_none_high_value_center_loose_compact_train,P25,120,0.08333333333333333,0.08333333333333333,0.075,0.174375,0.075,0.008333333333333333,0.2510416666666667,0.2510416666666667
staggered_center_heavy_6_none_high_value_center_loose_compact_train,P27,120,2.775,4.0,1.0,4.122916666666667,3.183333333333333,0.09166666666666666,7.324583333333334,11.581730769230772
staggered_center_heavy_6_none_high_value_center_loose_compact_train,P28,120,2.425,3.018181818181818,1.0,8.642916666666668,5.091666666666667,0.0,13.734583333333335,21.084615384615383
staggered_center_heavy_6_none_high_value_center_loose_compact_train,P30,120,3.283333333333333,4.0,1.0,7.167916666666667,5.083333333333333,0.0,12.25125,16.736363636363635
staggered_center_heavy_6_none_high_value_center_loose_compact_eval,P03,120,3.875,4.0,1.0,3.7100000000000004,2.3916666666666666,1.4833333333333334,6.3983333333333325,7.664473684210525
staggered_center_heavy_6_none_high_value_center_loose_compact_eval,P08,120,2.425,3.0784313725490198,1.0,2.268958333333333,2.2083333333333335,0.275,4.532291666666667,6.550000000000001
staggered_center_heavy_6_none_high_value_center_loose_compact_eval,P10,120,2.05,3.0588235294117645,0.975,2.0395833333333333,2.1166666666666667,0.2,4.196250000000001,6.18095238095238
staggered_center_heavy_6_none_high_value_center_loose_compact_eval,P12,120,3.95,4.0,1.0,5.825,4.583333333333333,0.041666666666666664,10.416666666666666,11.225000000000003
staggered_center_heavy_6_none_high_value_center_loose_compact_eval,P13,120,1.5666666666666667,2.0,0.9916666666666667,3.2391666666666676,1.9583333333333333,0.008333333333333333,5.199166666666668,5.325000000000002
staggered_center_heavy_6_none_high_value_center_loose_compact_eval,P14,120,3.95,4.0,1.0,5.8036458333333325,3.3666666666666667,0.65,9.300312499999999,10.631490384615386
staggered_center_heavy_6_none_high_value_center_loose_compact_eval,P20,120,2.966666666666667,4.0,1.0,4.436875,3.0083333333333333,0.14166666666666666,7.473541666666667,8.221428571428568
staggered_center_heavy_6_none_high_value_center_loose_compact_eval,P23,120,1.85,2.0408163265306123,1.0,2.89875,1.6083333333333334,0.3416666666666667,4.5754166666666665,7.028571428571428
staggered_center_heavy_6_none_high_value_center_loose_compact_eval,P26,120,2.8583333333333334,4.0,1.0,2.8310416666666667,2.8833333333333333,0.06666666666666667,5.727708333333335,8.188043478260868
staggered_center_heavy_6_none_high_value_center_loose_compact_eval,P29,120,2.2,3.0,1.0,7.927708333333333,4.341666666666667,0.0,12.269374999999998,17.546875
staggered_center_heavy_6_none_high_value_center_loose_standard_train,P01,120,2.975,4.0,1.0,5.388749999999999,2.8,0.425,8.27375,11.162500000000001
staggered_center_heavy_6_none_high_value_center_loose_standard_train,P02,120,3.5083333333333333,4.0,1.0,6.821875,3.466666666666667,0.2916666666666667,10.346875,12.075000000000003
staggered_center_heavy_6_none_high_value_center_loose_standard_train,P04,120,3.8833333333333333,4.0,1.0,2.5274999999999994,1.775,2.1083333333333334,4.724166666666666,5.399999999999998
staggered_center_heavy_6_none_high_value_center_loose_standard_train,P05,120,3.4,4.0,1.0,4.839791666666667,2.1166666666666667,1.2916666666666667,7.214791666666666,9.622916666666667
staggered_center_heavy_6_none_high_value_center_loose_standard_train,P06,120,0.0,0.0,0.0,0.0,0.0,0.0,0.0,0.0
staggered_center_heavy_6_none_high_value_center_loose_standard_train,P07,120,1.4416666666666667,2.1875,0.9666666666666667,2.9531250000000004,1.2583333333333333,0.23333333333333334,4.2581250000000015,8.439285714285715
staggered_center_heavy_6_none_high_value_center_loose_standard_train,P09,120,3.341666666666667,4.0,1.0,4.913750000000001,3.55,0.15,8.49375,9.325000000000005
staggered_center_heavy_6_none_high_value_center_loose_standard_train,P11,120,3.4166666666666665,4.0,1.0,3.247500000000001,1.9666666666666666,1.45,5.504166666666666,5.725000000000002
staggered_center_heavy_6_none_high_value_center_loose_standard_train,P15,120,0.8916666666666667,1.0388349514563107,0.8583333333333333,0.6325,0.95,0.03333333333333333,1.589166666666667,2.6039999999999996
staggered_center_heavy_6_none_high_value_center_loose_standard_train,P16,120,2.4833333333333334,3.016949152542373,1.0,0.9000000000000002,1.0,1.4833333333333334,2.1966666666666668,2.303389830508475
staggered_center_heavy_6_none_high_value_center_loose_standard_train,P17,120,2.6,3.0,1.0,4.130000000000001,2.8833333333333333,0.09166666666666666,7.031666666666666,9.225000000000001
staggered_center_heavy_6_none_high_value_center_loose_standard_train,P18,120,1.2833333333333334,2.0625,1.0,2.375,1.5166666666666666,0.09166666666666666,3.9099999999999993,5.3829166666666675
staggered_center_heavy_6_none_high_value_center_loose_standard_train,P19,120,3.5,4.0,1.0,3.876249999999999,2.816666666666667,0.7083333333333334,6.834583333333332,7.409375000000001
staggered_center_heavy_6_none_high_value_center_loose_standard_train,P21,120,3.7333333333333334,4.0,1.0,3.8587499999999997,2.808333333333333,0.925,6.852083333333334,7.399999999999998
staggered_center_heavy_6_none_high_value_center_loose_standard_train,P22,120,1.1916666666666667,2.0,0.95,4.2875,2.075,0.008333333333333333,6.364166666666667,8.475000000000001
staggered_center_heavy_6_none_high_value_center_loose_standard_train,P24,120,0.10833333333333334,1.0,0.10833333333333334,0.2425,0.10833333333333334,0.0,0.3508333333333333,3.238461538461539
staggered_center_heavy_6_none_high_value_center_loose_standard_train,P25,120,0.0,0.0,0.0,0.0,0.0,0.0,0.0,0.0
staggered_center_heavy_6_none_high_value_center_loose_standard_train,P27,120,3.675,4.0,1.0,5.2467708333333345,4.366666666666666,0.008333333333333333,9.615104166666667,11.621875
staggered_center_heavy_6_none_high_value_center_loose_standard_train,P28,120,2.808333333333333,3.0,1.0,9.586666666666666,4.733333333333333,0.0,14.319999999999999,19.80833333333333
staggered_center_heavy_6_none_high_value_center_loose_standard_train,P30,120,2.191666666666667,3.076923076923077,1.0,5.512708333333334,2.975,0.0,8.487708333333334,13.166666666666666
staggered_center_heavy_6_none_high_value_center_loose_standard_eval,P03,120,2.625,3.0555555555555554,1.0,3.285625,1.925,0.7083333333333334,5.352291666666668,5.586764705882352
staggered_center_heavy_6_none_high_value_center_loose_standard_eval,P08,120,3.6666666666666665,4.0,1.0,5.031250000000001,3.8333333333333335,0.09166666666666666,8.882916666666667,9.325000000000005
staggered_center_heavy_6_none_high_value_center_loose_standard_eval,P10,120,2.4583333333333335,3.0,0.9916666666666667,1.8183333333333336,1.8,0.6583333333333333,3.75,4.199999999999999
staggered_center_heavy_6_none_high_value_center_loose_standard_eval,P12,120,3.3333333333333335,4.0,1.0,3.4231249999999998,2.066666666666667,1.2666666666666666,5.743125000000002,6.073979591836735
staggered_center_heavy_6_none_high_value_center_loose_standard_eval,P13,120,0.016666666666666666,0.016666666666666666,0.016666666666666666,0.03875,0.016666666666666666,0.0,0.05541666666666667,0.05541666666666667
staggered_center_heavy_6_none_high_value_center_loose_standard_eval,P14,120,3.95,4.0,1.0,5.924791666666667,3.433333333333333,0.6916666666666667,9.496458333333333,12.64485294117647
staggered_center_heavy_6_none_high_value_center_loose_standard_eval,P20,120,1.275,2.0,0.9583333333333334,5.237500000000002,2.7416666666666667,0.0,7.979166666666669,8.700000000000003
staggered_center_heavy_6_none_high_value_center_loose_standard_eval,P23,120,1.0666666666666667,2.0,0.9416666666666667,2.259375,1.0083333333333333,0.11666666666666667,3.291041666666667,4.197727272727274
staggered_center_heavy_6_none_high_value_center_loose_standard_eval,P26,120,1.7666666666666666,2.0919540229885056,0.975,1.5225000000000004,1.6916666666666667,0.075,3.2291666666666656,3.818604651162791
staggered_center_heavy_6_none_high_value_center_loose_standard_eval,P29,120,1.95,2.036363636363636,1.0,6.698750000000001,3.1083333333333334,0.0,9.807083333333333,13.28571428571429
staggered_center_heavy_6_none_high_value_center_loose_loose_train,P01,120,3.8833333333333333,4.0,1.0,5.115,2.2,1.6833333333333333,7.6516666666666655,10.175000000000002
staggered_center_heavy_6_none_high_value_center_loose_loose_train,P02,120,2.0833333333333335,3.0,1.0,3.1650000000000005,1.9833333333333334,0.13333333333333333,5.175000000000001,5.3999999999999995
staggered_center_heavy_6_none_high_value_center_loose_loose_train,P04,120,0.0,0.0,0.0,0.0,0.0,0.0,0.0,0.0
staggered_center_heavy_6_none_high_value_center_loose_loose_train,P05,120,3.7666666666666666,4.0,1.0,3.2000000000000006,2.0,1.7666666666666666,5.553333333333332,5.600000000000002
staggered_center_heavy_6_none_high_value_center_loose_loose_train,P06,120,0.0,0.0,0.0,0.0,0.0,0.0,0.0,0.0
staggered_center_heavy_6_none_high_value_center_loose_loose_train,P07,120,3.775,4.0,1.0,5.013750000000001,2.15,1.625,7.488749999999999,10.175000000000004
staggered_center_heavy_6_none_high_value_center_loose_loose_train,P09,120,2.3583333333333334,3.0,1.0,3.3825,2.0083333333333333,0.375,5.465833333333334,5.6119565217391285
staggered_center_heavy_6_none_high_value_center_loose_loose_train,P11,120,0.025,0.025,0.025,0.058125,0.025,0.0,0.08312500000000002,0.08312500000000002
staggered_center_heavy_6_none_high_value_center_loose_loose_train,P15,120,1.25,2.0,0.975,1.3337500000000007,1.1083333333333334,0.26666666666666666,2.4954166666666664,5.375
staggered_center_heavy_6_none_high_value_center_loose_loose_train,P16,120,2.8916666666666666,4.0,1.0,0.9000000000000002,1.0,1.8916666666666666,2.2783333333333338,2.5
staggered_center_heavy_6_none_high_value_center_loose_loose_train,P17,120,2.55,3.0,1.0,3.6318750000000004,2.3916666666666666,0.20833333333333334,6.0652083333333335,7.2250000000000005
staggered_center_heavy_6_none_high_value_center_loose_loose_train,P18,120,0.5416666666666666,1.0655737704918034,0.5083333333333333,1.065625,0.7583333333333333,0.0,1.8239583333333333,5.448076923076924
staggered_center_heavy_6_none_high_value_center_loose_loose_train,P19,120,3.308333333333333,4.0,1.0,3.8112499999999994,2.7333333333333334,0.6083333333333333,6.666249999999999,7.620000000000001
staggered_center_heavy_6_none_high_value_center_loose_loose_train,P21,120,1.7166666666666666,2.0352941176470587,0.9833333333333333,1.5312500000000004,1.4583333333333333,0.275,3.0445833333333336,4.107017543859649
staggered_center_heavy_6_none_high_value_center_loose_loose_train,P22,120,1.1916666666666667,2.0,0.95,4.2875,2.075,0.008333333333333333,6.364166666666667,8.475000000000001
staggered_center_heavy_6_none_high_value_center_loose_loose_train,P24,120,0.06666666666666667,0.06666666666666667,0.06666666666666667,0.155,0.06666666666666667,0.0,0.22166666666666668,0.22166666666666668
staggered_center_heavy_6_none_high_value_center_loose_loose_train,P25,120,0.0,0.0,0.0,0.0,0.0,0.0,0.0,0.0
staggered_center_heavy_6_none_high_value_center_loose_loose_train,P27,120,3.2,4.0,1.0,4.823229166666666,3.675,0.09166666666666666,8.5165625,9.778125000000001
staggered_center_heavy_6_none_high_value_center_loose_loose_train,P28,120,2.7916666666666665,3.0,1.0,8.704374999999999,5.158333333333333,0.0,13.862708333333334,18.915000000000003
staggered_center_heavy_6_none_high_value_center_loose_loose_train,P30,120,1.5083333333333333,2.0757575757575757,0.9166666666666666,3.4774999999999996,1.8583333333333334,0.0,5.335833333333334,8.999242424242423
staggered_center_heavy_6_none_high_value_center_loose_loose_eval,P03,120,3.4,4.0,1.0,4.143125,2.6416666666666666,0.7833333333333333,6.941458333333334,8.380867346938777
staggered_center_heavy_6_none_high_value_center_loose_loose_eval,P08,120,3.825,4.0,1.0,3.56875,2.216666666666667,1.6083333333333334,6.1070833333333345,7.475
staggered_center_heavy_6_none_high_value_center_loose_loose_eval,P10,120,3.8,4.0,1.0,2.460625,2.441666666666667,1.3666666666666667,5.175625,6.301315789473684
staggered_center_heavy_6_none_high_value_center_loose_loose_eval,P12,120,3.325,4.0,1.0,3.3556250000000003,1.9916666666666667,1.3333333333333333,5.6139583333333345,5.7749999999999995
staggered_center_heavy_6_none_high_value_center_loose_loose_eval,P13,120,0.0,0.0,0.0,0.0,0.0,0.0,0.0,0.0
staggered_center_heavy_6_none_high_value_center_loose_loose_eval,P14,120,3.95,4.0,1.0,6.095312500000002,3.566666666666667,0.5333333333333333,9.76864583333333,12.649218750000001
staggered_center_heavy_6_none_high_value_center_loose_loose_eval,P20,120,2.2416666666666667,3.0,1.0,3.3500000000000005,1.45,0.8083333333333333,4.961666666666668,7.134615384615382
staggered_center_heavy_6_none_high_value_center_loose_loose_eval,P23,120,0.2833333333333333,1.0,0.2833333333333333,0.6587500000000001,0.2833333333333333,0.0,0.9420833333333334,3.325
staggered_center_heavy_6_none_high_value_center_loose_loose_eval,P26,120,1.85,2.02,1.0,1.7006250000000003,1.85,0.0,3.5506249999999993,3.88075
staggered_center_heavy_6_none_high_value_center_loose_loose_eval,P29,120,1.9,2.0,1.0,5.938125,3.2083333333333335,0.0,9.146458333333333,12.36578947368421
staggered_center_heavy_6_centered_alt_mixed_balanced_compact_compact_train,P01,120,3.9,4.0,1.0,5.447500000000001,4.108333333333333,0.041666666666666664,9.564166666666667,11.275
staggered_center_heavy_6_centered_alt_mixed_balanced_compact_compact_train,P02,120,2.225,3.1333333333333333,0.9833333333333333,3.4058333333333337,2.3833333333333333,0.13333333333333333,5.815833333333334,9.224999999999998
staggered_center_heavy_6_centered_alt_mixed_balanced_compact_compact_train,P04,120,3.35,4.0,1.0,2.2800000000000002,2.275,1.0833333333333333,4.771666666666667,6.2
staggered_center_heavy_6_centered_alt_mixed_balanced_compact_compact_train,P05,120,1.7833333333333334,2.127906976744186,0.975,2.424583333333333,1.8666666666666667,0.26666666666666666,4.3445833333333335,7.325
staggered_center_heavy_6_centered_alt_mixed_balanced_compact_compact_train,P06,120,2.8,4.0,1.0,2.8893750000000002,2.783333333333333,0.3416666666666667,5.741041666666666,7.024999999999999
staggered_center_heavy_6_centered_alt_mixed_balanced_compact_compact_train,P07,120,3.9166666666666665,4.0,1.0,6.1,5.608333333333333,0.0,11.708333333333336,12.462500000000002
staggered_center_heavy_6_centered_alt_mixed_balanced_compact_compact_train,P09,120,2.8583333333333334,3.082474226804124,1.0,5.028125000000001,3.7,0.03333333333333333,8.734791666666668,9.369565217391308
staggered_center_heavy_6_centered_alt_mixed_balanced_compact_compact_train,P11,120,3.025,4.0,1.0,2.4949999999999997,2.341666666666667,0.7,4.9766666666666675,7.475000000000001
staggered_center_heavy_6_centered_alt_mixed_balanced_compact_compact_train,P15,120,3.908333333333333,4.0,1.0,3.375,2.0,1.9083333333333334,5.756666666666667,5.7749999999999995
staggered_center_heavy_6_centered_alt_mixed_balanced_compact_compact_train,P16,120,3.591666666666667,4.0,1.0,3.9999999999999996,3.0,0.6333333333333333,7.126666666666668,7.200000000000004
staggered_center_heavy_6_centered_alt_mixed_balanced_compact_compact_train,P17,120,3.9166666666666665,4.0,1.0,7.596666666666668,6.816666666666666,0.0,14.41333333333333,16.450000000000003
staggered_center_heavy_6_centered_alt_mixed_balanced_compact_compact_train,P18,120,3.8833333333333333,4.0,1.0,3.6212500000000007,3.6333333333333333,0.2916666666666667,7.312916666666668,7.951875000000001
staggered_center_heavy_6_centered_alt_mixed_balanced_compact_compact_train,P19,120,3.8916666666666666,4.0,1.0,3.86375,3.8916666666666666,0.25,7.805416666666668,10.285294117647059
staggered_center_heavy_6_centered_alt_mixed_balanced_compact_compact_train,P21,120,2.933333333333333,4.0,1.0,2.5587500000000003,2.55,0.5583333333333333,5.220416666666667,9.205555555555556
staggered_center_heavy_6_centered_alt_mixed_balanced_compact_compact_train,P22,120,2.2333333333333334,3.0256410256410255,1.0,2.707499999999999,1.9166666666666667,0.36666666666666664,4.697500000000001,7.13125
staggered_center_heavy_6_centered_alt_mixed_balanced_compact_compact_train,P24,120,3.1,4.0,1.0,4.531458333333333,2.8583333333333334,0.39166666666666666,7.468125,11.354999999999997
staggered_center_heavy_6_centered_alt_mixed_balanced_compact_compact_train,P25,120,2.2083333333333335,3.1136363636363638,0.9916666666666667,2.0116666666666663,1.5333333333333334,0.675,3.68,5.265853658536585
staggered_center_heavy_6_centered_alt_mixed_balanced_compact_compact_train,P27,120,3.841666666666667,4.0,1.0,6.343437499999999,5.15,0.05,11.503437499999999,14.231818181818182
staggered_center_heavy_6_centered_alt_mixed_balanced_compact_compact_train,P28,120,1.9916666666666667,3.0,1.0,3.432708333333333,2.183333333333333,0.0,5.616041666666666,8.439
staggered_center_heavy_6_centered_alt_mixed_balanced_compact_compact_train,P30,120,2.725,3.073170731707317,1.0,5.590416666666667,4.575,0.0,10.165416666666667,14.085714285714287
staggered_center_heavy_6_centered_alt_mixed_balanced_compact_compact_eval,P03,120,2.7416666666666667,3.0697674418604652,0.9916666666666667,3.9256250000000006,2.816666666666667,0.13333333333333333,6.768958333333333,7.148852040816326
staggered_center_heavy_6_centered_alt_mixed_balanced_compact_compact_eval,P08,120,1.2416666666666667,2.1,0.9666666666666667,2.98625,1.625,0.08333333333333333,4.627916666666667,5.722857142857143
staggered_center_heavy_6_centered_alt_mixed_balanced_compact_compact_eval,P10,120,2.308333333333333,3.0,0.9916666666666667,4.426666666666667,3.2333333333333334,0.016666666666666666,7.663333333333335,9.25
staggered_center_heavy_6_centered_alt_mixed_balanced_compact_compact_eval,P12,120,3.941666666666667,4.0,1.0,5.543125000000001,4.208333333333333,0.041666666666666664,9.759791666666667,11.375
staggered_center_heavy_6_centered_alt_mixed_balanced_compact_compact_eval,P13,120,2.591666666666667,3.0422535211267605,0.9916666666666667,1.8316666666666663,1.925,0.675,3.8916666666666666,4.109090909090909
staggered_center_heavy_6_centered_alt_mixed_balanced_compact_compact_eval,P14,120,3.941666666666667,4.0,1.0,4.662708333333333,3.8,0.2916666666666667,8.521041666666667,10.904166666666665
staggered_center_heavy_6_centered_alt_mixed_balanced_compact_compact_eval,P20,120,3.908333333333333,4.0,1.0,3.1502083333333326,3.1166666666666667,0.8083333333333333,6.428541666666666,9.125
staggered_center_heavy_6_centered_alt_mixed_balanced_compact_compact_eval,P23,120,2.525,3.076923076923077,1.0,3.2806250000000006,2.466666666666667,0.275,5.802291666666666,9.981250000000001
staggered_center_heavy_6_centered_alt_mixed_balanced_compact_compact_eval,P26,120,1.9083333333333334,2.0,1.0,3.9962499999999994,3.025,0.0,7.0212499999999975,9.195
staggered_center_heavy_6_centered_alt_mixed_balanced_compact_compact_eval,P29,120,1.4416666666666667,2.0833333333333335,0.9,2.865416666666667,1.7333333333333334,0.0,4.598750000000001,8.965384615384618
staggered_center_heavy_6_centered_alt_mixed_balanced_compact_standard_train,P01,120,2.1416666666666666,3.0869565217391304,0.9666666666666667,2.4397916666666664,1.8416666666666666,0.44166666666666665,4.369791666666667,7.334756097560975
staggered_center_heavy_6_centered_alt_mixed_balanced_compact_standard_train,P02,120,2.2416666666666667,3.054054054054054,1.0,1.9758333333333336,2.1416666666666666,0.11666666666666667,4.140833333333332,5.913793103448277
staggered_center_heavy_6_centered_alt_mixed_balanced_compact_standard_train,P04,120,3.05,4.0,1.0,2.6258333333333335,2.591666666666667,0.5333333333333333,5.324166666666667,6.2
staggered_center_heavy_6_centered_alt_mixed_balanced_compact_standard_train,P05,120,3.575,4.0,1.0,1.7250000000000005,1.9166666666666667,1.6583333333333334,3.973333333333334,4.2
staggered_center_heavy_6_centered_alt_mixed_balanced_compact_standard_train,P06,120,2.8333333333333335,4.0,1.0,3.1675,2.1416666666666666,0.7083333333333334,5.450833333333334,7.424999999999999
staggered_center_heavy_6_centered_alt_mixed_balanced_compact_standard_train,P07,120,2.6416666666666666,3.04,1.0,3.730000000000001,2.7083333333333335,0.19166666666666668,6.476666666666668,7.32959770114943
staggered_center_heavy_6_centered_alt_mixed_balanced_compact_standard_train,P09,120,3.433333333333333,4.0,1.0,4.129999999999999,2.841666666666667,0.6416666666666667,7.099999999999999,7.4750000000000005
staggered_center_heavy_6_centered_alt_mixed_balanced_compact_standard_train,P11,120,2.9,3.08,1.0,1.8587499999999997,1.95,0.95,3.9987500000000007,4.171500000000002
staggered_center_heavy_6_centered_alt_mixed_balanced_compact_standard_train,P15,120,2.675,3.0123456790123457,1.0,3.4012499999999997,2.025,0.675,5.561250000000001,5.6442771084337355
staggered_center_heavy_6_centered_alt_mixed_balanced_compact_standard_train,P16,120,3.9166666666666665,4.0,1.0,3.916666666666666,2.9166666666666665,1.0,7.033333333333335,7.200000000000004
staggered_center_heavy_6_centered_alt_mixed_balanced_compact_standard_train,P17,120,3.9166666666666665,4.0,1.0,6.892916666666667,6.116666666666666,0.0,13.00958333333333,14.489215686274513
staggered_center_heavy_6_centered_alt_mixed_balanced_compact_standard_train,P18,120,2.3666666666666667,3.0208333333333335,1.0,1.6425000000000003,1.825,0.5416666666666666,3.575833333333333,4.004651162790697
staggered_center_heavy_6_centered_alt_mixed_balanced_compact_standard_train,P19,120,3.8833333333333333,4.0,1.0,4.730000000000001,4.8,0.008333333333333333,9.531666666666666,10.124712643678166
staggered_center_heavy_6_centered_alt_mixed_balanced_compact_standard_train,P21,120,3.1166666666666667,4.0,1.0,2.6950000000000007,2.7416666666666667,0.4666666666666667,5.530000000000001,6.150000000000002
staggered_center_heavy_6_centered_alt_mixed_balanced_compact_standard_train,P22,120,1.9333333333333333,3.0,0.9916666666666667,2.55,1.7333333333333334,0.2,4.323333333333333,5.2
staggered_center_heavy_6_centered_alt_mixed_balanced_compact_standard_train,P24,120,3.2333333333333334,4.0,1.0,4.9920833333333325,2.908333333333333,0.35,7.970416666666667,10.975000000000003
staggered_center_heavy_6_centered_alt_mixed_balanced_compact_standard_train,P25,120,2.591666666666667,4.0,1.0,2.9324999999999997,1.925,0.6666666666666666,4.990833333333334,5.400000000000001
staggered_center_heavy_6_centered_alt_mixed_balanced_compact_standard_train,P27,120,3.9166666666666665,4.0,1.0,8.208541666666667,6.825,0.0,15.033541666666672,17.60769230769231
staggered_center_heavy_6_centered_alt_mixed_balanced_compact_standard_train,P28,120,2.4583333333333335,3.0,1.0,5.337708333333334,3.6166666666666667,0.0,8.954374999999999,16.507142857142856
staggered_center_heavy_6_centered_alt_mixed_balanced_compact_standard_train,P30,120,2.1,3.2051282051282053,0.975,3.089166666666667,2.475,0.0,5.564166666666667,10.754166666666668
staggered_center_heavy_6_centered_alt_mixed_balanced_compact_standard_eval,P03,120,3.941666666666667,4.0,1.0,5.327083333333333,3.95,0.06666666666666667,9.290416666666665,9.479587155963303
staggered_center_heavy_6_centered_alt_mixed_balanced_compact_standard_eval,P08,120,3.158333333333333,4.0,1.0,4.17,2.808333333333333,0.425,7.0633333333333335,9.325
staggered_center_heavy_6_centered_alt_mixed_balanced_compact_standard_eval,P10,120,0.4666666666666667,1.0980392156862746,0.425,1.121875,0.525,0.0,1.646875,4.019186046511627
staggered_center_heavy_6_centered_alt_mixed_balanced_compact_standard_eval,P12,120,3.425,4.0,1.0,4.360625000000001,3.0833333333333335,0.44166666666666665,7.532291666666667,9.325
staggered_center_heavy_6_centered_alt_mixed_balanced_compact_standard_eval,P13,120,1.5166666666666666,2.0307692307692307,0.9583333333333334,0.9391666666666668,1.0333333333333334,0.48333333333333334,2.069166666666667,2.355384615384615
staggered_center_heavy_6_centered_alt_mixed_balanced_compact_standard_eval,P14,120,3.941666666666667,4.0,1.0,5.224166666666666,4.15,0.20833333333333334,9.415833333333332,10.662500000000003
staggered_center_heavy_6_centered_alt_mixed_balanced_compact_standard_eval,P20,120,3.8833333333333333,4.0,1.0,4.117500000000001,2.9916666666666667,0.8916666666666667,7.287500000000002,7.325000000000003
staggered_center_heavy_6_centered_alt_mixed_balanced_compact_standard_eval,P23,120,1.7833333333333334,3.0588235294117645,0.925,1.67875,1.5833333333333333,0.21666666666666667,3.3054166666666664,6.512499999999999
staggered_center_heavy_6_centered_alt_mixed_balanced_compact_standard_eval,P26,120,2.575,3.0757575757575757,1.0,2.2529166666666662,2.3666666666666667,0.4166666666666667,4.702916666666666,5.950000000000002
staggered_center_heavy_6_centered_alt_mixed_balanced_compact_standard_eval,P29,120,1.725,3.1333333333333333,0.9416666666666667,3.910416666666667,2.3916666666666666,0.0,6.302083333333333,11.512500000000001
staggered_center_heavy_6_centered_alt_mixed_balanced_compact_loose_train,P01,120,3.1166666666666667,4.0,1.0,1.7700000000000002,1.9666666666666666,1.15,3.9666666666666672,4.2
staggered_center_heavy_6_centered_alt_mixed_balanced_compact_loose_train,P02,120,3.175,4.0,1.0,1.915,1.9,1.275,4.070000000000001,4.6000000000000005
staggered_center_heavy_6_centered_alt_mixed_balanced_compact_loose_train,P04,120,2.0416666666666665,3.130434782608696,1.0,1.199375,1.2083333333333333,0.8333333333333334,2.5743750000000007,4.1960526315789455
staggered_center_heavy_6_centered_alt_mixed_balanced_compact_loose_train,P05,120,2.05,3.0,0.9916666666666667,1.853333333333333,1.85,0.2,3.743333333333333,4.200000000000001
staggered_center_heavy_6_centered_alt_mixed_balanced_compact_loose_train,P06,120,3.4,4.0,1.0,3.3541666666666674,2.033333333333333,1.3666666666666667,5.660833333333334,5.8795454545454575
staggered_center_heavy_6_centered_alt_mixed_balanced_compact_loose_train,P07,120,1.5333333333333334,2.1129032258064515,0.9583333333333334,0.8625000000000003,0.9583333333333334,0.575,1.9358333333333335,2.12258064516129
staggered_center_heavy_6_centered_alt_mixed_balanced_compact_loose_train,P09,120,2.7416666666666667,4.0,1.0,1.89375,1.8583333333333334,0.8833333333333333,3.92875,5.040384615384616
staggered_center_heavy_6_centered_alt_mixed_balanced_compact_loose_train,P11,120,1.8166666666666667,2.031578947368421,1.0,1.8324999999999996,1.925,0.041666666666666664,3.7658333333333327,3.9054054054054035
staggered_center_heavy_6_centered_alt_mixed_balanced_compact_loose_train,P15,120,1.25,2.0,1.0,2.0962500000000004,1.45,0.14166666666666666,3.5745833333333326,5.375
staggered_center_heavy_6_centered_alt_mixed_balanced_compact_loose_train,P16,120,3.216666666666667,4.0,1.0,1.3374999999999997,1.2083333333333333,2.0083333333333333,2.9475,5.400000000000001
staggered_center_heavy_6_centered_alt_mixed_balanced_compact_loose_train,P17,120,3.9166666666666665,4.0,1.0,6.7925,5.975,0.0,12.7675,14.450000000000001
staggered_center_heavy_6_centered_alt_mixed_balanced_compact_loose_train,P18,120,3.9166666666666665,4.0,1.0,2.9068749999999994,3.0,0.925,6.091875,6.233254716981132
staggered_center_heavy_6_centered_alt_mixed_balanced_compact_loose_train,P19,120,3.9166666666666665,4.0,1.0,4.548750000000001,4.616666666666666,0.008333333333333333,9.167083333333334,9.950000000000003
staggered_center_heavy_6_centered_alt_mixed_balanced_compact_loose_train,P21,120,3.716666666666667,4.0,1.0,2.8366666666666664,2.7416666666666667,1.0166666666666666,5.781666666666666,8.288235294117648
staggered_center_heavy_6_centered_alt_mixed_balanced_compact_loose_train,P22,120,1.4,2.0172413793103448,0.9083333333333333,2.1675,1.275,0.125,3.4675000000000002,5.004545454545454
staggered_center_heavy_6_centered_alt_mixed_balanced_compact_loose_train,P24,120,2.908333333333333,4.0,1.0,4.9610416666666675,2.558333333333333,0.375,7.594375,9.186764705882352
staggered_center_heavy_6_centered_alt_mixed_balanced_compact_loose_train,P25,120,2.783333333333333,4.0,1.0,2.5050000000000003,1.45,1.3333333333333333,4.221666666666667,5.400000000000001
staggered_center_heavy_6_centered_alt_mixed_balanced_compact_loose_train,P27,120,3.9166666666666665,4.0,1.0,6.960625000000001,5.6,0.016666666666666666,12.563958333333336,15.880999999999998
staggered_center_heavy_6_centered_alt_mixed_balanced_compact_loose_train,P28,120,1.275,2.0,0.9666666666666667,5.176666666666667,3.216666666666667,0.0,8.393333333333333,14.1
staggered_center_heavy_6_centered_alt_mixed_balanced_compact_loose_train,P30,120,1.1416666666666666,2.0606060606060606,0.85,2.04375,1.4833333333333334,0.0,3.527083333333334,7.660714285714287
staggered_center_heavy_6_centered_alt_mixed_balanced_compact_loose_eval,P03,120,2.408333333333333,4.0,0.9833333333333333,3.8020833333333344,2.6333333333333333,0.15833333333333333,6.467083333333335,7.347988505747131
staggered_center_heavy_6_centered_alt_mixed_balanced_compact_loose_eval,P08,120,3.1416666666666666,4.0,1.0,4.641875000000001,3.316666666666667,0.2,7.998541666666667,9.325
staggered_center_heavy_6_centered_alt_mixed_balanced_compact_loose_eval,P10,120,3.1333333333333333,4.0,1.0,4.291874999999999,2.8833333333333333,0.35833333333333334,7.246875,7.625000000000002
staggered_center_heavy_6_centered_alt_mixed_balanced_compact_loose_eval,P12,120,3.1333333333333333,4.0,1.0,1.9306249999999996,1.9666666666666666,1.1666666666666667,4.130625,4.467
staggered_center_heavy_6_centered_alt_mixed_balanced_compact_loose_eval,P13,120,1.4583333333333333,2.142857142857143,0.9916666666666667,1.3674999999999997,1.2083333333333333,0.25,2.625833333333333,5.053846153846153
staggered_center_heavy_6_centered_alt_mixed_balanced_compact_loose_eval,P14,120,3.8916666666666666,4.0,1.0,5.1634375,3.8,0.25833333333333336,9.015104166666665,10.964583333333332
staggered_center_heavy_6_centered_alt_mixed_balanced_compact_loose_eval,P20,120,3.95,4.0,1.0,4.11,2.9833333333333334,0.9666666666666667,7.286666666666668,7.325000000000003
staggered_center_heavy_6_centered_alt_mixed_balanced_compact_loose_eval,P23,120,1.6166666666666667,3.0454545454545454,0.9166666666666666,1.7220833333333332,1.3416666666666666,0.2833333333333333,3.120416666666667,5.443478260869567
staggered_center_heavy_6_centered_alt_mixed_balanced_compact_loose_eval,P26,120,0.9833333333333333,1.0,0.9833333333333333,3.8387499999999997,2.7083333333333335,0.0,6.547083333333334,7.125
staggered_center_heavy_6_centered_alt_mixed_balanced_compact_loose_eval,P29,120,2.0083333333333333,3.21875,0.975,3.566666666666667,2.275,0.0,5.841666666666667,12.629166666666665
staggered_center_heavy_6_centered_alt_mixed_balanced_standard_compact_train,P01,120,3.9166666666666665,4.0,1.0,5.33875,4.875,0.0,10.213750000000001,10.580769230769231
staggered_center_heavy_6_centered_alt_mixed_balanced_standard_compact_train,P02,120,1.4166666666666667,2.0,0.9916666666666667,1.8625,1.5833333333333333,0.15833333333333333,3.4775,7.325000000000001
staggered_center_heavy_6_centered_alt_mixed_balanced_standard_compact_train,P04,120,2.1666666666666665,3.057142857142857,0.9833333333333333,2.7175000000000002,2.75,0.08333333333333333,5.484166666666667,7.900000000000002
staggered_center_heavy_6_centered_alt_mixed_balanced_standard_compact_train,P05,120,0.95,1.0555555555555556,0.9,1.6483333333333334,1.6333333333333333,0.0,3.281666666666667,4.0
staggered_center_heavy_6_centered_alt_mixed_balanced_standard_compact_train,P06,120,3.7583333333333333,4.0,1.0,2.3635416666666678,2.283333333333333,1.4833333333333334,4.943541666666666,6.242241379310343
staggered_center_heavy_6_centered_alt_mixed_balanced_standard_compact_train,P07,120,1.95,3.0,1.0,4.228333333333334,3.0083333333333333,0.008333333333333333,7.238333333333332,9.662878787878787
staggered_center_heavy_6_centered_alt_mixed_balanced_standard_compact_train,P09,120,3.9166666666666665,4.0,1.0,6.126875,4.8,0.016666666666666666,10.930208333333333,13.274999999999999
staggered_center_heavy_6_centered_alt_mixed_balanced_standard_compact_train,P11,120,3.033333333333333,4.0,1.0,2.763750000000001,2.825,0.2833333333333333,5.645416666666665,6.485000000000002
staggered_center_heavy_6_centered_alt_mixed_balanced_standard_compact_train,P15,120,3.1,4.0,1.0,2.51625,1.85,1.25,4.61625,4.950000000000001
staggered_center_heavy_6_centered_alt_mixed_balanced_standard_compact_train,P16,120,1.525,2.109375,0.9333333333333333,0.9333333333333333,0.9333333333333333,0.5916666666666667,1.9849999999999999,2.221875
staggered_center_heavy_6_centered_alt_mixed_balanced_standard_compact_train,P17,120,3.1333333333333333,4.0,1.0,5.620833333333334,4.483333333333333,0.03333333333333333,10.110833333333334,13.239473684210529
staggered_center_heavy_6_centered_alt_mixed_balanced_standard_compact_train,P18,120,3.9166666666666665,4.0,1.0,4.23,4.15,0.025,8.384999999999998,10.0
staggered_center_heavy_6_centered_alt_mixed_balanced_standard_compact_train,P19,120,3.783333333333333,4.0,1.0,2.9337500000000007,3.066666666666667,0.7416666666666667,6.148749999999999,8.011764705882355
staggered_center_heavy_6_centered_alt_mixed_balanced_standard_compact_train,P21,120,2.6666666666666665,4.0,1.0,3.082500000000001,2.9833333333333334,0.075,6.080833333333332,7.011538461538461
staggered_center_heavy_6_centered_alt_mixed_balanced_standard_compact_train,P22,120,2.0416666666666665,3.032258064516129,0.975,3.032083333333333,2.25,0.15833333333333333,5.313750000000001,7.104500000000001
staggered_center_heavy_6_centered_alt_mixed_balanced_standard_compact_train,P24,120,2.6666666666666665,3.0875,1.0,3.8962500000000007,2.683333333333333,0.18333333333333332,6.616249999999999,9.342307692307692
staggered_center_heavy_6_centered_alt_mixed_balanced_standard_compact_train,P25,120,1.7666666666666666,3.076923076923077,0.9916666666666667,1.7374999999999996,1.7083333333333333,0.2916666666666667,3.504166666666666,7.5307692307692315
staggered_center_heavy_6_centered_alt_mixed_balanced_standard_compact_train,P27,120,3.875,4.0,1.0,6.946875000000001,6.058333333333334,0.008333333333333333,13.006875,15.770833333333334
staggered_center_heavy_6_centered_alt_mixed_balanced_standard_compact_train,P28,120,1.9083333333333334,3.0454545454545454,0.9833333333333333,2.9683333333333337,2.033333333333333,0.008333333333333333,5.003333333333334,8.275961538461537
staggered_center_heavy_6_centered_alt_mixed_balanced_standard_compact_train,P30,120,1.8333333333333333,2.096774193548387,0.9833333333333333,5.157500000000001,3.8333333333333335,0.0,8.990833333333335,13.881666666666668
staggered_center_heavy_6_centered_alt_mixed_balanced_standard_compact_eval,P03,120,2.2333333333333334,3.0714285714285716,0.9916666666666667,3.95875,2.841666666666667,0.041666666666666664,6.80875,7.13076923076923
staggered_center_heavy_6_centered_alt_mixed_balanced_standard_compact_eval,P08,120,1.55,2.0303030303030303,0.9833333333333333,3.3362500000000006,2.15,0.125,5.5112499999999995,7.125
staggered_center_heavy_6_centered_alt_mixed_balanced_standard_compact_eval,P10,120,3.075,4.0,1.0,2.150833333333334,2.025,1.05,4.385833333333333,5.0
staggered_center_heavy_6_centered_alt_mixed_balanced_standard_compact_eval,P12,120,3.408333333333333,4.0,1.0,6.050624999999999,4.816666666666666,0.008333333333333333,10.868958333333332,11.310858585858583
staggered_center_heavy_6_centered_alt_mixed_balanced_standard_compact_eval,P13,120,3.433333333333333,4.0,1.0,2.3225,2.466666666666667,0.9666666666666667,4.982499999999999,6.127586206896551
staggered_center_heavy_6_centered_alt_mixed_balanced_standard_compact_eval,P14,120,3.95,4.0,1.0,5.226770833333334,4.141666666666667,0.20833333333333334,9.410104166666665,10.630965909090909
staggered_center_heavy_6_centered_alt_mixed_balanced_standard_compact_eval,P20,120,3.091666666666667,4.0,1.0,4.172499999999999,2.941666666666667,0.38333333333333336,7.190833333333334,7.475000000000001
staggered_center_heavy_6_centered_alt_mixed_balanced_standard_compact_eval,P23,120,2.3833333333333333,3.1272727272727274,0.9833333333333333,3.4281250000000005,2.908333333333333,0.10833333333333334,6.358125000000001,10.505555555555555
staggered_center_heavy_6_centered_alt_mixed_balanced_standard_compact_eval,P26,120,1.8833333333333333,2.0,0.9916666666666667,1.6950000000000003,1.8833333333333333,0.0,3.5783333333333323,3.8
staggered_center_heavy_6_centered_alt_mixed_balanced_standard_compact_eval,P29,120,1.9416666666666667,3.0,0.95,3.1775,2.091666666666667,0.0,5.269166666666667,9.379166666666668
staggered_center_heavy_6_centered_alt_mixed_balanced_standard_standard_train,P01,120,1.15,2.0344827586206895,0.9,1.5893749999999998,1.5916666666666666,0.058333333333333334,3.1927083333333335,4.019578313253012
staggered_center_heavy_6_centered_alt_mixed_balanced_standard_standard_train,P02,120,3.15,4.0,1.0,1.6500000000000006,1.8333333333333333,1.3166666666666667,3.746666666666667,4.199999999999999
staggered_center_heavy_6_centered_alt_mixed_balanced_standard_standard_train,P04,120,3.9,4.0,1.0,2.1216666666666675,2.025,1.875,4.5216666666666665,4.562962962962963
staggered_center_heavy_6_centered_alt_mixed_balanced_standard_standard_train,P05,120,0.2833333333333333,1.0,0.2833333333333333,0.255,0.2833333333333333,0.0,0.5383333333333333,1.9
staggered_center_heavy_6_centered_alt_mixed_balanced_standard_standard_train,P06,120,2.683333333333333,3.1486486486486487,1.0,2.2506250000000003,1.5583333333333333,1.125,4.0339583333333335,5.634090909090909
staggered_center_heavy_6_centered_alt_mixed_balanced_standard_standard_train,P07,120,2.6,3.056338028169014,1.0,1.809375,1.775,0.85,3.754375000000001,4.2404545454545435
staggered_center_heavy_6_centered_alt_mixed_balanced_standard_standard_train,P09,120,2.925,4.0,1.0,4.761250000000001,3.4833333333333334,0.10833333333333334,8.266250000000001,9.617307692307692
staggered_center_heavy_6_centered_alt_mixed_balanced_standard_standard_train,P11,120,2.0,3.0,0.9916666666666667,1.7433333333333332,1.9,0.2833333333333333,3.6999999999999997,5.8034482758620705
staggered_center_heavy_6_centered_alt_mixed_balanced_standard_standard_train,P15,120,3.375,4.0,1.0,2.9,1.6,1.775,4.855000000000001,5.895588235294119
staggered_center_heavy_6_centered_alt_mixed_balanced_standard_standard_train,P16,120,1.2833333333333334,2.0,0.95,2.3333333333333335,1.325,0.2,3.698333333333333,5.045454545454546
staggered_center_heavy_6_centered_alt_mixed_balanced_standard_standard_train,P17,120,3.1083333333333334,4.0,1.0,4.604375,3.566666666666667,0.1,8.191041666666667,9.267028985507245
staggered_center_heavy_6_centered_alt_mixed_balanced_standard_standard_train,P18,120,2.9,4.0,0.9916666666666667,1.9425000000000001,2.075,0.825,4.1825,6.05
staggered_center_heavy_6_centered_alt_mixed_balanced_standard_standard_train,P19,120,3.9166666666666665,4.0,1.0,3.6024999999999996,3.7,0.30833333333333335,7.364166666666668,7.922619047619047
staggered_center_heavy_6_centered_alt_mixed_balanced_standard_standard_train,P21,120,3.875,4.0,1.0,3.8699999999999997,3.7333333333333334,0.2,7.643333333333334,8.15
staggered_center_heavy_6_centered_alt_mixed_balanced_standard_standard_train,P22,120,1.675,3.0,0.95,2.2975,1.5166666666666666,0.16666666666666666,3.8475000000000006,5.48421052631579
staggered_center_heavy_6_centered_alt_mixed_balanced_standard_standard_train,P24,120,3.183333333333333,4.0,1.0,4.134791666666667,2.7083333333333335,0.48333333333333334,6.939791666666666,8.299324324324326
staggered_center_heavy_6_centered_alt_mixed_balanced_standard_standard_train,P25,120,1.6,2.142857142857143,0.9333333333333333,2.2899999999999996,1.5,0.11666666666666667,3.8133333333333335,5.483333333333334
staggered_center_heavy_6_centered_alt_mixed_balanced_standard_standard_train,P27,120,3.9,4.0,1.0,6.9651041666666655,5.816666666666666,0.0,12.781770833333333,15.799107142857142
staggered_center_heavy_6_centered_alt_mixed_balanced_standard_standard_train,P28,120,2.533333333333333,3.0,1.0,5.503125,3.725,0.0,9.228125,15.989285714285716
staggered_center_heavy_6_centered_alt_mixed_balanced_standard_standard_train,P30,120,1.9666666666666666,3.0,0.9833333333333333,2.2199999999999998,2.1,0.0,4.319999999999999,8.1
staggered_center_heavy_6_centered_alt_mixed_balanced_standard_standard_eval,P03,120,3.95,4.0,1.0,5.3983333333333325,4.608333333333333,0.025,10.011666666666667,10.586858974358973
staggered_center_heavy_6_centered_alt_mixed_balanced_standard_standard_eval,P08,120,3.6416666666666666,4.0,1.0,5.211875000000002,3.908333333333333,0.10833333333333334,9.141875,9.489423076923078
staggered_center_heavy_6_centered_alt_mixed_balanced_standard_standard_eval,P10,120,0.8,1.0212765957446808,0.7833333333333333,1.8512499999999998,0.8166666666666667,0.008333333333333333,2.6695833333333336,3.407978723404255
staggered_center_heavy_6_centered_alt_mixed_balanced_standard_standard_eval,P12,120,3.683333333333333,4.0,1.0,5.798125,4.566666666666666,0.025,10.369791666666664,11.225000000000001
staggered_center_heavy_6_centered_alt_mixed_balanced_standard_standard_eval,P13,120,1.5,2.016949152542373,1.0,1.8983333333333328,2.0,0.0,3.8983333333333325,3.982608695652172
staggered_center_heavy_6_centered_alt_mixed_balanced_standard_standard_eval,P14,120,3.95,4.0,1.0,5.4941666666666675,4.208333333333333,0.23333333333333334,9.749166666666666,12.662499999999998
staggered_center_heavy_6_centered_alt_mixed_balanced_standard_standard_eval,P20,120,3.95,4.0,1.0,4.20875,2.9583333333333335,1.0,7.367083333333332,9.275000000000002
staggered_center_heavy_6_centered_alt_mixed_balanced_standard_standard_eval,P23,120,1.7666666666666666,2.1325301204819276,0.9833333333333333,1.69625,1.675,0.2,3.4112500000000003,6.445833333333334
staggered_center_heavy_6_centered_alt_mixed_balanced_standard_standard_eval,P26,120,3.95,4.0,1.0,4.375,3.4833333333333334,0.48333333333333334,7.954999999999999,9.125
staggered_center_heavy_6_centered_alt_mixed_balanced_standard_standard_eval,P29,120,1.2333333333333334,2.081081081081081,0.9,3.134375,1.8583333333333334,0.0,4.992708333333334,8.414583333333335
staggered_center_heavy_6_centered_alt_mixed_balanced_standard_loose_train,P01,120,0.5666666666666667,1.0303030303030303,0.55,0.4950000000000001,0.55,0.016666666666666666,1.0483333333333333,1.9060606060606062
staggered_center_heavy_6_centered_alt_mixed_balanced_standard_loose_train,P02,120,1.8083333333333333,3.0,1.0,1.8258333333333334,1.7916666666666667,0.15833333333333333,3.6491666666666673,6.0
staggered_center_heavy_6_centered_alt_mixed_balanced_standard_loose_train,P04,120,1.95,3.1,0.9833333333333333,1.0841666666666667,1.075,0.875,2.334166666666667,3.3000000000000003
staggered_center_heavy_6_centered_alt_mixed_balanced_standard_loose_train,P05,120,1.425,2.08,0.975,0.9750000000000002,1.075,0.39166666666666666,2.128333333333333,3.9250000000000003
staggered_center_heavy_6_centered_alt_mixed_balanced_standard_loose_train,P06,120,3.4916666666666667,4.0,1.0,3.2972916666666676,1.9833333333333334,1.5083333333333333,5.582291666666666,5.725000000000001
staggered_center_heavy_6_centered_alt_mixed_balanced_standard_loose_train,P07,120,0.38333333333333336,1.0,0.38333333333333336,0.34500000000000003,0.38333333333333336,0.0,0.7283333333333334,1.9000000000000008
staggered_center_heavy_6_centered_alt_mixed_balanced_standard_loose_train,P09,120,2.658333333333333,3.0253164556962027,1.0,1.8943749999999997,1.925,0.7333333333333333,3.9660416666666665,4.217857142857141
staggered_center_heavy_6_centered_alt_mixed_balanced_standard_loose_train,P11,120,3.55,4.0,1.0,2.0874999999999995,2.2083333333333335,1.3416666666666666,4.564166666666667,6.0
staggered_center_heavy_6_centered_alt_mixed_balanced_standard_loose_train,P15,120,3.8,4.0,1.0,3.36625,1.9916666666666667,1.8083333333333333,5.719583333333334,5.7749999999999995
staggered_center_heavy_6_centered_alt_mixed_balanced_standard_loose_train,P16,120,3.533333333333333,4.0,1.0,2.9625,1.9583333333333333,1.575,5.235833333333335,5.3999999999999995
staggered_center_heavy_6_centered_alt_mixed_balanced_standard_loose_train,P17,120,3.158333333333333,4.0,1.0,4.479583333333334,3.775,0.075,8.269583333333333,10.350000000000005
staggered_center_heavy_6_centered_alt_mixed_balanced_standard_loose_train,P18,120,3.9166666666666665,4.0,1.0,4.7125,3.7,0.24166666666666667,8.460833333333333,9.125
staggered_center_heavy_6_centered_alt_mixed_balanced_standard_loose_train,P19,120,3.9166666666666665,4.0,1.0,3.4774999999999996,3.55,0.475,7.122500000000001,8.252459016393441
staggered_center_heavy_6_centered_alt_mixed_balanced_standard_loose_train,P21,120,3.9166666666666665,4.0,1.0,2.1812500000000004,2.125,1.7916666666666667,4.664583333333334,6.3
staggered_center_heavy_6_centered_alt_mixed_balanced_standard_loose_train,P22,120,1.1833333333333333,2.066666666666667,0.9166666666666666,2.0575,1.075,0.10833333333333334,3.154166666666667,5.021052631578947
staggered_center_heavy_6_centered_alt_mixed_balanced_standard_loose_train,P24,120,2.725,4.0,1.0,3.7418750000000007,2.1083333333333334,0.6166666666666667,5.973541666666667,8.958333333333334
staggered_center_heavy_6_centered_alt_mixed_balanced_standard_loose_train,P25,120,1.9666666666666666,3.1,1.0,2.2350000000000003,1.15,0.8166666666666667,3.548333333333333,5.228571428571429
staggered_center_heavy_6_centered_alt_mixed_balanced_standard_loose_train,P27,120,3.55,4.0,1.0,5.6033333333333335,4.275,0.11666666666666667,9.901666666666667,13.482692307692306
staggered_center_heavy_6_centered_alt_mixed_balanced_standard_loose_train,P28,120,1.1333333333333333,2.0555555555555554,0.975,4.51875,2.975,0.0,7.49375,11.26282051282051
staggered_center_heavy_6_centered_alt_mixed_balanced_standard_loose_train,P30,120,2.575,3.026666666666667,1.0,4.179583333333334,3.033333333333333,0.0,7.2129166666666675,9.425000000000002
staggered_center_heavy_6_centered_alt_mixed_balanced_standard_loose_eval,P03,120,1.7833333333333334,2.0217391304347827,1.0,2.0137500000000004,1.9416666666666667,0.041666666666666664,3.9637499999999997,4.170833333333333
staggered_center_heavy_6_centered_alt_mixed_balanced_standard_loose_eval,P08,120,3.625,4.0,1.0,5.043125000000002,3.725,0.1,8.788125000000003,9.325000000000001
staggered_center_heavy_6_centered_alt_mixed_balanced_standard_loose_eval,P10,120,2.5083333333333333,3.015873015873016,1.0,3.5474999999999994,2.191666666666667,0.4083333333333333,5.820833333333335,7.275000000000002
staggered_center_heavy_6_centered_alt_mixed_balanced_standard_loose_eval,P12,120,2.308333333333333,3.0392156862745097,1.0,1.94125,1.9916666666666667,0.43333333333333335,4.019583333333333,5.872222222222222
staggered_center_heavy_6_centered_alt_mixed_balanced_standard_loose_eval,P13,120,0.6583333333333333,1.0394736842105263,0.6333333333333333,0.5700000000000001,0.6333333333333333,0.025,1.2083333333333333,1.9078947368421055
staggered_center_heavy_6_centered_alt_mixed_balanced_standard_loose_eval,P14,120,3.95,4.0,1.0,5.613645833333333,4.166666666666667,0.18333333333333332,9.816979166666666,11.50261627906977
staggered_center_heavy_6_centered_alt_mixed_balanced_standard_loose_eval,P20,120,3.808333333333333,4.0,1.0,2.6925000000000003,1.4083333333333334,2.4,4.5808333333333335,5.625
staggered_center_heavy_6_centered_alt_mixed_balanced_standard_loose_eval,P23,120,1.2,2.0,0.925,1.1525,1.0666666666666667,0.13333333333333333,2.245833333333333,5.0
staggered_center_heavy_6_centered_alt_mixed_balanced_standard_loose_eval,P26,120,1.7666666666666666,2.0,1.0,3.5356250000000005,2.3583333333333334,0.016666666666666666,5.897291666666666,7.125
staggered_center_heavy_6_centered_alt_mixed_balanced_standard_loose_eval,P29,120,1.1083333333333334,2.0833333333333335,0.7833333333333333,1.8789583333333333,1.3,0.0,3.1789583333333336,7.905000000000001
staggered_center_heavy_6_centered_alt_mixed_balanced_loose_compact_train,P01,120,1.8333333333333333,3.1538461538461537,0.9916666666666667,2.7419791666666664,2.4,0.016666666666666666,5.145312500000001,9.44921875
staggered_center_heavy_6_centered_alt_mixed_balanced_loose_compact_train,P02,120,0.85,1.00990099009901,0.8416666666666667,1.3983333333333334,1.3666666666666667,0.0,2.765,4.0
staggered_center_heavy_6_centered_alt_mixed_balanced_loose_compact_train,P04,120,3.7916666666666665,4.0,1.0,1.8041666666666663,1.9,1.8916666666666666,4.0825,4.41046511627907
staggered_center_heavy_6_centered_alt_mixed_balanced_loose_compact_train,P05,120,1.4,2.0208333333333335,0.9916666666666667,1.1058333333333332,1.0083333333333333,0.4083333333333333,2.1958333333333337,2.3720000000000003
staggered_center_heavy_6_centered_alt_mixed_balanced_loose_compact_train,P06,120,3.8333333333333335,4.0,1.0,2.130000000000001,2.033333333333333,1.8,4.5233333333333325,4.567326732673267
staggered_center_heavy_6_centered_alt_mixed_balanced_loose_compact_train,P07,120,0.26666666666666666,1.0,0.26666666666666666,0.6620833333333332,0.38333333333333336,0.0,1.0454166666666667,4.348076923076923
staggered_center_heavy_6_centered_alt_mixed_balanced_loose_compact_train,P09,120,3.1666666666666665,4.0,1.0,6.21625,4.941666666666666,0.0,11.157916666666665,13.275000000000002
staggered_center_heavy_6_centered_alt_mixed_balanced_loose_compact_train,P11,120,2.8583333333333334,4.0,1.0,2.645625000000001,2.7333333333333334,0.25833333333333336,5.430625,6.719642857142857
staggered_center_heavy_6_centered_alt_mixed_balanced_loose_compact_train,P15,120,1.7833333333333334,2.0919540229885056,0.9916666666666667,2.11,2.3833333333333333,0.05,4.503333333333333,5.7511363636363635
staggered_center_heavy_6_centered_alt_mixed_balanced_loose_compact_train,P16,120,0.44166666666666665,1.0816326530612246,0.4083333333333333,0.44375,0.425,0.016666666666666666,0.8720833333333334,2.147777777777778
staggered_center_heavy_6_centered_alt_mixed_balanced_loose_compact_train,P17,120,2.55,3.0,1.0,4.389166666666667,3.15,0.025,7.5441666666666665,9.225000000000001
staggered_center_heavy_6_centered_alt_mixed_balanced_loose_compact_train,P18,120,3.9166666666666665,4.0,1.0,4.06,3.85,0.4083333333333333,7.991666666666665,12.273076923076927
staggered_center_heavy_6_centered_alt_mixed_balanced_loose_compact_train,P19,120,3.9166666666666665,4.0,1.0,2.4416666666666673,2.6083333333333334,1.3083333333333333,5.3116666666666665,6.2107142857142845
staggered_center_heavy_6_centered_alt_mixed_balanced_loose_compact_train,P21,120,3.9166666666666665,4.0,1.0,3.4400000000000004,3.3916666666666666,0.5333333333333333,6.938333333333333,8.0
staggered_center_heavy_6_centered_alt_mixed_balanced_loose_compact_train,P22,120,1.8166666666666667,3.0714285714285716,0.9916666666666667,2.8704166666666664,2.1166666666666667,0.06666666666666667,5.000416666666666,7.125
staggered_center_heavy_6_centered_alt_mixed_balanced_loose_compact_train,P24,120,2.475,3.0307692307692307,1.0,4.174791666666668,3.033333333333333,0.06666666666666667,7.2214583333333335,9.325
staggered_center_heavy_6_centered_alt_mixed_balanced_loose_compact_train,P25,120,2.2583333333333333,3.0434782608695654,1.0,2.417499999999999,2.575,0.03333333333333333,4.999166666666666,5.805714285714285
staggered_center_heavy_6_centered_alt_mixed_balanced_loose_compact_train,P27,120,3.066666666666667,4.0,1.0,4.730104166666666,4.016666666666667,0.025,8.751770833333333,11.062946428571427
staggered_center_heavy_6_centered_alt_mixed_balanced_loose_compact_train,P28,120,1.75,3.0,0.9916666666666667,2.6570833333333335,1.9416666666666667,0.0,4.59875,7.853703703703703
staggered_center_heavy_6_centered_alt_mixed_balanced_loose_compact_train,P30,120,1.6083333333333334,2.1176470588235294,0.975,2.7325000000000004,2.2583333333333333,0.0,4.990833333333334,9.030357142857143
staggered_center_heavy_6_centered_alt_mixed_balanced_loose_compact_eval,P03,120,2.158333333333333,3.0,1.0,3.993125,2.8666666666666667,0.03333333333333333,6.866458333333332,7.125
staggered_center_heavy_6_centered_alt_mixed_balanced_loose_compact_eval,P08,120,1.825,2.0531914893617023,1.0,3.8325000000000005,2.675,0.008333333333333333,6.509166666666666,7.125
staggered_center_heavy_6_centered_alt_mixed_balanced_loose_compact_eval,P10,120,2.7,3.0617283950617282,1.0,3.259791666666666,3.25,0.08333333333333333,6.526458333333333,8.071527777777776
staggered_center_heavy_6_centered_alt_mixed_balanced_loose_compact_eval,P12,120,2.775,4.0,1.0,4.031875,2.875,0.19166666666666668,6.9452083333333325,9.277500000000003
staggered_center_heavy_6_centered_alt_mixed_balanced_loose_compact_eval,P13,120,2.675,4.0,1.0,2.5220833333333332,2.7,0.23333333333333334,5.268749999999999,6.493333333333333
staggered_center_heavy_6_centered_alt_mixed_balanced_loose_compact_eval,P14,120,3.95,4.0,1.0,4.502916666666667,3.1666666666666665,0.8333333333333334,7.836250000000001,9.482954545454545
staggered_center_heavy_6_centered_alt_mixed_balanced_loose_compact_eval,P20,120,3.85,4.0,1.0,4.358125,2.4166666666666665,1.4333333333333333,7.061458333333335,8.92228260869565
staggered_center_heavy_6_centered_alt_mixed_balanced_loose_compact_eval,P23,120,3.3333333333333335,4.0,1.0,3.3262500000000004,3.091666666666667,0.38333333333333336,6.494583333333333,9.253846153846155
staggered_center_heavy_6_centered_alt_mixed_balanced_loose_compact_eval,P26,120,2.8666666666666667,3.0,1.0,2.7806250000000006,2.8916666666666666,0.0,5.672291666666665,5.926904761904761
staggered_center_heavy_6_centered_alt_mixed_balanced_loose_compact_eval,P29,120,2.6083333333333334,3.0125,1.0,3.966458333333334,2.75,0.0,6.716458333333333,10.49375
staggered_center_heavy_6_centered_alt_mixed_balanced_loose_standard_train,P01,120,1.4583333333333333,2.0701754385964914,0.95,1.0749999999999997,0.9833333333333333,0.5,2.1583333333333337,2.426666666666668
staggered_center_heavy_6_centered_alt_mixed_balanced_loose_standard_train,P02,120,0.35833333333333334,1.075,0.3333333333333333,0.35250000000000004,0.38333333333333336,0.0,0.7358333333333335,2.2075
staggered_center_heavy_6_centered_alt_mixed_balanced_loose_standard_train,P04,120,3.1333333333333333,4.0,1.0,2.1000000000000005,2.0,1.1333333333333333,4.326666666666666,4.5
staggered_center_heavy_6_centered_alt_mixed_balanced_loose_standard_train,P05,120,0.0,0.0,0.0,0.0,0.0,0.0,0.0,0.0
staggered_center_heavy_6_centered_alt_mixed_balanced_loose_standard_train,P06,120,2.5833333333333335,3.084507042253521,1.0,1.7168749999999997,1.3083333333333333,1.275,3.2802083333333334,5.553571428571431
staggered_center_heavy_6_centered_alt_mixed_balanced_loose_standard_train,P07,120,3.375,4.0,1.0,2.1499999999999995,2.0,1.375,4.425000000000001,4.550000000000002
staggered_center_heavy_6_centered_alt_mixed_balanced_loose_standard_train,P09,120,3.591666666666667,4.0,1.0,5.73875,4.516666666666667,0.016666666666666666,10.258749999999997,11.225000000000003
staggered_center_heavy_6_centered_alt_mixed_balanced_loose_standard_train,P11,120,2.1666666666666665,3.28125,1.0,1.7575000000000003,1.925,0.35833333333333334,3.754166666666666,5.889999999999999
staggered_center_heavy_6_centered_alt_mixed_balanced_loose_standard_train,P15,120,2.575,3.15625,1.0,2.65,1.9916666666666667,0.5833333333333334,4.758333333333334,6.6033333333333335
staggered_center_heavy_6_centered_alt_mixed_balanced_loose_standard_train,P16,120,0.0,0.0,0.0,0.0,0.0,0.0,0.0,0.0
staggered_center_heavy_6_centered_alt_mixed_balanced_loose_standard_train,P17,120,2.441666666666667,3.0,1.0,3.6441666666666674,2.4,0.16666666666666666,6.0775,7.261363636363639
staggered_center_heavy_6_centered_alt_mixed_balanced_loose_standard_train,P18,120,3.125,4.0,1.0,3.23375,2.4916666666666667,0.6333333333333333,5.852083333333334,7.475
staggered_center_heavy_6_centered_alt_mixed_balanced_loose_standard_train,P19,120,3.9166666666666665,4.0,1.0,2.7512500000000006,2.8833333333333333,1.0333333333333334,5.84125,7.85
staggered_center_heavy_6_centered_alt_mixed_balanced_loose_standard_train,P21,120,3.9166666666666665,4.0,1.0,2.9075000000000006,2.816666666666667,1.1,5.944166666666665,6.299999999999995
staggered_center_heavy_6_centered_alt_mixed_balanced_loose_standard_train,P22,120,1.2333333333333334,2.1777777777777776,0.7916666666666666,1.8099999999999998,1.1083333333333334,0.15,2.9483333333333333,5.217142857142856
staggered_center_heavy_6_centered_alt_mixed_balanced_loose_standard_train,P24,120,2.825,4.0,1.0,3.8004166666666666,2.5833333333333335,0.325,6.44875,8.389999999999997
staggered_center_heavy_6_centered_alt_mixed_balanced_loose_standard_train,P25,120,0.8,2.0555555555555554,0.6416666666666667,1.1574999999999998,0.9416666666666667,0.016666666666666666,2.1024999999999996,5.584615384615384
staggered_center_heavy_6_centered_alt_mixed_balanced_loose_standard_train,P27,120,3.5083333333333333,4.0,1.0,5.4409374999999995,4.558333333333334,0.008333333333333333,10.0009375,13.694999999999999
staggered_center_heavy_6_centered_alt_mixed_balanced_loose_standard_train,P28,120,2.566666666666667,3.0,1.0,4.788541666666668,3.191666666666667,0.0,7.9802083333333345,13.2125
staggered_center_heavy_6_centered_alt_mixed_balanced_loose_standard_train,P30,120,1.3833333333333333,2.125,0.9333333333333333,2.9731250000000005,2.1083333333333334,0.0,5.081458333333333,9.575000000000001
staggered_center_heavy_6_centered_alt_mixed_balanced_loose_standard_eval,P03,120,1.8583333333333334,3.0,0.9666666666666667,3.0989583333333335,2.683333333333333,0.0,5.782291666666667,9.466346153846153
staggered_center_heavy_6_centered_alt_mixed_balanced_loose_standard_eval,P08,120,3.2333333333333334,4.0,1.0,4.293125,3.1333333333333333,0.2916666666666667,7.484791666666666,9.175000000000002
staggered_center_heavy_6_centered_alt_mixed_balanced_loose_standard_eval,P10,120,1.175,2.04,0.9583333333333334,3.615625,2.5,0.016666666666666666,6.1189583333333335,7.125
staggered_center_heavy_6_centered_alt_mixed_balanced_loose_standard_eval,P12,120,3.95,4.0,1.0,5.551875,4.533333333333333,0.041666666666666664,10.093541666666665,11.225000000000003
staggered_center_heavy_6_centered_alt_mixed_balanced_loose_standard_eval,P13,120,3.3916666666666666,4.0,1.0,2.4016666666666664,2.558333333333333,0.8333333333333334,5.126666666666666,6.0
staggered_center_heavy_6_centered_alt_mixed_balanced_loose_standard_eval,P14,120,3.95,4.0,1.0,4.295625,2.941666666666667,1.0666666666666667,7.4506250000000005,9.754166666666668
staggered_center_heavy_6_centered_alt_mixed_balanced_loose_standard_eval,P20,120,3.95,4.0,1.0,4.359375,2.975,0.975,7.529375000000002,7.602654867256639
staggered_center_heavy_6_centered_alt_mixed_balanced_loose_standard_eval,P23,120,1.8916666666666666,3.1,0.975,2.3312500000000003,2.45,0.075,4.79625,5.891891891891893
staggered_center_heavy_6_centered_alt_mixed_balanced_loose_standard_eval,P26,120,3.95,4.0,1.0,4.98375,3.8666666666666667,0.1,8.870416666666667,9.164805825242718
staggered_center_heavy_6_centered_alt_mixed_balanced_loose_standard_eval,P29,120,2.1333333333333333,3.026315789473684,0.9916666666666667,3.870416666666667,2.6666666666666665,0.0,6.537083333333333,9.821
staggered_center_heavy_6_centered_alt_mixed_balanced_loose_loose_train,P01,120,0.0,0.0,0.0,0.0,0.0,0.0,0.0,0.0
staggered_center_heavy_6_centered_alt_mixed_balanced_loose_loose_train,P02,120,1.8666666666666667,3.0357142857142856,0.9916666666666667,1.44,1.5333333333333334,0.4,3.0533333333333332,4.597058823529411
staggered_center_heavy_6_centered_alt_mixed_balanced_loose_loose_train,P04,120,2.966666666666667,4.0,1.0,1.990833333333334,1.9,1.0666666666666667,4.104166666666666,4.5
staggered_center_heavy_6_centered_alt_mixed_balanced_loose_loose_train,P05,120,2.4,3.06,1.0,1.125,1.225,1.175,2.585,4.116666666666667
staggered_center_heavy_6_centered_alt_mixed_balanced_loose_loose_train,P06,120,3.4583333333333335,4.0,1.0,3.277916666666668,1.975,1.4833333333333334,5.5495833333333335,5.725000000000002
staggered_center_heavy_6_centered_alt_mixed_balanced_loose_loose_train,P07,120,0.0,0.0,0.0,0.0,0.0,0.0,0.0,0.0
staggered_center_heavy_6_centered_alt_mixed_balanced_loose_loose_train,P09,120,2.475,3.175438596491228,1.0,2.4000000000000004,2.5,0.21666666666666667,4.943333333333333,5.879411764705884
staggered_center_heavy_6_centered_alt_mixed_balanced_loose_loose_train,P11,120,1.9833333333333334,3.0,1.0,2.4024999999999994,2.558333333333333,0.025,4.965833333333332,5.8
staggered_center_heavy_6_centered_alt_mixed_balanced_loose_loose_train,P15,120,2.783333333333333,4.0,1.0,2.390625,1.2916666666666667,1.4916666666666667,3.9806250000000007,4.950000000000001
staggered_center_heavy_6_centered_alt_mixed_balanced_loose_loose_train,P16,120,0.15,1.0,0.15,0.3149999999999999,0.15,0.0,0.4649999999999999,3.0999999999999996
staggered_center_heavy_6_centered_alt_mixed_balanced_loose_loose_train,P17,120,2.591666666666667,3.0,1.0,3.5306250000000006,2.283333333333333,0.35,5.883958333333334,7.225000000000002
staggered_center_heavy_6_centered_alt_mixed_balanced_loose_loose_train,P18,120,3.691666666666667,4.0,1.0,4.98625,3.7,0.2,8.72625,9.275000000000002
staggered_center_heavy_6_centered_alt_mixed_balanced_loose_loose_train,P19,120,3.05,4.0,1.0,2.378333333333333,2.4,0.675,4.913333333333333,7.2807692307692315
staggered_center_heavy_6_centered_alt_mixed_balanced_loose_loose_train,P21,120,3.9166666666666665,4.0,1.0,3.66875,3.5416666666666665,0.44166666666666665,7.298750000000001,8.149999999999999
staggered_center_heavy_6_centered_alt_mixed_balanced_loose_loose_train,P22,120,0.9666666666666667,2.230769230769231,0.8333333333333334,1.7800000000000002,0.8666666666666667,0.1,2.6666666666666665,3.8692307692307684
staggered_center_heavy_6_centered_alt_mixed_balanced_loose_loose_train,P24,120,2.558333333333333,3.1641791044776117,0.9916666666666667,3.2212500000000004,1.9833333333333334,0.5833333333333334,5.321250000000001,7.469444444444445
staggered_center_heavy_6_centered_alt_mixed_balanced_loose_loose_train,P25,120,1.3166666666666667,2.0789473684210527,0.975,2.0975000000000006,1.0416666666666667,0.3,3.199166666666667,3.6463414634146343
staggered_center_heavy_6_centered_alt_mixed_balanced_loose_loose_train,P27,120,3.4583333333333335,4.0,1.0,6.881041666666666,5.55,0.0,12.431041666666667,15.375
staggered_center_heavy_6_centered_alt_mixed_balanced_loose_loose_train,P28,120,1.1833333333333333,2.0,0.9833333333333333,3.9125000000000005,2.725,0.0,6.6375,11.19375
staggered_center_heavy_6_centered_alt_mixed_balanced_loose_loose_train,P30,120,1.725,2.1358024691358026,0.9583333333333334,2.9070833333333335,1.925,0.0,4.832083333333333,7.847916666666667
staggered_center_heavy_6_centered_alt_mixed_balanced_loose_loose_eval,P03,120,2.225,3.0,1.0,1.2650000000000001,1.1833333333333333,1.0416666666666667,2.656666666666667,4.045454545454546
staggered_center_heavy_6_centered_alt_mixed_balanced_loose_loose_eval,P08,120,3.933333333333333,4.0,1.0,5.395625,4.2,0.15833333333333333,9.627291666666668,11.225000000000003
staggered_center_heavy_6_centered_alt_mixed_balanced_loose_loose_eval,P10,120,2.425,3.0,1.0,3.5625000000000004,2.375,0.30833333333333335,5.999166666666666,7.125
staggered_center_heavy_6_centered_alt_mixed_balanced_loose_loose_eval,P12,120,3.125,4.0,1.0,2.6087500000000006,2.7333333333333334,0.475,5.437083333333333,6.050000000000001
staggered_center_heavy_6_centered_alt_mixed_balanced_loose_loose_eval,P13,120,0.5083333333333333,1.150943396226415,0.44166666666666665,0.4575000000000001,0.5083333333333333,0.0,0.9658333333333334,2.1867924528301894
staggered_center_heavy_6_centered_alt_mixed_balanced_loose_loose_eval,P14,120,3.95,4.0,1.0,4.660416666666666,3.2416666666666667,0.7833333333333333,8.05875,9.865243902439024
staggered_center_heavy_6_centered_alt_mixed_balanced_loose_loose_eval,P20,120,3.5416666666666665,4.0,1.0,3.241875,1.8833333333333333,1.6583333333333334,5.456875,5.7749999999999995
staggered_center_heavy_6_centered_alt_mixed_balanced_loose_loose_eval,P23,120,0.7916666666666666,2.0,0.6916666666666667,0.8125000000000001,0.8333333333333334,0.008333333333333333,1.6475,4.387499999999999
staggered_center_heavy_6_centered_alt_mixed_balanced_loose_loose_eval,P26,120,2.533333333333333,3.0,1.0,3.4725000000000006,2.275,0.275,5.802499999999999,7.125
staggered_center_heavy_6_centered_alt_mixed_balanced_loose_loose_eval,P29,120,0.7333333333333333,2.0588235294117645,0.5833333333333334,1.3795833333333334,0.925,0.0,2.3045833333333334,6.094318181818181
staggered_center_heavy_6_centered_alt_high_value_center_compact_compact_train,P01,120,3.9166666666666665,4.0,1.0,6.8975,4.108333333333333,0.041666666666666664,11.014166666666664,12.725
staggered_center_heavy_6_centered_alt_high_value_center_compact_compact_train,P02,120,2.225,3.1333333333333333,0.9833333333333333,4.2775,2.5166666666666666,0.1,6.814166666666667,10.675
staggered_center_heavy_6_centered_alt_high_value_center_compact_compact_train,P04,120,3.35,4.0,1.0,3.1100000000000003,2.5,0.8666666666666667,5.783333333333333,7.300000000000002
staggered_center_heavy_6_centered_alt_high_value_center_compact_compact_train,P05,120,1.9333333333333333,2.107843137254902,0.9916666666666667,3.93875,2.1666666666666665,0.175,6.140416666666668,8.774999999999997
staggered_center_heavy_6_centered_alt_high_value_center_compact_compact_train,P06,120,3.075,4.0,1.0,3.9977083333333345,2.7916666666666665,0.475,6.884374999999998,7.907894736842107
staggered_center_heavy_6_centered_alt_high_value_center_compact_compact_train,P07,120,3.9166666666666665,4.0,1.0,7.583749999999998,5.65,0.0,13.233749999999997,13.912499999999993
staggered_center_heavy_6_centered_alt_high_value_center_compact_compact_train,P09,120,2.8583333333333334,3.082474226804124,1.0,5.028125000000001,3.7,0.03333333333333333,8.734791666666668,9.369565217391308
staggered_center_heavy_6_centered_alt_high_value_center_compact_compact_train,P11,120,3.025,4.0,1.0,2.4949999999999997,2.341666666666667,0.7,4.9766666666666675,7.475000000000001
staggered_center_heavy_6_centered_alt_high_value_center_compact_compact_train,P15,120,3.908333333333333,4.0,1.0,3.375,2.0,1.9083333333333334,5.756666666666667,5.7749999999999995
staggered_center_heavy_6_centered_alt_high_value_center_compact_compact_train,P16,120,3.9,4.0,1.0,3.899999999999999,3.0,0.9,7.079999999999998,7.1
staggered_center_heavy_6_centered_alt_high_value_center_compact_compact_train,P17,120,3.9166666666666665,4.0,1.0,7.596666666666668,6.816666666666666,0.0,14.41333333333333,16.450000000000003
staggered_center_heavy_6_centered_alt_high_value_center_compact_compact_train,P18,120,3.8833333333333333,4.0,1.0,3.6212500000000007,3.6333333333333333,0.2916666666666667,7.312916666666668,7.951875000000001
staggered_center_heavy_6_centered_alt_high_value_center_compact_compact_train,P19,120,3.8916666666666666,4.0,1.0,3.86375,3.8916666666666666,0.25,7.805416666666668,10.285294117647059
staggered_center_heavy_6_centered_alt_high_value_center_compact_compact_train,P21,120,3.45,4.0,1.0,4.05625,3.158333333333333,0.525,7.319583333333332,11.15
staggered_center_heavy_6_centered_alt_high_value_center_compact_compact_train,P22,120,2.2333333333333334,3.0256410256410255,1.0,2.695416666666666,1.9083333333333334,0.36666666666666664,4.677083333333333,7.095
staggered_center_heavy_6_centered_alt_high_value_center_compact_compact_train,P24,120,3.1166666666666667,4.0,1.0,5.154375000000001,2.8916666666666666,0.375,8.121041666666667,11.117857142857142
staggered_center_heavy_6_centered_alt_high_value_center_compact_compact_train,P25,120,2.2083333333333335,3.1136363636363638,0.9916666666666667,2.0116666666666663,1.5333333333333334,0.675,3.68,5.265853658536585
staggered_center_heavy_6_centered_alt_high_value_center_compact_compact_train,P27,120,3.9166666666666665,4.0,1.0,7.443437500000001,5.15,0.05,12.603437500000004,15.331818181818182
staggered_center_heavy_6_centered_alt_high_value_center_compact_compact_train,P28,120,2.0416666666666665,3.0,1.0,4.912708333333333,2.25,0.0,7.162708333333334,10.94285714285714
staggered_center_heavy_6_centered_alt_high_value_center_compact_compact_train,P30,120,2.725,3.073170731707317,1.0,6.66125,4.691666666666666,0.0,11.352916666666665,15.5275
staggered_center_heavy_6_centered_alt_high_value_center_compact_compact_eval,P03,120,2.7416666666666667,3.0697674418604652,0.9916666666666667,3.9256250000000006,2.816666666666667,0.13333333333333333,6.768958333333333,7.148852040816326
staggered_center_heavy_6_centered_alt_high_value_center_compact_compact_eval,P08,120,1.1916666666666667,2.0384615384615383,0.9666666666666667,2.88125,1.575,0.08333333333333333,4.472916666666666,5.485144927536232
staggered_center_heavy_6_centered_alt_high_value_center_compact_compact_eval,P10,120,2.308333333333333,3.0,0.9916666666666667,3.1566666666666667,3.1333333333333333,0.041666666666666664,6.298333333333333,8.05
staggered_center_heavy_6_centered_alt_high_value_center_compact_compact_eval,P12,120,3.941666666666667,4.0,1.0,5.543125000000001,4.208333333333333,0.041666666666666664,9.759791666666667,11.375
staggered_center_heavy_6_centered_alt_high_value_center_compact_compact_eval,P13,120,2.591666666666667,3.0422535211267605,0.9916666666666667,1.8316666666666663,1.925,0.675,3.8916666666666666,4.109090909090909
staggered_center_heavy_6_centered_alt_high_value_center_compact_compact_eval,P14,120,3.941666666666667,4.0,1.0,5.985208333333333,4.416666666666667,0.13333333333333333,10.428541666666664,13.762499999999998
staggered_center_heavy_6_centered_alt_high_value_center_compact_compact_eval,P20,120,3.908333333333333,4.0,1.0,3.1502083333333326,3.1166666666666667,0.8083333333333333,6.428541666666666,9.125
staggered_center_heavy_6_centered_alt_high_value_center_compact_compact_eval,P23,120,2.525,3.076923076923077,1.0,3.2806250000000006,2.466666666666667,0.275,5.802291666666666,9.981250000000001
staggered_center_heavy_6_centered_alt_high_value_center_compact_compact_eval,P26,120,1.7833333333333334,2.0,1.0,2.6537500000000005,2.7666666666666666,0.0,5.420416666666667,7.9499999999999975
staggered_center_heavy_6_centered_alt_high_value_center_compact_compact_eval,P29,120,1.5333333333333334,2.125,0.9333333333333333,3.770416666666667,1.8166666666666667,0.0,5.587083333333333,10.053333333333333
staggered_center_heavy_6_centered_alt_high_value_center_compact_standard_train,P01,120,2.191666666666667,3.1041666666666665,0.9666666666666667,3.3293749999999993,1.9583333333333333,0.4166666666666667,5.371041666666668,8.786999999999999
staggered_center_heavy_6_centered_alt_high_value_center_compact_standard_train,P02,120,2.2416666666666667,3.054054054054054,1.0,1.9758333333333336,2.1416666666666666,0.11666666666666667,4.140833333333332,5.913793103448277
staggered_center_heavy_6_centered_alt_high_value_center_compact_standard_train,P04,120,3.2333333333333334,4.0,1.0,3.7400000000000007,2.6333333333333333,0.6583333333333333,6.504999999999999,7.300000000000002
staggered_center_heavy_6_centered_alt_high_value_center_compact_standard_train,P05,120,3.575,4.0,1.0,1.7250000000000005,1.9166666666666667,1.6583333333333334,3.973333333333334,4.2
staggered_center_heavy_6_centered_alt_high_value_center_compact_standard_train,P06,120,3.1,4.0,1.0,4.2675,2.1416666666666666,0.9666666666666667,6.602500000000002,8.525000000000002
staggered_center_heavy_6_centered_alt_high_value_center_compact_standard_train,P07,120,2.65,3.0533333333333332,1.0,5.1800000000000015,2.7083333333333335,0.2,7.9283333333333355,8.781896551724138
staggered_center_heavy_6_centered_alt_high_value_center_compact_standard_train,P09,120,3.433333333333333,4.0,1.0,4.129999999999999,2.841666666666667,0.6416666666666667,7.099999999999999,7.4750000000000005
staggered_center_heavy_6_centered_alt_high_value_center_compact_standard_train,P11,120,2.9,3.08,1.0,1.8587499999999997,1.95,0.95,3.9987500000000007,4.171500000000002
staggered_center_heavy_6_centered_alt_high_value_center_compact_standard_train,P15,120,2.675,3.0123456790123457,1.0,3.4012499999999997,2.025,0.675,5.561250000000001,5.6442771084337355
staggered_center_heavy_6_centered_alt_high_value_center_compact_standard_train,P16,120,3.9166666666666665,4.0,1.0,3.899999999999999,3.0,0.9166666666666666,7.083333333333332,7.1
staggered_center_heavy_6_centered_alt_high_value_center_compact_standard_train,P17,120,3.9166666666666665,4.0,1.0,6.892916666666667,6.116666666666666,0.0,13.00958333333333,14.489215686274513
staggered_center_heavy_6_centered_alt_high_value_center_compact_standard_train,P18,120,2.3666666666666667,3.0208333333333335,1.0,1.6425000000000003,1.825,0.5416666666666666,3.575833333333333,4.004651162790697
staggered_center_heavy_6_centered_alt_high_value_center_compact_standard_train,P19,120,3.8833333333333333,4.0,1.0,4.730000000000001,4.8,0.008333333333333333,9.531666666666666,10.124712643678166
staggered_center_heavy_6_centered_alt_high_value_center_compact_standard_train,P21,120,3.325,4.0,1.0,3.959999999999999,2.925,0.5,6.9849999999999985,7.25
staggered_center_heavy_6_centered_alt_high_value_center_compact_standard_train,P22,120,1.9333333333333333,3.0,0.9916666666666667,2.55,1.7333333333333334,0.2,4.323333333333333,5.2
staggered_center_heavy_6_centered_alt_high_value_center_compact_standard_train,P24,120,3.283333333333333,4.0,1.0,5.157916666666667,2.9,0.39166666666666666,8.13625,10.575
staggered_center_heavy_6_centered_alt_high_value_center_compact_standard_train,P25,120,2.591666666666667,4.0,1.0,2.9324999999999997,1.925,0.6666666666666666,4.990833333333334,5.400000000000001
staggered_center_heavy_6_centered_alt_high_value_center_compact_standard_train,P27,120,3.9166666666666665,4.0,1.0,9.308541666666667,6.825,0.0,16.133541666666666,18.707692307692305
staggered_center_heavy_6_centered_alt_high_value_center_compact_standard_train,P28,120,2.4583333333333335,3.0,1.0,5.593125,3.6416666666666666,0.0,9.234791666666666,16.345833333333335
staggered_center_heavy_6_centered_alt_high_value_center_compact_standard_train,P30,120,2.1,3.2051282051282053,0.975,3.3370833333333336,2.4916666666666667,0.0,5.82875,11.703571428571427
staggered_center_heavy_6_centered_alt_high_value_center_compact_standard_eval,P03,120,3.95,4.0,1.0,6.7650000000000015,3.95,0.075,10.729999999999999,10.929587155963302
staggered_center_heavy_6_centered_alt_high_value_center_compact_standard_eval,P08,120,3.158333333333333,4.0,1.0,4.17,2.808333333333333,0.425,7.0633333333333335,9.325
staggered_center_heavy_6_centered_alt_high_value_center_compact_standard_eval,P10,120,0.4083333333333333,1.065217391304348,0.38333333333333336,0.939375,0.4666666666666667,0.0,1.4060416666666666,3.7912790697674406
staggered_center_heavy_6_centered_alt_high_value_center_compact_standard_eval,P12,120,3.425,4.0,1.0,4.360625000000001,3.0833333333333335,0.44166666666666665,7.532291666666667,9.325
staggered_center_heavy_6_centered_alt_high_value_center_compact_standard_eval,P13,120,1.5166666666666666,2.0307692307692307,0.9583333333333334,0.9391666666666668,1.0333333333333334,0.48333333333333334,2.069166666666667,2.355384615384615
staggered_center_heavy_6_centered_alt_high_value_center_compact_standard_eval,P14,120,3.941666666666667,4.0,1.0,5.871666666666667,4.458333333333333,0.13333333333333333,10.356666666666664,13.762499999999998
staggered_center_heavy_6_centered_alt_high_value_center_compact_standard_eval,P20,120,3.8833333333333333,4.0,1.0,4.117500000000001,2.9916666666666667,0.8916666666666667,7.287500000000002,7.325000000000003
staggered_center_heavy_6_centered_alt_high_value_center_compact_standard_eval,P23,120,1.7833333333333334,3.0588235294117645,0.925,1.67875,1.5833333333333333,0.21666666666666667,3.3054166666666664,6.512499999999999
staggered_center_heavy_6_centered_alt_high_value_center_compact_standard_eval,P26,120,2.575,3.0757575757575757,1.0,2.2529166666666662,2.3666666666666667,0.4166666666666667,4.702916666666666,5.950000000000002
staggered_center_heavy_6_centered_alt_high_value_center_compact_standard_eval,P29,120,1.775,3.0714285714285716,0.9583333333333334,4.162916666666667,2.4583333333333335,0.0,6.621250000000001,11.494642857142859
staggered_center_heavy_6_centered_alt_high_value_center_compact_loose_train,P01,120,3.1166666666666667,4.0,1.0,1.7700000000000002,1.9666666666666666,1.15,3.9666666666666672,4.2
staggered_center_heavy_6_centered_alt_high_value_center_compact_loose_train,P02,120,3.183333333333333,4.0,1.0,2.1275,1.975,1.2083333333333333,4.344166666666666,7.207692307692307
staggered_center_heavy_6_centered_alt_high_value_center_compact_loose_train,P04,120,2.2,3.129032258064516,1.0,2.2993750000000004,1.2083333333333333,0.9916666666666667,3.7060416666666662,5.296428571428573
staggered_center_heavy_6_centered_alt_high_value_center_compact_loose_train,P05,120,2.05,3.0,0.9916666666666667,1.8708333333333333,1.8583333333333334,0.19166666666666668,3.7675,4.331818181818182
staggered_center_heavy_6_centered_alt_high_value_center_compact_loose_train,P06,120,3.6416666666666666,4.0,1.0,4.4624999999999995,2.0416666666666665,1.6,6.824166666666669,6.929938271604942
staggered_center_heavy_6_centered_alt_high_value_center_compact_loose_train,P07,120,1.5333333333333334,2.1129032258064515,0.9583333333333334,0.8625000000000003,0.9583333333333334,0.575,1.9358333333333335,2.12258064516129
staggered_center_heavy_6_centered_alt_high_value_center_compact_loose_train,P09,120,2.7416666666666667,4.0,1.0,1.89375,1.8583333333333334,0.8833333333333333,3.92875,5.040384615384616
staggered_center_heavy_6_centered_alt_high_value_center_compact_loose_train,P11,120,1.8166666666666667,2.031578947368421,1.0,1.8324999999999996,1.925,0.041666666666666664,3.7658333333333327,3.9054054054054035
staggered_center_heavy_6_centered_alt_high_value_center_compact_loose_train,P15,120,1.25,2.0,1.0,2.0962500000000004,1.45,0.14166666666666666,3.5745833333333326,5.375
staggered_center_heavy_6_centered_alt_high_value_center_compact_loose_train,P16,120,3.425,4.0,1.0,1.3599999999999999,1.2333333333333334,2.191666666666667,3.0316666666666663,5.400000000000001
staggered_center_heavy_6_centered_alt_high_value_center_compact_loose_train,P17,120,3.9166666666666665,4.0,1.0,6.7925,5.975,0.0,12.7675,14.450000000000001
staggered_center_heavy_6_centered_alt_high_value_center_compact_loose_train,P18,120,3.9166666666666665,4.0,1.0,2.9068749999999994,3.0,0.925,6.091875,6.233254716981132
staggered_center_heavy_6_centered_alt_high_value_center_compact_loose_train,P19,120,3.9166666666666665,4.0,1.0,4.548750000000001,4.616666666666666,0.008333333333333333,9.167083333333334,9.950000000000003
staggered_center_heavy_6_centered_alt_high_value_center_compact_loose_train,P21,120,3.9166666666666665,4.0,1.0,3.6524999999999994,2.625,1.2916666666666667,6.5358333333333345,7.29927536231884
staggered_center_heavy_6_centered_alt_high_value_center_compact_loose_train,P22,120,1.4,2.0172413793103448,0.9083333333333333,2.1675,1.275,0.125,3.4675000000000002,5.004545454545454
staggered_center_heavy_6_centered_alt_high_value_center_compact_loose_train,P24,120,2.966666666666667,4.0,1.0,4.802708333333333,2.5083333333333333,0.48333333333333334,7.407708333333334,8.747222222222224
staggered_center_heavy_6_centered_alt_high_value_center_compact_loose_train,P25,120,2.783333333333333,4.0,1.0,2.5050000000000003,1.45,1.3333333333333333,4.221666666666667,5.400000000000001
staggered_center_heavy_6_centered_alt_high_value_center_compact_loose_train,P27,120,3.9166666666666665,4.0,1.0,8.060625,5.6,0.016666666666666666,13.663958333333333,16.981
staggered_center_heavy_6_centered_alt_high_value_center_compact_loose_train,P28,120,1.275,2.0,0.9666666666666667,5.319166666666667,3.15,0.0,8.469166666666668,13.699999999999998
staggered_center_heavy_6_centered_alt_high_value_center_compact_loose_train,P30,120,1.225,2.051282051282051,0.8833333333333333,3.1824999999999997,1.5916666666666666,0.0,4.774166666666667,9.25735294117647
staggered_center_heavy_6_centered_alt_high_value_center_compact_loose_eval,P03,120,2.6083333333333334,4.0,0.9833333333333333,5.25,2.7083333333333335,0.2,7.998333333333335,8.975
staggered_center_heavy_6_centered_alt_high_value_center_compact_loose_eval,P08,120,3.1416666666666666,4.0,1.0,4.641875000000001,3.316666666666667,0.2,7.998541666666667,9.325
staggered_center_heavy_6_centered_alt_high_value_center_compact_loose_eval,P10,120,3.1333333333333333,4.0,1.0,4.291874999999999,2.8833333333333333,0.35833333333333334,7.246875,7.625000000000002
staggered_center_heavy_6_centered_alt_high_value_center_compact_loose_eval,P12,120,3.1333333333333333,4.0,1.0,1.9306249999999996,1.9666666666666666,1.1666666666666667,4.130625,4.467
staggered_center_heavy_6_centered_alt_high_value_center_compact_loose_eval,P13,120,1.4583333333333333,2.142857142857143,0.9916666666666667,1.3674999999999997,1.2083333333333333,0.25,2.625833333333333,5.053846153846153
staggered_center_heavy_6_centered_alt_high_value_center_compact_loose_eval,P14,120,3.8916666666666666,4.0,1.0,5.3384374999999995,3.8833333333333333,0.225,9.266770833333332,11.495833333333334
staggered_center_heavy_6_centered_alt_high_value_center_compact_loose_eval,P20,120,3.95,4.0,1.0,4.11,2.9833333333333334,0.9666666666666667,7.286666666666668,7.325000000000003
staggered_center_heavy_6_centered_alt_high_value_center_compact_loose_eval,P23,120,1.6166666666666667,3.0454545454545454,0.9166666666666666,1.7220833333333332,1.3416666666666666,0.2833333333333333,3.120416666666667,5.443478260869567
staggered_center_heavy_6_centered_alt_high_value_center_compact_loose_eval,P26,120,0.9833333333333333,1.0,0.9833333333333333,3.8387499999999997,2.7083333333333335,0.0,6.547083333333334,7.125
staggered_center_heavy_6_centered_alt_high_value_center_compact_loose_eval,P29,120,1.8916666666666666,3.2222222222222223,0.9583333333333334,3.026666666666667,2.175,0.0,5.201666666666667,11.575000000000001
staggered_center_heavy_6_centered_alt_high_value_center_standard_compact_train,P01,120,3.9166666666666665,4.0,1.0,6.757500000000001,4.875,0.0,11.632499999999999,12.030769230769229
staggered_center_heavy_6_centered_alt_high_value_center_standard_compact_train,P02,120,1.4333333333333333,2.0,1.0,3.26125,1.8333333333333333,0.08333333333333333,5.111249999999999,8.775000000000002
staggered_center_heavy_6_centered_alt_high_value_center_standard_compact_train,P04,120,2.191666666666667,3.057142857142857,1.0,3.859166666666667,2.975,0.058333333333333334,6.845833333333333,9.0
staggered_center_heavy_6_centered_alt_high_value_center_standard_compact_train,P05,120,1.1833333333333333,2.0,0.9833333333333333,3.175,1.725,0.03333333333333333,4.906666666666667,5.45
staggered_center_heavy_6_centered_alt_high_value_center_standard_compact_train,P06,120,3.816666666666667,4.0,1.0,3.4635416666666674,2.283333333333333,1.5333333333333334,6.053541666666665,7.33951612903226
staggered_center_heavy_6_centered_alt_high_value_center_standard_compact_train,P07,120,2.2916666666666665,3.13953488372093,1.0,5.69125,3.316666666666667,0.008333333333333333,9.009583333333333,11.184459459459458
staggered_center_heavy_6_centered_alt_high_value_center_standard_compact_train,P09,120,3.9166666666666665,4.0,1.0,6.126875,4.8,0.016666666666666666,10.930208333333333,13.274999999999999
staggered_center_heavy_6_centered_alt_high_value_center_standard_compact_train,P11,120,3.033333333333333,4.0,1.0,2.763750000000001,2.825,0.2833333333333333,5.645416666666665,6.485000000000002
staggered_center_heavy_6_centered_alt_high_value_center_standard_compact_train,P15,120,3.175,4.0,1.0,2.6737499999999996,1.925,1.25,4.848750000000001,5.779166666666666
staggered_center_heavy_6_centered_alt_high_value_center_standard_compact_train,P16,120,2.3583333333333334,3.0392156862745097,1.0,2.1000000000000005,1.0,1.3583333333333334,3.3716666666666657,3.5078431372549015
staggered_center_heavy_6_centered_alt_high_value_center_standard_compact_train,P17,120,3.1333333333333333,4.0,1.0,5.620833333333334,4.483333333333333,0.03333333333333333,10.110833333333334,13.239473684210529
staggered_center_heavy_6_centered_alt_high_value_center_standard_compact_train,P18,120,3.9166666666666665,4.0,1.0,4.23,4.15,0.025,8.384999999999998,10.0
staggered_center_heavy_6_centered_alt_high_value_center_standard_compact_train,P19,120,3.783333333333333,4.0,1.0,2.9337500000000007,3.066666666666667,0.7416666666666667,6.148749999999999,8.011764705882355
staggered_center_heavy_6_centered_alt_high_value_center_standard_compact_train,P21,120,3.4,4.0,1.0,4.182500000000001,2.9833333333333334,0.4666666666666667,7.259166666666668,7.577884615384613
staggered_center_heavy_6_centered_alt_high_value_center_standard_compact_train,P22,120,2.0416666666666665,3.032258064516129,0.975,3.0412499999999993,2.25,0.15833333333333333,5.322916666666668,7.126500000000001
staggered_center_heavy_6_centered_alt_high_value_center_standard_compact_train,P24,120,2.7333333333333334,3.107142857142857,1.0,4.94875,2.7583333333333333,0.18333333333333332,7.743750000000001,10.425
staggered_center_heavy_6_centered_alt_high_value_center_standard_compact_train,P25,120,1.7666666666666666,3.076923076923077,0.9916666666666667,1.7374999999999996,1.7083333333333333,0.2916666666666667,3.504166666666666,7.5307692307692315
staggered_center_heavy_6_centered_alt_high_value_center_standard_compact_train,P27,120,3.875,4.0,1.0,8.044270833333334,6.058333333333334,0.008333333333333333,14.104270833333334,16.87083333333334
staggered_center_heavy_6_centered_alt_high_value_center_standard_compact_train,P28,120,1.9416666666666667,3.0454545454545454,1.0,4.445416666666666,2.1,0.008333333333333333,6.547083333333334,9.890384615384617
staggered_center_heavy_6_centered_alt_high_value_center_standard_compact_train,P30,120,1.8333333333333333,2.096774193548387,0.9833333333333333,5.916666666666667,3.908333333333333,0.0,9.825,15.475
staggered_center_heavy_6_centered_alt_high_value_center_standard_compact_eval,P03,120,2.2333333333333334,3.0714285714285716,0.9916666666666667,3.95875,2.841666666666667,0.041666666666666664,6.80875,7.13076923076923
staggered_center_heavy_6_centered_alt_high_value_center_standard_compact_eval,P08,120,1.55,2.0303030303030303,0.9833333333333333,3.3362500000000006,2.15,0.125,5.5112499999999995,7.125
staggered_center_heavy_6_centered_alt_high_value_center_standard_compact_eval,P10,120,3.05,4.0,1.0,2.098333333333334,2.0,1.05,4.308333333333334,4.67
staggered_center_heavy_6_centered_alt_high_value_center_standard_compact_eval,P12,120,3.408333333333333,4.0,1.0,6.050624999999999,4.816666666666666,0.008333333333333333,10.868958333333332,11.310858585858583
staggered_center_heavy_6_centered_alt_high_value_center_standard_compact_eval,P13,120,3.433333333333333,4.0,1.0,2.3225,2.466666666666667,0.9666666666666667,4.982499999999999,6.127586206896551
staggered_center_heavy_6_centered_alt_high_value_center_standard_compact_eval,P14,120,3.95,4.0,1.0,6.326770833333332,4.141666666666667,0.20833333333333334,10.510104166666666,11.730965909090912
staggered_center_heavy_6_centered_alt_high_value_center_standard_compact_eval,P20,120,3.091666666666667,4.0,1.0,4.172499999999999,2.941666666666667,0.38333333333333336,7.190833333333334,7.475000000000001
staggered_center_heavy_6_centered_alt_high_value_center_standard_compact_eval,P23,120,2.3833333333333333,3.1272727272727274,0.9833333333333333,3.4281250000000005,2.908333333333333,0.10833333333333334,6.358125000000001,10.505555555555555
staggered_center_heavy_6_centered_alt_high_value_center_standard_compact_eval,P26,120,1.8833333333333333,2.0,0.9916666666666667,1.6950000000000003,1.8833333333333333,0.0,3.5783333333333323,3.8
staggered_center_heavy_6_centered_alt_high_value_center_standard_compact_eval,P29,120,2.066666666666667,3.0588235294117645,0.9916666666666667,4.2625,2.225,0.0,6.4875,10.765384615384617
staggered_center_heavy_6_centered_alt_high_value_center_standard_standard_train,P01,120,1.275,2.051282051282051,0.9333333333333333,3.0868750000000005,1.7666666666666666,0.03333333333333333,4.8602083333333335,5.468250000000003
staggered_center_heavy_6_centered_alt_high_value_center_standard_standard_train,P02,120,3.158333333333333,4.0,1.0,1.6675000000000004,1.8416666666666666,1.3166666666666667,3.7725000000000004,4.2783783783783775
staggered_center_heavy_6_centered_alt_high_value_center_standard_standard_train,P04,120,3.9,4.0,1.0,3.230000000000001,2.033333333333333,1.8666666666666667,5.636666666666666,5.662962962962964
staggered_center_heavy_6_centered_alt_high_value_center_standard_standard_train,P05,120,0.2833333333333333,1.0,0.2833333333333333,0.255,0.2833333333333333,0.0,0.5383333333333333,1.9
staggered_center_heavy_6_centered_alt_high_value_center_standard_standard_train,P06,120,3.0416666666666665,4.0,1.0,3.3506250000000004,1.5583333333333333,1.4833333333333334,5.205625,7.067857142857144
staggered_center_heavy_6_centered_alt_high_value_center_standard_standard_train,P07,120,2.966666666666667,4.0,1.0,3.259375,1.775,1.1916666666666667,5.272708333333333,5.926562499999999
staggered_center_heavy_6_centered_alt_high_value_center_standard_standard_train,P09,120,2.925,4.0,1.0,4.761250000000001,3.4833333333333334,0.10833333333333334,8.266250000000001,9.617307692307692
staggered_center_heavy_6_centered_alt_high_value_center_standard_standard_train,P11,120,2.0,3.0,0.9916666666666667,1.7433333333333332,1.9,0.2833333333333333,3.6999999999999997,5.8034482758620705
staggered_center_heavy_6_centered_alt_high_value_center_standard_standard_train,P15,120,3.375,4.0,1.0,2.9,1.6,1.775,4.855000000000001,5.895588235294119
staggered_center_heavy_6_centered_alt_high_value_center_standard_standard_train,P16,120,0.75,1.0714285714285714,0.7,1.6174999999999997,1.375,0.016666666666666666,2.9958333333333327,6.8999999999999995
staggered_center_heavy_6_centered_alt_high_value_center_standard_standard_train,P17,120,3.1083333333333334,4.0,1.0,4.604375,3.566666666666667,0.1,8.191041666666667,9.267028985507245
staggered_center_heavy_6_centered_alt_high_value_center_standard_standard_train,P18,120,2.9,4.0,0.9916666666666667,1.9425000000000001,2.075,0.825,4.1825,6.05
staggered_center_heavy_6_centered_alt_high_value_center_standard_standard_train,P19,120,3.9166666666666665,4.0,1.0,3.6024999999999996,3.7,0.30833333333333335,7.364166666666668,7.922619047619047
staggered_center_heavy_6_centered_alt_high_value_center_standard_standard_train,P21,120,3.908333333333333,4.0,1.0,4.970000000000001,3.7333333333333334,0.21666666666666667,8.746666666666666,9.25
staggered_center_heavy_6_centered_alt_high_value_center_standard_standard_train,P22,120,1.675,3.0,0.95,2.2975,1.5166666666666666,0.16666666666666666,3.8475000000000006,5.48421052631579
staggered_center_heavy_6_centered_alt_high_value_center_standard_standard_train,P24,120,3.216666666666667,4.0,1.0,5.081041666666667,2.775,0.4583333333333333,7.947708333333335,9.086428571428574
staggered_center_heavy_6_centered_alt_high_value_center_standard_standard_train,P25,120,1.6,2.142857142857143,0.9333333333333333,2.2899999999999996,1.5,0.11666666666666667,3.8133333333333335,5.483333333333334
staggered_center_heavy_6_centered_alt_high_value_center_standard_standard_train,P27,120,3.9166666666666665,4.0,1.0,8.059895833333336,5.816666666666666,0.0,13.8765625,16.89910714285714
staggered_center_heavy_6_centered_alt_high_value_center_standard_standard_train,P28,120,2.533333333333333,3.0,1.0,5.8914583333333335,3.783333333333333,0.0,9.674791666666666,14.940476190476188
staggered_center_heavy_6_centered_alt_high_value_center_standard_standard_train,P30,120,2.0,3.0,0.9833333333333333,2.6645833333333333,2.1416666666666666,0.0,4.80625,9.120833333333334
staggered_center_heavy_6_centered_alt_high_value_center_standard_standard_eval,P03,120,3.95,4.0,1.0,6.8362500000000015,4.608333333333333,0.025,11.449583333333331,12.036858974358978
staggered_center_heavy_6_centered_alt_high_value_center_standard_standard_eval,P08,120,3.6416666666666666,4.0,1.0,5.211875000000002,3.908333333333333,0.10833333333333334,9.141875,9.489423076923078
staggered_center_heavy_6_centered_alt_high_value_center_standard_standard_eval,P10,120,0.8,1.0212765957446808,0.7833333333333333,1.8512499999999998,0.8166666666666667,0.008333333333333333,2.6695833333333336,3.407978723404255
staggered_center_heavy_6_centered_alt_high_value_center_standard_standard_eval,P12,120,3.683333333333333,4.0,1.0,5.798125,4.566666666666666,0.025,10.369791666666664,11.225000000000001
staggered_center_heavy_6_centered_alt_high_value_center_standard_standard_eval,P13,120,1.5,2.016949152542373,1.0,1.8983333333333328,2.0,0.0,3.8983333333333325,3.982608695652172
staggered_center_heavy_6_centered_alt_high_value_center_standard_standard_eval,P14,120,3.95,4.0,1.0,6.594166666666666,4.208333333333333,0.23333333333333334,10.849166666666667,13.762499999999998
staggered_center_heavy_6_centered_alt_high_value_center_standard_standard_eval,P20,120,3.95,4.0,1.0,4.20875,2.9583333333333335,1.0,7.367083333333332,9.275000000000002
staggered_center_heavy_6_centered_alt_high_value_center_standard_standard_eval,P23,120,1.7666666666666666,2.1325301204819276,0.9833333333333333,1.69625,1.675,0.2,3.4112500000000003,6.445833333333334
staggered_center_heavy_6_centered_alt_high_value_center_standard_standard_eval,P26,120,3.95,4.0,1.0,4.375,3.4833333333333334,0.48333333333333334,7.954999999999999,9.125
staggered_center_heavy_6_centered_alt_high_value_center_standard_standard_eval,P29,120,1.4,2.0545454545454547,0.9166666666666666,3.786875,2.025,0.0,5.811875000000001,9.077702702702702
staggered_center_heavy_6_centered_alt_high_value_center_standard_loose_train,P01,120,0.5666666666666667,1.0303030303030303,0.55,0.4950000000000001,0.55,0.016666666666666666,1.0483333333333333,1.9060606060606062
staggered_center_heavy_6_centered_alt_high_value_center_standard_loose_train,P02,120,1.8083333333333333,3.0,1.0,2.325,1.9333333333333333,0.10833333333333334,4.28,7.099999999999998
staggered_center_heavy_6_centered_alt_high_value_center_standard_loose_train,P04,120,2.2916666666666665,3.0714285714285716,1.0,2.2008333333333336,1.0916666666666666,1.2,3.5324999999999998,3.995348837209302
staggered_center_heavy_6_centered_alt_high_value_center_standard_loose_train,P05,120,1.525,2.1379310344827585,0.975,1.2491666666666665,1.175,0.39166666666666666,2.5024999999999995,5.084210526315789
staggered_center_heavy_6_centered_alt_high_value_center_standard_loose_train,P06,120,3.7,4.0,1.0,4.405625,1.9916666666666667,1.7083333333333333,6.7389583333333345,6.825000000000004
staggered_center_heavy_6_centered_alt_high_value_center_standard_loose_train,P07,120,0.38333333333333336,1.0,0.38333333333333336,0.34500000000000003,0.38333333333333336,0.0,0.7283333333333334,1.9000000000000008
staggered_center_heavy_6_centered_alt_high_value_center_standard_loose_train,P09,120,2.658333333333333,3.0253164556962027,1.0,1.8943749999999997,1.925,0.7333333333333333,3.9660416666666665,4.217857142857141
staggered_center_heavy_6_centered_alt_high_value_center_standard_loose_train,P11,120,3.55,4.0,1.0,2.0874999999999995,2.2083333333333335,1.3416666666666666,4.564166666666667,6.0
staggered_center_heavy_6_centered_alt_high_value_center_standard_loose_train,P15,120,3.8,4.0,1.0,3.36625,1.9916666666666667,1.8083333333333333,5.719583333333334,5.7749999999999995
staggered_center_heavy_6_centered_alt_high_value_center_standard_loose_train,P16,120,3.1333333333333333,4.0,1.0,1.7625000000000002,1.9583333333333333,1.175,3.955833333333333,4.2
staggered_center_heavy_6_centered_alt_high_value_center_standard_loose_train,P17,120,3.158333333333333,4.0,1.0,4.479583333333334,3.775,0.075,8.269583333333333,10.350000000000005
staggered_center_heavy_6_centered_alt_high_value_center_standard_loose_train,P18,120,3.9166666666666665,4.0,1.0,4.7125,3.7,0.24166666666666667,8.460833333333333,9.125
staggered_center_heavy_6_centered_alt_high_value_center_standard_loose_train,P19,120,3.9166666666666665,4.0,1.0,3.4774999999999996,3.55,0.475,7.122500000000001,8.252459016393441
staggered_center_heavy_6_centered_alt_high_value_center_standard_loose_train,P21,120,3.9166666666666665,4.0,1.0,3.2812499999999996,2.125,1.7916666666666667,5.7645833333333325,7.4
staggered_center_heavy_6_centered_alt_high_value_center_standard_loose_train,P22,120,1.1833333333333333,2.066666666666667,0.9166666666666666,2.0575,1.075,0.10833333333333334,3.154166666666667,5.021052631578947
staggered_center_heavy_6_centered_alt_high_value_center_standard_loose_train,P24,120,2.7583333333333333,4.0,1.0,4.298125000000001,2.066666666666667,0.6916666666666667,6.503125,8.619117647058825
staggered_center_heavy_6_centered_alt_high_value_center_standard_loose_train,P25,120,1.9666666666666666,3.1,1.0,2.2350000000000003,1.15,0.8166666666666667,3.548333333333333,5.228571428571429
staggered_center_heavy_6_centered_alt_high_value_center_standard_loose_train,P27,120,3.8583333333333334,4.0,1.0,6.703333333333333,4.275,0.225,11.023333333333333,14.582692307692305
staggered_center_heavy_6_centered_alt_high_value_center_standard_loose_train,P28,120,1.1333333333333333,2.0555555555555554,0.975,4.74,2.875,0.0,7.615000000000001,11.589583333333332
staggered_center_heavy_6_centered_alt_high_value_center_standard_loose_train,P30,120,2.591666666666667,3.039473684210526,1.0,5.209583333333334,3.1666666666666665,0.0,8.37625,11.147340425531914
staggered_center_heavy_6_centered_alt_high_value_center_standard_loose_eval,P03,120,1.9083333333333334,2.0792079207920793,1.0,3.491250000000001,1.9666666666666666,0.09166666666666666,5.476250000000001,6.946153846153847
staggered_center_heavy_6_centered_alt_high_value_center_standard_loose_eval,P08,120,3.625,4.0,1.0,5.043125000000002,3.725,0.1,8.788125000000003,9.325000000000001
staggered_center_heavy_6_centered_alt_high_value_center_standard_loose_eval,P10,120,2.5083333333333333,3.015873015873016,1.0,3.5474999999999994,2.191666666666667,0.4083333333333333,5.820833333333335,7.275000000000002
staggered_center_heavy_6_centered_alt_high_value_center_standard_loose_eval,P12,120,2.308333333333333,3.0392156862745097,1.0,1.94125,1.9916666666666667,0.43333333333333335,4.019583333333333,5.872222222222222
staggered_center_heavy_6_centered_alt_high_value_center_standard_loose_eval,P13,120,0.6583333333333333,1.0394736842105263,0.6333333333333333,0.5700000000000001,0.6333333333333333,0.025,1.2083333333333333,1.9078947368421055
staggered_center_heavy_6_centered_alt_high_value_center_standard_loose_eval,P14,120,3.95,4.0,1.0,6.713645833333334,4.166666666666667,0.18333333333333332,10.916979166666666,12.602616279069771
staggered_center_heavy_6_centered_alt_high_value_center_standard_loose_eval,P20,120,3.808333333333333,4.0,1.0,2.6925000000000003,1.4083333333333334,2.4,4.5808333333333335,5.625
staggered_center_heavy_6_centered_alt_high_value_center_standard_loose_eval,P23,120,1.2,2.0,0.925,1.1525,1.0666666666666667,0.13333333333333333,2.245833333333333,5.0
staggered_center_heavy_6_centered_alt_high_value_center_standard_loose_eval,P26,120,1.7666666666666666,2.0,1.0,3.5356250000000005,2.3583333333333334,0.016666666666666666,5.897291666666666,7.125
staggered_center_heavy_6_centered_alt_high_value_center_standard_loose_eval,P29,120,1.1083333333333334,2.1176470588235294,0.7916666666666666,1.9552083333333334,1.3083333333333333,0.0,3.263541666666667,8.141666666666667
staggered_center_heavy_6_centered_alt_high_value_center_loose_compact_train,P01,120,2.075,3.1818181818181817,1.0,4.186875,2.4166666666666665,0.06666666666666667,6.6168749999999985,10.89921875
staggered_center_heavy_6_centered_alt_high_value_center_loose_compact_train,P02,120,0.975,1.054054054054054,0.925,2.83125,1.45,0.016666666666666666,4.284583333333333,5.4499999999999975
staggered_center_heavy_6_centered_alt_high_value_center_loose_compact_train,P04,120,3.7916666666666665,4.0,1.0,2.940833333333333,1.9916666666666667,1.8,5.292500000000001,5.502150537634407
staggered_center_heavy_6_centered_alt_high_value_center_loose_compact_train,P05,120,1.675,2.0384615384615383,1.0,2.565,1.0166666666666666,0.6583333333333333,3.7133333333333325,3.801282051282051
staggered_center_heavy_6_centered_alt_high_value_center_loose_compact_train,P06,120,3.9166666666666665,4.0,1.0,3.230000000000001,2.033333333333333,1.8833333333333333,5.64,5.661818181818184
staggered_center_heavy_6_centered_alt_high_value_center_loose_compact_train,P07,120,0.4666666666666667,1.0769230769230769,0.43333333333333335,1.2325000000000002,0.5833333333333334,0.0,1.8158333333333334,6.463461538461536
staggered_center_heavy_6_centered_alt_high_value_center_loose_compact_train,P09,120,3.1666666666666665,4.0,1.0,6.21625,4.941666666666666,0.0,11.157916666666665,13.275000000000002
staggered_center_heavy_6_centered_alt_high_value_center_loose_compact_train,P11,120,2.8583333333333334,4.0,1.0,2.645625000000001,2.7333333333333334,0.25833333333333336,5.430625,6.719642857142857
staggered_center_heavy_6_centered_alt_high_value_center_loose_compact_train,P15,120,1.975,3.0,1.0,3.1300000000000003,2.6333333333333333,0.041666666666666664,5.7716666666666665,8.150000000000002
staggered_center_heavy_6_centered_alt_high_value_center_loose_compact_train,P16,120,0.8083333333333333,2.0,0.6833333333333333,1.26875,0.7916666666666666,0.016666666666666666,2.06375,5.1499999999999995
staggered_center_heavy_6_centered_alt_high_value_center_loose_compact_train,P17,120,2.55,3.0,1.0,4.389166666666667,3.15,0.025,7.5441666666666665,9.225000000000001
staggered_center_heavy_6_centered_alt_high_value_center_loose_compact_train,P18,120,3.9166666666666665,4.0,1.0,4.06,3.85,0.4083333333333333,7.991666666666665,12.273076923076927
staggered_center_heavy_6_centered_alt_high_value_center_loose_compact_train,P19,120,3.9166666666666665,4.0,1.0,3.0349999999999993,2.816666666666667,1.1083333333333334,6.073333333333333,8.95
staggered_center_heavy_6_centered_alt_high_value_center_loose_compact_train,P21,120,3.9166666666666665,4.0,1.0,4.54,3.3916666666666666,0.5333333333333333,8.038333333333334,9.100000000000001
staggered_center_heavy_6_centered_alt_high_value_center_loose_compact_train,P22,120,1.8166666666666667,3.0714285714285716,0.9916666666666667,2.8970833333333332,2.125,0.06666666666666667,5.035416666666666,7.235526315789475
staggered_center_heavy_6_centered_alt_high_value_center_loose_compact_train,P24,120,2.683333333333333,3.049382716049383,1.0,5.299791666666666,3.15,0.10833333333333334,8.471458333333334,10.424999999999999
staggered_center_heavy_6_centered_alt_high_value_center_loose_compact_train,P25,120,2.2583333333333333,3.0434782608695654,1.0,2.417499999999999,2.575,0.03333333333333333,4.999166666666666,5.805714285714285
staggered_center_heavy_6_centered_alt_high_value_center_loose_compact_train,P27,120,3.308333333333333,4.0,1.0,5.8196875,4.016666666666667,0.08333333333333333,9.853020833333334,12.162946428571432
staggered_center_heavy_6_centered_alt_high_value_center_loose_compact_train,P28,120,1.8083333333333333,3.0,0.9916666666666667,4.152083333333333,2.05,0.0,6.202083333333333,9.397222222222222
staggered_center_heavy_6_centered_alt_high_value_center_loose_compact_train,P30,120,1.6083333333333334,2.1176470588235294,0.975,3.3533333333333335,2.3833333333333333,0.0,5.736666666666666,9.794230769230769
staggered_center_heavy_6_centered_alt_high_value_center_loose_compact_eval,P03,120,2.158333333333333,3.0,1.0,3.993125,2.8666666666666667,0.03333333333333333,6.866458333333332,7.125
staggered_center_heavy_6_centered_alt_high_value_center_loose_compact_eval,P08,120,1.825,2.0531914893617023,1.0,3.8325000000000005,2.675,0.008333333333333333,6.509166666666666,7.125
staggered_center_heavy_6_centered_alt_high_value_center_loose_compact_eval,P10,120,2.7,3.0617283950617282,1.0,3.259791666666666,3.25,0.08333333333333333,6.526458333333333,8.071527777777776
staggered_center_heavy_6_centered_alt_high_value_center_loose_compact_eval,P12,120,2.775,4.0,1.0,4.031875,2.875,0.19166666666666668,6.9452083333333325,9.277500000000003
staggered_center_heavy_6_centered_alt_high_value_center_loose_compact_eval,P13,120,2.675,4.0,1.0,2.5220833333333332,2.7,0.23333333333333334,5.268749999999999,6.493333333333333
staggered_center_heavy_6_centered_alt_high_value_center_loose_compact_eval,P14,120,3.95,4.0,1.0,5.602916666666666,3.1666666666666665,0.8333333333333334,8.936250000000001,10.582954545454548
staggered_center_heavy_6_centered_alt_high_value_center_loose_compact_eval,P20,120,3.85,4.0,1.0,4.358125,2.4166666666666665,1.4333333333333333,7.061458333333335,8.92228260869565
staggered_center_heavy_6_centered_alt_high_value_center_loose_compact_eval,P23,120,3.3333333333333335,4.0,1.0,3.3262500000000004,3.091666666666667,0.38333333333333336,6.494583333333333,9.253846153846155
staggered_center_heavy_6_centered_alt_high_value_center_loose_compact_eval,P26,120,2.8666666666666667,3.0,1.0,2.7806250000000006,2.8916666666666666,0.0,5.672291666666665,5.926904761904761
staggered_center_heavy_6_centered_alt_high_value_center_loose_compact_eval,P29,120,2.725,3.034090909090909,1.0,5.150625000000002,2.9,0.0,8.050625,11.687500000000002
staggered_center_heavy_6_centered_alt_high_value_center_loose_standard_train,P01,120,1.775,2.0930232558139537,0.9916666666666667,2.5587500000000003,1.025,0.75,3.7337499999999997,3.847674418604651
staggered_center_heavy_6_centered_alt_high_value_center_loose_standard_train,P02,120,0.4,1.0909090909090908,0.36666666666666664,0.575,0.45,0.0,1.025,3.973684210526315
staggered_center_heavy_6_centered_alt_high_value_center_loose_standard_train,P04,120,3.1416666666666666,4.0,1.0,3.2000000000000006,2.0,1.1416666666666666,5.428333333333334,5.599999999999999
staggered_center_heavy_6_centered_alt_high_value_center_loose_standard_train,P05,120,0.05,0.05,0.05,0.10499999999999998,0.05,0.0,0.15499999999999997,0.15499999999999997
staggered_center_heavy_6_centered_alt_high_value_center_loose_standard_train,P06,120,3.025,4.0,1.0,2.816875000000001,1.3083333333333333,1.7166666666666666,4.468541666666667,6.825000000000002
staggered_center_heavy_6_centered_alt_high_value_center_loose_standard_train,P07,120,3.625,4.0,1.0,3.600000000000001,2.0,1.625,5.924999999999999,6.0
staggered_center_heavy_6_centered_alt_high_value_center_loose_standard_train,P09,120,3.591666666666667,4.0,1.0,5.73875,4.516666666666667,0.016666666666666666,10.258749999999997,11.225000000000003
staggered_center_heavy_6_centered_alt_high_value_center_loose_standard_train,P11,120,2.1666666666666665,3.28125,1.0,1.7575000000000003,1.925,0.35833333333333334,3.754166666666666,5.889999999999999
staggered_center_heavy_6_centered_alt_high_value_center_loose_standard_train,P15,120,2.933333333333333,4.0,1.0,3.5643749999999996,2.35,0.5833333333333334,6.031041666666668,7.8500000000000005
staggered_center_heavy_6_centered_alt_high_value_center_loose_standard_train,P16,120,0.0,0.0,0.0,0.0,0.0,0.0,0.0,0.0
staggered_center_heavy_6_centered_alt_high_value_center_loose_standard_train,P17,120,2.441666666666667,3.0,1.0,3.6441666666666674,2.4,0.16666666666666666,6.0775,7.261363636363639
staggered_center_heavy_6_centered_alt_high_value_center_loose_standard_train,P18,120,3.125,4.0,1.0,3.23375,2.4916666666666667,0.6333333333333333,5.852083333333334,7.475
staggered_center_heavy_6_centered_alt_high_value_center_loose_standard_train,P19,120,3.9166666666666665,4.0,1.0,3.52375,3.1333333333333333,0.7916666666666666,6.815416666666666,8.949999999999998
staggered_center_heavy_6_centered_alt_high_value_center_loose_standard_train,P21,120,3.9166666666666665,4.0,1.0,4.0075,2.816666666666667,1.1,7.044166666666668,7.399999999999999
staggered_center_heavy_6_centered_alt_high_value_center_loose_standard_train,P22,120,1.2333333333333334,2.1777777777777776,0.7916666666666666,1.8099999999999998,1.1083333333333334,0.15,2.9483333333333333,5.217142857142856
staggered_center_heavy_6_centered_alt_high_value_center_loose_standard_train,P24,120,2.925,4.0,1.0,4.91125,2.658333333333333,0.3333333333333333,7.636250000000001,9.464130434782609
staggered_center_heavy_6_centered_alt_high_value_center_loose_standard_train,P25,120,0.8,2.0555555555555554,0.6416666666666667,1.1574999999999998,0.9416666666666667,0.016666666666666666,2.1024999999999996,5.584615384615384
staggered_center_heavy_6_centered_alt_high_value_center_loose_standard_train,P27,120,3.533333333333333,4.0,1.0,6.563333333333333,4.583333333333333,0.008333333333333333,11.148333333333332,14.795000000000003
staggered_center_heavy_6_centered_alt_high_value_center_loose_standard_train,P28,120,2.566666666666667,3.0,1.0,5.3568750000000005,3.3,0.0,8.656874999999998,13.855555555555556
staggered_center_heavy_6_centered_alt_high_value_center_loose_standard_train,P30,120,1.4666666666666666,2.125,0.9416666666666667,3.695625,2.2083333333333335,0.0,5.903958333333334,11.26346153846154
staggered_center_heavy_6_centered_alt_high_value_center_loose_standard_eval,P03,120,2.0083333333333333,3.0,1.0,4.61,2.775,0.008333333333333333,7.386666666666667,10.91296296296296
staggered_center_heavy_6_centered_alt_high_value_center_loose_standard_eval,P08,120,3.2333333333333334,4.0,1.0,4.293125,3.1333333333333333,0.2916666666666667,7.484791666666666,9.175000000000002
staggered_center_heavy_6_centered_alt_high_value_center_loose_standard_eval,P10,120,1.175,2.04,0.9583333333333334,3.615625,2.5,0.016666666666666666,6.1189583333333335,7.125
staggered_center_heavy_6_centered_alt_high_value_center_loose_standard_eval,P12,120,3.95,4.0,1.0,5.551875,4.533333333333333,0.041666666666666664,10.093541666666665,11.225000000000003
staggered_center_heavy_6_centered_alt_high_value_center_loose_standard_eval,P13,120,3.3916666666666666,4.0,1.0,2.4016666666666664,2.558333333333333,0.8333333333333334,5.126666666666666,6.0
staggered_center_heavy_6_centered_alt_high_value_center_loose_standard_eval,P14,120,3.95,4.0,1.0,5.395625,2.941666666666667,1.0666666666666667,8.550625,10.854166666666668
staggered_center_heavy_6_centered_alt_high_value_center_loose_standard_eval,P20,120,3.95,4.0,1.0,4.359375,2.975,0.975,7.529375000000002,7.602654867256639
staggered_center_heavy_6_centered_alt_high_value_center_loose_standard_eval,P23,120,1.8916666666666666,3.1,0.975,2.3312500000000003,2.45,0.075,4.79625,5.891891891891893
staggered_center_heavy_6_centered_alt_high_value_center_loose_standard_eval,P26,120,3.95,4.0,1.0,4.98375,3.8666666666666667,0.1,8.870416666666667,9.164805825242718
staggered_center_heavy_6_centered_alt_high_value_center_loose_standard_eval,P29,120,2.2916666666666665,3.019607843137255,0.9916666666666667,4.633750000000001,2.825,0.0,7.45875,10.754032258064518
staggered_center_heavy_6_centered_alt_high_value_center_loose_loose_train,P01,120,0.0,0.0,0.0,0.0,0.0,0.0,0.0,0.0
staggered_center_heavy_6_centered_alt_high_value_center_loose_loose_train,P02,120,1.9916666666666667,3.032258064516129,0.9916666666666667,2.1974999999999993,1.6583333333333334,0.4,3.935833333333333,5.716666666666665
staggered_center_heavy_6_centered_alt_high_value_center_loose_loose_train,P04,120,3.3666666666666667,4.0,1.0,3.099166666666667,1.9083333333333334,1.4583333333333333,5.2991666666666655,5.600000000000002
staggered_center_heavy_6_centered_alt_high_value_center_loose_loose_train,P05,120,2.4,3.06,1.0,1.7924999999999998,1.425,0.9833333333333333,3.414166666666667,5.220000000000001
staggered_center_heavy_6_centered_alt_high_value_center_loose_loose_train,P06,120,3.725,4.0,1.0,4.3862499999999995,1.9833333333333334,1.7416666666666667,6.717916666666668,6.825000000000002
staggered_center_heavy_6_centered_alt_high_value_center_loose_loose_train,P07,120,0.0,0.0,0.0,0.0,0.0,0.0,0.0,0.0
staggered_center_heavy_6_centered_alt_high_value_center_loose_loose_train,P09,120,2.475,3.175438596491228,1.0,2.4000000000000004,2.5,0.21666666666666667,4.943333333333333,5.879411764705884
staggered_center_heavy_6_centered_alt_high_value_center_loose_loose_train,P11,120,1.9833333333333334,3.0,1.0,2.4024999999999994,2.558333333333333,0.025,4.965833333333332,5.8
staggered_center_heavy_6_centered_alt_high_value_center_loose_loose_train,P15,120,2.783333333333333,4.0,1.0,2.618125,1.4,1.3833333333333333,4.294791666666667,7.757692307692308
staggered_center_heavy_6_centered_alt_high_value_center_loose_loose_train,P16,120,0.025,0.025,0.025,0.022500000000000003,0.025,0.0,0.047499999999999994,0.047499999999999994
staggered_center_heavy_6_centered_alt_high_value_center_loose_loose_train,P17,120,2.591666666666667,3.0,1.0,3.5306250000000006,2.283333333333333,0.35,5.883958333333334,7.225000000000002
staggered_center_heavy_6_centered_alt_high_value_center_loose_loose_train,P18,120,3.691666666666667,4.0,1.0,4.98625,3.7,0.2,8.72625,9.275000000000002
staggered_center_heavy_6_centered_alt_high_value_center_loose_loose_train,P19,120,3.325,4.0,1.0,3.4074999999999998,2.7416666666666667,0.675,6.284166666666667,9.246153846153844
staggered_center_heavy_6_centered_alt_high_value_center_loose_loose_train,P21,120,3.9166666666666665,4.0,1.0,4.76875,3.5416666666666665,0.44166666666666665,8.39875,9.25
staggered_center_heavy_6_centered_alt_high_value_center_loose_loose_train,P22,120,0.9666666666666667,2.230769230769231,0.8333333333333334,1.7800000000000002,0.8666666666666667,0.1,2.6666666666666665,3.8692307692307684
staggered_center_heavy_6_centered_alt_high_value_center_loose_loose_train,P24,120,2.7666666666666666,4.0,1.0,4.364583333333333,2.1,0.675,6.599583333333333,8.566666666666668
staggered_center_heavy_6_centered_alt_high_value_center_loose_loose_train,P25,120,1.3166666666666667,2.0789473684210527,0.975,2.0975000000000006,1.0416666666666667,0.3,3.199166666666667,3.6463414634146343
staggered_center_heavy_6_centered_alt_high_value_center_loose_loose_train,P27,120,3.466666666666667,4.0,1.0,8.229375,5.816666666666666,0.0,14.046041666666667,16.475000000000005
staggered_center_heavy_6_centered_alt_high_value_center_loose_loose_train,P28,120,1.1833333333333333,2.0,0.9833333333333333,4.522916666666666,2.691666666666667,0.0,7.2145833333333345,10.608333333333333
staggered_center_heavy_6_centered_alt_high_value_center_loose_loose_train,P30,120,1.75,2.1325301204819276,0.9666666666666667,3.63,2.033333333333333,0.0,5.663333333333333,9.73076923076923
staggered_center_heavy_6_centered_alt_high_value_center_loose_loose_eval,P03,120,2.4916666666666667,3.016949152542373,1.0,2.7150000000000003,1.1833333333333333,1.3083333333333333,4.16,5.550000000000001
staggered_center_heavy_6_centered_alt_high_value_center_loose_loose_eval,P08,120,3.933333333333333,4.0,1.0,5.395625,4.2,0.15833333333333333,9.627291666666668,11.225000000000003
staggered_center_heavy_6_centered_alt_high_value_center_loose_loose_eval,P10,120,2.425,3.0,1.0,3.5625000000000004,2.375,0.30833333333333335,5.999166666666666,7.125
staggered_center_heavy_6_centered_alt_high_value_center_loose_loose_eval,P12,120,3.125,4.0,1.0,2.6087500000000006,2.7333333333333334,0.475,5.437083333333333,6.050000000000001
staggered_center_heavy_6_centered_alt_high_value_center_loose_loose_eval,P13,120,0.5083333333333333,1.150943396226415,0.44166666666666665,0.4575000000000001,0.5083333333333333,0.0,0.9658333333333334,2.1867924528301894
staggered_center_heavy_6_centered_alt_high_value_center_loose_loose_eval,P14,120,3.95,4.0,1.0,5.760416666666668,3.2416666666666667,0.7833333333333333,9.158749999999998,10.965243902439026
staggered_center_heavy_6_centered_alt_high_value_center_loose_loose_eval,P20,120,3.5416666666666665,4.0,1.0,3.241875,1.8833333333333333,1.6583333333333334,5.456875,5.7749999999999995
staggered_center_heavy_6_centered_alt_high_value_center_loose_loose_eval,P23,120,0.7916666666666666,2.0,0.6916666666666667,0.8125000000000001,0.8333333333333334,0.008333333333333333,1.6475,4.387499999999999
staggered_center_heavy_6_centered_alt_high_value_center_loose_loose_eval,P26,120,2.533333333333333,3.0,1.0,3.4725000000000006,2.275,0.275,5.802499999999999,7.125
staggered_center_heavy_6_centered_alt_high_value_center_loose_loose_eval,P29,120,0.8,2.210526315789474,0.6083333333333333,1.6195833333333336,1.0,0.0,2.6195833333333334,7.734615384615385
