profile_id,name,belief_score,u_pos_x,u_pos_y,estimated_range_m,estimated_bearing_rad,estimated_convoy_heading_rad,estimated_convoy_speed_mps,estimated_contact_count,estimated_formation_width_m,estimated_formation_depth_m,estimated_contact_density_per_km2,estimated_aspect_rad,projected_target_span_m,bearing_alignment_error_rad,range_score,bearing_alignment_score,aspect_score,formation_span_score,contact_density_score,spread_score,contact_score,inside_score,uncertainty_score,inside_uncertainty_penalty,spawn_region,approach_side,inside_convoy_envelope,spread_rad,launch_delay_s,salvo_interval_s,u_boat_initial_speed_mps,candidate_source_label,selector_method,belief_rank
VAE000488,vae_candidate_000488,0.802244698238805,-1806.037353515625,2457.801025390625,2691.770136006625,-1.0109497865487573,0.10216056963580711,6.105387397874865,23,7877.607043917783,2924.4302619975206,0.998371680472457,-2.028482297405229,6104.345546983635,0.4301070158310407,0.9840362018480542,0.9544605663473487,0.8970774065162759,1.0,0.12479646005905712,0.8906122017707705,0.5476190476190477,0.0,0.2596466061104364,0.0,astern_vae,astern,False,0.05756428837776184,1.149762749671936,1.8791855573654175,1.8590456247329712,vae_candidate_pool_v1,belief_limited_heuristic_v1,1
VAE000318,vae_candidate_000318,0.7890078651982622,-1446.470703125,-2924.811279296875,3067.8291681420374,1.1183932750191226,-0.03427702555533838,4.893565445899487,18,8622.941909986217,2546.4027513585193,0.8197660905122088,1.9889223530153324,5828.367672922021,0.290972242803445,0.9191469893404761,0.9789827038353127,0.9138514689802091,1.0,0.1024707613140261,0.9999862020701865,0.42857142857142855,0.0,0.2708164737913189,0.0,astern_vae,astern,False,0.08759061992168427,1.9442353248596191,2.918389320373535,1.5000331401824951,vae_candidate_pool_v1,belief_limited_heuristic_v1,2
VAE000726,vae_candidate_000726,0.782840269719379,-2011.2392578125,-2405.94189453125,2899.2562251859868,0.8915138274765743,0.01428677971371587,4.854101027176104,23,8307.531255462098,2695.4998459235585,1.0271090143132597,2.2643656058269355,7383.643878063198,0.2562256521594143,0.9539743605516575,0.9836767019065717,0.768969128266983,1.0,0.12838862678915747,0.9843361212635294,0.5476190476190477,0.0,0.26561124556865173,0.0,astern_vae,astern,False,0.0763014554977417,0.7046844363212585,2.0254602432250977,1.3130804300308228,vae_candidate_pool_v1,belief_limited_heuristic_v1,3
VAE000544,vae_candidate_000544,0.7812952626541012,-1324.567626953125,1901.0302734375,2028.737815906166,-0.840911356403604,0.07810026601751734,6.040370871766637,21,9076.054513772802,2353.7502448668565,0.983018793440549,-2.2225810311686716,7376.828296603924,0.05826732302507909,0.9742806445229956,0.9991514698766678,0.7950024524665008,1.0,0.12287734918006862,0.9830573677356931,0.5,0.0,0.30323351079608013,0.0,astern_vae,astern,False,0.09867396205663681,1.2912765741348267,1.5037981271743774,1.647339105606079,vae_candidate_pool_v1,belief_limited_heuristic_v1,4
VAE000340,vae_candidate_000340,0.7806170924521181,1512.952880859375,1960.980712890625,2383.5080174595187,-2.1446239591054677,0.0906888368439757,6.176267330660769,8,9110.988645883283,3353.547886294626,0.26183033984897675,-0.9062798576403498,8258.514778535377,0.28036035113263114,0.999948586295621,0.9804778954220106,0.7872150602495567,1.0,0.03272879248112209,0.9957657297130138,0.19047619047619047,0.0,0.2510199215922855,0.0,ahead_vae,ahead,False,0.08158189803361893,0.8645036220550537,1.5079879760742188,1.9367353916168213,vae_candidate_pool_v1,belief_limited_heuristic_v1,5
VAE000281,vae_candidate_000281,0.7768433162234484,15.973388671875,2474.280517578125,2626.284698210118,-1.6133572281291646,-0.1712840928246631,5.479510320847659,22,8697.200268213455,3112.4454477544095,0.8127209631778007,-1.6995195182852916,4203.137179109579,0.2670903272882663,0.9903671563268979,0.9822714583600245,0.9917266034044416,1.0,0.10159012039722509,0.991349386679414,0.5238095238095238,1.0,0.25304643549494493,0.25304643549494493,inside_convoy_envelope,inside,True,0.07913228869438171,0.7572708129882812,2.9591245651245117,1.5363452434539795,vae_candidate_pool_v1,belief_limited_heuristic_v1,6
VAE000252,vae_candidate_000252,0.7761465116048838,1361.6988525390625,-2442.1279296875,2183.941003079024,2.0382956438981217,0.0012327205015814342,5.619146034673017,8,8832.137611471497,2259.4993583816613,0.400877736511125,1.104529730193253,5988.831978951041,0.3243723341683864,0.9912143431423349,0.9739254794729777,0.8932528779980696,1.0,0.05010971706389063,0.9740093606145142,0.19047619047619047,0.0,0.3048504657669332,0.0,ahead_vae,ahead,False,0.07310497760772705,0.7501074075698853,2.523634672164917,1.5570472478866577,vae_candidate_pool_v1,belief_limited_heuristic_v1,7
VAE000782,vae_candidate_000782,0.764588529313411,-1659.900390625,-1380.85107421875,1976.9855995698786,0.8045533093493142,-0.0407730853907562,5.031112651994793,16,8144.804128647981,2537.463249494101,0.7741757741564695,2.2962662588497222,7302.471399404781,0.14268046844868965,0.9667394024615932,0.9949191992198431,0.7481877107285778,1.0,0.09677197176955869,0.9845881109488821,0.38095238095238093,0.0,0.2956468374753487,0.0,astern_vae,astern,False,0.07639070600271225,1.971998929977417,1.965582013130188,1.1757681369781494,vae_candidate_pool_v1,belief_limited_heuristic_v1,8
VAE000606,vae_candidate_000606,0.7638033589060622,-2762.300048828125,2856.913818359375,2987.595151238934,-0.8453967964204185,-0.13664748655608952,4.563527995068471,26,9168.02064607297,2855.621886149111,0.9931093334414097,-2.432843343725464,8818.826892186778,0.26607792158911237,0.9368163024233271,0.9824048113019128,0.6508847857436986,1.0,0.12413866668017622,0.9982236989076838,0.6190476190476191,0.0,0.25622266142819644,0.0,astern_vae,astern,False,0.08358687907457352,0.8278619647026062,1.9960728883743286,1.931203842163086,vae_candidate_pool_v1,belief_limited_heuristic_v1,9
VAE000802,vae_candidate_000802,0.7635213289422242,124.3048095703125,3160.17333984375,2772.293742075207,-1.531560539365429,0.20166860948683132,5.444552698359009,26,8442.914123808456,2878.7328818628453,1.0697433799831362,-1.4083635047375327,4206.223148037138,0.15880413615565847,0.9741393894021917,0.9937085501506189,0.9868367693990798,1.0,0.13371792249789202,0.8291464449217021,0.6190476190476191,1.0,0.25926501361055093,0.25926501361055093,inside_convoy_envelope,inside,True,0.04949323832988739,2.2177531719207764,2.3420140743255615,1.8793737888336182,vae_candidate_pool_v1,belief_limited_heuristic_v1,10
VAE000175,vae_candidate_000175,0.7619365926303402,1284.07470703125,1746.240478515625,2279.1295772476574,-2.1956599871980425,-0.06169124322110016,5.07980249311245,11,7934.959169231111,2339.6805281499073,0.5925041930444785,-1.0076239096128508,6214.601117449333,0.464405477311296,0.9972420598222568,0.9470440025783828,0.8455657061369719,1.0,0.07406302413055982,0.8654733908903937,0.2619047619047619,0.0,0.29784552598689257,0.0,ahead_vae,ahead,False,0.05409617722034454,1.9934154748916626,1.9815623760223389,1.705193042755127,vae_candidate_pool_v1,belief_limited_heuristic_v1,11
VAE000678,vae_candidate_000678,0.761926336201789,1212.132568359375,1703.5421142578125,2186.6538094227158,-2.1838184660416524,-0.07322684391381998,3.851458478367432,15,8396.656062372313,1926.74311410759,0.9271736469850288,-1.0310010314619606,5968.335784506658,0.46576088569553487,0.9914326391549163,0.9467400542034042,0.8578139094293735,1.0,0.1158967058731286,0.922412857880212,0.35714285714285715,0.0,0.33397289471276864,0.0,ahead_vae,ahead,False,0.06246645003557205,2.123051166534424,2.945509910583496,1.2683733701705933,vae_candidate_pool_v1,belief_limited_heuristic_v1,12
VAE000072,vae_candidate_000072,0.7614748840171854,-1515.099365234375,3188.36865234375,3196.314790421325,-0.9598156927858146,0.12543145455378338,7.288075051158823,17,7874.142584726209,1899.3441778960434,1.1366898363928504,-2.0563455062501954,5354.631825501981,0.08746937443041969,0.887034914609124,0.9980884963261412,0.8844187836603733,1.0,0.1420862295491063,0.990594503215007,0.40476190476190477,0.0,0.32229686316121753,0.0,astern_vae,astern,False,0.09574973583221436,2.129211187362671,2.403029441833496,1.7425429821014404,vae_candidate_pool_v1,belief_limited_heuristic_v1,13
VAE000927,vae_candidate_000927,0.7610857083348992,1799.927001953125,-3501.79296875,3773.903494841928,1.8846775367591557,-0.06112755869044311,6.055185921002015,33,7478.42551000197,2885.362278883181,1.5293377821812044,1.195787558140194,5424.04516915007,0.04553707073239833,0.6998941003001732,0.99948168337275,0.9305044101592067,1.0,0.19116722277265055,0.9820233897556309,0.7857142857142857,0.0,0.24993774472434307,0.0,ahead_vae,ahead,False,0.07551294565200806,1.5952521562576294,1.9748671054840088,1.439711093902588,vae_candidate_pool_v1,belief_limited_heuristic_v1,14
VAE000805,vae_candidate_000805,0.7597149265707308,-2344.804931640625,2335.7763671875,3027.9958038828663,-0.6671144230470798,0.12738959294922816,5.143073074975673,14,8585.793205793976,2927.8537262280447,0.5569269521471863,-2.347088637593485,8104.61040212499,0.007278307026863717,0.9281594454437075,0.9999867566201684,0.7135161871020232,1.0,0.0696158690183983,0.9999744490892584,0.3333333333333333,0.0,0.25342964501337495,0.0,astern_vae,astern,False,0.08770757913589478,2.3751626014709473,1.538287878036499,1.358181118965149,vae_candidate_pool_v1,belief_limited_heuristic_v1,15
VAE000531,vae_candidate_000531,0.7595577287107866,1559.23046875,1515.3221435546875,2210.765574066563,-2.311477542793633,-0.09420079010526758,5.8291411827183115,12,8010.240803500209,2473.3026624565946,0.6057011650563615,-0.9243159009014276,6799.427264552376,0.49556258112182694,0.9932535467766853,0.9398506633785365,0.7982088618549013,1.0,0.07571264563204519,0.9344885064233351,0.2857142857142857,0.0,0.2914421990307831,0.0,ahead_vae,ahead,False,0.06455102562904358,1.1699893474578857,2.928011894226074,1.0706218481063843,vae_candidate_pool_v1,belief_limited_heuristic_v1,16
VAE000019,vae_candidate_000019,0.7587553652989931,2049.6728515625,2405.975830078125,3299.185784306604,-2.257327587705393,-0.10302014521089864,4.373952725324942,21,8709.960987214947,3134.2858354409504,0.7692446508712131,-0.9872852110952989,7414.484040368855,0.34755597786225034,0.8582651718605542,0.9701039781477805,0.8345333224978305,1.0,0.09615558135890163,0.8929594289484135,0.5,0.0,0.24266509735784605,0.0,ahead_vae,ahead,False,0.05790364742279053,2.2370660305023193,2.4891836643218994,1.3960999250411987,vae_candidate_pool_v1,belief_limited_heuristic_v1,17
VAE000083,vae_candidate_000083,0.7580931815216498,-2043.5712890625,1646.51123046875,2179.655123448565,-0.655923380019999,0.022579929167035863,5.472604564891029,18,7648.420562492227,2725.227082939194,0.8635709976062218,-2.4630893444027584,7664.82478210241,0.012517538070523027,0.9908639434646324,0.9999608283216475,0.627628534234125,1.0,0.10794637470077773,0.9623722174173617,0.42857142857142855,0.0,0.28029809008026463,0.0,astern_vae,astern,False,0.10435687750577927,0.6453913450241089,2.9410862922668457,1.8374005556106567,vae_candidate_pool_v1,belief_limited_heuristic_v1,18
VAE000757,vae_candidate_000757,0.7579248881003506,1872.967041015625,2362.686767578125,2657.92542993544,-2.2545512246291333,0.17559250745745883,5.27510525889362,16,8419.817311421793,3037.3615101161436,0.6256347009316943,-0.7114489215032012,8360.49980660564,0.1384681846158058,0.9875030297940756,0.9952142943343668,0.6529318932452395,1.0,0.07820433761646178,0.8767404381860281,0.38095238095238093,0.0,0.2553324285654765,0.0,ahead_vae,ahead,False,0.11891716718673706,2.0892868041992188,2.3794918060302734,1.0353667736053467,vae_candidate_pool_v1,belief_limited_heuristic_v1,19
VAE001065,vae_candidate_001065,0.7569658029354044,-2605.25927734375,3106.681884765625,3190.9905085295063,-0.8145706232686284,0.0523690937759713,5.964397687037353,16,7679.889550777945,2704.685716302527,0.7702792536950707,-2.2746529365451935,7032.059779207532,0.08518570791764424,0.8884531669474586,0.9981869455745176,0.7623520093197337,1.0,0.09628490671188383,0.9969521517071188,0.38095238095238093,0.0,0.26257745833797086,0.0,astern_vae,astern,False,0.09208788722753525,2.1447513103485107,1.5179572105407715,1.9217000007629395,vae_candidate_pool_v1,belief_limited_heuristic_v1,20
VAE000759,vae_candidate_000759,0.7551620903635003,2071.896484375,1405.9234619140625,2599.7938477740877,-2.5715721577278408,-0.21752769978916547,4.170191388957269,14,8233.443831252807,2404.3674875219585,0.7072055526607272,-0.7875481956511179,7513.189182744927,0.45339446117445803,0.9924825418642139,0.9494827219672312,0.7086254480526325,1.0,0.0884006940825909,0.9923543079983267,0.3333333333333333,0.0,0.2864404743133923,0.0,ahead_vae,ahead,False,0.09491165727376938,2.266312599182129,2.9314186573028564,1.804080843925476,vae_candidate_pool_v1,belief_limited_heuristic_v1,21
VAE001218,vae_candidate_001218,0.7547060421006531,469.57196044921875,-2328.4677734375,2483.677983504775,1.8647931203797519,0.022953167420304166,6.0156570199194315,20,8043.771468825783,3230.527693961321,0.769656256110121,1.2997527006303458,5266.203709401483,0.39882433426420194,0.9986772451920659,0.9607590915794115,0.9634920036620118,1.0,0.09620703201376513,0.8484603398801489,0.47619047619047616,1.0,0.2533267390515527,0.2533267390515527,inside_convoy_envelope,inside,True,0.05189049243927002,1.2797236442565918,2.961656093597412,1.2631051540374756,vae_candidate_pool_v1,belief_limited_heuristic_v1,22
VAE000032,vae_candidate_000032,0.7506383522708897,1964.702392578125,3025.489501953125,3333.8889837140337,-2.187235071311489,-0.10069001764023693,5.134479813821639,11,8938.372127219794,2640.718976575563,0.46602806058511753,-1.0550475999185411,6705.506912457278,0.27727134758085176,0.8480061281564856,0.9809029690479745,0.8699237043139764,1.0,0.05825350757313969,0.9873290219855494,0.2619047619047619,0.0,0.2626450597379634,0.0,ahead_vae,ahead,False,0.0774119421839714,2.0381019115448,2.4726336002349854,1.8470673561096191,vae_candidate_pool_v1,belief_limited_heuristic_v1,23
VAE000545,vae_candidate_000545,0.7481988349525306,-1934.873046875,1438.613525390625,2389.9738439616867,-0.6660282508890558,-0.08899075498665078,3.153490914821889,13,8408.59587732401,3206.6517138839454,0.4821343560166294,-2.564555157687388,8796.465091682809,0.022955834500456906,0.9999809975709256,0.9998682632008649,0.5455435115434686,1.0,0.060266794502078676,0.9984151508936204,0.30952380952380953,0.0,0.255799307793156,0.0,astern_vae,astern,False,0.09074193239212036,1.3485960960388184,2.4782192707061768,1.8035517930984497,vae_candidate_pool_v1,belief_limited_heuristic_v1,24
VAE000377,vae_candidate_000377,0.7478766288305172,-2314.308349609375,1912.3988037109375,2113.6023673200134,-0.6056986561314486,0.02008529063007318,5.574398293040632,20,7955.531886760148,2474.021381015032,1.0161488413691913,-2.5158087068282713,7897.107472124536,0.009335214756454602,0.9846141827470344,0.9999782135995803,0.5857328449942478,1.0,0.1270186051711489,0.9677016643000119,0.47619047619047616,0.0,0.29443219620560646,0.0,astern_vae,astern,False,0.10307866334915161,1.4691053628921509,2.032539129257202,1.1044363975524902,vae_candidate_pool_v1,belief_limited_heuristic_v1,25
VAE001143,vae_candidate_001143,0.7473321656864982,-1847.598876953125,1809.134033203125,2163.8998706295615,-0.6633318025511609,0.01647901941945498,5.461662813975016,19,7951.559275650091,2852.935139458423,0.8375474138036133,-2.4617818316191773,7977.347337764498,0.0007184184738832088,0.98951784439076,0.9999998709687297,0.6286459130929848,1.0,0.10469342672545166,0.7953970699461133,0.4523809523809524,0.0,0.2750250688728011,0.0,astern_vae,astern,False,0.04551387578248978,0.7309302687644958,2.44973087310791,1.7841825485229492,vae_candidate_pool_v1,belief_limited_heuristic_v1,26
VAE000766,vae_candidate_000766,0.74663073450168,-143.002197265625,-2080.208984375,2078.294087104667,1.5327465206364548,0.10268780550825449,5.936800802415423,10,7638.043822032139,3125.0868234860873,0.418943798933191,1.7115339384615933,4165.6033817774205,0.1257574948089788,0.9806259228215545,0.9960514710571572,0.9901127982187248,0.991810328994624,0.052367974866648875,0.9847210819774889,0.23809523809523808,1.0,0.26908419811566164,0.26908419811566164,inside_convoy_envelope,inside,True,0.09809483587741852,0.8582721948623657,2.0946741104125977,1.1107302904129028,vae_candidate_pool_v1,belief_limited_heuristic_v1,27
VAE000555,vae_candidate_000555,0.746174970997007,1346.78857421875,1852.3721923828125,2776.4512926701527,-2.2567250190600494,0.10889305007923693,6.742238119331793,10,7958.317336616041,2777.2977300013654,0.45243511877658554,-0.7759745844505068,7625.412243109877,0.04595795469210895,0.9735663174478519,0.9994720595333435,0.7004120065669556,1.0,0.05655438984707319,0.8094016191478249,0.23809523809523808,0.0,0.26416593838081687,0.0,ahead_vae,ahead,False,0.04713716730475426,0.7521714568138123,1.515702247619629,1.1901514530181885,vae_candidate_pool_v1,belief_limited_heuristic_v1,28
VAE000804,vae_candidate_000804,0.7446448086222229,-1282.576171875,3063.580078125,3382.161752414944,-1.2548867748522985,-0.07439083863824077,5.771552727743478,12,8424.774842291317,3322.179675991071,0.42874574808105975,-1.9610967173757354,6277.676871731521,0.5908736013683089,0.8333080229951548,0.9152271621663659,0.9247948131108301,1.0,0.05359321851013247,0.9153514953041377,0.2857142857142857,0.0,0.23637297931987233,0.0,astern_vae,astern,False,0.061313360929489136,0.7935072779655457,2.975417375564575,1.6415725946426392,vae_candidate_pool_v1,belief_limited_heuristic_v1,29
VAE000773,vae_candidate_000773,0.744198396912535,-1698.58349609375,-3394.697998046875,3270.2681776426925,1.0493623306592708,0.18911133552022757,4.6276961699269705,18,8451.269459945335,2317.3773419367512,0.9190810247454979,2.2813416584507498,7268.9037382570295,0.1541235034809881,0.8666071589925516,0.9940732324292728,0.7580062976551016,1.0,0.11488512809318724,0.986369345478663,0.42857142857142855,0.0,0.28337868051303394,0.0,astern_vae,astern,False,0.09748983383178711,1.132133960723877,2.9683988094329834,1.0641735792160034,vae_candidate_pool_v1,belief_limited_heuristic_v1,30
VAE000208,vae_candidate_000208,0.7433893111929645,2722.48876953125,-451.8807373046875,2708.0099628786024,2.7539439724255295,0.2819073270056012,5.562588728293311,19,7467.874859417207,2774.2432185519247,0.917090165055788,0.669556008169865,7577.341051906734,0.5560613089925108,0.9822259913261967,0.9246703560288777,0.6206379154249664,1.0,0.1146362706319735,0.9703496224507364,0.4523809523809524,0.0,0.2662450079647537,0.0,ahead_vae,ahead,False,0.0721265897154808,2.116325855255127,1.518356204032898,1.1451867818832397,vae_candidate_pool_v1,belief_limited_heuristic_v1,31
VAE000063,vae_candidate_000063,0.7431916237384047,-1379.863525390625,-1766.9124755859375,2607.9158554628816,0.9156027175649093,0.012533661934309624,3.5013439398025525,5,9093.396896267508,1827.0348279622444,0.30095185955857034,2.2385235979591935,7065.302707575795,0.21371384613968536,0.9918614644650842,0.9886249918483365,0.7852309730904354,1.0,0.03761898244482129,0.9516182509410662,0.11904761904761904,0.0,0.33626731028515255,0.0,astern_vae,astern,False,0.06783299893140793,1.3798717260360718,1.5104798078536987,1.2212483882904053,vae_candidate_pool_v1,belief_limited_heuristic_v1,32
VAE000995,vae_candidate_000995,0.7422080436904067,551.3719482421875,2318.94140625,2241.7685308924806,-1.8412219737031799,0.006374639443748257,4.865854129025949,20,8362.974299858013,2629.0651795936033,0.9096365037075406,-1.293996040442865,4814.415623452647,0.12056159551909484,0.9952782530184574,0.9963706247287434,0.9619347760232647,1.0,0.11370456296344257,0.8364401723913041,0.47619047619047616,1.0,0.28190956977497933,0.28190956977497933,inside_convoy_envelope,inside,True,0.12414625287055969,1.7994318008422852,1.5161569118499756,1.8145631551742554,vae_candidate_pool_v1,belief_limited_heuristic_v1,33
VAE001077,vae_candidate_001077,0.741921481672856,-2162.317626953125,1525.9185791015625,2859.6227973241116,-0.7027568309873836,0.18688778998999456,4.924354235715064,5,8322.595500909909,2319.8287172856058,0.25897348237148027,-2.2519480326124146,7042.794038677628,0.2747576634842823,0.9608524436105876,0.9812454875529919,0.7768480186308561,1.0,0.032371685296435034,0.8859912180829637,0.11904761904761904,0.0,0.2878957375610308,0.0,astern_vae,astern,False,0.05690472573041916,0.7337661385536194,1.922751545906067,1.0763393640518188,vae_candidate_pool_v1,belief_limited_heuristic_v1,34
VAE001132,vae_candidate_001132,0.7408405752521691,-1856.179931640625,3169.25146484375,3611.508704936411,-1.0373985190905184,-0.04928714900590674,5.820190360398253,26,8840.210453184936,2594.821955522932,1.1334521220765097,-2.1534812835051813,7031.129132169474,0.2304370468612268,0.7577073128572892,0.986783332578734,0.8349882161119215,1.0,0.1416815152595637,0.969384573421727,0.6190476190476191,0.0,0.2629095720524237,0.0,astern_vae,astern,False,0.10265455394983292,1.7497259378433228,2.9770076274871826,1.7745919227600098,vae_candidate_pool_v1,belief_limited_heuristic_v1,35
VAE000227,vae_candidate_000227,0.740718978493782,-1247.664306640625,1068.0352783203125,1875.4603474932685,-0.7488392648297844,-0.0035751903010166784,4.216528647829698,16,8571.92882544137,2964.70553127682,0.6295929592756196,-2.396328579061026,8310.148493051107,0.1445751606303868,0.9493177680057505,0.9947836013230441,0.6781659048055798,1.0,0.07869911990945246,0.8637705402670319,0.38095238095238093,0.0,0.2815785135803465,0.0,astern_vae,astern,False,0.05387086048722267,1.6176217794418335,1.9871273040771484,1.3654409646987915,vae_candidate_pool_v1,belief_limited_heuristic_v1,36
VAE000869,vae_candidate_000869,0.7404425843506163,-1903.510498046875,-1278.831298828125,2763.2201624569116,0.6306090686519551,0.042153779074032796,5.154833047291158,23,8442.7684517828,2131.5533677599155,1.2780467692316821,2.553137364011871,8205.863049845164,0.117466010137241,0.9753691170884076,0.9965543987932945,0.5550767969212955,1.0,0.15975584615396027,0.9553595134135394,0.5476190476190477,0.0,0.3035647217626935,0.0,astern_vae,astern,False,0.10591527819633484,0.7500594258308411,2.0237393379211426,1.5481723546981812,vae_candidate_pool_v1,belief_limited_heuristic_v1,37
VAE000243,vae_candidate_000243,0.7397374730293453,2238.35205078125,1214.87109375,2645.0873584669894,-2.544102067136648,-0.16336086365704794,5.807518583532859,5,7904.178298227911,2435.8306888620727,0.2596965488439899,-0.7608514501101932,7404.193230228422,0.4062117659731297,0.9887092502453099,0.9593121319809035,0.6895383570144569,1.0,0.03246206860549874,0.9999996713813767,0.11904761904761904,0.0,0.2841480498501216,0.0,ahead_vae,ahead,False,0.08721643686294556,0.800035297870636,2.9697659015655518,1.0525983572006226,vae_candidate_pool_v1,belief_limited_heuristic_v1,38
VAE000089,vae_candidate_000089,0.7387167012836325,1269.6495361328125,2517.448486328125,2976.6922004425005,-2.0418684335820436,0.1834717545980475,6.1121939133602226,5,8263.252894860827,2305.721640806504,0.2624291562744118,-0.916252465409702,6859.835460025516,0.3662941378933726,0.9390670364761015,0.9668305187269072,0.7933257066437317,1.0,0.03280364453430148,0.9316217922559102,0.11904761904761904,0.0,0.28748497371366305,0.0,ahead_vae,ahead,False,0.06404171884059906,2.364844799041748,1.9715983867645264,1.523587942123413,vae_candidate_pool_v1,belief_limited_heuristic_v1,39
VAE001055,vae_candidate_001055,0.7381257286205742,-2261.859130859375,1398.8355712890625,2934.5887119931085,-0.5935906263356959,-0.052541108301385156,5.099116766343515,17,8351.601871019477,3487.721250173435,0.5836296820906927,-2.6005431355554824,8955.032616086144,0.09267120563421616,0.9474097031333008,0.9978545479910748,0.5150358890598196,1.0,0.07295371026133658,0.9936415640570654,0.40476190476190477,0.0,0.23749975413998697,0.0,astern_vae,astern,False,0.09423617273569107,1.832947015762329,2.9715332984924316,1.4648610353469849,vae_candidate_pool_v1,belief_limited_heuristic_v1,40
VAE000949,vae_candidate_000949,0.7380359882322864,-1685.497802734375,-2545.252685546875,3060.3757952578094,1.0314525234801084,-0.025584621116793705,3.7787126472747206,18,8193.219553342882,1513.8443343041765,1.4512314867583411,2.084555508992891,5345.007273323208,0.4301860661198794,0.9208686742523683,0.9544440842040818,0.8709031981862431,1.0,0.18140393584479264,0.9341715801491227,0.42857142857142855,0.0,0.3797552665016124,0.0,astern_vae,astern,False,0.06449423730373383,1.3508321046829224,2.9290571212768555,1.6740671396255493,vae_candidate_pool_v1,belief_limited_heuristic_v1,41
VAE000546,vae_candidate_000546,0.736982806938065,-2390.34423828125,-2424.969482421875,3219.5620122363175,0.7387595693874611,-0.056825825162580695,5.8878117003578865,18,7065.416919927717,2508.7816312543046,1.0154811118962337,2.3460072590397516,6736.806456444618,0.225681181675927,0.8807583315038103,0.9873209524793372,0.7142734254813344,1.0,0.1269351389870292,0.9092576414604097,0.42857142857142855,0.0,0.27378737191215835,0.0,astern_vae,astern,False,0.060351189225912094,1.433372139930725,1.9001307487487793,1.0988274812698364,vae_candidate_pool_v1,belief_limited_heuristic_v1,42
VAE001091,vae_candidate_001091,0.7365592783844044,261.50244140625,2069.8974609375,2204.319065093567,-1.6184534419302783,-0.052836238651706655,5.310892383624208,8,8056.94593078159,3284.384274290855,0.30231909148300823,-1.5759754503112215,3326.067956936702,0.10063581517590703,0.9927877543378384,0.997470244280142,0.99998658836978,0.7919209421277862,0.03778988643537603,0.994881060399858,0.19047619047619047,1.0,0.259455961528278,0.259455961528278,inside_convoy_envelope,inside,True,0.09351810812950134,0.8803181052207947,2.317575693130493,1.786739706993103,vae_candidate_pool_v1,belief_limited_heuristic_v1,43
VAE000930,vae_candidate_000930,0.7361541367556126,-254.8070068359375,-3284.653076171875,2482.197522127021,1.5317503314687375,0.0677535289666933,3.6320371665628555,20,8159.154535239383,2538.0791344436766,0.9657832702832205,1.6775958510877491,3393.3562745107492,0.33219124945105927,0.9987236068442802,0.9726650068716027,0.9943023495778439,0.807941970121607,0.12072290878540257,0.9720602097827052,0.47619047619047616,1.0,0.2809944444144958,0.2809944444144958,inside_convoy_envelope,inside,True,0.07257623970508575,0.6709985733032227,2.9577322006225586,1.1978579759597778,vae_candidate_pool_v1,belief_limited_heuristic_v1,44
VAE000079,vae_candidate_000079,0.7359494057172501,1687.8837890625,2897.41357421875,3393.8472007077703,-2.1336158425173717,0.13343472978814727,5.396810681150629,20,8569.22391411454,3138.0934141266193,0.7437425648153316,-0.8745420812842741,7903.558726448893,0.317343649189318,0.829678607520807,0.9750338336213608,0.7672498973152863,1.0,0.09296782060191645,0.8654864228052994,0.47619047619047616,0.0,0.2417813234312913,0.0,ahead_vae,ahead,False,0.05409790575504303,1.9640393257141113,1.866518259048462,1.5195598602294922,vae_candidate_pool_v1,belief_limited_heuristic_v1,45
VAE000661,vae_candidate_000661,0.7358973014409126,-1611.639404296875,1325.8236083984375,1956.3271431681374,-0.5554488190882592,0.17925120312353396,6.682634674312524,10,8343.79516841333,2624.8138766603306,0.4566020453221124,-2.406892631378,7950.944311174409,0.23767529003331,0.9634729278838053,0.9859439696653949,0.6703645927206583,1.0,0.05707525566526405,0.9478916074980719,0.23809523809523808,0.0,0.2919088992423382,0.0,astern_vae,astern,False,0.10745410621166229,0.9342037439346313,2.4511752128601074,1.0888701677322388,vae_candidate_pool_v1,belief_limited_heuristic_v1,46
VAE000798,vae_candidate_000798,0.7355543713685637,-2476.326171875,2454.99365234375,3450.7346327442992,-0.7848516774567003,0.12495099116670151,5.307443528184548,12,7630.225962656612,2910.207448736549,0.5404056720308956,-2.231789984966391,6981.474563718306,0.13762703028359957,0.8116355809715011,0.9952721697712577,0.7893826130256003,1.0,0.06755070900386195,0.9997837361566069,0.2857142857142857,0.0,0.2511070194888846,0.0,astern_vae,astern,False,0.08598306030035019,2.3253259658813477,1.9127988815307617,1.5751850605010986,vae_candidate_pool_v1,belief_limited_heuristic_v1,47
VAE000317,vae_candidate_000317,0.7354435131609623,-0.08697509765625,-2315.433349609375,2449.3430226579612,1.6141479360488258,0.113751056774349,4.380330303118709,14,7664.401063543248,2856.0370463698773,0.6395668962409297,1.6411957743153167,3388.086610688841,0.30351408514577116,0.9995398537475958,0.9771460547367788,0.9975229821733018,0.8066872882592478,0.07994586203011621,0.9485628840759255,0.3333333333333333,1.0,0.2675775277887304,0.2675775277887304,inside_convoy_envelope,inside,True,0.0672127902507782,1.0784037113189697,1.524864673614502,1.1356093883514404,vae_candidate_pool_v1,belief_limited_heuristic_v1,48
VAE001130,vae_candidate_001130,0.7344708862199685,554.11669921875,3329.598876953125,3301.9041515567887,-1.7241798389784844,0.03884483614044727,5.1438746779091655,19,8753.510009242107,2867.226769832251,0.7570234374866792,-1.3785679784708615,4486.744141518516,0.16033387230683505,0.8574711940110834,0.9935870182079929,0.9815809539756495,1.0,0.0946279296858349,0.9957792316215692,0.4523809523809524,1.0,0.25260181327953335,0.25260181327953335,inside_convoy_envelope,inside,True,0.08159098774194717,1.631009817123413,1.50080406665802,1.1160590648651123,vae_candidate_pool_v1,belief_limited_heuristic_v1,49
VAE000455,vae_candidate_000455,0.7334749139857676,-2411.937744140625,-1962.3963623046875,3477.7544504624993,0.6749647677577243,-0.08881608282530232,7.398414251252133,22,7710.924011604262,3439.763268026759,0.8294452090787908,2.377811803006767,7948.167167356301,0.19941386106863784,0.8028594999748473,0.9900914286542768,0.6916570112332133,1.0,0.10368065113484885,0.984239906193511,0.5238095238095238,0.0,0.23340130048882257,0.0,astern_vae,astern,False,0.07626756280660629,1.4216772317886353,2.0637764930725098,1.78486967086792,vae_candidate_pool_v1,belief_limited_heuristic_v1,50
VAE000279,vae_candidate_000279,0.7330354256386316,2677.7998046875,2951.273681640625,3720.045373234272,-2.165168425027033,-0.34523413284863486,4.269407601893812,8,7666.46191619618,2976.247092975889,0.35061138969794037,-1.3216583614113948,4774.665475718755,0.13665289327537608,0.7193560619190487,0.9953387571435528,0.9691253324601964,1.0,0.043826423712242546,0.9690478671988798,0.19047619047619047,0.0,0.24631640872556537,0.0,ahead_vae,ahead,False,0.07179264724254608,1.4228384494781494,1.9480420351028442,1.6172479391098022,vae_candidate_pool_v1,belief_limited_heuristic_v1,51
VAE000382,vae_candidate_000382,0.7320629677773436,1425.00341796875,-1670.068359375,2373.5837534091847,2.307550932019025,0.0225327581369598,3.926110740475335,10,7909.99129119212,1672.0141602047966,0.7561083662711893,0.8565744797077282,6444.657971619744,0.4085241366942336,0.9998680960188198,0.9588540583300256,0.7556031831498157,1.0,0.09451354578389866,0.9274120470048607,0.23809523809523808,0.0,0.3621276624699966,0.0,ahead_vae,ahead,False,0.11122222989797592,1.9072394371032715,2.0105628967285156,1.2175428867340088,vae_candidate_pool_v1,belief_limited_heuristic_v1,52
VAE000416,vae_candidate_000416,0.7314608347558074,2386.65283203125,-1316.119384765625,2567.5462965622883,2.5468572562257155,0.037309029095793075,5.000645820602305,12,8123.531932683381,2548.2639714545194,0.5796848363631643,0.6320444264598708,8059.741892666564,0.49482691900472503,0.9947074838060981,0.9400254578030789,0.5907954783920749,1.0,0.07246060454539553,0.991442813293471,0.2857142857142857,0.0,0.27878310867629696,0.0,ahead_vae,ahead,False,0.07917652279138565,2.210925340652466,1.5172594785690308,1.0777822732925415,vae_candidate_pool_v1,belief_limited_heuristic_v1,53
VAE000402,vae_candidate_000402,0.7313803448847539,-2445.938720703125,-2519.542236328125,3317.782070293851,0.8008266784661812,0.08827795277247125,7.42718529971388,23,7903.841990251018,2917.1119573342403,0.9975541715853052,2.4290439278960836,7887.926236956924,0.3018547279581233,0.8528006391513312,0.9773933683322675,0.6537645081715545,1.0,0.12469427144816315,0.9404288356485704,0.5476190476190477,0.0,0.25158778561565404,0.0,astern_vae,astern,False,0.06563928723335266,1.9648782014846802,2.459500789642334,1.3925962448120117,vae_candidate_pool_v1,belief_limited_heuristic_v1,54
VAE001095,vae_candidate_001095,0.7298957599052512,-1773.182373046875,3092.3671875,3268.5775971465127,-1.2481295859526291,0.12209594116260873,3.7828283648351166,0,8060.791526870397,2490.50002654307,0.0,-1.7713671264745552,4046.5141956391944,0.3271962699375386,0.8670888673637509,0.9734735765737778,0.9799530177981677,0.9634557608664749,0.0,0.7353898740399337,0.0,0.0,0.27266533684312305,0.0,astern_vae,astern,False,0.03888631984591484,2.2520928382873535,1.504447340965271,1.6734877824783325,vae_candidate_pool_v1,belief_limited_heuristic_v1,55
VAE000442,vae_candidate_000442,0.7292413364629129,2364.912353515625,1444.1795654296875,2377.95760793077,-2.4749088124924463,0.14090601942434772,4.796629018717326,29,8210.888681391605,1931.0218537115738,1.8290292249308617,-0.5257778216729991,8071.028039400744,0.09033193979588372,0.9999081578948458,0.9979614219381128,0.5018859207033198,1.0,0.22862865311635772,0.8019961953403776,0.6904761904761905,0.0,0.3293395107613436,0.0,ahead_vae,ahead,False,0.128258615732193,1.5465682744979858,1.516982078552246,1.3683143854141235,vae_candidate_pool_v1,belief_limited_heuristic_v1,56
VAE000939,vae_candidate_000939,0.728645373429198,155.60525512695312,3297.132080078125,2971.3878540493743,-1.689278169998996,0.2152097204086357,5.057713458955896,6,8025.036647657854,2944.3710670733385,0.2539286387621312,-1.2371047631821614,5410.424437932146,0.2525492572208854,0.9401487069520812,0.9841392888621445,0.9448396746369347,1.0,0.0317410798452664,0.9873833884270605,0.14285714285714285,1.0,0.2543131617488282,0.2543131617488282,inside_convoy_envelope,inside,True,0.0970996841788292,1.8706629276275635,2.964224338531494,1.7122879028320312,vae_candidate_pool_v1,belief_limited_heuristic_v1,57
VAE001158,vae_candidate_001158,0.7278751136018361,2183.356201171875,-3188.389404296875,3786.5885386739087,2.043323239905583,0.05854266220870956,4.872769344548939,28,8457.463816687039,1867.3665885169225,1.772916569446962,1.1568120758929201,5111.722556191898,0.0394474348661471,0.6952764767360365,0.9996110254148282,0.9155253881484633,1.0,0.22161457118087025,0.9779574385841091,0.6666666666666666,0.0,0.32140569653708595,0.0,ahead_vae,ahead,False,0.10029494762420654,2.3549997806549072,1.5013494491577148,1.0653302669525146,vae_candidate_pool_v1,belief_limited_heuristic_v1,58
VAE000507,vae_candidate_000507,0.7273243177702019,87.52133178710938,2462.3955078125,2894.589166630214,-1.6716214602717652,-0.19488923919572482,5.8452499271459795,21,8540.00294679621,2798.1844965582995,0.8787896394837121,-1.6648604325137528,3587.938020367213,0.48229477665180326,0.9548111833814884,0.942966454091227,0.9955792330496743,0.8542709572302888,0.10984870493546402,0.8714397748016888,0.5,1.0,0.26066705032532417,0.26066705032532417,inside_convoy_envelope,inside,True,0.054894424974918365,1.0929219722747803,2.939558982849121,1.4001954793930054,vae_candidate_pool_v1,belief_limited_heuristic_v1,59
VAE000809,vae_candidate_000809,0.726767722151135,-2487.58056640625,-2163.014892578125,3246.824638802929,0.613771598777433,-0.005850707074302682,5.197099418468542,22,7119.337662138199,2497.447699837306,1.2373332599236442,2.521970347738058,7246.174613204173,0.054031456876193706,0.8732268389154705,0.999270327959819,0.5807277219709674,1.0,0.15466665749045552,0.9918901799864454,0.5238095238095238,0.0,0.2740701565781728,0.0,astern_vae,astern,False,0.0793917179107666,0.7555995583534241,1.5162497758865356,1.2731213569641113,vae_candidate_pool_v1,belief_limited_heuristic_v1,60
VAE000775,vae_candidate_000775,0.7267619859040091,632.5062866210938,2150.01318359375,2531.969773267439,-1.9542864930928805,0.03920609184168643,3.7089240892863433,1,8423.912270847253,3662.590541270747,0.032411400337990184,-1.1481000686552263,6795.896813144811,0.4646976929598137,0.9967131600162529,0.9469785430657697,0.9119861952152041,1.0,0.004051425042248773,0.9183209603131381,0.023809523809523808,1.0,0.24089154334838975,0.24089154334838975,inside_convoy_envelope,inside,True,0.06179297715425491,2.0742435455322266,2.413447380065918,1.251239538192749,vae_candidate_pool_v1,belief_limited_heuristic_v1,61
VAE001007,vae_candidate_001007,0.7266351945507076,-2630.9521484375,2639.73193359375,3456.2165322031524,-0.7453822102213064,0.08467068072459995,5.474597097711793,18,7753.0890297567,2457.489702235282,0.9447263470851074,-2.311539762643887,7045.615704908966,0.1998102577619412,0.809865403081332,0.9900521280811192,0.7379670648951017,1.0,0.11809079338563842,0.9907114479819171,0.42857142857142855,0.0,0.27349386170971013,0.0,astern_vae,astern,False,0.0956965833902359,0.8050894737243652,2.943314790725708,1.9399113655090332,vae_candidate_pool_v1,belief_limited_heuristic_v1,62
VAE000916,vae_candidate_000916,0.726597975473892,-1331.664794921875,-1761.5740966796875,2153.4582744400636,0.8769002625306866,0.040372269694836704,5.1948410818229345,1,8069.224723776062,1741.3727073910275,0.07116663903600906,2.3050646607539433,6699.395134418014,0.020159720732849218,0.9885756229487541,0.9998983998560429,0.7423212006437844,1.0,0.008895829879501133,0.9946821137343399,0.023809523809523808,0.0,0.3570168482081542,0.0,astern_vae,astern,False,0.08089417219161987,0.6900043487548828,1.5096714496612549,1.283998727798462,vae_candidate_pool_v1,belief_limited_heuristic_v1,63
VAE000465,vae_candidate_000465,0.7262290363422758,2985.267822265625,1161.0458984375,2766.41213352627,-2.7940653665480055,-0.15787263971244822,4.02281172286759,22,7778.759044791958,2688.240606899332,1.0520690021385455,-0.5053999267542358,8107.797323850409,0.20824849535221457,0.9749397974779166,0.9891972664175372,0.48415740731115614,1.0,0.13150862526731819,0.8480139231894211,0.5238095238095238,0.0,0.2687022113475953,0.0,ahead_vae,ahead,False,0.05183389037847519,1.3945573568344116,2.4834277629852295,1.4691646099090576,vae_candidate_pool_v1,belief_limited_heuristic_v1,64
VAE000042,vae_candidate_000042,0.7254993536969564,1772.729736328125,-1547.126953125,2340.9453938331544,2.4342828366088867,-0.14187234050431138,4.8413864171058,16,7716.731445774983,2688.9048228862994,0.771100822129966,0.5654374764765955,7956.330833159802,0.5604044757048607,0.9993409646109789,0.9235200949008693,0.5357852524090276,1.0,0.09638760276624575,0.9859347424321498,0.38095238095238093,0.0,0.27731038437714034,0.0,ahead_vae,ahead,False,0.07688024640083313,1.9885461330413818,2.561375617980957,1.05259370803833,vae_candidate_pool_v1,belief_limited_heuristic_v1,65
VAE000069,vae_candidate_000069,0.7252396287862128,-2362.634765625,-2605.17138671875,3400.5286737804345,0.815271748674176,-0.167861267152034,5.4424328259635235,4,8533.78631293129,2413.4817948534032,0.19421116803443236,2.1584596377635834,6739.875862698762,0.20587992047008352,0.82759129931,0.989440741303856,0.8322384521017282,1.0,0.024276396004304045,0.9963721523260303,0.09523809523809523,0.0,0.27564995704660616,0.0,astern_vae,astern,False,0.08200548589229584,0.689021646976471,2.015322685241699,1.2885938882827759,vae_candidate_pool_v1,belief_limited_heuristic_v1,66
VAE000750,vae_candidate_000750,0.7251895508208669,2381.8046875,-2081.6015625,3048.0839973644865,2.409803287766441,0.07975215164344801,3.8820088276548725,9,7731.009934438964,2222.865954319052,0.5237125773143065,0.8115415174668004,6934.235235465219,0.2833340001189475,0.9236726753918802,0.9800643644621516,0.7253491872739415,1.0,0.06546407216428832,0.8719332732417329,0.21428571428571427,0.0,0.2935485302915643,0.0,ahead_vae,ahead,False,0.05496108531951904,1.7337466478347778,1.4898173809051514,1.7873191833496094,vae_candidate_pool_v1,belief_limited_heuristic_v1,67
VAE000074,vae_candidate_000074,0.7248977355818965,2514.854248046875,-1715.7232666015625,3161.627267342793,2.491715868909389,0.10728075115270388,5.287264932372732,10,7499.4956751691625,2584.1341614642565,0.5160037806840359,0.7571575358331083,7225.502431182974,0.3314081952970782,0.8961430575343626,0.9727925449015578,0.6868583443937197,1.0,0.06450047258550448,0.9599744492996636,0.23809523809523808,0.0,0.2693361296439311,0.0,ahead_vae,ahead,False,0.1049039214849472,1.5674147605895996,2.9544761180877686,1.2813212871551514,vae_candidate_pool_v1,belief_limited_heuristic_v1,68
VAE000267,vae_candidate_000267,0.7245761382689617,1256.0037841796875,912.9682006835938,1477.5742441674604,-2.436651393422123,-0.22479823706565133,4.002053949766294,21,8938.728067106918,2619.8404853719635,0.8967444967776503,-0.9297394972333217,7445.4501350394585,0.5098116341962606,0.851424156337152,0.9364182240307325,0.8014641762794961,1.0,0.11209306209720629,0.9931572046763516,0.5,0.0,0.3204403567165185,0.0,ahead_vae,ahead,False,0.09449764341115952,0.8889114856719971,1.5063334703445435,1.1167789697647095,vae_candidate_pool_v1,belief_limited_heuristic_v1,69
VAE000276,vae_candidate_000276,0.7242429255957333,-978.2861938476562,2368.912841796875,2392.791495378105,-1.128835686849688,0.037994704987625354,5.3499171340718945,15,8220.601043682314,2786.1461327833663,0.6549132784098959,-1.97476226175248,5793.143757732334,0.3665066399547218,0.999990177262065,0.9667924535429171,0.9195093467256257,1.0,0.08186415980123699,0.784889306638387,0.35714285714285715,1.0,0.270963967740142,0.270963967740142,inside_convoy_envelope,inside,True,0.04431818798184395,1.0862183570861816,1.532810091972351,1.768478512763977,vae_candidate_pool_v1,belief_limited_heuristic_v1,70
VAE000593,vae_candidate_000593,0.7236831057802552,314.5001525878906,2423.236328125,2097.4187488784446,-1.6356090261495941,0.015846811305362446,6.407147644731652,18,8975.357859114756,2743.785783812237,0.7309211519952796,-1.4901368161348365,3458.0283786729715,0.24970981481579457,0.9828416487997331,0.9844920869391545,0.9967487849322803,0.8233400901602314,0.09136514399940995,0.8666149324098802,0.42857142857142855,1.0,0.28049943732887983,0.28049943732887983,inside_convoy_envelope,inside,True,0.05424783378839493,1.1882416009902954,1.9220961332321167,1.7435647249221802,vae_candidate_pool_v1,belief_limited_heuristic_v1,71
VAE001110,vae_candidate_001110,0.7236029200983484,-360.17218017578125,-2530.086669921875,2578.4519985663665,1.3455476180124966,0.09386241479272231,4.63425711387429,17,7680.217613407264,2234.736476104978,0.9904876799718402,1.8899074503700197,4531.3735108859255,0.07188499326864517,0.9939982124570022,0.9987086931432705,0.9495146538493634,1.0,0.12381095999648002,0.816830767214282,0.40476190476190477,1.0,0.29921513071573397,0.29921513071573397,inside_convoy_envelope,inside,True,0.04801368713378906,2.3045201301574707,2.5684421062469482,1.622840166091919,vae_candidate_pool_v1,belief_limited_heuristic_v1,72
VAE000112,vae_candidate_000112,0.7218583160907226,-2408.474609375,-612.0397338867188,2629.37635673976,0.38328673692625753,0.0013185289175362215,6.124480123763462,24,7843.375479171611,3190.758024407655,0.9589906336417294,2.7596244455810726,8467.47253296653,0.2712509189977345,0.9901034526634057,0.9817182414890055,0.3727475549624787,1.0,0.11987382920521618,0.9157660423575575,0.5714285714285714,0.0,0.2517243930380139,0.0,astern_vae,astern,False,0.06137987598776817,0.6312564015388489,2.968106746673584,1.6263428926467896,vae_candidate_pool_v1,belief_limited_heuristic_v1,73
VAE000596,vae_candidate_000596,0.7216365546992421,1942.1845703125,-1507.402099609375,2480.3970263451115,2.5107641719771387,-0.020644608217038375,6.918068090128594,13,9275.59341583964,2318.2262054884873,0.604568949060553,0.6101838733956166,8930.130302785581,0.5743243182873943,0.9987788781531375,0.919779785025297,0.5730181618797239,1.0,0.07557111863256913,0.9998377234486231,0.30952380952380953,0.0,0.29325917984994443,0.0,ahead_vae,ahead,False,0.0883781760931015,2.292266368865967,2.9189817905426025,1.175183892250061,vae_candidate_pool_v1,belief_limited_heuristic_v1,74
VAE000105,vae_candidate_000105,0.7204203960222257,3188.612548828125,1085.619140625,2794.9219307934345,-2.901843318652251,-0.20504255922688625,3.8673510067214747,25,7282.782535869188,2303.004721838393,1.4905544250343432,-0.44479189416442816,7565.083362113341,0.388057366620842,0.9709477027119744,0.9628229404383513,0.4302700324344031,1.0,0.1863193031292929,0.9979048885439349,0.5952380952380952,0.0,0.29150478114066714,0.0,ahead_vae,ahead,False,0.09126295149326324,1.5730218887329102,2.394543170928955,1.8887828588485718,vae_candidate_pool_v1,belief_limited_heuristic_v1,75
VAE000012,vae_candidate_000012,0.7201655772338689,-72.92568969726562,2110.332763671875,2034.258256450636,-1.5054002949291165,0.09802701076858436,4.0751272175118105,27,9429.098501035627,2644.6278491384387,1.0827520747735644,-1.5381653478920922,2950.8461146897935,0.3269526677000283,0.9750302607211558,0.973512708102565,0.9994676568461673,0.7025824082594746,0.13534400934669555,0.9126791355460544,0.6428571428571429,1.0,0.2868289123230876,0.2868289123230876,inside_convoy_envelope,inside,True,0.060887888073921204,0.7731173634529114,1.5156934261322021,1.7997565269470215,vae_candidate_pool_v1,belief_limited_heuristic_v1,76
VAE000908,vae_candidate_000908,0.7194561070519737,2243.1015625,-759.15625,2653.0139176277316,2.657842468341613,0.03778402971058447,5.404881516793738,29,7417.783724819628,2102.105782633704,1.8598129364349505,0.5215342149587647,7478.924850153098,0.6706607358017493,0.9879715953552685,0.8917055935697364,0.498210973706401,1.0,0.2324766170543688,0.9595649575959276,0.6904761904761905,0.0,0.30910016743938656,0.0,ahead_vae,ahead,False,0.06953713297843933,2.0235652923583984,1.996703863143921,1.8799407482147217,vae_candidate_pool_v1,belief_limited_heuristic_v1,77
VAE000613,vae_candidate_000613,0.7185770583935043,-2405.891845703125,-2448.44189453125,3540.844020182277,0.930827572338867,-0.07942912010215265,5.531078149821959,4,8535.78613617759,2816.4857714597674,0.16638298229001497,2.131335961148774,6923.468035253255,0.26509081237136645,0.7818948687115711,0.9825343561500676,0.8469683413440655,1.0,0.02079787278625187,0.9756698595463527,0.09523809523809523,0.0,0.2529294107387589,0.0,astern_vae,astern,False,0.10096229612827301,1.8806884288787842,2.360088348388672,1.3573685884475708,vae_candidate_pool_v1,belief_limited_heuristic_v1,78
VAE000312,vae_candidate_000312,0.7181529522556193,-2571.989501953125,-1970.36181640625,3065.241634885143,0.7164680264347472,0.12189021215652138,5.526254447792292,21,8174.083425172806,2203.027665417022,1.1661657385486586,2.5470148393115677,8005.334552674494,0.3469590162746761,0.9197465181444515,0.9702055572161985,0.5601590720846525,1.0,0.14577071731858232,0.954461173460734,0.5,0.0,0.29431375424000233,0.0,astern_vae,astern,False,0.06842654198408127,0.7554827928543091,2.9775352478027344,1.825743556022644,vae_candidate_pool_v1,belief_limited_heuristic_v1,79
VAE000830,vae_candidate_000830,0.7181287127884175,762.065673828125,-3477.892333984375,3485.573948483133,1.7166149268830333,-0.1834574975253099,5.745006532933301,27,8404.405581878867,2621.47557806081,1.2254933120412774,1.2415202291814504,5198.2738145117555,0.07002066661138229,0.8002962497465685,0.9987747772793016,0.9462766711500199,1.0,0.15318666400515968,0.990220394388821,0.6428571428571429,1.0,0.2629706638055901,0.2629706638055901,inside_convoy_envelope,inside,True,0.09591761976480484,1.8378818035125732,1.9766908884048462,1.1324071884155273,vae_candidate_pool_v1,belief_limited_heuristic_v1,80
VAE000329,vae_candidate_000329,0.717932686483145,3249.05419921875,2620.465087890625,3402.6814031956346,-2.464159482491131,-0.21625387421779654,6.586840107127989,0,8524.822572165687,3456.27377081936,0.0,-0.8936870453164586,8034.94027567808,0.25619533210838696,0.8269169278525299,0.983680543708274,0.7793871310650703,1.0,0.0,0.9350976821687101,0.0,0.0,0.23235205865088315,0.0,ahead_vae,ahead,False,0.06466052681207657,1.8274238109588623,2.9243063926696777,1.5218278169631958,vae_candidate_pool_v1,belief_limited_heuristic_v1,81
VAE000362,vae_candidate_000362,0.7172297174454495,874.6334228515625,3012.55517578125,3257.012112643112,-1.8091967077516733,0.09479730491230474,6.844327881219427,18,8559.203110525754,2855.776209583942,0.7364020713824646,-1.237598640925815,5498.141003301546,0.057406216395992755,0.8703662623737085,0.9991763578079798,0.9450013207518239,1.0,0.09205025892280808,0.8248591350660017,0.42857142857142855,1.0,0.25377649319193507,0.25377649319193507,inside_convoy_envelope,inside,True,0.04897421598434448,1.4161291122436523,1.4831976890563965,1.6637015342712402,vae_candidate_pool_v1,belief_limited_heuristic_v1,82
VAE000453,vae_candidate_000453,0.7157526589680101,-111.69561767578125,-3158.97412109375,3004.055452153367,1.4757894823967228,0.01396102829366309,6.2384536133318065,22,8452.410931707456,2488.2373536299265,1.0460447697416293,1.6797641994867345,3392.6988836148907,0.3100577571818639,0.9333490891368523,0.976157974485069,0.9940688736946188,0.8077854484797359,0.13075559621770366,0.8624247842124132,0.5238095238095238,1.0,0.27511182060739403,0.27511182060739403,inside_convoy_envelope,inside,True,0.05369355157017708,2.3971118927001953,2.4359066486358643,1.9142647981643677,vae_candidate_pool_v1,belief_limited_heuristic_v1,83
VAE000148,vae_candidate_000148,0.7150583573802051,-936.6089477539062,1586.677001953125,1905.0256296828143,-0.7855555307593466,0.20778755527986004,4.759007072309506,22,8439.014806191455,2683.4751611189154,0.971478854961131,-2.1482495675505864,6855.154513536005,0.09075093019580693,0.9547423846710944,0.997942479847421,0.8378556207939334,1.0,0.12143485687014137,0.969246491664582,0.5238095238095238,1.0,0.2913074291885212,0.2913074291885212,inside_convoy_envelope,inside,True,0.07184316217899323,0.6533541083335876,1.4969971179962158,1.3545796871185303,vae_candidate_pool_v1,belief_limited_heuristic_v1,84
VAE000731,vae_candidate_000731,0.7147636483277773,-944.2295532226562,3246.954833984375,3170.9280530928118,-1.2991183540447353,-0.10312768706968256,7.049701772687876,8,7993.036573026644,2830.2761829303363,0.35363021909791675,-1.9456019866147405,5559.97921830032,0.2542113684789116,0.8937316395337241,0.9839309617170857,0.9305787858094,1.0,0.044203777387239594,0.9997449214441743,0.19047619047619047,1.0,0.25657303349511845,0.25657303349511845,inside_convoy_envelope,inside,True,0.08866029977798462,2.345731735229492,1.9192137718200684,1.0955992937088013,vae_candidate_pool_v1,belief_limited_heuristic_v1,85
VAE000793,vae_candidate_000793,0.7140188571500824,-14.913818359375,-1551.53662109375,1935.7838226546517,1.6688523899013077,-0.20326115431437272,4.714053402866785,14,8414.490711401013,2753.6866671405246,0.6042068971354401,1.2694791093741131,5126.861708603356,0.4191480518988138,0.9600819740166595,0.956717999823472,0.9549463960899918,1.0,0.07552586214193001,0.9176406296382706,0.3333333333333333,1.0,0.2869616195663011,0.2869616195663011,inside_convoy_envelope,inside,True,0.06168243661522865,1.633991003036499,2.9426002502441406,1.7815171480178833,vae_candidate_pool_v1,belief_limited_heuristic_v1,86
VAE000885,vae_candidate_000885,0.7138533334715654,270.27020263671875,-3302.135986328125,3614.4309129867615,1.673001699282337,0.004702739587164406,6.3109483089946465,19,8107.279846854272,3402.4872394442455,0.6887822259332702,1.473293693894621,4175.555967526385,0.2837629612906023,0.7566925934626738,0.9800043604756346,0.9952503828685647,0.9941799922681869,0.08609777824165878,0.9649778540260868,0.4523809523809524,1.0,0.23251811377514303,0.23251811377514303,inside_convoy_envelope,inside,True,0.07078947126865387,0.9137243032455444,1.9356181621551514,1.2238962650299072,vae_candidate_pool_v1,belief_limited_heuristic_v1,87
VAE000674,vae_candidate_000674,0.71306792697956,-2351.046142578125,1973.037353515625,2694.114490337622,-0.7727840014753491,-0.0011362939940465862,6.34256254445275,1,7734.505760664124,1638.4193004373737,0.07891187769431302,-2.3699449461084905,6686.302946189471,0.1854551878911035,0.9837807351004973,0.9914262092841073,0.6973171998908593,1.0,0.009863984711789127,0.9934058622602346,0.023809523809523808,0.0,0.3625117253149995,0.0,astern_vae,astern,False,0.09436459839344025,2.060742139816284,2.0596470832824707,1.0516741275787354,vae_candidate_pool_v1,belief_limited_heuristic_v1,88
VAE000670,vae_candidate_000670,0.7122454060978959,2177.992431640625,-1299.271240234375,2542.647548472815,2.6014765790349337,-0.0334576905017935,4.068028257186793,10,8954.955431353825,3001.1739512678396,0.37208777629421935,0.5066583840530658,9286.296852224721,0.5492984388448852,0.9961608246401461,0.9264455046421666,0.4852581497581571,1.0,0.04651097203677742,0.9867121334186876,0.23809523809523808,0.0,0.2582677999587642,0.0,ahead_vae,ahead,False,0.09735959023237228,1.1032037734985352,2.4572806358337402,1.7374091148376465,vae_candidate_pool_v1,belief_limited_heuristic_v1,89
VAE000760,vae_candidate_000760,0.7095239814375449,357.9878845214844,-3452.7666015625,3450.409958733187,1.7822403035372052,-0.11266604666641923,5.18432661188145,21,8761.739281440638,2699.1241131268685,0.8879859897160135,1.2466863033861693,5348.902631608935,0.31758961089910986,0.8117402545025445,0.9749954438207291,0.9479345284247994,1.0,0.11099824871450169,0.9976669266957927,0.5,1.0,0.25886921156047976,0.25886921156047976,inside_convoy_envelope,inside,True,0.08304886519908905,1.5349563360214233,2.595424175262451,1.6499848365783691,vae_candidate_pool_v1,belief_limited_heuristic_v1,90
VAE000025,vae_candidate_000025,0.7085302664429225,1978.53759765625,1037.26220703125,2683.6508640886727,-2.6668655304683613,-0.036541922224333404,6.996593315296875,21,8347.507199841319,2611.0748439074437,0.9634810378813635,-0.5112690453457652,8557.621960002016,0.6281469909196598,0.9849056626174727,0.9045589055175234,0.4892844058422574,1.0,0.12043512973517044,0.875503108685164,0.5,0.0,0.2730784871268751,0.0,ahead_vae,ahead,False,0.055446308106184006,0.8874381184577942,2.5909335613250732,1.7860039472579956,vae_candidate_pool_v1,belief_limited_heuristic_v1,91
VAE000643,vae_candidate_000643,0.7081820377304848,-2520.427490234375,607.7369995117188,2185.413495626509,-0.29583410354463163,0.14643584605080054,5.077722378028403,16,7890.676622069137,2095.8054794739905,0.9675084479210787,-2.699322703994361,8028.443425383363,0.07999807910044127,0.9913331689995593,0.9984009299044403,0.42799210661165565,1.0,0.12093855599013484,0.9765973905428077,0.38095238095238093,0.0,0.3186109272768568,0.0,astern_vae,astern,False,0.10069552063941956,1.4080942869186401,2.0862209796905518,1.2309974431991577,vae_candidate_pool_v1,belief_limited_heuristic_v1,92
VAE001061,vae_candidate_001061,0.7068312246727935,-699.7500610351562,1907.180419921875,2421.6781362514316,-1.1727033263138549,-0.10173422828246777,4.431194748530638,17,8433.946371361528,2021.5821150021732,0.9970724110464706,-2.070623555558406,5816.4430923482505,0.20619299406963654,0.9999111681062144,0.9894087167228991,0.8776653797351947,1.0,0.12463405138080882,0.9484087959090742,0.40476190476190477,1.0,0.3191645266176852,0.3191645266176852,inside_convoy_envelope,inside,True,0.06718196719884872,2.0349321365356445,1.501373529434204,1.2951470613479614,vae_candidate_pool_v1,belief_limited_heuristic_v1,93
VAE001118,vae_candidate_001118,0.7060670029971919,-464.97998046875,-3043.129638671875,3110.158112045573,1.3693686687027813,0.07256979124226823,4.91487790921356,6,7762.697335966684,2831.8634790987603,0.27293943245585295,1.8447937761292794,4826.671898406108,0.4288424135139059,0.9090679341381899,0.9547238522822625,0.9626969534745107,1.0,0.03411742905698162,0.896133280803039,0.14285714285714285,1.0,0.25756327579787,0.25756327579787,inside_convoy_envelope,inside,True,0.05836740881204605,1.3371607065200806,1.504619836807251,1.8214094638824463,vae_candidate_pool_v1,belief_limited_heuristic_v1,94
VAE000835,vae_candidate_000835,0.7053933878119713,-306.29876708984375,1727.5950927734375,1894.6243212831037,-1.5093322400908389,0.16380803995649368,4.010993833156485,14,8485.000105247105,2964.89858605786,0.5565015017826155,-1.4684523735424606,3816.257828506549,0.5111785638140562,0.952866338756017,0.9360842768072036,0.994767427297326,0.9086328163110831,0.06956268772282694,0.8743212151575733,0.3333333333333333,1.0,0.2807570154472291,0.2807570154472291,inside_convoy_envelope,inside,True,0.05528506636619568,1.1335465908050537,2.9619383811950684,1.8058152198791504,vae_candidate_pool_v1,belief_limited_heuristic_v1,95
VAE000597,vae_candidate_000597,0.7047044664133628,244.78721618652344,1794.242919921875,1982.580355266739,-1.7296394413002416,-0.17587404109560897,5.6660908243602,1,8669.41258244721,3490.4603620127345,0.03304666346275945,-1.5878272533851605,3637.5951576987018,0.43306362467982273,0.9675990719995206,0.9538421751568967,0.9998549772751392,0.8660940851663576,0.004130832932844932,0.8849497805082148,0.023809523809523808,1.0,0.2619375694096314,0.2619375694096314,inside_convoy_envelope,inside,True,0.05675758048892021,1.7406781911849976,2.4426960945129395,1.4803333282470703,vae_candidate_pool_v1,belief_limited_heuristic_v1,96
VAE000117,vae_candidate_000117,0.7046025007968287,3274.00439453125,1612.6666259765625,3606.9603893453877,-2.626861746630233,-0.13472042628664882,5.629535140841748,24,8545.918036190064,3099.040963124955,0.906202386866194,-0.6494513332462089,8680.247068941384,0.20007046873075263,0.7592845193322773,0.9900262877161223,0.6047495299532534,1.0,0.11327529835827425,0.9788358847486545,0.5714285714285714,0.0,0.2412904276648846,0.0,ahead_vae,ahead,False,0.07450307905673981,1.2540521621704102,2.454575538635254,1.8587108850479126,vae_candidate_pool_v1,belief_limited_heuristic_v1,97
VAE001105,vae_candidate_001105,0.7041900964604232,1661.12890625,-3413.355712890625,3961.2408406748277,2.0866166268579143,0.2636902930651014,5.421401155429625,16,8055.409001897548,2245.1806230843326,0.8846695947697022,1.3186663197969806,4183.75553457975,0.31152715258915187,0.6307977844297006,0.9759332942333578,0.9683832520015988,0.9961322701380357,0.11058369934621277,0.9949730572651379,0.38095238095238093,0.0,0.2845193269761407,0.0,ahead_vae,ahead,False,0.0810713917016983,0.6994271278381348,2.950611114501953,1.3891026973724365,vae_candidate_pool_v1,belief_limited_heuristic_v1,98
VAE001154,vae_candidate_001154,0.7040731803670739,1141.39990234375,2029.2901611328125,2116.215365994364,-2.0567497663141463,0.023531185825649302,5.124213730552121,9,8095.33252559179,2829.2125547613164,0.3929544761525874,-1.0613117014499975,6418.206621004396,0.39256440243297885,0.9848915303839463,0.9619655318279591,0.8729959859095705,1.0,0.04911930951907342,0.8822788223630993,0.21428571428571427,1.0,0.2773431814574449,0.2773431814574449,inside_convoy_envelope,inside,True,0.05638262256979942,1.3986798524856567,2.355170965194702,1.5952619314193726,vae_candidate_pool_v1,belief_limited_heuristic_v1,99
VAE000452,vae_candidate_000452,0.7039088878204007,-123.08843994140625,-1713.55615234375,1922.3291017078707,1.4288637940773168,-0.04259399595731718,3.27593802696771,8,8758.752228513913,2637.834567197817,0.3462582987234719,1.6701348635551592,3493.4813207447246,0.031046073801145102,0.9577847355606078,0.9997590546794197,0.9950699837345415,0.831781266843982,0.04328228734043399,0.9547266629981438,0.19047619047619047,1.0,0.2922730462927848,0.2922730462927848,inside_convoy_envelope,inside,True,0.10605008900165558,1.6227812767028809,1.5052776336669922,1.5305641889572144,vae_candidate_pool_v1,belief_limited_heuristic_v1,100
VAE000210,vae_candidate_000210,0.7029405563830081,-1300.576904296875,-817.0281982421875,1589.3530583222416,0.5036787829946874,-0.22251608165926745,5.289806167177313,18,8474.796347269597,2475.7243302406478,0.8579084582963383,2.4153977889358385,7980.614130356926,0.21864493621307712,0.883181400946847,0.9880961341646537,0.66402932457366,1.0,0.10723855728704229,0.8002390611599484,0.42857142857142855,0.0,0.3189617424436626,0.0,astern_vae,astern,False,0.04607107490301132,2.3761236667633057,2.429067850112915,1.3172155618667603,vae_candidate_pool_v1,belief_limited_heuristic_v1,101
VAE000023,vae_candidate_000023,0.7025658501890925,2933.80419921875,3480.87158203125,3941.2560155784413,-2.1731667257633913,-0.0691632393723371,6.859393071370438,20,8429.184989316347,2413.3748188680274,0.9831496604854664,-1.037589167198739,6362.890287014306,0.006974500212387547,0.6382347163728703,0.9999878391359927,0.861181309829764,1.0,0.1228937075606833,0.9865879726801682,0.47619047619047616,0.0,0.272152580108427,0.0,ahead_vae,ahead,False,0.09740695357322693,1.3230040073394775,1.9800580739974976,1.1008468866348267,vae_candidate_pool_v1,belief_limited_heuristic_v1,102
VAE000459,vae_candidate_000459,0.7020696306456995,-42.739776611328125,2334.523193359375,1755.2501863298507,-1.6112388548690386,0.18031012810603128,5.172973444038712,22,8091.3796390961625,2414.8042621134873,1.125947572208144,-1.3500436706147232,4127.9254862866455,0.441534491884237,0.9244256348674822,0.9520484988153308,0.9757329210528979,0.9828394014968204,0.140743446526018,0.9383207330574376,0.5238095238095238,1.0,0.31253391651617246,0.31253391651617246,inside_convoy_envelope,inside,True,0.06524772197008133,0.8879015445709229,1.5191993713378906,1.1451621055603027,vae_candidate_pool_v1,belief_limited_heuristic_v1,103
VAE000977,vae_candidate_000977,0.7019358705968516,266.3055725097656,2096.375,2241.1590345370278,-1.6215385405445575,0.2726553381868201,4.5450207472480875,7,8942.214404820454,2149.111907462897,0.36424527849529514,-1.2473987748584157,4879.4491589696045,0.014685933933739292,0.9952418941373261,0.9999460818052086,0.9481611852340296,1.0,0.04553065981191189,0.8661120412986721,0.16666666666666666,1.0,0.31157459063397497,0.31157459063397497,inside_convoy_envelope,inside,True,0.12035196274518967,0.7821057438850403,1.5063632726669312,1.8712807893753052,vae_candidate_pool_v1,belief_limited_heuristic_v1,104
VAE000463,vae_candidate_000463,0.7016807770908051,25.197601318359375,3041.646484375,3199.6746516541407,-1.492362198720208,0.07295171735175036,5.4444698352649,16,8089.547718591774,2736.608807955384,0.7227415471371412,-1.5762787375178346,2780.9176821544784,0.19336245279947062,0.8861362113831561,0.9906818279427205,0.9999849716239747,0.6621232576558281,0.09034269339214265,0.9840035202633732,0.38095238095238093,1.0,0.2603217641349027,0.2603217641349027,inside_convoy_envelope,inside,True,0.0761847198009491,0.9694056510925293,1.5033612251281738,1.2208671569824219,vae_candidate_pool_v1,belief_limited_heuristic_v1,105
VAE001067,vae_candidate_001067,0.7014537505303745,-1587.81201171875,-3053.366943359375,3903.1233280332854,1.0459047534033583,-0.07401111012312173,4.660360561619649,21,8764.748859528425,2533.3418611681905,0.9457710554760477,2.0216767900633132,6099.480233411451,0.39839444460532913,0.6523957514329423,0.9608425196477695,0.9000637822060626,1.0,0.11822138193450596,0.9055704576102589,0.5,0.0,0.264570839303715,0.0,astern_vae,astern,False,0.059782348573207855,2.3233580589294434,1.8177255392074585,1.5978949069976807,vae_candidate_pool_v1,belief_limited_heuristic_v1,106
VAE000234,vae_candidate_000234,0.6998897366811621,-2439.148681640625,1232.300537109375,3178.703266435241,-0.6473839025210811,-0.021955737079625014,4.229037238368132,9,8018.581419394179,2481.7746421026745,0.4522542151800208,-2.516164488148337,7953.705583081017,0.2907276625783835,0.8916983572749556,0.9790177725530134,0.5854444456802538,1.0,0.0565317768975026,0.9163667396917843,0.21428571428571427,0.0,0.27412824402556313,0.0,astern_vae,astern,False,0.061476510018110275,0.6983529925346375,1.4959501028060913,1.3264789581298828,vae_candidate_pool_v1,belief_limited_heuristic_v1,107
VAE000046,vae_candidate_000046,0.6992034287763277,-2190.8779296875,-1154.27197265625,2035.7379460142115,0.5872725235963897,-0.050451169692344505,4.159207378814155,11,8185.140333470337,1594.5828190713491,0.842790196092705,2.5038689603010593,7525.739911094613,0.05532203632769672,0.9752293750403349,0.9992350631965203,0.5953680797774143,1.0,0.10534877451158813,0.9089452035430667,0.2619047619047619,0.0,0.3815237767353337,0.0,astern_vae,astern,False,0.11423031240701675,1.1417341232299805,2.940579414367676,1.5012290477752686,vae_candidate_pool_v1,belief_limited_heuristic_v1,108
VAE000551,vae_candidate_000551,0.699142994233432,998.2972412109375,1883.0888671875,2367.1837873077193,-2.0558604410607817,0.049325701361505124,4.944506663139257,5,8343.40039786655,2579.728946821814,0.2323019426761849,-1.0364065111675063,6469.489519029388,0.41933028991557775,0.999796447219591,0.9566809084069279,0.860579566140485,1.0,0.029037742834523112,0.9188074003602611,0.11904761904761904,1.0,0.28113327833573387,0.28113327833573387,inside_convoy_envelope,inside,True,0.06187225878238678,1.08645761013031,2.469191074371338,1.831207513809204,vae_candidate_pool_v1,belief_limited_heuristic_v1,109
VAE000954,vae_candidate_000954,0.6989026021867645,-423.35955810546875,3642.650634765625,3403.0642235730043,-1.3997490169030535,-0.07097408940845687,4.152582610395293,2,8432.768715801234,2997.5652498359814,0.0791208894982331,-1.8128177260951965,4931.247291177049,0.2218885607376069,0.8267969100714835,0.9877417846650876,0.9708554987869272,1.0,0.009890111187279137,0.9847912595101201,0.047619047619047616,1.0,0.24686435694402872,0.24686435694402872,inside_convoy_envelope,inside,True,0.07646317780017853,1.7070519924163818,1.497298240661621,1.9164915084838867,vae_candidate_pool_v1,belief_limited_heuristic_v1,110
VAE000644,vae_candidate_000644,0.6983963155990972,-277.90460205078125,-803.5614013671875,1536.0989561896404,1.3291603935965377,0.07602109581151394,5.326368341760766,29,7645.185930418999,2909.5379122717654,1.3037247954992939,1.88845335580477,5151.883369806048,0.23163873686656244,0.8684178960003791,0.986645746314979,0.949969832315194,1.0,0.16296559943741173,0.8544116120072153,0.6904761904761905,1.0,0.3060041893976455,0.3060041893976455,inside_convoy_envelope,inside,True,0.05265101045370102,0.7700254321098328,2.071794271469116,1.610448956489563,vae_candidate_pool_v1,belief_limited_heuristic_v1,111
VAE000906,vae_candidate_000906,0.6980511061370407,498.7887878417969,-3243.117431640625,3560.136885209467,1.680779468089946,-0.16999939660083158,5.6173292870323515,24,8331.600479660387,2498.1066096260333,1.1531129166732663,1.2908137888990157,4703.176029981583,0.04215435555256164,0.7753608337453508,0.9995558183583482,0.9610602639153548,1.0,0.1441391145841583,0.9060060778481449,0.5714285714285714,1.0,0.2694043438821477,0.2694043438821477,inside_convoy_envelope,inside,True,0.11468386650085449,1.7964246273040771,2.4277596473693848,1.2292033433914185,vae_candidate_pool_v1,belief_limited_heuristic_v1,112
VAE000320,vae_candidate_000320,0.6962622486555762,2953.03662109375,245.54904174804688,2456.053446242881,-3.024241162901546,-0.21652491236129193,4.46537120275087,20,7838.919403149092,2175.024383391604,1.173031477898876,-0.33387640304953903,8118.819867671102,0.4015354956322543,0.9994062276124278,0.9602309791300052,0.3277078260226888,1.0,0.1466289347373595,0.9997658879406587,0.47619047619047616,0.0,0.3058779530852258,0.0,ahead_vae,ahead,False,0.08593114465475082,2.254998207092285,1.5046672821044922,1.9393815994262695,vae_candidate_pool_v1,belief_limited_heuristic_v1,113
VAE001106,vae_candidate_001106,0.6962396928273831,3038.5107421875,579.3009643554688,2499.524650558666,-2.949991708572616,-0.21127800390709695,7.241583653518438,7,8047.812496938999,2659.663366099326,0.3270344615536224,-0.4028789489242741,8446.242937628067,0.3870268330959062,0.99812932164517,0.9630176669194581,0.3920684123874676,1.0,0.0408793076942028,0.9999925210136871,0.16666666666666666,0.0,0.27454269859887004,0.0,ahead_vae,ahead,False,0.08750511705875397,1.8013949394226074,1.9495596885681152,1.7600091695785522,vae_candidate_pool_v1,belief_limited_heuristic_v1,114
VAE000592,vae_candidate_000592,0.695933776403685,482.5824279785156,-3595.543212890625,3649.1481131809746,1.7380401869382387,-0.18590944831085154,5.49598641592298,33,7998.417911980923,2564.256183712164,1.6089718147897034,1.2176430183407032,5172.32634174451,0.18876380194090414,0.7445567797075775,0.9911184758574647,0.938286781830162,1.0,0.20112147684871293,0.8529002479289322,0.7857142857142857,1.0,0.2654136427760678,0.2654136427760678,inside_convoy_envelope,inside,True,0.0524568036198616,2.0369608402252197,1.4868686199188232,1.8640519380569458,vae_candidate_pool_v1,belief_limited_heuristic_v1,115
VAE000174,vae_candidate_000174,0.6953099285545306,-1326.449951171875,780.0379028320312,1710.0208856740826,-0.5369937817571859,-0.03213313663976425,5.210350544203438,17,8159.89291632164,2479.4448973768126,0.8402528628400536,-2.6367320084723715,8341.15155751789,0.2531033111277839,0.9139361647056574,0.9840699929560115,0.4836854757905179,1.0,0.1050316078550067,0.9912143431390663,0.40476190476190477,0.0,0.311424457279925,0.0,astern_vae,astern,False,0.07906876504421234,1.7403833866119385,1.5247249603271484,1.1393918991088867,vae_candidate_pool_v1,belief_limited_heuristic_v1,116
VAE000832,vae_candidate_000832,0.6943663477584303,902.740234375,-3168.482666015625,3035.7993151276687,1.920211065639142,0.31052779081184684,7.591801973637525,9,8755.654912950587,2707.07661142476,0.37971112925805506,1.5319093787624978,3045.424947745999,0.3929325079424313,0.9264307085898299,0.9618950894929327,0.9992439979120974,0.7251011780347616,0.04746389115725688,0.913439308389148,0.21428571428571427,1.0,0.26271946641557387,0.26271946641557387,inside_convoy_envelope,inside,True,0.06100834161043167,1.85628080368042,2.5464096069335938,1.1756857633590698,vae_candidate_pool_v1,belief_limited_heuristic_v1,117
VAE001015,vae_candidate_001015,0.6941584011648603,-2284.950927734375,-647.7071533203125,2502.7822232729286,0.20684010057195404,-0.19224642362347794,5.936685184273577,17,8474.934053747576,2418.2956311702806,0.8294748118161718,2.7425061293943616,8748.636275173565,0.41120337925598616,0.9980049822221754,0.958320240342333,0.3885768130203797,1.0,0.10368435147702147,0.8476376502312074,0.40476190476190477,0.0,0.28711654110743984,0.0,astern_vae,astern,False,0.05178622901439667,2.304457664489746,2.5712428092956543,1.4995403289794922,vae_candidate_pool_v1,belief_limited_heuristic_v1,118
VAE001071,vae_candidate_001071,0.6935971877732631,-478.10400390625,4461.39453125,4314.912061776718,-1.4922535400491457,-0.012693987174328548,4.705137505206641,18,8391.809912729308,3708.383106277164,0.5784053126249897,-1.662033100714976,4457.539129936528,0.29311597336224526,0.4999868036546902,0.978674102754092,0.9958408118853119,1.0,0.07230066407812372,0.9996151027480258,0.42857142857142855,0.0,0.21997374359246993,0.0,port_vae,port,False,0.08555423468351364,2.2104294300079346,1.4927456378936768,1.7836999893188477,vae_candidate_pool_v1,belief_limited_heuristic_v1,119
VAE000953,vae_candidate_000953,0.6933465704452081,1162.732177734375,-3487.056884765625,3916.2447257301756,1.8144255843842567,0.001706042260949662,5.861902839837657,7,8162.262943458946,2175.240444831645,0.3942577046602006,1.3288731114664867,4067.3309236301816,0.03855562377148325,0.647528022975039,0.9996284120039012,0.970879025427988,0.9684121246738527,0.049282213082525075,0.9672645147622168,0.16666666666666666,0.0,0.29024669086500104,0.0,ahead_vae,ahead,False,0.10318709909915924,2.2668235301971436,1.9725964069366455,1.4688615798950195,vae_candidate_pool_v1,belief_limited_heuristic_v1,120
VAE000033,vae_candidate_000033,0.6927584782968281,2565.884033203125,-1590.508544921875,2956.0381136424844,2.5895547124257154,-0.09043949040576803,4.920082296413189,12,8199.249615234125,2473.065641343399,0.5917952760744639,0.4615984507583096,8442.583852569593,0.40909233433884656,0.9432293438901928,0.9587411244889978,0.4453798349962085,1.0,0.07397440950930799,0.9622937499719229,0.2857142857142857,0.0,0.27692567998864687,0.0,ahead_vae,ahead,False,0.10437503457069397,0.7733955383300781,1.5034499168395996,1.302285075187683,vae_candidate_pool_v1,belief_limited_heuristic_v1,121
VAE000537,vae_candidate_000537,0.6926211479117337,-2712.848876953125,2025.7242431640625,3130.205661755059,-0.6035811432202679,-0.0634984941019846,6.703589433380587,16,8542.553973277983,2795.979610996677,0.6698819118544987,-2.60151000447151,8764.37162995593,0.1367492489334593,0.9041192539894054,0.9953321916757404,0.5142068787632912,1.0,0.08373523898181234,0.690688075764108,0.38095238095238093,0.0,0.25775921229180715,0.0,astern_vae,astern,False,0.03417954221367836,2.385664939880371,1.9435384273529053,1.0541008710861206,vae_candidate_pool_v1,belief_limited_heuristic_v1,122
VAE000398,vae_candidate_000398,0.6924552058439698,1760.39697265625,2716.99072265625,3578.3208421351605,-2.218431224229548,0.11185677266574302,3.708581413254862,11,8020.160680549528,2874.251916280386,0.47718280561989695,-0.811304656694502,7606.672482331705,0.3837901636323755,0.769153261433526,0.9636260596924761,0.7251861164463003,1.0,0.05964785070248712,0.8805163368449588,0.2619047619047619,0.0,0.25087549275607135,0.0,ahead_vae,ahead,False,0.05613705888390541,0.8491052389144897,2.508183240890503,1.3389835357666016,vae_candidate_pool_v1,belief_limited_heuristic_v1,123
VAE000854,vae_candidate_000854,0.6918418634165024,1645.160888671875,-3981.835693359375,4164.495268709025,1.9852293989848602,0.16034847623293233,5.084286359878955,19,8851.14670538291,2345.9421780884427,0.9150330029164823,1.3167117308378657,4495.442693436794,0.19215679273562247,0.5551301675672529,0.9907973109598518,0.9678937966894648,1.0,0.11437912536456028,0.9870361561069056,0.4523809523809524,0.0,0.2751368679178885,0.0,ahead_vae,ahead,False,0.07729797065258026,2.172565460205078,2.9569125175476074,1.3926082849502563,vae_candidate_pool_v1,belief_limited_heuristic_v1,124
VAE000169,vae_candidate_000169,0.6916234062739962,-112.4970703125,-1879.1513671875,1777.717920588575,1.398634556713211,0.08453858464495041,6.620859685028728,7,7686.954328784173,2565.269025037929,0.3549856701432691,1.8274966815215328,4432.856847525164,0.2066837455812387,0.9294137009987995,0.9893584207786322,0.9672329903656869,1.0,0.04437320876790864,0.9073595672339121,0.16666666666666666,1.0,0.30396698086305557,0.30396698086305557,inside_convoy_envelope,inside,True,0.06005716696381569,1.442580223083496,1.995755910873413,1.178127408027649,vae_candidate_pool_v1,belief_limited_heuristic_v1,125
VAE000576,vae_candidate_000576,0.6915743821221073,-2350.3115234375,-920.68896484375,3043.253354277525,0.439181923500602,-0.03504074573930476,5.293536912341322,15,8280.022110325413,2315.345490696116,0.7824272328420365,2.667369984349887,8423.600399519648,0.18613781785501532,0.924762516472249,0.9913631583780624,0.4566470344895308,1.0,0.09780340410525457,0.8678096276350697,0.35714285714285715,0.0,0.28601756683924107,0.0,astern_vae,astern,False,0.054407086223363876,0.6003483533859253,2.522899627685547,1.0400651693344116,vae_candidate_pool_v1,belief_limited_heuristic_v1,126
VAE000568,vae_candidate_000568,0.6906557065401804,-153.10418701171875,1721.2762451171875,1709.6781668350511,-1.4885343046726882,-0.13074563279530838,5.028146204728101,13,8102.542006963258,2587.407277505648,0.6200936238260228,-1.7838039817124134,4241.812313427871,0.35717866833387535,0.913854440155877,0.9684434899915084,0.9773995166018646,1.0,0.07751170297825286,0.8941580590427834,0.30952380952380953,1.0,0.3061337578585304,0.3061337578585304,inside_convoy_envelope,inside,True,0.05807811766862869,2.3001210689544678,1.5202398300170898,1.9320569038391113,vae_candidate_pool_v1,belief_limited_heuristic_v1,127
VAE000479,vae_candidate_000479,0.6904971765298319,2315.75390625,-807.0333251953125,2603.8315320477373,2.6477982789134265,-0.08987852580305503,4.889334909316947,15,7717.735882007514,2212.927936873021,0.8782821888532251,0.4039158488733119,7966.411758623995,0.4916071387632588,0.992176830817955,0.9407876791707639,0.3930220831049677,1.0,0.10978527360665313,0.9487545066486038,0.35714285714285715,0.0,0.30037532347694024,0.0,ahead_vae,ahead,False,0.10728174448013306,1.6517088413238525,2.5163872241973877,1.3036772012710571,vae_candidate_pool_v1,belief_limited_heuristic_v1,128
VAE000521,vae_candidate_000521,0.6896655785584415,-2287.90185546875,2761.61181640625,3896.326130933695,-0.7779301489152772,0.13848594621372728,4.119603886859525,21,9336.753508529693,2135.7671389892867,1.053099729107817,-2.225176558460789,7377.551251614702,0.08605464465765322,0.6549149594282824,0.9981497917507433,0.793425313377014,1.0,0.13163746613847713,0.9872482830257132,0.5,0.0,0.2925025741995275,0.0,astern_vae,astern,False,0.09715253114700317,0.6983601450920105,1.5225310325622559,1.2672439813613892,vae_candidate_pool_v1,belief_limited_heuristic_v1,129
VAE000270,vae_candidate_000270,0.6895009227473567,-244.95556640625,2109.7021484375,2051.3862729707894,-1.4738199411030666,0.07150320503364371,5.711175741457021,18,8663.344358241518,2196.810930217983,0.9457889744505017,-1.5962695074530828,2416.757302681802,0.1454177430881749,0.9772880646143567,0.9947227294106805,0.9996755760769092,0.575418405400429,0.11822362180631271,0.9995166684559382,0.42857142857142855,1.0,0.313668506229841,0.313668506229841,inside_convoy_envelope,inside,True,0.08918523043394089,0.7178706526756287,2.968291759490967,1.107508897781372,vae_candidate_pool_v1,belief_limited_heuristic_v1,130
VAE000615,vae_candidate_000615,0.6890697891269719,2356.328857421875,1523.0130615234375,2779.769298294092,-2.6573059981396625,-0.017576849094607484,5.755648412080448,9,8542.537594345524,1932.9153272403282,0.545058078478701,-0.501863504544738,8418.985422176149,0.39700127838721766,0.9731046465578723,0.9611123041062664,0.48106008431203956,1.0,0.06813225980983763,0.9647444839520176,0.21428571428571427,0.0,0.3222356446262755,0.0,ahead_vae,ahead,False,0.1037992537021637,2.0088353157043457,1.9537386894226074,1.0355689525604248,vae_candidate_pool_v1,belief_limited_heuristic_v1,131
VAE000026,vae_candidate_000026,0.6890681858810066,2214.465576171875,-1654.7791748046875,2701.2223998542077,2.4524930631901674,-0.3180029847871533,4.610959645008282,15,7602.01089527507,2505.913037402533,0.7874024753375499,0.371096605612473,7993.28211867613,0.5058403735944361,0.9829940994279163,0.9373837932200867,0.36263760973071446,1.0,0.09842530941719374,0.9627472683955007,0.35714285714285715,0.0,0.27955320017058316,0.0,ahead_vae,ahead,False,0.0702630802989006,2.154909610748291,2.0416712760925293,1.2715685367584229,vae_candidate_pool_v1,belief_limited_heuristic_v1,132
VAE000352,vae_candidate_000352,0.6883234314745048,-2688.899658203125,-2437.028564453125,3755.272725776174,0.7281492821405116,0.041524914166235494,3.757178642900546,25,7892.283221645586,2435.016443934959,1.3008746429429288,2.4549682856155175,7647.445802819597,0.08655255692790031,0.7066538074118464,0.9981283326023017,0.6339301177857103,1.0,0.1626093303678661,0.9615670861393439,0.5952380952380952,0.0,0.27257387586809195,0.0,astern_vae,astern,False,0.10454234480857849,0.7794180512428284,2.037431001663208,1.073948860168457,vae_candidate_pool_v1,belief_limited_heuristic_v1,133
VAE000559,vae_candidate_000559,0.6871982297931403,-442.57452392578125,-3169.967529296875,3420.532283769204,1.4932124715245716,0.18449604128297958,2.1769125769476942,14,7840.889890176991,2267.0867756042003,0.787579742395262,1.8328762233482012,4221.169036532358,0.27358651595075073,0.8212905883523246,0.9814040316660329,0.9658531872801126,1.0,0.09844746779940775,0.9808427860599733,0.3333333333333333,1.0,0.2865784290289264,0.2865784290289264,inside_convoy_envelope,inside,True,0.09940343350172043,1.0838375091552734,1.5566420555114746,1.5717923641204834,vae_candidate_pool_v1,belief_limited_heuristic_v1,134
VAE001022,vae_candidate_001022,0.6871569981411128,-2798.218505859375,-2382.728271484375,3276.554215917431,0.5087891415772545,-0.07237758769553626,6.202432476737885,0,8086.92236213134,2841.0520818972896,0.0,2.560425924317003,8318.96930474971,0.024218220154849868,0.8648101853300353,0.9998533766198318,0.5489994890289897,1.0,0.0,0.9766177873576968,0.0,0.0,0.25485771102997523,0.0,astern_vae,astern,False,0.100689597427845,0.6766312122344971,2.5008046627044678,1.5694103240966797,vae_candidate_pool_v1,belief_limited_heuristic_v1,135
VAE000500,vae_candidate_000500,0.6866463426625566,3639.88525390625,947.9736328125,3275.7282173536714,-2.836909979600931,-0.05508082959370888,4.055368675896425,27,8652.039824012634,2322.9122423052186,1.3434219860937089,-0.35976350358257103,8915.925139974257,0.05509565391087223,0.8650468361086062,0.9992413091782965,0.3520528871798235,1.0,0.1679277482617136,0.9874356995669111,0.6428571428571429,0.0,0.2827079930048987,0.0,ahead_vae,ahead,False,0.07745377719402313,1.44350004196167,1.968215823173523,1.8989403247833252,vae_candidate_pool_v1,belief_limited_heuristic_v1,136
VAE000424,vae_candidate_000424,0.6860518004860643,-2224.72216796875,-869.5437622070312,2073.4968936868027,0.39529446342252444,0.0451105324441315,5.101650829773696,18,8182.9322932794685,2467.605490476278,0.8914311777485358,2.7914087226114006,8532.869933949663,0.17212434649279404,0.9800496576686402,0.9926115706768511,0.3430705813964064,1.0,0.11142889721856697,0.8296100799691374,0.42857142857142855,0.0,0.2958285115992207,0.0,astern_vae,astern,False,0.04954963177442551,1.0019831657409668,2.9715096950531006,1.6174412965774536,vae_candidate_pool_v1,belief_limited_heuristic_v1,137
VAE000560,vae_candidate_000560,0.685474094217663,2115.349365234375,3528.916748046875,4136.01539286023,-2.0308038249653353,-0.056391579003989604,4.406678111452219,13,8961.325664718366,2744.8085898638874,0.528517081066936,-1.1671804076284473,6043.781870905335,0.1331522437455046,0.5656912245683287,0.9955741647916192,0.9196468704531564,1.0,0.066064635133367,0.9920652273077778,0.30952380952380953,0.0,0.25192412144154425,0.0,ahead_vae,ahead,False,0.07947751134634018,1.2265510559082031,2.937549591064453,1.8950080871582031,vae_candidate_pool_v1,belief_limited_heuristic_v1,138
VAE001163,vae_candidate_001163,0.6852739501902703,2715.64892578125,1003.9418334960938,3091.842941600674,-2.709751955345139,0.007818990360117274,6.997351265820953,15,8752.66108757953,2317.024879815453,0.7396401013169366,-0.424021707884537,8930.831989923274,0.26114014718251966,0.9134913160746113,0.9830481202043989,0.41142932256934633,1.0,0.09245501266461707,0.957466813532934,0.35714285714285715,0.0,0.2848246010570059,0.0,ahead_vae,ahead,False,0.10545983910560608,2.2471582889556885,1.9270250797271729,1.0762195587158203,vae_candidate_pool_v1,belief_limited_heuristic_v1,139
VAE000446,vae_candidate_000446,0.6848410978297895,2119.04541015625,2883.056884765625,3685.834564996491,-2.261665291323887,0.2023762249204076,4.440491629228397,18,7937.020963691341,2667.663695627316,0.8501271754912162,-0.6775511373454984,7856.137712835227,0.23711711240736832,0.7315816727371207,0.9860096037216329,0.6268869717171552,1.0,0.10626589693640202,0.9741173107616453,0.42857142857142855,0.0,0.25974837962479347,0.0,ahead_vae,ahead,False,0.10139811784029007,0.6869462132453918,1.5203132629394531,1.8866958618164062,vae_candidate_pool_v1,belief_limited_heuristic_v1,140
VAE000087,vae_candidate_000087,0.6846159825882454,-999.6619262695312,4651.32373046875,4180.708485165876,-1.3757616903577186,0.06540919920423466,4.35679278358718,20,7918.131612562472,4073.28396614352,0.620101228600421,-1.7004217640278398,5062.629982228389,0.6342231914248294,0.5491309828510101,0.9027661194520236,0.9916103802801065,1.0,0.07751265357505263,0.8813854078075039,0.47619047619047616,0.0,0.2143522616295437,0.0,port_vae,port,False,0.05625796318054199,1.6598663330078125,2.4082491397857666,1.3302134275436401,vae_candidate_pool_v1,belief_limited_heuristic_v1,141
VAE000990,vae_candidate_000990,0.6843003649384042,-2645.455810546875,-631.1424560546875,2569.715750926987,0.276426482998443,-0.042669994761962975,4.717090724790467,14,8516.825463306908,1962.6091904198847,0.8375610259364551,2.8224961758293876,8702.577442186328,0.1358241925444015,0.9945699125600985,0.9953950331649513,0.3137087770233806,1.0,0.10469512824205689,0.9918542040716896,0.3333333333333333,0.0,0.32221902463647994,0.0,astern_vae,astern,False,0.09515872597694397,1.8022139072418213,1.4925734996795654,1.129654049873352,vae_candidate_pool_v1,belief_limited_heuristic_v1,142
VAE000540,vae_candidate_000540,0.6837167001449255,3634.57373046875,182.35214233398438,3506.6435488720545,-2.9296847427441213,-0.2799737098909886,3.4864071009957076,26,8006.008788560062,3102.579748082283,1.0467291819857854,-0.4918816207366604,8522.165196839094,0.18280537435656363,0.7933389546146713,0.991668788494267,0.47228526987045927,1.0,0.13084114774822317,0.844629999238039,0.6190476190476191,0.0,0.24279572939594968,0.0,ahead_vae,ahead,False,0.05140678212046623,1.5783631801605225,1.9992347955703735,1.9248414039611816,vae_candidate_pool_v1,belief_limited_heuristic_v1,143
VAE000541,vae_candidate_000541,0.6833889879292545,3243.923828125,-1510.4033203125,3541.514712181437,2.6673148543865657,0.06014122757353187,5.314946972363692,19,8066.5849904276065,2917.482057976634,0.8073385552210548,0.5344190267767595,8427.8118928361,0.2624104223762709,0.7816686456431794,0.9828837492962674,0.5093411603751176,1.0,0.10091731940263185,0.9861581541151813,0.4523809523809524,0.0,0.2493172193393456,0.0,ahead_vae,ahead,False,0.09756927937269211,1.2855044603347778,2.9236276149749756,1.9433577060699463,vae_candidate_pool_v1,belief_limited_heuristic_v1,144
VAE000662,vae_candidate_000662,0.6827082137873006,108.76239013671875,-4517.9990234375,4203.040643306403,1.4677914237103122,0.08210695134059341,5.380779924869427,20,8051.090048910076,2542.5168090392926,0.977038053214362,1.7559081812200745,3980.934890571876,0.254505358560174,0.5408856636344088,0.9838939741682213,0.9829156692475427,0.9478416406123514,0.12212975665179525,0.9054837060488284,0.47619047619047616,0.0,0.26342379110926784,0.0,starboard_vae,starboard,False,0.059769079089164734,1.923957109451294,1.503765344619751,1.8889023065567017,vae_candidate_pool_v1,belief_limited_heuristic_v1,145
VAE000258,vae_candidate_000258,0.6825022422358867,-2089.938232421875,-3923.774658203125,4341.526421184135,1.137976945675994,-0.1330701620278541,4.944083129040416,22,8429.139361485693,3275.8112295765823,0.7967472611688103,1.8705455458859446,5618.706147042427,0.36604512979330717,0.4903795553821754,0.9668750963601599,0.9554105699098053,1.0,0.09959340764610129,0.9887332915680828,0.5238095238095238,0.0,0.23113208040034017,0.0,astern_vae,astern,False,0.09655559062957764,1.2722935676574707,2.4437272548675537,1.7202088832855225,vae_candidate_pool_v1,belief_limited_heuristic_v1,146
VAE001146,vae_candidate_001146,0.6823161308608824,418.40386962890625,-3785.261474609375,3490.9501653699663,1.5158417628744751,-0.0918997264216622,6.523869863978839,7,8012.502119722901,3023.087205171034,0.2889875994253954,1.5338511642936565,3316.980120791647,0.12253466869671259,0.7985279530609385,0.9962510081119833,0.9993176051084691,0.7897571716170588,0.03612344992817443,0.949619310696958,0.16666666666666666,1.0,0.2457527182422396,0.2457527182422396,inside_convoy_envelope,inside,True,0.06742526590824127,1.2394335269927979,2.95447039604187,1.6032581329345703,vae_candidate_pool_v1,belief_limited_heuristic_v1,147
VAE000720,vae_candidate_000720,0.6808879174982629,2676.93603515625,-1369.94873046875,2899.450528016934,2.7132206721553005,0.02869210461149946,4.082846822081958,9,8369.9811653012,2207.501797584733,0.4870986913911152,0.4570640860459927,8485.02424804648,0.5257369427589511,0.9539393668262376,0.932477170694916,0.4413154643896941,1.0,0.0608873364238894,0.9996220162717407,0.21428571428571427,0.0,0.2956324504920862,0.0,ahead_vae,ahead,False,0.08896324038505554,0.6408220529556274,2.006535530090332,1.8817479610443115,vae_candidate_pool_v1,belief_limited_heuristic_v1,148
VAE000476,vae_candidate_000476,0.6806369276050352,970.9406127929688,-2228.049560546875,2354.6137090369216,2.0198545293280983,-0.21803484939564322,5.599702756147893,0,8213.293428182888,2410.0415808447356,0.0,0.9037032748660521,6974.989740123598,0.2746077294158744,0.9996106778079451,0.9812658217269565,0.7856235255754558,1.0,0.0,0.970662153558306,0.0,1.0,0.29116468548580626,0.29116468548580626,inside_convoy_envelope,inside,True,0.10232512652873993,1.0386145114898682,2.4800455570220947,1.166490077972412,vae_candidate_pool_v1,belief_limited_heuristic_v1,149
VAE000974,vae_candidate_000974,0.6803755495553756,-349.06597900390625,-2042.09326171875,2227.3307409273316,1.208025694859375,0.08298308602763177,6.196855969714803,0,8671.019507806272,2029.4796206811427,0.0,2.0165500447580507,5569.577609891081,0.04820386907368124,0.9943798086493219,0.9994192092257314,0.9022859652077062,1.0,0.0,0.9445969948499409,0.0,1.0,0.32254033796996995,0.32254033796996995,inside_convoy_envelope,inside,True,0.06643244624137878,1.08815598487854,1.5101289749145508,1.1248730421066284,vae_candidate_pool_v1,belief_limited_heuristic_v1,150
VAE001198,vae_candidate_001198,0.6800609316535828,2134.224609375,3566.343017578125,4150.612201507092,-2.0661746520806945,0.024206102811997813,5.121071423095464,13,8334.724389104347,3283.77792371443,0.47498328877757096,-1.0512118986971009,6988.756083582166,0.05354433758141352,0.5602749607703146,0.999283422204931,0.86802559415957,1.0,0.05937291109719637,0.9684135933882237,0.30952380952380953,0.0,0.2319987616556275,0.0,ahead_vae,ahead,False,0.10290056467056274,1.2101430892944336,2.4217581748962402,1.4381413459777832,vae_candidate_pool_v1,belief_limited_heuristic_v1,151
VAE000181,vae_candidate_000181,0.6798717813774912,-3.8309326171875,-4275.25439453125,4216.375651234566,1.4194013395494356,0.031148449592560648,3.716696976710881,6,7944.820212119491,3372.21027280684,0.2239507543107921,1.7533397636329184,4758.415367594899,0.20159918174270985,0.5359731710195437,0.9898738082039243,0.9833851605913135,1.0,0.02799384428884901,0.9473481155673444,0.14285714285714285,0.0,0.2296842522634697,0.0,starboard_vae,starboard,False,0.06697092950344086,1.080582857131958,1.5272514820098877,1.082425832748413,vae_candidate_pool_v1,belief_limited_heuristic_v1,152
VAE001019,vae_candidate_001019,0.6797933083719354,-1763.75341796875,-3298.946044921875,4030.4315328551647,1.228086841649914,-0.11759297062489579,3.2167767883768206,27,8723.13046190017,1714.4735025749674,1.8053467104327463,1.7959128413149836,3618.3907310833547,0.41575165940232767,0.6050068505491566,0.9574065002522245,0.9747681053215662,0.861521602638894,0.2256683388040933,0.9755256384726101,0.6428571428571429,0.0,0.3402240514630551,0.0,astern_vae,astern,False,0.10100333392620087,1.1606323719024658,2.9398767948150635,1.6637098789215088,vae_candidate_pool_v1,belief_limited_heuristic_v1,153
VAE001210,vae_candidate_001210,0.6797867155426263,2966.83203125,-2350.052001953125,3577.763183350664,2.4258010830549908,0.008116267998908156,3.9476520177926133,14,7839.1146426975565,1884.0616636196357,0.9479073856889861,0.7239078385337108,7121.093898177119,0.21358776492975062,0.76934432174039,0.9886383582912752,0.6623175651001908,1.0,0.11848842321112327,0.9999851784382539,0.3333333333333333,0.0,0.3213331978683908,0.0,ahead_vae,ahead,False,0.08760242909193039,2.1707098484039307,2.467050313949585,1.4709248542785645,vae_candidate_pool_v1,belief_limited_heuristic_v1,154
VAE000221,vae_candidate_000221,0.6790452149489654,2561.4677734375,1912.4722900390625,3692.751405192349,-2.502511227186716,-0.1538636066062666,4.67072262618207,16,8521.037915913497,2331.742339263491,0.8052800245114002,-0.7929450330093439,7640.8274672753905,0.4444240386545517,0.7291192388530547,0.9514292213850718,0.7124230365866255,1.0,0.10066000306392503,0.9413079410595867,0.38095238095238093,0.0,0.2790519170623474,0.0,ahead_vae,ahead,False,0.06580442190170288,1.6006367206573486,2.059027671813965,1.131805181503296,vae_candidate_pool_v1,belief_limited_heuristic_v1,155
VAE000146,vae_candidate_000146,0.6786960103410595,1841.274169921875,544.7356567382812,2202.667464660038,-2.781558873676767,0.07762731209738483,4.069256082499381,25,8246.857219766229,3405.7377866234756,0.8901031239199952,-0.2824064678156414,8869.24829678967,0.6605193018594093,0.99266594333486,0.894836866135032,0.2786675951137707,1.0,0.1112628904899994,0.8506957287116808,0.5952380952380952,0.0,0.256087865844069,0.0,ahead_vae,ahead,False,0.05217484384775162,1.6954011917114258,1.513044834136963,1.9068931341171265,vae_candidate_pool_v1,belief_limited_heuristic_v1,156
VAE000213,vae_candidate_000213,0.6786401844054659,-319.36151123046875,-2152.1064453125,2647.5329079185094,1.427678220588766,-0.12449562385675657,5.545460442576476,13,7762.531177008316,2227.849581999012,0.7517165807520519,1.5894188091442703,2372.01253217747,0.3359330084291725,0.9884841104858522,0.9720515771068059,0.9998266065866847,0.5647648886136833,0.09396457259400649,0.8651975291477284,0.30952380952380953,1.0,0.2984460259749769,0.2984460259749769,inside_convoy_envelope,inside,True,0.054059602320194244,0.6887126564979553,1.8860619068145752,1.5502127408981323,vae_candidate_pool_v1,belief_limited_heuristic_v1,157
VAE001031,vae_candidate_001031,0.6784951311943025,-2918.36083984375,1938.52783203125,3669.3522314305387,-0.5941931073409719,0.0034857985255855365,4.21180323399381,19,9037.864191670884,2554.5791016831286,0.8229404976322733,-2.5439137477232356,8908.622236528392,0.14401572647930388,0.7374292830972308,0.9948238233040514,0.5627252724625004,1.0,0.10286756220403416,0.9997680744587722,0.4523809523809524,0.0,0.26452326657463116,0.0,astern_vae,astern,False,0.08593739569187164,0.9690061211585999,2.0143702030181885,1.7310876846313477,vae_candidate_pool_v1,belief_limited_heuristic_v1,158
VAE000435,vae_candidate_000435,0.6779484792572577,603.4775390625,3167.550048828125,3554.159419435037,-1.54869436935587,0.006591478283868942,6.058499185190175,0,8290.120339573396,3311.9179935050815,0.0,-1.5863068059500542,3440.0982023276874,0.05351687272923788,0.7773910963834215,0.999284156958983,0.9998797149296824,0.8190710005542113,0.0,0.971538782084352,0.0,1.0,0.23529371233919538,0.23529371233919538,inside_convoy_envelope,inside,True,0.0724378153681755,2.234017848968506,1.5065722465515137,1.9212925434112549,vae_candidate_pool_v1,belief_limited_heuristic_v1,159
VAE000651,vae_candidate_000651,0.6773259361164325,-2293.62060546875,2668.659423828125,3480.8064987284265,-0.8664402051308704,-0.08194003233762419,4.993991083589374,8,8517.70275262916,2167.274264072113,0.4333648000557223,-2.3570924807965468,7559.449023383203,0.3804479729406218,0.8018602614023942,0.9642491900332768,0.7064715209253308,1.0,0.05417060000696529,0.8434261340889314,0.19047619047619047,0.0,0.2931618969435519,0.0,astern_vae,astern,False,0.05125564709305763,1.3479599952697754,1.5067611932754517,1.796534538269043,vae_candidate_pool_v1,belief_limited_heuristic_v1,160
VAE000774,vae_candidate_000774,0.6772043155741077,1574.9267578125,-3555.82421875,3574.0887742425466,2.008247591095457,-0.26337426056967167,3.745983088632175,14,8877.940834746889,1985.8253396628427,0.7940991682560133,0.869970801924665,7242.716442872999,0.41302654274621053,0.7706021384131827,0.9579551080479602,0.7643101090055977,1.0,0.09926239603200167,0.7886262014897147,0.3333333333333333,0.0,0.30904714860128346,0.0,ahead_vae,ahead,False,0.04474137723445892,2.2637991905212402,2.4552834033966064,1.3078017234802246,vae_candidate_pool_v1,belief_limited_heuristic_v1,161
VAE000070,vae_candidate_000070,0.6769972644731426,1997.186767578125,1788.1300048828125,3273.05503524669,-2.261138437512301,0.0750409323404574,5.656237240718137,7,8832.086537898682,1424.4358911409124,0.5564060151617404,-0.8054132837370348,7146.171723401248,0.2982754358211459,0.8658116229199705,0.9779223558962116,0.7211170330321561,1.0,0.06955075189521755,0.9762792612083905,0.16666666666666666,0.0,0.3958653732182778,0.0,ahead_vae,ahead,False,0.07374534010887146,2.1728405952453613,1.4948618412017822,1.1657103300094604,vae_candidate_pool_v1,belief_limited_heuristic_v1,162
VAE001051,vae_candidate_001051,0.676318291252825,-3363.25,-1422.1767578125,3563.7075195756315,0.4060197470296763,-0.09191577993806777,4.998352098363523,28,8653.436077884215,2269.6523371053936,1.4256407608141424,2.6436571266220494,8686.668193225407,0.18987237356833173,0.7741455993485179,0.9910141652531843,0.4776127726913777,1.0,0.1782050951017678,0.9244439906318449,0.6666666666666666,0.0,0.28429227582270594,0.0,astern_vae,astern,False,0.06280649453401566,2.3257973194122314,2.951093912124634,1.2838313579559326,vae_candidate_pool_v1,belief_limited_heuristic_v1,163
VAE001119,vae_candidate_001119,0.6761162479162084,-2358.6826171875,-654.4478759765625,2577.5904878702027,0.24411973983788116,0.06188799424667673,5.889989133418309,17,8237.962845539943,2660.735224846107,0.7755814857780435,2.959360907998589,8583.74738823359,0.0172874908062369,0.9940558499419181,0.9999252875261315,0.18122481458189169,1.0,0.09694768572225544,0.9212917482013387,0.40476190476190477,0.0,0.27265947369182664,0.0,astern_vae,astern,False,0.06228042393922806,1.9270761013031006,2.4689059257507324,1.0615334510803223,vae_candidate_pool_v1,belief_limited_heuristic_v1,164
VAE001129,vae_candidate_001129,0.6756600708657748,-2652.74169921875,1633.6739501953125,3357.7599521857146,-0.6469146786017785,-0.058972003949175955,5.439018899642146,13,8173.37811970017,2201.052914884444,0.722622164090249,-2.5536499789371905,8021.748090724676,0.3102412029877363,0.8407983461079449,0.9761299805645156,0.554650331374469,1.0,0.09032777051128113,0.8703153706603701,0.30952380952380953,0.0,0.2917487200408758,0.0,astern_vae,astern,False,0.05474291369318962,1.662271499633789,1.5157523155212402,1.5637977123260498,vae_candidate_pool_v1,belief_limited_heuristic_v1,165
VAE000098,vae_candidate_000098,0.6750361966714677,-207.56365966796875,-3097.954833984375,3158.7020541433367,1.4409914103235335,-0.04937183720086427,5.324788144305593,5,8639.555569975055,2527.6486766421085,0.22896119952360158,1.6512294060653956,3213.633817322295,0.3112907013898747,0.8968967591328909,0.9759695185690247,0.9967670034274414,0.7651509088862607,0.028620149940450198,0.8430604568942438,0.11904761904761904,1.0,0.27085613575754713,0.27085613575754713,inside_convoy_envelope,inside,True,0.05120982229709625,1.7109768390655518,2.007589101791382,1.8175441026687622,vae_candidate_pool_v1,belief_limited_heuristic_v1,166
VAE000512,vae_candidate_000512,0.674357081457473,555.7269897460938,1721.1119384765625,1737.0416154763939,-1.8890741834324556,-0.058286425299960656,4.121348831202269,9,9129.983916794472,2469.271364334775,0.39921208234187866,-1.3108048954572982,4733.3502407318165,0.3367710320371568,0.9202739349794882,0.9719132840537719,0.9663921809354953,1.0,0.04990151029273483,0.7934038003341929,0.21428571428571427,1.0,0.30944939319882925,0.30944939319882925,inside_convoy_envelope,inside,True,0.0452856719493866,2.2157435417175293,2.6489081382751465,1.7582117319107056,vae_candidate_pool_v1,belief_limited_heuristic_v1,167
VAE001200,vae_candidate_001200,0.6738931649895713,2207.98876953125,3000.767333984375,4042.842092452582,-2.086266743284559,-0.03503000479442424,5.073099839741709,7,8107.921906819165,2665.146916951171,0.3239420515983266,-1.0903559150996585,6110.665968474177,0.151616745286844,0.600378653532567,0.9942640911940046,0.8867914638144749,1.0,0.04049275644979083,0.9309400666647254,0.16666666666666666,0.0,0.2574551658896061,0.0,ahead_vae,ahead,False,0.06392201036214828,1.7384449243545532,2.4927425384521484,1.1005033254623413,vae_candidate_pool_v1,belief_limited_heuristic_v1,168
VAE000608,vae_candidate_000608,0.6734959196743194,-2211.763916015625,2156.379638671875,3294.2581029428643,-0.659296161928367,-0.17835543655284314,4.28162184917758,4,7813.8714875595715,2601.0957460107684,0.1968055711722329,-2.660651928214269,8130.768586978417,0.010200734179019675,0.8597001954708119,0.9999739864811231,0.462613389721219,1.0,0.024600696396529113,0.9892272010310853,0.09523809523809523,0.0,0.2665726727553192,0.0,astern_vae,astern,False,0.09634856879711151,1.824008822441101,2.4907467365264893,1.8292975425720215,vae_candidate_pool_v1,belief_limited_heuristic_v1,169
VAE000881,vae_candidate_000881,0.6725589590063893,3030.5771484375,-397.840576171875,2717.165057931819,2.7914324883509667,-0.020403734122017167,4.03290401974281,11,9494.11036315585,2442.1635212422866,0.4744207431461221,0.32975643111680886,9773.382791631991,0.24670518253227458,0.9811638426726611,0.9848611559783108,0.32381259230802595,1.0,0.05930259289326526,0.8074205283987596,0.2619047619047619,0.0,0.280809142043759,0.0,ahead_vae,ahead,False,0.046905308961868286,2.105679750442505,1.9528841972351074,1.9119960069656372,vae_candidate_pool_v1,belief_limited_heuristic_v1,170
VAE000255,vae_candidate_000255,0.6720996300896521,-2041.980224609375,-2990.412353515625,3809.4524809499794,0.8839235688165625,-0.15410778891364976,3.1031461371910973,10,7911.6722687541605,1630.7148879375727,0.7750927505606506,2.1035612958595804,5423.1807377122195,0.22676210448431766,0.6869247748790115,0.9871997285888938,0.8614059901449942,1.0,0.09688659382008133,0.9945863777960872,0.23809523809523808,0.0,0.35489299759239795,0.0,astern_vae,astern,False,0.08083691447973251,1.5341289043426514,1.503765344619751,1.7763111591339111,vae_candidate_pool_v1,belief_limited_heuristic_v1,171
VAE000970,vae_candidate_000970,0.671878278674882,105.33255004882812,3537.499267578125,3350.5075550117526,-1.7172251842326107,-0.051070236111133496,3.4502264707056067,12,8151.125119973989,2668.894158460906,0.55161025976611,-1.4754377054683159,3432.871454424914,0.4131936364518414,0.8430008933336719,0.9579215673515675,0.9954568109376521,0.8173503462916463,0.06895128247076375,0.7809012588224433,0.2857142857142857,1.0,0.2620354726457159,0.2620354726457159,inside_convoy_envelope,inside,True,0.04386891424655914,1.6404004096984863,2.9355735778808594,1.1832984685897827,vae_candidate_pool_v1,belief_limited_heuristic_v1,172
VAE000787,vae_candidate_000787,0.6717932304257468,3029.5068359375,1973.751953125,3391.4363944712823,-2.4953011717398272,0.09197118273333102,3.113546210299615,4,8986.826539674306,2917.4493233019953,0.15256338327616872,-0.5543202991166349,9176.769497386276,0.139556701989203,0.8304295999512177,0.9951388790502671,0.5263655004456281,1.0,0.01907042290952109,0.8785132565421643,0.09523809523809523,0.0,0.24940761571668543,0.0,ahead_vae,ahead,False,0.05585971474647522,1.6310441493988037,2.930006504058838,1.4349709749221802,vae_candidate_pool_v1,belief_limited_heuristic_v1,173
VAE001002,vae_candidate_001002,0.671576140446565,-1982.484619140625,-3728.19970703125,4135.362170091252,1.0980216792658353,0.016346735432729548,6.2930619100278715,17,8763.840110931404,2332.3617746201703,0.8316844099901567,2.059917709756687,6176.577498484435,0.3623629655832131,0.5659337626959395,0.9675308998624947,0.8827460179145897,1.0,0.10396055124876959,0.9986627326866213,0.40476190476190477,0.0,0.2763258285550876,0.0,astern_vae,astern,False,0.08407417684793472,0.8085209131240845,2.4574334621429443,1.351495385169983,vae_candidate_pool_v1,belief_limited_heuristic_v1,174
VAE000430,vae_candidate_000430,0.6715711672352073,-1171.906982421875,-1086.7025146484375,1670.155643717291,0.6032815959357736,0.23276674767275593,5.948784178611161,17,8597.171889764197,2659.168545600148,0.7436138094887398,2.771077805326776,8976.649463731444,0.07923965557124002,0.9042094181562036,0.9984310904258967,0.36209539113173367,1.0,0.09295172618609247,0.9427237039064461,0.40476190476190477,0.0,0.30472829343205277,0.0,astern_vae,astern,False,0.0660727396607399,0.693780779838562,1.9905126094818115,1.41885244846344,vae_candidate_pool_v1,belief_limited_heuristic_v1,175
VAE000190,vae_candidate_000190,0.6715581410779699,261.44232177734375,-3201.2734375,3119.9220493652597,1.5852871928449392,0.0899311790406357,5.7356789691165275,13,7633.045936482614,2089.34206827528,0.8151469868595246,1.6462366397854897,2658.692736232787,0.06474903616247428,0.9066715690322775,0.998952256705625,0.9971557289245264,0.6330220800554255,0.10189337335744057,0.9661906979587087,0.30952380952380953,1.0,0.3041229898584698,0.3041229898584698,inside_convoy_envelope,inside,True,0.10345058143138885,2.2532896995544434,1.9880280494689941,1.6006791591644287,vae_candidate_pool_v1,belief_limited_heuristic_v1,176
VAE000920,vae_candidate_000920,0.6714458211034837,2253.99609375,2588.299560546875,3148.4165323541174,-2.3847109724140405,0.04019242390252445,7.122631627270425,6,8358.73227296339,1533.9953251949278,0.467936367186463,-0.7166892572732282,7310.025192390511,0.2532609120579892,0.8995288265425697,0.9840502545514836,0.6568920274087006,1.0,0.05849204589830787,0.8403869266814618,0.14285714285714285,0.0,0.37512487821561435,0.0,ahead_vae,ahead,False,0.0508759431540966,2.3184654712677,1.9694126844406128,1.2791041135787964,vae_candidate_pool_v1,belief_limited_heuristic_v1,177
VAE000133,vae_candidate_000133,0.6712081766079594,1492.948974609375,393.7079162597656,1723.690879201829,-2.6766752338852604,-0.04977593846570767,5.959796867422347,14,8881.446046243589,2692.223311908405,0.5855085931667019,-0.5146933581702404,9056.094146290108,0.5255809759626113,0.9171686586908531,0.93251630144687,0.4922679577311673,1.0,0.07318857414583774,0.8346066078410685,0.3333333333333333,0.0,0.29975131777804626,0.0,ahead_vae,ahead,False,0.050160787999629974,1.9393738508224487,1.9544198513031006,1.4435406923294067,vae_candidate_pool_v1,belief_limited_heuristic_v1,178
VAE000009,vae_candidate_000009,0.6711937138829133,154.15969848632812,-2216.0,2014.693884291852,1.5452088506701822,0.08549432601974608,5.61687551574259,9,7859.863217450724,2208.4743581418547,0.5184837625262203,1.6818781289393574,3066.1563451265515,0.2017424972100004,0.9723257237000089,0.9898594546879032,0.9938367579672933,0.7300372250301314,0.06481047031577754,0.8158204347690111,0.21428571428571427,1.0,0.31497323529603316,0.31497323529603316,inside_convoy_envelope,inside,True,0.04789381101727486,2.2761316299438477,2.054655075073242,1.5838927030563354,vae_candidate_pool_v1,belief_limited_heuristic_v1,179
VAE000685,vae_candidate_000685,0.6707640892026079,375.30279541015625,2475.17041015625,1989.402590106109,-1.828905944422283,-0.07855041195840344,5.460126306146722,10,8363.075025641716,2104.1700124434615,0.5682679727476933,-1.3912371211259136,3563.951016731583,0.44906353371644436,0.9686328745978464,0.9504270190091155,0.9839225124263792,0.8485597658884722,0.07103349659346166,0.8703328998683916,0.23809523809523808,1.0,0.3234200360290068,0.3234200360290068,inside_convoy_envelope,inside,True,0.05474527180194855,2.0412657260894775,1.4829988479614258,1.0548449754714966,vae_candidate_pool_v1,belief_limited_heuristic_v1,180
VAE000834,vae_candidate_000834,0.6707366445389364,-418.04107666015625,3395.986083984375,3405.354998041089,-1.425498613376356,0.1746019724989837,4.094139734456041,15,8408.873474084818,2687.5361944349074,0.6637417245616497,-1.5414920677144532,2932.7628706704945,0.24366957142414325,0.8260781382683384,0.9852295850761428,0.9995706609253978,0.6982768739691654,0.08296771557020621,0.8153429384658544,0.35714285714285715,1.0,0.2602637453537904,0.2602637453537904,inside_convoy_envelope,inside,True,0.04783723130822182,0.8182393312454224,2.961883306503296,1.2301158905029297,vae_candidate_pool_v1,belief_limited_heuristic_v1,181
VAE000944,vae_candidate_000944,0.6694161396822864,2944.010009765625,-1973.328857421875,3524.9319680107274,2.5774131824694924,0.07294948162259184,5.587429640055885,8,8731.732436567903,2252.598867697254,0.40672953126480954,0.6371289527428934,8358.676711819935,0.31839766814393267,0.7872419480456208,0.9748691196612307,0.5948901283873358,1.0,0.05084119140810119,0.9891726542286013,0.19047619047619047,0.0,0.2857764623442293,0.0,ahead_vae,ahead,False,0.09637165814638138,1.0207996368408203,2.4835562705993652,1.503320336341858,vae_candidate_pool_v1,belief_limited_heuristic_v1,182
VAE000485,vae_candidate_000485,0.6692387648753838,2565.107666015625,2544.569580078125,3605.5996679488953,-2.430256871520721,0.08082583149767748,4.615237027270608,15,8390.866272486423,2508.2859784250195,0.7127010669680399,-0.6305099505713947,8256.305870747368,0.10475162323489373,0.7597558557348544,0.9972592818690773,0.5895567354105535,1.0,0.08908763337100499,0.8211762642467243,0.35714285714285715,0.0,0.26839374342971994,0.0,ahead_vae,ahead,False,0.048531800508499146,1.6549636125564575,2.5469939708709717,1.6498981714248657,vae_candidate_pool_v1,belief_limited_heuristic_v1,183
VAE001010,vae_candidate_001010,0.6682830073739439,-879.3665161132812,3238.736328125,2887.896268223814,-1.5076248849950473,-0.05251576839066914,4.798732716748385,9,9203.648688728565,2090.8549327636124,0.4676905284603124,-1.686483536985415,3139.2500424978925,0.6200115090499136,0.9559987886867573,0.9069358847229837,0.9933156946575988,0.747440486309022,0.05846131605753905,0.9848934294054974,0.21428571428571427,1.0,0.30474309632231816,0.30474309632231816,inside_convoy_envelope,inside,True,0.076499804854393,0.9598462581634521,2.9532992839813232,1.5288788080215454,vae_candidate_pool_v1,belief_limited_heuristic_v1,184
VAE000341,vae_candidate_000341,0.6676501531156663,3956.93896484375,-1048.4864501953125,3576.76542809519,2.726426446436422,0.07091637475965464,6.022321350002253,19,8761.920495335442,2408.973336131361,0.9001653669202402,0.4860825819130261,8872.41481097178,0.1690794263369595,0.76968605678198,0.9928700470412986,0.4671658191661617,1.0,0.11252067086503002,0.9985371376153275,0.4523809523809524,0.0,0.27432225213592665,0.0,ahead_vae,ahead,False,0.08392752707004547,0.9546878337860107,2.0077576637268066,1.5422070026397705,vae_candidate_pool_v1,belief_limited_heuristic_v1,185
VAE000753,vae_candidate_000753,0.6671284727023827,-2424.837158203125,-3655.469970703125,4181.225158027705,1.0714860067028085,-0.015520989773466965,5.7297810709098345,16,9344.714884985482,3202.6398641252276,0.5346207641178311,2.054585657113518,7181.673186694879,0.5203214076034081,0.5489399772029615,0.9338297169010091,0.885238724953356,1.0,0.06682759551472889,0.9605960829323821,0.38095238095238093,0.0,0.23311102964169308,0.0,astern_vae,astern,False,0.06976931542158127,1.415413498878479,2.4607183933258057,1.6472201347351074,vae_candidate_pool_v1,belief_limited_heuristic_v1,186
VAE000441,vae_candidate_000441,0.6667885179517737,-2037.55908203125,3811.483154296875,4229.541599796868,-1.0636581386746078,0.16400716392945372,4.831205309427858,12,8744.837014535584,3085.7468343141863,0.4447021553684255,-1.9139273509857313,5847.9548014310585,0.4639792095764609,0.5311316991155678,0.947139422770896,0.9417058900260372,1.0,0.05558776942105319,0.9449679083774117,0.2857142857142857,0.0,0.23755944076565502,0.0,astern_vae,astern,False,0.06650432199239731,0.8462117910385132,2.132530689239502,1.4570411443710327,vae_candidate_pool_v1,belief_limited_heuristic_v1,187
VAE000577,vae_candidate_000577,0.6665402269850351,3117.426513671875,-1589.2938232421875,3296.3615715781766,2.7303769541367675,-0.0064660461279509186,4.346495770247834,10,8266.369466360258,2684.7015218828246,0.4505979159907458,0.40474965332507495,8655.660157763634,0.32197403022229265,0.8590883015406275,0.9743063025503453,0.39378865379687883,1.0,0.05632473949884322,0.9976103610194684,0.23809523809523808,0.0,0.26159444663975034,0.0,ahead_vae,ahead,False,0.09153494238853455,2.2978076934814453,1.5119264125823975,1.685779094696045,vae_candidate_pool_v1,belief_limited_heuristic_v1,188
VAE000017,vae_candidate_000017,0.6658797408746792,-2924.256103515625,-2160.740966796875,3581.550076313087,0.7871653992084895,0.2510868023508518,3.4844117870478604,19,8651.750954328563,2158.385759925475,1.0174674496491882,2.605514056732156,8540.503624388015,0.21163404508542497,0.7680460457574105,0.988844488139684,0.5107686257218859,1.0,0.12718343120614853,0.9656839106749487,0.4523809523809524,0.0,0.29306200940994726,0.0,astern_vae,astern,False,0.10357355326414108,0.7978635430335999,2.0834662914276123,1.0604908466339111,vae_candidate_pool_v1,belief_limited_heuristic_v1,189
VAE000669,vae_candidate_000669,0.6658704402580414,-311.28472900390625,-1791.7314453125,2468.7662349087263,1.4033630372308525,-0.1845727789807483,5.39639699523843,4,8513.135625336858,2242.5235846854666,0.20952382786823567,1.553656837378192,2388.0978627475274,0.3082667212500625,0.9991064873100994,0.9764304453734007,0.9998531225469058,0.5685947292256017,0.02619047848352946,0.8512788467673115,0.09523809523809523,1.0,0.29962199114677796,0.29962199114677796,inside_convoy_envelope,inside,True,0.052249275147914886,2.26271915435791,1.4884059429168701,1.3522714376449585,vae_candidate_pool_v1,belief_limited_heuristic_v1,190
VAE000634,vae_candidate_000634,0.6656977477979371,304.833984375,-3045.19287109375,3076.1674867690613,1.536138340871244,-0.10043629446012173,5.114660659816564,5,8297.846059671732,2135.639794849251,0.2821477725059355,1.5050180182584285,2676.4459894313304,0.13471360937147203,0.9172018709768416,0.9954699179855615,0.9978373869953797,0.6372490451026978,0.035268471563241935,0.9949152053106137,0.11904761904761904,1.0,0.29960802623963606,0.29960802623963606,inside_convoy_envelope,inside,True,0.08103575557470322,0.6682670712471008,2.9149422645568848,1.586780309677124,vae_candidate_pool_v1,belief_limited_heuristic_v1,191
VAE000224,vae_candidate_000224,0.665428765915478,3616.802490234375,884.5884399414062,3054.821152466595,-2.8956289202572636,0.026815265733392307,4.6630546346906945,31,8270.450619217463,1847.3605048604043,2.0289944841595067,-0.2191484675991372,8474.259100983663,0.06064325548672578,0.9221412653139159,0.9990808806225875,0.21739853576331755,1.0,0.25362431051993833,0.8803738265283956,0.7380952380952381,0.0,0.32918037493984054,0.0,ahead_vae,ahead,False,0.05611726641654968,0.7401158809661865,1.5071049928665161,1.4857840538024902,vae_candidate_pool_v1,belief_limited_heuristic_v1,192
VAE001178,vae_candidate_001178,0.6651512474792445,2890.46142578125,-2361.24755859375,3585.406783863873,2.4660394310081277,0.05847332834145985,5.625222156649215,25,8022.67330843223,1378.5676149510502,2.2604391947602194,0.7340265509231261,6880.153811106152,0.41795253022423795,0.766721814084351,0.9569609515190726,0.6698647035646466,1.0,0.2825548993450274,0.9646399320542838,0.5952380952380952,0.0,0.405210040093354,0.0,ahead_vae,ahead,False,0.070708729326725,0.6993760466575623,2.954119920730591,1.5885707139968872,vae_candidate_pool_v1,belief_limited_heuristic_v1,193
VAE000417,vae_candidate_000417,0.6650062534318129,-2055.242919921875,527.6209106445312,2327.077189273455,-0.26369134782780285,0.07740986437285913,4.864432926219013,12,8618.764313442629,1553.6631055897155,0.8961472749271593,-2.8004914413891315,8641.949433814307,0.2102536556226106,0.9989952619261616,0.9889890031176007,0.3345250626663045,1.0,0.11201840936589491,0.9884360494398936,0.2857142857142857,0.0,0.3813316687734654,0.0,astern_vae,astern,False,0.09667803347110748,1.8642425537109375,2.9614388942718506,1.5385857820510864,vae_candidate_pool_v1,belief_limited_heuristic_v1,194
VAE000745,vae_candidate_000745,0.6646418910710292,412.91156005859375,4884.4775390625,4246.972178807699,-1.5896386210914188,0.08388603306846808,4.641790997946327,19,8022.093012948046,2644.861906431872,0.8954944658050583,-1.4680679994299062,3453.565915798421,0.34196236178838396,0.5247363145198009,0.971049214206253,0.9947280840844825,0.822277598999624,0.11193680822563229,0.9075913003307444,0.4523809523809524,0.0,0.2576330227168073,0.0,port_vae,port,False,0.060092926025390625,1.7040270566940308,2.4692344665527344,1.1162222623825073,vae_candidate_pool_v1,belief_limited_heuristic_v1,195
VAE001024,vae_candidate_001024,0.6646002893103821,2227.7890625,-744.6923217773438,2553.73879466673,2.708530181118777,0.07188249640870341,5.988235667891659,25,8864.552790879625,1765.4955376577573,1.5974105697987353,0.5049449688797198,8612.341178198565,1.0102311583881758,0.9955419860494042,0.7658324774410323,0.4837592777596291,1.0,0.1996763212248419,0.9012693604554515,0.5952380952380952,0.0,0.34508447763171424,0.0,ahead_vae,ahead,False,0.05913048982620239,1.0690226554870605,1.9880156517028809,1.8792742490768433,vae_candidate_pool_v1,belief_limited_heuristic_v1,196
VAE000502,vae_candidate_000502,0.6644670621170452,397.0821533203125,1687.7283935546875,1591.1572518757612,-1.804151439295223,0.026626291930138376,4.185596746619426,13,8885.053935184762,2300.6313660453684,0.6359694402410359,-1.3108149223644319,4507.33299280053,0.1979544829304114,0.8836693511477943,0.9902354543489915,0.9663947585267053,1.0,0.07949618003012948,0.8324678419022431,0.30952380952380953,1.0,0.3283995131947671,0.3283995131947671,inside_convoy_envelope,inside,True,0.049898408353328705,1.7123456001281738,1.4986141920089722,1.8027455806732178,vae_candidate_pool_v1,belief_limited_heuristic_v1,197
VAE000523,vae_candidate_000523,0.6643416193322433,2465.2314453125,-267.1531066894531,2866.082690713697,3.033899068799461,-0.3224381512400035,5.306652381157059,26,7847.616686212745,2208.8354030411524,1.4999342135197056,-0.2147445664496714,8138.061784428895,0.615460924834734,0.959766883766178,0.9082537128181265,0.21309786879447157,1.0,0.1874917766899632,0.9976768127127625,0.6190476190476191,0.0,0.2966225816990418,0.0,ahead_vae,ahead,False,0.08305782079696655,1.868577003479004,2.8729124069213867,1.8653640747070312,vae_candidate_pool_v1,belief_limited_heuristic_v1,198
VAE000904,vae_candidate_000904,0.6641257252675703,306.4198913574219,-1797.890380859375,1635.0321847259943,1.8318715451061294,-0.03510385260989526,3.7719194166089203,7,7727.704553915084,2683.08901992932,0.33760778163249305,1.2746172558737687,4821.731781352577,0.4933199419809778,0.8952795742756294,0.9403827741492217,0.9564586744205152,1.0,0.04220097270406163,0.8917497618830404,0.16666666666666666,1.0,0.3070570808284075,0.3070570808284075,inside_convoy_envelope,inside,True,0.05772837996482849,1.3422155380249023,2.9767470359802246,1.6562448740005493,vae_candidate_pool_v1,belief_limited_heuristic_v1,199
VAE000111,vae_candidate_000111,0.6634691556647997,-464.63702392578125,-3562.217041015625,3431.8172072605325,1.5515957713060946,0.26957925151636414,5.230879777743753,28,8463.063152682349,1734.559833103654,1.9073973037583483,1.8595761338000634,4072.869884320343,0.44295646257642257,0.81770268491049,0.95174421845037,0.9585920789774015,0.9697309248381769,0.23842466296979353,0.9833949793806855,0.6666666666666666,1.0,0.340677981468371,0.340677981468371,inside_convoy_envelope,inside,True,0.07597415894269943,2.0301673412323,2.520099639892578,1.2213010787963867,vae_candidate_pool_v1,belief_limited_heuristic_v1,200
VAE000201,vae_candidate_000201,0.663375132411713,-26.97357177734375,-2005.962158203125,1905.2084600126927,1.4826212771936145,0.22930258960765637,4.457848035382879,7,7395.132418809247,1882.3145026023385,0.5028748276093817,1.8882739660038352,4096.795149735402,0.2512125363726936,0.9547750448600967,0.9843058616079193,0.9500258479392274,0.9754274166036673,0.06285935345117272,0.9185434681854188,0.16666666666666666,1.0,0.3486502109305619,0.3486502109305619,inside_convoy_envelope,inside,True,0.06182921677827835,0.8589439988136292,2.3810243606567383,1.3836054801940918,vae_candidate_pool_v1,belief_limited_heuristic_v1,201
VAE000547,vae_candidate_000547,0.6633500486826724,3208.5966796875,1292.337158203125,3199.7302972874395,-2.8119269109874216,0.033771144607966534,3.3433822474754953,16,8763.954467396734,2944.6627500753466,0.6199894615985512,-0.29589459799440493,9241.738548667656,0.3397397666853581,0.8861213029952707,0.9714207090282112,0.2915956869466816,1.0,0.0774986826998189,0.9386724376334913,0.38095238095238093,0.0,0.25051673680105074,0.0,ahead_vae,ahead,False,0.06531262397766113,2.325792074203491,1.885072946548462,1.4639843702316284,vae_candidate_pool_v1,belief_limited_heuristic_v1,202
VAE000677,vae_candidate_000677,0.662690346196259,713.7759399414062,3721.465576171875,3813.4951227576007,-1.709053869922988,-0.04396113589557762,4.480758075828653,26,8688.902304055633,2578.333818099367,1.1605645183496451,-1.4764999195623827,3384.9978641557623,0.268665212451048,0.6854444630182519,0.9820630337529679,0.9955573871622535,0.8059518724180387,0.14507056479370564,0.9287964522186426,0.6190476190476191,1.0,0.26263524915195724,0.26263524915195724,inside_convoy_envelope,inside,True,0.0635489746928215,2.270700693130493,2.9697346687316895,1.722902774810791,vae_candidate_pool_v1,belief_limited_heuristic_v1,203
VAE000240,vae_candidate_000240,0.6626113883183014,3174.156982421875,-1464.0084228515625,3534.3985347816956,2.7895412008455684,0.17969000424286283,6.038404867772453,11,8218.709522228059,2863.0400670944387,0.46747848517557006,0.5317414569870877,8535.576327188031,0.40659796754096966,0.7840654604261383,0.9592357973901362,0.5070351152885296,1.0,0.05843481064694626,0.9589105352233778,0.2619047619047619,0.0,0.25139908455286486,0.0,ahead_vae,ahead,False,0.10514171421527863,1.2580983638763428,2.9268975257873535,1.8450111150741577,vae_candidate_pool_v1,belief_limited_heuristic_v1,204
VAE000536,vae_candidate_000536,0.6618576519829934,-68.50628662109375,-891.261474609375,1530.9446540126044,1.5252288247903478,-0.030060253700299133,3.9223268531570668,26,8234.685681775194,2392.0298707478382,1.3199568146848366,1.5863035750991463,2519.434462758456,0.12670467373175076,0.8669528070256652,0.9959918479848889,0.9998797650345003,0.5998653482758228,0.16499460183560458,0.9982571092487642,0.6190476190476191,1.0,0.3279909971366376,0.3279909971366376,inside_convoy_envelope,inside,True,0.09091124683618546,1.63015615940094,2.4909958839416504,1.7516095638275146,vae_candidate_pool_v1,belief_limited_heuristic_v1,205
VAE001113,vae_candidate_001113,0.6605830376119701,-1660.801513671875,-242.6639404296875,1545.860035702573,0.19605470123880747,-0.06461223633142073,5.7864069755794425,28,7953.147669878572,3034.0889131451913,1.1603544751573334,2.8809257160195654,8466.43748831793,0.280917501664866,0.8711752532225202,0.9804007385330078,0.2577250164528353,1.0,0.14504430939466667,0.992006288631798,0.6666666666666666,0.0,0.3008661618449198,0.0,astern_vae,astern,False,0.07944852113723755,0.739111065864563,2.964412212371826,1.558303952217102,vae_candidate_pool_v1,belief_limited_heuristic_v1,206
VAE001196,vae_candidate_001196,0.6597889761334313,-94.15692138671875,3126.34716796875,2604.8958563810093,-1.447226684975107,-0.06260185666784925,6.11041628114737,20,7481.969574090566,1636.9066112396163,1.633014929211386,-1.7569678252825354,2993.517972054102,0.3693161151150135,0.9920952433821232,0.9662872154453985,0.9827200830986307,0.7127423742985957,0.20412686615142325,0.8621150060582005,0.47619047619047616,1.0,0.36425712271499133,0.36425712271499133,inside_convoy_envelope,inside,True,0.05365283042192459,1.9227168560028076,2.4223029613494873,1.3403974771499634,vae_candidate_pool_v1,belief_limited_heuristic_v1,207
VAE000345,vae_candidate_000345,0.6585264079757555,2439.759521484375,-2238.749267578125,3505.3371751403465,2.3890796896446598,-0.10005913368247905,4.956433968955666,12,7828.210770946546,1931.4273650274536,0.7936707140398745,0.6524538302626539,7392.910947163955,0.447252567979775,0.793772436054519,0.9508193703139125,0.6071380362937632,1.0,0.09920883925498432,0.905540091075621,0.2857142857142857,0.0,0.3164581673383699,0.0,ahead_vae,ahead,False,0.05977770313620567,2.228883981704712,2.5743467807769775,1.3963069915771484,vae_candidate_pool_v1,belief_limited_heuristic_v1,208
VAE001054,vae_candidate_001054,0.6581868956776664,-2875.593994140625,1060.4837646484375,3363.3398461427187,-0.41830658681705124,-0.17278955158503181,5.3228653042053775,21,8641.362279970232,2778.5234332609944,0.8746272779428286,-2.8960756183577736,9057.56528736713,0.06381122647584947,0.8390962969432952,0.9989823772167541,0.24305788752239565,1.0,0.10932840974285357,0.9988596232399174,0.5,0.0,0.2560284063787643,0.0,astern_vae,astern,False,0.09021424502134323,1.8855140209197998,2.3703765869140625,1.152947187423706,vae_candidate_pool_v1,belief_limited_heuristic_v1,209
VAE000903,vae_candidate_000903,0.6578999670433426,-3059.19384765625,914.6309204101562,3540.106245175663,-0.4789935074346072,-0.03970029797613947,3.315522141164168,15,9017.66216065504,2610.1894639979137,0.6372726291750053,-2.7022994441313255,9271.570855995538,0.22539627200746565,0.7821436407273037,0.9873528098642828,0.4252998888116051,1.0,0.07965907864687566,0.9769113491473749,0.35714285714285715,0.0,0.26242275949308386,0.0,astern_vae,astern,False,0.07392885535955429,0.7411530613899231,2.5105156898498535,1.9209229946136475,vae_candidate_pool_v1,belief_limited_heuristic_v1,210
VAE000704,vae_candidate_000704,0.6576920575749837,-238.86627197265625,5090.2890625,4442.7973842034635,-1.4205057922767648,0.07230587085525284,5.81191246092309,31,8328.046527041093,2308.4961904984175,1.6124616292818914,-1.6487809904577755,2950.2818772995565,0.1323479882738177,0.45436661737089523,0.9956273906421711,0.9969607368856954,0.7024480660237039,0.20155770366023643,0.9846538271134156,0.7380952380952381,0.0,0.27729242274929483,0.0,port_vae,port,False,0.09811882674694061,1.5307585000991821,1.4926577806472778,1.3400951623916626,vae_candidate_pool_v1,belief_limited_heuristic_v1,211
VAE001222,vae_candidate_001222,0.6576273234267677,1199.9217529296875,-737.755126953125,1895.475970584159,2.6198644709940835,-0.010506128712254781,4.8396101278346535,1,8390.05917887855,2811.023627648122,0.042400451370536336,0.5112220538834553,8692.642089941206,0.8135210425997614,0.9530212741567562,0.8434719590593988,0.4892434229065399,1.0,0.005300056421317042,0.9990835215999397,0.023809523809523808,0.0,0.2864694485304446,0.0,ahead_vae,ahead,False,0.08990892022848129,1.5660022497177124,1.9571634531021118,1.813827395439148,vae_candidate_pool_v1,belief_limited_heuristic_v1,212
VAE000585,vae_candidate_000585,0.6575916590816644,3801.7236328125,-212.85256958007812,3577.2721776210196,2.976391058330733,0.15233270755105544,4.468842512731411,24,9175.36520470761,3638.6997225203863,0.7188556072260512,0.31753430281011524,9852.76510475417,0.023465102753068567,0.7695125103344082,0.9998623535541753,0.31222507965601715,1.0,0.0898569509032564,0.9326345511202865,0.5714285714285714,0.0,0.22543357838292194,0.0,ahead_vae,ahead,False,0.06422054022550583,0.8446119427680969,1.516405701637268,1.238757610321045,vae_candidate_pool_v1,belief_limited_heuristic_v1,213
VAE000478,vae_candidate_000478,0.6574426991620869,-3198.77197265625,2071.556640625,3863.9704788500203,-0.4911748323656253,0.24179287574371697,5.222716383495339,16,8059.236733583613,2548.215322037921,0.779094156369498,-2.408624945480451,7694.515870954608,0.2401110832926479,0.6668810500831936,0.985655782034379,0.6690781552187974,1.0,0.09738676954618725,0.8402536727125623,0.38095238095238093,0.0,0.2648515949238938,0.0,astern_vae,astern,False,0.05085935443639755,0.7132107019424438,2.4603278636932373,1.2806075811386108,vae_candidate_pool_v1,belief_limited_heuristic_v1,214
VAE000150,vae_candidate_000150,0.6570259315165075,-3262.60791015625,-908.974853515625,3218.4107776317546,0.2752368374631282,0.024357906114560963,2.4811600524303405,10,7649.459005053393,3328.3463134703265,0.39277222623879643,2.8907137222412262,8236.269785490002,0.0778276389235329,0.8810723455057266,0.998486478853956,0.24825547108404686,1.0,0.049096528279849554,0.9595026193477116,0.23809523809523808,0.0,0.23920068653559026,0.0,astern_vae,astern,False,0.06952318549156189,1.9570468664169312,2.9488649368286133,1.1349785327911377,vae_candidate_pool_v1,belief_limited_heuristic_v1,215
VAE000969,vae_candidate_000969,0.6564283736396268,-1384.564453125,3485.38330078125,3847.32173320556,-1.1590096969920454,-0.1362894847699168,5.083211092183555,1,8027.518683915771,1861.5883234918929,0.06691677906444808,-2.1188724413676647,5771.626080703508,0.3689555939402261,0.6730193929316179,0.9663522552009943,0.8535285340429103,1.0,0.00836459738305601,0.9997957099605883,0.023809523809523808,0.0,0.3222765040570236,0.0,astern_vae,astern,False,0.08601909875869751,2.3251495361328125,2.9580421447753906,1.3006370067596436,vae_candidate_pool_v1,belief_limited_heuristic_v1,216
VAE001009,vae_candidate_001009,0.6562144808313448,2444.4599609375,621.7833862304688,2412.2361959613877,-2.8676687871101687,-0.09458348346819559,3.2409329404770513,17,8104.046779121343,1612.0549807607447,1.301269145634247,-0.36850734994782,8140.690198767443,0.7088755087961479,0.9999716970939931,0.8795471888555415,0.36022339118038504,1.0,0.16265864320428086,0.9791665477992462,0.40476190476190477,0.0,0.3704745374885344,0.0,ahead_vae,ahead,False,0.07460424304008484,0.684887707233429,1.990817666053772,1.6348353624343872,vae_candidate_pool_v1,belief_limited_heuristic_v1,217
VAE000228,vae_candidate_000228,0.6559788647544214,-1387.36572265625,3712.306396484375,4330.743549923498,-1.0857405843474726,-0.04410011689864778,5.203588264578745,23,8620.855759578097,2109.7557984470477,1.2645769693506828,-2.0999521861409685,6173.061522903818,0.23774481670094003,0.4942654570925486,0.9859357836757485,0.863233504302623,1.0,0.15807212116883534,0.9999982886637485,0.5476190476190477,0.0,0.2935807291024737,0.0,astern_vae,astern,False,0.08715230226516724,1.310784101486206,2.4778122901916504,1.687676191329956,vae_candidate_pool_v1,belief_limited_heuristic_v1,218
VAE000285,vae_candidate_000285,0.6558115865935278,3531.11083984375,-1581.884765625,3919.0490451311903,2.5917802544995014,0.2703769439470193,4.516611306680102,22,8178.383021500995,2470.4459563019777,1.0888796389517832,0.8201893430373108,7384.909387843588,0.45649762193037935,0.6464869486240221,0.9488009363420182,0.7312749904555536,1.0,0.1361099548689729,0.761856325467764,0.5238095238095238,0.0,0.26897971447568053,0.0,ahead_vae,ahead,False,0.04175407066941261,1.4118359088897705,2.5571608543395996,1.1103017330169678,vae_candidate_pool_v1,belief_limited_heuristic_v1,219
VAE000618,vae_candidate_000618,0.6551173131123793,-2021.178466796875,2909.7587890625,4213.473223871567,-1.0612262046906997,-0.10993455793865231,5.353739150179818,22,8456.222390821926,3597.5323486722336,0.7231719574140669,-2.1903010068377458,7838.942053068629,0.5362234919244055,0.5370416594329204,0.9298220995769809,0.8141661551223611,1.0,0.09039649467675837,0.8727584900495623,0.5238095238095238,0.0,0.22297516159946126,0.0,astern_vae,astern,False,0.05507277697324753,1.6212190389633179,2.025771141052246,1.5331335067749023,vae_candidate_pool_v1,belief_limited_heuristic_v1,220
VAE000127,vae_candidate_000127,0.6549660498573439,2347.380126953125,-536.7677001953125,2568.5913371081856,2.943506164934379,0.11094660561038068,4.033651307718817,19,7867.743100751359,2635.6135900424188,0.9162662541649585,0.30903309426579484,8296.622459163495,0.8623433015338815,0.9946414333876817,0.8253299124313491,0.3041376771966543,1.0,0.11453328177061982,0.8652665569921331,0.4523809523809524,0.0,0.27459440840069693,0.0,ahead_vae,ahead,False,0.05406875163316727,1.3084014654159546,1.9966211318969727,1.1051881313323975,vae_candidate_pool_v1,belief_limited_heuristic_v1,221
VAE001137,vae_candidate_001137,0.6548248629387832,-562.0123901367188,3615.65869140625,3752.737350793928,-1.5311961392252145,0.12704055031811476,5.831734139966117,17,8078.3800513552205,2557.6775662076357,0.8227707544928428,-1.483355964046464,3253.3827157872165,0.30072775989222156,0.7075715594779547,0.9775605842006447,0.9961795266321044,0.7746149323302897,0.10284634431160534,0.9900971977968753,0.40476190476190477,1.0,0.26497152614746194,0.26497152614746194,inside_convoy_envelope,inside,True,0.0959722101688385,2.410609483718872,1.5034923553466797,1.8317756652832031,vae_candidate_pool_v1,belief_limited_heuristic_v1,222
VAE000154,vae_candidate_000154,0.6544437767840378,2421.38671875,-2756.47998046875,3775.9338231016413,2.2075824810170173,-0.10510347963634048,1.6822994598697067,0,7477.896057968614,2391.0532405157232,0.0,0.8289066929364364,6815.348739063675,0.03034341866033774,0.699155820876844,0.9997698368965202,0.7371930837892997,1.0,0.0,0.8581071308497901,0.0,0.0,0.2759744453835355,0.0,ahead_vae,ahead,False,0.05312906205654144,2.2996013164520264,2.824819564819336,1.860595703125,vae_candidate_pool_v1,belief_limited_heuristic_v1,223
VAE001001,vae_candidate_001001,0.6543753718501821,-2856.586181640625,2541.92431640625,3762.618075321118,-0.6135662635514036,0.015424246214981082,4.592599936291431,7,8035.324033444789,2665.3185468135466,0.3268477681515499,-2.5126021438234085,8065.622004643052,0.05206831454623573,0.703992002199217,0.9993223757686175,0.5883287620126725,1.0,0.04085597101894374,0.962105011010294,0.16666666666666666,0.0,0.2592012238337573,0.0,astern_vae,astern,False,0.10441863536834717,2.112156391143799,2.3982913494110107,1.5791168212890625,vae_candidate_pool_v1,belief_limited_heuristic_v1,224
VAE001085,vae_candidate_001085,0.6536909236141759,1903.224853515625,-943.2794799804688,2061.9721152676125,2.762854719405859,0.28913347724921956,6.201186022938391,21,7764.601457865956,1826.2563335302718,1.4809431610175936,0.6678714114331543,7227.342525339257,1.2845388737417418,0.9786318220024324,0.6411819790855112,0.6193161476511875,1.0,0.1851178951271992,0.9878060627912832,0.5,0.0,0.349262692075705,0.0,ahead_vae,ahead,False,0.0776003897190094,1.4708619117736816,1.493902325630188,1.7464632987976074,vae_candidate_pool_v1,belief_limited_heuristic_v1,225
VAE001083,vae_candidate_001083,0.6534945176325914,2677.050048828125,-1477.1199951171875,3428.358982012379,2.7337507196794357,0.09120766957399262,5.284036907054822,10,8501.042281355032,2365.276398763591,0.4973314518938559,0.4990496034843502,8596.237183583407,0.45802711464329926,0.8188047059304736,0.9484633059175898,0.47859127079935687,1.0,0.06216643148673199,0.9418317060280276,0.23809523809523808,0.0,0.2786498997192338,0.0,ahead_vae,ahead,False,0.10862958431243896,2.3472096920013428,1.931604266166687,1.866809368133545,vae_candidate_pool_v1,belief_limited_heuristic_v1,226
VAE000744,vae_candidate_000744,0.6523819021127524,-2101.47607421875,-3822.946533203125,4042.8554226665187,0.9848066653925482,0.16641977771671004,5.49045477153163,18,7846.658651310904,2563.228137704221,0.8949535252329623,2.3232057659139556,7233.674773635834,0.3988672328270032,0.6003736826618128,0.9607507616441757,0.7300443794983457,1.0,0.11186919065412029,0.9148760895665805,0.42857142857142855,0.0,0.26333678779937786,0.0,astern_vae,astern,False,0.06123725324869156,1.894805908203125,2.9478583335876465,1.7018860578536987,vae_candidate_pool_v1,belief_limited_heuristic_v1,227
VAE000322,vae_candidate_000322,0.6521035992899963,-126.2889404296875,-1119.76513671875,1269.2095321753088,1.6056398702846288,-0.07088662767830302,6.055361486155083,29,7796.0341327759415,2798.465470504878,1.3292427901749995,1.465066155626862,3605.579332831143,0.30471804253522894,0.7852777635251419,0.9769657922767767,0.9944157704756047,0.8584712697217007,0.16615534877187493,0.962613938549167,0.6904761904761905,1.0,0.33708183513360823,0.33708183513360823,inside_convoy_envelope,inside,True,0.070232093334198,0.6005013585090637,2.1458353996276855,1.1847152709960938,vae_candidate_pool_v1,belief_limited_heuristic_v1,228
VAE000141,vae_candidate_000141,0.6518719625757671,-534.056396484375,-1703.3428955078125,1623.2026837039605,1.285235524214752,0.1261424041897545,5.262200434061431,2,8861.502924887509,2553.129165870604,0.08839950306774269,1.982499533564796,5885.9058449152035,0.06756925643979517,0.8921982372167024,0.9988590330954525,0.9164405787952069,1.0,0.011049937883467836,0.8131000348054968,0.047619047619047616,1.0,0.31239347361789205,0.31239347361789205,inside_convoy_envelope,inside,True,0.04757210239768028,1.1720572710037231,2.339510202407837,1.7260749340057373,vae_candidate_pool_v1,belief_limited_heuristic_v1,229
VAE001151,vae_candidate_001151,0.6517089883587179,-2159.378173828125,-369.7943420410156,2012.0866689033621,0.30330098334935157,0.09260791442941985,4.522835765001342,12,8672.165250150478,2108.7580784239535,0.6561859721371446,2.930899584669862,8921.41154487475,0.22604695055552468,0.9719552537104257,0.9872799957716571,0.20913769255527637,1.0,0.08202324651714307,0.9772567691787658,0.2857142857142857,0.0,0.3219355842164933,0.0,astern_vae,astern,False,0.10050275921821594,0.9706522226333618,2.99019718170166,1.0675690174102783,vae_candidate_pool_v1,belief_limited_heuristic_v1,230
VAE000086,vae_candidate_000086,0.6505817255302204,-1949.15625,-196.97781372070312,2328.1757782029963,0.028813219745681476,-0.029396143119691083,3.4428148072391966,15,8218.291985852547,2534.5129047003684,0.7201370993758609,3.083383290724421,8351.821855163695,0.2574193501535066,0.9990252921916147,0.9835250971635541,0.05817649634630974,1.0,0.09001713742198261,0.9977769985898759,0.35714285714285715,0.0,0.28464044900778396,0.0,astern_vae,astern,False,0.08314967155456543,1.451946496963501,2.405017137527466,1.7908753156661987,vae_candidate_pool_v1,belief_limited_heuristic_v1,231
VAE001100,vae_candidate_001100,0.650528271511594,-2439.256591796875,-812.6583251953125,2105.105938559544,0.22913815179326136,0.1036220651577218,4.905801242352116,20,8289.08138624533,2005.22817455345,1.2032608703950534,3.016076566954254,8474.90082735178,0.3199417552939213,0.9836953462580885,0.9746268691545905,0.1251867767150955,1.0,0.15040760879938167,0.9952817493250092,0.47619047619047616,0.0,0.32852856326609386,0.0,astern_vae,astern,False,0.09326784312725067,2.4277098178863525,1.5042436122894287,1.0721017122268677,vae_candidate_pool_v1,belief_limited_heuristic_v1,232
VAE000655,vae_candidate_000655,0.6504723949029365,3551.912109375,-575.3883056640625,3450.298498726137,2.903482218234986,0.08239467128169643,5.73733113312191,15,8073.778517259061,2868.430440315876,0.6476943444204861,0.32050510663650417,8566.320203957739,0.2545398665607004,0.8117761843913163,0.9838896298968609,0.3150459855768988,1.0,0.08096179305256077,0.9850746144578085,0.35714285714285715,0.0,0.25209339005998155,0.0,ahead_vae,ahead,False,0.07656505703926086,1.2574537992477417,2.8812851905822754,1.111962914466858,vae_candidate_pool_v1,belief_limited_heuristic_v1,233
VAE001116,vae_candidate_001116,0.6502488757805854,-254.83740234375,3545.83935546875,3997.752019200543,-1.5378718127490671,0.06573130482478343,4.401861761547177,21,8093.135070153818,3080.906297371923,0.8422170250407157,-1.5379895360159426,3344.710642815456,0.34961551905380084,0.6171932684228991,0.9697522405429626,0.9994619055039332,0.7963596768608229,0.10527712813008946,0.9798120423212393,0.5,1.0,0.23991873644027295,0.23991873644027295,inside_convoy_envelope,inside,True,0.07480399310588837,0.7422816157341003,2.9576034545898438,1.7112380266189575,vae_candidate_pool_v1,belief_limited_heuristic_v1,234
VAE000241,vae_candidate_000241,0.6502159592217991,-1508.28564453125,4323.39501953125,4245.547785838134,-1.255619757523029,-0.1298890656894296,5.721609919940035,22,7948.9144231675455,2177.4784888745976,1.2710451740181399,-2.015861961756194,5387.497545002538,0.5709077192300807,0.5252582947318409,0.9207053969989166,0.9025824103656388,1.0,0.15888064675226748,0.9123002953799404,0.5238095238095238,0.0,0.28883372410525227,0.0,astern_vae,astern,False,0.06082802638411522,2.0845370292663574,2.0876033306121826,1.1107906103134155,vae_candidate_pool_v1,belief_limited_heuristic_v1,235
VAE001064,vae_candidate_001064,0.6490356273785576,-808.1149291992188,5058.96826171875,4538.481463949617,-1.4409069299029704,0.035670455991804656,7.165851583552989,5,7120.419511682097,3897.232901802093,0.18018061394107465,-1.665015267695018,4549.8336572754615,0.3655080674917819,0.42127025601399676,0.9669711431379266,0.9955646781512175,1.0,0.02252257674263433,0.999870404757803,0.11904761904761904,0.0,0.21753931300272147,0.0,port_vae,port,False,0.08825993537902832,1.3296960592269897,1.4787489175796509,1.443482756614685,vae_candidate_pool_v1,belief_limited_heuristic_v1,236
VAE000517,vae_candidate_000517,0.647346637515137,3151.541015625,-821.0699462890625,2829.4336337528907,2.9846764758642186,0.020816004388510084,4.815380827538007,21,8183.901020593402,2079.97617509999,1.233674437928123,0.17773218211408473,8422.716906561694,0.5819679249128424,0.9657399083918519,0.9176912804787052,0.17679793664069632,1.0,0.15420930474101538,0.9672850016248288,0.5,0.0,0.30749234964140115,0.0,ahead_vae,ahead,False,0.10318203270435333,1.6128857135772705,2.9316258430480957,1.8298397064208984,vae_candidate_pool_v1,belief_limited_heuristic_v1,237
VAE000819,vae_candidate_000819,0.6470396458185345,3440.408447265625,2506.9892578125,3964.7725827859504,-2.4305581479391085,-0.09977186759048971,4.6219243062845194,20,8647.39003448518,1542.0754209527513,1.499820663341877,-0.8108063732411743,7075.07193753198,0.018355298712189327,0.6294826770938279,0.9999157731171254,0.7248429319166136,1.0,0.18747758291773461,0.9989292660817768,0.47619047619047616,0.0,0.36886847572291953,0.0,ahead_vae,ahead,False,0.0901227667927742,1.282271146774292,2.8922879695892334,1.5497992038726807,vae_candidate_pool_v1,belief_limited_heuristic_v1,238
VAE000297,vae_candidate_000297,0.6467452562007326,-2072.171875,-3187.547607421875,3905.341726120193,0.9785938667881655,0.2089153356538077,5.31488548161893,15,8632.542479345544,2527.7016308951816,0.6874272222462513,2.371914122455435,7958.364601126825,0.44971483279065805,0.6515731944820075,0.9502855518230937,0.6959044167326556,1.0,0.08592840278078141,0.8354247381442129,0.35714285714285715,0.0,0.2650403991332138,0.0,astern_vae,astern,False,0.050261467695236206,2.1888251304626465,2.3540849685668945,1.4778186082839966,vae_candidate_pool_v1,belief_limited_heuristic_v1,239
VAE000037,vae_candidate_000037,0.6460063404960282,-2667.9755859375,533.668701171875,3368.6147231424134,-0.18310218942451945,0.03944146076275665,4.59246272746137,16,7167.958611325458,3279.7639687561195,0.6805842637074857,-2.919049003402517,7715.0717928627155,0.10057395450226514,0.8374813913934359,0.9974733507766016,0.2207112561442638,1.0,0.08507303296343571,0.9330922692699588,0.38095238095238093,0.0,0.24002805746003053,0.0,astern_vae,astern,False,0.0643017515540123,1.9131050109863281,2.004061698913574,1.4365832805633545,vae_candidate_pool_v1,belief_limited_heuristic_v1,240
VAE000205,vae_candidate_000205,0.6458454830234763,-656.5326538085938,3649.22265625,3724.2399973096485,-1.4624872502821358,0.03748518774615188,5.416346867937649,26,8348.944408339908,2253.738973626976,1.3817776498051009,-1.6416202155615054,2838.899433469142,0.27843286009062007,0.7178493355800538,0.9807436729792749,0.9974930365684237,0.6759284365402719,0.1727222062256376,0.9286252258408266,0.6190476190476191,1.0,0.2848033469390727,0.2848033469390727,inside_convoy_envelope,inside,True,0.11101353168487549,1.7475793361663818,2.417239189147949,1.2480347156524658,vae_candidate_pool_v1,belief_limited_heuristic_v1,241
VAE000497,vae_candidate_000497,0.6456067480278368,2377.21875,-187.39373779296875,2516.323394535558,3.1766669167898622,-0.014528248943845417,4.5381347843779665,27,8672.424638307515,2707.5878304234598,1.1498486406286543,-0.04960251214391473,8796.006060436184,0.3593710500756837,0.9974453985966641,0.968059100702795,0.049582174233093954,1.0,0.1437310800785818,0.7225407386821355,0.6428571428571429,0.0,0.27112325407062515,0.0,ahead_vae,ahead,False,0.13701458275318146,0.9445176720619202,2.953827381134033,1.8358027935028076,vae_candidate_pool_v1,belief_limited_heuristic_v1,242
VAE001120,vae_candidate_001120,0.6452795202909195,-610.6719360351562,3578.882568359375,3718.1511397926884,-1.315749336483338,-0.027870638816212004,5.43131715673297,18,8624.980736527974,2097.3630767869067,0.9950404896282722,-1.8537139559226672,4421.718944085636,0.3714218197367564,0.7200359446780419,0.9659061257190051,0.9602450456468385,1.0,0.12438006120353402,0.9098771306804337,0.42857142857142855,1.0,0.29759741095534115,0.29759741095534115,inside_convoy_envelope,inside,True,0.06044771522283554,2.330122947692871,1.4960473775863647,1.86066734790802,vae_candidate_pool_v1,belief_limited_heuristic_v1,243
VAE000693,vae_candidate_000693,0.6446143481295759,-232.45501708984375,-2427.590576171875,2280.6297027197393,1.6168628139572645,0.15829872919692145,4.930098540895137,23,8533.772562295027,1640.1520852684137,1.643246256146111,1.6830285688294506,2585.588197971323,0.5692862960814036,0.9973100011320307,0.9211429491082155,0.993708570029469,0.6156162376122197,0.20540578201826387,0.8730925585200844,0.5476190476190477,1.0,0.36812698309481284,0.36812698309481284,inside_convoy_envelope,inside,True,0.055118072777986526,1.157686471939087,2.443319320678711,1.9157835245132446,vae_candidate_pool_v1,belief_limited_heuristic_v1,244
VAE000179,vae_candidate_000179,0.6444800075486665,150.29779052734375,3350.171142578125,3294.657553178989,-1.3858446078806212,-0.15598130091896711,4.208242648749321,23,8213.983301348979,1494.4885346633287,1.8736196512824097,-1.9117293466281389,4154.951719944574,0.18833895950658675,0.859584073454482,0.9911582912716611,0.942443105156194,0.9892742190344223,0.2342024564103012,0.920023812077782,0.5476190476190477,1.0,0.3817391636004714,0.3817391636004714,inside_convoy_envelope,inside,True,0.06207142025232315,1.691951036453247,2.585404396057129,1.200829029083252,vae_candidate_pool_v1,belief_limited_heuristic_v1,245
VAE000384,vae_candidate_000384,0.6439761405575108,2130.18505859375,3799.46630859375,4277.471344733294,-2.0837894356528417,-0.040875632707895716,4.138944354984336,19,7964.2048448265305,2013.0162297155014,1.1851242991326145,-1.098678850644847,5414.713448643163,0.1449437650254968,0.5135887412592703,0.994757014917949,0.8906073142400229,1.0,0.14814053739157682,0.8024524245534629,0.4523809523809524,0.0,0.3038187461843348,0.0,ahead_vae,ahead,False,0.046327169984579086,1.633910059928894,2.4431252479553223,1.4242867231369019,vae_candidate_pool_v1,belief_limited_heuristic_v1,246
VAE001150,vae_candidate_001150,0.6439323826800741,2966.731201171875,-805.7916870117188,3209.59621498224,2.8264935427917584,0.052644389446210714,6.266856195325956,7,8997.379212869391,2211.1605022100666,0.3518533958747026,0.3677435002442453,9190.758941015629,0.501132563741209,0.8834656729495899,0.9385195095935144,0.3595107166879297,1.0,0.043981674484337825,0.9936014221053829,0.16666666666666666,0.0,0.29132598521926045,0.0,ahead_vae,ahead,False,0.08027471601963043,0.9944109916687012,1.9337272644042969,1.1766879558563232,vae_candidate_pool_v1,belief_limited_heuristic_v1,247
VAE001026,vae_candidate_001026,0.6427453308027694,-3176.876708984375,-1278.5611572265625,3387.863820842089,0.19567683274602254,-0.11299567270307942,4.17332875888202,9,8202.85988914803,2794.4811055716727,0.3926232723013037,2.832920148140692,8664.120830911892,0.05825664299159156,0.8315403857125753,0.9991517808206485,0.30379415039659374,1.0,0.049077909037662966,0.9267113755726769,0.21428571428571427,0.0,0.25566516792023364,0.0,astern_vae,astern,False,0.06319086253643036,0.7213947176933289,1.4882566928863525,1.0937731266021729,vae_candidate_pool_v1,belief_limited_heuristic_v1,248
VAE000864,vae_candidate_000864,0.6426839781207943,-3411.150634765625,1948.3798828125,4073.5164122484107,-0.4770011212357722,0.2232084486985964,5.0926409922419635,14,7943.9428934620455,3136.7155773131644,0.5618453378803315,-2.4413830836554244,8096.020411807274,0.1701775835416947,0.5889436337531483,0.9927773536841604,0.6443779610166317,1.0,0.07023066723504144,0.9173536953322269,0.3333333333333333,0.0,0.2377851967772576,0.0,astern_vae,astern,False,0.06163593381643295,1.823244571685791,2.4861950874328613,1.126427173614502,vae_candidate_pool_v1,belief_limited_heuristic_v1,249
VAE000308,vae_candidate_000308,0.6425325900535123,-2659.43798828125,-1997.691162109375,3152.4015459316042,0.5452357888907793,0.09913515740016877,4.831509326456928,3,9229.453190689197,1557.9781628002966,0.20863343912384136,2.695492022099183,8998.416483489968,0.0506786322893894,0.898512409843683,0.9993580564682005,0.43145106109633996,1.0,0.02607917989048017,0.994856024608443,0.07142857142857142,0.0,0.3700391730906842,0.0,astern_vae,astern,False,0.08099950850009918,2.2068023681640625,1.5032250881195068,1.4899704456329346,vae_candidate_pool_v1,belief_limited_heuristic_v1,250
VAE001144,vae_candidate_001144,0.6425180217549253,-1509.848876953125,-544.305908203125,1814.8502501009443,0.2938538306936649,0.0987950407671537,5.5252442525625085,13,8671.797201677924,2892.9620662476177,0.5181929502756973,2.9465338636632823,9068.073723913441,0.1220510086453312,0.9373243100036964,0.996280508531068,0.19382421034793193,1.0,0.06477411878446217,0.8472122671014146,0.30952380952380953,0.0,0.28703517518709626,0.0,astern_vae,astern,False,0.05173239856958389,1.517646074295044,2.026930809020996,1.0736221075057983,vae_candidate_pool_v1,belief_limited_heuristic_v1,251
VAE001122,vae_candidate_001122,0.6419016077098714,2871.359130859375,640.9723510742188,2532.1773020631654,-2.9397097535638106,0.07631720664680404,6.230075745846131,14,8149.621777745365,2210.499653068706,0.7771415530424786,-0.1255656933791785,8362.293768269856,0.5048555195733377,0.9967028315355458,0.9376221829984515,0.12523599305796212,1.0,0.09714269413030982,0.9661014829379788,0.3333333333333333,0.0,0.30124519517623,0.0,ahead_vae,ahead,False,0.10347229242324829,2.000483751296997,1.4675164222717285,1.8823041915893555,vae_candidate_pool_v1,belief_limited_heuristic_v1,252
VAE000948,vae_candidate_000948,0.6416162971030475,1597.24462890625,890.9849243164062,1396.34262550441,-2.5801738943612578,-0.1457546348553973,4.62603536892932,1,7236.650165510699,2921.433492683342,0.04730057472264326,-0.7071733940839326,7399.33007202789,0.7191553133284113,0.8266108956357046,0.8761812171567561,0.6496875797340477,1.0,0.005912571840330408,0.9560331039692618,0.023809523809523808,0.0,0.31908923598358335,0.0,ahead_vae,ahead,False,0.06876211613416672,2.3313732147216797,1.5005438327789307,1.3734686374664307,vae_candidate_pool_v1,belief_limited_heuristic_v1,253
VAE000983,vae_candidate_000983,0.6413134826198894,-731.0357055664062,-3811.92431640625,3695.9183750139828,1.462070326125195,0.07799891026780999,5.181056592956084,4,9098.759990936258,2343.5476201586785,0.18758754485184953,1.7575212377324079,3991.9205018790844,0.38322495138950274,0.7279901529591641,0.9637318039851072,0.9826174971265016,0.950457262352163,0.02344844310648119,0.9701303278906002,0.09523809523809523,1.0,0.2775854199326838,0.2775854199326838,inside_convoy_envelope,inside,True,0.10246307402849197,0.9617094397544861,1.9143098592758179,1.6990941762924194,vae_candidate_pool_v1,belief_limited_heuristic_v1,254
VAE000407,vae_candidate_000407,0.6405806329939633,261.3386535644531,3315.90771484375,3439.983217009777,-1.6116782871891027,-0.0039043665323135225,5.22808221661345,0,8544.840331271238,2500.214202837498,0.0,-1.533818732933004,2814.4007074076817,0.31731533326534067,0.8150917065418066,0.975038251337325,0.999316406673599,0.6700954065256385,0.0,0.9265161611939442,0.0,1.0,0.26994835148409113,0.26994835148409113,inside_convoy_envelope,inside,True,0.0631575658917427,2.095970392227173,1.8513615131378174,1.2432684898376465,vae_candidate_pool_v1,belief_limited_heuristic_v1,255
VAE001193,vae_candidate_001193,0.639855277912251,2266.228515625,1744.712158203125,2671.6967236499036,-2.4412346887027057,-0.13660402759998921,7.664653769852741,21,7678.485308758302,2291.9969073216866,1.19324523777031,-0.8369619924870767,6844.51458128927,1.7019998257090194,0.9861424491397814,0.43458630394383413,0.742611929675208,1.0,0.14915565472128875,0.9165019761579561,0.5,0.0,0.2934839172596221,0.0,ahead_vae,ahead,False,0.061498306691646576,2.183663845062256,2.6010334491729736,1.7874587774276733,vae_candidate_pool_v1,belief_limited_heuristic_v1,256
VAE000792,vae_candidate_000792,0.6395571032847746,3254.2431640625,-2705.61376953125,4196.254323373354,2.493934302606654,0.04375894005758255,3.198143637253051,32,8834.935890076256,2013.9334721777027,1.7984627861656937,0.6914172910407219,8090.075384852633,0.17351862270039753,0.5433889158305054,0.9924916890863978,0.6376296226128343,1.0,0.2248078482707117,0.9475911813784456,0.7619047619047619,0.0,0.303057116856818,0.0,ahead_vae,ahead,False,0.10751380771398544,1.2208091020584106,1.9309799671173096,1.2979991436004639,vae_candidate_pool_v1,belief_limited_heuristic_v1,257
VAE000514,vae_candidate_000514,0.637615900672442,-10.105743408203125,-3364.08837890625,3479.0355151207295,1.5066553739903301,-0.01737457815015447,5.2789792677086975,24,7770.2267186777,1983.5505663661686,1.5571637126254647,1.6175627014493081,2344.6347448273327,0.0314918079540627,0.8024402728533984,0.9997520869976075,0.9989066523937822,0.5582463678160317,0.1946454640781831,0.8367775824716277,0.5714285714285714,1.0,0.31117619132874147,0.31117619132874147,inside_convoy_envelope,inside,True,0.1241045892238617,2.232179641723633,1.9351800680160522,1.5106490850448608,vae_candidate_pool_v1,belief_limited_heuristic_v1,258
VAE000975,vae_candidate_000975,0.6374085648002882,-756.7478637695312,-1079.3538818359375,1470.6908103056255,0.8587623456004887,0.037996858024026775,5.256476701364221,28,8131.9065650752555,2452.887332509481,1.403744446013251,2.3208271660133306,7337.9049934381255,0.0472468721258783,0.849375112974185,0.9994420370736815,0.7316678473192717,1.0,0.1754680557516564,0.8278329526678083,0.6666666666666666,1.0,0.32973286279499103,0.32973286279499103,inside_convoy_envelope,inside,True,0.049333758652210236,1.4426130056381226,2.3381876945495605,1.9471375942230225,vae_candidate_pool_v1,belief_limited_heuristic_v1,259
VAE000857,vae_candidate_000857,0.6372388792307966,-2354.30224609375,-218.35299682617188,2446.0762883470384,-0.004251435586190705,0.11270286492446423,3.8404480126293175,13,8758.577276578542,2747.563493380594,0.5402092905136009,-3.0246383530791383,9019.351568011256,0.5093900186447708,0.9995987526672171,0.936521062140873,0.11668785996674341,1.0,0.06752616131420011,0.826813155723833,0.30952380952380953,0.0,0.2707362585808086,0.0,astern_vae,astern,False,0.12532269954681396,2.354185104370117,1.9921984672546387,1.3522632122039795,vae_candidate_pool_v1,belief_limited_heuristic_v1,260
VAE000336,vae_candidate_000336,0.6372221147514059,888.7942504882812,-4778.49365234375,4701.086626356556,1.6927946876504942,0.17580259550372201,5.547096086406228,19,8373.20591451968,3424.3530592224997,0.6626486145105641,1.6246005614430212,3869.6942845241524,0.2485670616923421,0.3675319167910196,0.9846329707301653,0.9985529013174763,0.9213557820295601,0.08283107681382051,0.865363892505597,0.4523809523809524,0.0,0.225345165993441,0.0,starboard_vae,starboard,False,0.05408165603876114,1.19851815700531,1.486069679260254,1.8813118934631348,vae_candidate_pool_v1,belief_limited_heuristic_v1,261
VAE000622,vae_candidate_000622,0.6370933717160644,2323.217529296875,-1089.21044921875,2270.113215294098,2.841228837902007,-0.028311079732871558,5.136268950054474,9,9551.897703554914,3214.592659259627,0.29310747761796085,0.2720527359549154,10064.382428982866,0.9003537917648201,0.9968159349606168,0.8106663973818147,0.2687092405044693,1.0,0.03663843470224511,0.9001844392919821,0.21428571428571427,0.0,0.2576363963467485,0.0,ahead_vae,ahead,False,0.0589679516851902,1.4306747913360596,2.544844150543213,1.450900673866272,vae_candidate_pool_v1,belief_limited_heuristic_v1,262
VAE001145,vae_candidate_001145,0.6370301532135294,3746.541748046875,1930.4989013671875,3675.465381832265,-2.8217261922152383,-0.1786224240407626,4.213431000395353,19,8667.700251761155,1669.2104745233414,1.3132234087455192,-0.49848888541531733,8410.940999169812,0.1599883237689097,0.735263833801428,0.9936145717722639,0.4780988639241991,1.0,0.1641529260931899,0.9982103563709102,0.4523809523809524,0.0,0.3486882017538337,0.0,ahead_vae,ahead,False,0.08357307314872742,2.0778207778930664,1.9482378959655762,1.5620373487472534,vae_candidate_pool_v1,belief_limited_heuristic_v1,263
VAE000109,vae_candidate_000109,0.6365584845404725,3263.592529296875,-2800.79296875,4534.949774666047,2.34164034660162,-0.010030752620590288,6.656035475401733,31,8109.493596427276,2815.581868237525,1.3576874353238322,0.7899215543675828,7708.1832862444735,0.02070616252875057,0.42247386106997326,0.9998928175379123,0.7102980566410977,1.0,0.16971092941547902,0.9999354096504228,0.7380952380952381,0.0,0.247974171202558,0.0,ahead_vae,ahead,False,0.08656510710716248,1.8773155212402344,2.050757646560669,1.4353313446044922,vae_candidate_pool_v1,belief_limited_heuristic_v1,264
VAE000776,vae_candidate_000776,0.6362605124840517,2515.64306640625,567.9261474609375,2604.9115969167174,-2.8372178768216987,-0.039311391520802694,4.403609367850071,14,8014.002816279306,2811.730642617445,0.6213049748164822,-0.34368616828889714,8492.776383065264,1.1474484807899048,0.9920940336288877,0.7054075217040034,0.33695997094163144,1.0,0.07766312185206027,0.9941943531763472,0.3333333333333333,0.0,0.2655912315242511,0.0,ahead_vae,ahead,False,0.09392539411783218,0.6948127746582031,1.5054965019226074,1.3902517557144165,vae_candidate_pool_v1,belief_limited_heuristic_v1,265
VAE000732,vae_candidate_000732,0.6362111255843734,671.5775146484375,3068.540283203125,2067.8346991767544,-1.7268254907068115,-0.15605297217737174,6.08036265058293,14,8144.350671621877,1741.0998403704366,0.9872971768186222,-1.5708201350603535,1741.293742739726,0.04132660197012128,0.9793589553013068,0.9995730887573064,0.9999999997165833,0.4145937482713633,0.12341214710232777,0.9653182267745519,0.3333333333333333,1.0,0.35926350312812466,0.35926350312812466,inside_convoy_envelope,inside,True,0.10366175323724747,1.7097830772399902,1.9589869976043701,1.8730581998825073,vae_candidate_pool_v1,belief_limited_heuristic_v1,266
VAE001093,vae_candidate_001093,0.636122096812672,3029.3935546875,475.58099365234375,3213.278195343173,-2.9733686798080585,-0.02048964642919936,4.29695369375885,14,8597.121429032191,2430.348019541298,0.6700489128049135,-0.18871362021093396,8900.413661725523,0.3589239719640096,0.8824683056406155,0.9681376693742634,0.18759550866478675,1.0,0.08375611410061419,0.9924868257332946,0.3333333333333333,0.0,0.27619190800391674,0.0,ahead_vae,ahead,False,0.07968806475400925,1.073882818222046,1.5025827884674072,1.28440523147583,vae_candidate_pool_v1,belief_limited_heuristic_v1,267
VAE000400,vae_candidate_000400,0.6360677040950925,-2685.910400390625,-450.9462585449219,3425.4750855405646,0.24212101825813998,0.08429233897762418,4.754736505532029,24,8119.502113048891,2743.2890942843787,1.0774825999323203,2.983763974309278,8449.758296398913,0.0869034286289248,0.8197220089700801,0.9981131364701719,0.15717424568004007,1.0,0.13468532499154004,0.9317953588740677,0.5714285714285714,0.0,0.2578012731484046,0.0,astern_vae,astern,False,0.06407228112220764,0.8158779740333557,1.4969706535339355,1.4013707637786865,vae_candidate_pool_v1,belief_limited_heuristic_v1,268
VAE001037,vae_candidate_001037,0.6357688544965641,3324.7998046875,1539.8017578125,3633.0292938891807,-2.5732013881543865,0.04878800112738697,3.7124232421334025,5,8253.87284310879,2036.181403375105,0.2975060238593757,-0.5196032643080196,8175.532652793193,0.03376905059832058,0.750209422949804,0.9997149398959617,0.49653580390573554,1.0,0.03718825298242196,0.991780103043006,0.11904761904761904,0.0,0.3042856273458035,0.0,ahead_vae,ahead,False,0.09519468992948532,1.5266644954681396,2.9731767177581787,1.6798295974731445,vae_candidate_pool_v1,belief_limited_heuristic_v1,269
VAE001038,vae_candidate_001038,0.6356101223573924,73.9388427734375,4917.783203125,4530.449069389616,-1.571441654637252,-0.06040735209069168,3.93332515979175,19,7583.68195897081,2833.927610673118,0.884066098663999,-1.6305583510432327,3281.814887493386,0.37128035062874526,0.424009795424897,0.9659317935029521,0.9982147816493091,0.7813844970222348,0.11050826233299987,0.9404184880036871,0.4523809523809524,0.0,0.248061891807248,0.0,port_vae,port,False,0.06563735008239746,2.234325647354126,1.9456243515014648,1.6518023014068604,vae_candidate_pool_v1,belief_limited_heuristic_v1,270
VAE000638,vae_candidate_000638,0.635315847183382,-3346.812744140625,-901.6401977539062,3642.547758888371,0.29795821069716244,-0.08676179162300898,4.875565034995884,9,7789.955563212748,2737.819654259706,0.4219905176602697,2.756872651269622,8248.040159254004,0.03360795506021702,0.746875133408667,0.9997176529164618,0.3752996206184003,1.0,0.05274881470753371,0.9907316685693247,0.21428571428571427,0.0,0.2568517070852573,0.0,astern_vae,astern,False,0.09568735957145691,0.867695152759552,2.13187313079834,1.524004340171814,vae_candidate_pool_v1,belief_limited_heuristic_v1,271
VAE000701,vae_candidate_000701,0.6351858542320432,-1371.27734375,-569.3783569335938,1748.3842600185294,0.30406263067984496,-0.19519153125890362,4.54976538846465,5,7715.640949535028,1973.1060000561897,0.32843359776036307,2.6423384916510453,7718.534656639884,0.6914314401475316,0.9228715396766002,0.885167030140389,0.47877087084226355,1.0,0.041054199720045384,0.8987497317276443,0.11904761904761904,0.0,0.34577315750638066,0.0,astern_vae,astern,False,0.05875413492321968,0.7737537622451782,1.512338399887085,1.430004358291626,vae_candidate_pool_v1,belief_limited_heuristic_v1,272
VAE000650,vae_candidate_000650,0.6346571820510782,3105.147216796875,1111.8426513671875,3577.3560861056108,-2.886404438737306,-0.06476106327201749,5.122070560547496,26,8183.504605445196,2270.2025467309836,1.3994887454969545,-0.3199492781245048,8482.223479339602,0.381756835279202,0.7694837707732007,0.9640057782988947,0.31451841321080276,1.0,0.1749360931871193,0.9036324552273765,0.6190476190476191,0.0,0.2847175835549449,0.0,ahead_vae,ahead,False,0.05948712304234505,2.186099052429199,2.490593433380127,1.626752495765686,vae_candidate_pool_v1,belief_limited_heuristic_v1,273
VAE000915,vae_candidate_000915,0.6346418653038134,2620.432373046875,32.08140563964844,2727.950259091103,-3.1450954677792597,-0.07278895009113485,4.516116247004972,10,8692.498957486638,2911.7454640571186,0.395095374353725,-0.06928613590166822,8873.225050709612,0.05617608855597236,0.9798742103962185,0.9992112692213255,0.06923071373117463,1.0,0.049386921794215624,0.7934895631240423,0.23809523809523808,0.0,0.2583818353716058,0.0,ahead_vae,ahead,False,0.04529547691345215,2.283803939819336,2.4801602363586426,1.273909568786621,vae_candidate_pool_v1,belief_limited_heuristic_v1,274
VAE000492,vae_candidate_000492,0.6345895343840992,-597.6687622070312,-5062.81689453125,4418.629679446414,1.3743582118590747,-0.013945475177842177,3.980695441415056,19,8252.905332648264,2074.118488542248,1.1099749424065477,1.7532889665528757,3537.425136640576,0.385762845448566,0.46287604173477537,0.9632558347277352,0.983394380584376,0.8422440801525181,0.13874686780081846,0.9365094959876661,0.4523809523809524,0.0,0.2969776086729934,0.0,starboard_vae,starboard,False,0.06491608917713165,0.7277417778968811,1.513075590133667,1.0645840167999268,vae_candidate_pool_v1,belief_limited_heuristic_v1,275
VAE000451,vae_candidate_000451,0.6340330746785003,3578.40234375,-2729.916015625,4117.378438914894,2.3989425324198934,0.10415687304610483,2.658211797200333,7,7263.863664032075,2078.599513265849,0.46361719438950577,0.8468069942160048,6368.6508268585585,0.02040094153116412,0.5726157403488029,0.9998959540048837,0.7491692489629254,1.0,0.05795214929868822,0.9968285879509367,0.16666666666666666,0.0,0.29918117720273013,0.0,ahead_vae,ahead,False,0.08234812319278717,1.8553502559661865,2.8645102977752686,1.7889208793640137,vae_candidate_pool_v1,belief_limited_heuristic_v1,276
VAE000542,vae_candidate_000542,0.6333793763485054,-826.0028686523438,-3892.510986328125,4202.934916529373,1.3471549006736812,-0.000744174936457885,5.186053854422365,31,8932.357359737924,2247.465901663963,1.5441962474636843,1.793693577979654,4166.41833062976,0.32661339062991157,0.54092464645153,0.9735671617270591,0.9752610883109648,0.9920043644356571,0.19302453093296054,0.9976228596528456,0.7380952380952381,1.0,0.28218268083326276,0.28218268083326276,inside_convoy_envelope,inside,True,0.09152375161647797,0.7100884914398193,1.5092291831970215,1.6616328954696655,vae_candidate_pool_v1,belief_limited_heuristic_v1,277
VAE000163,vae_candidate_000163,0.6333474294415501,2373.81982421875,-74.70278930664062,2975.875643252035,3.0782864421526286,-0.25055223489174455,5.424667281470816,32,7894.192606191972,2218.638992394067,1.8270718171391138,-0.1872460234545794,8169.2150441875065,0.970250804452621,0.9392341196294893,0.782546314186616,0.186153765575036,1.0,0.22838397714238923,0.990422982605795,0.7619047619047619,0.0,0.29445015645502837,0.0,ahead_vae,ahead,False,0.0787058174610138,1.2109265327453613,2.9146785736083984,1.5599006414413452,vae_candidate_pool_v1,belief_limited_heuristic_v1,278
VAE000614,vae_candidate_000614,0.6327588975323954,3053.57568359375,-893.64794921875,3464.9116342502803,2.8409250696327137,-0.0913234909829398,2.510222363957948,20,8749.996934175446,3179.68062933291,0.7188505240108216,0.20934409297413953,9219.75806066864,0.46256624762321596,0.8070467481494391,0.9474551337347964,0.20781835770243529,1.0,0.0898563155013527,0.9947485816308805,0.47619047619047616,0.0,0.239517188058042,0.0,ahead_vae,ahead,False,0.08093422651290894,0.981651782989502,1.9351143836975098,1.9187097549438477,vae_candidate_pool_v1,belief_limited_heuristic_v1,279
VAE000697,vae_candidate_000697,0.6325691947878235,-1499.41259765625,-4101.72900390625,4573.029413380405,1.0748219925930784,-0.021410319880556195,4.93032923061778,20,7268.521468611133,2410.121276307873,1.1416816518493216,2.0453603411161594,5465.139529688544,0.2827356053352632,0.4095737302592823,0.9801479216112734,0.8894920301102167,1.0,0.1427102064811652,0.9444391273842543,0.47619047619047616,0.0,0.27143245528700444,0.0,astern_vae,astern,False,0.06640192121267319,0.8882941007614136,2.4918251037597656,1.0940576791763306,vae_candidate_pool_v1,belief_limited_heuristic_v1,280
VAE000632,vae_candidate_000632,0.6324694651119576,1856.46728515625,637.4669799804688,2010.118640427543,-2.9336236165112295,-0.04031920876035598,5.2306204898682696,10,9062.386488041342,3013.081563017394,0.3662237726232134,-0.2482882458389196,9524.93374844712,0.8694320790683685,0.9716740480105417,0.8226302608146779,0.2457450577355182,1.0,0.04577797157790167,0.9987675250585466,0.23809523809523808,0.0,0.2734535548543416,0.0,ahead_vae,ahead,False,0.0842018872499466,2.1160037517547607,1.9422208070755005,1.8205933570861816,vae_candidate_pool_v1,belief_limited_heuristic_v1,281
VAE000624,vae_candidate_000624,0.6310052976017327,3247.600341796875,492.6556396484375,3230.2745656656,-2.9416125245656044,0.008315507019130195,7.141021591716241,16,7723.4712655504845,3261.3746164413787,0.6351945465306499,-0.19166462200505852,8203.31289895413,0.6249456199107474,0.8778206160554171,0.9054974679740193,0.19049329841963591,1.0,0.07939931831633124,0.9469208856620276,0.38095238095238093,0.0,0.24088090121975989,0.0,ahead_vae,ahead,False,0.06688647717237473,2.306666135787964,1.523152232170105,1.1847140789031982,vae_candidate_pool_v1,belief_limited_heuristic_v1,282
VAE000590,vae_candidate_000590,0.6306909967212866,442.4372863769531,4472.29638671875,4630.757146543982,-1.735532539683455,-0.06309714581348158,5.102563650488363,12,8042.843095333465,2852.5322958611155,0.5230474385445179,-1.46915725971982,3653.8712550223404,0.2794544644398822,0.39035637715227894,0.9806030285637155,0.9948391951256936,0.8699693464338906,0.06538092981806473,0.9929281286562719,0.2857142857142857,0.0,0.24607217917480917,0.0,port_vae,port,False,0.07991481572389603,1.3167694807052612,1.8421123027801514,1.909603476524353,vae_candidate_pool_v1,belief_limited_heuristic_v1,283
VAE000688,vae_candidate_000688,0.630588126445653,-3216.171630859375,-2937.703369140625,4261.832931053884,0.7823255744668713,0.015338161383003812,7.072297463115968,16,8752.375898571887,2795.835792149727,0.6538563724569031,2.3746052405059253,8241.97495158285,0.2349736268558572,0.5192975557284719,0.9862602408980246,0.6939693146606492,1.0,0.08173204655711289,0.9452439085531982,0.38095238095238093,0.0,0.24916128490915476,0.0,astern_vae,astern,False,0.10797497630119324,2.2197046279907227,1.5104687213897705,1.9331650733947754,vae_candidate_pool_v1,belief_limited_heuristic_v1,284
VAE000573,vae_candidate_000573,0.6304287375812996,-1746.611572265625,-145.30616760253906,2075.2090308440224,0.13585712382270143,0.20452495045796795,5.422238780176049,10,8465.123295067377,2315.688209101915,0.5101367695288613,-3.0729248269545266,8604.061804114532,0.3029278407459199,0.980256268870375,0.9772335797850504,0.06861387479481633,1.0,0.06376709619110767,0.9967967938600368,0.23809523809523808,0.0,0.30470543382352666,0.0,astern_vae,astern,False,0.08232349157333374,0.9352751970291138,2.930323600769043,1.913730502128601,vae_candidate_pool_v1,belief_limited_heuristic_v1,285
VAE000331,vae_candidate_000331,0.6303647501712122,1781.836669921875,-3931.06982421875,4315.750125383658,1.9669374222490732,0.02045282474974336,5.515857261558392,1,8638.400516170836,2271.8170613854395,0.05095576278197529,1.1951080560904643,5282.910319120321,0.21236870257953488,0.4996834690672754,0.9887671959701351,0.9302553068821823,1.0,0.0063694703477469115,0.9015761000701389,0.023809523809523808,0.0,0.28015085697435776,0.0,ahead_vae,ahead,False,0.05917657911777496,2.1291322708129883,1.4748374223709106,1.5487149953842163,vae_candidate_pool_v1,belief_limited_heuristic_v1,286
VAE000943,vae_candidate_000943,0.630273707980073,3090.0107421875,-2674.907958984375,4175.185577183735,2.531653457361411,0.21019528979909674,5.730340156842702,13,8878.351153012165,2623.963457148972,0.5580244803723792,0.8201344860274784,7974.867057373414,0.16765464001193256,0.5511733945790833,0.9929894246747573,0.7312375723347175,1.0,0.0697530600465474,0.811342859861989,0.30952380952380953,0.0,0.2579567680121454,0.0,ahead_vae,ahead,False,0.04736511409282684,0.7436015009880066,1.485437273979187,1.4481120109558105,vae_candidate_pool_v1,belief_limited_heuristic_v1,287
VAE000716,vae_candidate_000716,0.6301934204480121,3345.507568359375,-2646.185302734375,4268.504870279885,2.4084621069859447,0.03188367986427345,5.5271959221527185,10,8461.303006914366,3067.0598184493574,0.38533681718081275,0.7650142264681226,8227.835222984213,0.1381087179331053,0.5168600838857551,0.9952390702353113,0.6925472612164311,1.0,0.048167102147601594,0.9973785756723387,0.23809523809523808,0.0,0.2384206677200794,0.0,ahead_vae,ahead,False,0.08279550075531006,0.7521271109580994,2.9497809410095215,1.3187932968139648,vae_candidate_pool_v1,belief_limited_heuristic_v1,288
VAE000654,vae_candidate_000654,0.6297157479162284,2547.182373046875,740.2572021484375,2635.3907463678565,-2.9435909377158453,0.05580267565632439,6.279815972459264,18,7834.619375156238,2067.611903567389,1.1111829758416987,-0.1421990402176234,8048.565114900442,0.7488736189711656,0.9895804100116543,0.8662280947599861,0.14172030028942062,1.0,0.13889787198021233,0.9678204636401314,0.42857142857142855,0.0,0.31182808982902016,0.0,ahead_vae,ahead,False,0.07148385047912598,1.8930680751800537,2.413166046142578,1.3522486686706543,vae_candidate_pool_v1,belief_limited_heuristic_v1,289
VAE000999,vae_candidate_000999,0.6291087121188734,1448.662841796875,4359.033203125,4530.69385726079,-1.8124625515214892,-0.20192734517263236,3.650695715935634,13,8382.922858458865,2749.989006822692,0.5639192563892912,-1.5310574472409364,3080.8582213479335,0.13322646675204375,0.42392619790400776,0.9955692365353613,0.9992105146289654,0.733537671749508,0.0704899070486614,0.9637337749316002,0.30952380952380953,0.0,0.2506474565517287,0.0,ahead_vae,ahead,False,0.07049399614334106,0.6048282384872437,2.516911029815674,1.0798914432525635,vae_candidate_pool_v1,belief_limited_heuristic_v1,290
VAE001123,vae_candidate_001123,0.6290737769879853,975.542236328125,4504.10205078125,4752.8203020958645,-1.7636690589966566,-0.002063057477146536,3.3220828671725045,14,8425.007644623896,3092.340886922505,0.5373662287608533,-1.379986652070283,4634.053857985903,0.2555813975173207,0.35117938955615735,0.9837582386481232,0.9818509989724051,1.0,0.06717077859510666,0.8994544008268102,0.3333333333333333,0.0,0.2355433434397525,0.0,port_vae,port,False,0.05885899439454079,2.0419416427612305,1.9232341051101685,1.2863332033157349,vae_candidate_pool_v1,belief_limited_heuristic_v1,291
VAE000730,vae_candidate_000730,0.628885407384262,-908.4099731445312,4241.47314453125,4016.2455418760637,-1.2057396426141762,0.15461204485361826,4.20284612119065,18,8490.631059057878,1233.0616900421187,1.7192844300841614,-1.7812409661219986,2979.506295981556,0.2109428257879995,0.6102973339476963,0.9889169693440558,0.9779381285772326,0.7094062609479895,0.21491055376052018,0.996184233297068,0.42857142857142855,0.0,0.44194401010541234,0.0,port_vae,port,False,0.09266223013401031,1.0364457368850708,2.945244550704956,1.6612988710403442,vae_candidate_pool_v1,belief_limited_heuristic_v1,292
VAE000712,vae_candidate_000712,0.6288377310934258,-1192.8974609375,-703.9764404296875,1598.8570658201963,0.681680725910882,0.10884542893119643,4.489136424375181,16,8039.008082653202,2812.93916689662,0.7075500682626297,2.5687573566101074,8280.38234836176,1.0799148041761026,0.8857425708516138,0.7357017507925607,0.5420169158028405,1.0,0.08844375853282871,0.8769470977563167,0.38095238095238093,0.0,0.3040313004634473,0.0,astern_vae,astern,False,0.05564412474632263,0.9673947691917419,2.099470376968384,1.4372875690460205,vae_candidate_pool_v1,belief_limited_heuristic_v1,293
VAE001168,vae_candidate_001168,0.6287780993576427,2986.54296875,-1942.33056640625,3860.965701416483,2.4676588368184293,-0.0035384375326256326,3.7592164571857003,8,8791.451730643072,1821.4399089578665,0.4995909274587922,0.6703953792387376,8020.424329481022,0.21689925994709824,0.6679899241472542,0.9882847150783394,0.6212958453043107,1.0,0.062448865932349024,0.9961373611859707,0.19047619047619047,0.0,0.3263619448401786,0.0,ahead_vae,ahead,False,0.09269533306360245,1.3657164573669434,2.9319043159484863,1.6910239458084106,vae_candidate_pool_v1,belief_limited_heuristic_v1,294
VAE000895,vae_candidate_000895,0.628754006724711,-3059.81103515625,3116.5146484375,4252.683023458051,-0.6835786892793831,0.09231450878235543,6.392414472385073,16,7989.97397963904,2627.101236253628,0.7622506596554155,-2.3656994555280546,7543.110219599991,0.2581973895316446,0.52264470768262,0.9834259119410234,0.700353915626943,1.0,0.09528133245692694,0.9333219041587437,0.38095238095238093,0.0,0.2585954111744964,0.0,astern_vae,astern,False,0.06434258818626404,1.233096957206726,1.4965698719024658,1.1691114902496338,vae_candidate_pool_v1,belief_limited_heuristic_v1,295
VAE000611,vae_candidate_000611,0.6285453174970241,2368.737060546875,1054.6236572265625,2384.1601910062964,-2.6127474371687303,0.03493621694798784,3.912881827229488,14,8422.010720982431,2303.61010366116,0.7216112097568508,-0.49390899947307504,8507.541774482568,1.2899375959611297,0.9999525720984707,0.6385904172528112,0.47407132242447686,1.0,0.09020140121960635,0.887342186505386,0.3333333333333333,0.0,0.29715180566305005,0.0,ahead_vae,ahead,False,0.057096414268016815,2.0599331855773926,2.947113275527954,1.4073063135147095,vae_candidate_pool_v1,belief_limited_heuristic_v1,296
VAE000166,vae_candidate_000166,0.6284493546664066,2054.988525390625,-1227.878173828125,2537.2664197929485,2.6380947182311765,0.03016881471631996,5.565942652663352,22,8520.16622313738,2197.516369365744,1.1750125205356632,0.5336667500749368,8453.279333441465,1.481422466684655,0.9964445078068744,0.5446274629429059,0.5086936335477067,1.0,0.1468765650669579,0.9546657388448894,0.5238095238095238,0.0,0.30172725049512766,0.0,ahead_vae,ahead,False,0.06846990436315536,1.2230923175811768,2.5607855319976807,1.3589019775390625,vae_candidate_pool_v1,belief_limited_heuristic_v1,297
VAE000129,vae_candidate_000129,0.6281888318727582,3140.918701171875,2443.719482421875,4077.061925928201,-2.3512838110651995,0.1022936977297165,4.444367269823589,16,8464.85083853904,2754.4709227269236,0.6862185926602872,-0.6880151447948771,8288.26752378474,0.26782638545053183,0.5876225527287215,0.9821741952628769,0.6350051176933119,1.0,0.0857773240825359,0.8144641342820125,0.38095238095238093,0.0,0.2523709270562927,0.0,ahead_vae,ahead,False,0.04773322492837906,1.139249563217163,2.9449076652526855,1.177299976348877,vae_candidate_pool_v1,belief_limited_heuristic_v1,298
VAE000612,vae_candidate_000612,0.6280995891490487,2007.366455078125,723.00439453125,2636.877032774174,-2.85351889795596,0.3240016153724852,5.3932442477998945,28,7497.306469594449,2515.1634148040116,1.4848635967858466,0.03592785973865209,7582.813185916127,0.8461771425759982,0.989449112218447,0.83142517709702,0.035920130890769106,1.0,0.18560794959823082,0.9629340453787372,0.6666666666666666,0.0,0.28029549718747704,0.0,ahead_vae,ahead,False,0.07030657678842545,0.7605704665184021,2.972694158554077,1.06685471534729,vae_candidate_pool_v1,belief_limited_heuristic_v1,299
VAE000914,vae_candidate_000914,0.6280342015220224,-1070.07763671875,4454.943359375,4212.177985581691,-1.522254823697129,0.042534800645458073,6.916679087554382,18,7795.6903402517555,2845.4568951391507,0.8114577535082897,-1.5768030292472062,2892.23167327457,0.7823829022488288,0.5375186181416683,0.8546178375633946,0.9999819598170664,0.6886265888748976,0.10143221918853622,0.8909731725489755,0.42857142857142855,0.0,0.24855930618840485,0.0,port_vae,port,False,0.057616282254457474,1.2822597026824951,2.033726930618286,1.071864366531372,vae_candidate_pool_v1,belief_limited_heuristic_v1,300
VAE000508,vae_candidate_000508,0.6279234578155887,1891.124755859375,4108.154296875,4747.763757681438,-1.9441354917463909,-0.1629530229678194,4.603948548498787,26,8375.712448251395,2192.3553943002617,1.415926245070809,-1.3604101848112216,3893.177927273753,0.1544171971168928,0.3527608379905338,0.9940506680712546,0.9779503466919477,0.9269471255413698,0.17699078063385112,0.8913578920113343,0.6190476190476191,0.0,0.2852945595286214,0.0,ahead_vae,ahead,False,0.05767177417874336,1.1201063394546509,2.936389207839966,1.3126174211502075,vae_candidate_pool_v1,belief_limited_heuristic_v1,301
VAE000668,vae_candidate_000668,0.6278137577864809,3880.570556640625,1244.26025390625,3898.1700278933154,-2.8269106394933314,0.043305448876957746,3.2709794312221634,34,7678.350226037431,3036.018578226517,1.4585004750332025,-0.27137656521950393,8211.172879627826,0.024235831552302137,0.6542317355833449,0.99985316330481,0.26805787704643835,1.0,0.1823125593791503,0.938641143598275,0.8095238095238095,0.0,0.2428580030589394,0.0,ahead_vae,ahead,False,0.06530684232711792,0.7539849877357483,1.9414440393447876,1.697150468826294,vae_candidate_pool_v1,belief_limited_heuristic_v1,302
VAE000292,vae_candidate_000292,0.6272697157308054,2841.6142578125,249.39779663085938,2668.3920325549834,-3.1004029200165304,0.11702381999528243,6.356363783642308,8,7902.371266127815,3194.855660741815,0.31687013962185895,0.0758340864220197,8121.7064512606885,0.5592829725269737,0.9864752261032835,0.9238178841395173,0.07576142276537601,1.0,0.03960876745273237,0.8929967082607575,0.19047619047619047,0.0,0.25074960085083636,0.0,ahead_vae,ahead,False,0.11662386357784271,1.9730454683303833,2.0512514114379883,1.9329079389572144,vae_candidate_pool_v1,belief_limited_heuristic_v1,303
VAE001104,vae_candidate_001104,0.6268616643069984,3510.804443359375,-1276.9656982421875,3775.7621963341608,2.860683560648381,0.06699664981484146,4.983948458303609,24,9401.286302765084,2375.5822170183646,1.0746174720098114,0.34790574275625397,9647.950359100347,0.311737752562081,0.6992182407914339,0.975901007902497,0.3409297688252823,1.0,0.13432718400122642,0.9955916575765374,0.5714285714285714,0.0,0.27459734935205493,0.0,ahead_vae,ahead,False,0.08146597445011139,0.7581598162651062,2.5290348529815674,1.924966812133789,vae_candidate_pool_v1,belief_limited_heuristic_v1,304
VAE000700,vae_candidate_000700,0.6267491113592467,2301.96044921875,-400.4074401855469,2393.7779467401333,2.947215790806066,-0.1020256811715991,5.833707698708994,17,8784.408753571714,2167.500403482894,0.8928473178918522,0.0923511816121281,8946.862207413764,0.7172278089143893,0.9999926817003576,0.8768153891406196,0.09221996436627601,1.0,0.11160591473648153,0.9874825748038163,0.40476190476190477,0.0,0.3066659868128377,0.0,ahead_vae,ahead,False,0.09706071019172668,2.2055258750915527,2.456727981567383,1.1769382953643799,vae_candidate_pool_v1,belief_limited_heuristic_v1,305
VAE001203,vae_candidate_001203,0.6265134917203667,-1797.083740234375,-3176.60595703125,4272.713524908895,1.0500243894367067,-0.010242599408443456,4.3839008834732365,11,8208.673661740444,1917.1201734378324,0.6989890260000674,2.0813256647446434,5683.739826879397,0.39071216087029104,0.5153239555505611,0.9623190350115605,0.8724859746439209,1.0,0.08737362825000843,0.9315340881673471,0.2619047619047619,0.0,0.3137767368845949,0.0,astern_vae,astern,False,0.06402628868818283,1.7549842596054077,2.9138870239257812,1.1680071353912354,vae_candidate_pool_v1,belief_limited_heuristic_v1,306
VAE001062,vae_candidate_001062,0.6264615276397729,956.2720947265625,-5333.97705078125,4863.119549418252,1.8046295516173858,0.0988618599644787,4.225947988941825,14,8184.274518200332,3035.0957266912055,0.5636058007547837,1.4358249619368861,4108.783918780085,0.16796920251362146,0.317628457556786,0.9929631547096593,0.9909051848109582,0.9782818854238297,0.07045072509434797,0.9780352315826853,0.3333333333333333,0.0,0.2376294986166353,0.0,starboard_vae,starboard,False,0.10027167946100235,2.3535287380218506,2.9052939414978027,1.42442786693573,vae_candidate_pool_v1,belief_limited_heuristic_v1,307
VAE000989,vae_candidate_000989,0.6261686773244058,2620.633056640625,-944.4761352539062,2397.53545305002,2.7489294515627747,-0.10194115815101785,5.492776260596527,17,8625.559517416888,1376.010749348949,1.4323192163628906,0.2907220438760006,8658.03179293286,0.6981894519925271,0.9999988517980753,0.8830036600445419,0.2866440446265296,1.0,0.17903990204536133,0.942780886368429,0.40476190476190477,0.0,0.4158318398549344,0.0,ahead_vae,ahead,False,0.0660836398601532,0.8618544936180115,2.9502320289611816,1.4464831352233887,vae_candidate_pool_v1,belief_limited_heuristic_v1,308
VAE000142,vae_candidate_000142,0.6260683636185181,223.7881622314453,1955.8724365234375,1633.0434241213677,-1.6201908629382917,0.06823619191449638,3.9846865132169196,9,7691.031359615876,1981.085708187075,0.5906832589738631,-1.453165598737005,2870.0120458352394,0.2588356736057109,0.8947641109283448,0.9833443243464101,0.9930894798230815,0.6833362013893427,0.07383540737173289,0.9316612025745132,0.21428571428571427,1.0,0.35124127778068664,0.35124127778068664,inside_convoy_envelope,inside,True,0.0640486553311348,2.132685899734497,2.9419219493865967,1.1710602045059204,vae_candidate_pool_v1,belief_limited_heuristic_v1,309
VAE000433,vae_candidate_000433,0.6255014175447089,2201.802001953125,3862.049072265625,4340.806243029416,-2.1042297599468403,0.09775142327849932,5.696775094438238,17,8181.7658294678395,2174.7269185129617,0.9554261986122324,-0.9396114703644537,6583.794126197858,0.08199301795490621,0.4906388085960801,0.998320227640247,0.8073288893318867,1.0,0.11942827482652905,0.8215992583620578,0.40476190476190477,0.0,0.28837798540694554,0.0,ahead_vae,ahead,False,0.04858245700597763,0.7947641015052795,1.5150392055511475,1.89313805103302,vae_candidate_pool_v1,belief_limited_heuristic_v1,310
VAE000762,vae_candidate_000762,0.6251948697726352,2505.880615234375,-279.7817077636719,2745.9850809175405,3.131688255082002,0.04699542454563552,6.29247735556529,14,7874.872059524056,2257.651417747191,0.7874584387908073,0.05689982305342703,7990.518356146699,0.4899936527557796,0.9776254358326766,0.9411679228848984,0.0568691249748456,1.0,0.09843230484885092,0.9415009680910977,0.3333333333333333,0.0,0.29453288690968493,0.0,ahead_vae,ahead,False,0.10869209468364716,1.3575258255004883,2.930375576019287,1.6276278495788574,vae_candidate_pool_v1,belief_limited_heuristic_v1,311
VAE000926,vae_candidate_000926,0.6250113646206807,3841.232177734375,-1019.6425170898438,4010.746715261618,2.970193586811397,0.2604032876598415,4.4805372090577595,25,8261.50999879571,2661.9706704803325,1.1367823179069583,0.43180235443823833,8617.267252817493,0.21863377760527222,0.6123479405346793,0.9880973443244485,0.418508402896992,1.0,0.14209778973836978,0.9909099650698961,0.5952380952380952,0.0,0.2575698284235187,0.0,ahead_vae,ahead,False,0.07892733067274094,0.7338783144950867,2.0128796100616455,1.8723127841949463,vae_candidate_pool_v1,belief_limited_heuristic_v1,312
VAE001135,vae_candidate_001135,0.6248699452337851,-3899.63916015625,-1143.097412109375,3870.907174709088,0.3536979879072553,-0.1639682078473079,5.080372137005324,11,8364.4251349333,2240.323613959138,0.5870104466897977,2.62392645783523,8377.120251341084,0.1354861657815919,0.6643195171437059,0.9954178904500333,0.49485346643290196,1.0,0.07337630583622472,0.9888751344682392,0.2619047619047619,0.0,0.284975479532828,0.0,astern_vae,astern,False,0.07803632318973541,1.6945838928222656,1.4997279644012451,1.2955045700073242,vae_candidate_pool_v1,belief_limited_heuristic_v1,313
VAE000418,vae_candidate_000418,0.6240292034090482,-1222.0986328125,-711.3223266601562,1542.3171848117768,0.47914388195391355,0.006959590774683975,7.362071972932794,7,8517.837280576528,2404.696860053709,0.3417498749965561,2.669408362410564,8679.52398732067,0.5652193734765889,0.8701770646152717,0.9222355620362602,0.45483264818929064,1.0,0.042718734374569516,0.7823859090316329,0.16666666666666666,0.0,0.3261281285725481,0.0,astern_vae,astern,False,0.0440358892083168,0.9333733916282654,2.571443557739258,1.6859545707702637,vae_candidate_pool_v1,belief_limited_heuristic_v1,314
VAE000940,vae_candidate_000940,0.6239450331121469,329.1241760253906,-3670.59130859375,3718.2853700130877,1.6429473978483942,0.017382776916700347,5.795972689877033,2,8232.129915058973,2594.96808807368,0.09362369099208692,1.5160280326581,3041.711520843824,0.11968396694228223,0.7199877774560887,0.9964232096444157,0.9985005918327094,0.7242170287723391,0.011702961374010865,0.8436840133833694,0.047619047619047616,1.0,0.2629136579918055,0.2629136579918055,inside_convoy_envelope,inside,True,0.05128798633813858,1.8670228719711304,1.4913969039916992,1.803092360496521,vae_candidate_pool_v1,belief_limited_heuristic_v1,315
VAE000159,vae_candidate_000159,0.6237459957497262,3452.0224609375,2890.7197265625,4025.2740883401493,-2.443609637194842,-0.055553509745812364,4.663912308705595,7,8508.603531697929,2093.6630306702295,0.39294608655185753,-0.7535365261407634,7637.631057347012,0.022590003488570876,0.6069302688715165,0.9998724283608067,0.6842221288116929,1.0,0.04911826081898219,0.8815585713866638,0.16666666666666666,0.0,0.29645356630292047,0.0,ahead_vae,ahead,False,0.05628209561109543,0.8893758058547974,2.4428212642669678,1.0776562690734863,vae_candidate_pool_v1,belief_limited_heuristic_v1,316
VAE000865,vae_candidate_000865,0.6235091695403486,-1309.653076171875,339.0582580566406,1514.2010572773538,-0.30443479738284207,-0.048668378456077355,6.029584731400034,22,8305.391949280245,2149.5198370112494,1.2323131727357806,-2.8858262346630283,8579.015450430697,0.2547837543233922,0.8621507861241889,0.9838589100210916,0.25298696994210657,1.0,0.15403914659197257,0.8357610097031299,0.5238095238095238,0.0,0.3446684471991825,0.0,astern_vae,astern,False,0.0503029003739357,2.2296392917633057,1.9624499082565308,1.3931829929351807,vae_candidate_pool_v1,belief_limited_heuristic_v1,317
VAE000986,vae_candidate_000986,0.6234197086625743,47.15008544921875,-4394.66259765625,4440.182618730546,1.6002739907631756,-0.0763351947093988,5.354967904814521,8,7412.277679370941,2328.5528985696214,0.46350262498903233,1.4649834681172182,3098.3809292141486,0.17874781409777163,0.4552845251464062,0.9920335498595478,0.9944070407911069,0.7377097450509877,0.05793782812362904,0.9929243242490969,0.19047619047619047,0.0,0.27723241750722355,0.0,starboard_vae,starboard,False,0.09462009370326996,0.6835775375366211,1.501364827156067,1.2253501415252686,vae_candidate_pool_v1,belief_limited_heuristic_v1,318
VAE000348,vae_candidate_000348,0.6232531562821977,3226.08935546875,1001.5044555664062,3686.452192665634,-2.8762277363978948,-0.3094026333709605,6.635483457707677,19,8609.04512646579,1404.5019121820942,1.5713621280466952,-0.5747675505628589,7989.275517659167,0.2825636795108757,0.7313619939824729,0.9801718967644857,0.5436397062146063,1.0,0.1964202660058369,0.9220148659710434,0.4523809523809524,0.0,0.39823285649082724,0.0,ahead_vae,ahead,False,0.06240027770400047,1.7458723783493042,1.5134376287460327,1.227974772453308,vae_candidate_pool_v1,belief_limited_heuristic_v1,319
VAE000438,vae_candidate_000438,0.623053583212454,-1453.940673828125,-377.5868835449219,1544.5627070003097,0.24647816655651258,-0.08737930167321831,5.139552957491806,28,7902.266138122313,1824.0091550430625,1.942582023402539,2.8077351853600625,8063.6545053602285,0.7582465377444583,0.8708100811312488,0.863021446785986,0.32768993674159624,1.0,0.24282275292531738,0.9459604214384728,0.6666666666666666,0.0,0.3723043906349371,0.0,astern_vae,astern,False,0.06669774651527405,1.7992178201675415,1.5171027183532715,1.477370023727417,vae_candidate_pool_v1,belief_limited_heuristic_v1,320
VAE001199,vae_candidate_001199,0.6221783679686929,2252.138671875,563.3629150390625,2518.936737938596,-2.9666918819459207,-0.042497475155292355,4.253230948135196,12,7694.682909236618,1607.116303342445,0.9703830715014551,-0.21739824679916475,7860.2035515350735,0.5392945232923284,0.9973294800197906,0.9290355894303746,0.21568984302209562,1.0,0.12129788393768189,0.8488648266018076,0.2857142857142857,0.0,0.36999697581145113,0.0,ahead_vae,ahead,False,0.05194183066487312,0.6401926875114441,2.481248140335083,1.4960519075393677,vae_candidate_pool_v1,belief_limited_heuristic_v1,321
VAE000126,vae_candidate_000126,0.6221432587269019,10.926025390625,-1917.53662109375,1486.7047885536765,1.4724795805275204,0.023388262293819934,5.764448191357055,8,8552.6478285844,2245.270522494283,0.416601397838599,1.6925013353560934,3266.994767140458,0.16349452007231388,0.8541261345275211,0.99333225799841,0.9926030825405475,0.7778558969382042,0.052075174729824876,0.823247167950639,0.19047619047619047,1.0,0.3399675904186287,0.3399675904186287,inside_convoy_envelope,inside,True,0.04878019168972969,1.5761173963546753,2.478102922439575,1.1480867862701416,vae_candidate_pool_v1,belief_limited_heuristic_v1,322
VAE001161,vae_candidate_001161,0.6217454604342136,1114.4820556640625,-3775.821044921875,4159.317186735405,1.8408688404692903,-0.08443573120805804,5.267407933642263,19,7335.883337635995,2418.7558930881764,1.0708019276389438,1.2162880819124455,4814.850672571947,0.19567909930840988,0.5570482624089395,0.9904579283110287,0.9378173047810896,1.0,0.13385024095486797,0.9599987737865562,0.4523809523809524,1.0,0.27239214618932023,0.27239214618932023,inside_convoy_envelope,inside,True,0.06963447481393814,2.2400870323181152,1.5125218629837036,1.1555092334747314,vae_candidate_pool_v1,belief_limited_heuristic_v1,323
VAE000011,vae_candidate_000011,0.6210790103504964,614.6226196289062,4504.19580078125,4430.199805763568,-1.8919539198454947,-0.06520234612122476,3.087845916284639,24,7959.970195168529,1776.1263429222367,1.6975631707538417,-1.3148410798655232,3733.486391691169,0.4997094307220138,0.4587951497978452,0.9388609155868217,0.9674218975784279,0.8889253313550403,0.2121953963442302,0.8436753416654104,0.5714285714285714,0.0,0.33095360765163684,0.0,port_vae,port,False,0.05128689855337143,1.5397061109542847,2.023693084716797,1.0849088430404663,vae_candidate_pool_v1,belief_limited_heuristic_v1,324
VAE000367,vae_candidate_000367,0.6210308857603803,-1527.45263671875,795.1793212890625,1649.2186973089254,-0.6008763871419128,-0.1753021339925063,6.318957727650439,1,8445.667237784308,1762.3124238030118,0.06718667224765351,-2.7160184004403867,8419.888874971015,0.13164473292302947,0.898926181193848,0.9956736695544331,0.4128438805914755,1.0,0.008398334030956689,0.8344366041168002,0.023809523809523808,0.0,0.37272524485511627,0.0,astern_vae,astern,False,0.0501398891210556,0.7804214954376221,2.4073052406311035,1.3609886169433594,vae_candidate_pool_v1,belief_limited_heuristic_v1,325
VAE000125,vae_candidate_000125,0.621029928649704,-2411.379638671875,3453.46875,4514.259933867963,-0.8728786212134353,0.05496354255911994,3.620412209521474,6,9127.248082413398,3441.716880266159,0.19100126936377246,-2.213750489817238,8226.85689454866,0.11436273877893278,0.42955369862830073,0.9967338531071479,0.8003280477863364,1.0,0.023875158670471557,0.9836271089588502,0.14285714285714285,0.0,0.22461611786440105,0.0,astern_vae,astern,False,0.09847889840602875,0.9933589100837708,1.4986398220062256,1.6357755661010742,vae_candidate_pool_v1,belief_limited_heuristic_v1,326
VAE000875,vae_candidate_000875,0.6204189371279814,3768.84912109375,-911.0459594726562,3750.2916238268945,2.701308225309428,0.16416478232401796,4.053261990130393,4,8280.445214458972,2089.007598998373,0.23124176919654696,0.604449210604383,8000.478270101947,0.07419066523397166,0.7084563587669498,0.9986245673660106,0.5683089645761799,1.0,0.02890522114956837,0.7953538998445588,0.09523809523809523,0.0,0.29856303578170734,0.0,ahead_vae,ahead,False,0.12902399897575378,1.8166241645812988,1.8830310106277466,1.1735649108886719,vae_candidate_pool_v1,belief_limited_heuristic_v1,327
VAE000589,vae_candidate_000589,0.6202792384458518,3330.32958984375,1704.7371826171875,4242.091902834793,-2.6553328852529097,-0.025567082990245623,3.7895563416172413,29,8617.106201485436,2695.0677911185694,1.2487251497830918,-0.511826851327129,8832.800117678778,0.195957246395833,0.5265252112249793,0.9904308688917938,0.48977080584043214,1.0,0.15609064372288647,0.9999997764946426,0.6904761904761905,0.0,0.2542589006026667,0.0,ahead_vae,ahead,False,0.08722520619630814,0.9916467070579529,2.890381336212158,1.9103834629058838,vae_candidate_pool_v1,belief_limited_heuristic_v1,328
VAE001018,vae_candidate_001018,0.6202661848898791,3026.5439453125,2170.735595703125,3854.7237790752683,-2.493960935673848,0.16538457198130954,5.541275113884853,12,8293.394063675622,2566.810929476888,0.5637091245811097,-0.48224714593463547,8537.986952315781,0.280583990612425,0.6702920080586382,0.980446942666952,0.46377121498419915,1.0,0.07046364057263871,0.9176051626252218,0.2857142857142857,0.0,0.2635259560021527,0.0,ahead_vae,ahead,False,0.06167668476700783,0.6567769050598145,2.4652326107025146,1.9211809635162354,vae_candidate_pool_v1,belief_limited_heuristic_v1,329
VAE000202,vae_candidate_000202,0.6202117125025577,2238.885498046875,58.880409240722656,2811.1832545155944,-3.127273678378604,-0.12227818405124401,5.776275052981015,14,7912.265513055169,2947.259126240333,0.6003560091599979,-0.136597159262433,8239.900019880015,0.9075645976827631,0.9685447246344613,0.8078333433532456,0.13617276590941282,1.0,0.07504450114499973,0.9898568789757675,0.3333333333333333,0.0,0.25671753491752025,0.0,ahead_vae,ahead,False,0.07845517992973328,1.575054407119751,1.4761807918548584,1.0646207332611084,vae_candidate_pool_v1,belief_limited_heuristic_v1,330
VAE000372,vae_candidate_000372,0.620105499541244,1756.26171875,-5174.72021484375,4989.575202920618,1.7529911690336677,-0.07713509981785373,6.196733711453759,20,8648.563750489164,2605.573749222882,0.8875291675091562,1.311466384738272,4736.225402310105,0.006597704632107959,0.2814906902485141,0.9999891176128726,0.9665620200437645,1.0,0.11094114593864453,0.9972485231245717,0.47619047619047616,0.0,0.2562158435527769,0.0,starboard_vae,starboard,False,0.09184713661670685,1.6855260133743286,2.04740047454834,1.1241594552993774,vae_candidate_pool_v1,belief_limited_heuristic_v1,331
VAE000675,vae_candidate_000675,0.6201024512483695,3526.7685546875,2026.2977294921875,3731.978839788831,-2.557553807935904,0.256611277086148,3.229306126868993,21,8148.054479347343,2275.083249811192,1.1328387018029908,-0.3274275685677412,8446.856809607605,0.08267853705587225,0.7150653052322885,0.9982920381422031,0.3216083298570385,1.0,0.14160483772537386,0.9047333305741733,0.5,0.0,0.28339352553263614,0.0,ahead_vae,ahead,False,0.059654515236616135,1.5407249927520752,1.9635217189788818,1.375978946685791,vae_candidate_pool_v1,belief_limited_heuristic_v1,332
VAE000376,vae_candidate_000376,0.6199488725309943,3654.145263671875,-955.0453491210938,3532.3916327769507,2.9310133125642075,-0.018345057261938365,4.458201176824786,18,8230.707104689302,2527.066436021872,0.8654036014664437,0.1922342837636475,8561.89835329485,0.2856798728788128,0.7847400209009692,0.9797351397777487,0.19105249787551049,1.0,0.10817545018330546,0.9977115889515484,0.42857142857142855,0.0,0.2680479913173563,0.0,ahead_vae,ahead,False,0.09144344925880432,1.9587260484695435,1.8674530982971191,1.8401727676391602,vae_candidate_pool_v1,belief_limited_heuristic_v1,333
VAE000840,vae_candidate_000840,0.6194111449141715,4255.345703125,2007.6151123046875,3841.1816489783096,-2.6471877477733305,0.04598717673320532,5.242613382700663,14,7530.446295756523,2504.294988110958,0.7423724314822486,-0.4484177290832573,7871.655407753036,0.33725747950503404,0.6752795953912962,0.9718328570713969,0.4335402389579439,1.0,0.09279655393528108,0.9540561664968282,0.3333333333333333,0.0,0.26839080335618604,0.0,ahead_vae,ahead,False,0.0683409571647644,2.223926067352295,2.024423360824585,1.6824042797088623,vae_candidate_pool_v1,belief_limited_heuristic_v1,334
VAE001082,vae_candidate_001082,0.6192896933997046,2382.316162109375,3769.705078125,4499.981882196468,-2.085771600990692,0.043914690469713365,5.2588054005507505,3,8185.237470214349,3005.3110458312763,0.12195526197225055,-1.0119063621293876,6888.2200287850055,0.1456078075282956,0.43446755521305286,0.9947089497573345,0.8478442243565244,1.0,0.01524440774653132,0.962534777245676,0.07142857142857142,0.0,0.2400971450956734,0.0,ahead_vae,ahead,False,0.07021372020244598,1.0695033073425293,2.0422146320343018,1.9171111583709717,vae_candidate_pool_v1,belief_limited_heuristic_v1,335
VAE000801,vae_candidate_000801,0.6191591501610108,1983.324462890625,3850.72412109375,4509.35695877012,-2.0289391395672776,0.16349429253130077,3.7248950928502707,26,8499.259864163947,1960.3466656449357,1.5604841493988877,-0.9491592214912148,6543.303719925614,0.02468182895380977,0.43123852953479214,0.9998477095612943,0.812926150701299,1.0,0.19506051867486096,0.8330620200117075,0.6190476190476191,0.0,0.3078689856597977,0.0,ahead_vae,ahead,False,0.12456174194812775,2.2366442680358887,2.9382216930389404,1.1609529256820679,vae_candidate_pool_v1,belief_limited_heuristic_v1,336
VAE001221,vae_candidate_001221,0.6191179833228478,3572.427490234375,2597.092041015625,4027.4416036005064,-2.5633318762351016,0.02279647090897844,6.024372477062898,23,7699.032616478886,1880.294018447646,1.588787857597628,-0.5554643064457131,7533.077054842949,0.004312963226072331,0.6061219140736326,0.9999953495942614,0.5273378576424119,1.0,0.1985984821997035,0.9119545821154672,0.5476190476190477,0.0,0.3196500053761936,0.0,ahead_vae,ahead,False,0.060773495584726334,1.6041604280471802,2.9171602725982666,1.1414868831634521,vae_candidate_pool_v1,belief_limited_heuristic_v1,337
VAE000539,vae_candidate_000539,0.6185159502938169,2554.168701171875,-1078.766357421875,2871.1276399134813,2.8496176736944343,0.021062186833611257,6.026705447874221,1,7868.878801108536,1773.725311276562,0.0716474569638597,0.31303716672897086,8032.690299245795,0.6568558137893002,0.9589094316382517,0.8959580384905019,0.30794962084244776,1.0,0.008955932120482462,0.9731059986919336,0.023809523809523808,0.0,0.3408103186322405,0.0,ahead_vae,ahead,False,0.10167527943849564,1.5454586744308472,2.953169822692871,1.2497621774673462,vae_candidate_pool_v1,belief_limited_heuristic_v1,338
VAE000339,vae_candidate_000339,0.6181039868483306,2995.007080078125,-25.33037757873535,2942.7592774849268,3.166662599991436,0.14897304926546434,4.477621469967643,18,8076.036362977148,2976.8371624954043,0.7487195282895556,0.12390310286382114,8382.020409877226,0.8396732708023795,0.945834527463252,0.833853043429798,0.12358631982049291,1.0,0.09358994103619445,0.9086492690208521,0.42857142857142855,0.0,0.25339556629788146,0.0,ahead_vae,ahead,False,0.06025666743516922,1.0556509494781494,2.609863758087158,1.7998464107513428,vae_candidate_pool_v1,belief_limited_heuristic_v1,339
VAE000843,vae_candidate_000843,0.617639926726177,499.64019775390625,-999.7461547851562,1324.9198984953987,2.0409265300909625,0.15712928737140067,5.214876389039578,12,8928.27054722825,2690.450950009877,0.49956134401491087,1.257795410870232,5308.881836793238,0.5948090361784031,0.8037337767959143,0.9141277603163083,0.9514138278246315,1.0,0.06244516800186386,0.8784299688758378,0.2857142857142857,1.0,0.3329380447897953,0.3329380447897953,inside_convoy_envelope,inside,True,0.055848222225904465,1.0893445014953613,1.5244505405426025,1.9218511581420898,vae_candidate_pool_v1,belief_limited_heuristic_v1,340
VAE001108,vae_candidate_001108,0.6175132138636094,1913.687255859375,677.0877075195312,2440.595973600102,-2.8004398879147168,-0.025219000428610194,5.3730752295416915,24,8400.51012397524,2567.282251436545,1.1128380428465012,-0.36637176610368655,8762.673852021413,1.4627090056435492,0.9996885110799258,0.553938491194073,0.3582303575440177,1.0,0.13910475535581265,0.9984676044526262,0.5714285714285714,0.0,0.28001774716404215,0.0,ahead_vae,ahead,False,0.08384903520345688,1.7982592582702637,2.489838123321533,1.9240525960922241,vae_candidate_pool_v1,belief_limited_heuristic_v1,341
VAE000116,vae_candidate_000116,0.6174391474765663,-1563.083251953125,-551.2141723632812,1356.9458429109775,0.4809856162723909,0.12926394222381124,5.345555589437916,11,8288.29957809312,2391.965210841717,0.5548459063010003,2.789870979541214,8604.964775582794,0.2859167796102542,0.8141066602281242,0.9797017449921881,0.3445145920759985,1.0,0.06935573828762504,0.979445662712011,0.2619047619047619,0.0,0.3435419678743104,0.0,astern_vae,astern,False,0.09984268248081207,1.2824881076812744,1.5167346000671387,1.414507269859314,vae_candidate_pool_v1,belief_limited_heuristic_v1,342
VAE000855,vae_candidate_000855,0.6158235572505244,513.5101928710938,3599.213134765625,3813.8740279513113,-1.6560852057818896,0.029728478219317123,4.729036424222492,24,8629.886437564852,1949.8320511115023,1.4262936737906633,-1.4557789695885863,2927.3487972198964,0.2822242986380357,0.6853056642221932,0.9802191819564432,0.9933927924826308,0.69698780886188,0.1782867092238329,0.9202032681945334,0.5714285714285714,1.0,0.3117114127020014,0.3117114127020014,inside_convoy_envelope,inside,True,0.062100913375616074,2.266663074493408,1.9769566059112549,1.2663506269454956,vae_candidate_pool_v1,belief_limited_heuristic_v1,343
VAE000971,vae_candidate_000971,0.6156380588820601,1608.458740234375,-5471.2646484375,4961.788979780926,1.7889200938967385,0.12366402467439357,5.812813046045881,21,8474.036768254573,2759.146088083374,0.8981611280249844,1.4763365843674487,3546.111298953085,0.08249563247113945,0.2892112530665318,0.9982995823375617,0.9955419947753542,0.8443122140364488,0.11227014100312305,0.9976756048132955,0.5,0.0,0.24862558719258618,0.0,starboard_vae,starboard,False,0.0830567255616188,2.0312130451202393,1.9383580684661865,1.3991338014602661,vae_candidate_pool_v1,belief_limited_heuristic_v1,344
VAE000609,vae_candidate_000609,0.6152790902035912,117.88165283203125,-3580.6201171875,4084.4689480122233,1.5794740629504964,-0.054032548695585755,3.98383683286153,32,8420.618064658524,2200.1215827878964,1.7272664102624469,1.5080860419437105,2723.510243023056,0.24872058720959078,0.5848632340477977,0.9846140802046526,0.9980343543851483,0.6484548197673943,0.21590830128280586,0.9593421050009097,0.7619047619047619,1.0,0.2870501608729118,0.2870501608729118,inside_convoy_envelope,inside,True,0.0694873183965683,1.535496711730957,1.9670709371566772,1.2854812145233154,vae_candidate_pool_v1,belief_limited_heuristic_v1,345
VAE000967,vae_candidate_000967,0.6151159467913095,-1109.38623046875,-625.3826293945312,1910.3123695326292,0.5298234721209637,-0.015123960793076511,5.622930661031045,14,7778.330005456986,2177.3863759671453,0.8266204967921554,2.596645220675753,7780.372836977169,0.1092549545492344,0.9556823662697562,0.9970188059519378,0.5183731382384649,1.0,0.10332756209901943,0.8354692576418659,0.3333333333333333,1.0,0.32131082575136194,0.32131082575136194,inside_convoy_envelope,inside,True,0.05026695132255554,1.0226292610168457,1.9865857362747192,1.1025912761688232,vae_candidate_pool_v1,belief_limited_heuristic_v1,346
VAE000151,vae_candidate_000151,0.6150837964583845,1673.1337890625,632.6710205078125,1696.7325052985793,-2.8629286805787073,0.17112681255952283,5.002556585622603,27,8695.178954854237,2104.262611203969,1.4756565874232375,-0.10753716045156297,8870.801354799634,0.4145776758985238,0.9107431531933138,0.9576432578528244,0.107330015990136,1.0,0.18445707342790468,0.8156799129604774,0.6428571428571429,0.0,0.3360062273776016,0.0,ahead_vae,ahead,False,0.04787715524435043,1.6294121742248535,2.9434659481048584,1.0810738801956177,vae_candidate_pool_v1,belief_limited_heuristic_v1,347
VAE001029,vae_candidate_001029,0.6150698764777014,-1664.96240234375,-4456.431640625,4723.501357515461,1.0884231613166284,-0.057108144631136455,6.7419125110949505,9,8210.134408994225,2763.7743396800365,0.39663374639134064,1.9960613476420284,5904.7945852234825,0.24387656649687628,0.36040013804927,0.9852046043052538,0.9109294273585646,1.0,0.04957921829891758,0.9960680090776735,0.21428571428571427,0.0,0.249533824618017,0.0,astern_vae,astern,False,0.09274394810199738,2.112736701965332,1.5055221319198608,1.694475531578064,vae_candidate_pool_v1,belief_limited_heuristic_v1,348
VAE000633,vae_candidate_000633,0.6149271305712609,84.78741455078125,3387.158203125,3929.7449353146376,-1.6538794215371282,0.030807123870221345,4.7479402166799405,11,7941.95074444341,2304.769054399937,0.6009496433304307,-1.4569061081824435,3192.394021659798,0.16640933122682022,0.642514015881642,0.9930929449323866,0.9935215162873772,0.7600938146809043,0.07511870541630383,0.9610771158077672,0.2619047619047619,1.0,0.28036050302260485,0.28036050302260485,inside_convoy_envelope,inside,True,0.10465431958436966,0.8049111366271973,1.5149717330932617,1.8716872930526733,vae_candidate_pool_v1,belief_limited_heuristic_v1,349
VAE000595,vae_candidate_000595,0.6143401165494198,3332.728271484375,734.9865112304688,3699.9121849778953,-2.7718635268923473,-0.012194460096752485,3.773240709708716,6,8863.86462857146,2845.3148913492005,0.23790183879203175,-0.38192358679419836,9285.68439881699,0.08125823916623709,0.726564847075365,0.99835018274008,0.37270614910338734,1.0,0.02973772984900397,0.8497174676711415,0.14285714285714285,0.0,0.25006395404399234,0.0,ahead_vae,ahead,False,0.052050214260816574,1.140479564666748,1.4974002838134766,1.3665611743927002,vae_candidate_pool_v1,belief_limited_heuristic_v1,350
VAE001036,vae_candidate_001036,0.6137530085426174,1702.046142578125,957.7420043945312,2070.949821928704,-2.6028769550320967,-0.13701622116077558,5.4920293484673355,9,7931.081433064507,2889.2200930466697,0.3927620099819689,-0.675731919718472,7995.337613858649,1.6353376706628533,0.9797403625624158,0.4677517277716439,0.6254685641078017,1.0,0.049095251247746115,0.971712757315861,0.21428571428571427,0.0,0.27686237233600836,0.0,ahead_vae,ahead,False,0.10204906016588211,2.1728010177612305,1.950460433959961,1.1181665658950806,vae_candidate_pool_v1,belief_limited_heuristic_v1,351
VAE000812,vae_candidate_000812,0.613678867577383,3072.464111328125,-84.64897918701172,3037.326149883122,3.147361689923298,0.15221483377055758,5.459147720594264,20,8526.303886064923,1824.8571598294407,1.2854059697046325,0.14644579743705255,8701.326485402244,0.5834530012821868,0.9260903468598166,0.9172826698304828,0.14592290329635144,1.0,0.16067574621307906,0.8815370049465125,0.47619047619047616,0.0,0.3318342464953758,0.0,ahead_vae,ahead,False,0.05627908930182457,0.7748445272445679,2.4893712997436523,1.1483280658721924,vae_candidate_pool_v1,belief_limited_heuristic_v1,352
VAE000381,vae_candidate_000381,0.6136194503140827,3538.988037109375,1161.4110107421875,3915.4505105319267,-2.7682562562089252,0.003818462909081664,6.165214232753225,24,7937.23268289432,2158.0298357172037,1.401150173831009,-0.3695179344717862,8180.88874519791,0.1556269659800189,0.6478228216127592,0.9939572727617108,0.3611659470906485,1.0,0.17514377172887613,0.9635367835554627,0.5714285714285714,0.0,0.2920041353878837,0.0,ahead_vae,ahead,False,0.104085274040699,1.4770309925079346,1.897468090057373,1.5616230964660645,vae_candidate_pool_v1,belief_limited_heuristic_v1,353
VAE000625,vae_candidate_000625,0.613408325679178,3645.748046875,-2165.18115234375,4138.865077316879,2.5045812193997636,-0.08640792246062041,4.8725405696052215,18,8189.785771167277,2309.372871122158,0.9517127855389992,0.5506035117294091,8187.676157233601,0.06308362481961005,0.5646333017111042,0.999005443958813,0.5232016422598551,1.0,0.1189640981923749,0.9731782261536996,0.42857142857142855,0.0,0.27865595252964553,0.0,ahead_vae,ahead,False,0.07287727296352386,2.2697582244873047,2.945502996444702,1.430420160293579,vae_candidate_pool_v1,belief_limited_heuristic_v1,354
VAE001020,vae_candidate_001020,0.6126957329903825,434.98919677734375,-5649.462890625,4903.324207739558,1.5131128614430511,0.059595762256694794,4.864217783724662,17,8495.284769158947,2716.4711375934976,0.7366579582553977,1.6880755544034367,3691.8488405375756,0.008999668881799039,0.30586283096387035,0.9999797516266715,0.9931306704389975,0.8790116286994227,0.09208224478192471,0.9424052556800325,0.40476190476190477,0.0,0.250854894472498,0.0,starboard_vae,starboard,False,0.10852079838514328,2.3894922733306885,2.9771997928619385,1.0999774932861328,vae_candidate_pool_v1,belief_limited_heuristic_v1,355
VAE000483,vae_candidate_000483,0.6125549026844801,-85.59613037109375,4539.57275390625,4831.079290711865,-1.5372357298756143,0.05036163607488768,5.3838696894690585,22,8599.53969791097,3193.881320978556,0.8009929630093134,-1.553995287639291,3337.9049613342186,0.13746530410347746,0.32718485384031226,0.9952832571418008,0.9998588658615783,0.7947392765081472,0.10012412037616418,0.7989528407180443,0.5238095238095238,0.0,0.23152128731941693,0.0,port_vae,port,False,0.0459226593375206,2.3031363487243652,2.9232962131500244,1.678528904914856,vae_candidate_pool_v1,belief_limited_heuristic_v1,356
VAE001069,vae_candidate_001069,0.612413771000108,-227.8641357421875,-4975.234375,4722.912351176691,1.6238342287722678,-0.04256973700861969,4.9620187774457944,17,8302.21229287106,2529.6713419099096,0.8094517871353534,1.4751886878089062,3310.6647164914234,0.3510631495597605,0.36058663832001986,0.969503815191344,0.995433070064904,0.7882535039265294,0.10118147339191917,0.9732897619449281,0.40476190476190477,0.0,0.26180119564937165,0.0,starboard_vae,starboard,False,0.10162529349327087,1.2138879299163818,1.9569333791732788,1.9353206157684326,vae_candidate_pool_v1,belief_limited_heuristic_v1,357
VAE000456,vae_candidate_000456,0.6123782521152961,2020.743896484375,-4420.630859375,4789.552799293147,2.0001992020743495,0.026547065233051892,6.4488839169284375,19,9122.19575272801,2440.71164179793,0.8533707260405562,1.1679405167484955,5821.651427879655,0.13891143224065816,0.3398034178230749,0.9951836558126874,0.9199451347768576,1.0,0.10667134075506952,0.8632688874341593,0.4523809523809524,0.0,0.26612722100897457,0.0,ahead_vae,ahead,False,0.05380468815565109,1.390815019607544,2.942296266555786,1.8552651405334473,vae_candidate_pool_v1,belief_limited_heuristic_v1,358
VAE000222,vae_candidate_000222,0.6122404281838639,3123.681884765625,-2509.35791015625,4323.79970225997,2.4365189912586596,0.1889693258154992,4.49123776082912,20,8549.842699008019,2002.983866306228,1.1678697778982248,0.894042988146633,6916.015383156239,0.372851112541007,0.4967725870152916,0.9656462756705699,0.7796100950542612,1.0,0.1459837222372781,0.7935634890464683,0.47619047619047616,0.0,0.3039706705179376,0.0,ahead_vae,ahead,False,0.04530392959713936,0.8078140616416931,2.9545788764953613,1.8920263051986694,vae_candidate_pool_v1,belief_limited_heuristic_v1,359
VAE000823,vae_candidate_000823,0.6121715200156226,-965.6455688476562,1595.925537109375,1555.9378441132328,-1.021065496255655,-0.040232292441972795,5.120218679790716,15,7981.935672804051,1769.9951484080384,1.0617223500113346,-2.160759449776111,5911.3905898428375,0.13932806941047524,0.8739982347526748,0.995154767978106,0.8309611954710482,1.0,0.13271529375141683,0.8600054138032263,0.35714285714285715,1.0,0.37769393776244875,0.37769393776244875,inside_convoy_envelope,inside,True,0.1211564913392067,1.9853460788726807,1.4925658702850342,1.9387078285217285,vae_candidate_pool_v1,belief_limited_heuristic_v1,360
VAE000409,vae_candidate_000409,0.6120033299517277,-3284.4462890625,2537.139404296875,4008.7929245757373,-0.6369412039900515,-0.10920083731719825,7.444749433380723,15,7785.583740173181,2134.120489990948,0.9027783661561747,-2.6138522869169396,7801.038740803145,0.21878283838233076,0.6130765128003443,0.9880811735493562,0.5035824246409225,1.0,0.11284729576952184,0.9672226278728651,0.35714285714285715,0.0,0.2938234450469305,0.0,astern_vae,astern,False,0.07133547216653824,1.960701823234558,1.522392749786377,1.1173107624053955,vae_candidate_pool_v1,belief_limited_heuristic_v1,361
VAE001076,vae_candidate_001076,0.6119115434588245,-879.2369995117188,3166.439697265625,3827.2672019011447,-1.3315730792235572,0.21032887702159087,5.9144031082450566,9,9363.324694626159,2333.7326115831706,0.4118711103640732,-1.599690697344645,2603.268209494022,0.25198055798652397,0.6803938272993841,0.9842102619057322,0.9995825867174745,0.6198257641652433,0.05148388879550915,0.9927311621778053,0.21428571428571427,1.0,0.2772302293117598,0.2772302293117598,inside_convoy_envelope,inside,True,0.09472015500068665,0.883456289768219,1.513517141342163,1.8209296464920044,vae_candidate_pool_v1,belief_limited_heuristic_v1,362
VAE000991,vae_candidate_000991,0.611555052563479,2418.032958984375,4180.59423828125,4703.471518681714,-2.3168281598842064,-0.14852157796517376,5.916466470178204,12,8344.318966349621,3404.0197057193677,0.4224723433328066,-0.9732860716707604,7508.631189917733,0.3058765491126305,0.36676975805391493,0.9767916822233018,0.8267388711060306,1.0,0.052809042916600824,0.9922505370857456,0.2857142857142857,0.0,0.2259464732631695,0.0,ahead_vae,ahead,False,0.09496356546878815,0.713204026222229,2.596174955368042,1.7265030145645142,vae_candidate_pool_v1,belief_limited_heuristic_v1,363
VAE001134,vae_candidate_001134,0.6114920505698535,3459.681884765625,2538.1064453125,3962.53820265987,-2.597844014436871,-0.10375470144769951,4.923300883115905,12,8585.863944055287,1725.3206026528335,0.8100791148278319,-0.6475033406006215,7888.72679129977,0.2636379316052886,0.6303147149313391,0.9827241719365806,0.603196971546834,1.0,0.10125988935347899,0.9408307278476512,0.2857142857142857,0.0,0.33906281377436465,0.0,ahead_vae,ahead,False,0.06571464240550995,2.0761899948120117,1.5229721069335938,1.9222151041030884,vae_candidate_pool_v1,belief_limited_heuristic_v1,364
VAE000526,vae_candidate_000526,0.611484100714045,22.615631103515625,-3818.636962890625,3725.5918070815856,1.5163163764676828,-0.04707695702689998,4.585238629137362,7,8140.734637641185,2293.6701584706543,0.37488967318815747,1.5781993200952107,2353.8725607653537,0.20769551325195915,0.7173634158985396,0.9892543551911832,0.9999725979702438,0.5604458478012747,0.046861209148519684,0.9830667650312197,0.16666666666666666,1.0,0.28206368698914214,0.28206368698914214,inside_convoy_envelope,inside,True,0.07586215436458588,1.6107537746429443,2.6625356674194336,1.5332567691802979,vae_candidate_pool_v1,belief_limited_heuristic_v1,365
VAE000721,vae_candidate_000721,0.611412401014428,-2224.53564453125,423.941650390625,1994.8554385391303,-0.12655330536755702,-0.20796099376874003,4.538925753649743,12,8016.274462036363,2167.421511319962,0.6906615651636858,3.0601849651886104,8165.976304596176,0.30043005555038105,0.9694476958894412,0.9776046553403603,0.08131780052706003,1.0,0.08633269564546073,0.7810641679933051,0.2857142857142857,0.0,0.31856675871235,0.0,astern_vae,astern,False,0.043887220323085785,0.790635883808136,1.504868984222412,1.230373740196228,vae_candidate_pool_v1,belief_limited_heuristic_v1,366
VAE001180,vae_candidate_001180,0.6113825752632693,632.6014404296875,4593.32763671875,4659.416516736719,-1.9051347380516632,-0.15281291996007462,5.233459026336743,19,8024.293233616318,2325.3499920131585,1.0182595259264844,-1.3892708354982046,3735.770528357345,0.41997568828314535,0.38097506190247765,0.9565494266995709,0.9835694400751724,0.8894691734184155,0.12728244074081055,0.8312993983345048,0.4523809523809524,0.0,0.2757256931668811,0.0,port_vae,port,False,0.049755558371543884,0.8336658477783203,2.4546656608581543,1.5200854539871216,vae_candidate_pool_v1,belief_limited_heuristic_v1,367
VAE000041,vae_candidate_000041,0.6113002359343401,3764.981201171875,1120.256103515625,3632.4749096403166,-2.7569679103614475,0.03155978560548369,4.1861102308557605,1,8776.256687401728,2758.144245181893,0.04131176098312526,-0.35306495762286194,9188.612022810583,0.11786710674599687,0.7504032880262078,0.9965308553806285,0.345775329920871,1.0,0.005163970122890657,0.9040576421037609,0.023809523809523808,0.0,0.2545836589085978,0.0,ahead_vae,ahead,False,0.059551678597927094,1.5792114734649658,2.5568184852600098,1.9087131023406982,vae_candidate_pool_v1,belief_limited_heuristic_v1,368
VAE000676,vae_candidate_000676,0.6102861048966206,2816.829345703125,3147.012451171875,4500.969474012406,-2.2894206890794386,0.08142716918145179,6.160749624406328,15,8549.933707020067,2863.030748690818,0.6127770610097129,-0.7707447953289027,8128.240868874365,0.10452471317255307,0.4341269458981718,0.9972711319433323,0.6966697420111285,1.0,0.0765971326262141,0.9745849433445973,0.35714285714285715,0.0,0.2453809763136559,0.0,ahead_vae,ahead,False,0.10126820206642151,1.329635500907898,2.9294097423553467,1.3882784843444824,vae_candidate_pool_v1,belief_limited_heuristic_v1,369
VAE001147,vae_candidate_001147,0.6096081583570522,2209.7724609375,443.79119873046875,2055.3595656776815,-2.978267012883456,-0.029496724904572117,6.032445854513855,14,8679.512730472914,1384.9493447273574,1.1646590401641888,-0.19282236561090937,8784.05533519289,0.2683098493436899,0.9777970707782414,0.9821101679529689,0.19162971407920393,1.0,0.1455823800205236,0.8298893744608044,0.3333333333333333,0.0,0.4205123855553063,0.0,ahead_vae,ahead,False,0.04958362877368927,2.1321184635162354,2.487126350402832,1.5313969850540161,vae_candidate_pool_v1,belief_limited_heuristic_v1,370
VAE000494,vae_candidate_000494,0.6091689665333676,2860.561767578125,266.5049743652344,3004.0770041992946,-3.0828856062952212,0.12207177784507475,5.3788617628056254,18,7575.97990729505,1993.209058673865,1.1920125796249272,0.06336473055050287,7686.990533194211,0.6252767178371492,0.9333444951428617,0.9054005908032758,0.06332233655592329,1.0,0.1490015724531159,0.983718082374848,0.42857142857142855,0.0,0.31452763563605945,0.0,ahead_vae,ahead,False,0.07608547806739807,1.7178398370742798,2.9417595863342285,1.264885663986206,vae_candidate_pool_v1,belief_limited_heuristic_v1,371
VAE000958,vae_candidate_000958,0.6088529488922841,-1513.474853515625,-649.9833374023438,1474.4154149693995,0.29254329253603056,0.019492978962745443,5.91335965809751,16,9162.520653715485,3370.056974643171,0.5181646397995915,2.868542340016508,9731.878159946798,0.601427181690688,0.8504851225148565,0.9122644636210736,0.2696699946879505,1.0,0.06477057997494894,0.8332486995983686,0.38095238095238093,0.0,0.29719461082513293,0.0,astern_vae,astern,False,0.04999406635761261,0.7259054183959961,2.8392281532287598,1.403469443321228,vae_candidate_pool_v1,belief_limited_heuristic_v1,372
VAE000579,vae_candidate_000579,0.6086314676420448,3706.94677734375,1887.013916015625,4610.536658032223,-2.5967539227290186,-0.16254173343555794,5.171645431121033,26,7938.994826132193,2682.008703063656,1.2210899202032415,-0.7073804642963324,7777.056080179256,0.0065958914568740035,0.3970397908856426,0.9999891235934046,0.6498449808532926,1.0,0.15263624002540518,0.999264402318808,0.6190476190476191,0.0,0.2543657879409194,0.0,ahead_vae,ahead,False,0.08489919453859329,0.7614719271659851,1.9445972442626953,1.8732354640960693,vae_candidate_pool_v1,belief_limited_heuristic_v1,373
VAE001216,vae_candidate_001216,0.6083144973884104,3502.3701171875,-1592.3212890625,4007.77873572,2.6528474853789814,0.06771106489911106,5.6129275692130784,5,8225.757562564326,2381.913070700791,0.2551926673532878,0.5564562331099234,8242.835294338318,0.20341734169973735,0.6134546983999257,0.9896909677304991,0.5281803942053295,1.0,0.03189908341916098,0.9931043838039032,0.11904761904761904,0.0,0.2741539509710881,0.0,ahead_vae,ahead,False,0.08000732958316803,1.1384923458099365,2.929138422012329,1.3850504159927368,vae_candidate_pool_v1,belief_limited_heuristic_v1,374
VAE000803,vae_candidate_000803,0.608250050574977,-450.121337890625,-1024.3074951171875,1194.7049835046964,1.0933946988133656,0.027682409101063208,6.328021695978874,12,8502.471984200021,2692.371982373058,0.5242047765764491,2.0758803638774905,6470.370285298011,0.11126806723136662,0.7598613502858196,0.9969080462950667,0.8751338135700849,1.0,0.06552559707205614,0.9997675489638084,0.2857142857142857,1.0,0.35049183151723284,0.35049183151723284,inside_convoy_envelope,inside,True,0.08593589067459106,1.8064552545547485,2.4772603511810303,1.7119805812835693,vae_candidate_pool_v1,belief_limited_heuristic_v1,375
VAE000979,vae_candidate_000979,0.6081684433269333,-194.94964599609375,4715.083984375,4849.710283852589,-1.6826279026279483,0.09286663226026096,7.64722009409884,15,8060.743102086808,3051.4370658282314,0.6098341791470037,-1.366098118701584,4626.2510825592235,0.5844486182182946,0.32160868080392974,0.9170082159087728,0.9791223748542675,1.0,0.07622927239337546,0.9401207653458555,0.35714285714285715,0.0,0.23726003816704802,0.0,port_vae,port,False,0.06558167934417725,1.1931560039520264,2.3114521503448486,1.5091824531555176,vae_candidate_pool_v1,belief_limited_heuristic_v1,376
VAE000219,vae_candidate_000219,0.6077778799334368,-1427.141357421875,-629.521240234375,1576.119447721382,0.35764548106822375,-0.07298513592060966,5.123239034041893,17,8620.597760498697,1772.5878523278425,1.1125096105813528,2.7109620366009604,8573.516352395449,0.8110145793228909,0.8795774637348929,0.8443816157059914,0.4174439287451046,1.0,0.1390637013226691,0.8446849343885534,0.40476190476190477,0.0,0.3755262948924408,0.0,astern_vae,astern,False,0.05141368880867958,2.276498556137085,1.519020915031433,1.777234435081482,vae_candidate_pool_v1,belief_limited_heuristic_v1,377
VAE001035,vae_candidate_001035,0.6074885481389402,-1815.00830078125,-970.9210205078125,2033.4309507020866,0.5431369184736222,0.08626930641241319,4.976918258949502,17,7930.950073937398,2432.1348303513946,0.8813249360534902,2.684725041528585,8190.451549445328,1.3039485282746492,0.9749186003594058,0.6318460582518488,0.44113914954443584,1.0,0.11016561700668627,0.7608588080338564,0.40476190476190477,0.0,0.2995815026817016,0.0,astern_vae,astern,False,0.041644588112831116,1.1529512405395508,1.9861855506896973,1.1972249746322632,vae_candidate_pool_v1,belief_limited_heuristic_v1,378
VAE000588,vae_candidate_000588,0.6074793701633532,1614.7802734375,977.9664916992188,1558.0387661288385,-2.6224748950386583,0.061965682553605746,5.82933682479595,6,7967.426740877339,1579.7193433869968,0.4767088728917481,-0.4571520759975291,7846.556429178951,0.399690161225203,0.8745836631992207,0.9605908033460305,0.44139442064260176,1.0,0.059588609111468516,0.8135008683514443,0.14285714285714285,0.0,0.4036647044682973,0.0,ahead_vae,ahead,False,0.12691351771354675,1.158832311630249,1.52974271774292,1.379292368888855,vae_candidate_pool_v1,belief_limited_heuristic_v1,379
VAE000727,vae_candidate_000727,0.6074041766085676,-3518.841552734375,1686.60888671875,4235.308207283049,-0.527700572632149,0.13822892467230566,6.173156738654612,18,7941.709460263321,1883.9625451579059,1.2030571150899037,-2.4756631562853384,7408.800564096829,0.10463156189690781,0.5290140407427898,0.9972655551012942,0.6177903030945697,1.0,0.15038213938623796,0.969009263599332,0.42857142857142855,0.0,0.3180631019118774,0.0,astern_vae,astern,False,0.10275007784366608,2.3051915168762207,1.999313235282898,1.400904893875122,vae_candidate_pool_v1,belief_limited_heuristic_v1,380
VAE001211,vae_candidate_001211,0.60703160236542,-1638.0478515625,-484.82257080078125,1485.7927425555322,0.1963028071604583,-0.08247233061078377,4.64041293097289,18,8235.431784847697,2563.3523341240607,0.852663802486243,2.8628175158185516,8622.867128678807,0.7610128847357281,0.8538570599690329,0.8620689205134457,0.27517828104589676,1.0,0.10658297531078037,0.9823955156841422,0.42857142857142855,0.0,0.322957623119531,0.0,astern_vae,astern,False,0.09889659285545349,0.8727222084999084,2.0042972564697266,1.0682342052459717,vae_candidate_pool_v1,belief_limited_heuristic_v1,381
VAE001008,vae_candidate_001008,0.6069437852075985,439.93084716796875,-4845.47509765625,4527.453083519516,1.8505538882791568,0.07798580623555286,5.621726996512278,22,8691.977073445772,1573.402626132142,1.608659907227235,1.3690245715461897,3283.402710339379,0.3836770446572768,0.42503351121565947,0.9636472347242545,0.979713046324547,0.7817625500808045,0.20108248840340437,0.9978976274523522,0.5238095238095238,0.0,0.3613264811780634,0.0,starboard_vae,starboard,False,0.08326304703950882,2.3505568504333496,1.4915854930877686,1.6050022840499878,vae_candidate_pool_v1,belief_limited_heuristic_v1,382
VAE000722,vae_candidate_000722,0.6068541345982806,-1347.935546875,3876.21142578125,4406.951632351364,-1.3279792582727799,0.1288005095695497,5.931203175931916,15,8876.719083016025,2571.1544303262294,0.6572197722208378,-1.6848128857474636,3564.361870859503,0.7754729730794347,0.4670078391462649,0.8570450036460651,0.9935071505154789,0.8486575882998817,0.08215247152760473,0.8087844003491361,0.35714285714285715,0.0,0.25984751952981383,0.0,astern_vae,astern,False,0.047064848244190216,1.4852854013442993,2.94174861907959,1.102999210357666,vae_candidate_pool_v1,belief_limited_heuristic_v1,383
VAE000936,vae_candidate_000936,0.6067029366001337,2262.652099609375,1399.20556640625,2694.1503688153052,-2.488139327564822,0.050136936891739606,6.171421179180482,9,7484.473579394773,2859.947249484254,0.42045858748039433,-0.6033163891332317,7785.820281038783,1.638046211147577,0.9837768100189053,0.46640039715632003,0.5673764973527711,1.0,0.05255732343504929,0.9387875505908599,0.21428571428571427,0.0,0.2628293532816037,0.0,ahead_vae,ahead,False,0.06533390283584595,2.162795305252075,2.0509424209594727,1.1005048751831055,vae_candidate_pool_v1,belief_limited_heuristic_v1,384
VAE000421,vae_candidate_000421,0.6063119417050428,-1586.59765625,434.5443115234375,1436.4594470457414,-0.2915861752112912,-0.1094997807997123,4.591758134978903,17,8591.819120978924,3146.7413083972788,0.6287858422929529,-2.959506259178214,9019.597180569284,0.18366734766726617,0.8390349550567837,0.9915902572529867,0.18108186825763434,1.0,0.07859823028661911,0.8206810494864029,0.40476190476190477,0.0,0.3067697090175835,0.0,astern_vae,astern,False,0.04847254604101181,2.0472607612609863,2.453277587890625,1.5573866367340088,vae_candidate_pool_v1,belief_limited_heuristic_v1,385
VAE000461,vae_candidate_000461,0.6061360043858436,456.5287780761719,-4006.54541015625,4255.8469706254855,1.5967953797859922,-0.25053938570429773,6.274782585144338,11,8250.892911330007,2762.042719246152,0.4826822665554163,1.2942578880995035,4909.821076732735,0.23364997405792232,0.5214867295853322,0.9864138995352056,0.9620063005469166,1.0,0.06033528331942704,0.855840958105389,0.2619047619047619,1.0,0.2514235272181135,0.2514235272181135,inside_convoy_envelope,inside,True,0.0528353676199913,1.043521523475647,2.5344250202178955,1.8812404870986938,vae_candidate_pool_v1,belief_limited_heuristic_v1,386
VAE000844,vae_candidate_000844,0.6054639667840823,-399.71405029296875,3717.426025390625,3936.5499442828373,-1.480909605895196,0.102196173950219,3.3015720954735923,29,8435.8560729891,2084.3186500651213,1.6493192273014947,-1.558486873744378,2187.9988932526144,0.35070403060853517,0.6399846403813647,0.9695655347554838,0.9999242396394232,0.5209521174410987,0.20616490341268684,0.9776555127085118,0.6904761904761905,1.0,0.29782360332889696,0.29782360332889696,inside_convoy_envelope,inside,True,0.07414804399013519,0.645177960395813,2.96256160736084,1.497358798980713,vae_candidate_pool_v1,belief_limited_heuristic_v1,387
VAE000217,vae_candidate_000217,0.6045571342549286,-3404.05078125,-2851.5498046875,4249.53704274408,0.6920511125413054,0.033145165515413126,4.682956261479223,28,9126.00196588455,2437.2906496983574,1.2588388888954052,2.4826867065639013,8707.824444968906,0.4339354857309018,0.5237966940961005,0.9536590628858725,0.6122521918598044,1.0,0.15735486111192565,0.7237657664850851,0.6666666666666666,0.0,0.2683282243750021,0.0,astern_vae,astern,False,0.037648171186447144,2.291171073913574,1.4752402305603027,1.038221001625061,vae_candidate_pool_v1,belief_limited_heuristic_v1,388
VAE001153,vae_candidate_001153,0.6043354498857525,727.6295166015625,-4730.775390625,4714.1820137183795,1.7865399845634438,-0.16300887879058312,3.4142621898246404,14,8363.33501747157,2287.701480250978,0.7317271820904963,1.1920437902357668,5218.005373154538,0.4037656229853852,0.3633567276239744,0.9597940322657352,0.9291266226039401,1.0,0.09146589776131203,0.899016338316353,0.3333333333333333,0.0,0.2778728993976919,0.0,starboard_vae,starboard,False,0.058793772011995316,1.263790249824524,2.9636218547821045,1.2586321830749512,vae_candidate_pool_v1,belief_limited_heuristic_v1,389
VAE000158,vae_candidate_000158,0.6042626914164815,3647.798583984375,-2796.56201171875,4352.658304533825,2.4520369174215126,0.08286371677560736,5.118300662572886,4,8080.6667510219495,2524.4240562324694,0.19608775960679678,0.7724194529438881,7549.290112194785,0.017920007013333183,0.48637749485718196,0.9999197204855192,0.6978701505150631,1.0,0.024510969950849597,0.9824799748152682,0.09523809523809523,0.0,0.2637828219816993,0.0,ahead_vae,ahead,False,0.07566451281309128,1.3125299215316772,2.068424940109253,1.5798039436340332,vae_candidate_pool_v1,belief_limited_heuristic_v1,390
VAE000264,vae_candidate_000264,0.6042570952701821,2473.4453125,-266.6582946777344,1815.8272369372198,2.9530886148034763,0.022643738791211166,5.212785813638499,24,8072.837190088003,1864.8621826003427,1.5941834852953463,0.21114777757752748,8284.389739531549,0.911764720779721,0.9375267536390577,0.8061757704407544,0.20958232424184306,1.0,0.19927293566191828,0.9113856753805879,0.5714285714285714,0.0,0.35325520625445095,0.0,ahead_vae,ahead,False,0.0606839582324028,1.8369243144989014,2.9499189853668213,1.818142056465149,vae_candidate_pool_v1,belief_limited_heuristic_v1,391
VAE000067,vae_candidate_000067,0.604147983682201,3136.110595703125,535.8687133789062,3371.296239637504,-3.0610282739691166,-0.043657145019644635,5.3310039463428724,14,8568.377227917705,2687.1051435193203,0.6080577065605974,-0.12422152464032116,8835.291427706963,0.23765929620805393,0.8366582617343047,0.9859458524275957,0.12390229424944317,1.0,0.07600721332007468,0.7921078875470947,0.3333333333333333,0.0,0.26038489996700737,0.0,ahead_vae,ahead,False,0.1293952614068985,2.3564612865448,1.5173447132110596,1.1970869302749634,vae_candidate_pool_v1,belief_limited_heuristic_v1,392
VAE000481,vae_candidate_000481,0.6040599351272632,2759.865478515625,-170.80206298828125,2694.0124456366716,2.9376500490250876,0.030848072184680445,5.348570898414669,13,8173.390287008323,1614.9638269181437,0.9848686554955605,0.23479067674938595,8324.84169658505,0.9313041625681546,0.9837918961910811,0.798394015726481,0.23263941054955675,1.0,0.12310858193694506,0.991974754414397,0.30952380952380953,0.0,0.36576875133790065,0.0,ahead_vae,ahead,False,0.07943305373191833,0.677170991897583,2.9431838989257812,1.1617424488067627,vae_candidate_pool_v1,belief_limited_heuristic_v1,393
VAE000509,vae_candidate_000509,0.6038005348678588,253.93609619140625,-4519.82470703125,4621.178597769712,1.569624456171264,0.1609639173332112,3.9234256876196847,5,8274.357056236811,2264.3081690481044,0.266870281203801,1.7329321147517407,3570.3104850315194,0.03711029376119379,0.3935157859640706,0.9996557460350914,0.9868847620650366,0.8500739250075047,0.03335878515047513,0.9114340076776005,0.11904761904761904,0.0,0.28005841762675354,0.0,starboard_vae,starboard,False,0.11384136974811554,1.1102278232574463,2.403684616088867,1.146846890449524,vae_candidate_pool_v1,belief_limited_heuristic_v1,394
VAE000132,vae_candidate_000132,0.6036254372485532,614.7722778320312,4776.69384765625,4912.764113220521,-1.7431154022986954,0.18082800265088583,5.539368484088634,11,8322.785060350343,2690.329280860982,0.49126810367366336,-1.2176492486402117,5402.761253664421,0.27763500693571785,0.3031372342788981,0.9808531646054999,0.9382889366123099,1.0,0.06140851295920792,0.9915595432356974,0.2619047619047619,0.0,0.25237456740540065,0.0,port_vae,port,False,0.0792321264743805,0.825888454914093,2.9383862018585205,1.719472885131836,vae_candidate_pool_v1,belief_limited_heuristic_v1,395
VAE000605,vae_candidate_000605,0.6035248781326645,1070.1123046875,4790.59033203125,4774.203165373376,-1.7483178171760867,-0.08599965837940649,5.682851818365766,0,7453.397281004943,3321.1583155385943,0.0,-1.479274494793113,3988.455268009414,0.2548899189679956,0.34453301997623725,0.9838455286302145,0.9958147997129289,0.949632206668908,0.0,0.8778101253929441,0.0,0.0,0.22969328393746186,0.0,port_vae,port,False,0.05576279014348984,1.2291966676712036,2.938377857208252,1.6237128973007202,vae_candidate_pool_v1,belief_limited_heuristic_v1,396
VAE000090,vae_candidate_000090,0.6023972307284503,-877.1421508789062,-5105.201171875,5109.497978176896,1.3193715322521926,-0.08559559026148224,6.9485633439397745,27,8360.743416965948,2305.940556499303,1.4004601674170456,1.7366255310761185,3654.416971167956,0.272369358667218,0.24962777626954066,0.9815681046397239,0.9862818175052789,0.8700992788495133,0.1750575209271307,0.9924310435954006,0.6428571428571429,0.0,0.2754270554206727,0.0,starboard_vae,starboard,False,0.09487304836511612,1.7334935665130615,2.9607810974121094,1.2832878828048706,vae_candidate_pool_v1,belief_limited_heuristic_v1,397
VAE000197,vae_candidate_000197,0.6022470547002825,-456.43096923828125,-4721.18212890625,4518.868765899683,1.5474638793130686,0.008186488126693724,4.347726502479323,11,8096.206131668436,2763.979244996317,0.4915597907845702,1.6023152624034183,3017.7479803826304,0.5949688265752622,0.42797240128822334,0.9140829857073351,0.9995033194697577,0.7185114239006263,0.06144497384807127,0.9121484118537094,0.2619047619047619,0.0,0.2504416610384677,0.0,starboard_vae,starboard,False,0.060804057866334915,1.515226125717163,1.990729808807373,1.1339044570922852,vae_candidate_pool_v1,belief_limited_heuristic_v1,398
VAE000627,vae_candidate_000627,0.6022333507791008,463.98944091796875,4868.14794921875,5028.066353105675,-1.6483665340222953,0.05104763938938523,3.557778804086289,25,8867.138698446663,2463.4268177857093,1.1445027538188153,-1.4421784801781126,3580.4097079927446,0.3215581625685819,0.2710043087311679,0.9743720600652761,0.9917401208125657,0.8524785019030344,0.1430628442273519,0.9504431581673608,0.5952380952380952,0.0,0.26425732772482674,0.0,port_vae,port,False,0.06759238988161087,0.8715770840644836,2.390066385269165,1.6030099391937256,vae_candidate_pool_v1,belief_limited_heuristic_v1,399
VAE000790,vae_candidate_000790,0.6020154563210427,-3307.653076171875,-1360.1265869140625,3585.6601987683925,0.4312312350947676,0.2671920782990383,4.239552277270668,13,7994.2408730921225,2837.9275302473916,0.5730134572050657,2.9775534967940644,8350.370179320747,0.22767038182002836,0.7666347310686513,0.9870974265035137,0.16330446194252993,1.0,0.07162668215063321,0.9197453169791294,0.30952380952380953,0.0,0.2524080917003329,0.0,astern_vae,astern,False,0.062025707215070724,1.3325170278549194,1.854007363319397,1.5007017850875854,vae_candidate_pool_v1,belief_limited_heuristic_v1,400
VAE000054,vae_candidate_000054,0.6018831798688228,-1082.787109375,3302.58447265625,3832.725790496396,-1.2015542006608264,0.034953147671728045,6.272292868812068,8,7055.970937981426,1965.7333616173416,0.5767778784415516,-1.9050853052572387,4171.964962267881,0.42897607887919975,0.6783888505010568,0.9546960579665879,0.9446438328495705,0.9933249910161621,0.07209723480519395,0.9219294519740948,0.19047619047619047,1.0,0.31207698618016405,0.31207698618016405,inside_convoy_envelope,inside,True,0.06238609552383423,1.4538944959640503,1.4983463287353516,1.4939913749694824,vae_candidate_pool_v1,belief_limited_heuristic_v1,401
VAE000119,vae_candidate_000119,0.6017062121089094,-348.427734375,-1952.29296875,1934.5604046620672,1.5347836861205506,-0.008353980994213835,4.864191889788081,18,8284.851579648695,1528.4325568125296,1.4214824187302817,1.5984549864750293,1756.966642564267,0.05563097352120461,0.9598755772016663,0.99922649821359,0.9996175236561953,0.4183253910867302,0.1776853023412852,0.8153971283666647,0.42857142857142855,1.0,0.3956183240734785,0.3956183240734785,inside_convoy_envelope,inside,True,0.04784364998340607,1.6835683584213257,2.4629642963409424,1.365951657295227,vae_candidate_pool_v1,belief_limited_heuristic_v1,402
VAE001181,vae_candidate_001181,0.6015165615768727,4147.46630859375,-1681.42822265625,4110.637915536833,2.739143650505127,-0.02031663553870584,6.40606731775235,19,7724.75615429858,2823.367935734833,0.8711668551659429,0.38213236754596047,8220.415306537087,0.03235739789736369,0.5751223860581628,0.9997382725372708,0.37289987895650406,1.0,0.10889585689574287,0.9904532474917913,0.4523809523809524,0.0,0.25016381503652774,0.0,ahead_vae,ahead,False,0.09581350535154343,1.5820558071136475,2.49822998046875,1.6248568296432495,vae_candidate_pool_v1,belief_limited_heuristic_v1,403
VAE000034,vae_candidate_000034,0.601283088680951,3010.18896484375,-3673.52001953125,4691.730846706062,2.398268383090562,0.09568602091222919,4.401797990508991,24,8492.167930790154,2680.8415459385483,1.0541963853414207,0.8390102914114606,7668.960471308083,0.29181922336479094,0.3705294471246165,0.9788610395708075,0.7439821616899026,1.0,0.13177454816767759,0.9019345227459062,0.5714285714285714,0.0,0.2533416937727106,0.0,ahead_vae,ahead,False,0.059230510145425797,1.4631391763687134,2.911081075668335,1.8736956119537354,vae_candidate_pool_v1,belief_limited_heuristic_v1,404
VAE001079,vae_candidate_001079,0.6010782255335895,2033.162353515625,-4515.75927734375,4805.918814527568,2.014298115153486,-0.10752855901806281,4.109859392312105,32,7873.0287330566125,1768.1568256583842,2.2987268046297498,1.019765979418244,5628.489039266187,0.30861036866444214,0.33479928625290134,0.9763782846379583,0.8519855202129804,1.0,0.2873408505787187,0.8828342035660958,0.7619047619047619,0.0,0.3311016463278953,0.0,ahead_vae,ahead,False,0.05646030604839325,0.9249468445777893,1.5043175220489502,1.2907190322875977,vae_candidate_pool_v1,belief_limited_heuristic_v1,405
VAE000947,vae_candidate_000947,0.6006818471765263,-13.781036376953125,-924.4931030273438,1267.8069951453638,1.4288424012425611,-0.06837812366966996,5.971083483165595,9,8585.827592560525,2565.7337593463144,0.4085533326443669,1.6443721286775619,3189.931577127111,0.23130421959977499,0.7848067503364117,0.9866841171187418,0.997294521505211,0.7595075183635979,0.05106916658054586,0.8797180502978543,0.21428571428571427,1.0,0.34527814734135065,0.34527814734135065,inside_convoy_envelope,inside,True,0.056026309728622437,1.924254059791565,2.3557965755462646,1.8808629512786865,vae_candidate_pool_v1,belief_limited_heuristic_v1,406
VAE001176,vae_candidate_001176,0.6002529810372422,3062.160888671875,1698.1424560546875,3577.718089767987,-2.6071859794915118,0.46112875621945426,4.2606501000748,14,8238.677477519432,3508.430268412969,0.48434819411220786,-0.07327791787882709,8473.428398657425,0.1709285390452444,0.7693597694407882,0.9927136248186039,0.0732123559819033,1.0,0.06054352426402598,0.9694201439012727,0.3333333333333333,0.0,0.22983648201557738,0.0,ahead_vae,ahead,False,0.10264547169208527,2.2731235027313232,1.8730814456939697,1.5612009763717651,vae_candidate_pool_v1,belief_limited_heuristic_v1,407
VAE000123,vae_candidate_000123,0.5995606350399649,-420.31610107421875,-1652.5194091796875,1323.2116978027539,1.1793708145195507,0.08633545972455374,4.400059348404553,11,8771.500999982343,2097.9763230567496,0.5977480738278139,2.048557298794796,5896.124958399583,0.13561738639926268,0.8031754862526881,0.9954090240667064,0.8880266350581724,1.0,0.07471850922847674,0.8392898558502558,0.2619047619047619,1.0,0.3651481330451058,0.3651481330451058,inside_convoy_envelope,inside,True,0.05073951557278633,1.825866937637329,2.529836654663086,1.096497654914856,vae_candidate_pool_v1,belief_limited_heuristic_v1,408
VAE000389,vae_candidate_000389,0.5994239996989813,3098.97802734375,264.2476806640625,3159.6450753570653,-3.1748516685215424,-0.09321225684239487,3.362148995247919,9,8391.450216527866,2723.709959850681,0.3937718156318454,-0.059953241910645556,8539.571090988367,0.4818354496430309,0.8966540307600969,0.9430729283725034,0.059917332463871445,1.0,0.04922147695398067,0.8809311440992624,0.21428571428571427,0.0,0.2609403223170021,0.0,ahead_vae,ahead,False,0.0561947226524353,2.064875602722168,2.4531142711639404,1.6527469158172607,vae_candidate_pool_v1,belief_limited_heuristic_v1,409
VAE000686,vae_candidate_000686,0.5991154064494535,378.96685791015625,3659.681396484375,3642.4194948666177,-1.7343043034381838,-0.13546230325490002,5.186505407129986,14,8074.713953355127,2024.1632306849378,0.8565552034951835,-1.5427506534065094,2249.7983240699305,0.45020742273700765,0.7469201353174518,0.9501784306206151,0.9996067458795997,0.5356662676356977,0.10706940043689794,0.9159514278632176,0.3333333333333333,1.0,0.30562419634704896,0.30562419634704896,inside_convoy_envelope,inside,True,0.06140966713428497,1.357709288597107,2.942237377166748,1.89886474609375,vae_candidate_pool_v1,belief_limited_heuristic_v1,410
VAE000619,vae_candidate_000619,0.5989063487304427,3839.82861328125,-2421.24560546875,4155.315395885714,2.6377682216102225,-0.1191619366968876,6.245032456884133,21,8240.392945329486,2777.045309076406,0.9176739583641242,0.38466249528268315,8680.303348755211,0.10340904839669518,0.5585312890038049,0.9973290236091086,0.3752463165205464,1.0,0.11470924479551553,0.9917636525258955,0.5,0.0,0.25122022842383124,0.0,ahead_vae,ahead,False,0.07933027297258377,0.7878777384757996,2.5187923908233643,1.2254732847213745,vae_candidate_pool_v1,belief_limited_heuristic_v1,411
VAE000137,vae_candidate_000137,0.5988645559448083,2126.068115234375,-4464.42333984375,5086.243099195312,1.9535044776725994,0.02333936721577097,4.895603212692852,25,7996.275709930883,2625.6981532364134,1.1907139724086595,1.211427543132965,5270.123432612302,0.050858646701060994,0.25561965856048524,0.999353488887534,0.9361189984681106,1.0,0.14883924655108244,0.7895512919454487,0.5952380952380952,0.0,0.255749583019205,0.0,ahead_vae,ahead,False,0.12968644499778748,1.8674700260162354,2.3744282722473145,1.312975287437439,vae_candidate_pool_v1,belief_limited_heuristic_v1,412
VAE000524,vae_candidate_000524,0.5987311701778226,1905.06787109375,-1148.4029541015625,1854.6438169516537,2.528650361340141,0.04266770705014016,5.0013536409169435,16,8682.075275627494,2810.0266716104616,0.6558220186481067,0.6556099992997926,8595.18716160176,1.6725823569954097,0.9453294306339695,0.44919481801930417,0.6096428886464442,1.0,0.08197775233101334,0.9205645940734767,0.38095238095238093,0.0,0.288118184371512,0.0,ahead_vae,ahead,False,0.06216038390994072,0.641242504119873,2.9076614379882812,1.0579557418823242,vae_candidate_pool_v1,belief_limited_heuristic_v1,413
VAE001217,vae_candidate_001217,0.5984809222384307,2262.018310546875,4025.091796875,4681.870881334853,-2.23335601261224,0.15271713526394298,5.2450855303701225,19,8848.327979221645,3086.3909368253085,0.6957311585074007,-0.7555195057136104,8557.070656663718,0.22058413249830844,0.3737015934695149,0.9878849039147808,0.6856669173932094,1.0,0.0869663948134251,0.9944861169443225,0.4523809523809524,0.0,0.23545017852652025,0.0,ahead_vae,ahead,False,0.09375543892383575,1.612905740737915,1.5074578523635864,1.2820703983306885,vae_candidate_pool_v1,belief_limited_heuristic_v1,414
VAE000022,vae_candidate_000022,0.5982409992489918,-2616.687744140625,-4321.79052734375,4828.894146593533,1.0528992690280035,-0.13061130932911702,2.8263348733381446,23,6898.803136143996,2124.8046419360026,1.569043837227996,1.9580820752326729,4572.952852782292,0.5154834469882894,0.3278423413377703,0.9350272530575551,0.9259375786148021,1.0,0.1961304796534995,0.8791981371864701,0.5476190476190477,0.0,0.2932369856240912,0.0,astern_vae,astern,False,0.05595433712005615,1.1523653268814087,1.5180628299713135,1.6468909978866577,vae_candidate_pool_v1,belief_limited_heuristic_v1,415
VAE000075,vae_candidate_000075,0.5981900000026606,-683.4225463867188,3646.8251953125,4330.959372246414,-1.1431513874865549,-0.05874516020098751,4.586970831373877,16,8851.58322075054,2963.578251121878,0.6099336960971541,-2.057186426304226,6757.443938197562,0.16018751830524414,0.4941875914987286,0.993598695469355,0.8840260185430668,1.0,0.07624171201214426,0.8380913437456695,0.38095238095238093,1.0,0.24155213440782555,0.24155213440782555,inside_convoy_envelope,inside,True,0.05059085041284561,0.9842685461044312,1.9848060607910156,1.9478120803833008,vae_candidate_pool_v1,belief_limited_heuristic_v1,416
VAE000121,vae_candidate_000121,0.5981773374916799,159.07485961914062,5409.91943359375,5012.627345269856,-1.8043937078495431,0.13806536755652146,4.401696030108445,16,8168.450654479001,2861.831776342555,0.6844412744248293,-1.1991335781837285,5632.936253885728,0.44317007082636417,0.27518121002246226,0.9516984305653358,0.9317247815080522,1.0,0.08555515930310366,0.999300734338943,0.38095238095238093,0.0,0.24421613848040113,0.0,port_vae,port,False,0.08957450836896896,2.3148932456970215,2.9505438804626465,1.198486566543579,vae_candidate_pool_v1,belief_limited_heuristic_v1,417
VAE000044,vae_candidate_000044,0.5981658108965172,818.165771484375,4782.185546875,5258.262599602015,-1.70429559320001,0.23271537230297035,5.722779443987271,25,8071.939396648135,3109.709974612853,0.9959607633527726,-1.204581688086813,5793.933127598106,0.25865733909890554,0.2134484067442449,0.9833671394811407,0.933689507763039,1.0,0.12449509541909658,0.9181510206964737,0.5952380952380952,0.0,0.2339130831329615,0.0,port_vae,port,False,0.06176532804965973,0.9487776756286621,2.0122320652008057,1.9127711057662964,vae_candidate_pool_v1,belief_limited_heuristic_v1,418
VAE001096,vae_candidate_001096,0.5979553351723961,1109.21630859375,-4787.8359375,5110.002783075452,1.627839861168568,0.08470194668367072,4.277803303604278,17,8447.860025346426,3125.807774583062,0.6437836532652265,1.598454739104896,3358.2368548361183,0.05259674670780234,0.24949871147851801,0.999308554983138,0.9996175304972187,0.7995802035324091,0.08047295665815331,0.9890349110900061,0.40476190476190477,0.0,0.23317572114634072,0.0,starboard_vae,starboard,False,0.0781032145023346,0.7878206372261047,2.564607620239258,1.6561137437820435,vae_candidate_pool_v1,belief_limited_heuristic_v1,419
VAE000100,vae_candidate_000100,0.5978236640376317,2853.250732421875,477.4000244140625,3100.962112905639,-2.9927509472034126,0.29928815174538764,4.268385201658196,6,8803.859521769062,2047.860359034621,0.33279577716794434,0.15044644535900714,9011.345832615896,0.6160518846836927,0.9113006650666998,0.9080830506579616,0.1498795498252851,1.0,0.04159947214599304,0.9602097220319461,0.14285714285714285,0.0,0.30673252732706485,0.0,ahead_vae,ahead,False,0.06968198716640472,0.7281860113143921,2.5888710021972656,1.2639615535736084,vae_candidate_pool_v1,belief_limited_heuristic_v1,420
VAE000397,vae_candidate_000397,0.5973774183138859,2727.921142578125,910.818115234375,3241.372131870167,-3.00279673027506,-0.10228330448633358,5.832359573409457,9,8733.560656954533,1845.911362294315,0.5582649030062898,-0.2410792278010667,8921.706498020041,0.7083550117568898,0.8747476266405991,0.8797165541692575,0.23875078274033834,1.0,0.06978311287578623,0.9972944642926043,0.21428571428571427,0.0,0.32724755523192994,0.0,ahead_vae,ahead,False,0.08272424340248108,1.3181794881820679,2.9269862174987793,1.5459935665130615,vae_candidate_pool_v1,belief_limited_heuristic_v1,421
VAE000814,vae_candidate_000814,0.5970489195535131,3787.027587890625,-2061.759033203125,4047.340911878404,2.6486147324867026,-0.11843218406993725,5.671939379734266,10,8165.9110289892515,3396.598897177916,0.3605380387610399,0.37454573703315336,8842.445359770072,0.14796213540575964,0.5987010832304205,0.9945367796376827,0.3658497961565273,1.0,0.04506725484512999,0.977318486311734,0.23809523809523808,0.0,0.22956612710197552,0.0,ahead_vae,ahead,False,0.10048457980155945,1.0205965042114258,2.9590001106262207,1.3877928256988525,vae_candidate_pool_v1,belief_limited_heuristic_v1,422
VAE000846,vae_candidate_000846,0.5970032225932018,-1812.748291015625,-5440.50048828125,5179.117068302072,1.1912181047694335,-0.016493430182947577,5.593745049328722,21,8285.011754406958,2748.8566120568457,0.9220916289745554,1.9338811186374125,5512.148230116847,0.34035819786706545,0.2322322499507254,0.9713175753426992,0.9348056797544704,1.0,0.11526145362181943,0.9994562444622717,0.5,0.0,0.24877855468736382,0.0,starboard_vae,starboard,False,0.08930166810750961,1.1673091650009155,1.5094496011734009,1.6125023365020752,vae_candidate_pool_v1,belief_limited_heuristic_v1,423
VAE000356,vae_candidate_000356,0.5968333087597681,2844.45556640625,4124.1640625,4876.621842830844,-2.2218383767552607,-0.12455826310710595,5.981022496873211,24,8597.798654027038,1813.8534275074724,1.5389403306545988,-1.0443125399416384,5888.583066333302,0.15797957114224292,0.31364884759020606,0.9937735796315498,0.8645792960702573,1.0,0.19236754133182485,0.999875388714975,0.5714285714285714,0.0,0.32405275852390336,0.0,ahead_vae,ahead,False,0.08629228174686432,1.0346181392669678,2.0349998474121094,1.5927457809448242,vae_candidate_pool_v1,belief_limited_heuristic_v1,424
VAE000968,vae_candidate_000968,0.59674277236971,-1473.6513671875,222.33786010742188,1722.0174534545347,-0.16615483766249411,0.1643743349546845,5.8792434710233135,4,8240.96938408961,1432.5585605382485,0.33882020930918316,-2.8110634809726145,8259.819496151504,0.4547292932194308,0.9167758155620748,0.9491899803460028,0.3245436027045348,1.0,0.042352526163647895,0.9410062129865495,0.09523809523809523,0.0,0.4214871277172955,0.0,astern_vae,astern,False,0.06574761867523193,2.1590962409973145,1.5143611431121826,1.6543270349502563,vae_candidate_pool_v1,belief_limited_heuristic_v1,425
VAE000346,vae_candidate_000346,0.5963085335248007,2847.95458984375,-2956.050048828125,4331.805624044087,2.2885174660601075,-0.03546814701623742,5.656278961391151,4,8381.627733814687,2001.1158092030207,0.23848408405215768,0.8176070405134486,7192.6087372124475,0.2111716639220962,0.49388231042520414,0.9888929992588107,0.7295112102122642,1.0,0.02981051050651971,0.9894995047393287,0.09523809523809523,0.0,0.30431742325597155,0.0,ahead_vae,ahead,False,0.07830049097537994,0.8814879059791565,2.9265663623809814,1.889591932296753,vae_candidate_pool_v1,belief_limited_heuristic_v1,426
VAE000887,vae_candidate_000887,0.5962521250174424,-1674.671875,194.62506103515625,1425.801703988079,0.04739211355090128,0.3136445489880155,5.213764915260459,22,9379.616933843825,1862.805551725932,1.2591285029771915,-2.875340218152679,9539.251379995489,0.5971889271400805,0.8357657857168558,0.913459801499491,0.2631177784670288,1.0,0.15739106287214893,0.9150380841206142,0.5238095238095238,0.0,0.37565731572209476,0.0,astern_vae,astern,False,0.06126316636800766,2.1908276081085205,1.5174673795700073,1.7994565963745117,vae_candidate_pool_v1,belief_limited_heuristic_v1,427
VAE001047,vae_candidate_001047,0.5948429183533951,-1938.544189453125,-280.85546875,1545.2041111251735,0.22928034675187198,0.09152684938453202,3.8317283001970184,3,7094.653976051306,2414.6906315332794,0.1751170928765565,3.003839156222454,7359.02725715645,0.1027148557718251,0.870990673702746,0.9973647327378181,0.1373182415518136,1.0,0.021889636609569562,0.9861883626981427,0.07142857142857142,0.0,0.3272510721250895,0.0,astern_vae,astern,False,0.07697497308254242,1.4531514644622803,2.5253586769104004,1.1460669040679932,vae_candidate_pool_v1,belief_limited_heuristic_v1,428
VAE000480,vae_candidate_000480,0.5944268852291072,-327.88543701171875,3227.969970703125,3908.4046081937004,-1.4267710288984907,-0.16132080555732736,4.902495509480287,30,7930.6133066098555,1568.667034252158,2.411480255829292,-1.8761424302486298,3880.2321848021943,0.06332240695479663,0.6504372276425324,0.9989979031061048,0.9537429629352112,0.9238648059052843,0.3014350319786615,0.8018102170039599,0.7142857142857143,1.0,0.364976498630133,0.364976498630133,inside_convoy_envelope,inside,True,0.0462527722120285,1.9341928958892822,2.494415760040283,1.7756681442260742,vae_candidate_pool_v1,belief_limited_heuristic_v1,429
VAE000454,vae_candidate_000454,0.5944204943881521,1735.18701171875,1260.2598876953125,1728.2189868556302,-2.4356100826714746,0.02825556426868055,3.7959182729169614,26,8350.310343924695,1702.5678396359885,1.8288003905158474,-0.6777270066496379,7572.442219727907,1.595124821237546,0.9182276192972456,0.48783695269676997,0.6270239835927243,1.0,0.22860004881448093,0.9230170742840208,0.6190476190476191,0.0,0.37653922116300825,0.0,ahead_vae,ahead,False,0.11196573078632355,0.8268734812736511,2.498356819152832,1.7143486738204956,vae_candidate_pool_v1,belief_limited_heuristic_v1,430
VAE000820,vae_candidate_000820,0.5942783188877456,1121.8551025390625,-1983.94140625,2540.7103606832507,2.094352662476847,-0.07166233921065288,5.055935261748108,25,7843.088952846881,1088.0235288378722,2.9296421868583904,0.9755776519022927,5298.4519340874685,0.3718209579978895,0.9962641967501861,0.9658336568554167,0.8280259098483775,1.0,0.3662052733572988,0.9975123794955161,0.5952380952380952,1.0,0.5009184940169646,0.5009184940169646,inside_convoy_envelope,inside,True,0.08291124552488327,1.4564250707626343,2.344118595123291,1.6316289901733398,vae_candidate_pool_v1,belief_limited_heuristic_v1,431
VAE000184,vae_candidate_000184,0.5941588822326657,-3059.01025390625,719.6964111328125,3277.13939527179,-0.15291449674093505,0.03568667367615639,4.933845368340717,0,7659.216828623624,1987.920352396646,0.0,-2.9529914831727018,7896.1047815614365,0.009039153053632842,0.8646424340994836,0.9999795735670995,0.1874850540774997,1.0,0.0,0.8795479654504005,0.0,0.0,0.31240026463790055,0.0,astern_vae,astern,False,0.05600275099277496,1.2131192684173584,1.4872090816497803,1.2843974828720093,vae_candidate_pool_v1,belief_limited_heuristic_v1,432
VAE000758,vae_candidate_000758,0.5941029359041248,1871.100341796875,-4288.93994140625,4690.462890752135,1.9004409621652971,-0.15590466136385236,5.111877294259366,0,7811.874283861586,2535.6143738286023,0.0,1.0852470300606438,5888.301558987485,0.13251834253638317,0.3709366240759384,0.995616143309437,0.8844187289269673,1.0,0.0,0.9559801272330255,0.0,0.0,0.2622848774240508,0.0,ahead_vae,ahead,False,0.06875071674585342,1.1783900260925293,2.0040295124053955,1.4900023937225342,vae_candidate_pool_v1,belief_limited_heuristic_v1,433
VAE000447,vae_candidate_000447,0.5937710001094503,2473.250732421875,-3728.14599609375,4638.99397811839,2.2185991963776766,-0.12484440175578548,3.8501499624734303,7,8207.96618989674,3496.6680768390056,0.24389790650060042,0.7981490554563316,8233.276404012258,0.22408973506760188,0.3876490624558621,0.9874983945450115,0.7160652973245685,1.0,0.030487238312575052,0.993567326155429,0.16666666666666666,0.0,0.2239083226976609,0.0,ahead_vae,ahead,False,0.08025605231523514,1.476676106452942,1.930567979812622,1.6939092874526978,vae_candidate_pool_v1,belief_limited_heuristic_v1,434
VAE000754,vae_candidate_000754,0.5937332776887119,16.76263427734375,-4424.60546875,4611.570007715285,1.4736170447307204,-0.027258104719291125,4.936814528656822,13,7961.44269202294,2353.28668927324,0.6938678108431968,1.6407175041397821,2903.756421198894,0.042475115695333354,0.3966969699590353,0.9995490339431045,0.9975565102353097,0.6913705764759271,0.0867334763553996,0.7560459326715363,0.30952380952380953,0.0,0.27398862677166785,0.0,starboard_vae,starboard,False,0.13341492414474487,1.3397808074951172,1.4990882873535156,1.4018985033035278,vae_candidate_pool_v1,belief_limited_heuristic_v1,435
VAE001048,vae_candidate_001048,0.593278062661184,-2029.871826171875,767.294677734375,1462.471031129418,-0.2968384057016048,-0.13134631050977172,4.196911828476673,11,8027.716044884589,2390.9189455204078,0.5731071537248376,-2.97610055839796,8311.911179454319,0.05453562717177446,0.84691485334217,0.9992566506047438,0.16473772281321075,1.0,0.0716383942156047,0.8558269466448942,0.2619047619047619,0.0,0.3338481743283011,0.0,astern_vae,astern,False,0.05283355712890625,0.8081653118133545,1.9836114645004272,1.642204761505127,vae_candidate_pool_v1,belief_limited_heuristic_v1,436
VAE000994,vae_candidate_000994,0.5931105682502977,-473.79669189453125,-4312.71435546875,4530.237028914043,1.5142437981050882,0.0671208764587753,6.129888527793179,13,7825.561106623236,2152.6871877420954,0.7716972263013725,1.69446973194348,3101.5939042546374,0.562327347591301,0.42408221493988235,0.9230082813068711,0.9923621869788894,0.738474739108247,0.09646215328767156,0.8898382222545105,0.30952380952380953,0.0,0.29006957228294017,0.0,starboard_vae,starboard,False,0.05745304003357887,2.039217710494995,1.4825937747955322,1.0585309267044067,vae_candidate_pool_v1,belief_limited_heuristic_v1,437
VAE000501,vae_candidate_000501,0.5930372582031883,3089.97314453125,162.157958984375,3592.815744445843,-2.9919847875529446,-0.07980646872007734,5.04246794791192,6,8223.575064298366,2821.1207416312254,0.25862405417293033,-0.22941433475692585,8649.658600064242,0.5085301720357349,0.7641722329435237,0.9367305506102208,0.22740724190330897,1.0,0.03232800677161629,0.9636368356290633,0.14285714285714285,0.0,0.25274231953175047,0.0,ahead_vae,ahead,False,0.07047117501497269,1.0927424430847168,2.933131217956543,1.9239847660064697,vae_candidate_pool_v1,belief_limited_heuristic_v1,438
VAE000892,vae_candidate_000892,0.5927159390416485,-2334.92333984375,4353.03759765625,4774.052667608904,-1.0176148530899292,0.07247503003678916,5.048727307562839,16,7989.809224398664,1787.5641815393456,1.1202679960208979,-2.0515027704630744,5279.50992186043,0.20578331796620675,0.344579564508673,0.9894506131762901,0.8866684804987487,1.0,0.14003349950261224,0.9796268118485029,0.38095238095238093,0.0,0.3284186083534851,0.0,astern_vae,astern,False,0.09978656470775604,0.8907148241996765,1.5068256855010986,1.9044239521026611,vae_candidate_pool_v1,belief_limited_heuristic_v1,439
VAE000876,vae_candidate_000876,0.5923543090430947,2189.6025390625,267.0675354003906,2151.4179280976155,-3.008009471692437,-0.12668456125708596,5.2052409094884435,0,8480.133310875046,2994.00857830868,0.0,-0.260267743154442,8965.00788309595,1.1906034052556527,0.9883868540458203,0.6855498109601078,0.2573392869756414,1.0,0.0,0.9915325076588503,0.0,0.0,0.26953535448400207,0.0,ahead_vae,ahead,False,0.07921921461820602,1.9181418418884277,1.5286431312561035,1.3307931423187256,vae_candidate_pool_v1,belief_limited_heuristic_v1,440
VAE001028,vae_candidate_001028,0.5920829348842467,-407.45697021484375,-716.1692504882812,1055.2548536860293,1.075892859724767,-0.08974610732958065,4.689127238073387,17,8988.720720538546,2763.8807035992013,0.68427668137183,1.9759536865354452,6083.142568553297,0.17637731142521562,0.7104610759824596,0.9922429019235814,0.9190403830966802,1.0,0.08553458517147874,0.9964246990779118,0.40476190476190477,1.0,0.3722292077941215,0.3722292077941215,inside_convoy_envelope,inside,True,0.09248913079500198,1.7560434341430664,1.5603536367416382,1.8093833923339844,vae_candidate_pool_v1,belief_limited_heuristic_v1,441
VAE000548,vae_candidate_000548,0.5919092073855045,3539.131591796875,131.2720947265625,3575.7960159396125,-3.05672004381505,-0.03152217078109205,5.22307427200587,23,8096.472854311796,1854.69786935997,1.5316474028606002,-0.11639478055583502,8257.08031017884,0.04740907006637541,0.7700179520055029,0.9994382002567115,0.11613214405902303,1.0,0.19145592535757502,0.9116149884353013,0.5476190476190477,0.0,0.3245062812548229,0.0,ahead_vae,ahead,False,0.06072001904249191,0.6645229458808899,1.518093466758728,1.4394195079803467,vae_candidate_pool_v1,belief_limited_heuristic_v1,442
VAE000091,vae_candidate_000091,0.5914656740985713,220.72743225097656,4756.61865234375,4797.60251022751,-1.5429792013011132,0.07336402410300623,4.444785752852834,26,8111.856770059953,2236.7912669539182,1.4329387122479422,-1.5252494281856737,2603.8137195782883,0.3131717832887999,0.3373371001451189,0.9756806006447052,0.9989629193191877,0.6199556475186401,0.17911733903099278,0.8682378515819279,0.6190476190476191,0.0,0.2818780375431883,0.0,port_vae,port,False,0.05446430295705795,1.3212800025939941,1.9532995223999023,1.3691083192825317,vae_candidate_pool_v1,belief_limited_heuristic_v1,443
VAE000587,vae_candidate_000587,0.5914574106590151,3064.897705078125,2067.98193359375,3856.5962146925485,-2.5338443666625134,0.0030744758619398603,4.674223856937101,12,7932.770427687129,1239.9725873363218,1.219956304845727,-0.6046738110653398,7231.108360319886,0.20027697831873592,0.6696016387779681,0.9900057565754194,0.5684937549227546,1.0,0.15249453810571587,0.9998898404553006,0.2857142857142857,0.0,0.4408710217946003,0.0,ahead_vae,ahead,False,0.08635051548480988,2.2396631240844727,1.4756138324737549,1.3198579549789429,vae_candidate_pool_v1,belief_limited_heuristic_v1,444
VAE000518,vae_candidate_000518,0.5912461623308959,2521.798583984375,4352.25732421875,5208.047173477368,-2.061324241898823,-0.2642010850251747,1.9611124779720273,15,7960.840558307986,2908.232574656311,0.6478928670275531,-1.3444694967161448,4620.473624189768,0.13836550051722196,0.22524364944115685,0.9952213782676111,0.974497224872071,1.0,0.08098660837844414,0.8823738172511808,0.35714285714285715,0.0,0.24201621310394042,0.0,ahead_vae,ahead,False,0.05639589950442314,2.259622812271118,1.8898721933364868,1.9094882011413574,vae_candidate_pool_v1,belief_limited_heuristic_v1,445
VAE000374,vae_candidate_000374,0.5908737520047945,2215.073974609375,49.753021240234375,1844.8867780377302,-3.23447721896008,-0.17833113173809284,4.478796407933887,19,7987.467086292067,2682.9992075165997,0.8865923404502303,-0.08544656636780606,8187.300316684721,0.9771233712851519,0.9434126039832424,0.779704635688864,0.08534262844027671,1.0,0.11082404255627878,0.976578148583967,0.4523809523809524,0.0,0.29469656388417104,0.0,ahead_vae,ahead,False,0.07383181899785995,0.7006611824035645,1.9346039295196533,1.9307119846343994,vae_candidate_pool_v1,belief_limited_heuristic_v1,446
VAE000269,vae_candidate_000269,0.5902408075829045,-3037.621826171875,-383.6407775878906,2962.996890848026,0.13911628948916388,0.03938709621794623,3.3482794063635186,23,8228.367428170151,1220.6009684978428,2.2900261912251416,3.041863460318576,8309.009887768281,0.2888903992641754,0.941841889791922,0.9792802891727486,0.09956395916629164,1.0,0.2862532739031427,0.8153206382616812,0.5476190476190477,0.0,0.45115678291763167,0.0,astern_vae,astern,False,0.04783459007740021,1.859520435333252,1.842123031616211,1.780347228050232,vae_candidate_pool_v1,belief_limited_heuristic_v1,447
VAE000110,vae_candidate_000110,0.5900113041572219,2857.03955078125,304.28546142578125,2694.5714082305194,-3.109495333873289,0.11740057521141468,3.301422991160996,7,8239.670627614529,1992.2676108697083,0.42642289466805766,0.08530325549491048,8379.451101916657,0.8165860107228351,0.983730713981994,0.8423566753555818,0.08519983953788883,1.0,0.05330286183350721,0.956036738538905,0.16666666666666666,0.0,0.3175913028123632,0.0,ahead_vae,ahead,False,0.0687628984451294,1.0433496236801147,2.9197447299957275,1.9360809326171875,vae_candidate_pool_v1,belief_limited_heuristic_v1,448
VAE000211,vae_candidate_000211,0.5893451660315069,-3415.43505859375,-890.2843627929688,3706.6826086862243,0.23765103557862172,-0.015915228595446477,4.894123158278278,9,8159.265218032491,2892.492412103438,0.38134603124045924,2.888026389415725,8623.968394899548,0.3725377148904896,0.7241450225873514,0.965703333816849,0.2508577763176368,1.0,0.047668253905057405,0.8532234908930643,0.21428571428571427,0.0,0.248944238162862,0.0,astern_vae,astern,False,0.05249827727675438,2.3579511642456055,2.5834977626800537,1.9197509288787842,vae_candidate_pool_v1,belief_limited_heuristic_v1,449
VAE000863,vae_candidate_000863,0.5890656029365436,2623.258544921875,-4216.984375,4775.618811680893,2.083068490137126,-0.11705679049546912,6.535707718443419,3,8240.773400307035,3234.0149703000925,0.11256704263657476,0.9414673729571981,7464.99003036211,0.02588364392887721,0.3440953655878909,0.999832518595083,0.8084226696827591,1.0,0.014070880329571845,0.9579027344815888,0.07142857142857142,0.0,0.23093571628161702,0.0,ahead_vae,ahead,False,0.10536432266235352,0.7291711568832397,1.4971842765808105,1.9294847249984741,vae_candidate_pool_v1,belief_limited_heuristic_v1,450
VAE001182,vae_candidate_001182,0.5887902406313952,3279.406005859375,-4086.612060546875,5088.877194521902,2.2259597363917254,0.1360038372563875,4.005945801740039,18,7889.143181558021,2533.069051015501,0.90073209558091,1.051636754454455,6113.506224477036,0.04090215959220079,0.2549364124097446,0.9995818116420128,0.868236464961402,1.0,0.11259151194761376,0.9776789959649896,0.42857142857142855,0.0,0.26113479577362075,0.0,ahead_vae,ahead,False,0.07415501773357391,0.813618540763855,1.5117676258087158,1.7721409797668457,vae_candidate_pool_v1,belief_limited_heuristic_v1,451
VAE000866,vae_candidate_000866,0.588590703434776,-3776.08544921875,-1399.318115234375,3870.135087374857,0.48295346549402796,0.03974608327647716,3.61552163660832,2,8229.07827314169,2234.3204680469476,0.10877606358518731,2.698385271372243,8392.155915458497,0.20103170727407155,0.6646047386356747,0.9899305438413748,0.4288391536046886,1.0,0.013597007948148413,0.8883541492715812,0.047619047619047616,0.0,0.28561763201642704,0.0,astern_vae,astern,False,0.11729231476783752,1.4410713911056519,1.4916647672653198,1.3929834365844727,vae_candidate_pool_v1,belief_limited_heuristic_v1,452
VAE001078,vae_candidate_001078,0.5884663980457856,3749.898193359375,1219.2196044921875,3980.640018462568,-2.8544885594602674,-0.10785191113150475,4.185445969914019,6,8328.835285950201,2614.2759378925703,0.2755596036116026,-0.3949560052610305,8693.515979801277,0.0672834941818592,0.6235716170792073,0.9988686597538703,0.38476758144293394,1.0,0.034444950451450324,0.9238381485555751,0.14285714285714285,0.0,0.2601508161072522,0.0,ahead_vae,ahead,False,0.0627046525478363,0.8117507696151733,2.567429304122925,1.3122990131378174,vae_candidate_pool_v1,belief_limited_heuristic_v1,453
VAE001148,vae_candidate_001148,0.5883676581697797,2944.16064453125,63.015174865722656,2972.6379848614893,-3.0812091522116463,0.17898426458363134,5.23464000258224,11,7482.212718202699,1376.0889149972822,1.0683563551291015,0.11860076320548449,7592.4742964286,0.0847529261375233,0.9398945666930231,0.9982053100439664,0.1183229161789543,1.0,0.1335445443911377,0.8335529376184129,0.2619047619047619,0.0,0.4102734353513764,0.0,ahead_vae,ahead,False,0.050031378865242004,2.196998119354248,1.5026288032531738,1.8884884119033813,vae_candidate_pool_v1,belief_limited_heuristic_v1,454
VAE001109,vae_candidate_001109,0.5882509106419062,3414.568359375,1978.046875,4400.2150248024245,-2.618825765977464,-0.14815353543963403,4.026393066030215,7,8778.992184175755,2849.6121467277826,0.2798128302424062,-0.6709204230519633,8647.767864907724,0.03377993252047506,0.46939705681750943,0.9997147561652032,0.6217071714215996,1.0,0.03497660378030078,0.8868072868487483,0.16666666666666666,0.0,0.24609519224210757,0.0,ahead_vae,ahead,False,0.0570204071700573,2.171224355697632,2.5491697788238525,1.9158889055252075,vae_candidate_pool_v1,belief_limited_heuristic_v1,455
VAE001021,vae_candidate_001021,0.5877408629532147,-3911.7587890625,-1186.431396484375,4203.431510549439,0.2698915919894773,-0.20035435593536652,4.972840647847364,14,8004.925883742108,2331.1948952145044,0.7502260448455566,2.67134670566495,8192.323558836168,0.12151751432905987,0.5407415504236015,0.996312913894666,0.45310555104956335,1.0,0.09377825560569457,0.9822568443002335,0.3333333333333333,0.0,0.2770496937159741,0.0,astern_vae,astern,False,0.09894271939992905,0.6918829083442688,2.932650089263916,1.3522484302520752,vae_candidate_pool_v1,belief_limited_heuristic_v1,456
VAE000945,vae_candidate_000945,0.5876366703661399,-533.9949340820312,4647.5703125,4850.86844821586,-1.387759710574426,0.044186083310222064,5.366633076445983,4,8129.511365913502,2786.192716512662,0.1765974369548397,-1.709646859705145,3884.5410906108095,0.2689144517421034,0.32126380978418784,0.9820299391472258,0.9903757422216547,0.9248907358597166,0.022074679619354963,0.8171194731931996,0.09523809523809523,0.0,0.24818015811724475,0.0,port_vae,port,False,0.0480479821562767,1.9342060089111328,1.4911143779754639,1.9132717847824097,vae_candidate_pool_v1,belief_limited_heuristic_v1,457
VAE001034,vae_candidate_001034,0.5874552459547302,184.11862182617188,5328.90869140625,5051.589252703647,-1.7290832966837537,0.09064528393131385,4.766588422868976,10,7625.441369170129,2439.990295892871,0.5374609490716443,-1.3218640729747255,4243.454510069165,0.3792411245035216,0.2647160702756489,0.9644729252998048,0.9691760339731114,1.0,0.06718261863395554,0.988707655903234,0.23809523809523808,0.0,0.2673969171327861,0.0,port_vae,port,False,0.07796671241521835,2.2719695568084717,2.5218758583068848,1.8199591636657715,vae_candidate_pool_v1,belief_limited_heuristic_v1,458
VAE000237,vae_candidate_000237,0.5873836734855796,-334.94268798828125,5327.25390625,5206.385739691573,-1.4040486803404584,0.01729801672987066,4.143820344944967,10,8308.228894454836,3188.0905955776316,0.37753819298569463,-1.720245956519464,4389.598271490587,0.373367258161168,0.22564117840433429,0.9655522049172824,0.9888531744849655,1.0,0.04719227412321183,0.944989903661725,0.23809523809523808,0.0,0.23097769716996264,0.0,port_vae,port,False,0.06650859117507935,0.9999913573265076,2.4324095249176025,1.1999082565307617,vae_candidate_pool_v1,belief_limited_heuristic_v1,459
VAE000628,vae_candidate_000628,0.587099456441927,556.2484130859375,-3181.40087890625,3540.6126444351776,1.7813564561445239,0.21383911988637036,4.663910748612009,8,8313.657102269499,1906.3794938424292,0.5047641718825323,1.57407531733164,1933.6295994806214,0.1331355435241306,0.7819728956232281,0.9955752732760104,0.9999946241153467,0.46038799987633844,0.06309552148531654,0.8311644743319871,0.19047619047619047,1.0,0.3184313773343156,0.3184313773343156,inside_convoy_envelope,inside,True,0.049739085137844086,2.1562318801879883,1.482469081878662,1.0376468896865845,vae_candidate_pool_v1,belief_limited_heuristic_v1,460
VAE000115,vae_candidate_000115,0.5869650581007217,3599.27587890625,-3200.8056640625,4866.683141023483,2.43757942789455,0.10331905736283842,4.357112960759611,17,7609.71696469386,3152.223586134659,0.7087015835373591,0.8073322830580827,7538.881516690613,0.10637822393970531,0.31657538022685316,0.997173585262661,0.7224452126301689,1.0,0.08858769794216989,0.978016245677379,0.40476190476190477,0.0,0.2344282527201162,0.0,ahead_vae,ahead,False,0.0742555633187294,1.7539794445037842,2.871583938598633,1.5121039152145386,vae_candidate_pool_v1,belief_limited_heuristic_v1,461
VAE001114,vae_candidate_001114,0.5867091218283511,2741.91259765625,93.47179412841797,3139.1560613193524,-3.0771668301304285,0.007412372451557998,5.6629463989689635,12,8248.77189887237,3057.3982633664505,0.47581698103576026,-0.05701345100780665,8409.587481396438,0.89988075664109,0.901874330946501,0.8108516851914711,0.05698256867111854,1.0,0.05947712262947003,0.9941294607748553,0.2857142857142857,0.0,0.24769689712605464,0.0,ahead_vae,ahead,False,0.08057031035423279,2.1744518280029297,1.5090019702911377,1.0465242862701416,vae_candidate_pool_v1,belief_limited_heuristic_v1,462
VAE001084,vae_candidate_001084,0.5864194580458821,-3047.934814453125,4435.99169921875,5233.6441940488085,-0.7924600287280856,0.2527988890971629,4.2940291205726355,23,8262.957322462278,2869.935306926391,0.9698849475844946,-2.0963337357645444,6627.993953495476,0.19130035368783438,0.21917794482475858,0.9908789107904373,0.865054460315082,1.0,0.12123561844806183,0.9545955950911659,0.5476190476190477,0.0,0.24311360036450066,0.0,astern_vae,astern,False,0.06845502555370331,2.098721742630005,1.953386902809143,1.5912785530090332,vae_candidate_pool_v1,belief_limited_heuristic_v1,463
VAE000027,vae_candidate_000027,0.5863753262775527,-640.3912963867188,4625.11181640625,5167.352623994724,-1.4411008358404052,-0.10378196652573243,4.844557565554421,10,7673.432499520845,2681.648414829622,0.48596890887844624,-1.8042737842751204,4384.23005582686,0.3376395218631094,0.23511452978214328,0.9717696136706873,0.9728677273316481,1.0,0.06074611360980578,0.9992273205061608,0.23809523809523808,0.0,0.25312887530197964,0.0,port_vae,port,False,0.08484023809432983,1.8518354892730713,2.380859136581421,1.256635308265686,vae_candidate_pool_v1,belief_limited_heuristic_v1,464
VAE000153,vae_candidate_000153,0.5863065619501453,-1281.423095703125,-2387.936279296875,2336.397166321579,1.3065186959523727,0.11152618119989481,5.016742042856311,2,8802.721349751373,2259.0347254018143,0.10057502155792776,1.9466001388373153,5332.161252272539,2.108603239462088,0.9992355814563554,0.2438731366426793,0.9302129070674406,1.0,0.01257187769474097,0.7831263816290573,0.047619047619047616,0.0,0.3009802368658643,0.0,astern_vae,astern,False,0.04411929100751877,1.1299631595611572,2.5262105464935303,1.0796318054199219,vae_candidate_pool_v1,belief_limited_heuristic_v1,465
VAE000959,vae_candidate_000959,0.58462556558055,3900.031494140625,-2922.389892578125,4598.080932982814,2.5561577061897958,0.05326446146443544,6.057224468552099,21,8526.283813731954,2427.7594130158755,1.0145042323792055,0.6386994088644332,8292.825710029972,0.07773431388424834,0.401182704115137,0.9984901046517713,0.5961517379348019,1.0,0.1268130290474007,0.9667068017485858,0.5,0.0,0.26825039934824435,0.0,ahead_vae,ahead,False,0.07120847702026367,1.533085823059082,2.972564458847046,1.6430858373641968,vae_candidate_pool_v1,belief_limited_heuristic_v1,466
VAE000658,vae_candidate_000658,0.5842069126624279,3302.279052734375,-412.2551574707031,3230.7473508424696,2.9967712284153287,-0.192659928190623,4.365381979151412,4,7903.517994761262,2570.2370925430273,0.1969093588312218,-0.047838503016157864,8017.38543271511,0.5501968265525918,0.8776903122547054,0.9262108134105604,0.04782025852320629,1.0,0.024613669853902724,0.9695895349378907,0.09523809523809523,0.0,0.26871556346687037,0.0,ahead_vae,ahead,False,0.07193077355623245,2.040759325027466,2.936147451400757,1.5129140615463257,vae_candidate_pool_v1,belief_limited_heuristic_v1,467
VAE000185,vae_candidate_000185,0.5833403986324918,-2.483306884765625,-5001.453125,4931.128198641263,1.5547393499123991,-0.060612920159047366,5.2278173475297125,10,7936.414941598507,2921.6777914742656,0.43126410712422153,1.5262403835183467,3272.275631426605,0.37301623890714675,0.2978755827709077,0.9656161938559271,0.999007548162936,0.7791132455777631,0.05390801339052769,0.9202434557535534,0.23809523809523808,0.0,0.2422875578676879,0.0,starboard_vae,starboard,False,0.062107522040605545,2.109158754348755,2.952225685119629,1.7463953495025635,vae_candidate_pool_v1,belief_limited_heuristic_v1,468
VAE000719,vae_candidate_000719,0.5832257643926767,2428.496826171875,-4356.974609375,5298.296626537219,1.9396954286637815,0.40151056952663977,4.068631784082915,12,8093.540331704015,3261.357154023718,0.4546156158180305,1.6034077944526521,3523.5185154408814,0.01851167668523801,0.20434919339714622,0.999914331903028,0.99946829321397,0.8389329798668765,0.05682695197725381,0.9990460266839721,0.2857142857142857,0.0,0.2286951631635314,0.0,ahead_vae,ahead,False,0.08457046747207642,1.9099206924438477,1.916738748550415,1.7750234603881836,vae_candidate_pool_v1,belief_limited_heuristic_v1,469
VAE000473,vae_candidate_000473,0.5832163422544268,1667.833984375,738.4979248046875,1900.3235154568504,-2.721342951472018,-0.017244369649217644,5.872108684518553,15,7963.8210621735125,2597.3987339755627,0.7251554931702251,-0.4374940717669928,8314.200319041625,1.5687399128721558,0.9538986567962254,0.5010282062366838,0.42367088732191677,1.0,0.09064443664627814,0.9996220959196768,0.35714285714285715,0.0,0.29609372884327534,0.0,ahead_vae,ahead,False,0.08896306157112122,0.7146954536437988,2.411048173904419,1.6269463300704956,vae_candidate_pool_v1,belief_limited_heuristic_v1,470
VAE000639,vae_candidate_000639,0.5825194955000834,3605.78857421875,1820.755615234375,3901.8726202199728,-2.761661071915676,0.10254507925849772,4.676118486507341,9,8398.2354127569,2572.295287327618,0.41661379193241005,-0.2773865024156196,8781.612946860678,0.20412500560533475,0.652859421959843,0.989619364914337,0.2738429915518803,1.0,0.052076723991551256,0.9685362555853556,0.21428571428571427,0.0,0.2628036399633474,0.0,ahead_vae,ahead,False,0.07166323810815811,0.7846894264221191,1.9868032932281494,1.8050175905227661,vae_candidate_pool_v1,belief_limited_heuristic_v1,471
VAE000851,vae_candidate_000851,0.5821271897417448,2167.3759765625,-4292.22314453125,5091.542611793877,2.009114676326368,0.017281630375503662,4.5102994821015026,17,8075.1373389350265,2156.5214620164033,0.9762144219018579,1.1497596076389291,5268.547155171596,0.1841243043337204,0.2542462218413817,0.9915484774565317,0.9126657166274614,1.0,0.12202680273773224,0.9444366596831665,0.40476190476190477,0.0,0.2878086988502006,0.0,ahead_vae,ahead,False,0.06640144437551498,1.3671777248382568,1.954803228378296,1.6729718446731567,vae_candidate_pool_v1,belief_limited_heuristic_v1,472
VAE000203,vae_candidate_000203,0.5818408142279031,2962.64794921875,-3064.52392578125,4491.493777080267,2.3604950578218,-0.05199075133036243,4.897223627958699,5,8289.566233982532,2470.1089815598148,0.2441867437705769,0.729106844437631,7827.703537804797,0.2592492599969849,0.4373993975332876,0.9832913532184523,0.6662038124399055,1.0,0.03052334297132211,0.9976037600373884,0.11904761904761904,0.0,0.2662369480201691,0.0,ahead_vae,ahead,False,0.0829920843243599,0.6487956047058105,2.8691940307617188,1.627306342124939,vae_candidate_pool_v1,belief_limited_heuristic_v1,473
VAE000899,vae_candidate_000899,0.5815857119930364,804.77978515625,-4432.0234375,5039.5963225235455,1.6409829388139472,-0.022994915601121702,6.639879641290786,5,8163.446912028675,2712.4204847622746,0.22580804769237633,1.4776147991747248,3460.2354276000083,0.04330184224720335,0.2679106251542308,0.9995313108559798,0.9956617418363745,0.8238655780000019,0.028226005961547042,0.9960499393114043,0.11904761904761904,0.0,0.2511224514394775,0.0,starboard_vae,starboard,False,0.08177638053894043,2.186617136001587,1.489254117012024,1.0455658435821533,vae_candidate_pool_v1,belief_limited_heuristic_v1,474
VAE000935,vae_candidate_000935,0.5813633661736983,2732.537109375,1018.7146606445312,3354.7457992296154,-2.6230571745139315,0.00862580418701266,5.36408160750527,11,8238.172240326867,2522.321466945604,0.5293725056155364,-0.509909674888849,8421.323913877472,1.402131900426083,0.8417150748830543,0.5839329387711372,0.48809841414692745,1.0,0.06617156320194205,0.9692434495155102,0.2619047619047619,0.0,0.26976999892386455,0.0,ahead_vae,ahead,False,0.07184238731861115,1.0523459911346436,2.8509726524353027,1.7368290424346924,vae_candidate_pool_v1,belief_limited_heuristic_v1,475
VAE000302,vae_candidate_000302,0.5810269110643084,3757.685302734375,1949.5819091796875,4329.8029244211,-2.821920113727971,-0.11617662370150898,4.725817491628387,23,7909.020047198283,2235.38455604934,1.3009269587004524,-0.4358491635633311,8113.355935417944,0.17867683390909583,0.4946048628394194,0.992039858669338,0.4221803303356619,1.0,0.16261586983755655,0.9893184470509794,0.5476190476190477,0.0,0.2838460353206785,0.0,ahead_vae,ahead,False,0.07822310924530029,0.7524773478507996,2.9499125480651855,1.458847999572754,vae_candidate_pool_v1,belief_limited_heuristic_v1,476
VAE000096,vae_candidate_000096,0.5807998727289596,-975.9915161132812,670.3599243164062,1513.986996119429,-0.619897796183274,0.39797498397906034,6.961259504789383,20,8312.539359821927,2311.141877998785,1.0410454105098785,-2.1237198734274587,6332.322751739345,1.2285019124972858,0.8620889748802472,0.6678246411164295,0.8509927804340968,1.0,0.13013067631373482,0.9942315664294157,0.47619047619047616,1.0,0.33391518649576235,0.33391518649576235,inside_convoy_envelope,inside,True,0.08062896877527237,1.642892599105835,2.007685899734497,1.6848200559616089,vae_candidate_pool_v1,belief_limited_heuristic_v1,477
VAE000183,vae_candidate_000183,0.5806953910269511,161.67782592773438,4590.390625,4813.013559577158,-1.5106872024221638,-0.04030594433376107,5.306429519431776,15,9063.102964352513,1992.8342042245347,0.8305067688892087,-1.6712113955013903,2891.3390579337124,0.2313514616432872,0.332642466674464,0.9866787015224554,0.9949626418414351,0.6884140614127887,0.10381334611115109,0.963577941586864,0.35714285714285715,0.0,0.3029863755011062,0.0,port_vae,port,False,0.070457324385643,2.3359341621398926,2.97383451461792,1.3769900798797607,vae_candidate_pool_v1,belief_limited_heuristic_v1,478
VAE000527,vae_candidate_000527,0.5805928229269881,-682.5307006835938,-901.6813354492188,1193.168791052286,1.0362833365285342,-0.010715903866096594,4.982329879514959,6,8528.817396989949,2352.5994201696417,0.2990297849611833,2.0945934131951622,6303.050922225012,0.19317123165952563,0.759329276032665,0.9907001914761528,0.8659262313549393,1.0,0.037378723120147915,0.9415894840776345,0.14285714285714285,1.0,0.3656103628120793,0.3656103628120793,inside_convoy_envelope,inside,True,0.06585754454135895,1.1787223815917969,2.409053325653076,1.8543634414672852,vae_candidate_pool_v1,belief_limited_heuristic_v1,479
VAE000064,vae_candidate_000064,0.5805529035500664,3840.05078125,2936.7919921875,4390.883741053956,-2.4222539135503895,0.0784061820715536,4.330258410333286,21,8997.628975013517,1871.944207898514,1.246804362893657,-0.6409325579678501,8331.262217479125,0.1426583285756151,0.4727133139272877,0.994920773208682,0.5979431823641896,1.0,0.15585054536170712,0.8457179799037159,0.5,0.0,0.31782521597535573,0.0,ahead_vae,ahead,False,0.12298919260501862,1.1214033365249634,2.5260958671569824,1.834822416305542,vae_candidate_pool_v1,belief_limited_heuristic_v1,480
VAE000496,vae_candidate_000496,0.5805288457663318,-545.8138427734375,-5169.81201171875,5184.51854481356,1.2715442964868484,-0.15127153139960609,3.0343671823908025,24,7624.466578719966,2415.7796503187806,1.3030001270074523,1.718776825703339,3513.5362503990573,0.05624102800708619,0.23091670702069975,0.9992094451057376,0.9890708519088445,0.8365562500950137,0.16287501587593153,0.7975968804739021,0.5714285714285714,0.0,0.2686435475400129,0.0,starboard_vae,starboard,False,0.04576651379466057,1.0385512113571167,2.9395270347595215,1.9174718856811523,vae_candidate_pool_v1,belief_limited_heuristic_v1,481
VAE000918,vae_candidate_000918,0.5795717959112242,-537.7999877929688,-4864.60302734375,5210.101347996128,1.4457336667313894,0.08377220804976222,5.274436706795806,15,7908.877425379289,3317.007771089564,0.571781270499628,1.7796311949081665,4884.609824311333,0.4662377296380047,0.2247527937905164,0.9466329274504115,0.9782731340913998,1.0,0.0714726588124535,0.8205503355830578,0.35714285714285715,0.0,0.22754104220325908,0.0,starboard_vae,starboard,False,0.048456914722919464,1.992065191268921,1.4795827865600586,1.0427536964416504,vae_candidate_pool_v1,belief_limited_heuristic_v1,482
VAE000187,vae_candidate_000187,0.5794450747788191,2107.800537109375,-5559.599609375,5450.572210073368,1.8814315529365653,-0.12686029360475204,5.842755543059532,20,8270.716768058412,3394.6405719944896,0.7123493782124037,1.1333008070484765,6578.991083830083,0.16271470204961827,0.17218832221832625,0.9933955723541972,0.9058155815939134,1.0,0.08904367227655047,0.9336349305029008,0.47619047619047616,0.0,0.22401868356487115,0.0,starboard_vae,starboard,False,0.06439835578203201,1.8650702238082886,2.428466796875,1.6666676998138428,vae_candidate_pool_v1,belief_limited_heuristic_v1,483
VAE000659,vae_candidate_000659,0.5793657174786607,-1447.887939453125,71.25296783447266,1872.9655442324479,0.011680703955172442,-0.034286567631214446,4.897466254751504,10,8333.806583542675,1911.1066302445456,0.6278727920514932,3.0956253820034068,8412.820932203218,0.7193013209510719,0.9488470894204285,0.8761331219305104,0.04595108523192577,1.0,0.07848409900643664,0.997137834039956,0.23809523809523808,0.0,0.34571779860270246,0.0,astern_vae,astern,False,0.09193849563598633,0.8156059980392456,1.976779580116272,1.6771721839904785,vae_candidate_pool_v1,belief_limited_heuristic_v1,484
VAE000711,vae_candidate_000711,0.5792951905098594,409.2806701660156,4862.4443359375,4340.299839140047,-1.7352967515424487,0.0011624150387495983,4.215454645565348,18,7932.823721129528,1363.2668809673753,1.6644234166481975,-1.4051334870085948,2652.774033503119,0.38959126464764154,0.49082113075334893,0.9625321895195148,0.986309265679656,0.6316128651197902,0.20805292708102469,0.8316006607831308,0.42857142857142855,0.0,0.4062175934915418,0.0,port_vae,port,False,0.04979235678911209,2.374738931655884,1.4932136535644531,1.8050274848937988,vae_candidate_pool_v1,belief_limited_heuristic_v1,485
VAE000145,vae_candidate_000145,0.5786134933031859,-1703.638671875,306.91925048828125,1682.7213494054838,-0.10553068083096774,-0.06857388760175347,5.65780109518853,8,7911.567483428977,2220.4793473087348,0.4553870874594762,-3.104635860360579,7988.208388160374,0.5539829032691678,0.9073229429824449,0.9252179764402415,0.03694838117754102,1.0,0.056923385932434525,0.9918288397826115,0.19047619047619047,0.0,0.328974760773862,0.0,astern_vae,astern,False,0.07936187088489532,2.3288955688476562,1.5359439849853516,1.7770555019378662,vae_candidate_pool_v1,belief_limited_heuristic_v1,486
VAE000301,vae_candidate_000301,0.578589496010894,-51.316436767578125,5734.5986328125,5233.537066934802,-1.6235550331575497,-0.07841491142341253,5.164538660032656,17,7853.5137016440785,3038.703840808066,0.7123551047746998,-1.596452531855656,3239.173049884163,0.3171093469585722,0.21920310030473406,0.9750703768788951,0.9996708976239201,0.7712316785438483,0.08904438809683747,0.9775987545339297,0.40476190476190477,0.0,0.23694673350211348,0.0,port_vae,port,False,0.10040172189474106,1.023044228553772,1.4926602840423584,1.0830219984054565,vae_candidate_pool_v1,belief_limited_heuristic_v1,487
VAE000781,vae_candidate_000781,0.5777503268527159,-1412.5390625,278.74298095703125,1389.5161814741134,-0.06802801676673029,0.11989016522468351,6.309575138360959,4,9097.878738421176,3039.0385148854766,0.14467171946894997,-2.9536744715983794,9505.448446188937,0.5752897381653372,0.8244652123100052,0.9195173487520081,0.18681413309813102,1.0,0.018083964933618746,0.99988394671252,0.09523809523809523,0.0,0.314052692979117,0.0,astern_vae,astern,False,0.08632633090019226,2.260164260864258,1.5208660364151,1.246835708618164,vae_candidate_pool_v1,belief_limited_heuristic_v1,488
VAE000373,vae_candidate_000373,0.5772764100511568,2521.68798828125,-532.5208740234375,3057.335091163231,3.0350953054644156,-0.04877183047831234,4.496644301565936,11,8464.308542983614,2535.0093599816755,0.5126507911784657,0.05772551764706548,8596.46339519131,0.9398567419580278,0.9215664257914742,0.7949518540854374,0.05769346381929783,1.0,0.06408134889730821,0.9646374005197822,0.2619047619047619,0.0,0.27176774489684624,0.0,ahead_vae,ahead,False,0.07070812582969666,2.17379093170166,2.9493818283081055,1.2344191074371338,vae_candidate_pool_v1,belief_limited_heuristic_v1,489
VAE000962,vae_candidate_000962,0.576808560528486,135.69671630859375,-4613.09033203125,4767.268277702637,1.7327549799393012,0.2015200630121971,4.714735817868528,14,7842.9187363181,2484.8102523958314,0.7183847264646088,1.6103577366626889,2793.06200435091,0.4824932210592616,0.34668123718650123,0.9429204247805092,0.9992175494840673,0.6650147629406928,0.0897980908080761,0.8743974765961898,0.3333333333333333,0.0,0.2650333683626148,0.0,starboard_vae,starboard,False,0.05529545247554779,1.210444688796997,1.475621223449707,1.8786052465438843,vae_candidate_pool_v1,belief_limited_heuristic_v1,490
VAE000681,vae_candidate_000681,0.5765119655085511,860.201904296875,-4547.35009765625,4629.545411639649,1.689659990846217,0.009149431879238643,6.1519006384034345,0,7963.943505618011,2222.689042086099,0.0,1.461082094622815,3081.331031702143,0.256563941243531,0.3907554015205944,0.9836338077209215,0.9939874284780096,0.7336502456433673,0.0,0.8778956092722342,0.0,0.0,0.2837176549508731,0.0,starboard_vae,starboard,False,0.05577456206083298,2.2267847061157227,2.012880325317383,1.797877550125122,vae_candidate_pool_v1,belief_limited_heuristic_v1,491
VAE000818,vae_candidate_000818,0.5764964866481112,-351.3533935546875,980.1088256835938,1049.610766584123,-1.319618156338234,-0.10274333377482978,6.2645406971810775,17,8648.56316496911,2783.516702765334,0.706173031609937,-1.9247178310263888,5608.406257364613,0.37241844157457193,0.7084210557062111,0.9657250370696562,0.9380208181715896,1.0,0.08827162895124213,0.850887567261296,0.40476190476190477,1.0,0.3730510012527738,0.3730510012527738,inside_convoy_envelope,inside,True,0.05219931900501251,1.6261287927627563,2.948458671569824,1.1555187702178955,vae_candidate_pool_v1,belief_limited_heuristic_v1,492
VAE000924,vae_candidate_000924,0.5764173367893066,-699.1688842773438,5317.63720703125,5061.8180630338975,-1.514648718615661,-0.22084869370871824,3.453794578443564,24,8284.058825407676,2224.8357523526197,1.3021772770762028,-1.8477926286828503,4405.4500586137765,0.6301141908322958,0.2620102821032947,0.903980114056945,0.9618811905873552,1.0,0.16277215963452535,0.8302640282970211,0.5714285714285714,0.0,0.2819034043733707,0.0,port_vae,port,False,0.04962926357984543,1.1345188617706299,1.9607754945755005,1.6599100828170776,vae_candidate_pool_v1,belief_limited_heuristic_v1,493
VAE000891,vae_candidate_000891,0.5763742675768001,824.1537475585938,5010.8515625,4996.153002352755,-1.7721466563649417,0.25924873064547355,5.539497184882738,7,8074.720530633242,2854.1615821375276,0.3037330028092307,-1.1101972665793778,6145.8097609394845,0.3515722927633995,0.27968143726488265,0.9694162081073663,0.8957863851082117,1.0,0.03796662535115384,0.9154788199443777,0.16666666666666666,0.0,0.2447454444896428,0.0,port_vae,port,False,0.06133377552032471,1.9903793334960938,2.9097373485565186,1.2054059505462646,vae_candidate_pool_v1,belief_limited_heuristic_v1,494
VAE000278,vae_candidate_000278,0.5761883882207854,-3512.396484375,-670.0660400390625,4035.2487893785747,0.2533984670397769,-0.013234182762900292,7.2463046041713195,15,7420.808916914716,2388.1303478376217,0.8464123327546139,2.8749600037871166,7787.8198225648875,0.027349759817887703,0.6032103288726265,0.9998130093158104,0.26348457646521306,1.0,0.10580154159432674,0.9846924431942724,0.35714285714285715,0.0,0.2748448647566372,0.0,astern_vae,astern,False,0.0981050580739975,1.648624300956726,2.010021209716797,1.09738028049469,vae_candidate_pool_v1,belief_limited_heuristic_v1,495
VAE001075,vae_candidate_001075,0.575643733246311,3772.001220703125,145.798828125,3697.3964387886,-3.1528260097976584,-0.11902817177706844,5.102558873928839,18,8334.08801723621,2050.7528555660074,1.0531763482781444,-0.10779481556920319,8506.347654698646,0.036999884189719,0.7274628491440118,0.9996577911852371,0.10758617918454658,1.0,0.13164704353476805,0.9164548124418532,0.42857142857142855,0.0,0.30239643744548944,0.0,ahead_vae,ahead,False,0.061490703374147415,0.7018576860427856,2.998079299926758,1.4152148962020874,vae_candidate_pool_v1,belief_limited_heuristic_v1,496
VAE000002,vae_candidate_000002,0.5755045450712981,-1002.3169555664062,-1006.7489013671875,1285.5159784057312,0.7606416944842226,0.07563114561644442,5.32440344946716,24,8600.169175635889,1983.718871917952,1.4067733173059354,2.4565821047220147,7915.139018175985,0.16125125374081994,0.790731575360557,0.9935135815532443,0.6326811807253176,1.0,0.17584666466324192,0.9999746707016017,0.5714285714285714,1.0,0.3784563834202692,0.3784563834202692,inside_convoy_envelope,inside,True,0.08682726323604584,1.1583058834075928,1.525468349456787,1.696027159690857,vae_candidate_pool_v1,belief_limited_heuristic_v1,497
VAE000396,vae_candidate_000396,0.575373667947566,-1209.74658203125,-2432.1298828125,2766.540888598488,1.2631165236652557,-0.11237095465969074,6.508921715652752,18,9122.016458532678,2191.65036403711,0.9003479533276157,1.766105175264847,3920.2875840721754,2.478976066757814,0.9749224051089671,0.10580737225162345,0.9809877782628962,0.9334018057314704,0.11254349416595197,0.7817603331042979,0.42857142857142855,0.0,0.2978921321557545,0.0,astern_vae,astern,False,0.04396549239754677,1.0855505466461182,2.4771060943603516,1.0636818408966064,vae_candidate_pool_v1,belief_limited_heuristic_v1,498
VAE001159,vae_candidate_001159,0.5752658903385315,3431.08984375,868.1964111328125,3882.9895558926983,-2.8777079869502487,0.02939843201441939,5.185675818332925,18,8138.927365159735,2022.5599655362598,1.093462581099054,-0.23448623462512508,8386.124452034363,0.017764940812249552,0.659852630055113,0.999921103794442,0.23234331060923316,1.0,0.13668282263738174,0.8879938035214672,0.42857142857142855,0.0,0.3043675222663882,0.0,ahead_vae,ahead,False,0.057189203798770905,2.2415363788604736,1.4955966472625732,1.7973957061767578,vae_candidate_pool_v1,belief_limited_heuristic_v1,499
VAE000987,vae_candidate_000987,0.5752276410884247,-1504.561279296875,-165.753173828125,1057.4438925802356,0.36805720606627174,0.0404376290661419,5.248209603122502,19,9185.788125428046,1874.3473901061823,1.1035374882222235,2.813973076589664,9300.351935525461,0.0850891713698892,0.7112515651906985,0.9981910500491059,0.3217901314877698,1.0,0.13794218602777794,0.9893839610176846,0.4523809523809524,0.0,0.4201760619165019,0.0,astern_vae,astern,False,0.07825103402137756,2.0786144733428955,2.456503391265869,1.6212575435638428,vae_candidate_pool_v1,belief_limited_heuristic_v1,500
VAE000199,vae_candidate_000199,0.5749951440339255,-1395.8759765625,-4594.87939453125,4840.678546995311,1.3150176936114428,-0.14863163198396134,4.4740949108968895,14,9603.940997222388,2209.60703807313,0.6597258598882219,1.6779433279943892,3224.001134550889,0.26025245978992606,0.3243051848949894,0.9831625224180942,0.9942652496915686,0.7676193177502117,0.08246573248602773,0.7801279908589402,0.3333333333333333,0.0,0.28238457355377516,0.0,starboard_vae,starboard,False,0.1307508498430252,1.8401306867599487,1.8978270292282104,1.724832534790039,vae_candidate_pool_v1,belief_limited_heuristic_v1,501
VAE000040,vae_candidate_000040,0.5749571375009283,-39.14581298828125,5219.6474609375,5155.136720742423,-1.4060767509415548,-0.1498586715391752,5.799426234529779,12,7592.159481458651,1937.7363089540709,0.8156826911455807,-1.8853745741874135,4191.777086061393,0.08209747125228639,0.238132093445258,0.9983159474977638,0.9509269602531848,0.9980421633479507,0.10196033639319758,0.9995043346678412,0.2857142857142857,0.0,0.30980763348327484,0.0,port_vae,port,False,0.08920956403017044,0.7107037901878357,2.0374364852905273,1.120092749595642,vae_candidate_pool_v1,belief_limited_heuristic_v1,502
VAE000917,vae_candidate_000917,0.5749473998051876,-719.3822631835938,3753.133544921875,3963.026952620485,-1.4445471358129907,0.03536830536417017,5.843671490301248,19,8540.416266436796,2060.5606451740896,1.0796653432828456,-1.6616772124126322,2827.149676240907,0.6524992967334314,0.6301327220667924,0.8972843866778167,0.9958731738914487,0.673130875295454,0.1349581679103557,0.8973876003287945,0.4523809523809524,1.0,0.2998115083522978,0.2998115083522978,inside_convoy_envelope,inside,True,0.058552294969558716,0.7614388465881348,1.4839922189712524,1.1233329772949219,vae_candidate_pool_v1,belief_limited_heuristic_v1,503
VAE000680,vae_candidate_000680,0.5748394011422638,-3945.458984375,-2435.797119140625,4637.776986173789,0.5828587288153135,-0.16496592978779204,5.1181819404852,16,8274.988162856383,3104.013345001554,0.6229153338481764,2.3937679949866877,8177.8427519295765,0.37906354542630194,0.38804850958634035,0.9645057892504604,0.6800454753983284,1.0,0.07786441673102205,0.7819711673109739,0.38095238095238093,0.0,0.2357729952260468,0.0,astern_vae,astern,False,0.043989211320877075,1.9948796033859253,1.4672212600708008,1.4240913391113281,vae_candidate_pool_v1,belief_limited_heuristic_v1,504
VAE000886,vae_candidate_000886,0.5746318951001642,-60.8544921875,5343.47265625,5077.341340171905,-1.5488006507563454,-0.006306366240068215,4.967473673223147,16,8230.391782087412,2553.2084555051474,0.761400573679313,-1.5990983690735159,2785.091756767128,0.19698141891602947,0.2579372180378626,0.9903309056584615,0.9995995239344645,0.6631170849445543,0.09517507170991413,0.9805050655172215,0.38095238095238093,0.0,0.2594816850873576,0.0,port_vae,port,False,0.09951099753379822,0.6371403336524963,1.4943163394927979,1.1755704879760742,vae_candidate_pool_v1,belief_limited_heuristic_v1,505
VAE000616,vae_candidate_000616,0.5745561359218917,1771.7646484375,-1511.02392578125,2121.880404751524,2.3344485498884238,-0.2268087739485877,6.081152700652857,18,8241.444136022285,2627.6352460748067,0.8311972683203056,0.5803353297527816,8332.88925243835,1.9445927264741407,0.9854843582231528,0.3174238476083737,0.5483043967886626,1.0,0.1038996585400382,0.9420164659300966,0.42857142857142855,0.0,0.28579586055372835,0.0,ahead_vae,ahead,False,0.06593833118677139,0.7252483367919922,2.502680540084839,1.802739143371582,vae_candidate_pool_v1,belief_limited_heuristic_v1,506
VAE000853,vae_candidate_000853,0.5741881309081902,1202.272216796875,4891.33349609375,5403.870412762301,-1.7261911178365792,0.035593697106155224,4.720741575558774,16,8182.62236482515,2451.25493849671,0.7976988986621372,-1.3798078386470587,3959.987072394839,0.16928065385696445,0.18164229002412932,0.9928531062847776,0.9818170706059143,0.942854064855914,0.09971236233276715,0.9639108170086153,0.38095238095238093,0.0,0.2649775159247232,0.0,port_vae,port,False,0.07053574919700623,0.7408072352409363,2.94913387298584,1.8873815536499023,vae_candidate_pool_v1,belief_limited_heuristic_v1,507
VAE000900,vae_candidate_000900,0.5740461995868832,3610.105712890625,3971.63671875,5014.854805447419,-2.2489282021902812,-0.1206197228169046,5.838749967142827,17,7760.970986127983,2217.559806471454,0.9877738398703372,-1.0132841742164165,5987.912623453507,0.13331225419169715,0.27457616495030607,0.9955635370230205,0.848573997870441,1.0,0.12347172998379215,0.8785117988646628,0.40476190476190477,0.0,0.2833350818472763,0.0,ahead_vae,ahead,False,0.0558595135807991,2.251615047454834,1.5049628019332886,1.6507377624511719,vae_candidate_pool_v1,belief_limited_heuristic_v1,508
VAE000874,vae_candidate_000874,0.5740124619212769,639.5718994140625,-5510.10009765625,5613.663580534707,1.6650420277412423,-0.09658097463092653,3.837431962124839,16,8048.377890631537,2730.667040194033,0.7280192702330436,1.379969651217625,4207.640255572394,0.22488816988920823,0.14194811323994463,0.9874095254913561,0.9818477745518748,1.0,0.09100240877913045,0.9931932487899341,0.38095238095238093,0.0,0.2490174432952065,0.0,starboard_vae,starboard,False,0.08005441725254059,1.5986031293869019,1.4981329441070557,1.4660297632217407,vae_candidate_pool_v1,belief_limited_heuristic_v1,509
VAE000554,vae_candidate_000554,0.5740053173067748,-231.94927978515625,5497.443359375,5065.04866133956,-1.5787110106784712,0.03104581744693847,4.08659681113488,24,8533.724061907453,2642.125414287694,1.064435174242057,-1.5318358254643833,2972.5144610181287,0.5160033689646955,0.2611593179972604,0.9348990450580923,0.9992411356666444,0.7077415383376497,0.13305439678025713,0.8964701610214084,0.5714285714285714,0.0,0.2541675896796161,0.0,port_vae,port,False,0.05841697379946709,1.774820327758789,1.4887819290161133,1.6654374599456787,vae_candidate_pool_v1,belief_limited_heuristic_v1,510
VAE001201,vae_candidate_001201,0.573454971479861,3381.285888671875,-2689.65771484375,4493.360924670632,2.4602563087287073,0.026687972665677642,4.680295353122591,6,8019.279617146364,2370.6991005849336,0.3156017906859813,0.7080243175267633,7633.578164523508,0.04038579531637465,0.43675380152426746,0.9995923023020208,0.6503342175715977,1.0,0.039450223835747665,0.889380460388547,0.14285714285714285,0.0,0.2731094009578145,0.0,ahead_vae,ahead,False,0.05738739296793938,2.3380978107452393,2.0863468647003174,1.7809631824493408,vae_candidate_pool_v1,belief_limited_heuristic_v1,511
VAE000164,vae_candidate_000164,0.5731679403112738,-59.24432373046875,-5540.4248046875,5252.313108542572,1.5652963017608097,-0.06682617776500578,6.399921600552276,23,8060.369099894942,2450.9588806117645,1.1642248940554802,1.509470174063977,2940.353065289037,0.2692700019927181,0.2148236905512995,0.9819826764852586,0.9981201407694973,0.7000840631640565,0.14552811175693503,0.9841979098031607,0.5476190476190477,0.0,0.265510839581954,0.0,starboard_vae,starboard,False,0.09828012436628342,0.7475971579551697,2.940558910369873,1.2974255084991455,vae_candidate_pool_v1,belief_limited_heuristic_v1,512
VAE000393,vae_candidate_000393,0.5729476886723013,1811.81494140625,988.7385864257812,1947.1994090952855,-2.69876105227965,-0.1504437225497586,3.8360931307127872,9,9086.379568791574,2054.4314384649438,0.48212536680669227,-0.5932753238599016,8682.23494744063,1.6257221304580949,0.9619837437322103,0.47255090463365346,0.5590796336317916,1.0,0.060265670850836534,0.87941328773198,0.21428571428571427,0.0,0.3285140894444673,0.0,ahead_vae,ahead,False,0.05598410591483116,1.4720557928085327,2.9363479614257812,1.5846476554870605,vae_candidate_pool_v1,belief_limited_heuristic_v1,513
VAE000909,vae_candidate_000909,0.572945887762512,2290.0107421875,98.47388458251953,1825.3800143051792,-3.2264592965261816,0.08291995362552103,4.815017397382029,12,8808.721708320982,2187.566107957489,0.622740584820011,0.16778659656190947,9050.343755697035,1.052816394979491,0.9394906469813731,0.7475630356591062,0.1670004397115488,1.0,0.07784257310250138,0.9369597072080119,0.2857142857142857,0.0,0.32305138576484166,0.0,ahead_vae,ahead,False,0.06499812006950378,1.2795051336288452,1.9985389709472656,1.8178038597106934,vae_candidate_pool_v1,belief_limited_heuristic_v1,514
VAE000691,vae_candidate_000691,0.5729235946785415,727.091796875,922.734619140625,1214.7745442485993,-2.2840150507484926,0.04619252483004896,5.507415722536372,14,7596.546278041286,2684.3842617306645,0.6865420837830704,-0.8113850780112515,7177.007758818754,0.0913397405953309,0.766784119976653,0.997915712643469,0.7252414884320318,1.0,0.0858177604728838,0.804519964606942,0.3333333333333333,1.0,0.348843410478538,0.348843410478538,inside_convoy_envelope,inside,True,0.04656720533967018,0.8631226420402527,2.9492170810699463,1.4769192934036255,vae_candidate_pool_v1,belief_limited_heuristic_v1,515
VAE000570,vae_candidate_000570,0.5725627469691253,4119.8193359375,-3131.048095703125,4796.529427674053,2.3334798130969934,-0.05968868963620129,4.62396726505229,15,8017.206980966074,2597.041291177887,0.7204258845629751,0.7484241508565994,7641.9529209453085,0.2777793583994348,0.33766531840826636,0.9808333775276161,0.6804848828665346,1.0,0.09005323557037188,0.9944880613327637,0.35714285714285715,0.0,0.25812586379899644,0.0,ahead_vae,ahead,False,0.09375429153442383,1.4281895160675049,1.5096862316131592,1.7817076444625854,vae_candidate_pool_v1,belief_limited_heuristic_v1,516
VAE000893,vae_candidate_000893,0.5721715970820235,4303.7724609375,-2176.3525390625,4795.651569599969,2.7219453577448323,0.25027442580439824,4.573205855053721,20,8330.30976557409,2517.3206087703493,0.953740693660913,0.6699217216493587,8092.948556839091,0.05991902516657132,0.3379339524226996,0.9991026961190365,0.6209246288668744,1.0,0.11921758670761412,0.9859788434951553,0.47619047619047616,0.0,0.26226494648017645,0.0,ahead_vae,ahead,False,0.09763626754283905,0.725551426410675,1.50156569480896,1.7727255821228027,vae_candidate_pool_v1,belief_limited_heuristic_v1,517
VAE000996,vae_candidate_000996,0.5721118494110636,2733.179931640625,-4126.81982421875,5150.2091260079,2.078346535396162,0.09207039101992517,4.087347077267755,2,7781.350771311309,3567.896231947768,0.07203818921110271,1.1553165092135569,6405.128078420622,0.0688594002813816,0.23935641612528863,0.9988150640686102,0.9149227575435518,1.0,0.009004773651387838,0.8783731627320578,0.047619047619047616,0.0,0.2210797906169793,0.0,ahead_vae,ahead,False,0.1186925396323204,0.9082254767417908,1.9618642330169678,1.7012039422988892,vae_candidate_pool_v1,belief_limited_heuristic_v1,518
VAE000673,vae_candidate_000673,0.5721113663340263,2496.941162109375,5541.837890625,5664.891936802538,-1.829421418815931,0.033162994595628985,6.228825268772752,18,8781.472450722918,2795.7330097552954,0.7331780721445385,-1.2790082401782332,5203.684215376007,0.06457249932458842,0.13331613519042412,0.9989579602329923,0.9577310365644418,1.0,0.0916472590180673,0.9725377136034895,0.42857142857142855,0.0,0.24477676545352597,0.0,port_vae,port,False,0.07270409166812897,2.340461492538452,1.5177156925201416,1.2491410970687866,vae_candidate_pool_v1,belief_limited_heuristic_v1,519
VAE000941,vae_candidate_000941,0.5719614570044492,2885.882568359375,1154.56396484375,3369.79013915857,-2.8367847059542117,0.01602972657743301,2.9955713465661016,3,8337.812533393215,1828.9188246943322,0.19673186018492314,-0.2887782210581484,8513.406604920194,0.8438573843086579,0.837120761216184,0.8322927462781919,0.2847812497811739,1.0,0.024591482523115393,0.9948111680248771,0.07142857142857142,0.0,0.3287525177652005,0.0,ahead_vae,ahead,False,0.08097217231988907,1.4188446998596191,2.937676191329956,1.8802094459533691,vae_candidate_pool_v1,belief_limited_heuristic_v1,520
VAE000233,vae_candidate_000233,0.5719592822002093,3248.03662109375,-2092.903564453125,4269.95592301521,2.498223176973495,0.09453354387965833,6.625897828727304,22,8395.667939344787,1343.4452528279678,1.950506736065037,0.7379030204959565,7115.5808746892935,0.34745407764570574,0.5163303342208435,0.970121329361717,0.6727378768006816,1.0,0.24381334200812962,0.7961251220275062,0.5238095238095238,0.0,0.4108833566577838,0.0,ahead_vae,ahead,False,0.04559739679098129,1.2919931411743164,2.9685568809509277,1.9039225578308105,vae_candidate_pool_v1,belief_limited_heuristic_v1,521
VAE000728,vae_candidate_000728,0.5719479268115558,303.4124755859375,-4817.2685546875,4818.327861997207,1.782746239888866,-0.24610858955112022,6.813267017043361,2,8319.697142542433,2038.498560412972,0.11792667929463639,1.1127378241498074,5507.388518111226,0.3430867318494606,0.33103188590592325,0.970860395347704,0.8969127322644468,1.0,0.014740834911829549,0.9932684007806875,0.047619047619047616,0.0,0.2991048815385883,0.0,starboard_vae,starboard,False,0.09443844854831696,0.7710980772972107,2.504099130630493,1.3404912948608398,vae_candidate_pool_v1,belief_limited_heuristic_v1,522
VAE000383,vae_candidate_000383,0.5717681502216303,978.6282958984375,5901.87890625,5632.600329048321,-1.826348965139139,0.06330879360161712,5.0508791167196465,22,8405.718099679087,2585.724217540314,1.0121984239057293,-1.251934894849037,5090.456988414659,0.19469435213413067,0.13871004331663275,0.990553424025752,0.9495929581773453,1.0,0.12652480298821617,0.9511044142603297,0.5238095238095238,0.0,0.25611423586268567,0.0,port_vae,port,False,0.1068054661154747,2.0349278450012207,1.480096697807312,1.8620550632476807,vae_candidate_pool_v1,belief_limited_heuristic_v1,523
VAE000306,vae_candidate_000306,0.5717434077757814,-442.056640625,844.5701904296875,1262.8114849382282,-1.1123696342349174,0.18578823145611406,3.3848524756074108,17,8132.874444961606,1526.7376357681896,1.3691166187462078,-1.8434347878987618,3660.3122909437743,0.1486117114000578,0.7831266734817112,0.9944887941368246,0.9630637820290276,0.8715029264151843,0.17113957734327598,0.9991287313543609,0.40476190476190477,1.0,0.4350312034696953,0.4350312034696953,inside_convoy_envelope,inside,True,0.08469003438949585,0.7008415460586548,1.5197341442108154,1.8287994861602783,vae_candidate_pool_v1,belief_limited_heuristic_v1,524
VAE000029,vae_candidate_000029,0.5711012349203088,-1596.352294921875,-21.285825729370117,1192.147862269282,-0.04463091321431172,0.25259166651318965,4.694136227399489,11,8834.423067190623,2302.2874217369495,0.5408227488697507,-2.8443700738622915,9121.326321633436,0.31240256980672515,0.7589754995844635,0.9757989486627867,0.29286569931069417,1.0,0.06760284360871884,0.8443808067923648,0.2619047619047619,0.0,0.3682196862893189,0.0,astern_vae,astern,False,0.05137546360492706,1.757953405380249,2.952174425125122,1.7403689622879028,vae_candidate_pool_v1,belief_limited_heuristic_v1,525
VAE000365,vae_candidate_000365,0.5705983254691348,-4032.091796875,-993.5492553710938,3928.816499945281,0.34582138260026535,0.03633956732884771,1.9617289000409475,17,8418.603924893443,1744.040962289711,1.1578496345239404,2.832110838318376,8549.822867066918,0.18039446649239432,0.6428590105544361,0.9918864975385873,0.3045651107966246,1.0,0.14473120431549255,0.9043542815711502,0.40476190476190477,0.0,0.33671851175920314,0.0,astern_vae,astern,False,0.05959678813815117,1.8773193359375,2.5797922611236572,1.2159072160720825,vae_candidate_pool_v1,belief_limited_heuristic_v1,526
VAE000392,vae_candidate_000392,0.5704824594843217,2244.903564453125,4551.0,5332.119884969366,-1.924862675486221,0.14350649066150872,4.548312111507844,20,8309.504178596626,2276.316469449724,1.0573584601701413,-1.0732234874420634,5966.375845428223,0.053000069190963346,0.1968715889675344,0.9992979125369262,0.8787436185824848,1.0,0.13216980752126767,0.9672243464302828,0.47619047619047616,0.0,0.2772106446002382,0.0,ahead_vae,ahead,False,0.07133589684963226,2.270198345184326,2.447678565979004,1.4466785192489624,vae_candidate_pool_v1,belief_limited_heuristic_v1,527
VAE000375,vae_candidate_000375,0.5704321144757181,47.235443115234375,-5163.42138671875,4829.870480739639,1.6122871620570638,-0.020416210073331373,5.201078298618427,7,7853.137110297998,2309.9391388589042,0.3858818238718981,1.5088892814593982,2791.3681904323257,0.3630764988696007,0.32754848233586037,0.9674043125256322,0.9980843707874162,0.6646114739124585,0.048235227983987265,0.9870787853110006,0.16666666666666666,0.0,0.2765768613750428,0.0,starboard_vae,starboard,False,0.07731448113918304,0.706598699092865,1.9838793277740479,1.4763550758361816,vae_candidate_pool_v1,belief_limited_heuristic_v1,528
VAE000584,vae_candidate_000584,0.5700156542249739,3424.296630859375,3140.88671875,4855.381926586622,-2.4509634608087842,-0.02545110330455927,4.164729419959242,15,8249.264269936824,2857.043133150213,0.6364426059625693,-0.7160802960855681,8098.574134355913,0.15416143904659263,0.31992179119405173,0.9940703202525767,0.656432758245479,1.0,0.07955532574532116,0.9944208509955472,0.35714285714285715,0.0,0.24478668633430128,0.0,ahead_vae,ahead,False,0.0807390883564949,2.0338802337646484,1.9375978708267212,1.9182517528533936,vae_candidate_pool_v1,belief_limited_heuristic_v1,529
VAE000013,vae_candidate_000013,0.569932845799944,3464.129150390625,-2820.052978515625,4411.505027342395,2.4233646667849533,-0.0185318222204791,4.7237392302066255,21,8611.632765637267,1319.2416191231168,1.8484574136025296,0.6996961645843609,7437.797516428103,0.10014685113636812,0.4653952926830758,0.9974947469493183,0.6439852713616078,1.0,0.2310571767003162,0.9951373603179023,0.5,0.0,0.4165337751781684,0.0,ahead_vae,ahead,False,0.08117372542619705,0.8382363319396973,2.5334417819976807,1.4549025297164917,vae_candidate_pool_v1,belief_limited_heuristic_v1,530
VAE001131,vae_candidate_001131,0.5697106682635025,64.49630737304688,4680.02734375,4921.263791101169,-1.5765825586172066,0.01933956222354315,4.148414637443983,11,7956.203390664485,2651.7897179656106,0.5213720265282785,-1.5456705327490434,2850.8376120738317,0.41182177238316675,0.30069522950492156,0.9581965629289858,0.9996843638425444,0.678770860017579,0.06517150331603482,0.9158443490325407,0.2619047619047619,0.0,0.2548861098123151,0.0,port_vae,port,False,0.06139245629310608,1.5767935514450073,2.0210652351379395,1.4308382272720337,vae_candidate_pool_v1,belief_limited_heuristic_v1,531
VAE000391,vae_candidate_000391,0.5695643291952043,3829.5859375,2180.76220703125,4835.694562242217,-2.4521086231727653,0.054283551086648736,4.8108595309362405,26,8723.911414677403,3121.820214841869,0.9546720601775305,-0.635200479330379,8874.633955897658,0.3137232522623683,0.3257985633145176,0.9755955806730292,0.5933389026688639,1.0,0.11933400752219131,0.9175564076821717,0.6190476190476191,0.0,0.23379844495594732,0.0,ahead_vae,ahead,False,0.06166877970099449,2.3052592277526855,2.0298190116882324,1.27371084690094,vae_candidate_pool_v1,belief_limited_heuristic_v1,532
VAE000910,vae_candidate_000910,0.569290987394936,-468.44598388671875,901.7621459960938,1007.1390764890126,-1.1633455825486128,0.10387312892038286,4.445371601489292,19,8514.99199945985,2463.9327020809583,0.9056085519256811,-1.8743739421207974,4896.703541445178,0.055192617440521285,0.6929888882280131,0.9992386370480302,0.9542731199328548,1.0,0.11320106899071014,0.8129222614678722,0.4523809523809524,1.0,0.39395573845533727,0.39395573845533727,inside_convoy_envelope,inside,True,0.04755113273859024,1.6385765075683594,2.3471689224243164,1.6129668951034546,vae_candidate_pool_v1,belief_limited_heuristic_v1,533
VAE001175,vae_candidate_001175,0.5687855714685528,-629.8731079101562,4691.66162109375,4792.653198012073,-1.514867529694628,0.12513507924946515,5.075807514353301,20,8060.374027286629,2183.8952671285733,1.1361691519972326,-1.5015900446457,2736.0507989145076,0.49026895923316155,0.338852354521733,0.9411031237600452,0.9976062009113419,0.6514406664082161,0.14202114399965407,0.7874587082522873,0.47619047619047616,0.0,0.2862736226997817,0.0,port_vae,port,False,0.04460892826318741,2.329535484313965,1.477504014968872,1.3843592405319214,vae_candidate_pool_v1,belief_limited_heuristic_v1,534
VAE000338,vae_candidate_000338,0.5684460101803,-359.906494140625,4721.849609375,5178.547506513194,-1.597160645624285,-0.06449284016374911,5.244357324511674,14,8114.740375330305,2711.60380531728,0.6362490860519403,-1.608924848129257,3018.961090224329,0.3541313846345484,0.23237125480868884,0.9689740286949191,0.9992731959881738,0.7188002595772212,0.07953113575649254,0.9999956041060373,0.3333333333333333,0.0,0.2508623682365279,0.0,port_vae,port,False,0.08708349615335464,2.193999767303467,1.4911701679229736,1.303333044052124,vae_candidate_pool_v1,belief_limited_heuristic_v1,535
VAE000532,vae_candidate_000532,0.5680026935808902,-1137.245849609375,-926.0324096679688,1238.2853590796824,0.7246740485391805,0.0026114259489080174,5.7941809791929355,12,7778.162682862587,2339.4192819225023,0.6594716928070907,2.4195300309995207,7383.277703574385,0.11960566349630675,0.7748240837768251,0.9964278827772048,0.6609339597058322,1.0,0.08243396160088634,0.9999056120864986,0.2857142857142857,1.0,0.360862681043475,0.360862681043475,inside_convoy_envelope,inside,True,0.08811430633068085,2.3239312171936035,1.513904094696045,1.8745990991592407,vae_candidate_pool_v1,belief_limited_heuristic_v1,536
VAE000784,vae_candidate_000784,0.5676918102502857,-53.651702880859375,1966.689453125,2528.8707226422885,-1.6192081391497724,-0.036686063371201415,4.821907466717179,2,8667.413258512786,1351.6742441184876,0.17071373063527284,-1.5590705778112222,1453.2109054556752,0.2951506705408571,0.9968654780731575,0.9783791627651187,0.9999312541930647,0.3460025965370655,0.021339216329409105,0.9888896140808615,0.047619047619047616,1.0,0.4196465489917546,0.4196465489917546,inside_convoy_envelope,inside,True,0.07804236561059952,1.074684977531433,1.5057179927825928,1.6738866567611694,vae_candidate_pool_v1,belief_limited_heuristic_v1,537
VAE000657,vae_candidate_000657,0.5674809445728414,3543.28173828125,3035.397216796875,4605.128631174193,-2.5322515595232122,0.0997147747485897,4.766819289902624,22,8980.534651839525,2773.3747850376253,0.8833075146179582,-0.5096263193179912,9192.343894715934,0.09024288913491141,0.39883615329645544,0.9979654365554829,0.48785108504379665,1.0,0.11041343932724478,0.9195572753381508,0.5238095238095238,0.0,0.24851085847922835,0.0,ahead_vae,ahead,False,0.06199488043785095,0.6543209552764893,2.8950212001800537,1.1182446479797363,vae_candidate_pool_v1,belief_limited_heuristic_v1,538
VAE000314,vae_candidate_000314,0.5671968597331188,3481.570068359375,294.71295166015625,3388.7583909524856,-2.9760544768502855,0.07798075262303508,6.202471716945947,7,7987.196858339328,1750.0674740699935,0.5007821705714357,-0.08755742411647258,8109.6359677429955,0.02502439556123415,0.8312624827683283,0.9998434530763606,0.08744559337466781,1.0,0.06259777132142946,0.8520269513089422,0.16666666666666666,0.0,0.3393195830677003,0.0,ahead_vae,ahead,False,0.12218800187110901,0.6560611128807068,2.954758644104004,1.2177870273590088,vae_candidate_pool_v1,belief_limited_heuristic_v1,539
VAE001215,vae_candidate_001215,0.5670211855370746,-785.3704223632812,5509.828125,5188.602828949912,-1.368911931640833,-0.08892778524864549,3.539051106905265,14,7969.730564347258,1869.0863316363584,0.939842402072514,-1.8616085071976056,4075.7698673649147,0.2813700975332649,0.22992523580561602,0.9803379511030366,0.9580113146983454,0.9704213969916463,0.11748030025906425,0.9924429297864047,0.3333333333333333,0.0,0.31716397680548414,0.0,port_vae,port,False,0.0948670506477356,0.7224016785621643,1.9023799896240234,1.4635635614395142,vae_candidate_pool_v1,belief_limited_heuristic_v1,540
VAE000244,vae_candidate_000244,0.5668744887206449,-221.34259033203125,5113.162109375,5355.214410352339,-1.4502003235995025,0.19003616232444745,4.099658771454357,30,8168.71656581122,2559.223533631028,1.4350241393390413,-1.5013561676658431,3119.8370316654737,0.3420915088882934,0.19187600938249447,0.9710275564114117,0.9975900007886928,0.7428183408727318,0.17937801741738016,0.8079425134423661,0.7142857142857143,0.0,0.25854031391706156,0.0,port_vae,port,False,0.046966325491666794,1.3191680908203125,1.4727318286895752,1.103949785232544,vae_candidate_pool_v1,belief_limited_heuristic_v1,541
VAE000756,vae_candidate_000756,0.5662459249194707,2363.75244140625,-5346.94921875,5676.67611692681,2.026354500998449,0.15853949113709442,4.221413163297681,18,8324.853021550065,2971.87700198736,0.7275537764559256,1.2737776437284387,5278.189127276517,0.225138630937048,0.13138751013114983,0.9873815841289703,0.9562132815848357,1.0,0.0909442220569907,0.9144302011132776,0.42857142857142855,0.0,0.23774109159348747,0.0,starboard_vae,starboard,False,0.06116603687405586,2.2488083839416504,2.942695379257202,1.7305359840393066,vae_candidate_pool_v1,belief_limited_heuristic_v1,542
VAE000683,vae_candidate_000683,0.5660383889465875,309.8033447265625,5336.70654296875,5525.9618319947385,-1.6801800986204223,0.11405854313459413,4.5838166325471095,18,8305.173273181957,2826.6681771430967,0.7667415135165982,-1.3473540118347767,4596.722482420826,0.4774961384355474,0.15767955629925012,0.9440741861363959,0.9751404537594666,1.0,0.09584268918957478,0.9248922688528494,0.42857142857142855,0.0,0.2442785870648464,0.0,port_vae,port,False,0.06288208067417145,0.7913596034049988,2.950793504714966,1.619693636894226,vae_candidate_pool_v1,belief_limited_heuristic_v1,543
VAE000976,vae_candidate_000976,0.5659449104114435,-13.637542724609375,-5029.8154296875,5043.691923511683,1.607311379280747,0.07800621815488024,5.48039195901821,23,8129.700212597857,2196.6358296546264,1.2879388445484075,1.612287492463927,2531.9592937871766,0.4194061873224577,0.26681700049772034,0.9566654563203842,0.9991393650628014,0.6028474509017088,0.16099235556855093,0.9634763952664499,0.5476190476190477,0.0,0.2844521684237338,0.0,starboard_vae,starboard,False,0.07043346762657166,1.349181890487671,2.951087474822998,1.773357629776001,vae_candidate_pool_v1,belief_limited_heuristic_v1,544
VAE001099,vae_candidate_001099,0.5658536031810237,603.123046875,4546.78857421875,5147.354832316142,-1.8601761914854809,0.003012806196604891,3.9174055089683195,10,8806.278762413174,2631.9832645464603,0.43144401377552427,-1.2784036559077074,5058.632333547485,0.5359736667603343,0.24006747020122296,0.9298859031505755,0.9575569436899747,1.0,0.053930501721940534,0.8947043659576457,0.23809523809523808,0.0,0.2541592880045318,0.0,port_vae,port,False,0.05815790593624115,1.1325623989105225,2.1215481758117676,1.1363263130187988,vae_candidate_pool_v1,belief_limited_heuristic_v1,545
VAE000218,vae_candidate_000218,0.5657222494923316,3559.55029296875,3076.35595703125,4730.0043008103785,-2.4952745852122473,0.03958313383463047,3.5252156956808935,22,8838.065508303329,2413.36659524734,1.0314357197832116,-0.6067349345429154,8636.668561603177,0.11972940127711063,0.3583443521174864,0.9964204967376662,0.5701882068577276,1.0,0.12892946497290145,0.9396071074600384,0.5238095238095238,0.0,0.2683998855135075,0.0,ahead_vae,ahead,False,0.06548592448234558,2.001945972442627,1.4826910495758057,1.5119563341140747,vae_candidate_pool_v1,belief_limited_heuristic_v1,546
VAE000799,vae_candidate_000799,0.5657090506969278,3350.052490234375,-366.4714050292969,3551.5407605042014,3.179362030349917,-0.002268752338333645,5.047827894401435,21,8933.747368731641,2018.1905208162257,1.1647251827045453,-0.040038129098457914,9007.37068079624,0.5098565515706373,0.7782788930897935,0.936407263462699,0.04002743275680215,1.0,0.14559064783806816,0.9017833175337836,0.5,0.0,0.3058608831675707,0.0,ahead_vae,ahead,False,0.059207748621702194,2.1655433177948,2.9741852283477783,1.921399474143982,vae_candidate_pool_v1,belief_limited_heuristic_v1,547
VAE001121,vae_candidate_001121,0.5656319454499473,457.84881591796875,1248.910400390625,1166.3774097939065,-1.9481758569327785,-0.14719946106729612,4.7648529637190435,7,8462.387304798322,2022.0163830283466,0.40909151494880247,-1.3406162577243108,3899.4041195285727,0.439437946931734,0.7500019094830257,0.9524954604417107,0.9736253275193161,0.9284295522687078,0.05113643936860031,0.9437339291406611,0.16666666666666666,1.0,0.3906780721452956,0.3906780721452956,inside_convoy_envelope,inside,True,0.06626604497432709,1.793457269668579,2.429555892944336,1.05860435962677,vae_candidate_pool_v1,belief_limited_heuristic_v1,548
VAE000342,vae_candidate_000342,0.5654963790634508,2212.40625,163.51962280273438,1880.3082029590635,-3.0710183428684776,0.007627527213473835,2.8753897695612616,14,8612.730690656665,2266.5072703744204,0.7171831073958667,-0.06294678350784165,8738.248367861808,1.0787711610765458,0.9502266556216337,0.7362058960597128,0.06290522276144432,1.0,0.08964788842448333,0.9974286864509034,0.3333333333333333,0.0,0.3152008187053803,0.0,ahead_vae,ahead,False,0.0916944295167923,0.8442785739898682,1.5172269344329834,1.3787424564361572,vae_candidate_pool_v1,belief_limited_heuristic_v1,549
VAE000242,vae_candidate_000242,0.5651328512748708,1757.614501953125,-64.37232971191406,1835.5887790623449,2.9727667784532725,-0.022937840304882086,5.905105363782214,12,8747.566523756972,2546.838179483403,0.5386326067896949,0.1458880348316385,9024.879524411394,1.1883050996023263,0.9415580398464316,0.6866164153038861,0.14537108833177492,1.0,0.06732907584871187,0.9743109532404615,0.2857142857142857,0.0,0.30066549173163365,0.0,ahead_vae,ahead,False,0.10134445875883102,1.443969964981079,1.497639536857605,1.938467025756836,vae_candidate_pool_v1,belief_limited_heuristic_v1,550
VAE000325,vae_candidate_000325,0.5642665678234363,-2240.40966796875,-3690.2373046875,4646.407043666084,0.9359036393183305,0.04628439782134366,5.182110658305743,15,8462.862540322252,1461.539414111582,1.21272809959039,2.251973412092807,6464.501680116904,0.17929941754298304,0.38522011562443864,0.9919844381566482,0.7768320372228182,1.0,0.15159101244879875,0.9538031864628923,0.35714285714285715,0.0,0.3827950496205382,0.0,astern_vae,astern,False,0.1062452495098114,1.1325503587722778,2.3711938858032227,1.8720815181732178,vae_candidate_pool_v1,belief_limited_heuristic_v1,551
VAE000510,vae_candidate_000510,0.5637554733375082,4221.02880859375,-1171.26025390625,4241.745863905709,2.800403426337501,-0.035178186711285246,4.718294320489355,16,8363.727533413256,2817.347646181903,0.679015466018997,0.30601104054100703,8823.919468857492,0.10169261086665136,0.5266521052818113,0.9974168804618848,0.30125739950364966,1.0,0.08487693325237462,0.9279834448809404,0.38095238095238093,0.0,0.24878348981229992,0.0,ahead_vae,ahead,False,0.11112412810325623,1.9726617336273193,2.549635648727417,1.3222992420196533,vae_candidate_pool_v1,belief_limited_heuristic_v1,552
VAE001127,vae_candidate_001127,0.5625709962979798,-1463.54443359375,-5333.259765625,6087.32807794869,1.2737396135834302,-0.16091595331416456,5.14537767174525,29,8099.622578083445,3301.819065773421,1.0843761189525243,1.7069370866921985,4370.553499353545,0.5099582513681581,0.07651980076764603,0.9363824438086624,0.9907471512621834,1.0,0.13554701486906554,0.8942095560083018,0.6904761904761905,0.0,0.22571452205398357,0.0,starboard_vae,starboard,False,0.05808563157916069,1.258068561553955,2.0476996898651123,1.130230188369751,vae_candidate_pool_v1,belief_limited_heuristic_v1,553
VAE000344,vae_candidate_000344,0.5622646248188938,1207.4700927734375,5417.78759765625,5413.044474444171,-1.7405296825429308,-0.016351767761069537,7.7267232691222,18,8556.252804764334,2319.8600581399555,0.9068325694818447,-1.417414738807932,3599.857005817661,0.23212421519650905,0.1797567622887902,0.9865899626588875,0.9882600873444398,0.857108810908967,0.11335407118523058,0.9289084828413019,0.42857142857142855,0.0,0.27347921930746827,0.0,port_vae,port,False,0.0635683462023735,1.345413327217102,2.934602737426758,1.2174160480499268,vae_candidate_pool_v1,belief_limited_heuristic_v1,554
VAE000284,vae_candidate_000284,0.5621406476491756,811.2999877929688,-4791.48779296875,5128.352871270125,1.7112951720550622,-0.19054787086610592,3.8338889405631154,0,8260.910749707551,2835.80595122467,0.0,1.239749610668625,5366.89852135129,0.2274838075718635,0.24483610870864855,0.987118473735008,0.9457026442780176,1.0,0.0,0.8408825775654853,0.0,0.0,0.24490200238600798,0.0,starboard_vae,starboard,False,0.05093768984079361,1.2877823114395142,2.9795355796813965,1.781821608543396,vae_candidate_pool_v1,belief_limited_heuristic_v1,555
VAE000081,vae_candidate_000081,0.5621248056850375,1602.241455078125,-4491.4521484375,5363.99449331835,1.9469385720206587,0.06418316174948609,4.07789163662655,12,8383.422451537965,2250.2539806715695,0.6361043361289698,1.2588372433186203,4714.714927108453,0.1063860192098327,0.19000016980278972,0.9971731714056198,0.9517341074026725,1.0,0.07951304201612122,0.9039300232982443,0.2857142857142857,0.0,0.2790713566180896,0.0,ahead_vae,ahead,False,0.1150006353855133,1.6178207397460938,2.0307793617248535,1.373018503189087,vae_candidate_pool_v1,belief_limited_heuristic_v1,556
VAE000530,vae_candidate_000530,0.5619584770194475,819.7945556640625,1944.3897705078125,2471.3572348614034,-1.8861297671929205,-0.058976857522645025,5.730489651246789,31,8334.201130773467,2715.5665837777847,1.3697372319203212,-1.3144397439195177,4740.024914572939,2.5593018175236093,0.9990379196243373,0.08239748841699279,0.9673202135882687,1.0,0.17121715399004014,0.9994049158477332,0.7380952380952381,1.0,0.27212612926529095,0.27212612926529095,inside_convoy_envelope,inside,True,0.08513733744621277,2.032097816467285,1.504906415939331,1.303501009941101,vae_candidate_pool_v1,belief_limited_heuristic_v1,557
VAE000335,vae_candidate_000335,0.56181936800852,-3709.1279296875,-960.8097534179688,4113.391166557513,0.37546759793033946,0.0543234740790222,4.822657888253415,0,8718.64944147802,2985.0618853072438,0.0,2.8204485297384765,9215.14950303042,0.13589369948816613,0.5740983837458046,0.9953903261063435,0.31565239737467793,1.0,0.0,0.9820136698471752,0.0,0.0,0.24194957284559973,0.0,astern_vae,astern,False,0.09902318567037582,1.2432423830032349,1.4906573295593262,1.1045031547546387,vae_candidate_pool_v1,belief_limited_heuristic_v1,558
VAE000266,vae_candidate_000266,0.5615715014239719,3775.724365234375,-2005.4183349609375,4232.85745425328,2.5885976228637895,-0.06219470408794236,6.0058779646169995,17,8553.783889308352,1905.4608733179612,1.0430151395334692,0.4908003266380619,8442.164831881915,0.3492453228177332,0.529913805723188,0.9698156112349501,0.4713318918628756,1.0,0.13037689244168366,0.8230470387042971,0.40476190476190477,0.0,0.3148753380858487,0.0,ahead_vae,ahead,False,0.04875614494085312,1.896159052848816,2.956209421157837,1.3503539562225342,vae_candidate_pool_v1,belief_limited_heuristic_v1,559
VAE000796,vae_candidate_000796,0.5614457219780308,3187.27587890625,2192.770263671875,4168.11713720214,-2.7645029945303663,0.0657762737689769,5.287057532389873,12,8488.998163507062,2927.646845411672,0.4828431991155286,-0.31131338529044994,8977.714784190055,0.43140959162987613,0.5537891244954566,0.9541886146208449,0.30630915387601154,1.0,0.06035539988944107,0.9768130920124252,0.2857142857142857,0.0,0.2442502006178863,0.0,ahead_vae,ahead,False,0.07390017062425613,1.0097678899765015,2.036383628845215,1.3552727699279785,vae_candidate_pool_v1,belief_limited_heuristic_v1,560
VAE000566,vae_candidate_000566,0.5613213527540398,2279.55419921875,4375.4228515625,5307.595847652192,-2.0190439525101995,-0.3311153307781945,5.245907726178498,16,8456.724286769304,2223.0627150889895,0.8510715956478484,-1.453664031857788,3196.1219718200955,0.10602484974334093,0.2022741916025227,0.9971923144505253,0.9931478523928259,0.7609814218619275,0.10638394945598105,0.9799794103190904,0.38095238095238093,0.0,0.28127046899088404,0.0,ahead_vae,ahead,False,0.07485628873109818,2.0867881774902344,1.9746737480163574,1.514896273612976,vae_candidate_pool_v1,belief_limited_heuristic_v1,561
VAE000171,vae_candidate_000171,0.5607073050718625,-3103.69287109375,-2328.9765625,4203.576285342406,0.5568420562734222,0.1407308232748157,4.599076386080098,8,8697.227536742705,2053.851552255235,0.44785776060241533,2.7254814205911875,8785.253590279694,0.001967730159634473,0.5406881736071265,0.9999990320098171,0.40420658869198217,1.0,0.05598222007530192,0.9628786049460976,0.19047619047619047,0.0,0.2992255828055907,0.0,astern_vae,astern,False,0.10423927009105682,1.2530158758163452,2.9767937660217285,1.044938564300537,vae_candidate_pool_v1,belief_limited_heuristic_v1,562
VAE000641,vae_candidate_000641,0.5605418605028292,975.2059326171875,-6139.5830078125,6203.595747532995,1.7534440200203372,-0.0005633983049266061,3.7127801650886,32,8165.246334980164,2354.1930885467796,1.6647100697933852,1.3875852352645295,3802.4014365609037,0.11692779036519396,0.06490393688394201,0.9965858654886823,0.9832637411738213,0.9053336753716438,0.20808875872417315,0.9532786201639979,0.7619047619047619,0.0,0.2701557429918272,0.0,starboard_vae,starboard,False,0.10635530203580856,1.7536768913269043,1.480766773223877,1.8098783493041992,vae_candidate_pool_v1,belief_limited_heuristic_v1,563
VAE001187,vae_candidate_001187,0.5605183081888585,3842.3955078125,3487.734619140625,4861.026144939681,-2.327689607675246,-0.11501165939810909,4.398974341283362,18,8149.39510228022,2427.528367480699,0.9098772733462355,-0.9289147053126562,6823.451337372412,0.5518403245637051,0.3182479998859137,0.9257805823968317,0.8009706428664461,1.0,0.11373465916827943,0.7883043571878616,0.42857142857142855,0.0,0.26792140975284406,0.0,ahead_vae,ahead,False,0.04470484331250191,1.1641356945037842,2.4358794689178467,1.3564213514328003,vae_candidate_pool_v1,belief_limited_heuristic_v1,564
VAE000173,vae_candidate_000173,0.5599558644187568,-1071.614013671875,4707.751953125,4613.738849387524,-1.4875020579674298,0.07122437409524483,5.780018314459676,16,8607.283008908671,2106.481731097598,0.8824623853625827,-1.5828662215271185,2210.2147717472226,0.712805591169533,0.39597788412925455,0.8782650573284351,0.9999271597048784,0.5262416123207673,0.11030779817032284,0.9190101110581584,0.38095238095238093,0.0,0.29292039531998076,0.0,port_vae,port,False,0.061905357986688614,0.7762812376022339,1.8947778940200806,1.2167961597442627,vae_candidate_pool_v1,belief_limited_heuristic_v1,565
VAE000652,vae_candidate_000652,0.5599289021206519,125.35995483398438,5747.40478515625,5535.4034340666285,-1.571399182621679,0.14332496700750097,4.029771216536795,16,8499.29801626643,2787.8005691734093,0.6752665278275797,-1.426868503960613,3978.0418260316383,0.10187643641656785,0.15592724999035104,0.997407541309137,0.9896602585764002,0.9471528157218186,0.08440831597844746,0.7748211043971959,0.38095238095238093,0.0,0.24578028692704662,0.0,port_vae,port,False,0.0431884229183197,1.1245276927947998,2.8986711502075195,1.9361462593078613,vae_candidate_pool_v1,belief_limited_heuristic_v1,566
VAE000635,vae_candidate_000635,0.5597057250019122,-1066.697509765625,-978.3184204101562,1954.5664273441905,0.7468713725833269,0.220958806207012,3.4567797394209183,19,7586.462675530647,2749.7069089211554,0.9108101686078433,2.6156800872134784,7941.634715572849,1.3534638249787632,0.9631878506055725,0.6078128225416406,0.5020024613985258,1.0,0.1138512710759804,0.9394654360038187,0.4523809523809524,1.0,0.28747431730879947,0.28747431730879947,inside_convoy_envelope,inside,True,0.06545957922935486,1.9659987688064575,1.919395923614502,1.827763557434082,vae_candidate_pool_v1,belief_limited_heuristic_v1,567
VAE001081,vae_candidate_001081,0.5594664638480977,-1488.277099609375,548.0737915039062,1069.6258774704586,-0.4863220097762493,-0.11479045593052734,4.058309976138031,6,9369.349250066247,1885.0803531312226,0.33971283476214803,-2.770061099744071,9414.466283702443,0.2451016400955559,0.7156430414246334,0.9850563332567728,0.3630429168255313,1.0,0.042464104345268504,0.9852454139019133,0.14285714285714285,0.0,0.41692191756769215,0.0,astern_vae,astern,False,0.09790600091218948,1.943529486656189,1.9300172328948975,1.2768683433532715,vae_candidate_pool_v1,belief_limited_heuristic_v1,568
VAE000360,vae_candidate_000360,0.5593839918267699,466.0817565917969,-5102.4794921875,5296.771191458104,1.6068212904968815,0.16565362800593605,5.538840866848062,18,7443.646664615042,2427.278675996329,0.9962472020622164,1.7004249910988476,3369.1236372729363,0.189940258480902,0.2046909622086658,0.991007758041067,0.9916099631349304,0.8021722945887944,0.12453090025777705,0.8132918949499994,0.42857142857142855,0.0,0.2679464789470534,0.0,starboard_vae,starboard,False,0.047594740986824036,2.1193699836730957,2.928032398223877,1.075972557067871,vae_candidate_pool_v1,belief_limited_heuristic_v1,569
VAE000682,vae_candidate_000682,0.5592708258819487,3724.308349609375,-2196.956298828125,4802.916448555267,2.58445214106823,0.025219590831016683,4.610269669104301,19,8088.960550269627,2658.386424939694,0.8835736849912945,0.5823601033525805,8217.735691018932,0.10780708205763112,0.3357142948413705,0.9970972213289875,0.5499965469935366,1.0,0.11044671062391181,0.9881051984917328,0.4523809523809524,0.0,0.25469973540090357,0.0,ahead_vae,ahead,False,0.09681251645088196,0.624645471572876,2.8691720962524414,1.1955792903900146,vae_candidate_pool_v1,belief_limited_heuristic_v1,570
VAE000107,vae_candidate_000107,0.5590921016398704,1096.67138671875,-4588.0166015625,4993.978442552644,1.8352148322238344,0.21775546751044472,5.695117611370082,12,8375.751051970858,2216.0261416232775,0.6465209556310262,1.5241332888764039,2604.3101151006053,0.2923830164928096,0.2802787765121394,0.9787798632341056,0.9989114779834818,0.6200738369287155,0.08081511945387827,0.9660305066346013,0.2857142857142857,0.0,0.28267246113745376,0.0,starboard_vae,starboard,False,0.07104337960481644,0.7507641911506653,2.0072884559631348,1.2759648561477661,vae_candidate_pool_v1,belief_limited_heuristic_v1,571
VAE000961,vae_candidate_000961,0.559068211715376,2324.2861328125,-26.49148178100586,2080.8651050793405,3.127578110352795,0.0351678531078208,4.410513928975748,16,8787.28983985479,1570.466743166835,1.1594079853387536,0.04918239634481949,8853.872341101827,1.0126316341042634,0.9809313942556064,0.7648151653423263,0.049162570793214365,1.0,0.1449259981673442,0.9688414233462069,0.38095238095238093,0.0,0.38375960506649315,0.0,ahead_vae,ahead,False,0.07174030691385269,0.6834735870361328,1.9148681163787842,1.6064581871032715,vae_candidate_pool_v1,belief_limited_heuristic_v1,572
VAE000458,vae_candidate_000458,0.5589274108785457,-845.5725708007812,3851.281494140625,4575.975949463276,-1.4712611848734836,-0.05124674745674512,6.568019191752315,14,8937.942898049867,2790.847950315292,0.5612473246513212,-1.7215782161730546,4101.7618939654685,0.7229271729491227,0.4085827791754859,0.8749361890302838,0.9886539316163968,0.9766099747536829,0.07015591558141515,0.9083420437160555,0.3333333333333333,1.0,0.2478510823747688,0.2478510823747688,inside_convoy_envelope,inside,True,0.060209035873413086,1.8052904605865479,2.9489779472351074,1.1226171255111694,vae_candidate_pool_v1,belief_limited_heuristic_v1,573
VAE000231,vae_candidate_000231,0.5589165011095149,3303.63037109375,-2823.287841796875,4450.829439940635,2.2878381306649866,0.19186870856868735,4.767518721486203,3,8457.349737662851,1464.6621753852892,0.2421862586645279,1.045623231493494,5507.480538762903,0.415311909464251,0.4515512393384786,0.9574952586133987,0.8652371710438528,1.0,0.030273282333065987,0.8267777722136076,0.07142857142857142,0.0,0.3826377247399135,0.0,ahead_vae,ahead,False,0.04920594394207001,2.3726634979248047,2.922899007797241,1.8778893947601318,vae_candidate_pool_v1,belief_limited_heuristic_v1,574
VAE001039,vae_candidate_001039,0.5576914423199371,3189.583740234375,5243.95361328125,6016.14570542985,-2.0699386606054904,-0.13720655493327094,5.871542657902467,17,7477.706517440517,3039.399542365707,0.747984694923895,-1.2088605479175736,5490.232073696941,0.04227604496022286,0.08442176665367856,0.9995532505498435,0.9352131455696305,1.0,0.09349808686548687,0.9991475508456115,0.40476190476190477,0.0,0.23594571256283056,0.0,ahead_vae,ahead,False,0.08981490135192871,1.5631811618804932,1.5186126232147217,1.3674677610397339,vae_candidate_pool_v1,belief_limited_heuristic_v1,575
VAE000144,vae_candidate_000144,0.5572495331785512,3878.19482421875,3180.456298828125,4769.905982071058,-2.388973750991537,0.06979533838710891,5.81921932361308,16,7943.625417730311,2112.0827018045024,0.9536528394907091,-0.6828235642111472,7495.313101602756,0.1692004832539049,0.3458633237691504,0.9928598580050896,0.630986041072191,1.0,0.11920660493633864,0.9587500139923479,0.38095238095238093,0.0,0.29275828508274393,0.0,ahead_vae,ahead,False,0.06935558468103409,0.7996700406074524,2.513762950897217,1.729195475578308,vae_candidate_pool_v1,belief_limited_heuristic_v1,576
VAE000249,vae_candidate_000249,0.5568839571120072,-1883.673095703125,1004.1426391601562,2233.0185106004333,-0.42895032216120066,0.019015834796014326,4.116636963177386,7,8234.94279697412,715.6564972206706,1.1877713206831892,-2.693626496632578,7732.374730856711,0.20374478040610577,0.9947430125506254,0.9896578673238432,0.43313326767832877,1.0,0.14847141508539866,0.99319257601557,0.16666666666666666,0.0,0.7291501756101675,0.0,astern_vae,astern,False,0.08005405962467194,1.3061109781265259,1.513784408569336,1.7564308643341064,vae_candidate_pool_v1,belief_limited_heuristic_v1,577
VAE000516,vae_candidate_000516,0.5567266617532052,4005.14794921875,-2630.148681640625,4754.551399948377,2.583507250856912,0.09796307895033998,5.983837905197801,20,8428.811092628532,2127.794921792379,1.1151515878410911,0.6560484816832209,7976.998568580867,0.17048663548481358,0.35063883566448306,0.992751160039085,0.609990404575037,1.0,0.1393939484801364,0.896003649769972,0.47619047619047616,0.0,0.29077409246787966,0.0,ahead_vae,ahead,False,0.05834835395216942,2.2489523887634277,1.5022166967391968,1.9090158939361572,vae_candidate_pool_v1,belief_limited_heuristic_v1,578
VAE001025,vae_candidate_001025,0.5565922822369135,2411.4306640625,5838.95068359375,5927.050664667611,-1.9033336505516383,-0.1917553624838901,4.563843936326905,15,8002.209227330968,2807.883633270009,0.6675783615401011,-1.430014365522045,3902.953103129078,0.06713514444430535,0.09521449062505556,0.9988736412440203,0.9901065761717921,0.9292745483640662,0.08344729519251264,0.9892194702607844,0.35714285714285715,0.0,0.24481253867993924,0.0,port_vae,port,False,0.07818108052015305,1.3001993894577026,2.908919334411621,1.9174290895462036,vae_candidate_pool_v1,belief_limited_heuristic_v1,579
VAE000771,vae_candidate_000771,0.5559639601420482,-626.5387573242188,4983.13232421875,5322.12652708884,-1.472169985234534,0.042952092418231155,6.3394632432196305,16,8338.39203975585,2827.0678920740534,0.6787368589615705,-1.626470575937028,3286.681530935064,0.26107320848297233,0.19906093051294022,0.9830567603129117,0.9984505892688982,0.7825432216512057,0.08484210737019632,0.78736527017043,0.38095238095238093,0.0,0.24468330827892074,0.0,port_vae,port,False,0.04459833726286888,1.1054575443267822,2.96596622467041,1.746724247932434,vae_candidate_pool_v1,belief_limited_heuristic_v1,580
VAE000298,vae_candidate_000298,0.5559289564597453,-800.0057983398438,4854.154296875,5148.577843108557,-1.4390664064433916,0.042986006723519654,4.508591775789494,11,8456.103194464591,2332.6371649116822,0.5576673522046894,-1.6595402404228818,3072.900952980006,0.4212544364489377,0.23976262914705485,0.9562883562242456,0.9960648425195017,0.7316430840428586,0.06970841902558618,0.9962797657854683,0.2619047619047619,0.0,0.27326350435957936,0.0,port_vae,port,False,0.08193879574537277,0.7104227542877197,2.988862991333008,1.0792388916015625,vae_candidate_pool_v1,belief_limited_heuristic_v1,581
VAE000848,vae_candidate_000848,0.5558663724563445,3827.10546875,-1210.7135009765625,4381.470892968648,2.7106918830493347,-0.06834860686328918,6.100622638478129,9,7912.319557570559,3170.1981961835068,0.3587998691326627,0.36255216367716986,8522.324679067002,0.07997579567686364,0.4760664176334177,0.9984018201458538,0.35466164528562916,1.0,0.04484998364158284,0.9755181648932895,0.21428571428571427,0.0,0.23515521023073888,0.0,ahead_vae,ahead,False,0.10100545734167099,2.355848550796509,2.0471436977386475,1.407762885093689,vae_candidate_pool_v1,belief_limited_heuristic_v1,582
VAE000594,vae_candidate_000594,0.5558586775144603,-518.3878784179688,-6928.2138671875,6319.913953103557,1.391250214151364,0.045037851369952246,5.348435948628223,23,8744.30176037473,2791.414426785577,0.9422765450116124,1.795380290808381,4668.676137805452,0.301351868714456,0.054766642240689105,0.9774680558817084,0.974886842980156,1.0,0.11778456812645155,0.98868602008495,0.5476190476190477,0.0,0.24389724017824138,0.0,starboard_vae,starboard,False,0.07795775681734085,2.3344929218292236,2.107901096343994,1.1002650260925293,vae_candidate_pool_v1,belief_limited_heuristic_v1,583
VAE000401,vae_candidate_000401,0.5556208232826422,431.41455078125,-6315.4912109375,6115.438507009612,1.563757713313727,0.04648021904120135,4.82769112356589,25,8095.917549336968,3351.7724217303544,0.9212964735735938,1.6243151593172673,3780.0506293923354,0.37713683545620613,0.07356814519546961,0.9648614170012271,0.998568209084106,0.9000120546172227,0.11516205919669922,0.910925576382261,0.5952380952380952,0.0,0.22416325276974033,0.0,starboard_vae,starboard,False,0.060611724853515625,1.6907031536102295,1.4982455968856812,1.2894783020019531,vae_candidate_pool_v1,belief_limited_heuristic_v1,584
VAE001190,vae_candidate_001190,0.5554953738985434,-532.4506225585938,3913.990234375,4311.628279852625,-1.5583227215715512,0.02244362976036568,6.365278647330666,25,8315.113192203342,2419.5356322084444,1.242624238909949,-1.5608263022578763,2502.3158897370777,0.6765398178003205,0.5011758516190966,0.8898718989789738,0.9999502997170574,0.5957894975564471,0.15532802986374364,0.8808178452599699,0.5952380952380952,1.0,0.2701384793143125,0.2701384793143125,inside_convoy_envelope,inside,True,0.05617896467447281,1.1956368684768677,1.8816503286361694,1.3921204805374146,vae_candidate_pool_v1,belief_limited_heuristic_v1,585
VAE000663,vae_candidate_000663,0.5547689085765806,-3700.0712890625,2711.627685546875,4767.756247460821,-0.6266169346322351,-0.13374548493039126,4.154852189249688,24,8650.532348192553,2773.4865474206167,1.0003278117695524,-2.6487212038879493,8933.223354415417,0.23744414550228551,0.346529847961885,0.9859711674694382,0.4731575189068373,1.0,0.12504097647119405,0.9824779156965102,0.5714285714285714,0.0,0.24832574168003937,0.0,astern_vae,astern,False,0.09886910021305084,0.9570396542549133,2.941420555114746,1.7363265752792358,vae_candidate_pool_v1,belief_limited_heuristic_v1,586
VAE000053,vae_candidate_000053,0.5542142420936491,549.2046508789062,-6045.46240234375,6117.341017096397,1.5932249206228208,-0.08415833688577781,5.554199800374402,18,8497.805598081533,2936.247993463103,0.7213947551170944,1.464209396081195,3823.625730855875,0.17818787814353976,0.07337174947661035,0.9920832503240391,0.9943249888636186,0.9103870787752084,0.0901743443896368,0.9961321354573082,0.42857142857142855,0.0,0.23813090020716063,0.0,starboard_vae,starboard,False,0.08183391392230988,2.137512683868408,1.970538854598999,1.3966602087020874,vae_candidate_pool_v1,belief_limited_heuristic_v1,587
VAE001049,vae_candidate_001049,0.5540611329135424,-260.52191162109375,5305.6142578125,5278.738988549017,-1.488376743402716,0.007451765259488028,5.318903771594353,6,7707.165514826841,3103.3345910249454,0.2508580039771159,-1.645764144927589,3671.8663566526543,0.36728316772114766,0.20876067878216822,0.9666531760203831,0.9971912289737234,0.8742538944411081,0.031357250497139486,0.8166696337150628,0.14285714285714285,0.0,0.234728797143551,0.0,port_vae,port,False,0.04799455404281616,2.1900014877319336,2.961381435394287,1.7653634548187256,vae_candidate_pool_v1,belief_limited_heuristic_v1,588
VAE000528,vae_candidate_000528,0.5536274575763063,-3931.341796875,-2533.559326171875,4497.946284259002,0.5912452783235056,0.04679307615529313,4.470123806062942,21,7978.239385657575,1987.2062368282138,1.3245528459351377,2.5971404514215815,7853.947561514808,0.34475442556372404,0.4351699471263822,0.9705792383437088,0.5179495758680656,1.0,0.1655691057418922,0.8412867644601968,0.5,0.0,0.30567498851171016,0.0,astern_vae,astern,False,0.0509880930185318,1.1448054313659668,2.5205740928649902,1.4885368347167969,vae_candidate_pool_v1,belief_limited_heuristic_v1,589
VAE000316,vae_candidate_000316,0.5526744171637799,621.0894165039062,-5627.41162109375,5400.0920538368755,1.6556592688800162,0.15449241800393987,4.505345127416747,17,8231.28842596673,2533.562203591234,0.8151725186546218,1.6404258027137175,3100.100284380276,0.016670981431240683,0.18242289983006668,0.9999305212036904,0.997576847285994,0.7381191153286372,0.10189656483182773,0.8520665389457133,0.40476190476190477,0.0,0.25985057088699626,0.0,starboard_vae,starboard,False,0.1221829354763031,0.673508882522583,1.487803339958191,1.6278325319290161,vae_candidate_pool_v1,belief_limited_heuristic_v1,590
VAE000058,vae_candidate_000058,0.5524043847993664,-171.72064208984375,-5459.01318359375,5835.063686249787,1.7958766539084168,-0.06715923248048757,5.066911065620613,24,8207.963640554795,2764.2144231475386,1.0578012820802805,1.2785567672008888,5011.708897107811,0.6283193067626032,0.10746822845983824,0.9045082691135533,0.9576010659028693,1.0,0.13222516026003506,0.9904558863251062,0.5714285714285714,0.0,0.24671405966855392,0.0,starboard_vae,starboard,False,0.07872060686349869,1.746961236000061,2.9489994049072266,1.2748385667800903,vae_candidate_pool_v1,belief_limited_heuristic_v1,591
VAE000707,vae_candidate_000707,0.5523913115991341,-113.735107421875,-5312.73193359375,5134.041869445078,1.6529974167873271,0.12352356631192053,6.390684340601866,14,9053.856788250105,2228.401499120881,0.6939065278368872,1.6121188031143865,2600.5205379852055,0.3099577915578935,0.24340206070992257,0.9761732225435944,0.9991463479567031,0.6191715566631442,0.0867383159796109,0.984912008245143,0.3333333333333333,0.0,0.28058767933622053,0.0,starboard_vae,starboard,False,0.09802644699811935,0.7443203330039978,1.5002037286758423,1.0724397897720337,vae_candidate_pool_v1,belief_limited_heuristic_v1,592
VAE001086,vae_candidate_001086,0.5518683181796071,453.6726379394531,-5650.142578125,5348.593643722144,1.579020848927651,-0.015471447775237719,6.478408669052121,17,8071.344446325686,2415.0037167520168,0.8721380542253465,1.5471003568869046,2605.5661744622153,0.18613432886785783,0.19329902937127258,0.991363481219456,0.9997192636415271,0.6203728986814798,0.10901725677816831,0.9970215446982965,0.40476190476190477,0.0,0.26761831496142224,0.0,starboard_vae,starboard,False,0.08250032365322113,1.8278923034667969,1.4974920749664307,1.4100170135498047,vae_candidate_pool_v1,belief_limited_heuristic_v1,593
VAE000896,vae_candidate_000896,0.5518102554404613,-1076.971923828125,-1113.2486572265625,1697.3765016981438,0.6095635590427082,0.0025464320020116226,4.147666398873508,11,8009.668548750369,3073.615504758297,0.44681588247145065,2.534575526549097,8332.018355758351,1.1733617867067863,0.9108990411255238,0.6935270591749727,0.5704200092663767,1.0,0.05585198530893133,0.8064470926046537,0.2619047619047619,1.0,0.288717424631961,0.288717424631961,inside_convoy_envelope,inside,True,0.04679166153073311,1.0637856721878052,1.508838415145874,1.048539638519287,vae_candidate_pool_v1,belief_limited_heuristic_v1,594
VAE000157,vae_candidate_000157,0.5515950044556628,-1169.049072265625,496.973388671875,932.2424298675509,-0.4080451183657572,0.06063286180220657,4.966610470041978,7,8196.07215051703,3343.7409254349686,0.2554227911744598,-2.6729146734218294,8822.650734990559,0.5732218788132906,0.665482859128011,0.9200789897156982,0.45170721900092026,1.0,0.03192784889680748,0.9431992759211942,0.16666666666666666,0.0,0.3891438144699404,0.0,astern_vae,astern,False,0.108369380235672,1.9389612674713135,1.5202677249908447,1.4966731071472168,vae_candidate_pool_v1,belief_limited_heuristic_v1,595
VAE000816,vae_candidate_000816,0.5509282957701469,265.72259521484375,1092.6016845703125,1024.3937356416102,-1.8270293915899853,0.29964261594229963,3.160492420130301,20,8530.846754519414,2598.674757182075,0.9021649022676346,-1.0149206460575082,6709.034684185086,0.4996963952789504,0.6992749506579135,0.9388640386495499,0.8494386803721926,1.0,0.11277061278345432,0.8821568887409661,0.47619047619047616,1.0,0.38479505567679534,0.38479505567679534,inside_convoy_envelope,inside,True,0.05636558681726456,1.5339981317520142,2.0626866817474365,1.2619483470916748,vae_candidate_pool_v1,belief_limited_heuristic_v1,596
VAE000997,vae_candidate_000997,0.550644662172207,-1019.6749877929688,523.7561645507812,1328.2646350550583,-0.468853834526357,0.23277960134350453,4.6092017869795,26,9219.568218512091,3235.0186818415687,0.8717379900626286,-2.4399592177199314,9129.898722723423,1.175914738339209,0.8048254884963281,0.6923494463310824,0.645466147923112,1.0,0.10896724875782858,0.992351001935227,0.6190476190476191,1.0,0.3158841809179407,0.3158841809179407,inside_convoy_envelope,inside,True,0.07961960881948471,0.7901394963264465,1.9705911874771118,1.1783841848373413,vae_candidate_pool_v1,belief_limited_heuristic_v1,597
VAE000505,vae_candidate_000505,0.5504655871168642,3709.09716796875,-3360.606201171875,5043.691695141881,2.3465328084294184,0.10674059503179219,4.287296242377899,16,8994.399304536717,2645.8818427640563,0.67232207732277,0.9018004401921671,7653.8623929122205,0.43675777839154817,0.2668170614005361,0.9530639477834948,0.784444810983569,1.0,0.08404025966534626,0.8034048350376717,0.38095238095238093,0.0,0.2534793393588138,0.0,ahead_vae,ahead,False,0.046437643468379974,1.111167073249817,1.9308443069458008,1.3910876512527466,vae_candidate_pool_v1,belief_limited_heuristic_v1,598
VAE000379,vae_candidate_000379,0.5499437917725866,-1193.9755859375,-452.4868469238281,1153.910192830576,0.49876595599991785,0.058660034907453085,3.8944776771598444,18,8516.742470899131,2414.301187368952,0.8754020148792392,2.7014867324973286,8733.730149895715,1.0984567961790694,0.7456316308903602,0.7274854476842465,0.42603529496103126,1.0,0.1094252518599049,0.9356200941527535,0.42857142857142855,0.0,0.36847572749346086,0.0,astern_vae,astern,False,0.06475479900836945,1.882198452949524,2.929749011993408,1.8287737369537354,vae_candidate_pool_v1,belief_limited_heuristic_v1,599
VAE000414,vae_candidate_000414,0.5498335487762661,3627.93115234375,-3213.667724609375,5047.484701150743,2.399226860817469,0.08490220377574577,5.200971384538871,4,8361.959604247322,3001.9049752933515,0.15935107056111641,0.82726799654807,7869.777525836713,0.010628551178728962,0.2658067153872514,0.9999717587408206,0.7360848565972308,1.0,0.019918883820139552,0.9345849901142318,0.09523809523809523,0.0,0.23805710846760222,0.0,ahead_vae,ahead,False,0.10996458679437637,2.376540184020996,1.9780737161636353,1.5184181928634644,vae_candidate_pool_v1,belief_limited_heuristic_v1,600
VAE001206,vae_candidate_001206,0.5497733021142369,4110.63671875,-2124.531982421875,5003.028913101246,2.6947636056211004,0.212242387142103,6.871447153755079,18,8642.654745217196,2990.9179972031125,0.6963391849494938,0.6590714351107966,8664.135011432036,0.10989101359838571,0.2777977595956401,0.9969840281977669,0.6123830287052415,1.0,0.08704239811868672,0.9098463793447369,0.42857142857142855,0.0,0.23822967812377444,0.0,ahead_vae,ahead,False,0.06044291704893112,1.9259157180786133,1.5046401023864746,1.6150836944580078,vae_candidate_pool_v1,belief_limited_heuristic_v1,601
VAE000294,vae_candidate_000294,0.5497403911894837,1122.67431640625,5927.04541015625,5828.773727468265,-1.589086197904464,-0.16792827761667464,4.173999731141997,27,8068.6012569591585,2171.34725108788,1.5411191866949443,-1.7204347333020038,3349.9543843020865,0.1519549829147715,0.10834889726503079,0.9942385198030383,0.9888250491503209,0.797608186738592,0.19263989833686804,0.9378512636351318,0.6428571428571429,0.0,0.2851045753740575,0.0,port_vae,port,False,0.06516134738922119,1.317252278327942,1.9406217336654663,1.9032502174377441,vae_candidate_pool_v1,belief_limited_heuristic_v1,602
VAE000254,vae_candidate_000254,0.5495213424092492,-1257.843994140625,5387.3564453125,5130.426829943444,-1.4326028007000648,-0.06871367879534522,4.261920968612242,13,8475.422070401393,2342.2161762141004,0.6548699180919628,-1.7777035316850736,4033.399306238328,0.7218533028727875,0.2443126880950289,0.8752911996042831,0.9786709598394236,0.9603331681519828,0.08185873976149535,0.8520771523408422,0.30952380952380953,0.0,0.2725969027352698,0.0,port_vae,port,False,0.05235134810209274,1.171600580215454,1.9699681997299194,1.2187602519989014,vae_candidate_pool_v1,belief_limited_heuristic_v1,603
VAE001202,vae_candidate_001202,0.5493036844476761,-398.74420166015625,5050.5244140625,5503.7126976646605,-1.5409141926195655,0.24212224602379134,3.9383577330576154,23,8136.990186378656,1866.5157383493556,1.514371359942662,-1.3585562149464363,3538.6931111729727,0.36710923962172837,0.16186556527246734,0.966684396110539,0.9775614876951522,0.8425459788507078,0.18929641999283275,0.9841468027509628,0.5476190476190477,0.0,0.3166838624894842,0.0,port_vae,port,False,0.0762348622083664,2.0622119903564453,1.4919605255126953,1.9148180484771729,vae_candidate_pool_v1,belief_limited_heuristic_v1,604
VAE000845,vae_candidate_000845,0.5492271026136821,-728.1530151367188,-5731.388671875,5838.451462924129,1.4011894463241485,0.12754741152548427,5.928464052824378,21,8762.878162478652,2816.929711140176,0.8507393300181002,1.8679506187911292,5259.248053395194,0.49607866911905707,0.10699620609052907,0.939727898014556,0.9561735840273001,1.0,0.10634241625226253,0.9032086203616221,0.5,0.0,0.24348102465277774,0.0,starboard_vae,starboard,False,0.05942289158701897,0.803469717502594,2.0636837482452393,1.4957062005996704,vae_candidate_pool_v1,belief_limited_heuristic_v1,605
VAE000198,vae_candidate_000198,0.5490917243535947,632.728759765625,-5239.50927734375,5712.116867555726,1.5312211412806445,-0.013486865059448471,5.6318875893295415,17,8024.278465740243,3129.865198569413,0.676888750886099,1.5968846472497005,3338.116367819798,0.2142261249220756,0.12571393113497525,0.9885706029504997,0.9996597190681938,0.7947896113856662,0.08461109386076238,0.8727154393168026,0.40476190476190477,0.0,0.23221490634157824,0.0,starboard_vae,starboard,False,0.05506694316864014,1.6590676307678223,2.9306323528289795,1.9246959686279297,vae_candidate_pool_v1,belief_limited_heuristic_v1,606
VAE000489,vae_candidate_000489,0.5487560742166385,3876.89697265625,1563.8184814453125,4347.351767508991,-2.6045406295966673,-0.06506262357827197,5.811838856772784,8,8036.680635633655,1514.4497024300554,0.6572921147200683,-0.6021146475713978,7481.11184671028,0.19912364591651907,0.48828402873871907,0.9901201530772221,0.5663865035828423,1.0,0.08216151434000854,0.976170003366026,0.19047619047619047,0.0,0.3733607359580408,0.0,ahead_vae,ahead,False,0.10081906616687775,2.430191993713379,1.5091564655303955,1.3063596487045288,vae_candidate_pool_v1,belief_limited_heuristic_v1,607
VAE000410,vae_candidate_000410,0.5484249991983111,-1463.491943359375,-505.5732116699219,1363.0395744133027,0.3192788653497,-0.03042380688338324,5.6782062662683925,11,8113.432535657814,2633.8236986263,0.5147559257563848,2.7918899813567104,8524.760684157565,1.0632164970734255,0.8160596309271353,0.7430318144727966,0.3426184907118181,1.0,0.0643444907195481,0.7765097724425449,0.2619047619047619,0.0,0.33174853749267996,0.0,astern_vae,astern,False,0.04337689280509949,1.0840837955474854,2.401078462600708,1.295935034751892,vae_candidate_pool_v1,belief_limited_heuristic_v1,608
VAE000045,vae_candidate_000045,0.54781293450452,4207.8583984375,-1957.9959716796875,4264.518088595318,2.8145682860530465,0.19923455514670127,5.251297932530177,2,7879.579546207309,1838.0018357728263,0.13809597182532057,0.5262589226834484,7736.6434730566125,0.13565414894762062,0.5183162519315758,0.9954065385459079,0.5023019831419163,1.0,0.01726199647816507,0.9084346706361226,0.047619047619047616,0.0,0.3235940945052271,0.0,ahead_vae,ahead,False,0.06022338941693306,1.5552003383636475,2.9707703590393066,1.5528475046157837,vae_candidate_pool_v1,belief_limited_heuristic_v1,609
VAE001013,vae_candidate_001013,0.5476860113926142,1350.840576171875,898.5000610351562,1524.3918136801808,-2.527938709454375,-0.10545678044375673,4.315232333648223,20,8762.330771129251,2419.179964993439,0.9435005878980338,-0.7191107245791749,8186.258061438988,1.8883740728094527,0.865081212137124,0.3438668246200075,0.6587158489791961,1.0,0.11793757348725423,0.8658163286731028,0.47619047619047616,0.0,0.3264734377744569,0.0,ahead_vae,ahead,False,0.054141685366630554,1.7253515720367432,2.0841047763824463,1.853094220161438,vae_candidate_pool_v1,belief_limited_heuristic_v1,610
VAE001080,vae_candidate_001080,0.5473844066218072,2969.290771484375,-5644.26953125,5810.0787033574225,1.9975266294820793,0.08918461625088944,5.399799747528339,14,8281.21054454267,2606.954377320754,0.6484862593182752,1.2332506403586037,5202.352074246228,0.027168558563599454,0.11099945229884413,0.9998154787068803,0.9435703071871655,1.0,0.0810607824147844,0.888903697725548,0.3333333333333333,0.0,0.25476290429980764,0.0,ahead_vae,ahead,False,0.05731913819909096,0.775000274181366,2.9599180221557617,1.0753583908081055,vae_candidate_pool_v1,belief_limited_heuristic_v1,611
VAE000128,vae_candidate_000128,0.5472996889456038,169.17108154296875,6411.228515625,6318.346376903011,-1.451222543746901,-0.09217388866901119,4.296826722207472,22,7641.026537947893,3059.172250133082,0.9411677596056819,-1.7825439985119031,4596.751767670091,0.2496138052201966,0.05489399643501254,0.9845039477854669,0.9776651018113909,1.0,0.11764596995071024,0.8272486776729042,0.5238095238095238,0.0,0.23438504022948747,0.0,port_vae,port,False,0.04926295205950737,1.9254465103149414,2.5673959255218506,1.5050643682479858,vae_candidate_pool_v1,belief_limited_heuristic_v1,612
VAE000010,vae_candidate_000010,0.5470137053845996,-17.41888427734375,536.518310546875,879.5005940295845,-1.667249065912079,0.15791101732336107,6.010178759791051,18,8237.440089426074,2844.5894554257134,0.7681758334216804,-1.316432570354353,4825.845257227958,0.3189572884556138,0.6459484206382747,0.9747814520902149,0.9678235893365107,1.0,0.09602197917771005,0.9731236182941665,0.42857142857142855,1.0,0.41560944974807273,0.41560944974807273,inside_convoy_envelope,inside,True,0.07286243140697479,2.281564235687256,2.4755561351776123,1.4623152017593384,vae_candidate_pool_v1,belief_limited_heuristic_v1,613
VAE001139,vae_candidate_001139,0.5464584228793599,-3669.705078125,2443.716796875,4726.643265383256,-0.49243325243260005,0.13042882320955076,4.29903185260391,11,8267.431941912031,3069.519327264142,0.43346265268225137,-2.518730577947642,8505.550169035276,0.23464277666005964,0.35940613072015415,0.9862987281146429,0.5833621592971655,1.0,0.05418283158528142,0.7859399222185784,0.2619047619047619,0.0,0.23669579954681289,0.0,astern_vae,astern,False,0.044436946511268616,1.040784478187561,1.9192190170288086,1.798322319984436,vae_candidate_pool_v1,belief_limited_heuristic_v1,614
VAE001053,vae_candidate_001053,0.5464274800916062,-147.7725830078125,-5829.79248046875,5924.523447443811,1.5862423880732504,-0.12043937755712993,6.445762705726697,8,8620.383234037103,2970.63608229874,0.3124021122360951,1.4349108879594132,4111.035057748495,0.3624905855296563,0.09553578842443465,0.967508276393504,0.9907817712976207,0.9788178708924988,0.03905026402951189,0.9999729192688043,0.19047619047619047,0.0,0.23689402925818961,0.0,starboard_vae,starboard,False,0.0868123322725296,1.4338648319244385,1.9525809288024902,1.0902225971221924,vae_candidate_pool_v1,belief_limited_heuristic_v1,615
VAE000980,vae_candidate_000980,0.5458632378089316,1395.8751220703125,-5652.0947265625,5817.741302510378,1.7975546112488885,-0.06671146136570023,6.071325263156752,20,8536.547989962246,2444.0241410868534,0.9586105805139244,1.2773265809752046,4808.945147707325,0.01600435790910959,0.10990706287198615,0.999935966498789,0.9572459277574339,1.0,0.11982632256424056,0.76084880199152,0.47619047619047616,0.0,0.264180144448726,0.0,starboard_vae,starboard,False,0.13288943469524384,2.4144225120544434,2.9385650157928467,1.5245321989059448,vae_candidate_pool_v1,belief_limited_heuristic_v1,616
VAE001136,vae_candidate_001136,0.5456014964819419,617.5146484375,5562.55810546875,5831.510144602129,-1.868659730056909,0.03239866745493357,5.656685622024238,16,8382.998749841967,2364.7245879273223,0.8071235406343525,-1.2405342560779506,4955.459302013236,0.2988204119884068,0.10796508146404056,0.9778422082484464,0.9459573888529906,1.0,0.10089044257929407,0.9567605879311435,0.38095238095238093,0.0,0.2696950999802768,0.0,port_vae,port,False,0.10561361908912659,1.5964573621749878,1.9198942184448242,1.3063561916351318,vae_candidate_pool_v1,belief_limited_heuristic_v1,617
VAE000043,vae_candidate_000043,0.5455961282426567,-3231.8818359375,-3905.607421875,5423.050562260749,0.880074149876748,0.02363951879057415,5.578712428776992,30,8488.943346382173,1946.984487868242,1.815119105692887,2.28515802250362,7032.3757878313445,0.33402819682897134,0.17771609097072466,0.972364681276499,0.7555115707689406,1.0,0.22688988821161088,0.9851972355667779,0.7142857142857143,0.0,0.3071161772222011,0.0,astern_vae,astern,False,0.09792348742485046,1.8550902605056763,2.4520297050476074,1.7863805294036865,vae_candidate_pool_v1,belief_limited_heuristic_v1,618
VAE000124,vae_candidate_000124,0.5454937292158836,-975.1674194335938,-6690.8310546875,6509.153320703961,1.2557078081506055,0.040091446702467615,6.01716075424101,20,8358.380259725973,3026.3040710242717,0.7906700864277862,1.9259762921416554,5744.116857933062,0.1809270229171993,0.04109379623303418,0.9918386527754455,0.9375839194150523,1.0,0.09883376080347328,0.9697371855616173,0.47619047619047616,0.0,0.23413615350154102,0.0,starboard_vae,starboard,False,0.10256429761648178,0.7777594923973083,2.0592212677001953,1.6854218244552612,vae_candidate_pool_v1,belief_limited_heuristic_v1,619
VAE000004,vae_candidate_000004,0.5451302910248965,1642.347412109375,-5007.80517578125,5561.352153948177,1.9346633079469404,-0.12906451164158897,5.271755508277246,23,8399.543582638587,2078.0281574015203,1.317712665214298,1.0778648340012638,5805.389228862233,0.2991085882749036,0.15118472818019552,0.9777997698528387,0.8809494329592988,1.0,0.16471408315178726,0.879567334757535,0.5476190476190477,0.0,0.293555128881993,0.0,starboard_vae,starboard,False,0.056005433201789856,2.149911880493164,2.514835834503174,1.534699559211731,vae_candidate_pool_v1,belief_limited_heuristic_v1,620
VAE000426,vae_candidate_000426,0.5446392628174775,1715.145751953125,-4671.509765625,5196.210182224266,2.0351720593607032,-0.04241032169520744,4.96655814095125,11,7280.962470451137,1974.864446172831,0.7650091003840122,1.0640102725338825,5260.600835109681,0.037760205779791445,0.22808602978554277,0.9996435840670237,0.8743089726468529,1.0,0.09562613754800152,0.8287736734445431,0.2619047619047619,0.0,0.30619309419961727,0.0,ahead_vae,ahead,False,0.049447935074567795,0.8515763878822327,2.9307169914245605,1.1927679777145386,vae_candidate_pool_v1,belief_limited_heuristic_v1,621
VAE000168,vae_candidate_000168,0.5443837253836143,-3496.0634765625,-3156.0751953125,4612.0569533294165,0.7324791096299911,0.11530531681871795,5.984496103803235,15,7841.075523253786,2460.5818340701144,0.7774595610188431,2.5244188607785203,7818.552028768908,0.3994769348053998,0.39653546950498664,0.9606322795873734,0.5787326539621889,1.0,0.09718244512735538,0.743845217128497,0.35714285714285715,0.0,0.26705163333823656,0.0,astern_vae,astern,False,0.03979460522532463,0.8277895450592041,2.358729124069214,1.5377691984176636,vae_candidate_pool_v1,belief_limited_heuristic_v1,622
VAE000099,vae_candidate_000099,0.5438257299069713,1139.3232421875,6819.77490234375,6910.185783456097,-1.6665387095791762,0.023258948170929054,4.491616092741767,26,8158.686276215811,2649.3781308020693,1.2028436150388393,-1.4517949958396879,3599.24554052426,0.09462102196867782,0.02137942563307928,0.9977633850245231,0.9929276936259246,0.8569632239343477,0.1503554518798549,0.9990971768603809,0.6190476190476191,0.0,0.2510847261935442,0.0,port_vae,port,False,0.08464377373456955,2.3596551418304443,1.4888478517532349,1.0997776985168457,vae_candidate_pool_v1,belief_limited_heuristic_v1,623
VAE000161,vae_candidate_000161,0.5438011332086545,-2231.297119140625,-5010.63427734375,5691.737590675848,1.2247023994254609,0.10241238183270751,6.048490503237058,23,8673.579408924334,2363.1143926916516,1.1221340267834374,2.019302635997041,5890.430480278079,0.5309979508686653,0.12895322320367866,0.9311510717620994,0.9010958016276986,1.0,0.14026675334792968,0.9579633424739581,0.5476190476190477,0.0,0.26970007937589346,0.0,astern_vae,astern,False,0.06918191909790039,1.4400111436843872,1.5277615785598755,1.6830430030822754,vae_candidate_pool_v1,belief_limited_heuristic_v1,624
VAE000337,vae_candidate_000337,0.543416755795052,104.239013671875,5646.439453125,5161.390518677576,-1.543456897092744,-0.020997211581350327,4.618839668958709,14,7990.001188173473,2285.9335915346132,0.7665095712850695,-1.6191329680783995,2669.3230952743806,0.34085807477069996,0.2365841449993513,0.9712340808159285,0.9988320119915558,0.6355531179224716,0.09581369641063368,0.8710004016382477,0.3333333333333333,0.0,0.27729542456506945,0.0,port_vae,port,False,0.054835159331560135,0.7154428362846375,1.9555861949920654,1.4040167331695557,vae_candidate_pool_v1,belief_limited_heuristic_v1,625
VAE000831,vae_candidate_000831,0.542709365718307,-1597.241455078125,4700.93505859375,4722.015898295413,-1.2905510458533096,-0.08589373352301359,5.1711954432620395,2,7899.657236279653,1527.1080944379905,0.16578757104171027,-1.9369353412594972,4254.066481931413,0.533516314231326,0.36087058145364836,0.9305120630135642,0.9337165848985355,1.0,0.020723446380213784,0.8595477751331723,0.047619047619047616,0.0,0.3701117278885729,0.0,port_vae,port,False,0.05331668257713318,2.161020517349243,1.9363656044006348,1.929353952407837,vae_candidate_pool_v1,belief_limited_heuristic_v1,626
VAE001098,vae_candidate_001098,0.5421081867941572,-461.3375244140625,5687.310546875,6166.7202243611055,-1.4723414374142152,-0.07324899170866744,5.125906592358423,20,8725.71271202097,2489.689790046939,0.9206272960142091,-1.7425002078842453,3943.9667565706823,0.36849738150406375,0.06842097492582672,0.96643483145242,0.9852950697640097,0.9390397039454006,0.11507841200177614,0.9711138713969804,0.47619047619047616,0.0,0.2604962015589717,0.0,port_vae,port,False,0.07232590764760971,2.2049365043640137,1.969116449356079,1.3679651021957397,vae_candidate_pool_v1,belief_limited_heuristic_v1,627
VAE001177,vae_candidate_001177,0.541954665997718,3832.83935546875,705.4110107421875,4521.122187394529,-2.7248290839733245,0.12103502671531495,3.9009589372875517,27,8789.927683165595,2845.5609149020493,1.0794699949119282,-0.2957285429011537,9237.658848322262,0.2587582061454188,0.42720012035177757,0.9833542369951225,0.2914368443118912,1.0,0.13493374936399102,0.8719913335948505,0.6428571428571429,0.0,0.24576155785345563,0.0,ahead_vae,ahead,False,0.0549689345061779,1.1722708940505981,1.508050799369812,1.03751540184021,vae_candidate_pool_v1,belief_limited_heuristic_v1,628
VAE000307,vae_candidate_000307,0.5415513258567326,-1067.111328125,-5013.6201171875,4960.232003099878,1.328949415438384,-0.10945859644279522,4.732785852901265,8,7578.37945304183,1751.648247526789,0.6026521929917065,1.7031846417086138,2736.681112128964,0.3429541719472109,0.28964757834547794,0.9708826874898934,0.991249458895941,0.6515907409830867,0.07533152412396331,0.9994763186902167,0.19047619047619047,0.0,0.3334111172907644,0.0,starboard_vae,starboard,False,0.08926373720169067,2.1017138957977295,1.5586023330688477,1.3561840057373047,vae_candidate_pool_v1,belief_limited_heuristic_v1,629
VAE001157,vae_candidate_001157,0.5414191259190188,733.4039306640625,-5038.94189453125,5542.271783791765,1.733441341258502,0.036771381159376976,6.115587922599864,22,7560.067966762903,1962.609583374298,1.482733383477993,1.4449226934906687,2896.1844322582992,0.14894667912995785,0.1546614972135417,0.9944639678487164,0.9920883686038595,0.6895677219662617,0.18534167293474912,0.961125757100776,0.5238095238095238,0.0,0.3063937369657925,0.0,starboard_vae,starboard,False,0.10464323312044144,1.1566333770751953,2.6109862327575684,1.6245698928833008,vae_candidate_pool_v1,belief_limited_heuristic_v1,630
VAE000898,vae_candidate_000898,0.5412440300102275,-888.6753540039062,-4739.32666015625,4978.668215856714,1.4586520751797918,-0.04057325372757862,5.640622014018926,14,8516.399428599534,2213.502374622381,0.7426633996797739,1.6423673246824226,2816.8425276687494,0.6170358176157735,0.2845062788057151,0.9077985864044762,0.9974398892382423,0.6706767923020832,0.09283292495997174,0.8401393294296342,0.3333333333333333,0.0,0.2827499755139681,0.0,starboard_vae,starboard,False,0.05084512382745743,2.2822086811065674,1.968914270401001,1.3282581567764282,vae_candidate_pool_v1,belief_limited_heuristic_v1,631
VAE001152,vae_candidate_001152,0.5410788810026147,3226.130859375,-3705.243896484375,4889.206755767784,2.3662318364529082,-0.20661394673815436,5.059690274638634,15,8479.686061059116,3201.297327234011,0.5525676722818306,0.5687468703987311,8868.928441543414,0.2509559885002255,0.3099652924438443,0.9843377318277136,0.5385766142756093,1.0,0.06907095903522882,0.9143628940206004,0.35714285714285715,0.0,0.23124769842873272,0.0,ahead_vae,ahead,False,0.061155300587415695,1.9093716144561768,2.927633762359619,1.5181459188461304,vae_candidate_pool_v1,belief_limited_heuristic_v1,632
VAE000282,vae_candidate_000282,0.5410691873152511,4396.41455078125,-1033.29052734375,4139.208797148248,2.8597032045276745,-0.05244232619952285,4.76349945590466,6,8095.044018667124,2894.395851948444,0.2560790845530092,0.2294471228625963,8541.190443167672,0.07326995859244345,0.5645057150896812,0.9986584786147554,0.22743917083005594,1.0,0.03200988556912615,0.8492117450172982,0.14285714285714285,0.0,0.2463431473219556,0.0,ahead_vae,ahead,False,0.12254702299833298,1.7955297231674194,2.947293758392334,1.222974419593811,vae_candidate_pool_v1,belief_limited_heuristic_v1,633
VAE000204,vae_candidate_000204,0.5408512196792626,-2536.72900390625,-5129.39111328125,5785.559176425888,1.0780784344703025,-0.07031243316617629,6.056353702537566,12,8497.454708840152,2960.519845530025,0.4770066250233545,1.9932017859533142,6183.886014747644,0.39991498813768256,0.11455138880602715,0.9605470479265419,0.9121054484702074,1.0,0.05962582812791931,0.9565302185564087,0.2857142857142857,0.0,0.23773259693924054,0.0,astern_vae,astern,False,0.06886939704418182,1.5866379737854004,2.069164514541626,1.394625186920166,vae_candidate_pool_v1,belief_limited_heuristic_v1,634
VAE000498,vae_candidate_000498,0.5406515265026777,-165.1094970703125,-6437.50341796875,5908.181930943832,1.6154015305252325,-0.1711641372447045,5.1389340116954525,14,8117.248218779062,2445.8013167254517,0.7051768306919816,1.3550269858198558,4126.98266801313,0.46971674064629165,0.09763400956165308,0.9458482683511193,0.9768119681754587,0.9826149209555072,0.0881471038364977,0.9999676952689316,0.3333333333333333,0.0,0.2644693905541605,0.0,starboard_vae,starboard,False,0.08677046000957489,0.7851470708847046,2.589548110961914,1.6301013231277466,vae_candidate_pool_v1,belief_limited_heuristic_v1,635
VAE000586,vae_candidate_000586,0.5394509833618111,-119.4798583984375,-6328.052734375,5888.408846778716,1.5177868218670587,-0.18317770919101467,5.38029927236181,27,7750.9462160425255,2458.2573379441765,1.4170386524461172,1.4406281225317195,3443.540658499191,0.4360285575023666,0.10022101627591648,0.9532180589215744,0.9915400746724802,0.8198906329759978,0.17712983155576464,0.8512134555844745,0.6428571428571429,0.0,0.26426558342659023,0.0,starboard_vae,starboard,False,0.052240923047065735,1.7283003330230713,1.492576241493225,1.8810114860534668,vae_candidate_pool_v1,belief_limited_heuristic_v1,636
VAE000988,vae_candidate_000988,0.5393607021846459,2116.8369140625,-6295.5068359375,6593.604607997009,1.8657450397210154,0.12552378445898368,5.788811373306316,26,7785.746170983265,2274.7196716176218,1.4680647935541422,1.4013713983277614,3554.9477886326304,0.1051825519670393,0.035992451225218935,0.997236706711466,0.9856818958869915,0.8464161401506263,0.18350809919426778,0.9999442175645444,0.6190476190476191,0.0,0.27609052391295963,0.0,starboard_vae,starboard,False,0.0879182443022728,1.3736668825149536,2.9508938789367676,1.5999821424484253,vae_candidate_pool_v1,belief_limited_heuristic_v1,637
VAE000015,vae_candidate_000015,0.5392544795317051,3476.28125,-5144.408203125,6419.313611284402,2.0723074677183693,-0.0019897742049630384,3.8717795438931315,26,7887.414129149046,2442.7032812548073,1.3494847716580356,1.0672954116664608,5945.19815159989,0.06663460961362233,0.04717680567973091,0.9988903678712966,0.8758987591989769,1.0,0.16868559645725445,0.9679927786642832,0.6190476190476191,0.0,0.26426806318477875,0.0,ahead_vae,ahead,False,0.10300606489181519,0.6677435636520386,2.9455008506774902,1.5303961038589478,vae_candidate_pool_v1,belief_limited_heuristic_v1,638
VAE000807,vae_candidate_000807,0.5391880096946345,3406.011474609375,-3893.622314453125,5273.88169951595,2.264185399184286,-0.053745255837009655,4.723701009922215,16,8545.357328838982,2583.0645831933157,0.7248605932943721,0.8236619985684979,7701.942618193579,0.10486195826343714,0.20986628432014803,0.997253510518377,0.7336392148149267,1.0,0.09060757416179652,0.8667936065857881,0.38095238095238093,0.0,0.25686118445232875,0.0,ahead_vae,ahead,False,0.05427161604166031,1.3502812385559082,2.042665481567383,1.8277534246444702,vae_candidate_pool_v1,belief_limited_heuristic_v1,639
VAE000601,vae_candidate_000601,0.5388593903777361,1348.4029541015625,1044.8154296875,1690.6375029324859,-2.551026026147319,0.047087839852501166,5.856086983733394,18,7913.578044351574,2365.9857068264882,0.9613632108389214,-0.5434787875899727,7996.840187539376,1.9328231446982873,0.9092620368846103,0.32291479957754915,0.5171166609271172,1.0,0.12017040135486518,0.9671941599320486,0.42857142857142855,0.0,0.31918801106033085,0.0,ahead_vae,ahead,False,0.07132843881845474,2.1297428607940674,2.9268054962158203,1.5253928899765015,vae_candidate_pool_v1,belief_limited_heuristic_v1,640
VAE000672,vae_candidate_000672,0.5388008962595938,3804.732421875,205.03335571289062,4070.5224080443404,-3.2084451821763826,-0.019956519560601155,5.312364404406591,23,8896.110299382166,2847.534673904719,0.9079431490742927,0.04689600902598836,9019.818840763974,0.14745686166601546,0.5900593475979166,0.9945739609534454,0.046878821686800694,1.0,0.11349289363428659,0.8249193903705544,0.5476190476190477,0.0,0.24763386490636866,0.0,ahead_vae,ahead,False,0.04898148030042648,1.3615667819976807,1.499370813369751,1.4363739490509033,vae_candidate_pool_v1,belief_limited_heuristic_v1,641
VAE000366,vae_candidate_000366,0.5385740057051165,-62.973236083984375,1662.1737060546875,1230.518366804663,-1.5774885242341858,0.061862970114655816,4.290581881603315,6,7682.744435178786,1904.683593645016,0.4100265912673083,-1.5022411592409515,2426.4888901679356,0.11203054326346518,0.7721765828387093,0.9968655697140966,0.9976510146992986,0.5777354500399846,0.051253323908413535,0.8067787665290881,0.14285714285714285,1.0,0.3927861780950354,0.3927861780950354,inside_convoy_envelope,inside,True,0.04683036357164383,1.2153277397155762,2.0810790061950684,1.9317326545715332,vae_candidate_pool_v1,belief_limited_heuristic_v1,642
VAE000928,vae_candidate_000928,0.5384019178815025,1971.655517578125,-6353.1513671875,7207.665093035477,1.8229104619741068,-0.19746837043066456,5.961336486923842,27,8129.013479603513,2499.674712935501,1.3287473873781588,1.1212138211850216,5784.06301475229,0.08840896675853371,0.012659987901439409,0.9980472360703045,0.9006286195431219,1.0,0.16609342342226985,0.9999098206457643,0.6428571428571429,0.0,0.25943642599326117,0.0,starboard_vae,starboard,False,0.08809518814086914,1.249307632446289,2.9251561164855957,1.8608520030975342,vae_candidate_pool_v1,belief_limited_heuristic_v1,643
VAE000648,vae_candidate_000648,0.5383307217695955,739.4798583984375,5069.8232421875,4843.673279799819,-1.7669700668922639,-0.25596040078438265,3.3625956942016795,21,7929.041678230511,1372.9376775297274,1.9290690378209563,-1.6305829874819118,1844.2532267540887,0.1757919220331161,0.32340969034758216,0.992294175034053,0.9982133098991721,0.4391079111319259,0.24113362972761954,0.9830227025887568,0.5,0.0,0.4027232700740839,0.0,port_vae,port,False,0.09868572652339935,1.275840163230896,2.017951011657715,1.2028744220733643,vae_candidate_pool_v1,belief_limited_heuristic_v1,644
VAE001213,vae_candidate_001213,0.5379656534010184,1977.425537109375,-885.556884765625,2223.051562514368,2.877160908145355,-0.06797546202185807,4.694113051576954,5,8706.156921607191,1347.441513465232,0.4262197697991062,0.1964562834225812,8801.703071074415,1.099406076326508,0.994098625678024,0.7270626752708176,0.19519501244910784,1.0,0.053277471224888275,0.8670099131738549,0.11904761904761904,0.0,0.4255333588578742,0.0,ahead_vae,ahead,False,0.054300423711538315,0.8837065696716309,2.9616599082946777,1.3086118698120117,vae_candidate_pool_v1,belief_limited_heuristic_v1,645
VAE000225,vae_candidate_000225,0.5379282664537207,179.2165069580078,-5995.49462890625,5714.7428818238495,1.7901703714907855,-0.16616775436429074,4.333535898256676,20,8272.826161048237,3329.0637459639565,0.7261962232495163,1.185254527734717,6195.782319323728,0.6714278007747632,0.12530105626099575,0.8914671114767541,0.9265948190667224,1.0,0.09077452790618953,0.8537446597261356,0.47619047619047616,0.0,0.22532725186301988,0.0,starboard_vae,starboard,False,0.05256521701812744,1.2609977722167969,1.4752395153045654,1.0607424974441528,vae_candidate_pool_v1,belief_limited_heuristic_v1,646
VAE001124,vae_candidate_001124,0.5378866508248205,1739.580322265625,-7117.330078125,7829.89050611414,1.7160004121007257,-0.19820625262058764,4.460955821112268,27,8775.450348520733,2304.336491465197,1.3352065478666717,1.2273859888684797,5124.487021653006,0.05397494188330865,0.003797241780858854,0.9992718532134197,0.9416118817507299,1.0,0.16690081848333396,0.9826207854620307,0.6428571428571429,0.0,0.27143852134126356,0.0,starboard_vae,starboard,False,0.09882128238677979,1.0053377151489258,2.9162726402282715,1.4520254135131836,vae_candidate_pool_v1,belief_limited_heuristic_v1,647
VAE000905,vae_candidate_000905,0.5378751354626344,1899.491455078125,6567.029296875,6935.719772194272,-1.8737285134424417,-0.019540961206586136,5.109774958963141,16,8973.299347797456,3122.9976508703803,0.5709474914041128,-1.2874051013539376,5507.482823711109,0.05394429292168379,0.020466018835483227,0.9992726797153255,0.9601127295404542,1.0,0.0713684364255141,0.9406940415822275,0.38095238095238093,0.0,0.22916953588843894,0.0,port_vae,port,False,0.10884393751621246,1.0903733968734741,2.4744749069213867,1.773619294166565,vae_candidate_pool_v1,belief_limited_heuristic_v1,648
VAE000388,vae_candidate_000388,0.5369137560311009,964.1353149414062,896.8494262695312,1994.4660815165394,-2.4554338375945677,0.07168931587543383,5.68256028969021,16,7893.073952599117,2708.6467816027457,0.7483787301400249,-0.6144695001197915,8010.8711683358615,1.5506181303786974,0.9693898526761474,0.5100884135764878,0.5765251429032303,1.0,0.09354734126750311,0.816303866961145,0.38095238095238093,1.0,0.28714169577988263,0.28714169577988263,inside_convoy_envelope,inside,True,0.047951143234968185,2.280839443206787,2.0964932441711426,1.568718671798706,vae_candidate_pool_v1,belief_limited_heuristic_v1,649
VAE000746,vae_candidate_000746,0.5367148780147769,-360.6087646484375,-6540.7470703125,6126.051994215979,1.2461608838782177,0.042781480677250766,2.8537884834890743,13,8459.579438821547,2397.915584935761,0.6408563456650294,1.9382132503888265,5276.605972301707,0.10829046611705717,0.07247792512374797,0.9970711575845772,0.9332583144831176,1.0,0.08010704320812867,0.9999983138123546,0.30952380952380953,0.0,0.2668446358724431,0.0,starboard_vae,starboard,False,0.08715314418077469,1.480034351348877,1.527371883392334,1.1259846687316895,vae_candidate_pool_v1,belief_limited_heuristic_v1,650
VAE000810,vae_candidate_000810,0.5364671089445475,-3896.6259765625,2518.285400390625,4744.770049639372,-0.644830667744119,0.11842817561541924,3.3004580700110866,10,9077.235260377427,2068.068285908744,0.5326985735281152,-2.378333810230255,7988.706967896234,0.2789212589249666,0.353698871449485,0.9806764976304125,0.6912799097596042,1.0,0.0665873216910144,0.7184533697768958,0.23809523809523808,0.0,0.2956498276674579,0.0,astern_vae,astern,False,0.03708600997924805,2.373685598373413,1.5050793886184692,1.610159993171692,vae_candidate_pool_v1,belief_limited_heuristic_v1,651
VAE000021,vae_candidate_000021,0.5362948266186212,397.4294128417969,-5937.39306640625,5934.763686780428,1.4906183482578546,0.16751881924921863,5.214262230036116,26,8051.220517497542,1952.2034571601716,1.6541944089221976,1.8184931245811582,3866.55302040897,0.20051070416781713,0.09423915444734006,0.989982494390266,0.9694796726401794,0.9206078620021357,0.2067743011152747,0.8201778321968396,0.6190476190476191,0.0,0.3062304407168224,0.0,starboard_vae,starboard,False,0.04841239005327225,0.7389952540397644,1.953513264656067,1.135143518447876,vae_candidate_pool_v1,belief_limited_heuristic_v1,652
VAE000245,vae_candidate_000245,0.5360050674494499,-1214.949462890625,-7266.3564453125,7584.253695105381,1.3619409735563583,-0.003857896696256057,8.14798516995193,18,8691.214044660139,3075.2350744638443,0.6734629990928397,1.7757937833371795,4780.068388198342,0.33957790285404843,0.006216046141323077,0.9714476727452789,0.979061502280802,1.0,0.08418287488660496,0.976920722342603,0.42857142857142855,0.0,0.2306093963440012,0.0,starboard_vae,starboard,False,0.10060133039951324,1.2213407754898071,2.367155075073242,1.2666699886322021,vae_candidate_pool_v1,belief_limited_heuristic_v1,653
VAE000538,vae_candidate_000538,0.5359336848526005,-1087.939208984375,-4520.66162109375,5534.955172617576,1.3032106372914705,0.1363026327684134,4.243189056973485,18,8355.055687399154,2229.552973894234,0.9662852731680945,1.9746846490667365,5333.672719884751,0.4865977538793119,0.15601012154769975,0.9419644670019952,0.9195398510300451,1.0,0.12078565914601182,0.8225356888073418,0.42857142857142855,0.0,0.2804126272885032,0.0,starboard_vae,starboard,False,0.04869474470615387,0.8425853848457336,2.432877779006958,1.3537579774856567,vae_candidate_pool_v1,belief_limited_heuristic_v1,654
VAE001101,vae_candidate_001101,0.5357579604235615,-3905.982421875,-2811.011474609375,4752.496087926238,0.5838184834131231,0.02099147424778516,5.240861952883433,22,7895.913797874894,1856.5170869710341,1.500794853391469,2.5787656444244553,7668.568593696502,0.32294707071094286,0.3512806772755609,0.9741521236839847,0.5335792700811636,1.0,0.18759935667393363,0.9142212928442511,0.5238095238095238,0.0,0.31979187326589786,0.0,astern_vae,astern,False,0.061132725328207016,0.8283731937408447,2.000217914581299,1.394157886505127,vae_candidate_pool_v1,belief_limited_heuristic_v1,655
VAE000788,vae_candidate_000788,0.5353610979796295,493.0101013183594,-5581.267578125,5370.683930438336,1.6910914786802163,0.15557775227483878,5.694101154403598,15,7951.059367108225,2163.3560215807747,0.8720437345438982,1.6060789271844158,2442.4854711175344,0.270353626303355,0.1885796199262127,0.981838256427692,0.9993776336222444,0.5815441597898892,0.10900546681798727,0.9998496537083033,0.35714285714285715,0.0,0.2867767354369705,0.0,starboard_vae,starboard,False,0.0883365273475647,1.0743666887283325,2.936098098754883,1.3871595859527588,vae_candidate_pool_v1,belief_limited_heuristic_v1,656
VAE000849,vae_candidate_000849,0.5347119250614198,271.7196044921875,5658.76171875,5772.2685677486825,-1.4503132405430852,-0.058987018076909044,5.831994533475823,13,8900.222405823943,2038.741444348933,0.7164408517158755,-1.750266431123617,3594.7588430104697,0.07598848639006173,0.11651289055916789,0.9985571319745987,0.9839384216532233,0.8558949626215404,0.08955510646448443,0.9928933352121975,0.30952380952380953,0.0,0.29648737338756753,0.0,port_vae,port,False,0.07989668846130371,1.2869560718536377,2.9080259799957275,1.0975322723388672,vae_candidate_pool_v1,belief_limited_heuristic_v1,657
VAE001219,vae_candidate_001219,0.5342439132060521,310.15386962890625,-5544.384765625,5790.832042800374,1.5766451737848581,0.06624745365780964,4.48768108605622,20,8651.361361149326,2607.2635062833515,0.8866671470549268,1.6311949334627454,3124.7218463349636,0.3520348648752454,0.11378026512529665,0.9693365089034022,0.9981765585823423,0.7439813919845152,0.11083339338186585,0.8854313312332799,0.47619047619047616,0.0,0.2542949030186955,0.0,starboard_vae,starboard,False,0.05682555213570595,0.863810658454895,2.9955155849456787,1.1173913478851318,vae_candidate_pool_v1,belief_limited_heuristic_v1,658
VAE001179,vae_candidate_001179,0.5341019298658677,-1111.906005859375,-670.4703369140625,1531.0378180946598,0.5336324590040268,0.12413094328637753,4.484287125662632,24,7754.776738021684,2782.30105013472,1.1123406872665564,2.7320911378721444,8221.386245597467,1.0102668995787298,0.86697934385876,0.7658173416854019,0.398152108163632,1.0,0.13904258590831955,0.8469402082993849,0.5714285714285714,1.0,0.3107357728781032,0.3107357728781032,inside_convoy_envelope,inside,True,0.051697999238967896,1.9799602031707764,2.963317394256592,1.5217618942260742,vae_candidate_pool_v1,belief_limited_heuristic_v1,659
VAE001004,vae_candidate_001004,0.5340496688442343,3589.782470703125,710.432861328125,4010.211523202779,-2.9438477651753074,0.07811222729810881,4.6408115423674206,0,8068.182292018913,2720.389478549008,0.0,-0.11963266111637687,8335.187001359767,0.036415523019944544,0.61254751643958,0.9996685140549169,0.11934750200432113,1.0,0.0,0.9763430873481257,0.0,0.0,0.25492864802699344,0.0,ahead_vae,ahead,False,0.10076916217803955,1.3743019104003906,2.0235683917999268,1.6265298128128052,vae_candidate_pool_v1,belief_limited_heuristic_v1,660
VAE000779,vae_candidate_000779,0.5337768749576316,205.3817901611328,5591.798828125,5520.560672349481,-1.7946617722060172,-0.0575594002333103,5.003766916935355,12,9041.77310021764,2419.5987245331626,0.5485096780212503,-1.4044902816170861,3882.995121406979,0.6327774352341834,0.15868841581346171,0.9031940411939614,0.9862029931490889,0.9245226479540426,0.06856370975265628,0.9171068030612582,0.2857142857142857,0.0,0.2657678327099963,0.0,port_vae,port,False,0.06159597635269165,1.1696871519088745,1.9444540739059448,1.1995967626571655,vae_candidate_pool_v1,belief_limited_heuristic_v1,661
VAE000828,vae_candidate_000828,0.5337582853635814,130.76852416992188,5547.880859375,5419.741019368558,-1.6764876810023293,-0.1194072502292955,5.420464047242656,18,8735.062871151214,2764.598210024281,0.7453743565006259,-1.5845122228167594,2884.1436255573435,0.5563751094807616,0.17838921934013244,0.9245875161104657,0.9999059385727878,0.6867008632279389,0.09317179456257824,0.8516132496161688,0.42857142857142855,0.0,0.24683513310888905,0.0,port_vae,port,False,0.05229200795292854,2.0839550495147705,2.965463161468506,1.2668445110321045,vae_candidate_pool_v1,belief_limited_heuristic_v1,662
VAE000165,vae_candidate_000165,0.5334940166406585,-273.93505859375,-6073.5771484375,5779.855471254742,1.425256355388488,-0.029157107942209798,3.31811261565501,18,8475.020304622509,2541.8968052988566,0.8355526913662128,1.6871791902590962,3508.8232333603983,0.4261347243022725,0.1153900395162197,0.9552851380583671,0.9932351555218578,0.8354341031810472,0.1044440864207766,0.8617400630181997,0.42857142857142855,0.0,0.25827436908496115,0.0,starboard_vae,starboard,False,0.05360358953475952,1.5462019443511963,1.9854815006256104,1.0852853059768677,vae_candidate_pool_v1,belief_limited_heuristic_v1,663
VAE000315,vae_candidate_000315,0.5334605039472758,836.6561279296875,-5941.806640625,6124.6617051272515,1.6893606578074567,-0.020094939562993203,5.968944092570774,13,8107.389001279734,2499.0984199763193,0.641621607420151,1.4321370562193432,3595.6783970989763,0.17662908334012717,0.07261998726208405,0.9922207978376482,0.9904021957324519,0.8561139040711848,0.08020270092751887,0.9980272019489285,0.30952380952380953,0.0,0.2607852144239309,0.0,starboard_vae,starboard,False,0.09114442020654678,1.1766866445541382,1.5336825847625732,1.73712158203125,vae_candidate_pool_v1,belief_limited_heuristic_v1,664
VAE001169,vae_candidate_001169,0.5332299876572362,724.6107177734375,-5551.42626953125,5572.385836589802,1.8560089457700544,0.12949576795452636,4.202222801274948,8,8523.51055658567,2581.5903435895752,0.3635667481007599,1.415079475774265,3872.2515777119515,0.5300581099839834,0.14920061094051518,0.9313888462618332,0.9879006093945836,0.9219646613599884,0.04544584351259499,0.8990387009503001,0.19047619047619047,0.0,0.2563148834299924,0.0,starboard_vae,starboard,False,0.05879709869623184,1.3871158361434937,1.4898946285247803,1.1811875104904175,vae_candidate_pool_v1,belief_limited_heuristic_v1,665
VAE000369,vae_candidate_000369,0.5331479032118871,598.6821899414062,5431.65185546875,5666.164854262284,-1.6982839052122571,-0.10846818822298544,5.327498249705532,11,7949.301766995762,3076.866305213784,0.4497333310064927,-1.5517769366005214,3227.491570500197,0.3695487636715411,0.13310678684454652,0.9662452123513889,0.9998191368504932,0.7684503739286184,0.05621666637581159,0.8686622840180818,0.2619047619047619,0.0,0.23433958084214931,0.0,port_vae,port,False,0.05452108383178711,1.422131061553955,2.4939911365509033,1.6014714241027832,vae_candidate_pool_v1,belief_limited_heuristic_v1,666
VAE001142,vae_candidate_001142,0.5330483415872356,-844.8389282226562,-6083.82373046875,5755.039832789361,1.4498839411868185,0.05820610955570528,4.089026498841862,23,8982.475084322894,2187.227648107445,1.1706789995278182,1.7499148219586795,3752.572359271551,0.5042738942448532,0.1190938392955834,0.9377627695266073,0.9840011259542558,0.8934696093503692,0.14633487494097727,0.8393906512871538,0.5476190476190477,0.0,0.28281624064120375,0.0,starboard_vae,starboard,False,0.05075203627347946,0.6608843207359314,1.9086055755615234,1.2846544981002808,vae_candidate_pool_v1,belief_limited_heuristic_v1,667
VAE000239,vae_candidate_000239,0.5324786247252395,-397.91668701171875,5340.138671875,5680.342693116312,-1.397329902730355,0.15579290301129295,4.592972566877105,11,8621.553038260621,2721.6639499796397,0.46878389166892215,-1.5884698478481452,2873.6041674998164,0.24450218377760627,0.1307917395634007,0.9851289766153888,0.9998438273919401,0.6841914684523372,0.05859798645861527,0.9775605551922341,0.2619047619047619,0.0,0.24852236819993348,0.0,port_vae,port,False,0.07411988079547882,2.1229989528656006,1.8796800374984741,1.4427125453948975,vae_candidate_pool_v1,belief_limited_heuristic_v1,668
VAE000665,vae_candidate_000665,0.5324257180427824,3656.345703125,-526.6387939453125,4019.0500864109317,2.889594885486821,-0.04912549410641462,5.329501688271187,1,7827.39624514379,2041.467986738497,0.06258065530194522,0.2028722739965583,8078.1934152066,0.2043456643261301,0.6092514350394064,0.9895969880848742,0.20148352716461443,1.0,0.007822581912743152,0.9991797425215847,0.023809523809523808,0.0,0.30226417378609954,0.0,ahead_vae,ahead,False,0.08476662635803223,0.9343851804733276,2.9324162006378174,1.9096825122833252,vae_candidate_pool_v1,belief_limited_heuristic_v1,669
VAE001060,vae_candidate_001060,0.5320897969627306,-111.28338623046875,5472.15283203125,5708.722869290706,-1.5618930831898286,-0.031237783730583793,4.510311870915028,16,7913.5435943195835,2453.1906829327672,0.8241716602451962,-1.6109373541305483,2768.7870021925,0.29178556032461045,0.12624908068153265,0.9788658816438347,0.9991944571353415,0.6592350005220238,0.10302145753064952,0.9984362864918077,0.38095238095238093,0.0,0.2646436147626361,0.0,port_vae,port,False,0.08381426334381104,0.7730876803398132,2.499760866165161,1.8221936225891113,vae_candidate_pool_v1,belief_limited_heuristic_v1,670
VAE000558,vae_candidate_000558,0.5320637363300549,-324.64715576171875,5793.85400390625,6181.35478036172,-1.435323582611934,0.29715534758903706,3.850991067257774,7,8389.195043847587,2894.4139857624564,0.28828171722582474,-1.4091137233888222,4207.14951109279,0.3955705459509238,0.06700706126362083,0.9613884316964336,0.9869578166490031,1.0,0.03603521465322809,0.9587664431778357,0.16666666666666666,0.0,0.23994607561794892,0.0,port_vae,port,False,0.06935922801494598,0.690847635269165,1.4789958000183105,1.1893057823181152,vae_candidate_pool_v1,belief_limited_heuristic_v1,671
VAE000645,vae_candidate_000645,0.5320132640079729,-2357.92236328125,5279.4541015625,5943.7397471858485,-1.2084290453007567,0.07129545070432068,5.44657586753659,15,8640.233753383782,2041.4359315938523,0.8504132387369355,-1.8618681575847158,4435.133487467705,0.3695307810675442,0.09311403813022395,0.9662484598865877,0.9579368327466897,1.0,0.10630165484211694,0.9766365858816077,0.35714285714285715,0.0,0.29622398075685463,0.0,astern_vae,astern,False,0.10068413615226746,1.0085150003433228,2.04145884513855,1.7029989957809448,vae_candidate_pool_v1,belief_limited_heuristic_v1,672
VAE001209,vae_candidate_001209,0.5319727412830941,-539.652099609375,5531.96923828125,5730.709818560558,-1.4709535124761273,-0.028288697102594892,6.635083767907698,20,8833.899729128649,2375.439530624486,0.953089205398442,-1.6989278382162607,3484.772853011396,0.37108468078315826,0.12281278944417848,0.9659672799581951,0.9918023825942194,0.8297078221455705,0.11913615067480525,0.7957350534067212,0.47619047619047616,0.0,0.2685894641455449,0.0,port_vae,port,False,0.04555263742804527,0.9789449572563171,2.9585764408111572,1.6922796964645386,vae_candidate_pool_v1,belief_limited_heuristic_v1,673
VAE000057,vae_candidate_000057,0.5317317313914715,981.9367065429688,-6060.38623046875,6048.793864651177,1.7666908774911474,0.09262982696103744,5.784865383552894,18,8689.732476758538,2787.6235672208395,0.7430738383194243,1.4675316030596834,3668.522570278355,0.360632515798014,0.08072016525215996,0.9678369087299901,0.9946729347501428,0.8734577548281798,0.09288422978992804,0.8314492904160432,0.42857142857142855,0.0,0.24456711646962212,0.0,starboard_vae,starboard,False,0.049773864448070526,1.845481514930725,2.5823962688446045,1.7025343179702759,vae_candidate_pool_v1,belief_limited_heuristic_v1,674
VAE000475,vae_candidate_000475,0.5312569564273169,7.638519287109375,-5960.44482421875,6245.206335316405,1.6573354061727017,0.024369491187221527,4.915733026414498,35,8342.810870170055,2739.4869386073497,1.5313921335698004,1.5086267386043135,3252.52957239917,0.5667507439538957,0.06111416081588888,0.9218249652618635,0.998068093516544,0.7744118029521833,0.19142401669622505,0.8248635849288997,0.8333333333333334,0.0,0.24704044353773588,0.0,starboard_vae,starboard,False,0.04897475242614746,1.1566085815429688,1.9785799980163574,1.4996503591537476,vae_candidate_pool_v1,belief_limited_heuristic_v1,675
VAE001074,vae_candidate_001074,0.5310562843003008,888.3587036132812,783.9185791015625,1188.4916116696459,-2.475701075707311,-0.06432406956639357,4.123880065676678,17,8337.932842813972,2691.3194989659964,0.7575743652818818,-0.7302156474488757,8007.206602591722,0.8010361284611585,0.7577074227380189,0.8479815312193173,0.6670303144552922,1.0,0.09469679566023523,0.8679709261296507,0.40476190476190477,1.0,0.35163073091482483,0.35163073091482483,inside_convoy_envelope,inside,True,0.05442862957715988,1.151656150817871,1.4950201511383057,1.1459221839904785,vae_candidate_pool_v1,belief_limited_heuristic_v1,676
VAE001033,vae_candidate_001033,0.5306059487992,-1326.80029296875,-5747.3173828125,6124.349966532901,1.29828625269143,0.06326728389550687,5.357800988704273,9,8100.679082804158,2657.451261589561,0.41807651652190225,1.9065736847938706,5178.244246665227,0.25947241066057014,0.07265187216127714,0.9832627382946024,0.944154452967671,1.0,0.05225956456523778,0.9578128658205859,0.21428571428571427,0.0,0.251765588781622,0.0,starboard_vae,starboard,False,0.10538405179977417,0.7067792415618896,2.9972710609436035,1.4302223920822144,vae_candidate_pool_v1,belief_limited_heuristic_v1,677
VAE000334,vae_candidate_000334,0.5304653891542629,-990.1083374023438,-405.6899719238281,1129.8210161885554,0.43085011748811664,-0.07775322009252007,4.2291535476768685,14,8539.196107545555,3437.5417777063467,0.47693924862315845,2.632989316009157,9132.289341328364,0.3702167024666191,0.7371366607189923,0.9661244803797733,0.48695784168837974,1.0,0.059617406077894806,0.979209733269389,0.3333333333333333,1.0,0.3419636565859415,0.3419636565859415,inside_convoy_envelope,inside,True,0.07461751252412796,1.9393749237060547,2.916569232940674,1.1059279441833496,vae_candidate_pool_v1,belief_limited_heuristic_v1,678
VAE000006,vae_candidate_000006,0.530010792059021,-657.1242065429688,-5689.17626953125,5334.355981607899,1.4614602901407783,-0.06307974631870901,6.415365930486203,6,8108.224992977964,2708.571984797627,0.2732027565132682,1.6170526171303063,3080.597486793238,0.5384526886605414,0.1963839966360082,0.9292515913726405,0.9989303685418547,0.7334755920936281,0.034150344564158525,0.9138801272565457,0.14285714285714285,0.0,0.25063887385995354,0.0,starboard_vae,starboard,False,0.061078399419784546,2.1282057762145996,2.46354341506958,1.7828391790390015,vae_candidate_pool_v1,belief_limited_heuristic_v1,679
VAE000152,vae_candidate_000152,0.5294177743891204,305.72149658203125,6023.79541015625,6377.660794805055,-1.5448195779779494,-0.015616463356302278,4.549246971749195,27,7805.7549912141785,2700.2063650078985,1.2810081478119535,-1.612389538968146,3022.4438492762015,0.33036023007276993,0.05024291642699474,0.9729627760526435,0.9991351270468535,0.7196294879229052,0.1601260184764942,0.9131492721862391,0.6428571428571429,0.0,0.24964873903842097,0.0,port_vae,port,False,0.06096233054995537,2.2547929286956787,1.9658300876617432,1.3917847871780396,vae_candidate_pool_v1,belief_limited_heuristic_v1,680
VAE000071,vae_candidate_000071,0.5291272764441143,-1516.398193359375,5057.5068359375,5728.977579552904,-1.2481893302007463,-0.0788424415460086,2.610197667838072,18,7593.526115069184,1621.136649868688,1.4622087889709379,-1.9722457649350553,4459.441893775461,0.2710258316544275,0.12308090574064819,0.981748383880072,0.9204955888877402,1.0,0.18277609862136723,0.9982440137016874,0.42857142857142855,0.0,0.3519663795351224,0.0,port_vae,port,False,0.09092492610216141,2.1435434818267822,1.4876829385757446,1.5772919654846191,vae_candidate_pool_v1,belief_limited_heuristic_v1,681
VAE000290,vae_candidate_000290,0.5287369502995403,-475.67791748046875,5393.0546875,5348.52883340088,-1.6109591825621163,0.018713497937831104,4.454497542587619,6,7473.133565788974,2408.011568975145,0.3334186869813199,-1.5119199730898456,2843.5758786153774,0.46125441271381384,0.19331299543475744,0.947747449264875,0.998267288100287,0.6770418758608041,0.041677335872664985,0.9999709576594503,0.14285714285714285,0.0,0.26904737961511044,0.0,port_vae,port,False,0.08679617196321487,1.0138121843338013,2.4941742420196533,1.6707311868667603,vae_candidate_pool_v1,belief_limited_heuristic_v1,682
VAE001212,vae_candidate_001212,0.528654431210366,-4013.8564453125,-489.1214599609375,4109.525417536736,0.005294165615251187,-0.023552751784892325,6.305971947626017,17,7948.283891482266,2538.820173943037,0.8424489826799477,3.1127457361896504,8018.204038831817,0.1418472153894349,0.575536201680693,0.9949782703805066,0.02884291676530247,1.0,0.10530612283499347,0.961001492510747,0.40476190476190477,0.0,0.26423594982949294,0.0,astern_vae,astern,False,0.06986138224601746,1.5208536386489868,2.96412992477417,1.5836846828460693,vae_candidate_pool_v1,belief_limited_heuristic_v1,683
VAE000484,vae_candidate_000484,0.5286463167936896,-4241.57421875,2405.380615234375,4709.306838129748,-0.3989252104267989,0.10656104693901326,5.414069883354457,20,8213.353115935759,1823.3203210045513,1.335508106798059,-2.636106396223981,8069.095680301127,0.00021138800717379613,0.3649082683808755,0.9999999888287776,0.48423294314452986,1.0,0.16693851334975737,0.8724949109274879,0.47619047619047616,0.0,0.32366543835343126,0.0,astern_vae,astern,False,0.11949585378170013,0.75618976354599,2.021775722503662,1.4108167886734009,vae_candidate_pool_v1,belief_limited_heuristic_v1,684
VAE000767,vae_candidate_000767,0.5284966750178779,4362.5732421875,8431.994140625,9517.372968928306,-1.9564988032974844,-0.13155596710217185,5.113927012299874,18,7673.833816536325,2543.9240735115814,0.9220531801027131,-1.3166498173944805,4391.559623648277,0.17611402256109265,6.937444010492697e-05,0.9922659837530846,0.9678782323021898,1.0,0.11525664751283914,0.9529479758547951,0.42857142857142855,0.0,0.256052657291834,0.0,port_vae,port,False,0.10642437636852264,1.2674217224121094,2.9306366443634033,1.5723406076431274,vae_candidate_pool_v1,belief_limited_heuristic_v1,685
VAE000698,vae_candidate_000698,0.5281508315056368,391.7092590332031,-6564.88330078125,6862.203633319502,1.6815173020901786,-0.0026658622979270196,2.945977846702322,19,8363.989030830526,3177.7263693072955,0.7148643648506098,1.4574094892016884,4103.656354912579,0.5277521565680949,0.02319210109340021,0.9319706247817626,0.9935785967261115,0.9770610368839475,0.08935804560632622,0.8994602753096845,0.4523809523809524,0.0,0.22817409344390385,0.0,starboard_vae,starboard,False,0.058859869837760925,0.7751871347427368,2.94960880279541,1.556437611579895,vae_candidate_pool_v1,belief_limited_heuristic_v1,686
VAE000519,vae_candidate_000519,0.5276503774833021,547.0360717773438,8112.6162109375,8529.606224690446,-1.5278062818426097,-0.14290954942510933,5.118482827345929,17,8520.18208385179,2927.0985944119147,0.6816519698675056,-1.7566959211722928,4451.45702862012,0.038613302540669414,0.0008230684690246986,0.9996272995278122,0.9827703756548429,1.0,0.0852064962334382,0.8374814173986846,0.40476190476190477,0.0,0.23601950265223615,0.0,port_vae,port,False,0.12401758134365082,1.4734516143798828,2.9916183948516846,1.1090171337127686,vae_candidate_pool_v1,belief_limited_heuristic_v1,687
VAE000563,vae_candidate_000563,0.5275908561279967,1801.504150390625,-4985.32080078125,5316.770373481464,1.839459183250187,0.11028943275080665,2.994617206761131,6,7609.3806645866825,1980.4025059245644,0.3981516067355204,1.4124229030904127,3155.710142524891,0.15568664317992842,0.20024124728002776,0.9939526469135052,0.9874851205014542,0.7513595577440217,0.04976895084194005,0.9018999842771935,0.14285714285714285,0.0,0.3048346092111001,0.0,starboard_vae,starboard,False,0.059225309640169144,2.1830332279205322,2.4355504512786865,1.4556303024291992,vae_candidate_pool_v1,belief_limited_heuristic_v1,688
VAE000206,vae_candidate_000206,0.5274393544091635,4108.27685546875,-7018.837890625,7992.058877996709,1.9293232530262507,0.26590064669924474,5.429651544996367,21,8047.494316575065,2800.6447836738594,0.9317525435282822,1.4781700472627872,3532.9831522899376,0.19723398117740487,0.0027084864356104865,0.9903061755376059,0.9957132523767889,0.8411864648309375,0.11646906794103527,0.9675317197859992,0.5,0.0,0.2427116511434667,0.0,ahead_vae,ahead,False,0.10312090069055557,0.8124805092811584,2.6069111824035645,1.8644309043884277,vae_candidate_pool_v1,belief_limited_heuristic_v1,689
VAE000861,vae_candidate_000861,0.5273444232617079,3893.251220703125,-2827.65966796875,5028.672087927249,2.520302774939277,-0.07872994912619125,3.4481819991682574,20,8292.328074473393,2349.692856944968,1.0264609287295563,0.542559929524326,8314.681384186171,0.049149048918723626,0.27084123322597375,0.9993962143057977,0.5163299784045391,1.0,0.12830761609119454,0.9487509395172002,0.47619047619047616,0.0,0.27255304671307445,0.0,ahead_vae,ahead,False,0.10728245973587036,0.6989461183547974,1.498726725578308,1.7263154983520508,vae_candidate_pool_v1,belief_limited_heuristic_v1,690
VAE000837,vae_candidate_000837,0.5273220736574886,2294.28369140625,7688.65673828125,8089.544576173469,-1.7753414314217213,0.05455098144220434,4.475282840596256,23,8523.270930761271,2838.178911202815,0.9507838005499458,-1.3117002407258676,4927.167006775659,0.1784176428165316,0.0022000700789028675,0.9920628748505571,0.9666219619956441,1.0,0.11884797506874323,0.7868302087782072,0.5476190476190477,0.0,0.24020490807872225,0.0,port_vae,port,False,0.04453771561384201,1.3168981075286865,1.9342387914657593,1.8249140977859497,vae_candidate_pool_v1,belief_limited_heuristic_v1,691
VAE000321,vae_candidate_000321,0.5271495279569315,708.4187622070312,6698.087890625,6552.438153375195,-1.6259470641797031,0.16856852315459403,5.851360759716764,18,8354.433623878489,2466.4593697477735,0.8735374457551617,-1.3470770662554958,4258.4884699430095,0.35227272866414117,0.038407686917338715,0.9692954868872921,0.9750790486385779,1.0,0.10919218071939521,0.8759480974448056,0.42857142857142855,0.0,0.26190227314479403,0.0,port_vae,port,False,0.055507171899080276,2.1941308975219727,2.9647457599639893,1.082334041595459,vae_candidate_pool_v1,belief_limited_heuristic_v1,692
VAE000305,vae_candidate_000305,0.5270416399194688,-463.8406982421875,4992.52099609375,5058.442314065297,-1.531428250885051,-0.14242375305088634,6.263858919196256,13,8630.06742001968,1512.8159611076849,0.9957333790994982,-1.7525881557556284,3048.135326222792,0.4708019891336346,0.2629013342690966,0.9456023958161293,0.9835213231963297,0.725746506243522,0.12446667238743728,0.967946235547343,0.30952380952380953,0.0,0.37144680155406024,0.0,port_vae,port,False,0.07151523232460022,0.9355362057685852,1.980536937713623,1.1061007976531982,vae_candidate_pool_v1,belief_limited_heuristic_v1,693
VAE000653,vae_candidate_000653,0.526763770216029,3307.435302734375,6867.58837890625,7423.242186936226,-1.8020658955174116,-0.03207196125019384,3.7721393130036116,12,7860.814193940856,2658.287842270155,0.5742641565157053,-1.3715987193225754,4161.242453514399,0.20735713435738745,0.008480921913855443,0.9892892149733545,0.9802256731106826,0.9907720127415236,0.07178301956446316,0.9957938713099975,0.2857142857142857,0.0,0.25057650213095545,0.0,port_vae,port,False,0.0816008597612381,1.2972822189331055,1.4899497032165527,1.364205002784729,vae_candidate_pool_v1,belief_limited_heuristic_v1,694
VAE000134,vae_candidate_000134,0.5266259821831802,-424.7415771484375,5917.4990234375,5904.796885920348,-1.605947524295576,0.02784692048932769,3.7789878380524202,15,8228.03688909136,2888.2818657240073,0.631183235682147,-1.5077982088048894,3400.5603463273605,0.29873974347316934,0.09807313364629483,0.9778540808207261,0.9980162747729888,0.8096572253160382,0.07889790446026837,0.7856383278474364,0.35714285714285715,0.0,0.24091614770165956,0.0,port_vae,port,False,0.0444028377532959,0.8093928098678589,1.516223669052124,1.5764062404632568,vae_candidate_pool_v1,belief_limited_heuristic_v1,695
VAE001194,vae_candidate_001194,0.5265720489936737,3575.081787109375,-3039.526611328125,4777.908787318869,2.466126559686069,-0.18300161905137527,3.3223096451457836,4,8989.068315287377,2840.951446614788,0.15663236263907787,0.4924644748523488,9264.099179087663,0.10344799800766324,0.34338803363613374,0.9973270129480445,0.4727989439069152,1.0,0.019579045329884734,0.9829807535945358,0.09523809523809523,0.0,0.24479300665857506,0.0,ahead_vae,ahead,False,0.07583297789096832,0.7085606455802917,2.10371732711792,1.4206711053848267,vae_candidate_pool_v1,belief_limited_heuristic_v1,696
VAE000919,vae_candidate_000919,0.5265208696546073,-221.3519287109375,-2042.987548828125,2208.9739997576644,1.4190069005414045,0.09103722450800841,4.701648077644718,28,8013.053518633687,2307.6212984389354,1.5142425627734073,1.8136229775563975,4166.637884522369,2.6849339274857793,0.9931256403269622,0.05123457741188914,0.9706621929662318,0.9920566391719926,0.1892803203466759,0.9624391072771564,0.6666666666666666,1.0,0.30173723430461274,0.30173723430461274,inside_convoy_envelope,inside,True,0.07019153982400894,1.007590889930725,2.072906494140625,1.1231606006622314,vae_candidate_pool_v1,belief_limited_heuristic_v1,697
VAE000196,vae_candidate_000196,0.5263379514466667,1122.383544921875,-6231.00830078125,6070.664136057557,1.777112263073492,0.005325043125412548,4.579994013714903,28,7895.513977189956,1991.089887745914,1.7810936609322856,1.3698054336417143,3527.2710946011725,0.4211443210861643,0.07831411312568391,0.9563108668490199,0.9798692366452505,0.8398264510955172,0.2226367076165357,0.872242525550514,0.6666666666666666,0.0,0.3020780090029484,0.0,starboard_vae,starboard,False,0.055002909153699875,0.7490643858909607,2.978196620941162,1.8284014463424683,vae_candidate_pool_v1,belief_limited_heuristic_v1,698
VAE001012,vae_candidate_001012,0.5262988050142731,-606.0159301757812,6860.50341796875,6516.332210415018,-1.4905903943886896,-0.05521293819993154,5.109132659428685,9,7993.98539214305,2911.432878165379,0.3866984016871337,-1.706215197401035,3964.0091916280912,0.3638560493001892,0.040637635650601925,0.9672657411314401,0.9908448683529459,0.9438117122924027,0.048337300210891714,0.9862535583239306,0.21428571428571427,0.0,0.23933626422910356,0.0,port_vae,port,False,0.0975334644317627,0.7562141418457031,2.480508327484131,1.066888689994812,vae_candidate_pool_v1,belief_limited_heuristic_v1,699
VAE000925,vae_candidate_000925,0.5257708352019853,92.73153686523438,5898.38134765625,5326.69432079997,-1.7465890090191558,0.3748546771168135,5.597674621739672,9,8411.317832043922,2195.231595352999,0.48741413666880307,-1.0201489674538238,6271.875189317484,0.5546164740337987,0.19805814290866033,0.9250512370981865,0.8521859769875573,1.0,0.06092676708360038,0.9402223660798873,0.21428571428571427,0.0,0.283569511795619,0.0,port_vae,port,False,0.06560066342353821,1.7034032344818115,2.936678886413574,1.1242088079452515,vae_candidate_pool_v1,belief_limited_heuristic_v1,700
VAE000737,vae_candidate_000737,0.5256820169437466,2413.082763671875,-5324.80712890625,5669.857299312588,2.052149187203733,-0.11879941052901558,4.213037002137895,7,8338.20260035353,2464.2452722393996,0.3406760982632416,0.9706440558570446,6742.768676876993,0.1613277615088451,0.13250091356792376,0.9935074383195155,0.8252496267027389,1.0,0.0425845122829052,0.9977748359948839,0.16666666666666666,0.0,0.26340346057867026,0.0,ahead_vae,ahead,False,0.08314766734838486,2.294473171234131,2.945080280303955,1.7758629322052002,vae_candidate_pool_v1,belief_limited_heuristic_v1,701
VAE000811,vae_candidate_000811,0.5254239704095762,4870.4423828125,9180.40625,10319.399255217415,-1.9721177524542375,-0.09032965480173244,3.934018294440851,22,8387.41196726786,2873.920632584663,0.9126829460569168,-1.2598045559372881,5302.633331138362,0.2197256669307226,7.0976715825292375e-06,0.987978640104904,0.9520305533077218,1.0,0.1140853682571146,0.8244159769165068,0.5238095238095238,0.0,0.2376807492407433,0.0,port_vae,port,False,0.12561210989952087,2.381357192993164,2.0035781860351562,1.539276123046875,vae_candidate_pool_v1,belief_limited_heuristic_v1,702
VAE000520,vae_candidate_000520,0.5252555225152986,1296.7398681640625,6249.8056640625,7065.60281449764,-1.6833667328772768,-0.0687000380033546,5.3785777286513134,16,8579.310441962089,2968.8486477783194,0.6281733993982687,-1.526925958715871,3342.248957887861,0.07630949452779866,0.01632748474161386,0.9985449215605215,0.9990378497307608,0.7957735614018716,0.07852167492478358,0.9893949363271207,0.38095238095238093,0.0,0.23540972677702407,0.0,port_vae,port,False,0.07825572043657303,2.317561149597168,2.345259428024292,1.1034440994262695,vae_candidate_pool_v1,belief_limited_heuristic_v1,703
VAE000223,vae_candidate_000223,0.5251981686450599,3431.689453125,-3433.657470703125,5432.831548304014,2.388606570972877,-0.09294339044783369,6.961246249821611,13,8643.782024015034,3572.0534854417124,0.4210382895995514,0.6600426921690821,9018.501048895198,0.05970609891914114,0.1757372905808055,0.9991090601550309,0.6131505778966042,1.0,0.05262978619994393,0.99658518847502,0.30952380952380953,0.0,0.21875253593133226,0.0,ahead_vae,ahead,False,0.09237036108970642,1.437964677810669,1.5157225131988525,1.7709672451019287,vae_candidate_pool_v1,belief_limited_heuristic_v1,704
VAE000878,vae_candidate_000878,0.5250574472028816,-4391.96484375,2675.04736328125,5262.423761394191,-0.467230646963507,0.14851873426970333,3.003687112287653,14,7532.2191380563345,3517.4355349483058,0.5284196295889759,-2.5258432723565827,8180.424988304001,0.13611948132989726,0.21249005883071553,0.9953750194889515,0.5775704349190665,1.0,0.06605245369862199,0.9382195074354052,0.3333333333333333,0.0,0.22254329265575978,0.0,astern_vae,astern,False,0.06522907316684723,1.8426001071929932,2.8716001510620117,1.8634527921676636,vae_candidate_pool_v1,belief_limited_heuristic_v1,705
VAE000513,vae_candidate_000513,0.5247710590813024,1496.20458984375,-6866.484375,6804.793669351145,1.9280456140638136,-0.09250669983460386,3.780262657096859,22,8347.796950714403,2333.3716836559897,1.1294496644053609,1.1210403396913755,5730.495033645238,0.32541394847021077,0.02553477476362561,0.9737592339218024,0.9005532127441278,1.0,0.1411812080506701,0.999660590432733,0.5238095238095238,0.0,0.2706776450617217,0.0,starboard_vae,starboard,False,0.08565860986709595,1.6806403398513794,2.1246235370635986,1.5306751728057861,vae_candidate_pool_v1,belief_limited_heuristic_v1,706
VAE000515,vae_candidate_000515,0.5247282325635833,3872.022705078125,8162.51953125,8550.015254753422,-2.185386212985493,-0.13924775655231966,3.9169767986930797,21,8581.720101108558,3491.716531477866,0.7008191654336678,-1.0954541971566196,7031.972903074265,0.0933350603939016,0.000784984619324004,0.9978237221886558,0.8891362005416654,1.0,0.08760239567920848,0.8713145593383729,0.5,0.0,0.21676229911315875,0.0,port_vae,port,False,0.05487752705812454,1.2734524011611938,1.4943807125091553,1.0562024116516113,vae_candidate_pool_v1,belief_limited_heuristic_v1,707
VAE000093,vae_candidate_000093,0.5233313532901014,124.58624267578125,5599.05078125,5741.9221197533225,-1.5596235048867588,-0.19415995545682763,5.017017479278809,8,8063.17331612208,2328.859060670384,0.4260305919727107,-1.776129104159862,3923.9614136473815,0.37147770296485305,0.12108809409423113,0.9658959838434615,0.9789931877667034,0.9342765270589004,0.05325382399658884,0.8473056822680739,0.19047619047619047,0.0,0.27283591242717714,0.0,port_vae,port,False,0.051744215190410614,1.6446058750152588,1.480269432067871,1.340303897857666,vae_candidate_pool_v1,belief_limited_heuristic_v1,708
VAE000457,vae_candidate_000457,0.5231866992985887,2168.48779296875,7993.1162109375,7862.198684593063,-1.7722947916185545,0.07032175392556922,5.019725579530576,24,8177.058754316187,2283.902874777485,1.2850987236867575,-1.2989761080456694,4395.466427054102,0.11270786139889122,0.0035528586879170813,0.9968275949003758,0.9632837904912785,1.0,0.16063734046084469,0.8183786237107378,0.5714285714285714,0.0,0.2737005590652956,0.0,port_vae,port,False,0.04819776490330696,2.246046543121338,1.943434238433838,1.4016249179840088,vae_candidate_pool_v1,belief_limited_heuristic_v1,709
VAE000357,vae_candidate_000357,0.5230976216523576,293.99371337890625,-6500.22314453125,7193.9842811748695,1.6310431428802497,0.23209296888360337,4.580922264595113,22,8691.424664266158,2564.1022055425533,0.9871800690040394,1.7426424795931468,4012.5824279300623,0.2815879974159674,0.012978289316875098,0.9803076873378568,0.9852707510458141,0.9553767685547767,0.12339750862550493,0.8176305955811333,0.5238095238095238,0.0,0.254842490252191,0.0,starboard_vae,starboard,False,0.04810874164104462,2.2648746967315674,2.4317212104797363,1.9303009510040283,vae_candidate_pool_v1,belief_limited_heuristic_v1,710
VAE001042,vae_candidate_001042,0.5230134382352367,-238.93634033203125,6688.64306640625,6787.416419228031,-1.5191445466132887,-0.15760247376284375,5.39812085601814,12,8159.440615938425,3130.8040758237476,0.46974803223245837,-1.7800505807393483,4757.473541172475,0.476602728463724,0.02628301688800012,0.9442792952050674,0.9781861008981246,1.0,0.058718504029057296,0.932604141364374,0.2857142857142857,0.0,0.23021810491125713,0.0,port_vae,port,False,0.06421515345573425,0.7514979243278503,2.4137120246887207,1.763224720954895,vae_candidate_pool_v1,belief_limited_heuristic_v1,711
VAE000443,vae_candidate_000443,0.5228805497860365,2194.365234375,-6513.6328125,7013.560100461492,1.9648374033926947,-0.02129809298334636,5.339621940087793,15,8187.196296067802,2713.725687438001,0.6751342029384431,1.1554571572137526,5786.53947537016,0.17396629853043177,0.01788813665354693,0.9924529943007006,0.914979518101781,1.0,0.08439177536730538,0.9689895027038914,0.35714285714285715,0.0,0.2475847155705197,0.0,starboard_vae,starboard,False,0.1027550920844078,1.2723366022109985,2.621887445449829,1.15615975856781,vae_candidate_pool_v1,belief_limited_heuristic_v1,712
VAE000005,vae_candidate_000005,0.522205862411533,-1498.49267578125,-6191.6396484375,6520.744443275356,1.3419816979662684,0.015503821480675618,5.895309702520329,13,8222.703328562466,2990.030746547293,0.5287532827640137,1.8151147771042002,4890.265462118546,0.18472433820868783,0.040359399677411284,0.9914934601570741,0.9703024138287467,1.0,0.06609416034550171,0.7486573763617098,0.30952380952380953,0.0,0.23574341207964258,0.0,starboard_vae,starboard,False,0.0403146855533123,1.8672195672988892,2.9759817123413086,1.4631916284561157,vae_candidate_pool_v1,belief_limited_heuristic_v1,713
VAE001107,vae_candidate_001107,0.5217023936528564,3692.684814453125,7936.2275390625,9460.475992907004,-1.9899352421017826,-0.0929720069575633,3.3859008558637367,21,7881.50094917241,2474.2074204951086,1.0768972240402013,-1.2446294184455737,4869.107280364391,0.1070679552969751,8.08026189029712e-05,0.9971368499601732,0.9472774772150244,1.0,0.13461215300502516,0.8554384995874916,0.5,0.0,0.26000733628374756,0.0,port_vae,port,False,0.12174953520298004,1.8741722106933594,1.4905648231506348,1.4226710796356201,vae_candidate_pool_v1,belief_limited_heuristic_v1,714
VAE000047,vae_candidate_000047,0.5216859231924282,-848.8416137695312,-6145.33984375,6344.6324272719185,1.1905428829916591,-0.14086203048172635,6.478565197454053,10,8952.632324773693,2855.9244821693633,0.39111325239810646,1.8101877401164075,4897.252068886015,0.17803029477140497,0.05279058108728128,0.9920972097596737,0.9714824576140061,1.0,0.04888915654976331,0.7722476909852327,0.23809523809523808,0.0,0.24065211996760827,0.0,starboard_vae,starboard,False,0.042901962995529175,2.3396904468536377,1.9457769393920898,1.7472341060638428,vae_candidate_pool_v1,belief_limited_heuristic_v1,715
VAE001016,vae_candidate_001016,0.5216836795843496,1143.182373046875,-6145.51953125,6356.862829088406,1.7645585830110562,0.077245980564652,6.472861226036535,18,8115.938072154011,2681.7022596341294,0.8270337306014958,1.454280051143389,3607.0200499061007,0.35770776051632963,0.05183495071908627,0.9683509305540873,0.9932196548184742,0.8588142975966906,0.10337921632518697,0.8493514414573738,0.42857142857142855,0.0,0.25012922422650335,0.0,starboard_vae,starboard,False,0.052003659307956696,2.0196762084960938,1.5332071781158447,1.0837819576263428,vae_candidate_pool_v1,belief_limited_heuristic_v1,716
VAE001191,vae_candidate_001191,0.5213312651380255,601.6052856445312,-6518.69677734375,6604.2883993897085,1.6915867554640551,-0.16079039590618152,4.765304366387612,22,8248.129798309106,1811.371778440474,1.4725145578168317,1.2892155022195573,4031.980650631188,0.27603984945781646,0.03538714692786689,0.9810711547075647,0.960617367850378,0.9599953930074256,0.18406431972710396,0.9999993738342096,0.5238095238095238,0.0,0.3220787144630597,0.0,starboard_vae,starboard,False,0.08719740808010101,1.3357346057891846,2.4628472328186035,1.3754637241363525,vae_candidate_pool_v1,belief_limited_heuristic_v1,717
VAE000617,vae_candidate_000617,0.5211540407933558,-593.5580444335938,6250.49560546875,6439.216618453738,-1.3300685178122338,0.30332074269753784,5.983117125853864,18,8419.215536015017,2521.1853478810335,0.8480004891622368,-1.5082033930800214,3042.887473354519,0.22398226759858697,0.045767905303348726,0.987510332383871,0.9980417018137657,0.7244970174653617,0.1060000611452796,0.9996824364672222,0.42857142857142855,0.0,0.2585691121968875,0.0,port_vae,port,False,0.08882170170545578,2.336841106414795,2.940364360809326,1.5744807720184326,vae_candidate_pool_v1,belief_limited_heuristic_v1,718
VAE000717,vae_candidate_000717,0.5211113740550515,156.7088623046875,6543.1396484375,6424.663986572712,-1.6363499958460865,-0.25644379403056594,5.662307157847356,14,8186.244725873152,2797.548047842364,0.6113159930056324,-1.7616864517742725,4299.932821617709,0.4541083242966264,0.0467945424786525,0.9493262644486204,0.9818357380874845,1.0,0.07641449912570406,0.8245916403229518,0.3333333333333333,0.0,0.24422496526646445,0.0,port_vae,port,False,0.04894197732210159,2.0103354454040527,2.916245698928833,1.5415053367614746,vae_candidate_pool_v1,belief_limited_heuristic_v1,719
VAE000050,vae_candidate_000050,0.5206117866394668,-496.0885009765625,-5931.48388671875,6206.960538491662,1.5796499095249354,0.11282610611436308,5.447278098152639,11,7864.413128975993,2698.715224409824,0.5182857956474323,1.6747688501792208,3500.351862380095,0.43080991425246573,0.06459050793028474,0.9543139109922021,0.9945997246977483,0.8334171100904988,0.06478572445592903,0.9956856176652771,0.2619047619047619,0.0,0.24987272586504833,0.0,starboard_vae,starboard,False,0.09300466626882553,0.7452093362808228,2.969621419906616,1.9139889478683472,vae_candidate_pool_v1,belief_limited_heuristic_v1,720
VAE000574,vae_candidate_000574,0.5204595283185655,627.8136596679688,-1863.55908203125,2188.8635039396754,1.9328997758310866,0.1756969367996046,5.954201117575459,19,8930.992579139478,2834.456843440004,0.7505575941354409,1.3843898145583113,4440.524987403008,2.7785581100660712,0.9916084470049454,0.032588237626451244,0.9826765554054843,1.0,0.09381969926693011,0.8839339130098497,0.4523809523809524,1.0,0.2737530034211064,0.2737530034211064,inside_convoy_envelope,inside,True,0.05661456286907196,1.0358508825302124,1.958869218826294,1.3540922403335571,vae_candidate_pool_v1,belief_limited_heuristic_v1,721
VAE000583,vae_candidate_000583,0.5201894763835974,3681.392333984375,5350.52392578125,6814.033391682045,-2.1436873192648993,-0.06939528530175076,6.261679997358995,12,8448.691375718568,3446.681494290843,0.41208864490854796,-1.0673006196266446,7095.364972873518,0.03174608565973358,0.025144468417602237,0.9997480676707973,0.8759012720015159,1.0,0.051511080613568495,0.9261125167930309,0.2857142857142857,0.0,0.2198174874715827,0.0,ahead_vae,ahead,False,0.06308884173631668,1.418183445930481,1.971980333328247,1.8726437091827393,vae_candidate_pool_v1,belief_limited_heuristic_v1,722
VAE000378,vae_candidate_000378,0.5201555810043877,62.659210205078125,6520.34228515625,6386.474910801364,-1.5631874992760229,-0.2984445276976587,4.980440511518571,7,8182.17651436868,4030.7608336385692,0.21224729583906,-1.876849682011429,6308.723171561181,0.4338702177139955,0.049580611043201314,0.9536727827183111,0.9535301080697924,1.0,0.0265309119798825,0.8406462288581352,0.16666666666666666,0.0,0.2076505288403025,0.0,port_vae,port,False,0.05090823769569397,1.3254622220993042,1.4722421169281006,1.1553770303726196,vae_candidate_pool_v1,belief_limited_heuristic_v1,723
VAE000821,vae_candidate_000821,0.5200998676760014,2023.3720703125,6994.76171875,7825.6303022816755,-1.5904162760767577,-0.3247151572850521,4.399672232165356,21,8504.81371429545,2045.7786357404939,1.206968262449194,-1.8758915347980876,4506.011077278688,0.2022323587315542,0.003830583913084525,0.9898103174754658,0.9538183579310834,1.0,0.15087103280614925,0.9636003982685934,0.5,0.0,0.2941145493644251,0.0,port_vae,port,False,0.10407032072544098,0.787893533706665,2.0996129512786865,1.0846593379974365,vae_candidate_pool_v1,belief_limited_heuristic_v1,724
VAE001128,vae_candidate_001128,0.5199681549135355,4374.26318359375,-2132.976318359375,5164.81216686443,2.7803333185098764,0.1944254303122791,5.868612782980232,10,8856.117484420685,3365.9531099206215,0.3354660454269973,0.5556847653921955,9299.24575891225,0.08535417934429734,0.23574000169208115,0.9981797715011167,0.527525159023316,1.0,0.041933255678374665,0.9819762027502066,0.23809523809523808,0.0,0.22477058685948062,0.0,ahead_vae,ahead,False,0.07549738883972168,1.502543568611145,1.9336633682250977,1.1471952199935913,vae_candidate_pool_v1,belief_limited_heuristic_v1,725
VAE000236,vae_candidate_000236,0.5197535698359854,2764.851318359375,8912.3427734375,9782.47344674655,-1.883829527795145,0.13079664661482368,2.6301491999622004,25,8534.002152067094,2119.701962454256,1.3820140515953765,-1.1269664791798246,5578.844404241991,0.05927543449613836,3.354474690135885e-05,0.9991218628783758,0.9031137486436912,1.0,0.17275175644942206,0.9459905965436406,0.5952380952380952,0.0,0.2861142596331861,0.0,port_vae,port,False,0.1078292727470398,1.6231259107589722,2.5561578273773193,1.6697158813476562,vae_candidate_pool_v1,belief_limited_heuristic_v1,726
VAE000833,vae_candidate_000833,0.5185860118120678,-206.861083984375,-7149.87255859375,7885.016143116443,1.7016392855331846,0.024389108102962184,4.788757627496606,32,7884.829150024585,2359.948412009861,1.7197098605320396,1.464342476159571,3184.3750419315666,0.5286600590932641,0.0033889959982799553,0.9317418402779536,0.994339137813022,0.7581845337932301,0.21496373256650494,0.9998088416258881,0.7619047619047619,0.0,0.2685018101278755,0.0,starboard_vae,starboard,False,0.08847306668758392,2.1302504539489746,1.5095769166946411,1.3173989057540894,vae_candidate_pool_v1,belief_limited_heuristic_v1,727
VAE000890,vae_candidate_000890,0.5185599560625971,670.864990234375,-5780.67529296875,5594.328979060618,1.5784753768786874,-0.016689659307690126,4.614196939773098,9,8549.787738220924,2257.5397774095372,0.46628534420398576,1.5464276174034162,2465.196181390581,0.07717656456421862,0.14531188764683356,0.998511683419248,0.99970309769429,0.5869514717596621,0.05828566802549822,0.9891786981839042,0.21428571428571427,0.0,0.2778477066965536,0.0,starboard_vae,starboard,False,0.09636910259723663,1.7123562097549438,2.871647834777832,1.8909590244293213,vae_candidate_pool_v1,belief_limited_heuristic_v1,728
VAE001072,vae_candidate_001072,0.5184997091683095,452.3099670410156,6471.74267578125,6186.589815968399,-1.8031068879459031,-0.05412667915872328,4.0746121882445205,12,8556.994053014741,2748.583592395996,0.5102124668542286,-1.3926124448026134,4221.728886067515,0.5867239748873152,0.0665070990123901,0.9163794347787725,0.9841672089437873,1.0,0.06377655835677858,0.8619187891612374,0.2857142857142857,0.0,0.24639188284509272,0.0,port_vae,port,False,0.05362705513834953,2.2241809368133545,2.964247703552246,1.176921010017395,vae_candidate_pool_v1,belief_limited_heuristic_v1,729
VAE000581,vae_candidate_000581,0.5183790174431837,-672.6433715820312,-6286.04638671875,6495.53844802488,1.2823580274214168,0.29287707825743764,5.448853189587677,21,8658.119012853847,2718.383444219889,0.8922468572877875,2.1521117044258142,7026.243261049569,0.32798072295384983,0.04197077662996504,0.9733473734996531,0.8357410680640045,1.0,0.11153085716097344,0.9438104175319606,0.5,0.0,0.2473170595459098,0.0,starboard_vae,starboard,False,0.06628074496984482,1.0456633567810059,1.5093196630477905,1.784303069114685,vae_candidate_pool_v1,belief_limited_heuristic_v1,730
VAE001184,vae_candidate_001184,0.5181757817713699,3746.3701171875,-2179.696533203125,4703.469030266945,2.7398367633802403,0.03901167900438462,3.269572452591442,11,8793.991102626595,2551.8100405888927,0.49018308568455243,0.44076756921393767,9042.189054945899,0.261779097724387,0.3667705528828986,0.9829655387740066,0.42663379904698107,1.0,0.061272885710569054,0.8630037949181516,0.2619047619047619,0.0,0.25995954547470834,0.0,ahead_vae,ahead,False,0.12076316773891449,1.166879653930664,2.9881787300109863,1.1939178705215454,vae_candidate_pool_v1,belief_limited_heuristic_v1,731
VAE001171,vae_candidate_001171,0.5180109504801006,375.99432373046875,-5931.0693359375,6105.335275009172,1.5408861434261893,0.09006205128925054,5.448055375443842,12,7675.266053196664,2492.705836818693,0.6272154920506828,1.6907685614528545,3393.399632406408,0.31302675873127117,0.07461823117379898,0.9757029350578679,0.9928119593215626,0.8079522934300971,0.07840193650633535,0.9230381425211697,0.2857142857142857,0.0,0.2618900187133418,0.0,starboard_vae,starboard,False,0.0625707134604454,2.099989414215088,1.4972341060638428,1.80763840675354,vae_candidate_pool_v1,belief_limited_heuristic_v1,732
VAE000180,vae_candidate_000180,0.5180043792907019,3826.9677734375,-7161.6318359375,7996.292810378129,1.9406804159808209,0.06493024788162853,5.243902852414976,14,8830.094158549486,2612.092637014616,0.6069796432482841,1.265842485490601,5142.801040704324,0.11120049408716737,0.0026843408375001303,0.9969117967747754,0.9538608126928736,1.0,0.07587245540603552,0.9027264921416354,0.3333333333333333,0.0,0.25128730967894747,0.0,starboard_vae,starboard,False,0.059349969029426575,1.2611596584320068,1.8837482929229736,1.9058382511138916,vae_candidate_pool_v1,belief_limited_heuristic_v1,733
VAE000445,vae_candidate_000445,0.5174743142770901,2462.274658203125,7317.0859375,8548.329954606035,-1.9521802176945586,-0.08011916867570673,5.178781301263598,9,8296.066301055136,3059.3161254758443,0.3546058854415085,-1.2695316045709413,5383.207431340568,0.05753227889363277,0.000788066249241175,0.9991727374431412,0.9549619742113415,1.0,0.04432573568018856,0.9074292738328673,0.21428571428571427,0.0,0.231051848744588,0.0,port_vae,port,False,0.11446500569581985,1.3852163553237915,1.5258909463882446,1.7045297622680664,vae_candidate_pool_v1,belief_limited_heuristic_v1,734
VAE000610,vae_candidate_000610,0.5173864476482622,2974.7568359375,-5883.486328125,6795.890850947787,2.0860347312756393,0.033652429430616894,4.606298189473376,11,8918.461351750084,2911.9861405892243,0.42355854413932537,1.0892103517447718,6711.68162942675,0.15263692150300834,0.02591578837756899,0.9941867920658243,0.886261437298824,1.0,0.05294481801741567,0.9731940338487081,0.2619047619047619,0.0,0.23764878782556645,0.0,ahead_vae,ahead,False,0.07288157194852829,2.185351848602295,2.9144139289855957,1.5838085412979126,vae_candidate_pool_v1,belief_limited_heuristic_v1,735
VAE000194,vae_candidate_000194,0.5173643604903869,-1666.207763671875,-6439.80322265625,6764.929275547404,1.3259887939465833,-0.0027874435811273417,4.203966283404621,19,8513.789540237553,2953.233304928596,0.7556713085556787,1.8128164160620825,4907.615382237565,0.5693441314469204,0.027279299025661608,0.9211273608751698,0.9708558127559682,1.0,0.09445891356945983,0.8361784577337936,0.4523809523809524,0.0,0.23648425803154266,0.0,starboard_vae,starboard,False,0.050354376435279846,2.3829894065856934,2.992182493209839,1.9338188171386719,vae_candidate_pool_v1,belief_limited_heuristic_v1,736
VAE000931,vae_candidate_000931,0.5164593706573353,3269.792724609375,-8848.0888671875,9659.242904358307,1.8960184576878312,0.024465726777726605,6.3410279884455125,21,8268.545254809347,2305.061615666572,1.101812381013207,1.2700399226796881,4651.090107365859,0.06949905824476921,4.717947929088481e-05,0.9987929561902431,0.955112683149947,1.0,0.13772654762665087,0.8130969402704498,0.5,0.0,0.2710685405560068,0.0,starboard_vae,starboard,False,0.04757173731923103,0.9378438591957092,1.9983476400375366,1.5757408142089844,vae_candidate_pool_v1,belief_limited_heuristic_v1,737
VAE001172,vae_candidate_001172,0.5162902691422284,-664.8689575195312,-6384.8837890625,6991.929469293978,1.3255242310727953,0.05223633899451818,5.537483573771471,14,8122.265426316955,2063.7651130571808,0.8352002033612427,1.8683047615115165,4354.056397511054,0.19256279197393744,0.018574295675164793,0.9907585023672328,0.9560698309372438,1.0,0.10440002542015533,0.9946658379213648,0.3333333333333333,0.0,0.2934416147912785,0.0,starboard_vae,starboard,False,0.0936485230922699,1.749884843826294,2.4844326972961426,1.0963490009307861,vae_candidate_pool_v1,belief_limited_heuristic_v1,738
VAE000131,vae_candidate_000131,0.5162812004162156,998.2947998046875,-6729.1796875,7133.837034285536,1.7534548545470745,0.07790767461822047,5.36121598350199,23,7871.090038174034,2706.0836660023383,1.0798209168272113,1.4660454736609394,3514.24703866585,0.36354760625435034,0.014463223851783244,0.967320603331416,0.9945186442597344,0.8367254853966309,0.1349776146034014,0.839895878889284,0.5476190476190477,0.0,0.24834763359887882,0.0,starboard_vae,starboard,False,0.05081483721733093,2.4042375087738037,2.0105481147766113,1.2055799961090088,vae_candidate_pool_v1,belief_limited_heuristic_v1,739
VAE000235,vae_candidate_000235,0.5160255036250303,746.6502685546875,6085.5791015625,6129.254863867367,-1.4702806640110069,0.1567790819568597,3.86951958892426,21,8769.912843531578,2401.94592877245,0.9969211064711885,-1.5145329076219265,2891.3101594937116,0.17768833757956437,0.07215150640030434,0.9921274598170313,0.9984176313227704,0.688407180831836,0.12461513830889856,0.8394949727365321,0.5,0.0,0.2661973939227895,0.0,port_vae,port,False,0.1237679272890091,1.2370747327804565,2.302349805831909,1.8312301635742188,vae_candidate_pool_v1,belief_limited_heuristic_v1,740
VAE000170,vae_candidate_000170,0.5154530362783618,2326.6884765625,-7393.5126953125,7425.794259503023,1.9730617678725164,-0.0876059814668105,6.144777001863372,13,8682.99546355404,2918.427882877148,0.5130087968086173,1.0809249042504663,6660.658743602749,0.2113144003020868,0.008439905986942976,0.9888780351005915,0.8823933631957461,1.0,0.06412609960107717,0.996818494442204,0.30952380952380953,0.0,0.23700276091639852,0.0,starboard_vae,starboard,False,0.0921926349401474,2.1616454124450684,2.9602010250091553,1.1931650638580322,vae_candidate_pool_v1,belief_limited_heuristic_v1,741
VAE000303,vae_candidate_000303,0.5152448928115323,221.93321228027344,-6759.03955078125,6601.737997565011,1.612487368489628,-0.16299312430227378,4.4352491651407195,9,8565.423532804598,2767.760349469196,0.3796340724220383,1.3661121607978919,4450.974234663814,0.48256126587605186,0.03553085116230558,0.9429046377246629,0.9791252291182141,1.0,0.047454259052754785,0.9214191277504503,0.21428571428571427,0.0,0.24486751685820407,0.0,starboard_vae,starboard,False,0.062301501631736755,2.040576457977295,2.9677975177764893,1.1863385438919067,vae_candidate_pool_v1,belief_limited_heuristic_v1,742
VAE000259,vae_candidate_000259,0.515075256750946,549.556884765625,5285.84326171875,5367.599073809879,-1.6492499059727406,0.09191252245933296,3.9968244115658154,0,8124.560812586969,1953.2320263938132,0.0,-1.4004302251577196,3302.4183526489173,0.02447878614104626,0.1892337846735406,0.999850204737403,0.9855227629268056,0.7862900839640279,0.0,0.8718957741738317,0.0,0.0,0.3069534155577919,0.0,port_vae,port,False,0.11957690864801407,0.8063468933105469,2.4556024074554443,1.8890410661697388,vae_candidate_pool_v1,belief_limited_heuristic_v1,743
VAE000200,vae_candidate_000200,0.5147829935776713,101.60498046875,-5684.728515625,5843.9372662430915,1.5978284762567176,-0.06930220600253044,5.325589734560696,0,8472.197664121999,2888.5367498093433,0.0,1.4744619713305458,3690.045768594354,0.4575977076690343,0.10623527864057133,0.9485582020352121,0.9953634333736273,0.8785823258557985,0.0,0.9058423065680152,0.0,0.0,0.2406645532035002,0.0,starboard_vae,starboard,False,0.05982396379113197,0.9396835565567017,1.4982972145080566,1.8826134204864502,vae_candidate_pool_v1,belief_limited_heuristic_v1,744
VAE000603,vae_candidate_000603,0.5145311639964405,133.01663208007812,-6407.2822265625,6890.04327403885,1.5961723797425844,-0.070447614985706,6.3953157346943765,17,8530.438458385517,2473.0794262086433,0.8058227100228728,1.4749726588615035,3277.9015176645853,0.29845156868403966,0.022124792942942516,0.9778964682046005,0.9954124242711639,0.7804527423010917,0.1007278387528591,0.9999402711613017,0.40476190476190477,0.0,0.26087200713761377,0.0,starboard_vae,starboard,False,0.08659201860427856,2.32411789894104,2.981292724609375,1.5531704425811768,vae_candidate_pool_v1,belief_limited_heuristic_v1,745
VAE000599,vae_candidate_000599,0.5143912259875619,-2162.4248046875,5231.05908203125,5599.141946588519,-1.2035797367821968,-0.14145488251370747,4.977018646408807,20,8283.851848899856,2144.6590209105307,1.1257434243480446,-2.079467799321304,5907.508248911964,0.6191922626302027,0.14446907201836698,0.9071737574602776,0.8733922941489584,1.0,0.14071792804350558,0.7886831252939638,0.47619047619047616,0.0,0.287532111860896,0.0,port_vae,port,False,0.044747840613126755,0.8695237040519714,2.4556374549865723,1.4862086772918701,vae_candidate_pool_v1,belief_limited_heuristic_v1,746
VAE000232,vae_candidate_000232,0.5140477926644023,465.0631408691406,6221.71728515625,6525.395609431201,-1.5161622824630547,0.38258117256208407,6.107971977701478,12,8267.391912580742,2439.2694827252017,0.5950492853298573,-1.2428491985646544,4972.198948915426,0.25528659703371215,0.04006783953620949,0.9837954815813936,0.9467055684021813,1.0,0.07438116066623217,0.8543593797692031,0.2857142857142857,0.0,0.2638046371493552,0.0,port_vae,port,False,0.052644286304712296,2.0255661010742188,1.4932773113250732,1.4623584747314453,vae_candidate_pool_v1,belief_limited_heuristic_v1,747
VAE000031,vae_candidate_000031,0.5136137571063552,3535.794677734375,3780.62158203125,5137.440678758114,-2.3887791845976993,0.1745312288015341,5.644309849635622,11,8086.87835948982,3312.867076562007,0.41058942880551913,-0.5782822401905596,8582.742206365781,0.0077301273424779104,0.24254790458701248,0.9999850613572056,0.5465862870497884,1.0,0.05132367860068989,0.8178357061876983,0.2619047619047619,0.0,0.2275637507335487,0.0,ahead_vae,ahead,False,0.12639978528022766,1.2504583597183228,1.8553266525268555,1.6061147451400757,vae_candidate_pool_v1,belief_limited_heuristic_v1,748
VAE001000,vae_candidate_001000,0.5135232820567719,2613.64013671875,-7148.4794921875,8005.758639945303,1.9290404433459007,0.19945066717719154,5.601691231823464,6,7719.955059379338,2817.0178762094456,0.2758969346534697,1.4120028774210838,4002.309340631838,0.2054983692553065,0.002631069593410113,0.9894797056620974,0.9874187902258548,0.9529307953885329,0.03448711683168371,0.9693498102654001,0.14285714285714285,0.0,0.2424987717199105,0.0,starboard_vae,starboard,False,0.07186949998140335,1.5339927673339844,2.1016366481781006,1.5060088634490967,vae_candidate_pool_v1,belief_limited_heuristic_v1,749
VAE000482,vae_candidate_000482,0.5135028923678157,-608.8551635742188,-665.0060424804688,980.3296253229553,0.8849778817398032,0.0667276829086558,5.191641838060365,24,8198.822435169655,2725.5149206732426,1.0740171022880118,2.323342454758646,7593.383447434439,0.6185886742695333,0.6831812509233528,0.9073488378524254,0.7299509595577648,1.0,0.13425213778600148,0.8133170211267298,0.5714285714285714,1.0,0.39091545231536706,0.39091545231536706,inside_convoy_envelope,inside,True,0.04759770631790161,0.6906240582466125,2.4846436977386475,1.527227759361267,vae_candidate_pool_v1,belief_limited_heuristic_v1,750
VAE000439,vae_candidate_000439,0.5133064432837409,-1414.248779296875,-124.52630615234375,1074.4698370543128,-0.019144752992494712,-0.06688960344967468,4.356425445676318,22,8111.747065066975,2797.667350136376,0.9694205148303376,3.0938478031326135,8236.02663702736,0.6357940557005436,0.7173855780408405,0.9023002133637845,0.0477267128972065,1.0,0.1211775643537922,0.8387421628551356,0.5238095238095238,0.0,0.36806962394562637,0.0,astern_vae,astern,False,0.1238613948225975,1.1707050800323486,1.5152788162231445,1.3658117055892944,vae_candidate_pool_v1,belief_limited_heuristic_v1,751
VAE001220,vae_candidate_001220,0.5125643396182685,-4437.83642578125,3165.156005859375,5111.616277454571,-0.661421461348061,-0.11128939019155915,3.5445934772316576,12,7987.092415767504,2780.5009537885776,0.5403429483196848,-2.5914605824332915,8262.286114137853,0.33423906613399135,0.24908647154674007,0.9723301038937886,0.5227998182713445,1.0,0.0675428685399606,0.9765895455840992,0.2857142857142857,0.0,0.24790192228384025,0.0,astern_vae,astern,False,0.07383512705564499,1.0720324516296387,2.8512778282165527,1.3571749925613403,vae_candidate_pool_v1,belief_limited_heuristic_v1,752
VAE000998,vae_candidate_000998,0.5124851273425588,-1487.536865234375,-6825.9443359375,6644.121682075656,1.4111060657240442,-0.19494777934683008,6.630849669817094,26,8398.090175081572,2722.5768590327493,1.1371366720743739,1.5355388085189194,3016.919302647644,0.3132613598394569,0.03320607402122805,0.975666800467784,0.999378518086475,0.7183141196780105,0.14214208400929673,0.7785266224996239,0.6190476190476191,0.0,0.24725922523555988,0.0,starboard_vae,starboard,False,0.13093040883541107,2.0225424766540527,2.4861676692962646,1.8037923574447632,vae_candidate_pool_v1,belief_limited_heuristic_v1,753
VAE000327,vae_candidate_000327,0.5118932785279824,-118.0181884765625,-5610.716796875,5658.404776467376,1.4447687222040597,-0.02195321103588839,5.302291355881537,2,7910.634608124792,2529.4265345504846,0.09995317652003222,1.6748707203498452,3337.5492337874034,0.4104863607170004,0.1343868826391663,0.9584634232173577,0.9945891469112267,0.7946545794731913,0.012494147065004027,0.8851688038627746,0.047619047619047616,0.0,0.26004159774799407,0.0,starboard_vae,starboard,False,0.05678848177194595,1.0433847904205322,1.5091831684112549,1.5025694370269775,vae_candidate_pool_v1,belief_limited_heuristic_v1,754
VAE000525,vae_candidate_000525,0.5118776423053572,-1492.1796875,5400.45556640625,5985.421068900487,-1.3336104527639239,0.17106350359680203,3.554033928377491,14,7469.298605319941,2414.09307329636,0.7764155125275765,-1.6369186972290672,2902.3455003272675,0.45921992510353804,0.08802777571715982,0.9481992688162364,0.9978147124418412,0.6910346429350637,0.09705193906594706,0.9918126629203712,0.3333333333333333,0.0,0.26746840826753715,0.0,port_vae,port,False,0.07935401797294617,2.201568126678467,2.4613101482391357,1.181517243385315,vae_candidate_pool_v1,belief_limited_heuristic_v1,755
VAE000434,vae_candidate_000434,0.5117993081007238,-368.99847412109375,6362.54736328125,6645.122079959753,-1.6003135407142213,-0.08744638787170096,4.630670362857,19,8410.658970505086,2775.712404200136,0.8138588883660355,-1.6287255007472727,3258.006423226283,0.5271185026188363,0.03315280741045954,0.9321300897724585,0.9983225745718272,0.7757158150538769,0.10173236104575444,0.9594561361242695,0.4523809523809524,0.0,0.24464058393803612,0.0,port_vae,port,False,0.06951279193162918,1.7914621829986572,2.939180374145508,1.891444206237793,vae_candidate_pool_v1,belief_limited_heuristic_v1,756
VAE000068,vae_candidate_000068,0.5115556504218035,3394.6376953125,7129.9765625,7473.291527805227,-1.9911653255483812,-0.17016316129621867,4.156276905293399,17,9269.545238609891,2090.765524979477,0.877172813043059,-1.3205904893376306,4320.8330207220215,0.12620274447274404,0.0077082764282537485,0.9960234988826853,0.9688614761831603,1.0,0.10964660163038238,0.8640359231858817,0.40476190476190477,0.0,0.2892393404530812,0.0,port_vae,port,False,0.0539059042930603,0.8689697980880737,1.9160737991333008,1.7845802307128906,vae_candidate_pool_v1,belief_limited_heuristic_v1,757
VAE000495,vae_candidate_000495,0.5113181336178835,2076.08544921875,6600.7236328125,6907.649475128087,-2.029410185997375,-0.08950521303897885,5.286456195070001,11,7630.404987762761,2275.9549190805105,0.6334049319622811,-1.2016876806313967,4875.597745613755,0.2667638852902936,0.021472062510878173,0.9823145109369189,0.9326493024935221,1.0,0.07917561649528514,0.9896943874501517,0.2619047619047619,0.0,0.2759112127285562,0.0,port_vae,port,False,0.07838451862335205,2.015089511871338,1.9374785423278809,1.2725787162780762,vae_candidate_pool_v1,belief_limited_heuristic_v1,758
VAE000431,vae_candidate_000431,0.5111523793513075,2566.289306640625,-8762.0966796875,9289.311938092915,1.9886098490454265,-0.021088071833641902,4.273417843729575,16,8318.998423521027,3102.978877462803,0.6198264733148328,1.1318947327107252,6343.9956590366255,0.09985059327329293,0.00012689638205847062,0.997509534978271,0.9052189717647238,1.0,0.0774783091643541,0.8055739101229945,0.38095238095238093,0.0,0.2289840182134538,0.0,starboard_vae,starboard,False,0.12784305214881897,2.016353130340576,2.4877002239227295,1.9307523965835571,vae_candidate_pool_v1,belief_limited_heuristic_v1,759
VAE000143,vae_candidate_000143,0.5105317887318181,997.3692016601562,-5557.09423828125,5780.243965561552,1.701771241757494,0.3540631834788513,6.141986105491152,6,7787.258147003455,2104.4406070464656,0.3661255232108183,1.793884595311151,3775.1619055287483,0.32489982581770693,0.11533276748407922,0.973841354078255,0.9752188449679687,0.89884807274494,0.04576569040135229,0.8558881205275206,0.14285714285714285,0.0,0.2915190599259105,0.0,starboard_vae,starboard,False,0.052841462194919586,1.1434227228164673,1.975457787513733,1.2921535968780518,vae_candidate_pool_v1,belief_limited_heuristic_v1,760
VAE000938,vae_candidate_000938,0.5104777614469943,943.1472778320312,-6552.90673828125,6595.46746477976,1.6255957722648922,-0.06771546740302058,5.4492924030357885,17,8289.618723863283,2365.0090422936205,0.8671247053710539,1.4482814139218798,3360.345093844652,0.2625976733920665,0.03588627976009328,0.9828594535116295,0.9925044307502585,0.8000821652011076,0.10839058817138174,0.8924303053837573,0.40476190476190477,0.0,0.268723617770785,0.0,starboard_vae,starboard,False,0.05782688409090042,2.2725884914398193,2.975555896759033,1.09207284450531,vae_candidate_pool_v1,belief_limited_heuristic_v1,761
VAE001092,vae_candidate_001092,0.5099004681363399,811.606201171875,6072.20263671875,6638.349642220482,-1.8302220040526118,-0.046926032919008216,5.603020922624306,13,7978.849068576724,2506.37170092337,0.6500662576321379,-1.3582966824561895,4132.766329716349,0.45675637723358964,0.033514836784948404,0.9487438907337874,0.9775067841828229,0.9839919832657974,0.08125828220401723,0.844737107401273,0.30952380952380953,0.0,0.25984621422090026,0.0,port_vae,port,False,0.05142024904489517,1.385270357131958,1.5015628337860107,1.7560601234436035,vae_candidate_pool_v1,belief_limited_heuristic_v1,762
VAE001030,vae_candidate_001030,0.509828231058175,274.347412109375,-6661.283203125,6134.492548747374,1.533004269470178,0.08613037650761188,4.01291649896557,13,7999.129858828914,2194.633836686434,0.7405229699299823,1.6947187606272271,3166.5406139384377,0.31793940600567483,0.07162027674060772,0.974940798170338,0.9923314364334568,0.7539382414139137,0.09256537124124779,0.9669827878594058,0.30952380952380953,0.0,0.2827757591889496,0.0,starboard_vae,starboard,False,0.07127630710601807,1.775855541229248,2.486008405685425,1.5120478868484497,vae_candidate_pool_v1,belief_limited_heuristic_v1,763
VAE000607,vae_candidate_000607,0.5095927796738025,1440.46533203125,496.69671630859375,1321.693383906838,-2.6545679247431613,-0.14144618962864605,5.302060161622984,10,8134.8691143438,2113.3239834621913,0.5816789510879792,-0.6284709184752779,7822.959829506307,1.784212920339206,0.8026788385467517,0.39409989461608486,0.587908529752619,1.0,0.0727098688859974,0.98820984792776,0.23809523809523808,0.0,0.3647703500415923,0.0,ahead_vae,ahead,False,0.07776274532079697,1.1053149700164795,2.4673428535461426,1.5992013216018677,vae_candidate_pool_v1,belief_limited_heuristic_v1,764
VAE000937,vae_candidate_000937,0.5093580574165358,1224.25390625,-9515.822265625,9646.748967822321,1.6510103069675681,-0.070280371546232,4.939817038158102,15,7930.168880723305,2733.615350164224,0.6919447497725739,1.4203019750759929,3891.6632750793383,0.13746433809348654,4.8823869810524696e-05,0.9952833233290834,0.988697082121667,0.9265864940665092,0.08649309372157174,0.7721687170799509,0.35714285714285715,0.0,0.24523962375996375,0.0,starboard_vae,starboard,False,0.042893186211586,1.8158413171768188,2.940430164337158,1.8743219375610352,vae_candidate_pool_v1,belief_limited_heuristic_v1,765
VAE000889,vae_candidate_000889,0.5091228859817429,129.1820068359375,6826.06982421875,6910.242267298519,-1.415233449574679,0.1797734570006921,3.8466358314363824,15,7976.553229666783,3066.048086593369,0.6133339846657954,-1.546585747014422,3258.2476580136486,0.25926201384629355,0.02137736656442808,0.9832897184228055,0.9997069382286657,0.7757732519080116,0.07666674808322442,0.8428228301220971,0.35714285714285715,0.0,0.23272592032501765,0.0,port_vae,port,False,0.05118006467819214,2.026949882507324,2.368272304534912,1.3511974811553955,vae_candidate_pool_v1,belief_limited_heuristic_v1,766
VAE001032,vae_candidate_001032,0.5089521835141952,103.4727783203125,-6616.89208984375,6371.018947343835,1.5933145954585473,0.03384037339585435,6.033653695385128,27,8251.783471589388,2185.0092087852418,1.497485648857311,1.5821184315271,2278.294722680339,0.2547368991501793,0.0507468484829949,0.9838648140886816,0.999935905656909,0.5424511244476997,0.18718570610716387,0.9643787557158626,0.6428571428571429,0.0,0.28294045400750883,0.0,starboard_vae,starboard,False,0.10388635098934174,1.5888571739196777,2.9882020950317383,1.2400619983673096,vae_candidate_pool_v1,belief_limited_heuristic_v1,767
VAE000598,vae_candidate_000598,0.5088107045779385,3447.91357421875,-8233.2119140625,8939.18322639117,2.0594026204908404,0.23421039895895557,3.435519599324287,14,8126.838879417759,2290.404442569418,0.752132246292986,1.3164004320579086,4261.895635200512,0.08787512945202793,0.0003086356200428114,0.9980707323753222,0.9678155018871843,1.0,0.09401653078662325,0.8395064438427529,0.3333333333333333,0.0,0.2726685472771294,0.0,starboard_vae,starboard,False,0.05076642334461212,0.6771448254585266,2.4631149768829346,1.843342661857605,vae_candidate_pool_v1,belief_limited_heuristic_v1,768
VAE000182,vae_candidate_000182,0.5087691701773789,3915.388427734375,-5766.66259765625,6902.115840047143,2.138983960342383,0.09745613045170505,5.204742458396681,17,7847.819250221636,2461.146701771603,0.8801616221045808,1.100064823699115,5752.751404110848,0.281197947076965,0.021675387259522335,0.9803618446771313,0.8912367619674333,1.0,0.1100202027630726,0.8815223859120601,0.40476190476190477,0.0,0.26258344623314983,0.0,ahead_vae,ahead,False,0.05627705156803131,0.7661420702934265,2.9356203079223633,1.906139850616455,vae_candidate_pool_v1,belief_limited_heuristic_v1,769
VAE000543,vae_candidate_000543,0.5081829625169481,3687.655517578125,-1522.659423828125,4531.83494382431,2.762493026645807,-0.19707337277520168,5.49750222736232,21,8442.129325152519,2393.532049583111,1.0392691764757118,0.18202625416878543,8735.939866595621,0.008633208513121104,0.42353659618872275,0.9999813670434224,0.1810227219243697,1.0,0.12990864705946398,0.8655902957340063,0.5,0.0,0.2708527523695991,0.0,ahead_vae,ahead,False,0.05411168560385704,1.2369427680969238,2.511121988296509,1.588011384010315,vae_candidate_pool_v1,belief_limited_heuristic_v1,770
VAE000073,vae_candidate_000073,0.5081038834576552,3602.310546875,6296.93408203125,7428.215144091709,-2.0859861524885015,-0.4023045030366531,3.8056607804349225,24,7323.968739858021,2053.4243826393167,1.5958278688842709,-1.4579110041379448,2865.368539224579,0.06304855435374668,0.008401162689048856,0.9990065491044554,0.9936352151949965,0.6822306045772807,0.19947848361053386,0.9945155619084596,0.5714285714285714,0.0,0.29529029629656844,0.0,ahead_vae,ahead,False,0.09373804181814194,1.8534388542175293,1.506710410118103,1.8411462306976318,vae_candidate_pool_v1,belief_limited_heuristic_v1,771
VAE000419,vae_candidate_000419,0.5080675298961748,-1229.89111328125,-5808.73486328125,5762.136222848474,1.2516490302149286,0.05204861125441725,3.1836437380300304,10,8157.762076544867,1824.7720571816449,0.6717695948204809,1.9419922346292815,4659.56080069129,0.4414431787425982,0.11802551621879732,0.9520680072296979,0.9318942202758663,1.0,0.08397119935256012,0.8893634047704656,0.23809523809523808,0.0,0.3214549274152177,0.0,starboard_vae,starboard,False,0.057384949177503586,1.4985225200653076,2.4876914024353027,1.2493566274642944,vae_candidate_pool_v1,belief_limited_heuristic_v1,772
VAE000395,vae_candidate_000395,0.5077950206991063,1185.1900634765625,8751.8359375,8463.469050115495,-1.8286099198832833,-0.1985167495167849,3.8864276455637543,14,8014.067847523488,2866.6492972875553,0.6093972017974445,-1.5114994832232949,3336.541533455632,0.2810644685005095,0.0009586067173168956,0.9803803610004282,0.9982424572387395,0.7944146508227695,0.07617465022468056,0.936203002152684,0.3333333333333333,0.0,0.2394402505601447,0.0,port_vae,port,False,0.10967253148555756,1.8371460437774658,2.9787380695343018,1.5387401580810547,vae_candidate_pool_v1,belief_limited_heuristic_v1,773
VAE000059,vae_candidate_000059,0.5075594646830057,962.2395629882812,-6545.8955078125,6732.467152524588,1.8255062617166662,-0.15795218533322308,6.0178259665656855,9,8174.999051941899,2314.0345929927216,0.47575674201253565,1.158134206539904,5398.36471741627,0.2985755366702125,0.028774793344212977,0.9778782387231957,0.9160564283414792,1.0,0.059469592751566956,0.9976226601977141,0.21428571428571427,0.0,0.27240250782286796,0.0,starboard_vae,starboard,False,0.09152393043041229,1.7859132289886475,1.4863379001617432,1.2821840047836304,vae_candidate_pool_v1,belief_limited_heuristic_v1,774
VAE000330,vae_candidate_000330,0.5072430373295396,-3965.1484375,-1631.27978515625,4496.878084970099,0.2663407811109087,-0.1087492010889366,4.587010826860129,7,7926.789125241579,2423.4761738157604,0.3643862500977563,2.766502671389948,8263.532076593438,0.23047778263875854,0.43553871513513576,0.9867786800871461,0.3663562567259099,1.0,0.04554828126221954,0.7085565745879092,0.16666666666666666,0.0,0.2697023589465755,0.0,astern_vae,astern,False,0.03604429215192795,2.1984972953796387,1.5044294595718384,1.434434413909912,vae_candidate_pool_v1,belief_limited_heuristic_v1,775
VAE000800,vae_candidate_000800,0.5072046118674441,2678.327392578125,-5441.0107421875,5619.296070006186,2.055757837287304,-0.055859381521318204,3.1379614190866665,6,7560.491100610582,1752.8938513354435,0.45273662208550425,1.0299754347811707,5395.174474841891,0.19456046027611373,0.14097916923820406,0.9905663714346385,0.857286342292352,1.0,0.05659207776068803,0.9747006538264336,0.14285714285714285,0.0,0.3320484701519246,0.0,ahead_vae,ahead,False,0.07329704612493515,0.6680335998535156,2.957186222076416,1.4321200847625732,vae_candidate_pool_v1,belief_limited_heuristic_v1,776
VAE000295,vae_candidate_000295,0.5070840601789156,4124.974609375,7798.3779296875,9029.985596057586,-1.950961931839891,0.06309596526785546,5.655356649921611,20,8660.591134068774,1995.0862471447538,1.1574994270226788,-1.1275347564820466,5516.700891330493,0.2224321090482455,0.0002461925050675239,0.987681902661167,0.9033576218708421,1.0,0.14468742837783485,0.9738139551768918,0.47619047619047616,0.0,0.29851596102331407,0.0,port_vae,port,False,0.07305113226175308,1.7279627323150635,2.026954174041748,1.1873729228973389,vae_candidate_pool_v1,belief_limited_heuristic_v1,777
VAE000246,vae_candidate_000246,0.5068601335731788,-3686.63134765625,4974.6103515625,5806.543204851637,-0.8098920040163822,-0.11363634461359537,5.051799391581509,11,7876.265199359346,3571.5204701543125,0.3910382231452427,-2.4453369941870062,8333.64884918755,0.08969152333948704,0.11150629673313094,0.9979902055299514,0.6413493482886562,1.0,0.04887977789315534,0.9829761281306854,0.2619047619047619,0.0,0.21916342932605914,0.0,astern_vae,astern,False,0.09870151430368423,0.7151995897293091,1.9359837770462036,1.8543591499328613,vae_candidate_pool_v1,belief_limited_heuristic_v1,778
VAE000880,vae_candidate_000880,0.5063050088123932,-1786.68017578125,186.96359252929688,1270.9607428370336,-0.1851654007312699,-0.08637532475831144,6.338417206525825,18,8320.77717327421,2968.710165543772,0.7286866508435652,-3.0428025776168344,8573.00925286997,1.0447907976910034,0.7858654479688292,0.7510414297746841,0.09862946442011539,1.0,0.09108583135544565,0.756987448205364,0.42857142857142855,0.0,0.33091842228480656,0.0,astern_vae,astern,False,0.04122080281376839,1.6777642965316772,1.4894939661026,1.20930016040802,vae_candidate_pool_v1,belief_limited_heuristic_v1,779
VAE000387,vae_candidate_000387,0.5062856160120002,391.2540283203125,5806.47900390625,5458.520554599721,-1.5790511157584808,0.21429225800681545,5.017423368477318,13,8439.928055566173,1511.9255720036676,1.0187654197726703,-1.348249279824497,3337.4542182844602,0.3260351470149425,0.1706150287305278,0.9736598436097927,0.975338443290886,0.7946319567343954,0.1273456774715838,0.8987445169619874,0.30952380952380953,0.0,0.37111805655847946,0.0,port_vae,port,False,0.0587533600628376,0.6883403062820435,2.4566006660461426,1.1907546520233154,vae_candidate_pool_v1,belief_limited_heuristic_v1,780
VAE000274,vae_candidate_000274,0.5057402583068368,3888.1474609375,3347.29736328125,5148.703391799528,-2.4898276155942365,0.010566003704408489,4.905878972884843,3,8057.554404137905,2700.834585842029,0.13785420619770042,-0.6411990342911481,8072.678331251196,0.172964775045505,0.2397313498032058,0.9925394242247627,0.598156752161549,1.0,0.017231775774712552,0.8901788726029531,0.07142857142857142,0.0,0.2515679614886902,0.0,ahead_vae,ahead,False,0.05750196427106857,2.1190085411071777,2.976952075958252,1.7678017616271973,vae_candidate_pool_v1,belief_limited_heuristic_v1,781
VAE000062,vae_candidate_000062,0.5057198857670643,-1276.7958984375,-5804.52685546875,5957.544413873643,1.373467362562371,-0.16940355370435742,5.073726051984943,19,8300.270170403754,2283.8779825522943,1.002278638736532,1.5987217373230653,2514.7458510926112,0.5081804742968806,0.09140439884882254,0.9368156567591162,0.9996101110616151,0.5987490121649074,0.1252848298420665,0.9837026908317942,0.4523809523809524,0.0,0.2755060391196792,0.0,starboard_vae,starboard,False,0.07608015090227127,1.3556162118911743,2.4409983158111572,1.8962340354919434,vae_candidate_pool_v1,belief_limited_heuristic_v1,782
VAE000425,vae_candidate_000425,0.5055940160388607,-574.7970581054688,6198.775390625,6089.63283760008,-1.468738942809987,0.12070042521776776,6.066061535383748,20,8474.548934812643,2939.2217483832155,0.8029362241743435,-1.5521532855620384,3096.6931942216784,0.6335305591601336,0.07627426002982672,0.9029712331233614,0.9998262235400712,0.7373079033861138,0.10036702802179294,0.8099259714406442,0.47619047619047616,0.0,0.23808617709091198,0.0,port_vae,port,False,0.047198664397001266,1.0959872007369995,2.460691213607788,1.1210508346557617,vae_candidate_pool_v1,belief_limited_heuristic_v1,783
VAE000951,vae_candidate_000951,0.505450214535088,3674.799072265625,1310.432373046875,4234.921805280187,-2.8661834450126036,-0.09730506429459063,6.737784071434035,16,7595.219201702065,1228.0644661483502,1.7153727433800787,-0.37271427287178016,7520.942751486873,0.1218430251846594,0.529155881941818,0.9962931586044961,0.3641446876197499,1.0,0.21442159292250984,0.7906951366115815,0.38095238095238093,0.0,0.4436162667577505,0.0,ahead_vae,ahead,False,0.1295562982559204,2.37768292427063,1.507792353630066,1.6555593013763428,vae_candidate_pool_v1,belief_limited_heuristic_v1,784
VAE000386,vae_candidate_000386,0.5051593551831264,-4088.1484375,-5071.7255859375,6092.204174984076,0.8985115004123962,-0.019203689251235438,4.748710443410881,15,7482.820218652991,2221.577201556926,0.9023282160776018,2.223877463926162,6311.244472086615,0.3634453110979844,0.07600106869007585,0.9673387885662953,0.7942153604229629,1.0,0.11279102700970023,0.9997824479681707,0.35714285714285715,0.0,0.28141757183204624,0.0,astern_vae,astern,False,0.08855368196964264,1.4215606451034546,2.933790683746338,1.242506504058838,vae_candidate_pool_v1,belief_limited_heuristic_v1,785
VAE000272,vae_candidate_000272,0.5050684281276048,3203.46240234375,-6188.20361328125,7106.195934645416,2.0495174888854253,0.2623607575997259,3.46388025175387,1,8644.202756623776,2686.332518427033,0.043064091110168276,1.3544359223040943,4479.406932560389,0.04387979951798959,0.015194519900308998,0.9995187180291687,0.9766852514516732,1.0,0.0053830113887710345,0.8768477289336576,0.023809523809523808,0.0,0.2482653449519209,0.0,starboard_vae,starboard,False,0.055630482733249664,0.7800319790840149,2.537153482437134,1.6697365045547485,vae_candidate_pool_v1,belief_limited_heuristic_v1,786
VAE000380,vae_candidate_000380,0.5049842160585717,-2847.46875,4612.4375,5219.588805734088,-1.067284492658552,-0.1534582019639845,3.819476259555824,16,8218.984997258627,2108.061020686923,0.9234611236255313,-2.2277663628952253,6688.762120422006,0.7174867093057773,0.22249495384543289,0.8767302891590452,0.7918463242519478,1.0,0.11543264045319142,0.752957000429759,0.38095238095238093,0.0,0.2916466907780079,0.0,astern_vae,astern,False,0.04078143090009689,2.025540828704834,2.9375956058502197,1.1038074493408203,vae_candidate_pool_v1,belief_limited_heuristic_v1,787
VAE000856,vae_candidate_000856,0.504730723753442,168.51974487304688,-6709.412109375,6783.493592308396,1.655305193517187,0.14334755651621256,5.869466431390759,25,8142.124525118845,2686.1458143531854,1.1430696250995795,1.6296350165888198,3160.2930119771777,0.5335837354319375,0.026454521759349356,0.9304949180336495,0.998269503625065,0.7524507171374233,0.14288370313744744,0.825486927719285,0.5952380952380952,0.0,0.24931632476503288,0.0,starboard_vae,starboard,False,0.049049943685531616,1.1868441104888916,1.4874861240386963,1.059985637664795,vae_candidate_pool_v1,belief_limited_heuristic_v1,788
VAE000060,vae_candidate_000060,0.5043209677190578,1615.564453125,6357.99951171875,7185.990251878558,-1.8745416102607868,0.019513656950932608,5.937104707289114,6,8956.190524859789,2545.985780204321,0.26313096165457817,-1.2475373863780737,5259.126050723626,0.28538997556564705,0.01316754079161666,0.9797759675754762,0.9482052254545593,1.0,0.03289137020682227,0.9320638261093368,0.14285714285714285,0.0,0.25560807561269666,0.0,port_vae,port,False,0.0641196221113205,1.0592498779296875,2.106199264526367,1.6795601844787598,vae_candidate_pool_v1,belief_limited_heuristic_v1,789
VAE001214,vae_candidate_001214,0.5038156006171117,3682.929931640625,8531.103515625,8861.676021080099,-1.9825314735195283,0.039082654755924186,6.216303264266083,7,8597.127034474628,2563.6914146519107,0.3175988687935933,-1.1199785253143406,6053.339302687389,0.02381290866494723,0.00037339817377989823,0.9998582430440801,0.9000910858253784,1.0,0.03969985859919916,0.9930603697240313,0.16666666666666666,0.0,0.25381698750676934,0.0,port_vae,port,False,0.09454880654811859,0.7633336186408997,1.826225757598877,1.2343807220458984,vae_candidate_pool_v1,belief_limited_heuristic_v1,790
VAE001167,vae_candidate_001167,0.5036521978838282,3824.481201171875,-3520.384033203125,5585.2658371054185,2.333999538112774,-0.11252759265501346,8.332579103965449,12,8437.221932844523,2378.6083861230954,0.5979416800902233,0.695065522822006,8003.231376917618,0.09896861120813316,0.1469088435007628,0.9975533015512861,0.6404357632024402,1.0,0.07474271001127791,0.9944601042414875,0.2857142857142857,0.0,0.2691034206884892,0.0,ahead_vae,ahead,False,0.08076215535402298,2.1375374794006348,2.9596493244171143,1.8149023056030273,vae_candidate_pool_v1,belief_limited_heuristic_v1,791
VAE000739,vae_candidate_000739,0.5036518190963147,-4136.07177734375,-2579.762451171875,4926.964579373488,0.588508919046491,0.16363853467576697,4.098306073751532,19,8638.360686419785,2445.5094469157257,0.8994000813031262,2.716722269219069,8878.388351042977,0.3521691860319587,0.2990638163015139,0.9693133471250344,0.41220269342155075,1.0,0.11242501016289078,0.8711361504923973,0.4523809523809524,0.0,0.2659391551139104,0.0,astern_vae,astern,False,0.05485346168279648,2.0110597610473633,2.9569218158721924,1.4039745330810547,vae_candidate_pool_v1,belief_limited_heuristic_v1,792
VAE000582,vae_candidate_000582,0.503627483924464,3625.977783203125,4944.884765625,6453.211657516827,-2.1272815320497687,0.06461096231046508,6.628632367958058,12,7936.3012089910435,2359.153251134498,0.6409246132575154,-0.9497001592295594,6536.907904876024,0.08843415666373833,0.044798472487034266,0.9980461238555337,0.8132410559214382,1.0,0.08011557665718942,0.9851448919956711,0.2857142857142857,0.0,0.2698054674977271,0.0,ahead_vae,ahead,False,0.07659047096967697,1.8323705196380615,1.5210294723510742,1.6651995182037354,vae_candidate_pool_v1,belief_limited_heuristic_v1,793
VAE000103,vae_candidate_000103,0.5033539628069778,4692.0126953125,8927.1337890625,9187.013003546861,-1.9213130571473318,-0.008454970621978884,4.931687538125053,5,7825.889005536381,2664.3526542127247,0.23979747882660415,-1.2287345670644403,5135.032481859199,0.260718336699556,0.00016531388502637924,0.9831025292114731,0.9420650920031429,1.0,0.02997468485332552,0.9618753940547125,0.11904761904761904,0.0,0.24917884384668587,0.0,port_vae,port,False,0.10447154194116592,1.309682011604309,2.3738863468170166,1.2884693145751953,vae_candidate_pool_v1,belief_limited_heuristic_v1,794
VAE000155,vae_candidate_000155,0.5032039886772679,2783.169189453125,7129.95068359375,7840.804696553402,-1.9660326050217385,-0.2321612969586856,4.699240754973005,20,7515.599637904088,1968.14449861496,1.3521017604161683,-1.40772134552674,3162.2138726973335,0.011270975883747258,0.0037130246736314532,0.9999682416118612,0.9867327162817062,0.7529080649279365,0.16901272005202103,0.9970742419868825,0.47619047619047616,0.0,0.30346098773509955,0.0,port_vae,port,False,0.09199018776416779,2.2576375007629395,1.487748146057129,1.1694519519805908,vae_candidate_pool_v1,belief_limited_heuristic_v1,795
VAE000794,vae_candidate_000794,0.503132770134558,3216.00146484375,-6856.36328125,7198.259124377107,2.0367657933666528,0.08124827200196115,3.4459513333740626,6,9057.322761409412,2490.6418281622027,0.26597457810927755,1.186075132225101,5707.803448337805,0.014466945926692176,0.012878077246623302,0.9999476777814522,0.9269031045773518,1.0,0.033246822263659694,0.9196112273329455,0.14285714285714285,0.0,0.25885624976814214,0.0,starboard_vae,starboard,False,0.1125292032957077,0.6726183891296387,1.4993141889572144,1.7126688957214355,vae_candidate_pool_v1,belief_limited_heuristic_v1,796
VAE000642,vae_candidate_000642,0.5028255147995081,709.0986328125,5881.1171875,5858.093589042979,-1.585079300096264,-0.009178189201335408,6.786124545368102,7,8110.945484603969,2645.4677405258694,0.3262301438250563,-1.5656915426948645,2686.837717436266,0.23288615734805607,0.10429110136600166,0.9865021808215078,0.9999869706179403,0.6397232660562537,0.040778767978132034,0.8513758349046393,0.16666666666666666,0.0,0.2528292405956646,0.0,port_vae,port,False,0.05226166546344757,0.7838727235794067,2.957824945449829,1.5268460512161255,vae_candidate_pool_v1,belief_limited_heuristic_v1,797
VAE000873,vae_candidate_000873,0.5027862878014107,614.2551879882812,-6066.51318359375,6126.8051271042195,1.6727402944800542,-0.05567958096584763,5.432893042383293,8,7694.626100267847,2285.082246751432,0.45498871962471205,1.413172778143892,3464.5925696400136,0.10772933093809467,0.07240106269504386,0.9971014027734857,0.9876031072941829,0.8249029927714319,0.056873589953089006,0.807629676291256,0.19047619047619047,0.0,0.2760358891047468,0.0,starboard_vae,starboard,False,0.046929750591516495,0.8313500881195068,1.5203001499176025,1.2253555059432983,vae_candidate_pool_v1,belief_limited_heuristic_v1,798
VAE000080,vae_candidate_000080,0.5025175461539704,4018.5498046875,-1631.4859619140625,4857.08657975965,2.7234712867801103,-0.087881618976518,4.547735223396347,15,9384.267712070014,2378.5821357060972,0.6720053297816071,0.33023974783316423,9648.487739141605,0.08034890881168266,0.3194157565355129,0.9983868813441368,0.3242698306817997,1.0,0.08400066622270089,0.992636225039618,0.35714285714285715,0.0,0.2698191124225762,0.0,ahead_vae,ahead,False,0.09476885199546814,0.7350484132766724,2.515580177307129,1.21131432056427,vae_candidate_pool_v1,belief_limited_heuristic_v1,799
VAE000897,vae_candidate_000897,0.5024961052220592,1103.31884765625,-6315.37255859375,6331.6736983368,1.6830035812648658,0.04653669390218618,5.406292359297888,11,7309.516284060568,2328.1925902014455,0.646375883663631,1.5051257662271136,2802.8491683062466,0.19289048726495106,0.05381902877641798,0.9907271196838586,0.9978444635723404,0.6673450400729158,0.08079698545795387,0.988874723690535,0.2619047619047619,0.0,0.2732332130224073,0.0,starboard_vae,starboard,False,0.07803615182638168,0.84611576795578,2.6475954055786133,1.0991535186767578,vae_candidate_pool_v1,belief_limited_heuristic_v1,800
VAE000859,vae_candidate_000859,0.5023776985331544,3485.943603515625,3918.62646484375,5139.979832407936,-2.441521790353989,0.1633453217274059,4.693246586540712,7,7639.588761365033,2474.4046926032165,0.37030308334788115,-0.536725541508398,7830.592087700126,0.13346741234023485,0.24191105607150354,0.9955532194234615,0.5113247088962344,1.0,0.04628788541848514,0.9999809084063741,0.16666666666666666,0.0,0.2649679901039623,0.0,ahead_vae,ahead,False,0.08764776587486267,1.8667526245117188,1.9779269695281982,1.8671462535858154,vae_candidate_pool_v1,belief_limited_heuristic_v1,801
VAE000867,vae_candidate_000867,0.5021914658172715,3704.391357421875,-3102.087158203125,4919.027794335768,2.4675405812388362,0.05528433703458951,5.538884302644184,16,7766.693750516406,1352.5354193881428,1.523123626554758,0.729336409385547,6692.272868678702,0.23914156390597438,0.30133652826735924,0.9857708347227994,0.6663749974716117,1.0,0.19039045331934476,0.8198202647654361,0.38095238095238093,0.0,0.4077216128643039,0.0,ahead_vae,ahead,False,0.04836967960000038,1.299580454826355,2.9583890438079834,1.3056648969650269,vae_candidate_pool_v1,belief_limited_heuristic_v1,802
VAE000839,vae_candidate_000839,0.5020035456713168,-3549.505126953125,4282.04296875,5517.215642218779,-0.9500844784368694,-0.09859931259821632,2.3429766927464017,10,8555.330155643564,3179.561865884154,0.3676173046231423,-2.2901074877511403,8028.678102754306,0.5978809511070611,0.15931557265942736,0.9132651329963319,0.752259760646271,1.0,0.04595216307789279,0.8129601009415814,0.23809523809523808,0.0,0.230113532450002,0.0,astern_vae,astern,False,0.0475555956363678,2.0589871406555176,2.4549319744110107,1.1555603742599487,vae_candidate_pool_v1,belief_limited_heuristic_v1,803
VAE000761,vae_candidate_000761,0.5017902718243927,3795.794189453125,3576.025390625,5509.3919710202645,-2.4139434581610364,0.14352842600369595,3.8843376087211823,15,8187.8008678043525,2631.752941944134,0.6961115987904809,-0.5841207694250607,8281.563811660993,0.019242941012105334,0.1607894653367313,0.9999074301618338,0.5514661438302034,1.0,0.08701394984881011,0.9913539094977186,0.35714285714285715,0.0,0.2541276828893727,0.0,ahead_vae,ahead,False,0.09539850056171417,0.8491919636726379,1.5057975053787231,1.3776628971099854,vae_candidate_pool_v1,belief_limited_heuristic_v1,804
VAE001097,vae_candidate_001097,0.5017118414737134,-1112.80908203125,4997.16259765625,5963.863496649782,-1.378108005980665,0.24702156066644848,5.876503502451079,14,8624.68271271295,2392.449904682349,0.6784878199280685,-1.5164630869426796,2857.2958225264183,0.2232453337844431,0.09063014134778727,0.9875920417202078,0.9985243126086851,0.6803085291729567,0.08481097749100856,0.758429011745423,0.3333333333333333,0.0,0.26726364617429405,0.0,port_vae,port,False,0.04137840121984482,1.4785616397857666,2.931295394897461,1.1172395944595337,vae_candidate_pool_v1,belief_limited_heuristic_v1,805
VAE000437,vae_candidate_000437,0.5016718766653387,-918.3162231445312,-1160.4736328125,1671.8161109963764,0.9474849570797578,0.06164492280904595,4.138933850653098,11,8111.407721617068,1939.1051172051255,0.6993508400116619,2.255752619319082,6633.327748664434,1.5516998918391125,0.9046233310890733,0.5095476371576372,0.7744466988925762,1.0,0.08741885500145774,0.8267213684014025,0.2619047619047619,1.0,0.3525131839961888,0.3525131839961888,inside_convoy_envelope,inside,True,0.049199119210243225,1.1630580425262451,1.5117067098617554,1.0673487186431885,vae_candidate_pool_v1,belief_limited_heuristic_v1,806
VAE000770,vae_candidate_000770,0.5011842445739969,-485.70062255859375,5778.1953125,5368.515882232694,-1.379490898002054,-0.08588069116742673,7.933989341032261,3,8862.135171712922,1534.558271136288,0.2205969484246028,-1.847982446755166,3901.1086761944784,0.3107890490628109,0.18903920363296542,0.9760462836094141,0.9618292641499789,0.9288353990939234,0.02757461855307535,0.8375238926906807,0.07142857142857142,0.0,0.3665571294969686,0.0,port_vae,port,False,0.05052059888839722,0.7994258403778076,1.4865400791168213,1.9246617555618286,vae_candidate_pool_v1,belief_limited_heuristic_v1,807
VAE000108,vae_candidate_000108,0.5011038164827595,1695.94287109375,5948.97509765625,6509.497068602946,-1.9219188501805622,0.005821428863291267,5.67278734826804,8,7482.86134057448,1843.409466907021,0.5799632511965762,-1.2138523745459397,4341.822452932263,0.21286560796222417,0.041071855800405545,0.9887147677715136,0.9369690185135017,1.0,0.07249540639957203,0.9989317062243608,0.19047619047619047,0.0,0.31907637807052613,0.0,port_vae,port,False,0.08441341668367386,1.4881213903427124,2.054135799407959,1.8273197412490845,vae_candidate_pool_v1,belief_limited_heuristic_v1,808
VAE000806,vae_candidate_000806,0.5009962040715704,681.5457153320312,7881.427734375,8045.948722579494,-1.6900997770717976,-0.042159437174190864,4.068422317751537,14,8250.818888696098,2549.4251784411267,0.6655622954227396,-1.4936523136921864,3177.7130159171043,0.33991251750123364,0.0024155018695261672,0.9713919181024484,0.9970258760271069,0.7565983371231201,0.08319528692784245,0.9872626082487556,0.3333333333333333,0.0,0.2555952675502355,0.0,port_vae,port,False,0.07738598436117172,0.881226122379303,1.9711430072784424,1.3087314367294312,vae_candidate_pool_v1,belief_limited_heuristic_v1,809
VAE000299,vae_candidate_000299,0.500962500745062,127.74209594726562,1624.155517578125,2123.2640664470127,-1.5926075527187522,-0.11896239662468175,3.025934547104171,8,8803.811900439272,3087.380458353576,0.29432630687594274,-1.6679474974957227,3926.777855532308,2.7938299450946342,0.985627390948706,0.029931238221249656,0.9952845356169159,0.9349471084600733,0.03679078835949284,0.8783125719018677,0.19047619047619047,1.0,0.26702758775832214,0.26702758775832214,inside_convoy_envelope,inside,True,0.05583202838897705,0.7781499028205872,1.959237813949585,1.8141374588012695,vae_candidate_pool_v1,belief_limited_heuristic_v1,810
VAE000030,vae_candidate_000030,0.5009540192845999,-1152.69873046875,-5618.845703125,6017.793378210313,1.2668903993362404,-0.07387345432268994,5.685978090772024,15,8298.050525343124,1619.943513142929,1.1158743970132996,1.8008287999308632,3469.3039427575127,0.338477704634894,0.08423176586434555,0.9716306194126341,0.9736589913468893,0.8260247482755982,0.13948429962666245,0.9982101976607142,0.35714285714285715,0.0,0.35098803442172044,0.0,starboard_vae,starboard,False,0.08357290923595428,1.4115426540374756,1.905048131942749,1.751678466796875,vae_candidate_pool_v1,belief_limited_heuristic_v1,811
VAE000791,vae_candidate_000791,0.500877662700731,4546.50830078125,-4309.99951171875,6131.184925170225,2.1199230729274943,-0.1077934565176678,4.888408886249318,18,8590.573951549244,2121.9952788764253,0.9874290751130257,0.9138761241446309,6926.458448924099,0.4525622489640835,0.0719553807781195,0.9496648289065178,0.7918767575729314,1.0,0.12342863438912821,0.9961908460410548,0.42857142857142855,0.0,0.2883719152928332,0.0,ahead_vae,ahead,False,0.09265754371881485,1.248321533203125,1.5092363357543945,1.1808263063430786,vae_candidate_pool_v1,belief_limited_heuristic_v1,812
VAE000580,vae_candidate_000580,0.5007703590565747,464.66717529296875,5051.900390625,5864.135625278509,-1.65974777240319,-0.22438726422410593,7.212938295417855,13,8225.43804977269,1907.4918411946605,0.8285555437310542,-1.7062321454107092,3000.6404796901916,0.3691127119132573,0.103469795013783,0.9663239178136585,0.9908425801385192,0.7144382094500457,0.10356944296638178,0.927443357609955,0.30952380952380953,0.0,0.31115807195831374,0.0,port_vae,port,False,0.06331606209278107,1.6258165836334229,2.9490294456481934,1.6092573404312134,vae_candidate_pool_v1,belief_limited_heuristic_v1,813
VAE000966,vae_candidate_000966,0.5006446043213766,2170.990966796875,-8284.802734375,8768.002319964522,1.8739808713999573,0.04535086624148465,5.10372062801023,12,7716.851729418742,2566.127869198978,0.6059862874941006,1.312962648431321,4448.9961021580375,0.4070814324565655,0.00046863741079926417,0.9591401416903087,0.9669446292520194,1.0,0.07574828593676257,0.8241242595898766,0.2857142857142857,0.0,0.2550219692610817,0.0,starboard_vae,starboard,False,0.048885688185691833,1.6622991561889648,2.100762367248535,1.7655234336853027,vae_candidate_pool_v1,belief_limited_heuristic_v1,814
VAE000147,vae_candidate_000147,0.5003424421612185,5080.578125,9638.978515625,10689.305492487674,-2.1041857643391757,-0.016869745181680707,4.302683715418846,7,8869.450685091531,2935.43649584182,0.26886150616135446,-1.054276634432298,6932.727930012601,0.11757097075047529,2.2849952637283776e-06,0.9965482455730122,0.8695432161827339,1.0,0.03360768827016931,0.949442857026371,0.16666666666666666,0.0,0.2342540036060872,0.0,port_vae,port,False,0.10714329034090042,1.422163724899292,2.4385321140289307,1.2780518531799316,vae_candidate_pool_v1,belief_limited_heuristic_v1,815
VAE000491,vae_candidate_000491,0.5003175978186253,209.48512268066406,6536.32373046875,6154.491402376866,-1.5586375667155814,-0.05230680369827473,6.082676581004467,22,8568.750741949472,2143.023963129752,1.1980588283614975,-1.6352618905724865,2690.579328871097,0.33166648254386577,0.0696209907099943,0.9727505090354789,0.9979228150582286,0.6406141259216898,0.14975735354518718,0.823471110471276,0.5238095238095238,0.0,0.2864786304053697,0.0,port_vae,port,False,0.048807110637426376,1.3662664890289307,2.8634142875671387,1.8219127655029297,vae_candidate_pool_v1,belief_limited_heuristic_v1,816
VAE000355,vae_candidate_000355,0.49970871631814107,157.5611572265625,6349.04296875,6425.048091410449,-1.6386359616765416,0.10510526640455263,6.654249325143079,16,8151.228790027732,2188.4499673960554,0.8969335667846641,-1.397851425508699,3558.499811810052,0.4024621107448654,0.04676719969388724,0.960049706078596,0.9850822686012733,0.8472618599547743,0.11211669584808301,0.8159988099106887,0.38095238095238093,0.0,0.28271445697838476,0.0,port_vae,port,False,0.047914959490299225,1.621976613998413,1.4926283359527588,1.6313495635986328,vae_candidate_pool_v1,belief_limited_heuristic_v1,817
VAE000752,vae_candidate_000752,0.4996972350481916,564.766845703125,6324.52490234375,5829.294973842014,-1.5889898997576362,0.01814875715976896,5.834914228220768,11,8588.724532506347,2329.6759594904174,0.5497541206535457,-1.534453996672388,2640.203209123535,0.3141007661736501,0.10827570469927772,0.9755372959551178,0.9993396902016033,0.6286198116960798,0.06871926508169321,0.8452386049776148,0.2619047619047619,0.0,0.27194922241680664,0.0,port_vae,port,False,0.05148334801197052,1.0386440753936768,2.93631911277771,1.294135332107544,vae_candidate_pool_v1,belief_limited_heuristic_v1,818
VAE000209,vae_candidate_000209,0.49959127761470057,381.6070861816406,6484.349609375,6599.790740892619,-1.6554882871177299,-0.09023253136308454,6.554843429201638,14,8944.845230803432,2495.7416732376096,0.6271271086760544,-1.5763368978351477,2545.2626631703206,0.22753669800527687,0.035640904491079796,0.9871125089466644,0.999984651075539,0.6060149198024573,0.0783908885845068,0.9999052783685571,0.3333333333333333,0.0,0.25929478911637804,0.0,port_vae,port,False,0.08811580389738083,2.1514554023742676,2.0254101753234863,1.243283748626709,vae_candidate_pool_v1,belief_limited_heuristic_v1,819
VAE000251,vae_candidate_000251,0.49942822552344235,3544.54150390625,8017.31884765625,8650.853596731717,-1.9770048423051345,-0.18885790695022855,5.660029223798802,19,8152.7294169844945,2139.5774898157597,1.0892374184716593,-1.3534457182348871,3847.3196233033705,0.12457382403670492,0.0006197262905893557,0.9961253552489491,0.9764721993052708,0.9160284817388977,0.13615467730895742,0.7560975435072537,0.4523809523809524,0.0,0.28523800052450204,0.0,port_vae,port,False,0.1334092915058136,2.186955451965332,1.5093309879302979,1.1959704160690308,vae_candidate_pool_v1,belief_limited_heuristic_v1,820
VAE000260,vae_candidate_000260,0.49941403368758824,-69.84771728515625,-6451.333984375,6148.79370252076,1.5191967764970435,-0.022182697814602834,5.621423399155717,13,8296.12899258831,2343.8848725777125,0.6685464393747023,1.6002131792781473,2586.881610598591,0.35855874657883224,0.07018591677676948,0.9682017839592204,0.9995673555954525,0.6159241929996645,0.08356830492183778,0.9740834504327328,0.30952380952380953,0.0,0.27079245902326027,0.0,starboard_vae,starboard,False,0.0731254443526268,2.310225248336792,2.969714403152466,1.082901120185852,vae_candidate_pool_v1,belief_limited_heuristic_v1,821
VAE000499,vae_candidate_000499,0.49933994265987647,3953.0166015625,6716.47998046875,7961.795063437588,-1.9737262204045316,0.09417252877832107,6.600149192532122,12,7878.352876218214,2294.492950544544,0.663833383874827,-1.0736939044069405,5773.8201575244475,0.262273515445012,0.0028869500119652084,0.9829015022302416,0.8789680485840514,1.0,0.08297917298435338,0.9988539546402513,0.2857142857142857,0.0,0.2732552125426837,0.0,ahead_vae,ahead,False,0.0843113586306572,0.7885394096374512,1.9332902431488037,1.4054663181304932,vae_candidate_pool_v1,belief_limited_heuristic_v1,822
VAE000664,vae_candidate_000664,0.4985736722109124,-714.9049682617188,6117.37890625,6006.679855861694,-1.3912468900011952,-0.10667275376120387,5.848769792123375,11,8496.885854009679,1593.556195339423,0.8123917754814296,-1.8570185173498017,3927.6529308233175,0.3710459687088512,0.08551995040496434,0.9659742986209793,0.959317308014447,0.9351554597198375,0.1015489719351787,0.9880857802194051,0.2619047619047619,0.0,0.35531238440699736,0.0,port_vae,port,False,0.07771257311105728,0.6918463110923767,2.9095723628997803,1.0417535305023193,vae_candidate_pool_v1,belief_limited_heuristic_v1,823
VAE000871,vae_candidate_000871,0.498401811227776,-1126.99365234375,8174.13671875,8930.870571991549,-1.2807461692108795,0.16697614550764514,2.9265639671944306,7,8956.424227012574,2586.3259192439396,0.30219003000455935,-1.6938703388712686,3666.2851849363597,0.3437330341243646,0.0003150399678857757,0.9707515904164788,0.9924359488686875,0.8729250440324666,0.03777375375056992,0.9579310991291331,0.16666666666666666,0.0,0.25204583339531117,0.0,port_vae,port,False,0.06917483359575272,1.3989804983139038,2.921612024307251,1.6350668668746948,vae_candidate_pool_v1,belief_limited_heuristic_v1,824
VAE000229,vae_candidate_000229,0.4981788130640638,-3313.97705078125,-4115.7353515625,5625.3812456188325,0.9184449034117922,-0.021245066273064578,3.791077026618096,7,8263.6533931764,1890.4042387833192,0.4480962036797226,2.2019026839049363,6402.138048410725,0.36700646420627303,0.13993789587466987,0.9667028376596336,0.8073752094300196,1.0,0.05601202545996532,0.9540397253091022,0.16666666666666666,0.0,0.3134746502123193,0.0,astern_vae,astern,False,0.10619543492794037,0.7109088897705078,2.395864486694336,1.6711690425872803,vae_candidate_pool_v1,belief_limited_heuristic_v1,825
VAE000879,vae_candidate_000879,0.4976329452665836,-2334.17529296875,-6092.93505859375,6303.063157873868,1.2086369337028189,-0.05566386354551028,4.025425260620032,12,7800.405702583209,2091.635208515602,0.7354922675459339,1.8772918563414642,4347.691591546259,0.5401031731530309,0.05614853808104582,0.9288278158837735,0.9533967887280166,1.0,0.09193653344324174,0.8465111100870779,0.2857142857142857,0.0,0.2919539267845322,0.0,starboard_vae,starboard,False,0.05164378881454468,1.6496872901916504,2.436305522918701,1.4952832460403442,vae_candidate_pool_v1,belief_limited_heuristic_v1,826
VAE000710,vae_candidate_000710,0.49745204175863,504.27618408203125,5816.23388671875,5577.922628358486,-1.716142912088537,0.01912333397211246,3.8513712019400486,9,7894.849981675222,1817.435860995558,0.62724835981599,-1.4063264075291437,3085.5293401323534,0.2952132169521595,0.1482122275070651,0.9783700649539768,0.9865052837538175,0.7346498428886555,0.07840604497699875,0.7998841211062765,0.21428571428571427,0.0,0.32299947428049836,0.0,port_vae,port,False,0.046030089259147644,1.5765211582183838,1.5298012495040894,1.9102373123168945,vae_candidate_pool_v1,belief_limited_heuristic_v1,827
VAE000066,vae_candidate_000066,0.49734979681092945,-1126.17626953125,6995.38916015625,7654.399686029502,-1.352848623718198,0.004054784405937169,5.482158776319294,9,8853.15779891031,2668.474790403148,0.3809615981775038,-1.784689245465658,4486.887341629106,0.42215875650347334,0.005412528322653455,0.9561032789324296,0.9772119884078544,1.0,0.047620199772187975,0.7909194776106641,0.21428571428571427,0.0,0.24845189842930135,0.0,port_vae,port,False,0.045002177357673645,0.7380946278572083,2.9732208251953125,1.9687724113464355,vae_candidate_pool_v1,belief_limited_heuristic_v1,828
VAE000364,vae_candidate_000364,0.49714289414835144,842.96337890625,-6320.794921875,6634.799976637852,1.6313027215748714,0.12431215366171527,2.361984645120154,18,7110.57527069692,2150.8367083479893,1.1769562704185688,1.6346020856766368,2599.8478455147233,0.04172140186305095,0.03370593162040009,0.999564894276957,0.9979651030757504,0.6190113917892198,0.1471195338023211,0.9307364867990593,0.42857142857142855,0.0,0.2873862155298686,0.0,starboard_vae,starboard,False,0.1106465607881546,1.4839954376220703,2.958686351776123,1.2819695472717285,vae_candidate_pool_v1,belief_limited_heuristic_v1,829
VAE001066,vae_candidate_001066,0.4969594772162892,-323.1434326171875,566.12109375,776.279033859435,-1.1458807614271955,-0.004904372607489684,5.827379149355828,20,8746.092822532455,2399.2013842661795,0.9531235714977357,-2.000616264770087,5825.531138885082,0.20945834434394284,0.6075094907452127,0.9890718423648913,0.9090407975398539,1.0,0.11914044643721697,0.9791638956438214,0.47619047619047616,1.0,0.4668291749195101,0.4668291749195101,inside_convoy_envelope,inside,True,0.09992949664592743,2.3050413131713867,1.5285911560058594,1.191406011581421,vae_candidate_pool_v1,belief_limited_heuristic_v1,830
VAE000139,vae_candidate_000139,0.49565623250547647,1492.042236328125,487.02728271484375,1303.1677725412724,-2.886342326856563,-0.14960641849875372,7.4706729580705336,6,7708.322399627621,2443.854709096543,0.31850481109016676,-0.40485674523198373,8047.775440732146,1.5680682686163092,0.796587781901467,0.5013640273973751,0.3938870905275292,1.0,0.039813101386270845,0.9643930653331392,0.14285714285714285,0.0,0.3475096125766745,0.0,ahead_vae,ahead,False,0.07064997404813766,1.103896141052246,2.965282917022705,1.19448721408844,vae_candidate_pool_v1,belief_limited_heuristic_v1,831
VAE000136,vae_candidate_000136,0.49536541120519273,5030.19677734375,-9775.298828125,10923.629737275513,2.0734924621560675,-0.07992048829458978,3.991011509530845,6,7948.276131556825,2935.086802394251,0.2571919399225287,0.9881797031391353,6824.100351222981,0.058472084251537826,1.0850469333717565e-06,0.9991454973434,0.8350258156437137,1.0,0.03214899249031609,0.9788957111092932,0.14285714285714285,0.0,0.23554121140884127,0.0,starboard_vae,starboard,False,0.07452132552862167,1.774407148361206,2.024251937866211,1.175598382949829,vae_candidate_pool_v1,belief_limited_heuristic_v1,832
VAE000076,vae_candidate_000076,0.4953379736244738,3658.356689453125,5959.78564453125,7119.700612352186,-2.1579269951928395,0.17719120603962735,5.316975547771759,24,8718.24987756221,2855.7155860735375,0.9639776781117128,-0.8064744523573263,8094.84784254715,0.08426719796342441,0.014833256928996565,0.9982258100807753,0.7218518185768917,1.0,0.1204972097639641,0.8546352782688877,0.5714285714285714,0.0,0.23999023066819655,0.0,ahead_vae,ahead,False,0.05267981439828873,1.8722573518753052,1.9805443286895752,1.9208245277404785,vae_candidate_pool_v1,belief_limited_heuristic_v1,833
VAE000708,vae_candidate_000708,0.49528021057088567,1059.9716796875,6340.41650390625,5915.5498622463,-1.905648340911992,0.1907658858244666,6.2269470502816535,11,8631.74429895713,1972.1482797025492,0.6461815495918838,-1.0451784268533346,6036.892945497707,0.46756335024476914,0.09668354399018786,0.9463345828118983,0.8650140769658691,1.0,0.08077269369898547,0.8862775172027015,0.2619047619047619,0.0,0.30342632681504544,0.0,port_vae,port,False,0.05694527179002762,0.7876592874526978,2.4177956581115723,1.7301371097564697,vae_candidate_pool_v1,belief_limited_heuristic_v1,834
VAE000626,vae_candidate_000626,0.4941924081859391,-1992.716552734375,-4801.3642578125,5330.073611074868,1.253379071247364,-0.17434584191971508,4.693609618042074,13,8085.214028481323,1619.4556198971325,0.9928480347241208,1.713867740422714,2755.7298650222883,0.6069607569474527,0.19731852337023853,0.9106926565362254,0.9897827316244487,0.6561261583386401,0.1241060043405151,0.8973215162970328,0.30952380952380953,0.0,0.3522635028682295,0.0,astern_vae,astern,False,0.05854253098368645,1.6640230417251587,2.0895094871520996,1.7989578247070312,vae_candidate_pool_v1,belief_limited_heuristic_v1,835
VAE001141,vae_candidate_001141,0.4940845211358369,-375.5247802734375,-8660.0263671875,8804.99772954232,1.4813547050257223,-0.057957336413084926,4.372545332083185,13,8180.084185781326,2824.470463153008,0.5626632385614014,1.6022806121509856,3080.572244154405,0.20776419225856868,0.0004285904831528405,0.9892472730432579,0.9995044108279901,0.733469581941525,0.07033290482017518,0.8398563802572689,0.30952380952380953,0.0,0.24088330833390215,0.0,starboard_vae,starboard,False,0.12372300028800964,1.3526197671890259,1.510323405265808,1.6328524351119995,vae_candidate_pool_v1,belief_limited_heuristic_v1,836
VAE000289,vae_candidate_000289,0.4938042718771859,-38.169097900390625,-6359.47802734375,6007.253954305191,1.7385630782787997,0.08733458408935173,4.919213574313742,10,8038.6023290176845,2605.986964102047,0.4773613098446252,1.4903641594003452,3243.4273039554296,0.6080419704829365,0.08545302356822346,0.910384068654791,0.9967670766929589,0.7722445961798642,0.05967016373057815,0.826797351984601,0.23809523809523808,0.0,0.2548337331937727,0.0,starboard_vae,starboard,False,0.04920831322669983,2.2711400985717773,1.5001248121261597,1.7570170164108276,vae_candidate_pool_v1,belief_limited_heuristic_v1,837
VAE000055,vae_candidate_000055,0.49361505784362636,-3150.681884765625,-5955.91064453125,7113.147711443053,1.0045141467878076,-0.06111925809623769,4.127820634490278,8,7289.635254341145,2671.0934464955535,0.41086117778394526,2.075959248705749,5865.2813488459415,0.3561236169662346,0.015007596948007362,0.9686276692867474,0.8750956399787696,1.0,0.05135764722299316,0.9243190866901017,0.19047619047619047,0.0,0.25125556808685945,0.0,astern_vae,astern,False,0.06278546899557114,1.5273938179016113,1.8834776878356934,1.2626475095748901,vae_candidate_pool_v1,belief_limited_heuristic_v1,838
VAE001094,vae_candidate_001094,0.4935706671717992,4358.77978515625,-2007.3968505859375,4830.330298118463,2.9108095921208985,-0.023200151393821387,5.276818226181813,19,8286.122237396774,2513.640727932508,0.912218888781198,0.2075829100750737,8626.28468322203,0.0840307123233579,0.327410135962432,0.9982357483519206,0.20609530453290648,1.0,0.11402736109764974,0.9990779548136127,0.4523809523809524,0.0,0.2624380209093909,0.0,ahead_vae,ahead,False,0.08991693705320358,1.9270691871643066,2.4961302280426025,1.2697234153747559,vae_candidate_pool_v1,belief_limited_heuristic_v1,839
VAE000262,vae_candidate_000262,0.49350617866519053,3434.31982421875,-5333.4814453125,5911.221254791236,2.3075110392086025,0.1154567203098632,4.0212138157788875,0,7841.21113410412,2252.692018462914,0.0,0.9495383346910542,6395.8134835427,0.17446920847330594,0.09724105062299962,0.9924094076532539,0.8131468752121098,1.0,0.0,0.9663649481513559,0.0,0.0,0.2786286507107959,0.0,ahead_vae,ahead,False,0.1034080982208252,1.4074022769927979,2.109795570373535,1.3228209018707275,vae_candidate_pool_v1,belief_limited_heuristic_v1,840
VAE000257,vae_candidate_000257,0.49279408148549086,-2126.27490234375,5687.7138671875,6401.419525569168,-1.2973527341038777,0.04492545000506108,4.2726984535460915,15,8310.337046936342,1773.721991551768,1.0176233658047895,-1.7993144694808543,3610.188359193372,0.4840836224969023,0.04847428728747137,0.9425509002246133,0.9740031560050646,0.8595686569508029,0.1272029207255987,0.9817261340648836,0.35714285714285715,0.0,0.3272494073250718,0.0,port_vae,port,False,0.09911765158176422,1.1956840753555298,2.4082398414611816,1.128296971321106,vae_candidate_pool_v1,belief_limited_heuristic_v1,841
VAE000370,vae_candidate_000370,0.4924617741372127,4491.55908203125,-8175.06884765625,9107.27156379881,2.1282562885880716,-0.058496181303392986,4.813246248790496,21,8716.985383609079,2125.7244067288625,1.1333029467411782,0.9548401836983296,6771.206046539425,0.08097990321332339,0.00020260510605877587,0.9983614595400706,0.8162214187257456,1.0,0.14166286834264727,0.8865383634760506,0.5,0.0,0.2856145226197869,0.0,starboard_vae,starboard,False,0.05698224902153015,1.4840294122695923,2.9493565559387207,1.4857643842697144,vae_candidate_pool_v1,belief_limited_heuristic_v1,842
VAE000097,vae_candidate_000097,0.4924242820416314,3550.554443359375,8370.2724609375,9327.424417002447,-1.9281471644363661,0.12991450172928842,6.042537158836374,19,8443.950536510392,2182.6007007224707,1.0309405689378222,-1.0835309874241386,5882.13476258172,0.26035720042543553,0.00011487291460497739,0.9831490436010375,0.8836165598903075,1.0,0.12886757111722777,0.8003351020077948,0.4523809523809524,0.0,0.2808100481003758,0.0,port_vae,port,False,0.04608216881752014,2.2299365997314453,1.9963003396987915,1.366283655166626,vae_candidate_pool_v1,belief_limited_heuristic_v1,843
VAE000709,vae_candidate_000709,0.49237634904962324,3162.342529296875,6757.06689453125,7399.065659124417,-1.856308284660463,0.2501826528605435,4.151610533231503,15,8346.573839545614,2609.1325027534226,0.6887900808465777,-1.0351017160687865,6504.042664796302,0.3247391880349597,0.008878418401400993,0.9738669868673997,0.8599142807156929,1.0,0.08609876010582221,0.8212972428519288,0.35714285714285715,0.0,0.2525361695442927,0.0,port_vae,port,False,0.048546284437179565,0.9768158197402954,2.9168787002563477,1.7393969297409058,vae_candidate_pool_v1,belief_limited_heuristic_v1,844
VAE000192,vae_candidate_000192,0.4919024723515135,3503.730712890625,7466.15625,8390.771479062918,-1.9826592960253318,0.07518524941789648,6.110223569598537,6,7919.06661764602,2394.9292198388566,0.3163621885423901,-1.083748108146565,5822.719244979546,0.022614305385238342,0.0011313147330147227,0.9998721537465789,0.8837181974269995,1.0,0.039545273567798765,0.945086474175168,0.14285714285714285,0.0,0.26569559637441764,0.0,port_vae,port,False,0.0665273442864418,2.305143356323242,2.4341745376586914,1.2530064582824707,vae_candidate_pool_v1,belief_limited_heuristic_v1,845
VAE000842,vae_candidate_000842,0.491879716698273,-4286.25146484375,-4285.9091796875,5896.809282095304,0.7600353478310886,0.1415711101580632,5.552912660449971,17,8412.106300025367,2962.0489666297194,0.682263182328216,2.523128415916768,8571.280639775105,0.2965888857176341,0.09911546616077886,0.9781694911845317,0.5797845519514336,1.0,0.085282897791027,0.9996015753989159,0.40476190476190477,0.0,0.23757955571681905,0.0,astern_vae,astern,False,0.08900852501392365,2.1456871032714844,2.488312005996704,1.6980994939804077,vae_candidate_pool_v1,belief_limited_heuristic_v1,846
VAE000858,vae_candidate_000858,0.4915506541653218,-4615.6943359375,2948.93408203125,5036.640603554214,-0.581015594682558,0.03209517216712835,3.635740343237746,3,7886.6585843888515,2565.0778944586923,0.14829539195397956,-2.5284818867401064,7926.181149830243,0.3417244865427393,0.26870159878841454,0.9710890850019356,0.575414418090721,1.0,0.018536923994247445,0.7529092637790991,0.07142857142857142,0.0,0.25942158708957336,0.0,astern_vae,astern,False,0.04077623784542084,1.2728692293167114,2.0371923446655273,1.8610115051269531,vae_candidate_pool_v1,belief_limited_heuristic_v1,847
VAE000486,vae_candidate_000486,0.49153433292717114,-89.45196533203125,-7134.8525390625,6805.51279733403,1.5661294783791955,0.19055106232805907,5.915049725589365,10,8193.36962299982,2324.022496392368,0.5251666329735524,1.7660142375386567,3869.231059995268,0.5069659225472756,0.025504210529621475,0.9371108279371306,0.9810054224475925,0.9212454904750638,0.06564582912169405,0.8602274378769424,0.23809523809523808,0.0,0.2715634828518156,0.0,starboard_vae,starboard,False,0.05340544879436493,1.468018889427185,1.5273840427398682,1.918413758277893,vae_candidate_pool_v1,belief_limited_heuristic_v1,848
VAE000371,vae_candidate_000371,0.4915330851841477,-1513.02783203125,6452.04150390625,7008.371094794222,-1.3871442738075561,0.16907671299694635,4.865332551727386,18,8426.864144267289,2715.104142095892,0.7867196910867856,-1.5853716667852906,2837.6358092999353,0.18016020623544549,0.01805068450037091,0.9919074992542838,0.9998937816125264,0.6756275736428418,0.0983399613858482,0.7339553609603809,0.42857142857142855,0.0,0.24717815898269127,0.0,port_vae,port,False,0.03873288631439209,0.7224504947662354,2.0181055068969727,1.7824010848999023,vae_candidate_pool_v1,belief_limited_heuristic_v1,849
VAE000309,vae_candidate_000309,0.4912922711676477,1570.991943359375,-7807.0078125,7983.096006753262,1.8002704093544208,0.08375304079604722,5.191297694275184,19,8680.810100236382,2184.035920028094,1.0021519327730173,1.4250752850314197,3421.392894145326,0.354160395190478,0.0027602578082615405,0.9689689984184915,0.9894014635824399,0.8146173557488872,0.12526899159662716,0.8168799199392329,0.4523809523809524,0.0,0.28108752983127666,0.0,starboard_vae,starboard,False,0.04801952466368675,1.964848279953003,1.4974966049194336,1.2986154556274414,vae_candidate_pool_v1,belief_limited_heuristic_v1,850
VAE001149,vae_candidate_001149,0.49110225848743394,676.2095947265625,-6681.412109375,7091.793408211943,1.5889923602853029,0.12567571373651462,5.582320105402208,19,8214.08068567254,2099.9293298821844,1.1015138368531117,1.6782760070410048,2968.959924170951,0.30481527127152663,0.015588317364078555,0.9769512045344826,0.9942296172752452,0.7068952200407026,0.13768922960663896,0.8934908115342772,0.4523809523809524,0.0,0.28979982153695505,0.0,starboard_vae,starboard,False,0.057980895042419434,2.3118581771850586,2.5389339923858643,1.1130502223968506,vae_candidate_pool_v1,belief_limited_heuristic_v1,851
VAE000907,vae_candidate_000907,0.49040661006030933,2671.4189453125,-6054.65576171875,6085.840154034619,1.8365137283034338,-0.14128308588130736,4.395647969875567,15,8297.831351991712,1371.2350917725416,1.3183014699062445,1.1637958394050527,4543.9735919668265,0.05023081940026008,0.07667865669938853,0.9993693488138431,0.918312329029821,1.0,0.16478768373828057,0.915353819485269,0.35714285714285715,0.0,0.4010355319081181,0.0,starboard_vae,starboard,False,0.06131373345851898,1.1538639068603516,2.1001932621002197,1.8946633338928223,vae_candidate_pool_v1,belief_limited_heuristic_v1,852
VAE000448,vae_candidate_000448,0.4900990431603902,225.06622314453125,6354.568359375,6395.124685160285,-1.3877259612527189,-0.26240464421522897,6.669041217087167,8,7844.393561627912,2038.2569472333303,0.5003474389531154,-2.016271336552303,5219.379404612272,0.03205192134707513,0.048937745656649254,0.999743190571196,0.9024060918805789,1.0,0.06254342986913942,0.788372860109321,0.19047619047619047,0.0,0.2969297749588305,0.0,port_vae,port,False,0.0447126179933548,1.0283184051513672,2.9458038806915283,1.8840354681015015,vae_candidate_pool_v1,belief_limited_heuristic_v1,853
VAE000679,vae_candidate_000679,0.48967157016558815,4215.6865234375,-4270.609375,5852.201026927561,2.265850661757088,0.019901657008749397,5.575298862349725,11,9023.010387851133,1772.7717403275824,0.6876831889906845,0.8956436488414543,7023.376495502722,0.22982906840088413,0.10509697112711389,0.9868526746718711,0.7806115339900308,1.0,0.08596039862383556,0.9531378536340981,0.2619047619047619,0.0,0.3273592385761,0.0,ahead_vae,ahead,False,0.0681481882929802,2.3560996055603027,1.5305380821228027,1.156719446182251,vae_candidate_pool_v1,belief_limited_heuristic_v1,854
VAE000561,vae_candidate_000561,0.4895620495754959,-663.2908325195312,-4950.37451171875,5289.15690338722,1.355096120069244,-0.02266997935888107,5.559024827427189,2,8105.224768084554,1422.1623551458695,0.1735065019751717,1.7638265541616687,2950.6045767096266,0.20748187254652772,0.20640277005650265,0.9892763709687262,0.9814274420866275,0.7025248992165778,0.021688312746896463,0.9505455458028192,0.047619047619047616,0.0,0.39039233688188724,0.0,starboard_vae,starboard,False,0.10691967606544495,2.0396547317504883,1.4900503158569336,1.2094261646270752,vae_candidate_pool_v1,belief_limited_heuristic_v1,855
VAE000296,vae_candidate_000296,0.4892895632386781,546.58544921875,1709.0684814453125,1355.1221825846906,-1.9343249245770557,-0.40582988854280483,3.806250677356279,12,8347.805539227602,1328.2158266201639,1.0822815912352632,-1.6130976175555423,1680.045295407097,0.5006604815068247,0.8135208868363942,0.93863285939739,0.9991054338065966,0.40001078462073736,0.1352851989044079,0.89739617155746,0.2857142857142857,1.0,0.4648943107835636,0.4648943107835636,inside_convoy_envelope,inside,True,0.05855356156826019,2.32159423828125,2.963350296020508,1.596098780632019,vae_candidate_pool_v1,belief_limited_heuristic_v1,856
VAE001056,vae_candidate_001056,0.4887255040829509,-209.077880859375,-1810.562744140625,2477.362610225402,1.4951296430191046,-0.16868661244216276,3.3260623266871985,17,8425.37063297415,2274.943046889895,0.8869300678256692,1.4777763981285255,3047.7055705965063,2.676989694971043,0.9988692648179927,0.05300023122066633,0.9956767650916981,0.7256441834753586,0.11086625847820865,0.9324216386623866,0.40476190476190477,1.0,0.2971914733485847,0.2971914733485847,inside_convoy_envelope,inside,True,0.06418284773826599,1.3116081953048706,2.501356601715088,1.1909111738204956,vae_candidate_pool_v1,belief_limited_heuristic_v1,857
VAE000326,vae_candidate_000326,0.48871203846193956,3456.821533203125,6877.4931640625,7711.946875394629,-2.1643832501228473,0.10154068374241983,4.923822696359021,20,7851.616862604584,2428.997333129488,1.0486821085563987,-0.875668719724526,6894.232490481829,0.03345097939928765,0.004824805755937562,0.9997202840785308,0.7679719778291177,1.0,0.13108526356954983,0.856181574358196,0.47619047619047616,0.0,0.2639521304599381,0.0,port_vae,port,False,0.05287940055131912,1.7823446989059448,2.9415712356567383,1.6578662395477295,vae_candidate_pool_v1,belief_limited_heuristic_v1,858
VAE000630,vae_candidate_000630,0.4886955156110287,-588.7006225585938,-4990.31591796875,5873.931124662101,1.3570092374347849,0.028694751206856974,4.665100157683876,17,8071.990489031197,1454.5697814954074,1.4478838333997972,1.8132781673618663,3350.2030127961843,0.4241604192808688,0.10214899757230339,0.9556922941990753,0.9707450439440879,0.7976673839990915,0.18098547917497465,0.9397981820616331,0.40476190476190477,0.0,0.38259175406731294,0.0,starboard_vae,starboard,False,0.06552150100469589,0.7498563528060913,1.8826470375061035,1.6081126928329468,vae_candidate_pool_v1,belief_limited_heuristic_v1,859
VAE000692,vae_candidate_000692,0.48819289536138377,541.844482421875,-8894.19140625,9261.973462347856,1.726307837179948,-0.13651281717542832,5.141902333568842,16,7632.420218360347,2372.4452672565576,0.8836118009117333,1.278771999234417,4469.311601498246,0.6166308417746696,0.0001362425662127316,0.9079157165470471,0.9576630515436785,1.0,0.11045147511396666,0.8080500156234027,0.38095238095238093,0.0,0.2672866348945781,0.0,starboard_vae,starboard,False,0.0469788983464241,1.1099088191986084,2.9916844367980957,1.9081904888153076,vae_candidate_pool_v1,belief_limited_heuristic_v1,860
VAE000385,vae_candidate_000385,0.4880886315531044,3941.6884765625,-5124.8798828125,6411.383775939617,2.1607081565903155,-0.1519724445150397,3.780088208717058,20,8921.841740319249,1970.3199129127706,1.1377287530845712,0.8289120524844382,7480.807236348161,0.16951577009547725,0.04774816192125635,0.9928332872549144,0.7371967051295867,1.0,0.1422160941355714,0.9371380838194887,0.47619047619047616,0.0,0.30270545712100144,0.0,ahead_vae,ahead,False,0.06503069400787354,2.290457248687744,1.9202916622161865,1.7077370882034302,vae_candidate_pool_v1,belief_limited_heuristic_v1,861
VAE000768,vae_candidate_000768,0.48801348315043186,-573.8665161132812,-6732.0625,6375.955593549352,1.437210158235104,0.006475281105248051,5.336215406299903,11,7890.887455878079,1966.1233754254722,0.7090160546748947,1.7108577764599382,3048.4691129538796,0.3943108306303682,0.05037189462197653,0.9616307715841972,0.9902074194654307,0.7258259792747332,0.08862700683436184,0.9814924602288908,0.2619047619047619,0.0,0.30436551211306806,0.0,starboard_vae,starboard,False,0.07533903419971466,1.564635992050171,1.9846364259719849,1.0868926048278809,vae_candidate_pool_v1,belief_limited_heuristic_v1,862
VAE000870,vae_candidate_000870,0.4872073067102414,3600.734375,7384.35302734375,8261.616838931273,-2.0815259106409396,-0.12132900111728655,4.408074855509704,4,8729.231656642374,1945.3371776061724,0.23555324182049872,-1.18139574406614,5113.6155929853085,0.026598415436940307,0.001510974651621087,0.9998231415013541,0.9251367851856174,1.0,0.02944415522756234,0.9989872018213243,0.09523809523809523,0.0,0.30420037929291727,0.0,port_vae,port,False,0.08448854833841324,1.7576589584350586,1.4994001388549805,1.7821274995803833,vae_candidate_pool_v1,belief_limited_heuristic_v1,863
VAE000283,vae_candidate_000283,0.4870478775934983,2251.9462890625,7428.4912109375,8108.799420922556,-1.8297804284712107,0.03256735633289685,5.478465612295695,3,8495.51423155285,2103.190097998966,0.1679009117799371,-1.2792448687856857,4456.371878935767,0.1317820090761883,0.0021106603678980457,0.9956646551192017,0.9577990795639912,1.0,0.020987613972492138,0.8870168278607432,0.07142857142857142,0.0,0.288430228129601,0.0,port_vae,port,False,0.05705016478896141,0.8941909074783325,2.4501307010650635,1.3969018459320068,vae_candidate_pool_v1,belief_limited_heuristic_v1,864
VAE000263,vae_candidate_000263,0.4867708671479114,-861.4965209960938,6643.3408203125,6755.314343721618,-1.4993872188173585,-0.2670173478378467,7.438240467612623,16,9229.661186782409,1734.2051976779035,0.9996172463736797,-1.9092227826102812,4700.115228393411,0.2075451462548885,0.02771511045050221,0.9892698529101296,0.9432782548367721,1.0,0.12495215579670996,0.7439535520338568,0.38095238095238093,0.0,0.33162591620681914,0.0,port_vae,port,False,0.03980628773570061,2.1788854598999023,2.5600075721740723,1.2060742378234863,vae_candidate_pool_v1,belief_limited_heuristic_v1,865
VAE000813,vae_candidate_000813,0.486153522025369,-808.7463989257812,-6454.9794921875,6853.525802461905,1.4339058595494665,-0.14449266156688573,5.027488824539131,12,8351.798938202348,2658.245622690001,0.5405129556550848,1.5631941324734415,2721.6601954832227,0.49762229145727,0.023533791082361196,0.9393600071552948,0.9999711034599188,0.6480143322579102,0.0675641194568856,0.9684302796355237,0.2857142857142857,0.0,0.2503967825249275,0.0,starboard_vae,starboard,False,0.07163655757904053,0.7895225286483765,2.4479897022247314,1.6157604455947876,vae_candidate_pool_v1,belief_limited_heuristic_v1,866
VAE000956,vae_candidate_000956,0.48599336187990827,3700.379150390625,-2998.566162109375,4993.191508153825,2.614815306137771,-0.11877594956935392,5.095923286930687,14,8096.806953678957,1829.3505051699979,0.9451860999209857,0.40800139788266804,8158.0274302401895,0.14803852834091558,0.2804951335952963,0.9945311471628548,0.3967755734819954,1.0,0.11814826249012321,0.9952462232239823,0.3333333333333333,0.0,0.322339998981197,0.0,ahead_vae,ahead,False,0.09329044818878174,1.5114930868148804,1.9909005165100098,1.8259581327438354,vae_candidate_pool_v1,belief_limited_heuristic_v1,867
VAE000113,vae_candidate_000113,0.48575195517958514,658.0154418945312,639.2361450195312,867.7861753871306,-2.249376700022503,-0.02388787587531602,4.7904527318428,10,8443.556584212252,2601.213401849332,0.4553009945480551,-0.9161038294426063,7204.785270017345,0.5239591236103396,0.6415964915029541,0.93292258677766,0.7932352086844435,1.0,0.05691262431850689,0.9896003962650569,0.23809523809523808,1.0,0.42638203995628765,0.42638203995628765,inside_convoy_envelope,inside,True,0.09618902951478958,1.3728572130203247,2.4830989837646484,1.1822774410247803,vae_candidate_pool_v1,belief_limited_heuristic_v1,868
VAE000884,vae_candidate_000884,0.4855410990095409,4234.6787109375,-2583.251708984375,5044.325564241137,2.5034260056586346,-0.2733633601402534,6.061836934164827,11,7255.884033598012,2446.456660090487,0.619676213112534,0.3648032877909053,7651.214450916107,0.23350097528942948,0.26664805125128127,0.9864311429673613,0.35676553402326977,1.0,0.07745952663906674,0.9969565142355392,0.2619047619047619,0.0,0.2676814654314704,0.0,ahead_vae,ahead,False,0.09208443015813828,1.0159461498260498,1.509748935699463,1.876293420791626,vae_candidate_pool_v1,belief_limited_heuristic_v1,869
VAE000660,vae_candidate_000660,0.4852192118716204,3759.801513671875,-3874.737060546875,5963.865814188612,2.430321006938683,0.15943838907851463,5.163574040061836,12,7345.703222373035,2015.5226103820203,0.8105133888784688,0.8707100357296248,6274.161405585806,0.22367931297969879,0.09062985834251605,0.98754395526758,0.7647865942064946,1.0,0.1013141736098086,0.8396171715717634,0.2857142857142857,0.0,0.3005398914761843,0.0,ahead_vae,ahead,False,0.05078018456697464,1.5819189548492432,1.8812636137008667,1.7650861740112305,vae_candidate_pool_v1,belief_limited_heuristic_v1,870
VAE001125,vae_candidate_001125,0.48479963813805366,-415.4808349609375,-5269.43994140625,5177.148212560405,1.5254481892997074,-0.04343413718943849,4.674692250394405,3,8887.98154290261,1758.6258018278859,0.19193079844447958,1.572710327100647,1775.6341695603935,0.49488116152032635,0.23271299282442945,0.9400125778307946,0.999998168301974,0.42277004037152227,0.023991349805559947,0.9692921943958547,0.07142857142857142,0.0,0.3305375752275987,0.0,starboard_vae,starboard,False,0.07185480743646622,1.8275172710418701,2.0323219299316406,1.6189782619476318,vae_candidate_pool_v1,belief_limited_heuristic_v1,871
VAE000094,vae_candidate_000094,0.48463739572453585,3403.8896484375,6833.0888671875,7726.141414771394,-1.8774624119931693,-0.33253865284294143,4.1277755738138735,14,8140.6614480592525,2288.876941685632,0.7513562404710988,-1.5966688944395653,2498.7072260116106,0.21954945455749275,0.004689029026244396,0.9879978363200423,0.9996653237914297,0.5949302919075263,0.09391953005888735,0.9893741444931067,0.3333333333333333,0.0,0.2734644185817,0.0,port_vae,port,False,0.09628608077764511,2.231072425842285,2.9386825561523438,1.4780141115188599,vae_candidate_pool_v1,belief_limited_heuristic_v1,872
VAE000358,vae_candidate_000358,0.4844589818901027,499.26708984375,-6519.51171875,6743.898444893417,1.7075951806131136,0.11696416317294608,5.5162417848397265,24,8166.054533818864,2235.875780521968,1.3144718630448833,1.5509616361496257,2397.396526824873,0.40183927644998524,0.0282403215507002,0.9601715942374535,0.9998032989723905,0.570808696863065,0.1643089828806104,0.8234781439250936,0.5714285714285714,0.0,0.27843162737289046,0.0,starboard_vae,starboard,False,0.04880795627832413,1.4793916940689087,1.9940755367279053,1.91710364818573,vae_candidate_pool_v1,belief_limited_heuristic_v1,873
VAE000942,vae_candidate_000942,0.4843655894547455,1276.814453125,6527.57763671875,6657.0330092336335,-1.723545715217404,0.01784451675922202,3.5700215242292694,8,8152.856236219615,2082.381288237957,0.4712159150721816,-1.400202421613167,3436.245031337531,0.06061047543452914,0.03252418623985897,0.9990818736898778,0.9854841148223169,0.8181535788898884,0.0589019893840227,0.8019862887883694,0.19047619047619047,0.0,0.2919419044101412,0.0,port_vae,port,False,0.12825976312160492,2.378865957260132,1.909614086151123,1.3346093893051147,vae_candidate_pool_v1,belief_limited_heuristic_v1,874
VAE001006,vae_candidate_001006,0.4843295390215099,4078.292236328125,-5367.7509765625,6776.5297083502255,2.230916216836882,0.013757700003352448,6.510537370496548,8,7852.3959089237505,2438.870632452129,0.417733240218644,0.9244341367562641,6676.293153404255,0.05009123670462001,0.02676135863927318,0.999372848151701,0.7982800792826866,1.0,0.0522166550273305,0.9004268707261306,0.19047619047619047,0.0,0.26414826123250534,0.0,ahead_vae,ahead,False,0.11552871763706207,1.6898781061172485,2.9067962169647217,1.7966620922088623,vae_candidate_pool_v1,belief_limited_heuristic_v1,875
VAE000733,vae_candidate_000733,0.4835477680948328,-2193.133544921875,-5782.59521484375,6324.811758290367,1.16418843041956,0.21042904658534708,5.270786757821233,16,8233.242414855864,1804.9570030594946,1.076669025664311,2.18783326975558,6236.043984241906,0.43302270755368355,0.05437030626097022,0.9538507602860434,0.815596521661221,1.0,0.13458362820803887,0.9520675070364689,0.38095238095238093,0.0,0.3232250106749365,0.0,starboard_vae,starboard,False,0.06792569905519485,2.1560964584350586,2.599848747253418,1.503801941871643,vae_candidate_pool_v1,belief_limited_heuristic_v1,876
VAE001188,vae_candidate_001188,0.4827881131399227,-359.43212890625,-6767.9091796875,7054.5904373199155,1.5065539264311085,0.04314273815427071,5.220845257151345,24,8463.44960809403,1979.5779598815484,1.4324887473660153,1.6781814653129559,2875.2780786188787,0.37272138851333997,0.01664736655512375,0.9656698991763376,0.994239754594229,0.6845900187187807,0.1790610934207519,0.7880915525814249,0.5714285714285714,0.0,0.30154874184334285,0.0,starboard_vae,starboard,False,0.04468069598078728,2.058464527130127,1.9383339881896973,1.830931544303894,vae_candidate_pool_v1,belief_limited_heuristic_v1,877
VAE001068,vae_candidate_001068,0.4827130713361741,-953.4606323242188,-248.68145751953125,1097.5338224527886,0.28689967706503205,-0.10573834239172201,5.6853027395698525,21,8171.26561598692,2503.754243295059,1.0264511094232123,2.7489546341330393,8507.460004022065,0.6581528971981961,0.7256525506372717,0.8955616865327921,0.38262701749612305,1.0,0.12830638867790153,0.9907961210828152,0.5,1.0,0.3743364266660828,0.3743364266660828,inside_convoy_envelope,inside,True,0.09565789252519608,1.3243422508239746,2.8989224433898926,1.1928396224975586,vae_candidate_pool_v1,belief_limited_heuristic_v1,878
VAE001045,vae_candidate_001045,0.48259363177698056,382.4870300292969,7406.1533203125,7721.208825837134,-1.548254039243634,0.03431977074042596,5.1686978392746346,13,7987.214889594511,2310.1383133429977,0.7045470494650274,-1.5590188436057333,2404.045210974231,0.13803090121960704,0.004735813454909121,0.9952444252527749,0.9999306462465365,0.5723917168986264,0.08806838118312843,0.9834432196723507,0.30952380952380953,0.0,0.27208256304912815,0.0,port_vae,port,False,0.0985422134399414,2.117154121398926,2.9502110481262207,1.5781052112579346,vae_candidate_pool_v1,belief_limited_heuristic_v1,879
VAE001070,vae_candidate_001070,0.48183503787453685,-884.3196411132812,-6034.29638671875,6027.08425079696,1.4741445744920296,-0.19485526355484775,3.944917300715331,1,7947.702499279138,2349.264782124035,0.05355825635719991,1.4725928155429158,3117.184205484911,0.579024983652815,0.08316677057203689,0.9184982922665463,0.9951819091674659,0.7421867155916455,0.006694782044649988,0.9538848789288208,0.023809523809523808,0.0,0.27107399970931734,0.0,starboard_vae,starboard,False,0.0683048665523529,1.0803000926971436,2.4355039596557617,1.245208501815796,vae_candidate_pool_v1,belief_limited_heuristic_v1,880
VAE000415,vae_candidate_000415,0.48142698299043407,-3716.20703125,-6162.43408203125,7641.270690792215,1.12515278206993,0.11463952519535486,5.053618045850307,14,8109.010925825715,2521.625095687318,0.6846673722339204,2.1310793967152177,6445.419819932295,0.5536147804562663,0.005555369974798616,0.9253147783929113,0.8471047142360288,1.0,0.08558342152924005,0.909535559973383,0.3333333333333333,0.0,0.25775535528678184,0.0,astern_vae,astern,False,0.06039445847272873,0.9423654675483704,3.0033862590789795,1.7076267004013062,vae_candidate_pool_v1,belief_limited_heuristic_v1,881
VAE000487,vae_candidate_000487,0.48001394799601366,4112.98828125,-7454.21875,8929.09747404844,2.1648048238398085,-0.0569549010135369,3.79504450075574,13,8434.597262993999,2015.4251389974063,0.7647374002780862,0.9198329287364475,6714.241600459997,0.0028028989533952497,0.0003164220559497944,0.9999980359406502,0.7955003937940437,1.0,0.09559217503476078,0.9800206535142494,0.30952380952380953,0.0,0.29668535182633937,0.0,starboard_vae,starboard,False,0.07486920803785324,2.163416624069214,1.5380221605300903,1.8713500499725342,vae_candidate_pool_v1,belief_limited_heuristic_v1,882
VAE000565,vae_candidate_000565,0.4799632014207156,421.5943908691406,-6627.84912109375,6862.340731716873,1.73288331176168,-0.055372781772146724,4.598326571439319,4,7724.452885489392,2131.184118682092,0.2429804273458345,1.3533365600559668,3747.5419142041646,0.487060559656578,0.023186737539731817,0.9418562107642888,0.9764486542549903,0.8922718843343249,0.030372553418229312,0.9478386628104619,0.09523809523809523,0.0,0.2878323804285194,0.0,starboard_vae,starboard,False,0.06706828624010086,2.1337053775787354,2.591325283050537,1.2006006240844727,vae_candidate_pool_v1,belief_limited_heuristic_v1,883
VAE000427,vae_candidate_000427,0.4796693979548763,-685.9524536132812,415.96453857421875,1028.347176868418,-0.44525804034617694,0.0986445781315117,4.3600657719802784,13,8439.568512745323,2547.8525079060355,0.6045731081607778,-2.5976900351121044,8540.16343243876,0.5554749533191736,0.7007121371124794,0.9248250354746228,0.5174793776532569,1.0,0.07557163852009723,0.9219211260229805,0.30952380952380953,1.0,0.3859549070354269,0.3859549070354269,inside_convoy_envelope,inside,True,0.0623847134411335,1.1392595767974854,1.5068409442901611,1.9415231943130493,vae_candidate_pool_v1,belief_limited_heuristic_v1,884
VAE000829,vae_candidate_000829,0.4793597926352321,-703.8908081054688,-7743.37451171875,7605.191618880661,1.328448485091753,-0.06495811952963224,5.246955714481337,3,8736.817472011508,2039.0168038842685,0.16840197758806408,1.7481860489684078,3548.7261877080805,0.2179567651281069,0.005965616527228301,0.988170653152209,0.9843076574508831,0.844934806597162,0.02105024719850801,0.9604437302971723,0.07142857142857142,0.0,0.2946861496555418,0.0,starboard_vae,starboard,False,0.1047980934381485,0.9628832936286926,2.5371155738830566,1.6972800493240356,vae_candidate_pool_v1,belief_limited_heuristic_v1,885
VAE001195,vae_candidate_001195,0.47845034712922074,534.9371337890625,478.2218017578125,1158.0237751517361,-2.483388167901888,-0.06888899828558695,5.187746385714451,21,8262.17436282392,1808.2443923545115,1.4056196241299035,-0.7270934839734919,7374.690900298754,0.9998175650857606,0.7470756433515614,0.7702279052814657,0.664700959909735,1.0,0.17570245301623794,0.8790912458658862,0.5,1.0,0.41114241043994193,0.41114241043994193,inside_convoy_envelope,inside,True,0.055939555168151855,2.1009459495544434,1.4961074590682983,1.4521265029907227,vae_candidate_pool_v1,belief_limited_heuristic_v1,886
VAE000207,vae_candidate_000207,0.4782928627266842,737.1160888671875,-6070.63134765625,6291.584613577714,1.7458226592999786,0.03816667015276351,5.694385144510086,16,7495.338089345561,1831.7522443648024,1.1653651410876937,1.4339366644425786,2837.2342308928814,0.4410127092889644,0.05710626994622283,0.9521599232466365,0.9906493253760722,0.6755319597364003,0.14567064263596172,0.8724229511073709,0.38095238095238093,0.0,0.3207596414240984,0.0,starboard_vae,starboard,False,0.05502732843160629,1.4600164890289307,1.4776904582977295,1.7236192226409912,vae_candidate_pool_v1,belief_limited_heuristic_v1,887
VAE000474,vae_candidate_000474,0.47775839501524264,-486.736572265625,-5251.63134765625,5520.907040063119,1.4347380730158483,-0.1076837943938506,4.813895655148552,2,7349.544875932506,1794.799342881099,0.1516190069305153,1.5991707861800937,2002.5882668098166,0.33719801470821587,0.1586235785097873,0.9718426946972418,0.9995974720349917,0.47680673019281344,0.018952375866314413,0.9999936850104655,0.047619047619047616,0.0,0.3268178764086948,0.0,starboard_vae,starboard,False,0.08748576045036316,1.3789384365081787,1.9464598894119263,1.6256965398788452,vae_candidate_pool_v1,belief_limited_heuristic_v1,888
VAE000808,vae_candidate_000808,0.4773143247673007,4542.63330078125,-3841.590087890625,5783.6172794276445,2.441487279008573,-0.08920955146483132,3.940629550400565,16,8816.830793257954,2213.4289760239335,0.8198641291092761,0.6108958231163889,8491.796451443824,0.18229551476969696,0.11483638982334213,0.9917150679965339,0.5736014897811799,1.0,0.10248301613865951,0.9205807009259128,0.38095238095238093,0.0,0.28075532260251645,0.0,ahead_vae,ahead,False,0.11236988753080368,2.0360682010650635,1.9326441287994385,1.3716599941253662,vae_candidate_pool_v1,belief_limited_heuristic_v1,889
VAE000765,vae_candidate_000765,0.47712239005362006,4100.2275390625,-9288.5986328125,9834.36023932931,1.9538056617999466,0.023864964048159378,3.73054190440492,2,7626.477131625756,2177.737676032781,0.12042050900792205,1.2116519558380061,4719.296700026902,0.10331322701039514,2.9007367390039295e-05,0.9973339668999139,0.9361978971207792,1.0,0.015052563625990256,0.8070859631659946,0.047619047619047616,0.0,0.2821816988067651,0.0,starboard_vae,starboard,False,0.12766669690608978,2.188713550567627,1.5053859949111938,1.5395129919052124,vae_candidate_pool_v1,belief_limited_heuristic_v1,890
VAE000557,vae_candidate_000557,0.4768610660733468,-1573.2255859375,-80.0092544555664,875.7770276562987,-0.0054246187208650196,0.07379650548318371,4.738306497524985,13,8140.322568446199,2177.500510392778,0.7334043343081554,-3.0623715293857448,8287.115304090143,0.5106633115876195,0.6445655432574477,0.9362102510243913,0.0791382850852454,1.0,0.09167554178851943,0.9683198623683745,0.30952380952380953,0.0,0.44229433101697824,0.0,astern_vae,astern,False,0.07160880416631699,1.1590220928192139,2.001166820526123,1.3982661962509155,vae_candidate_pool_v1,belief_limited_heuristic_v1,891
VAE000671,vae_candidate_000671,0.47617542931546775,5125.3857421875,4945.115234375,6912.227772671054,-2.3166207061873894,-0.09798750319446192,4.505610778728212,5,7779.215787949048,3023.130693620979,0.21260685495387224,-0.9229594505968657,7105.085904406611,0.4134587080519654,0.02130509625683615,0.9578683333378114,0.7973910281680858,1.0,0.02657585686923403,0.883719050844095,0.11904761904761904,0.0,0.23470028466762347,0.0,ahead_vae,ahead,False,0.11794854700565338,1.809728980064392,1.4943569898605347,1.2598929405212402,vae_candidate_pool_v1,belief_limited_heuristic_v1,892
VAE000755,vae_candidate_000755,0.47567555718899324,4484.0400390625,-7173.41162109375,8518.453055850281,2.2295100683168325,0.03683853371220184,4.068194215715815,22,8786.03447630785,1941.3019240409826,1.2898425297344973,0.9489211189851627,6696.261006790201,0.021584241279617444,0.0008445995259964346,0.9998835346537689,0.8127874646678758,1.0,0.16123031621681216,0.7279409883293844,0.5238095238095238,0.0,0.30446712005123344,0.0,ahead_vae,ahead,False,0.13644134998321533,2.35772705078125,2.9049763679504395,1.332004427909851,vae_candidate_pool_v1,belief_limited_heuristic_v1,893
VAE000777,vae_candidate_000777,0.4748141410344919,-606.4754028320312,5705.21533203125,6219.822195787927,-1.5671148735714313,-0.009088373792092558,5.2173322412936844,22,7979.848563179281,1813.5191568293098,1.5202180461429005,-1.5835661538104544,1915.2698112340277,0.5145554601135196,0.06340383517296852,0.9352557938424881,0.9999184668669624,0.45601662172238755,0.19002725576786256,0.9891893779786048,0.5238095238095238,0.0,0.3225226302297223,0.0,port_vae,port,False,0.0781683400273323,1.239300012588501,2.4461700916290283,1.3454254865646362,vae_candidate_pool_v1,belief_limited_heuristic_v1,894
VAE000684,vae_candidate_000684,0.47461858751485486,-487.39044189453125,447.67218017578125,841.1449569470826,-0.60507940940374,0.10210105747078839,3.9263807149692793,23,7792.005844645392,2704.9500639363323,1.0912375814914168,-2.4344121867152646,7680.844336716527,0.46939165061046906,0.6316860475428349,0.9459218181468891,0.6496929564625531,1.0,0.1364046976864271,0.9636227419004124,0.5476190476190477,1.0,0.43267470833934835,0.43267470833934835,inside_convoy_envelope,inside,True,0.07046785950660706,1.4788827896118164,2.311232805252075,1.286361575126648,vae_candidate_pool_v1,belief_limited_heuristic_v1,895
VAE000160,vae_candidate_000160,0.4740101614656276,193.53656005859375,-7613.4306640625,8132.098284427395,1.659976482011108,0.24560389354955073,7.010274464563813,19,8672.80372717543,2064.1853836076607,1.0613176442974328,1.7272200651282363,3390.0899036087235,0.5738134397547339,0.002006940596776088,0.9199185021259595,0.9877907326184767,0.8071642627639818,0.1326647055371791,0.8047619063406377,0.4523809523809524,0.0,0.29193613967217347,0.0,starboard_vae,starboard,False,0.04659534618258476,0.855069100856781,2.501469373703003,1.7820229530334473,vae_candidate_pool_v1,belief_limited_heuristic_v1,896
VAE001052,vae_candidate_001052,0.4738899328236118,-4136.3505859375,-6432.44384765625,7700.434286218962,1.1181838994548756,0.09339318587264342,4.121595605804178,24,7458.738110653149,2229.8938685588523,1.4429845786716908,2.1168019400075613,5778.836417517071,0.6483798741709483,0.004937534538715349,0.8985316157321188,0.8546055304098092,1.0,0.18037307233396135,0.7430435607889717,0.5714285714285714,0.0,0.2791683979582871,0.0,astern_vae,astern,False,0.03970819339156151,1.6347217559814453,1.999969244003296,1.426153540611267,vae_candidate_pool_v1,belief_limited_heuristic_v1,897
VAE000084,vae_candidate_000084,0.47366169881712983,-1053.001220703125,-5419.13623046875,5754.202114356114,1.589525260249884,0.04970696542764229,4.851055299170498,12,8478.762775130068,2195.5689604915865,0.6446168880557388,1.6017743587675517,2457.128945839031,0.7626327935237529,0.11922043992995779,0.8615098563907135,0.9995202191374059,0.5850307013902455,0.08057711100696735,0.896516359757421,0.2857142857142857,0.0,0.2826597974748056,0.0,starboard_vae,starboard,False,0.05842377617955208,2.3291850090026855,2.9668948650360107,1.8137216567993164,vae_candidate_pool_v1,belief_limited_heuristic_v1,898
VAE000287,vae_candidate_000287,0.47258661603882746,-150.55572509765625,6052.55615234375,6473.145032385342,-1.5224776645144287,-0.0651938940136714,5.948080318198202,11,8174.096903383182,1981.6438082073814,0.6790899582718884,-1.6843088830890358,2894.76198878079,0.30278009292282326,0.043447483138561505,0.9772556123465761,0.9935643645534941,0.6892290449478071,0.08488624478398606,0.7998639195866063,0.2619047619047619,0.0,0.30222815650678436,0.0,port_vae,port,False,0.04602775722742081,1.9197907447814941,2.4300458431243896,1.9232009649276733,vae_candidate_pool_v1,belief_limited_heuristic_v1,899
VAE000212,vae_candidate_000212,0.47227098688571256,-967.0906372070312,-2176.04345703125,2317.8731977825087,1.0716766901587704,0.043924502362415116,3.9486135023735907,5,8329.24770599425,2159.9234737751244,0.2779238786695856,2.1138404657934386,6153.2897265189185,2.382174009356852,0.9987258008293715,0.13738180165727015,0.8561396082616002,1.0,0.0347404848336982,0.7975752801961675,0.11904761904761904,1.0,0.3094482179348071,0.3094482179348071,inside_convoy_envelope,inside,True,0.045764029026031494,1.0478854179382324,1.502382516860962,1.436487078666687,vae_candidate_pool_v1,belief_limited_heuristic_v1,900
VAE000477,vae_candidate_000477,0.47163088501819794,-1090.295166015625,5797.48193359375,6026.3204829771075,-1.5574275156704875,0.07818404795245823,5.430254011570339,4,7784.31886677308,2111.82569344284,0.24332195904911003,-1.5059810899668473,2611.580620554907,0.5804556564055425,0.08325391203748621,0.9181064262361488,0.9979002277897617,0.6218049096559303,0.030415244881138753,0.991027989590079,0.09523809523809523,0.0,0.29047592550932716,0.0,port_vae,port,False,0.07898189127445221,1.9832299947738647,2.443932294845581,1.389344573020935,vae_candidate_pool_v1,belief_limited_heuristic_v1,901
VAE000723,vae_candidate_000723,0.4711281892838347,-1246.357666015625,-935.7354736328125,841.0692616252941,0.7170158878431049,0.28536260715065703,4.937191331954466,28,8570.270988310136,1837.8879421153272,1.7776425967968428,2.7099393728973458,8553.088187017791,1.258980410863706,0.6316578668778786,0.6533937451106744,0.41837300754457124,1.0,0.22220532459960535,0.8399002819323442,0.6666666666666666,0.0,0.4759158273543051,0.0,astern_vae,astern,False,0.050815384835004807,0.6194729804992676,1.9549262523651123,1.6451623439788818,vae_candidate_pool_v1,belief_limited_heuristic_v1,902
VAE000191,vae_candidate_000191,0.4698878205728599,-4005.61865234375,3916.738525390625,5580.553094450494,-0.8829743765165755,-0.2892789547225768,5.287372135387699,14,8244.251133171749,2921.636565293495,0.5812334925887428,-2.5478972317957944,8467.931800418211,0.559495510482419,0.14774435481336387,0.9237614905267376,0.5594278933506149,1.0,0.07265418657359285,0.8181742277771439,0.3333333333333333,0.0,0.24011903528476214,0.0,astern_vae,astern,False,0.04817342758178711,1.7220033407211304,1.475630760192871,1.2800147533416748,vae_candidate_pool_v1,belief_limited_heuristic_v1,903
VAE000271,vae_candidate_000271,0.46796055800533226,2722.135986328125,8192.5,8343.061438951574,-1.7704174851212067,-0.15599882870705212,4.21724110789121,9,7671.242218824851,2132.8268721859818,0.5500741163112775,-1.5271739971756386,2465.329243745059,0.11818605823563288,0.0012598726141912324,0.9965120766732751,0.9990486970471201,0.5869831532726332,0.06875926453890968,0.9338383132256789,0.21428571428571427,0.0,0.28669109218948496,0.0,port_vae,port,False,0.11009827256202698,0.6682950854301453,1.515974521636963,1.0973024368286133,vae_candidate_pool_v1,belief_limited_heuristic_v1,904
VAE000741,vae_candidate_000741,0.4673617951233011,-735.4641723632812,-396.64422607421875,841.4600592648917,0.6008744634857228,-0.06464206809002557,5.2778883937014145,20,8459.027874754678,2881.5695631414274,0.8205034875538324,2.476076122014045,8433.123824494296,0.1680837604870944,0.6318033560113515,0.9929535755465608,0.6174655177598285,1.0,0.10256293594422905,0.8307203837777396,0.47619047619047616,1.0,0.4272548900512675,0.4272548900512675,inside_convoy_envelope,inside,True,0.04968489706516266,2.377460241317749,2.1321663856506348,1.9361516237258911,vae_candidate_pool_v1,belief_limited_heuristic_v1,905
VAE001102,vae_candidate_001102,0.46546560454868885,2249.010986328125,6123.78271484375,6336.359177651963,-1.9018332096294506,-0.17206807339240093,3.872526988650363,12,7935.608272801547,1530.8483662426097,0.9877996080532194,-1.4118275173527435,2767.753573506502,0.11354951110423706,0.053445272946641795,0.9967800890213876,0.9873910458908873,0.6589889460729766,0.12347495100665243,0.9008876869166738,0.2857142857142857,0.0,0.3669270210788798,0.0,port_vae,port,False,0.059073224663734436,1.000145435333252,2.570758819580078,1.0953972339630127,vae_candidate_pool_v1,belief_limited_heuristic_v1,906
VAE000562,vae_candidate_000562,0.464492782820014,464.83905029296875,-8294.7998046875,8177.470029311621,1.6460039774880908,-0.025106131223318968,5.244312774472605,14,8167.968653446283,2166.4402889781436,0.7911653338536376,1.4704825448783831,2973.535473785104,0.5394698944543168,0.001818287596211154,0.9289905535891521,0.9949727903741298,0.7079846366155009,0.0988956667317047,0.8324039256350563,0.3333333333333333,0.0,0.2831019418223709,0.0,starboard_vae,starboard,False,0.049890585243701935,0.7792237997055054,2.4828317165374756,1.8526307344436646,vae_candidate_pool_v1,belief_limited_heuristic_v1,907
VAE000572,vae_candidate_000572,0.4639942583856371,-908.7860717773438,-475.5694274902344,1190.1136460921798,0.4673295241750669,-0.12322649866222934,4.482367311796439,23,10074.308396130484,2744.956256997987,0.8317200415423839,2.5510366307524976,9896.48954970028,1.4425826660633296,0.7582701951030738,0.563931335391077,0.5568229588803218,1.0,0.10396500519279799,0.9999631282749554,0.5476190476190477,1.0,0.3481628660629232,0.3481628660629232,inside_convoy_envelope,inside,True,0.08779636770486832,1.1092133522033691,1.9787516593933105,1.1954243183135986,vae_candidate_pool_v1,belief_limited_heuristic_v1,908
VAE000735,vae_candidate_000735,0.4627758544427827,-385.48779296875,-689.0272827148438,818.7873994196327,1.1376251810485467,0.2080981625502663,4.925628414878832,10,7163.449006473977,2169.5261373132503,0.6434472360196256,2.212065635091513,6023.790553708188,0.0388802265050594,0.6233582459000342,0.9996221296016691,0.8013370868138002,1.0,0.0804309045024532,0.8469700331563995,0.23809523809523808,1.0,0.46239161990079686,0.46239161990079686,inside_convoy_envelope,inside,True,0.05170176923274994,0.8386261463165283,1.5277111530303955,1.1582857370376587,vae_candidate_pool_v1,belief_limited_heuristic_v1,909
VAE000646,vae_candidate_000646,0.4626060468316616,-948.1087036132812,-6430.03515625,6692.805891671567,1.348041816860389,-0.30105803362230527,6.338786176747489,7,8973.815961336137,1847.5378058880126,0.4222090589750777,1.4924928031070988,2543.8402198463905,0.36274011424912744,0.0306970610622405,0.9674640198896849,0.9969358452097049,0.6056762428205692,0.052776132371884714,0.9998489102709454,0.16666666666666666,0.0,0.3166459660039414,0.0,starboard_vae,starboard,False,0.0861937552690506,2.0444040298461914,2.9259586334228516,1.9169822931289673,vae_candidate_pool_v1,belief_limited_heuristic_v1,910
VAE001126,vae_candidate_001126,0.4620525056169756,-583.7711181640625,6041.83251953125,6627.037917975336,-1.3992231035214076,0.12821000286653592,3.431592293746875,15,7588.677098668904,1787.1727465054669,1.106008977592477,-1.6141595472018497,2114.459096426349,0.38712784934929356,0.0341270373992583,0.962998600929891,0.9990599628731993,0.5034426420062735,0.13825112219905963,0.9639761092413172,0.35714285714285715,0.0,0.32609467855474716,0.0,port_vae,port,False,0.07055117189884186,1.5365700721740723,1.4826571941375732,1.1577341556549072,vae_candidate_pool_v1,belief_limited_heuristic_v1,911
VAE000729,vae_candidate_000729,0.4614235149263483,-4754.330078125,4673.97265625,6615.181815618902,-0.7947587522977363,-0.06041923827630563,3.801830274542544,13,9099.84878722955,2256.6951991944743,0.6330474615022629,-2.4072531395683625,8266.78142854158,0.4535414631913546,0.03477890083045939,0.9494505222317611,0.6700970405933897,1.0,0.07913093268778286,0.9754469488007484,0.30952380952380953,0.0,0.2758481703817643,0.0,astern_vae,astern,False,0.07350724935531616,0.8515233397483826,2.4103167057037354,1.3007441759109497,vae_candidate_pool_v1,belief_limited_heuristic_v1,912
VAE000412,vae_candidate_000412,0.46113681549342617,3646.365234375,6132.701171875,7069.015184247932,-1.9507398574502368,0.014713328108119064,6.557416636535034,13,9478.630529833432,1962.7497704570712,0.6987677001726551,-1.1761394680314372,5456.322733896021,0.656688547925204,0.016229465943003514,0.8960091017237437,0.9231285535787308,1.0,0.08734596252158189,0.7414321063680991,0.30952380952380953,0.0,0.3024066420271261,0.0,ahead_vae,ahead,False,0.039534684270620346,2.086515426635742,2.945038318634033,1.238731861114502,vae_candidate_pool_v1,belief_limited_heuristic_v1,913
VAE000390,vae_candidate_000390,0.4611188774853599,-594.4612426757812,-7119.908203125,7057.896430707597,1.4582054193288732,0.047574771650330694,6.22515772420855,0,8040.311124988293,1902.4730854951354,0.0,1.7309620059112503,3160.4061214276394,0.33937691324999864,0.016550762719077766,0.9714811369485743,0.9872008741265749,0.7524776479589618,0.0,0.9848273084499873,0.0,0.0,0.31066266003628545,0.0,starboard_vae,starboard,False,0.0980568379163742,0.7654968500137329,2.5037848949432373,1.6477876901626587,vae_candidate_pool_v1,belief_limited_heuristic_v1,914
VAE000104,vae_candidate_000104,0.46065415981994595,-4121.5224609375,-4639.640625,6491.4565024757785,0.9415044923696472,-0.19556931478784653,4.244785203585359,1,8148.632904771973,2530.5525500788635,0.04849532635137245,2.0045188464323,5720.718333417511,0.6017417068977302,0.04223676067352909,0.9121754609355226,0.9074076456793135,1.0,0.006061915793921556,0.6815283178308983,0.023809523809523808,0.0,0.258312659861249,0.0,astern_vae,astern,False,0.03323044627904892,1.1422266960144043,2.4988481998443604,1.0860549211502075,vae_candidate_pool_v1,belief_limited_heuristic_v1,915
VAE000567,vae_candidate_000567,0.460210605282524,4688.31005859375,-3684.386962890625,5966.9551795172565,2.3652117744622876,-0.0920479009514459,6.604289377037747,4,9003.39981865186,2306.0796135424607,0.19265450028479678,0.6843329781760599,8434.005045728081,0.35812437332039515,0.09025322353291916,0.9682779560052284,0.632156316405569,1.0,0.024081812535599597,0.9508331296748038,0.09523809523809523,0.0,0.2730128290999714,0.0,ahead_vae,ahead,False,0.10686098039150238,2.2250049114227295,1.4891128540039062,1.3567248582839966,vae_candidate_pool_v1,belief_limited_heuristic_v1,916
VAE001138,vae_candidate_001138,0.4597902597099791,-726.4979858398438,-1722.2745361328125,2265.757694207995,1.1138356921543882,0.0763461427839334,3.9984459066041507,8,7973.828669221383,1866.511319305208,0.5375173154652267,2.1041031042193388,5661.074529494337,2.364510830113103,0.9965991803051097,0.14351859919521076,0.861130670024218,1.0,0.06718966443315334,0.8061477318209788,0.19047619047619047,1.0,0.3390805476751033,0.3390805476751033,inside_convoy_envelope,inside,True,0.04675674811005592,1.5646148920059204,1.4973490238189697,1.5460538864135742,vae_candidate_pool_v1,belief_limited_heuristic_v1,917
VAE000363,vae_candidate_000363,0.45891133967353526,-2654.8369140625,-8472.4462890625,8869.567684527743,1.2692961662725093,0.29588157822509087,5.21630521616257,11,8023.779256187045,2625.1376252472746,0.5222297831396779,2.168178065542375,6683.70521634292,0.5455137092015755,0.0003662640090737573,0.9274304309080332,0.8268111657734769,1.0,0.06527872289245974,0.7202902815908926,0.2619047619047619,0.0,0.2511309257466352,0.0,starboard_vae,starboard,False,0.03728014603257179,0.7256894707679749,2.878044605255127,1.3653910160064697,vae_candidate_pool_v1,belief_limited_heuristic_v1,918
VAE000003,vae_candidate_000003,0.4561658106087535,-1786.08837890625,5687.169921875,5740.1738358321745,-1.0931910873039532,-0.39116585412886556,4.942187701379687,5,8276.464619730421,2473.9891965273127,0.24418970075500301,-2.439567420414705,7916.994595520604,0.5400703515473622,0.12135579514097174,0.9288362544893702,0.6457653487988801,1.0,0.030523712594375377,0.8058892985217291,0.11904761904761904,0.0,0.2627416471728884,0.0,port_vae,port,False,0.04672662168741226,1.912071704864502,2.439289093017578,1.0406087636947632,vae_candidate_pool_v1,belief_limited_heuristic_v1,919
VAE001011,vae_candidate_001011,0.45512949327661256,590.36572265625,6438.31494140625,6869.670905778731,-1.7316610835548827,0.041001442547145855,5.264214974127731,11,8136.357795686676,1429.9283537990968,0.9454713406937534,-1.3689301274877645,3032.215722717743,0.3206284712388885,0.02290152886623321,0.9745187672983735,0.9796941148506007,0.7219561244566055,0.11818391758671917,0.9987482252824383,0.2619047619047619,0.0,0.3869542657215404,0.0,port_vae,port,False,0.08417797088623047,1.437201976776123,2.9462852478027344,1.9236788749694824,vae_candidate_pool_v1,belief_limited_heuristic_v1,920
VAE000359,vae_candidate_000359,0.4542305800086138,-1010.7639770507812,5413.978515625,5928.057047894347,-1.3955588490149897,0.17136746942829764,4.223384332228365,8,7855.797909508889,1918.207253952945,0.53088952372115,-1.5746663351465058,1948.5948171398866,0.38612358989596535,0.09508678118629164,0.9631879366451672,0.9999925115270255,0.4639511469380682,0.06636119046514374,0.7822691225265308,0.19047619047619047,0.0,0.31029985305507796,0.0,port_vae,port,False,0.04402274265885353,1.4395389556884766,1.8891470432281494,1.9541791677474976,vae_candidate_pool_v1,belief_limited_heuristic_v1,921
VAE001003,vae_candidate_001003,0.45379394961422026,-4536.16064453125,1120.673583984375,4977.640026126056,-0.19799111014695825,0.014783883167175367,4.691308324481399,11,8909.523993195335,2945.255084748469,0.4191942037767131,-2.9288176602756595,9330.56113566429,0.04344277150766581,0.2847915552815408,0.9995282556005287,0.21117312298083096,1.0,0.05239927547208914,0.7203116279256563,0.2619047619047619,0.0,0.23979879446644364,0.0,astern_vae,astern,False,0.03728240355849266,0.9800234436988831,1.9132623672485352,1.4467582702636719,vae_candidate_pool_v1,belief_limited_heuristic_v1,922
VAE000888,vae_candidate_000888,0.45373563317180216,-666.9937133789062,-6432.0380859375,6486.870791290818,1.5634003023711753,-0.09935697796849721,4.818044728447593,27,8845.928798758267,1385.993523772129,2.202211994789594,1.478835373250121,2192.471062690027,0.25684317405924495,0.04253726206747691,0.9835983600209093,0.9957745705780681,0.5220169196881016,0.27527649934869924,0.7612693989164543,0.6428571428571429,0.0,0.3966972301054401,0.0,starboard_vae,starboard,False,0.041689638048410416,0.9529604911804199,1.5081334114074707,1.0627758502960205,vae_candidate_pool_v1,belief_limited_heuristic_v1,923
VAE000323,vae_candidate_000323,0.4526946950587956,-2852.273193359375,7168.451171875,7864.623054632944,-1.268805112292726,-0.06728379904759753,6.32313419325187,0,8966.84151992336,2839.3862202579553,0.0,-1.9400713403446648,5884.467621833615,0.7514031187674022,0.0035351115601027954,0.8653658643987907,0.9325892668533267,1.0,0.0,0.7499351606483212,0.0,0.0,0.23975579071545577,0.0,port_vae,port,False,0.04045318812131882,2.2578465938568115,1.46299147605896,1.046848177909851,vae_candidate_pool_v1,belief_limited_heuristic_v1,924
VAE000699,vae_candidate_000699,0.452414807234352,4261.50341796875,-5202.72265625,7034.901332244737,2.2258947709712382,-0.06385084050309786,4.592629259065036,2,8609.734240218933,1871.265749800853,0.12413801049352452,0.8518470421154574,7078.446530561517,0.16527995324672773,0.017233015412262017,0.9931861668594588,0.7524981395926645,1.0,0.015517251311690565,0.9972439029064215,0.047619047619047616,0.0,0.31376032790731667,0.0,ahead_vae,ahead,False,0.08268193900585175,2.3952736854553223,2.5328729152679443,1.396559476852417,vae_candidate_pool_v1,belief_limited_heuristic_v1,925
VAE000978,vae_candidate_000978,0.45009736462071903,4004.5556640625,5905.87158203125,6869.171173269079,-2.2252342804077623,0.1104089946435413,3.5847338517019027,3,8636.821115247369,1951.353639393666,0.1780046499411035,-0.8059493785384896,7388.243424795304,0.029964904034508688,0.02292087575123065,0.9997755429272205,0.7214883429821934,1.0,0.022250581242637936,0.9360718979186461,0.07142857142857142,0.0,0.3045932892453793,0.0,ahead_vae,ahead,False,0.06483660638332367,2.132129430770874,1.5095913410186768,1.6551897525787354,vae_candidate_pool_v1,belief_limited_heuristic_v1,926
VAE000824,vae_candidate_000824,0.4473518982286433,-1059.267333984375,-760.8406372070312,1034.8287105865306,0.6561762343353176,0.15702311288814427,5.577781823746577,13,8082.731684321711,2822.5674751770794,0.5698241579294702,2.64243953214262,8447.656244884634,0.9174137610213204,0.7030657606454473,0.8039378721089996,0.4786821609202665,1.0,0.07122801974118377,0.8716701236050628,0.30952380952380953,1.0,0.37553067140468194,0.37553067140468194,inside_convoy_envelope,inside,True,0.054925527423620224,2.1758460998535156,1.5080984830856323,1.780151605606079,vae_candidate_pool_v1,belief_limited_heuristic_v1,927
VAE001063,vae_candidate_001063,0.4439064357078889,-4752.02587890625,2181.776611328125,5653.298236661159,-0.4254718503102758,-0.07532674058096411,5.225239580314691,13,8035.255025041601,2714.9327285211725,0.5959154074104224,-2.7914475438604813,8479.013963581187,0.14451264819386372,0.13523428211183516,0.9947881035032731,0.3430341159648862,1.0,0.0744894259263028,0.8694898529497702,0.30952380952380953,0.0,0.24973935190611402,0.0,astern_vae,astern,False,0.054632000625133514,1.6178805828094482,1.519718885421753,1.9397387504577637,vae_candidate_pool_v1,belief_limited_heuristic_v1,928
VAE000649,vae_candidate_000649,0.44351631653355084,679.6422119140625,6250.8017578125,6813.92235271291,-1.713467166551538,-0.2275729997691584,6.548295269889919,11,8648.650251275905,1609.7687574668134,0.7900978065435114,-1.6556984868074136,2337.3775653190455,0.3934255766553687,0.025149128167350116,0.961800635571343,0.9963979761214485,0.5565184679331061,0.09876222581793892,0.9148276704063395,0.2619047619047619,0.0,0.3515967556684247,0.0,port_vae,port,False,0.061229512095451355,0.7814895510673523,2.3947205543518066,1.6725196838378906,vae_candidate_pool_v1,belief_limited_heuristic_v1,929
VAE000432,vae_candidate_000432,0.4432986461888522,-639.4092407226562,-6711.009765625,6155.803688006757,1.5688435000567205,-0.04517631845064211,5.349624060830754,8,8966.835819263739,1793.1148629675642,0.4975567914927484,1.5275728350824302,2178.897393770018,0.6139246481363868,0.06949140252615445,0.908696703976277,0.9990660103077709,0.5187850937547662,0.06219459893659355,0.9033616320441824,0.19047619047619047,0.0,0.32426496219166173,0.0,starboard_vae,starboard,False,0.0594460666179657,1.0252219438552856,1.5157902240753174,1.7972075939178467,vae_candidate_pool_v1,belief_limited_heuristic_v1,930
VAE000102,vae_candidate_000102,0.4402217180954471,922.364013671875,-861.5762329101562,986.5521747152673,2.39895274790705,-0.0034997344779973774,5.7922502953318205,1,8175.778781905985,2234.1616812703833,0.054746488621425865,0.7391401712047465,7547.342492186015,0.8497927493123023,0.6854617881708953,0.8300694175452045,0.6736527059228131,1.0,0.006843311077678233,0.8678357116399719,0.023809523809523808,1.0,0.4099819007569836,0.4099819007569836,inside_convoy_envelope,inside,True,0.05441056936979294,1.1471489667892456,1.5027960538864136,1.534437894821167,vae_candidate_pool_v1,belief_limited_heuristic_v1,931
VAE000413,vae_candidate_000413,0.43722098099142015,-898.5310668945312,-1073.21240234375,1175.4102765579971,0.7803165189978823,-0.035620669557279376,3.7743016093133184,16,9129.655858848517,2474.5501718512423,0.7082218343813329,2.325655465034632,8057.896400595533,1.6233124615237016,0.7531566488316342,0.4737540006863304,0.7283680669253298,1.0,0.08852772929766661,0.8060231465451335,0.38095238095238093,1.0,0.3617994824163073,0.3617994824163073,inside_convoy_envelope,inside,True,0.04674222320318222,1.5265696048736572,2.9495363235473633,1.2265256643295288,vae_candidate_pool_v1,belief_limited_heuristic_v1,932
VAE000960,vae_candidate_000960,0.43664894643010055,560.0298461914062,2077.0048828125,1696.78010663098,-1.6145103816470192,-0.052843801240260516,3.6869336880136534,17,7994.448723180893,2584.493454956309,0.8227823435758794,-1.5799260731830345,2657.3720194246303,3.0845466100772208,0.9107546797062639,0.0008133421659138884,0.9999583241549267,0.632707623672531,0.10284779294698493,0.9693571984296979,0.40476190476190477,1.0,0.30717419562213993,0.30717419562213993,inside_convoy_envelope,inside,True,0.07187138497829437,2.1804001331329346,1.9727050065994263,1.7002469301223755,vae_candidate_pool_v1,belief_limited_heuristic_v1,933
VAE000277,vae_candidate_000277,0.43392962985689043,-2607.943115234375,-7396.47607421875,8635.504011644342,1.1361119949385534,0.17128409962159344,4.614787350248994,6,8037.829003172998,1825.5708954230977,0.40889686827399646,2.1767647582728333,6078.542244764067,0.4403028944471662,0.0006425911117071701,0.9523113035099487,0.8219509049246867,1.0,0.05111210853424956,0.7276498083426486,0.14285714285714285,0.0,0.31914775032319836,0.0,starboard_vae,starboard,False,0.03806060552597046,1.2307956218719482,1.527051329612732,1.1661186218261719,vae_candidate_pool_v1,belief_limited_heuristic_v1,934
VAE000667,vae_candidate_000667,0.43374054353906544,-283.99285888671875,-855.297607421875,1251.1700942410287,1.0121940309096955,-0.13071732979609865,5.512648973211901,27,7870.639023896579,1928.5152171238426,1.7788146582326454,1.9986812928839994,5020.551748651777,2.067713749113131,0.7791968866872105,0.2616409756739935,0.9098454118325346,1.0,0.22235183227908067,0.8406339685573261,0.6428571428571429,1.0,0.38791819092241614,0.38791819092241614,inside_convoy_envelope,inside,True,0.0509067103266716,1.700608253479004,2.929267168045044,1.0540194511413574,vae_candidate_pool_v1,belief_limited_heuristic_v1,935
VAE000035,vae_candidate_000035,0.4324017005925393,983.6407470703125,-6935.1259765625,6917.463547757345,1.7877250188698046,0.07589994538416425,3.4653629134788666,6,8481.244087348654,1603.3445645903078,0.4412297877441622,1.4297675801041534,2779.5647019297485,0.44411603800002064,0.02111553809583915,0.9514954105552191,0.9900719177380236,0.661801119507083,0.05515372346802028,0.8222533061954533,0.14285714285714285,0.0,0.3527679965550639,0.0,starboard_vae,starboard,False,0.04866086319088936,0.7638554573059082,2.4229214191436768,1.3681633472442627,vae_candidate_pool_v1,belief_limited_heuristic_v1,936
VAE000078,vae_candidate_000078,0.4323995338312429,568.8262939453125,-1618.9149169921875,1591.0048814220513,1.9543389322074622,-0.22377528042971034,3.086422541591363,14,7836.081835857259,2896.760346088771,0.6167604349287452,0.9634784409526207,6850.559603046484,2.8190304207086956,0.8836281736684174,0.025786844850922197,0.8211815637644192,1.0,0.07709505436609315,0.9072342195609527,0.3333333333333333,1.0,0.30190357221181224,0.30190357221181224,inside_convoy_envelope,inside,True,0.06003784015774727,1.4391082525253296,2.9380881786346436,1.278106689453125,vae_candidate_pool_v1,belief_limited_heuristic_v1,937
VAE000957,vae_candidate_000957,0.432258733863995,3719.6806640625,-7091.77294921875,8023.032139880984,2.25519390279182,-0.172850426268203,4.931986804491281,0,7709.9659204646505,2496.1780178366826,0.0,0.7135483245297698,7462.874805208131,0.10591808517734515,0.0025363472334259713,0.9971979608673609,0.6545205759347483,1.0,0.0,0.8155042976545983,0.0,0.0,0.2596677954137772,0.0,starboard_vae,starboard,False,0.047856345772743225,1.8177647590637207,2.9359734058380127,1.6912437677383423,vae_candidate_pool_v1,belief_limited_heuristic_v1,938
VAE000743,vae_candidate_000743,0.4294691845554324,-117.80560302734375,1022.6235961914062,1188.1017657742639,-1.4364030034468658,0.005939368164491917,6.132018532126454,24,7817.149957377601,3364.7592800663606,0.9124494189456597,-1.6992502819784354,4338.422103764869,2.5859821974933377,0.7575721138435341,0.07521069691040178,0.9917611287867389,1.0,0.11405617736820746,0.912210486631889,0.5714285714285714,1.0,0.3341460285078451,0.3341460285078451,inside_convoy_envelope,inside,True,0.06081385165452957,1.801370620727539,1.5178732872009277,1.9269675016403198,vae_candidate_pool_v1,belief_limited_heuristic_v1,939
VAE000922,vae_candidate_000922,0.42733155378454524,-4741.26416015625,6729.3388671875,8205.817966450599,-0.8949247988684552,-0.04330606383167401,5.618564631704689,0,9107.558636432424,2183.281441494389,0.0,-2.2899739185530117,7642.338308161936,0.5214248640733952,0.0017088538878411875,0.9335551561602945,0.752347758224681,1.0,0.0,0.8193238006954303,0.0,0.0,0.28057954398958507,0.0,astern_vae,astern,False,0.048310425132513046,1.408915638923645,1.9542829990386963,1.672838568687439,vae_candidate_pool_v1,belief_limited_heuristic_v1,940
VAE000300,vae_candidate_000300,0.4227649468415895,-344.44183349609375,-917.989990234375,1221.5262762321604,1.2642279862472927,0.13528889643455524,5.135869182581325,14,8045.022669340656,3004.6101235180204,0.5791787740341288,2.012653563777056,6156.24955492184,2.2794506591554367,0.7691008749238532,0.17459366094158646,0.9039590327553383,1.0,0.0723973467542661,0.8957087604963708,0.3333333333333333,1.0,0.3371022884809758,0.3371022884809758,inside_convoy_envelope,inside,True,0.0583050437271595,0.9395323395729065,1.952144742012024,1.6035906076431274,vae_candidate_pool_v1,belief_limited_heuristic_v1,941
VAE001162,vae_candidate_001162,0.4200157517738281,65.36532592773438,-8422.9267578125,8710.081394235756,1.4544916281129359,0.16901435245302437,3.659877379429331,5,7659.755328076004,1315.1156095283502,0.49635359799765694,1.8561153779298822,3417.8904329834804,0.036485763340935895,0.0005384224160618331,0.9996672341859385,0.9595719002112579,0.8137834364246382,0.06204419974970712,0.7569968260558556,0.11904761904761904,0.0,0.41434976530124235,0.0,starboard_vae,starboard,False,0.041221827268600464,2.4098165035247803,2.480297565460205,1.4304838180541992,vae_candidate_pool_v1,belief_limited_heuristic_v1,942
VAE000471,vae_candidate_000471,0.4170135216000246,-377.8148193359375,6053.4453125,6376.934898165321,-1.5570737936901529,0.16495666997553618,5.227668702776218,14,8881.470056503522,1310.3773988029584,1.2029478101852555,-1.419562189924104,2633.487772733881,0.685976519900605,0.05029778821482299,0.8869004300821379,0.9885858978782094,0.6270208982699716,0.15036847627315694,0.8344021110611272,0.3333333333333333,0.0,0.4157831383425377,0.0,port_vae,port,False,0.05013564974069595,1.3391618728637695,2.9272074699401855,1.212732195854187,vae_candidate_pool_v1,belief_limited_heuristic_v1,943
VAE000423,vae_candidate_000423,0.4109993851632032,-978.2681274414062,-374.01116943359375,1164.346241166222,0.25859102687595964,-0.028265206124688077,4.123901696702272,12,8037.004061788603,1954.8597483516191,0.7637855784249163,2.8547364205891457,8261.70158904769,0.9039393497667325,0.7492911600694958,0.8092596771797298,0.2829383215233875,1.0,0.09547319730311454,0.848047787004666,0.2857142857142857,1.0,0.3967883490175656,0.3967883490175656,inside_convoy_envelope,inside,True,0.05183818191289902,2.3906733989715576,2.438105583190918,1.1918439865112305,vae_candidate_pool_v1,belief_limited_heuristic_v1,944
VAE000216,vae_candidate_000216,0.4108728365366965,789.671875,-433.1962890625,1220.821520355131,2.7433245208005737,-0.18100555542032662,5.564633363722073,11,8080.03024062289,2479.8875923500286,0.5489688515071651,0.21726257736889323,8424.636289808372,1.1584900418435686,0.7688593411453922,0.7003617039852257,0.21555736500439623,1.0,0.06862110643839564,0.9316774971210853,0.2619047619047619,1.0,0.35586430825682747,0.35586430825682747,inside_convoy_envelope,inside,True,0.06405152380466461,2.1363067626953125,1.5284757614135742,1.1189579963684082,vae_candidate_pool_v1,belief_limited_heuristic_v1,945
VAE000780,vae_candidate_000780,0.41022399152215516,-432.26849365234375,-1181.4776611328125,1212.342124256118,1.3064933645702617,-0.11851575556345637,4.06095388581143,5,8990.208215320912,3194.9351546920743,0.17407572238662897,1.716583533456075,4467.062324655111,2.589167484025212,0.7659479482416939,0.07437279444758949,0.9893918538854021,1.0,0.02175946529832862,0.9994729436136138,0.11904761904761904,1.0,0.3327625376135712,0.3327625376135712,inside_convoy_envelope,inside,True,0.08526276051998138,2.272608518600464,1.544415831565857,1.2959496974945068,vae_candidate_pool_v1,belief_limited_heuristic_v1,946
VAE000399,vae_candidate_000399,0.4067334352853019,704.4091186523438,-7099.0185546875,7290.48701118863,1.7253357782860612,0.006776173198250587,3.2043461320537032,9,8117.584640215283,1310.0022334102282,0.8463376237077244,1.4230330485019833,2490.847722774599,0.5121960377226149,0.010876550213273894,0.9358351742089812,0.9891028557998622,0.5930589816129997,0.10579220296346555,0.8619896992140853,0.21428571428571427,0.0,0.4158665704370459,0.0,starboard_vae,starboard,False,0.05363636836409569,1.125998616218567,1.9691258668899536,1.4444904327392578,vae_candidate_pool_v1,belief_limited_heuristic_v1,947
VAE000687,vae_candidate_000687,0.40051914388692733,-366.4239501953125,263.5691833496094,709.4091987056181,-0.6121938926458994,0.0739588168409673,6.034998429859406,23,8464.247350689182,2190.8198698482597,1.240317349419295,-2.455439944102926,7936.72452354365,0.6169111799551419,0.5825833373116887,0.9078346421664298,0.6335652711724331,1.0,0.15503966867741187,0.9991755584534179,0.5476190476190477,1.0,0.5062081344317214,0.5062081344317214,inside_convoy_envelope,inside,True,0.08476025611162186,1.4254206418991089,2.4307422637939453,1.4010258913040161,vae_candidate_pool_v1,belief_limited_heuristic_v1,948
VAE001050,vae_candidate_001050,0.3906264033784881,-484.42779541015625,-459.1498107910156,1274.6599363190414,0.5989359409388196,0.00312808933940433,5.98223160446077,6,8213.430707725314,2011.8394077339096,0.363105930340085,2.5457848019903775,7927.218181074374,1.7482979143488415,0.7871052973429179,0.41171451505040013,0.561177592614535,1.0,0.04538824129251062,0.984311698169159,0.14285714285714285,1.0,0.37770515141995026,0.37770515141995026,inside_convoy_envelope,inside,True,0.07629284262657166,1.4789636135101318,2.518157720565796,1.8316426277160645,vae_candidate_pool_v1,belief_limited_heuristic_v1,949
VAE000666,vae_candidate_000666,0.3879737110798413,532.1893310546875,-566.4297485351562,774.5403489909594,2.263491398613364,-0.08352169916900588,4.232442966933417,14,8021.537561112119,1822.857895761185,0.9574533003149293,0.7945795558074241,6920.502728931731,0.8088022991514763,0.6068610650028454,0.8451827087846728,0.7135691111846616,1.0,0.11968166253936616,0.8777329261452024,0.3333333333333333,1.0,0.5009055938265878,0.5009055938265878,inside_convoy_envelope,inside,True,0.055752161890268326,1.8677752017974854,2.0634918212890625,1.0987083911895752,vae_candidate_pool_v1,belief_limited_heuristic_v1,950
VAE000052,vae_candidate_000052,0.3868832513780318,-1037.422119140625,-360.23614501953125,1183.278696848193,0.4421399678066037,0.09979803682264085,6.703023243291466,1,7632.984865586748,2097.9129458466173,0.06244794275106202,2.7992507226058305,7894.30785220231,1.2529178750288987,0.7558965131535069,0.6562760027376845,0.3356940419560387,1.0,0.007805992843882752,0.9860259655545695,0.023809523809523808,1.0,0.38347977673009287,0.38347977673009287,inside_convoy_envelope,inside,True,0.0769142210483551,1.5118056535720825,2.3355891704559326,1.3459721803665161,vae_candidate_pool_v1,belief_limited_heuristic_v1,951
VAE001088,vae_candidate_001088,0.3822139766912276,-932.2315063476562,-405.482666015625,780.1177270633319,0.5749908121032468,0.11668965186069043,3.7894626534443834,3,8162.320350911185,2704.684254829013,0.13589111001446913,2.683291493347237,8516.633493593392,0.16072367220298986,0.608941084282221,0.9935558653609805,0.4424252174606724,1.0,0.01698638875180864,0.8202777776798563,0.07142857142857142,1.0,0.45562999060205533,0.45562999060205533,inside_convoy_envelope,inside,True,0.048424333333969116,2.3491954803466797,2.972196578979492,1.9543792009353638,vae_candidate_pool_v1,belief_limited_heuristic_v1,952
VAE000503,vae_candidate_000503,0.3731306666382698,-760.4811401367188,-754.1758422851562,829.1665862170669,0.822766445448493,-0.05343052985145757,4.673469826777842,18,7795.549259731913,3274.690524993393,0.7051078045173091,2.2653956782898432,7505.735159097003,1.615271399333797,0.627225311499542,0.4777697940988707,0.7683102096105191,1.0,0.08813847556466364,0.8928901074866848,0.42857142857142855,1.0,0.4243242692032114,0.4243242692032114,inside_convoy_envelope,inside,True,0.05789358168840408,1.3824933767318726,1.5195198059082031,1.4368809461593628,vae_candidate_pool_v1,belief_limited_heuristic_v1,953
VAE001017,vae_candidate_001017,0.36964689006599694,848.317138671875,-328.3370361328125,1192.2979222376398,3.012150430111891,-0.08488571135069158,7.291356554400039,12,8295.964583245537,2648.1287926512023,0.5462296285205407,0.044556512127210256,8405.6833732522,1.1905536379382529,0.7590275073989502,0.6855729175230845,0.04454177071125554,1.0,0.06827870356506759,0.8401708815064007,0.2857142857142857,1.0,0.3527075359186221,0.3527075359186221,inside_convoy_envelope,inside,True,0.05084905028343201,1.450500249862671,2.473109722137451,1.399034857749939,vae_candidate_pool_v1,belief_limited_heuristic_v1,954
VAE000186,vae_candidate_000186,0.3631732136366641,731.71337890625,-1085.5618896484375,1445.6303300244454,2.155007590226685,-0.21035564281229405,4.6924108915867215,9,8069.704713024933,2000.899207330288,0.5573906174638127,0.7762294205508147,7160.0382242603055,2.533970132478776,0.8418293385662169,0.08949615981778258,0.7005938702249728,1.0,0.06967382718297659,0.8864914993816713,0.21428571428571427,1.0,0.3621033378537023,0.3621033378537023,inside_convoy_envelope,inside,True,0.056975603103637695,0.7636789679527283,2.925302743911743,1.9336622953414917,vae_candidate_pool_v1,belief_limited_heuristic_v1,955
VAE001043,vae_candidate_001043,0.35946216565023936,218.2997589111328,-937.940185546875,1058.644472957696,1.8192104115548826,0.07495349444071733,3.947814044785344,12,8272.629056775122,2733.6948043656575,0.5306249511593727,1.3973357364756283,4120.461206454274,2.9223109931511786,0.7116849356383509,0.011973019749201896,0.9849933957581153,0.9810621920129224,0.06632811889492159,0.9991531963810026,0.2857142857142857,1.0,0.37311829791095186,0.37311829791095186,inside_convoy_envelope,inside,True,0.0898064449429512,2.2479407787323,2.405510187149048,1.8336395025253296,vae_candidate_pool_v1,belief_limited_heuristic_v1,956
VAE000604,vae_candidate_000604,0.3550686190784361,-956.5376586914062,-350.6602478027344,745.862814723477,0.4181622424224208,0.012508445630946476,6.912286169093871,15,7995.540514571318,1997.88187235704,0.9390173667456417,2.735938856798319,8135.062476292103,0.2757109107301508,0.596167046414493,0.9811159544056476,0.39461958231456945,1.0,0.11737717084320522,0.7962708969293012,0.35714285714285715,1.0,0.5000800932720018,0.5000800932720018,inside_convoy_envelope,inside,True,0.045614130795001984,2.371896982192993,1.9691530466079712,1.2120811939239502,vae_candidate_pool_v1,belief_limited_heuristic_v1,957
VAE001197,vae_candidate_001197,0.3539918546593271,-392.11566162109375,600.0289916992188,960.4030524344817,-1.090841458120233,0.14162192225296427,5.001520779687147,9,7996.430190487854,2053.5379848116377,0.5480795762701336,-1.9091292732165959,4591.256653192994,2.0463139404475794,0.675862600941687,0.27110065202680145,0.9433092961319322,1.0,0.0685099470337667,0.8740462173647706,0.21428571428571427,1.0,0.42722919258455744,0.42722919258455744,inside_convoy_envelope,inside,True,0.05524763464927673,0.7491559982299805,2.4527204036712646,1.5410642623901367,vae_candidate_pool_v1,belief_limited_heuristic_v1,958
VAE000985,vae_candidate_000985,0.34341204683377213,-248.64923095703125,-1042.497802734375,1026.6322938292592,1.3979486083920465,0.25739747424501525,6.567779003655409,14,8324.699741325805,2547.2273987627786,0.6602246576340421,2.001041519442762,5787.261528042671,2.7648961305159654,0.7000888748207282,0.035057553337653036,0.9088635086967906,1.0,0.08252808220425527,0.9930944592352506,0.3333333333333333,1.0,0.38645007019812866,0.38645007019812866,inside_convoy_envelope,inside,True,0.09453083574771881,0.7212041616439819,2.0440773963928223,1.9443061351776123,vae_candidate_pool_v1,belief_limited_heuristic_v1,959
VAE001115,vae_candidate_001115,0.33977703207642296,56.672119140625,-837.4486083984375,968.9320939806809,1.7251310209475954,0.005914467598344632,4.4615306031589546,21,7620.734414231618,2717.412231652032,1.014067682345992,1.422376100240543,3814.459845032777,3.0342338227006587,0.6789979860288501,0.0028787130639287284,0.9890059224014031,0.908204725007804,0.126758460293249,0.986120554956308,0.5,1.0,0.3945964714537715,0.3945964714537715,inside_convoy_envelope,inside,True,0.0975833609700203,2.058596134185791,1.5116651058197021,1.427264928817749,vae_candidate_pool_v1,belief_limited_heuristic_v1,960
VAE000504,vae_candidate_000504,0.3238333019274512,-755.6006469726562,-498.80767822265625,863.6055343971047,0.6179762062400888,0.21996683250213672,4.297237538041856,12,8035.752160478378,2472.945953647154,0.6038653180552452,2.7435832798518414,8366.106901239487,1.3678806781087711,0.6400424445340901,0.6007630060661504,0.3875840837630072,1.0,0.07548316475690565,0.8895062905479841,0.2857142857142857,1.0,0.4326538957550422,0.4326538957550422,inside_convoy_envelope,inside,True,0.05740542709827423,0.9794546365737915,2.962188243865967,1.5208661556243896,vae_candidate_pool_v1,belief_limited_heuristic_v1,961
VAE000913,vae_candidate_000913,0.32100257667457366,-417.40411376953125,-391.30718994140625,556.0102923113254,0.7825674717144493,0.0024933099363396785,5.594240668955702,9,7595.618863697193,2540.8339253253616,0.46634042647969404,2.361518491811684,7186.482266176978,0.38046396278486005,0.5258293976844385,0.9642462211679402,0.7033321398784151,1.0,0.058292553309961755,0.9752104949654784,0.21428571428571427,1.0,0.5965381784748567,0.5965381784748567,inside_convoy_envelope,inside,True,0.073440320789814,2.2959983348846436,1.5195705890655518,1.9043283462524414,vae_candidate_pool_v1,belief_limited_heuristic_v1,962
VAE000288,vae_candidate_000288,0.3182312815942765,210.981201171875,724.5933227539062,792.926386795746,-1.7957783597346666,0.13904018093783221,6.663328732147091,14,7897.830767851139,2886.7962801983667,0.6140504798568879,-1.2067741129172944,5509.541366208254,2.070024790168303,0.613717631640617,0.26062584555574897,0.9344723346337892,1.0,0.07675630998211098,0.7937664590676936,0.3333333333333333,1.0,0.44597165165171493,0.44597165165171493,inside_convoy_envelope,inside,True,0.045327141880989075,1.5983537435531616,1.4970219135284424,1.5879815816879272,vae_candidate_pool_v1,belief_limited_heuristic_v1,963
VAE001059,vae_candidate_001059,0.31779046460957205,859.0826416015625,-849.3924560546875,921.6320415093616,2.278977997120345,0.030609257713965807,4.5028013864515914,18,8456.099927086721,2723.9511067110907,0.7814534100553558,0.8932239141834144,7423.3808388885645,2.389707778806343,0.6615620003507138,0.13479861691505657,0.7790968760796716,1.0,0.09768167625691948,0.9098986635088852,0.42857142857142855,1.0,0.4061791758526617,0.4061791758526617,inside_convoy_envelope,inside,True,0.06045107543468475,2.250662088394165,1.5157214403152466,1.9245245456695557,vae_candidate_pool_v1,belief_limited_heuristic_v1,964
VAE000571,vae_candidate_000571,0.316820173092345,-505.24346923828125,1052.81787109375,1125.2153222338895,-1.0804469313154903,0.037526049238185415,4.533073390282078,7,7983.324154295135,1961.522320559683,0.44701389390396784,-2.0236196730361176,5256.583974289124,2.747145976927502,0.7355051574620913,0.03839532679587426,0.8992154568210113,1.0,0.05587673673799598,0.8045783608459188,0.16666666666666666,1.0,0.4021657265396298,0.4021657265396298,inside_convoy_envelope,inside,True,0.04657399654388428,2.24507474899292,1.9856188297271729,1.8274179697036743,vae_candidate_pool_v1,belief_limited_heuristic_v1,965
VAE001189,vae_candidate_001189,0.30978898370576224,-944.1705932617188,-767.77783203125,1005.0326361946418,0.46668509727259955,-0.05275735926950933,5.420768581172581,6,8216.029748876883,1162.8072329978104,0.6280316383466973,2.6221501970476844,7709.516301694013,1.0094639773965288,0.6922200326990426,0.7661572829777511,0.49639621373377973,1.0,0.07850395479333716,0.8667382565254917,0.14285714285714285,1.0,0.5472618385587444,0.5472618385587444,inside_convoy_envelope,inside,True,0.05426424741744995,1.1145899295806885,2.941307783126831,1.6965346336364746,vae_candidate_pool_v1,belief_limited_heuristic_v1,966
VAE000440,vae_candidate_000440,0.3088002328891928,527.297119140625,-880.305419921875,984.6973138988697,2.1350982472994913,0.06963225436109895,7.572575286120951,2,7826.859264240074,2045.4825893239404,0.12492423068942107,1.0761266606514008,5516.012091297442,2.418468724312609,0.6847822432228884,0.12512890349937905,0.880125580859383,1.0,0.015615528836177634,0.9635014828626498,0.047619047619047616,1.0,0.4223459135724435,0.4223459135724435,inside_convoy_envelope,inside,True,0.10409356653690338,0.7111688256263733,2.024681329727173,1.307063102722168,vae_candidate_pool_v1,belief_limited_heuristic_v1,967
VAE000932,vae_candidate_000932,0.3079459649809042,-816.7745971679688,225.8798828125,727.6953787947987,-0.2660484001249367,-0.03712386745903762,6.1249220817242715,7,7804.873710689671,2362.459854493127,0.3796362917209744,-2.912668120923894,8137.366066430044,0.48363241717709254,0.5893951932124922,0.9426558500790163,0.22693024549210128,1.0,0.0474545364651218,0.8215904895747345,0.16666666666666666,1.0,0.49048547320322317,0.49048547320322317,inside_convoy_envelope,inside,True,0.048581406474113464,2.0120739936828613,1.9736714363098145,1.02324640750885,vae_candidate_pool_v1,belief_limited_heuristic_v1,968
VAE001111,vae_candidate_001111,0.3061416771870568,122.97686767578125,-483.8500671386719,535.746820442266,1.8593258353699915,-0.13594118760853724,5.528429534718642,2,8387.885364763051,2040.0563439052594,0.11687869313613669,1.146325630611264,5313.469505905072,0.4565335799146144,0.5184130445460183,0.9487930107849326,0.9112568482877322,1.0,0.014609836642017086,0.8456018225082486,0.047619047619047616,1.0,0.6316722545763966,0.6316722545763966,inside_convoy_envelope,inside,True,0.05152909457683563,1.072403907775879,2.9743571281433105,1.5973137617111206,vae_candidate_pool_v1,belief_limited_heuristic_v1,969
VAE000014,vae_candidate_000014,0.304101232239286,-106.2298583984375,803.5493774414062,986.0111477744524,-1.470517474226195,-0.003390978018311425,4.531187249846337,17,8707.954319080009,2029.4369450751474,0.9619604503460374,-1.6744661573819095,2919.6770622068843,2.797991556713761,0.6852636005313429,0.02922618198434701,0.9946310941947142,0.6951612052873534,0.12024505629325467,0.9999996311645684,0.40476190476190477,1.0,0.42242438393133247,0.42242438393133247,inside_convoy_envelope,inside,True,0.08721346408128738,0.8874333500862122,2.937739849090576,1.7677804231643677,vae_candidate_pool_v1,belief_limited_heuristic_v1,970
VAE001090,vae_candidate_001090,0.30346813595520195,-918.8945922851562,485.551025390625,1032.427493661047,-0.6038941704425181,-0.0012931920713133442,5.577118989727486,8,7521.2919983053835,2241.2473912779255,0.47457815143414733,-2.5389916752185884,7466.833655577647,2.058293200299352,0.7021941926795764,0.2657920873323506,0.5667872411309165,1.0,0.05932226892926842,0.7946260726380445,0.19047619047619047,1.0,0.4003548291027171,0.4003548291027171,inside_convoy_envelope,inside,True,0.045425526797771454,2.1335840225219727,1.962783932685852,1.282368540763855,vae_candidate_pool_v1,belief_limited_heuristic_v1,971
VAE000304,vae_candidate_000304,0.2985910240108046,-471.48052978515625,-514.0552368164062,679.3874885656863,0.691004958273582,-0.07714943201618928,5.077834216114233,27,7739.720061492798,2509.829498958852,1.3899343623375835,2.3734382633000224,7310.214390696483,1.6290433801768462,0.5714134599539706,0.47089293850718433,0.694809070862891,1.0,0.17374179529219794,0.9011844483057221,0.6428571428571429,1.0,0.5104464152145713,0.5104464152145713,inside_convoy_envelope,inside,True,0.059117741882801056,1.4616875648498535,2.949995279312134,1.4225560426712036,vae_candidate_pool_v1,belief_limited_heuristic_v1,972
VAE000901,vae_candidate_000901,0.2910391717298151,889.3873901367188,-553.7207641601562,698.2693706769923,2.614219875600423,-0.006279076671771404,4.713638807660193,18,9060.871108796317,1687.8298704563272,1.176993010831601,0.5210937013175994,8698.519620169698,1.0646272418181344,0.5784363990450634,0.742415131398388,0.497828975455114,1.0,0.1471241263539501,0.8709291202705889,0.42857142857142855,1.0,0.5452602642803325,0.5452602642803325,inside_convoy_envelope,inside,True,0.0548255518078804,2.2779006958007812,2.948910713195801,1.0600765943527222,vae_candidate_pool_v1,belief_limited_heuristic_v1,973
VAE000946,vae_candidate_000946,0.28575678553908235,-285.83392333984375,958.4014282226562,786.1942522700404,-1.2549488935200956,0.031774069698020345,5.795794262005682,12,8419.853182733019,2026.1960147282205,0.7033885111749731,-1.854869690371677,4304.805696314973,2.2006783157095935,0.6112071884209912,0.20547530118155816,0.9599217713460086,1.0,0.08792356389687164,0.8364458050571764,0.2857142857142857,1.0,0.4815162718230571,0.4815162718230571,inside_convoy_envelope,inside,True,0.050387367606163025,1.4543977975845337,2.9581708908081055,1.450049638748169,vae_candidate_pool_v1,belief_limited_heuristic_v1,974
VAE000911,vae_candidate_000911,0.2800552503683349,-664.9485473632812,490.883544921875,828.923271853142,-0.5452087489819177,-0.2564345390965725,4.653652740074767,18,8427.800660072586,2264.1347400002537,0.9433133524675469,-2.8528184437044475,8723.610804569595,1.5833243683255505,0.6271346760627952,0.49373614309163527,0.2847774046985953,1.0,0.11791416905844336,0.9936597949950127,0.42857142857142855,1.0,0.45288158071500967,0.45288158071500967,inside_convoy_envelope,inside,True,0.08030678331851959,1.1208549737930298,1.9971559047698975,1.6845046281814575,vae_candidate_pool_v1,belief_limited_heuristic_v1,975
VAE000786,vae_candidate_000786,0.27007346340499394,-1079.430908203125,-418.1647033691406,726.546451122276,0.2885438764474524,0.09751767752427266,3.9771355518150777,11,8942.552072422655,2744.6027095742943,0.44817922334631394,2.950566454666614,9300.994441520488,1.0406320667076034,0.5889670585684212,0.7528375295744685,0.18986652704611112,1.0,0.05602240291828924,0.8284999176711056,0.2619047619047619,1.0,0.4782434797784453,0.4782434797784453,inside_convoy_envelope,inside,True,0.04941468685865402,0.7400575876235962,2.954202890396118,1.8931291103363037,vae_candidate_pool_v1,belief_limited_heuristic_v1,976
VAE000178,vae_candidate_000178,0.2694098928650479,-160.03839111328125,568.9127197265625,836.8016639235468,-1.3296091026155246,0.13921101576812508,3.471098110328416,10,7606.939935346753,2450.986719488855,0.5363509508388515,-1.6727725352061436,3212.636782045442,2.7371461908195633,0.6300689040159522,0.04033981980017304,0.9948049308248975,0.764913519534629,0.06704386885485644,0.982124761574149,0.23809523809523808,1.0,0.44288055463465353,0.44288055463465353,inside_convoy_envelope,inside,True,0.09898649156093597,0.8506588935852051,1.5813167095184326,1.5454596281051636,vae_candidate_pool_v1,belief_limited_heuristic_v1,977
VAE000933,vae_candidate_000933,0.2591093512089001,-835.4597778320312,-481.87335205078125,933.664193866603,0.4774492355084229,0.12740730448047494,6.412349394158146,16,8054.951223150923,2601.8173406705237,0.7634494101731943,2.7915507225618454,8458.745504499744,2.069614460696208,0.6660078525901698,0.2608059905327934,0.34293719601747225,1.0,0.09543117627164929,0.8035297245874464,0.38095238095238093,1.0,0.40717902418970936,0.40717902418970936,inside_convoy_envelope,inside,True,0.04645214229822159,1.036890983581543,2.116605043411255,1.8197882175445557,vae_candidate_pool_v1,belief_limited_heuristic_v1,978
VAE000450,vae_candidate_000450,0.2565521126530441,134.42950439453125,-891.8150024414062,766.3904317058859,1.6252477085370154,-0.06956924041865982,3.495687779308528,24,8633.12444508902,2308.954514877865,1.2040038144521994,1.446775704634118,3359.162968747515,3.0821900303486016,0.6038216461980362,0.0008819085357522072,0.992319295032284,0.7998007068446464,0.15050047680652492,0.9972451194065164,0.5714285714285714,1.0,0.4746995064937568,0.4746995064937568,inside_convoy_envelope,inside,True,0.08268295228481293,2.180525779724121,2.9235291481018066,1.917550802230835,vae_candidate_pool_v1,belief_limited_heuristic_v1,979
VAE000167,vae_candidate_000167,0.251246346867511,-490.34197998046875,-176.091552734375,712.6727131917875,0.23264839356637596,0.09607922710303464,5.857018536514042,18,8095.803186001701,3310.986840485969,0.6715140577450561,3.005023487126452,8471.196903887077,1.3123462993794073,0.5837986544988263,0.627791182856414,0.1361450338069488,1.0,0.08393925721813202,0.9512927623275833,0.42857142857142855,1.0,0.4749671141042492,0.4749671141042492,inside_convoy_envelope,inside,True,0.06776608526706696,1.9385303258895874,1.9104652404785156,1.6754440069198608,vae_candidate_pool_v1,belief_limited_heuristic_v1,980
VAE000600,vae_candidate_000600,0.24955882825671546,818.713134765625,-601.83984375,720.2359424867873,2.4274975746934784,0.053803748376432016,6.590919359348836,27,8397.1326318292,2445.693800113858,1.3147121262716905,0.7678988272727472,7739.5009473262735,2.204583504035453,0.5866158393883238,0.20389966547260552,0.694625248725213,1.0,0.16433901578396132,0.8670325905516668,0.6428571428571429,1.0,0.4905765479080188,0.4905765479080188,inside_convoy_envelope,inside,True,0.05430344492197037,2.1015655994415283,1.4919710159301758,1.6437827348709106,vae_candidate_pool_v1,belief_limited_heuristic_v1,981
VAE000403,vae_candidate_000403,0.2451982869666824,-269.74737548828125,479.3123779296875,426.2200716223997,-1.0540334822801505,-0.015796913480750876,7.402818108069488,19,8031.943882841148,3422.565130382347,0.6911641666130962,-2.1033560847903936,7026.716051894382,0.25031472481679895,0.4788118831997176,0.9844172547799813,0.8615102022056397,1.0,0.08639552082663703,0.8386475799543902,0.4523809523809524,1.0,0.7364797085867245,0.7364797085867245,inside_convoy_envelope,inside,True,0.050659798085689545,0.7311758995056152,2.9399542808532715,1.8691315650939941,vae_candidate_pool_v1,belief_limited_heuristic_v1,982
VAE000273,vae_candidate_000273,0.23566036002986746,-183.02496337890625,-406.03961181640625,744.7554199989361,1.172244295753587,-0.1848151257134039,4.518773824501631,17,7983.194305891679,1824.929269935855,1.1668799689519207,1.7845332321228027,3476.7444215393493,2.5842305560449983,0.5957541784479926,0.07567331052953008,0.9772450927972519,0.8277962908427022,0.1458599961189901,0.9828620129848068,0.40476190476190477,1.0,0.5128406997494319,0.5128406997494319,inside_convoy_envelope,inside,True,0.0987401083111763,2.3992843627929688,2.425656795501709,1.8680834770202637,vae_candidate_pool_v1,belief_limited_heuristic_v1,983
VAE001117,vae_candidate_001117,0.22535023149686176,-318.44134521484375,794.6414794921875,624.6344961135185,-1.2810608519137043,0.08103879953845652,4.547186483276722,21,7899.6799050572035,2457.442881974596,1.08174866604769,-1.7794930021376323,4040.816161946993,2.440961052073952,0.5511068369662562,0.11778242705592457,0.9783017749062368,0.9620990861778554,0.13521858325596126,0.962324808660842,0.5,1.0,0.545721593868757,0.545721593868757,inside_convoy_envelope,inside,True,0.07016507536172867,2.278167724609375,2.4903974533081055,1.217283844947815,vae_candidate_pool_v1,belief_limited_heuristic_v1,984
VAE001041,vae_candidate_001041,0.2231593046481736,-243.65631103515625,1007.3468627929688,660.2086394512964,-1.2260716425569433,-0.07678091333788027,4.56658749030021,16,8595.840734594212,2372.226841652091,0.7846489661005182,-1.99230192437073,5681.452293542701,2.5327111132406985,0.564289479525401,0.08985588290938734,0.9124739824888095,1.0,0.09808112076256477,0.9999503359489925,0.38095238095238093,1.0,0.5254965604751477,0.5254965604751477,inside_convoy_envelope,inside,True,0.08788146078586578,2.12790584564209,2.514594554901123,1.284482479095459,vae_candidate_pool_v1,belief_limited_heuristic_v1,985
VAE000696,vae_candidate_000696,0.21417514062988485,308.27874755859375,-773.145263671875,778.2182235593737,2.106145507719397,-0.05519080149826947,5.887703162381434,1,8926.944534042244,2361.986067151653,0.04742636421191172,0.9802563443721273,6932.569149401066,2.8010236385393243,0.6082326901204986,0.02871762312882259,0.8306401327984152,1.0,0.005928295526488965,0.8858730260000964,0.023809523809523808,1.0,0.46739631259747866,0.46739631259747866,inside_convoy_envelope,inside,True,0.056887999176979065,1.5511817932128906,2.4019651412963867,1.595154047012329,vae_candidate_pool_v1,belief_limited_heuristic_v1,986
VAE000550,vae_candidate_000550,0.2075619538293716,-433.860595703125,-811.1310424804688,651.8113511070064,1.0580815416808262,0.09937836831545786,4.658093149565362,8,7973.371278954765,3174.0263665670627,0.31610944295034854,2.1828894802244254,7179.127193968913,2.271207189893869,0.5611737654753653,0.17773406085728155,0.8184471236746044,1.0,0.03951368036879357,0.8184325179672715,0.19047619047619047,1.0,0.5121874303820302,0.5121874303820302,inside_convoy_envelope,inside,True,0.04820418357849121,2.1118276119232178,2.0975239276885986,1.1664334535598755,vae_candidate_pool_v1,belief_limited_heuristic_v1,987
VAE000825,vae_candidate_000825,0.20221172441174676,-682.8540649414062,-697.0711669921875,550.1508189322383,0.7786796244180765,0.09690672216856328,4.55080244703694,19,8586.468730800776,2748.898820678094,0.8049710344667313,2.45981975134028,8399.29645726634,1.5517972609504285,0.5236823703489143,0.5094989614335186,0.6301705955132043,1.0,0.10062137930834142,0.8401424428261041,0.4523809523809524,1.0,0.596396263180098,0.596396263180098,inside_convoy_envelope,inside,True,0.05084551125764847,1.4833508729934692,2.441213846206665,1.7749478816986084,vae_candidate_pool_v1,belief_limited_heuristic_v1,988
VAE000444,vae_candidate_000444,0.20060600285005525,-111.619384765625,470.13427734375,367.11468173631397,-1.2680374161592414,-0.027598827675129365,5.722971800053525,36,7974.0860283586735,3763.4071036728883,1.1996108460646435,-1.901154065105681,6146.551518661005,0.30200275526386533,0.4578497871875757,0.9773713594657109,0.9459263603895726,1.0,0.14995135575808044,0.8169860837476302,0.8571428571428571,1.0,0.8432820412973285,0.8432820412973285,inside_convoy_envelope,inside,True,0.048032134771347046,1.7048351764678955,2.4764716625213623,1.8733024597167969,vae_candidate_pool_v1,belief_limited_heuristic_v1,989
VAE001183,vae_candidate_001183,0.19892792793084613,-251.233642578125,457.9711608886719,689.3225961330502,-1.2062638698593826,-0.015389418106462762,4.6789878946574985,22,8022.633546260225,1883.430209285725,1.4559826293393525,-1.9507182018368732,4724.306536552746,2.9828485467650365,0.5751076981169613,0.00628670429466377,0.9286936108885272,1.0,0.18199782866741906,0.7854571006765854,0.5238095238095238,1.0,0.5343499039231698,0.5343499039231698,inside_convoy_envelope,inside,True,0.04438234865665436,2.3052802085876465,1.9456696510314941,1.3366669416427612,vae_candidate_pool_v1,belief_limited_heuristic_v1,990
VAE000656,vae_candidate_000656,0.1973654219911476,367.591796875,330.86016845703125,512.5436089373612,-2.554797487552472,-0.05124723502703134,3.802654314111207,10,7856.745869301988,2337.5261835866495,0.544503668186515,-0.6380424010643525,7703.322498376432,1.1314657432646607,0.509951900167631,0.7126668570055869,0.595624116279437,1.0,0.06806295852331437,0.8741046412202386,0.23809523809523808,1.0,0.6435286785282773,0.6435286785282773,inside_convoy_envelope,inside,True,0.05525558441877365,2.1488122940063477,1.504384160041809,1.037827491760254,vae_candidate_pool_v1,belief_limited_heuristic_v1,991
VAE000333,vae_candidate_000333,0.18358548707723232,1042.726318359375,-720.4466552734375,580.1546485138138,2.551502449773576,0.08301174583637441,5.538593459585042,19,8246.452817223008,3532.754424586673,0.6521882549798267,0.6731019496525924,8650.20231790387,1.964157388770084,0.5346964035278475,0.3083525307502937,0.6234143708919384,1.0,0.08152353187247834,0.87746546188704,0.4523809523809524,1.0,0.5593793713183225,0.5593793713183225,inside_convoy_envelope,inside,True,0.05571535974740982,2.138709545135498,2.4058194160461426,1.2558554410934448,vae_candidate_pool_v1,belief_limited_heuristic_v1,992
VAE000715,vae_candidate_000715,0.0832901936348063,-27.237457275390625,1080.669677734375,495.46648825002046,-1.5530586771843735,0.07095539479841172,5.860709061604101,22,7989.846250562275,2760.6110828611922,0.9974222026828808,-1.517578581607008,3181.7037288755128,3.0231535688907303,0.5037474983291157,0.0035028565366333475,0.9985842699733133,0.7575485068751221,0.1246777753353601,0.8412773883776985,0.5238095238095238,1.0,0.6519926746422804,0.6519926746422804,inside_convoy_envelope,inside,True,0.05098692327737808,0.7911390066146851,1.5117334127426147,1.2490909099578857,vae_candidate_pool_v1,belief_limited_heuristic_v1,993
VAE000039,vae_candidate_000039,0.059116864342880854,24.200775146484375,-749.8172607421875,505.0235076047163,1.634001637311987,0.04266308073335762,5.068704505956888,6,8117.785019647689,2454.774131057859,0.30109404527056693,1.5502540970111645,2621.001889862554,3.016923856930088,0.5072172524342973,0.003880547251581601,0.9997890158172279,0.6240480690148938,0.03763675565882087,0.9686544605192885,0.14285714285714285,1.0,0.6480232276527087,0.6480232276527087,inside_convoy_envelope,inside,True,0.0716930478811264,2.277660846710205,1.965874433517456,1.5583558082580566,vae_candidate_pool_v1,belief_limited_heuristic_v1,994
VAE000162,vae_candidate_000162,0.019303568495017798,-9.913238525390625,-226.52606201171875,197.67874583829501,1.3949038527786652,0.14200116477766672,5.341284297301813,7,7955.265125562702,2244.94352801979,0.39195658155467133,1.8886899655887952,4619.011491685469,0.12792510889659803,0.3997701277088058,0.9959143679144913,0.9498959026295842,1.0,0.04899457269433392,0.9185915353966495,0.16666666666666666,1.0,1.036969224062994,1.036969224062994,inside_convoy_envelope,inside,True,0.061837051063776016,1.2197381258010864,1.9001413583755493,1.512891173362732,vae_candidate_pool_v1,belief_limited_heuristic_v1,995
VAE000319,vae_candidate_000319,0.005464315701786515,312.35833740234375,462.84881591796875,431.4021448220188,-2.159012644368362,0.05979122829372316,4.817470022453083,14,8068.153411083145,3308.0565274353476,0.5245428434207493,-0.922788780927708,7507.403545595393,2.761378571737645,0.48066460371690506,0.03570739652240379,0.797288023731016,1.0,0.06556785542759366,0.8564699695976766,0.3333333333333333,1.0,0.7294152842352245,0.7294152842352245,inside_convoy_envelope,inside,True,0.05291671305894852,2.2786006927490234,1.527427315711975,1.129199504852295,vae_candidate_pool_v1,belief_limited_heuristic_v1,996
VAE000368,vae_candidate_000368,-0.016620055804693723,146.26336669921875,462.6083679199219,177.41532280812754,-1.7959730732555206,0.2284050250865313,5.5529882230234655,1,7809.212153441753,2457.274667821661,0.05211216004238942,-1.1172145552477413,5630.705896566193,0.4986809231864766,0.39305125914096456,0.9391070986690004,0.8988833825586556,1.0,0.006514020005298678,0.872237624738174,0.023809523809523808,1.0,1.0330651623685747,1.0330651623685747,inside_convoy_envelope,inside,True,0.05500224605202675,2.0903382301330566,1.5039918422698975,1.729783296585083,vae_candidate_pool_v1,belief_limited_heuristic_v1,997
VAE000230,vae_candidate_000230,-0.0787719551822057,589.841552734375,335.0999755859375,213.99575038269785,-2.610481525627967,0.14984679456450897,6.721853554012194,22,8533.594122059858,1891.1478011323065,1.3632177296375003,-0.38126433339731713,8624.524111687557,0.2613830966324082,0.40521812032177085,0.9830167433357746,0.37209431434846346,1.0,0.17040221620468754,0.7649975969125429,0.5238095238095238,1.0,1.0465097504855057,1.0465097504855057,inside_convoy_envelope,inside,True,0.04209963232278824,2.301802635192871,2.9888689517974854,1.8174675703048706,vae_candidate_pool_v1,belief_limited_heuristic_v1,998
VAE000695,vae_candidate_000695,-0.1778441406351816,-242.96661376953125,565.5003051757812,213.19168608992464,-1.2356468120644177,-0.05067624507653729,4.857105654693851,10,8412.803578209943,2937.813448020462,0.4046085318388626,-1.9566220866019126,5887.79148998007,2.4075051067817643,0.40494887975006916,0.1287788380526107,0.926487995085849,1.0,0.05057606647985782,0.953930770821314,0.23809523809523808,1.0,1.0268044471890556,1.0268044471890556,inside_convoy_envelope,inside,True,0.06831452995538712,2.267930269241333,2.9593398571014404,1.7232120037078857,vae_candidate_pool_v1,belief_limited_heuristic_v1,999
VAE000324,vae_candidate_000324,-0.19795223942835627,139.27267456054688,-799.8177490234375,110.37103829763817,1.6959504056420989,-0.010656331038353152,5.8300068215366885,22,8096.692377912915,2638.653710885869,1.0297519977797032,1.4349859169093409,3710.5947334876446,3.107745358491326,0.371204543454375,0.000286382503881466,0.9907919325037132,0.8834749365446772,0.1287189997224629,0.9991148045422311,0.5238095238095238,1.0,1.0302890947216623,1.0302890947216623,inside_convoy_envelope,inside,True,0.08466951549053192,0.7008546590805054,2.90228271484375,1.3071011304855347,vae_candidate_pool_v1,belief_limited_heuristic_v1,1000
