profile_id,name,belief_score,u_pos_x,u_pos_y,estimated_range_m,estimated_bearing_rad,estimated_convoy_heading_rad,estimated_convoy_speed_mps,estimated_contact_count,estimated_formation_width_m,estimated_formation_depth_m,estimated_contact_density_per_km2,estimated_aspect_rad,projected_target_span_m,bearing_alignment_error_rad,range_score,bearing_alignment_score,aspect_score,formation_span_score,contact_density_score,spread_score,contact_score,inside_score,uncertainty_score,inside_uncertainty_penalty,spawn_region,approach_side,inside_convoy_envelope,spread_rad,launch_delay_s,salvo_interval_s,u_boat_initial_speed_mps,candidate_source_label,selector_method,belief_rank
VAE000916,vae_candidate_000916,0.7999041543596044,-1331.664794921875,-1761.5740966796875,2569.987274550346,0.9445712960056428,-0.12680172209300228,3.9962238389042453,16,8983.775563892788,2355.6360150237897,0.7560541531578072,2.070219635491148,6370.420118140549,0.0878307542078054,0.9945525712104853,0.9980726791167364,0.8778588964838887,1.0,0.0945067691447259,0.9946821137343399,0.38095238095238093,0.0,0.2892894952718712,0.0,astern_vae,astern,False,0.08089417219161987,0.6900043487548828,1.5096714496612549,1.283998727798462,vae_candidate_pool_v1,belief_limited_heuristic_v1,1
VAE000726,vae_candidate_000726,0.7985993480579068,-2011.2392578125,-2405.94189453125,2650.3143902214993,0.8983706608088904,-0.03700258906363862,4.707724670153071,25,7960.71378215742,2497.4528107759816,1.257449950153559,2.2062194037172644,6734.8290992322,0.2630824854917304,0.9882253907047046,0.9827964705698602,0.8048206647122244,1.0,0.15718124376919487,0.9843361212635294,0.5952380952380952,0.0,0.28033892361514895,0.0,astern_vae,astern,False,0.0763014554977417,0.7046844363212585,2.0254602432250977,1.3130804300308228,vae_candidate_pool_v1,belief_limited_heuristic_v1,2
VAE000430,vae_candidate_000430,0.7896799658418162,-1171.906982421875,-1086.7025146484375,1928.882628096647,0.6547981881154513,-0.13135169105928104,4.585703081131882,40,8107.638875125568,2437.7335810955938,2.023854817572372,2.3554427744150614,7453.688467106418,0.027723063391562275,0.9589111854075006,0.9998078702449221,0.7076381246753872,1.0,0.2529818521965465,0.9427237039064461,0.9523809523809523,0.0,0.30305089904601895,0.0,astern_vae,astern,False,0.0660727396607399,0.693780779838562,1.9905126094818115,1.41885244846344,vae_candidate_pool_v1,belief_limited_heuristic_v1,3
VAE000079,vae_candidate_000079,0.7846498887587059,1687.8837890625,2897.41357421875,2676.161124430709,-2.119543197460524,-0.04687186456025362,3.3182200354964833,21,7901.78650480368,2068.3646052908134,1.2848928307751473,-1.0689213206895227,5614.611971118269,0.3032710041324705,0.9856866068124904,0.9771823661203,0.876682093969944,1.0,0.1606116038468934,0.8654864228052994,0.5,0.0,0.31104104046345604,0.0,ahead_vae,ahead,False,0.05409790575504303,1.9640393257141113,1.866518259048462,1.5195598602294922,vae_candidate_pool_v1,belief_limited_heuristic_v1,4
VAE000175,vae_candidate_000175,0.7797948291958907,1284.07470703125,1746.240478515625,2077.673053750504,-2.151523043025618,0.01523904845190348,5.7419791789975285,21,7808.138841771275,3057.5002080331546,0.8796406124773624,-0.9748305621122718,6913.181000112767,0.42026853313887136,0.9805517825399346,0.9564897050989069,0.8276067931567301,1.0,0.1099550765596703,0.8654733908903937,0.5,0.0,0.27094909768127784,0.0,ahead_vae,ahead,False,0.05409617722034454,1.9934154748916626,1.9815623760223389,1.705193042755127,vae_candidate_pool_v1,belief_limited_heuristic_v1,5
VAE000545,vae_candidate_000545,0.779014619959333,-1934.873046875,1438.613525390625,2037.432413430528,-0.6756810942482416,-0.06714520153961989,5.531515489636266,40,8875.26094886513,2812.5591577825226,1.6024230906520553,-2.5330567608811716,8889.872952615144,0.03260867785964272,0.9754564490924914,0.9997341920866831,0.5716667938877863,1.0,0.20030288633150692,0.9984151508936204,0.9523809523809523,0.0,0.27992001572217867,0.0,astern_vae,astern,False,0.09074193239212036,1.3485960960388184,2.4782192707061768,1.8035517930984497,vae_candidate_pool_v1,belief_limited_heuristic_v1,6
VAE000070,vae_candidate_000070,0.777138135394319,1997.186767578125,1788.1300048828125,2619.229139903211,-2.257086130016912,-0.040309779164288094,6.167758939480398,25,8344.518760011906,1743.703528936355,1.718169742933921,-0.9248163027371692,6415.609183629934,0.2942231283257571,0.9909558131432293,0.9785138605616186,0.7985101943575357,1.0,0.21477121786674014,0.9762792612083905,0.5952380952380952,0.0,0.3474914313629782,0.0,ahead_vae,ahead,False,0.07374534010887146,2.1728405952453613,1.4948618412017822,1.1657103300094604,vae_candidate_pool_v1,belief_limited_heuristic_v1,7
VAE000949,vae_candidate_000949,0.7748834235497962,-1685.497802734375,-2545.252685546875,2946.512224518696,1.0229541841339698,0.14523861758014384,5.706999431619066,23,8659.008847436835,3169.6674427097087,0.8380037336994314,2.2638770870359672,7970.694933684075,0.4216877267737408,0.9451038927984133,0.9561997259871327,0.7692813396788525,1.0,0.10475046671242892,0.9341715801491227,0.5476190476190477,0.0,0.24586723180452957,0.0,astern_vae,astern,False,0.06449423730373383,1.3508321046829224,2.9290571212768555,1.6740671396255493,vae_candidate_pool_v1,belief_limited_heuristic_v1,8
VAE000318,vae_candidate_000318,0.7743749889698093,-1446.470703125,-2924.811279296875,2914.4363462428105,1.1494212842895044,-0.0642384064238296,4.491192903181901,4,7742.570931744261,2346.596144892334,0.2201590009221396,1.9279329628764599,4905.278300619667,0.3220002520738269,0.9512033956350254,0.9743021535690022,0.9369016749909551,1.0,0.02751987511526745,0.9999862020701865,0.09523809523809523,0.0,0.2861372578891976,0.0,astern_vae,astern,False,0.08759061992168427,1.9442353248596191,2.918389320373535,1.5000331401824951,vae_candidate_pool_v1,belief_limited_heuristic_v1,9
VAE000083,vae_candidate_000083,0.7712407447136181,-2043.5712890625,1646.51123046875,2761.086569673389,-0.6763779553414725,0.22524964585209675,5.206077746935099,8,8507.630731624118,2789.2118448717843,0.33713190514850333,-2.2399650523962236,7465.258055586726,0.007937037250950518,0.9756540947517166,0.9999842509425976,0.7843376047572741,1.0,0.042141488143562916,0.9623722174173617,0.19047619047619047,0.0,0.26313132537622125,0.0,astern_vae,astern,False,0.10435687750577927,0.6453913450241089,2.9410862922668457,1.8374005556106567,vae_candidate_pool_v1,belief_limited_heuristic_v1,10
VAE000243,vae_candidate_000243,0.7704960922094704,2238.35205078125,1214.87109375,2707.6527432469243,-2.6170705321299934,-0.21889969378213844,4.711048318775128,25,8065.155952549722,2844.8312077314736,1.0896091349557464,-0.7434218152419382,7862.633279941073,0.4791802309664752,0.9822668273024936,0.9436865884828054,0.6768108621130366,1.0,0.1362011418694683,0.9999996713813767,0.5952380952380952,0.0,0.26225900228792903,0.0,ahead_vae,ahead,False,0.08721643686294556,0.800035297870636,2.9697659015655518,1.0525983572006226,vae_candidate_pool_v1,belief_limited_heuristic_v1,11
VAE000046,vae_candidate_000046,0.7678977991939376,-2190.8779296875,-1154.27197265625,2166.8693630095822,0.5504982862663743,-0.08537226929344896,4.250615476916392,31,8165.29448597255,2795.500768657632,1.3580952348032145,2.5057220980299704,8229.615307034997,0.09209627365771211,0.9897785160708575,0.9978810674133327,0.5938781491338953,1.0,0.1697619043504018,0.9089452035430667,0.7380952380952381,0.0,0.27693997183816,0.0,astern_vae,astern,False,0.11423031240701675,1.1417341232299805,2.940579414367676,1.5012290477752686,vae_candidate_pool_v1,belief_limited_heuristic_v1,12
VAE000920,vae_candidate_000920,0.767363712272742,2253.99609375,2588.299560546875,3235.7115112810725,-2.184743467676198,-0.1062342829778969,3.9848576035677583,19,7737.659724609009,2798.9035902822534,0.8773159693723767,-1.063083468891492,6207.7408908374755,0.053293407320146535,0.8763188416433005,0.9992901212236364,0.8738587547337225,1.0,0.10966449617154708,0.8403869266814618,0.4523809523809524,0.0,0.2576647475758964,0.0,ahead_vae,ahead,False,0.0508759431540966,2.3184654712677,1.9694126844406128,1.2791041135787964,vae_candidate_pool_v1,belief_limited_heuristic_v1,13
VAE000042,vae_candidate_000042,0.765766324781288,1772.729736328125,-1547.126953125,2968.8837190751747,2.3004095786037464,0.1338013590296408,4.483169183622618,18,7903.458737721648,2181.9224714056004,1.0437968929314945,0.9749844340156877,6241.232673552167,0.42653121769972047,0.9406563098907716,0.9552031561493449,0.8276931529338638,1.0,0.1304746116164368,0.9859347424321498,0.42857142857142855,0.0,0.2974304766462162,0.0,ahead_vae,ahead,False,0.07688024640083313,1.9885461330413818,2.561375617980957,1.05259370803833,vae_candidate_pool_v1,belief_limited_heuristic_v1,14
VAE000063,vae_candidate_000063,0.7646990516558565,-1379.863525390625,-1766.9124755859375,2609.6813598658814,0.8624196085295915,-0.1491834788881251,4.886122758138478,7,8054.3541406361255,1978.5218444126465,0.4392648671301774,2.129989566172077,5950.015026949166,0.1605307371043676,0.9917232379111712,0.9935712941269663,0.8476833753514366,1.0,0.05490810839127218,0.9516182509410662,0.16666666666666666,0.0,0.32046971104923716,0.0,astern_vae,astern,False,0.06783299893140793,1.3798717260360718,1.5104798078536987,1.2212483882904053,vae_candidate_pool_v1,belief_limited_heuristic_v1,15
VAE000424,vae_candidate_000424,0.7619638559679796,-2224.72216796875,-869.5437622070312,2443.175384178065,0.494303831106028,-0.25980847786902367,4.896212378929585,22,8870.296374603939,2567.713666519663,0.9659128805666074,2.387480344614742,8223.342313925501,0.2711337141762976,0.9996476776190678,0.9817339399242779,0.6846419186276235,1.0,0.12073911007082593,0.8296100799691374,0.5238095238095238,0.0,0.2794090244157274,0.0,astern_vae,astern,False,0.04954963177442551,1.0019831657409668,2.9715096950531006,1.6174412965774536,vae_candidate_pool_v1,belief_limited_heuristic_v1,16
VAE000555,vae_candidate_000555,0.7617955233127194,1346.78857421875,1852.3721923828125,2299.8385390382755,-2.196218554759068,-0.1976346864782615,7.726109801470145,1,8118.049549515473,2210.4939808925596,0.055726140498088564,-1.1430087853089865,5379.140923403285,0.10646441899309034,0.9981053286795566,0.9971690074194098,0.909885833598202,1.0,0.0069657675622610705,0.8094016191478249,0.023809523809523808,0.0,0.3061894187746937,0.0,ahead_vae,ahead,False,0.04713716730475426,0.7521714568138123,1.515702247619629,1.1901514530181885,vae_candidate_pool_v1,belief_limited_heuristic_v1,17
VAE000382,vae_candidate_000382,0.7607367602420111,1425.00341796875,-1670.068359375,1712.674535642928,2.1505074425087365,-0.0006214195688697196,5.740361640979524,21,9537.887970737367,2556.187363810526,0.8613395598327284,0.9904637915121868,7367.332925919291,0.251480647183945,0.9145678254025285,0.9842725208939882,0.8362803663758928,1.0,0.10766744497909105,0.9274120470048607,0.5,0.0,0.3060546949996875,0.0,ahead_vae,ahead,False,0.11122222989797592,1.9072394371032715,2.0105628967285156,1.2175428867340088,vae_candidate_pool_v1,belief_limited_heuristic_v1,18
VAE000488,vae_candidate_000488,0.7606835004024722,-1806.037353515625,2457.801025390625,2771.1920326115624,-0.7675615726744847,0.006918458084584612,6.705405415800303,13,7786.17384938905,3248.3369396622948,0.5139941605253128,-2.367112622830724,7837.14505613827,0.18671880195676804,0.9742902371392407,0.9913093155949799,0.6993445038101399,1.0,0.0642492700656641,0.8906122017707705,0.30952380952380953,0.0,0.24749266482962504,0.0,astern_vae,astern,False,0.05756428837776184,1.149762749671936,1.8791855573654175,1.8590456247329712,vae_candidate_pool_v1,belief_limited_heuristic_v1,19
VAE000804,vae_candidate_000804,0.7596801978368544,-1282.576171875,3063.580078125,3080.546129200039,-1.2143482592165147,-0.1040651238865889,4.466392080198099,13,7606.790369518125,2667.3006092101587,0.6407224482959798,-2.0313095182598673,5769.951061387414,0.5503350857325251,0.9161724498059974,0.926174664584013,0.8958245491614958,1.0,0.08009030603699747,0.9153514953041377,0.30952380952380953,0.0,0.26575001993511044,0.0,astern_vae,astern,False,0.061313360929489136,0.7935072779655457,2.975417375564575,1.6415725946426392,vae_candidate_pool_v1,belief_limited_heuristic_v1,20
VAE000228,vae_candidate_000228,0.7590145615457929,-1387.36572265625,3712.306396484375,3497.6438303473096,-1.3506224928959247,0.16925814309689038,5.436717271323906,33,8613.709356826106,2682.6219988839043,1.4281184978461916,-1.621712017596978,3117.5290187497794,0.5026267252493922,0.7963196309807009,0.9381601083254772,0.9987040762149186,0.7422688139880427,0.17851481223077395,0.9999982886637485,0.7857142857142857,0.0,0.25947138028282823,0.0,astern_vae,astern,False,0.08715230226516724,1.310784101486206,2.4778122901916504,1.687676191329956,vae_candidate_pool_v1,belief_limited_heuristic_v1,21
VAE000830,vae_candidate_000830,0.7558806421537202,762.065673828125,-3477.892333984375,3043.1750554059363,1.655591693969142,-0.1664500068099919,4.2998315856452285,12,8553.182015828046,3617.9728507331,0.38778251978691597,1.3195509528106595,5630.791602636473,0.008997433697490953,0.92478012486865,0.9999797616832461,0.9686035599654916,1.0,0.048472814973364496,0.990220394388821,0.2857142857142857,1.0,0.2325623168422825,0.2325623168422825,inside_convoy_envelope,inside,True,0.09591761976480484,1.8378818035125732,1.9766908884048462,1.1324071884155273,vae_candidate_pool_v1,belief_limited_heuristic_v1,22
VAE000588,vae_candidate_000588,0.7558051776516064,1614.7802734375,977.9664916992188,2031.5277681710963,-2.568661705675204,-0.14985146998657944,5.972446044149771,30,8362.404230903654,2610.598839079738,1.3742000406622086,-0.7227824179011684,7998.379864874508,0.34587697186174887,0.9746608214184719,0.9703892508969407,0.6614739545645621,1.0,0.17177500508277607,0.8135008683514443,0.7142857142857143,0.0,0.289629732425765,0.0,ahead_vae,ahead,False,0.12691351771354675,1.158832311630249,1.52974271774292,1.379292368888855,vae_candidate_pool_v1,belief_limited_heuristic_v1,23
VAE000798,vae_candidate_000798,0.7554760199203943,-2476.326171875,2454.99365234375,3056.239154902536,-0.7897631643106594,0.11822889586493968,4.174252939618921,15,8334.262311278488,2062.125965386679,0.8727882744994315,-2.233600593414194,6753.831444372572,0.14253851713755872,0.9218172503107012,0.9949292867483088,0.7882697844167353,1.0,0.10909853431242894,0.9997837361566069,0.35714285714285715,0.0,0.30633566953989716,0.0,astern_vae,astern,False,0.08598306030035019,2.3253259658813477,1.9127988815307617,1.5751850605010986,vae_candidate_pool_v1,belief_limited_heuristic_v1,24
VAE000885,vae_candidate_000885,0.7532101765864179,270.27020263671875,-3302.135986328125,2854.4245351395957,1.6409335995142347,-0.0025824057809831443,6.051453705421336,26,7850.071648965013,2878.4081688647525,1.1506608814294417,1.4980766482945758,3441.1524845634813,0.25169486152249987,0.9617158652881544,0.9842458574166413,0.9973570891635253,0.8193220201341622,0.1438326101786802,0.9649778540260868,0.6190476190476191,1.0,0.2588556554712125,0.2588556554712125,inside_convoy_envelope,inside,True,0.07078947126865387,0.9137243032455444,1.9356181621551514,1.2238962650299072,vae_candidate_pool_v1,belief_limited_heuristic_v1,25
VAE000977,vae_candidate_000977,0.7531558889475723,266.3055725097656,2096.375,2571.864156098221,-1.7728524056877188,0.08423979994243477,4.865649987216405,18,8828.865797552895,2881.089718442484,0.7076374471360122,-1.2845004479596396,5257.098227697295,0.13662793120942207,0.9944319510222807,0.9953404572551463,0.9592965009881349,1.0,0.08845468089200152,0.8661120412986721,0.42857142857142855,1.0,0.26234019810445225,0.26234019810445225,inside_convoy_envelope,inside,True,0.12035196274518967,0.7821057438850403,1.5063632726669312,1.8712807893753052,vae_candidate_pool_v1,belief_limited_heuristic_v1,26
VAE000544,vae_candidate_000544,0.7529727785371505,-1324.567626953125,1901.0302734375,1819.5746095275467,-0.892966554823363,0.03016792341351368,4.247682526585836,9,8906.294609511235,2581.871778334867,0.39139095240246247,-2.2184581753529167,7432.409909122727,0.006212124605320168,0.9383005205020342,0.9999903524079975,0.7974966386519572,1.0,0.04892386905030781,0.9830573677356931,0.21428571428571427,0.0,0.29956572318684016,0.0,astern_vae,astern,False,0.09867396205663681,1.2912765741348267,1.5037981271743774,1.647339105606079,vae_candidate_pool_v1,belief_limited_heuristic_v1,27
VAE001055,vae_candidate_001055,0.7525553325823211,-2261.859130859375,1398.8355712890625,2573.932310664217,-0.39454351585668523,0.11663849841624231,4.097790111831131,30,7730.657528191872,2299.6630072306884,1.6874877208651298,-2.6304106393168656,7867.438040638859,0.10637590484479453,0.9942975218308993,0.9971737083794086,0.4892085020770767,1.0,0.21093596510814122,0.9936415640570654,0.7142857142857143,0.0,0.2945264935665751,0.0,astern_vae,astern,False,0.09423617273569107,1.832947015762329,2.9715332984924316,1.4648610353469849,vae_candidate_pool_v1,belief_limited_heuristic_v1,28
VAE000463,vae_candidate_000463,0.7510464435532869,25.197601318359375,3041.646484375,2931.6602486457077,-1.625292083335343,-0.17752651129562796,5.901043083773261,8,8063.656537140722,3500.1764185305715,0.2834444980254754,-1.693827081550078,4463.296357477563,0.3262923374146056,0.9479690854707702,0.973618640243111,0.9924412583621578,1.0,0.035430562253184424,0.9840035202633732,0.19047619047619047,1.0,0.23768058964868774,0.23768058964868774,inside_convoy_envelope,inside,True,0.0761847198009491,0.9694056510925293,1.5033612251281738,1.2208671569824219,vae_candidate_pool_v1,belief_limited_heuristic_v1,29
VAE000019,vae_candidate_000019,0.7509137536958965,2049.6728515625,2405.975830078125,2951.878914852698,-2.341570641021324,-0.15483723311811964,5.172940555816449,10,8370.745624654572,2531.41550906245,0.47192438544214715,-0.9548592456865888,6902.201166671995,0.4317990311781814,0.9440513361241709,0.9541071577845841,0.8162324314355058,1.0,0.058990548180268394,0.8929594289484135,0.23809523809523808,0.0,0.27337159217514195,0.0,ahead_vae,ahead,False,0.05790364742279053,2.2370660305023193,2.4891836643218994,1.3960999250411987,vae_candidate_pool_v1,belief_limited_heuristic_v1,30
VAE001001,vae_candidate_001001,0.7482248712549086,-2856.586181640625,2541.92431640625,3542.707637116264,-0.7898881166633615,0.09905583109391641,5.653379690143521,28,8471.133841665493,3375.092471927044,0.9793339530010863,-2.2526487058325153,7959.226343164906,0.22839016765819353,0.7812661078476962,0.9870160693900981,0.7764066223549431,1.0,0.12241674412513578,0.962105011010294,0.6666666666666666,0.0,0.23332261737094268,0.0,astern_vae,astern,False,0.10441863536834717,2.112156391143799,2.3982913494110107,1.5791168212890625,vae_candidate_pool_v1,belief_limited_heuristic_v1,31
VAE000969,vae_candidate_000969,0.7458754096764445,-1384.564453125,3485.38330078125,3496.1485497633844,-1.3132252891905754,-0.04866052868826351,6.655049517123109,11,7760.9006134968595,3042.4755711471817,0.4658578987118511,-1.8770278930874813,5240.589297397369,0.523171186138756,0.7968135828440565,0.9331195596693975,0.9534763983325065,1.0,0.05823223733898139,0.9997957099605883,0.2619047619047619,0.0,0.24542360772312216,0.0,astern_vae,astern,False,0.08601909875869751,2.3251495361328125,2.9580421447753906,1.3006370067596436,vae_candidate_pool_v1,belief_limited_heuristic_v1,32
VAE000141,vae_candidate_000141,0.7446079037105428,-534.056396484375,-1703.3428955078125,1937.7124453771105,1.4035895852947349,-0.10257068368898051,6.011497495773096,30,8213.350590023778,3147.814989797136,1.1603571811345874,1.6354323846060785,3671.7508048193845,0.05078480464018775,0.9604063289043774,0.9993553644703796,0.9979118171715313,0.8742263820998535,0.14504464764182343,0.8131000348054968,0.7142857142857143,1.0,0.2733163736688226,0.2733163736688226,inside_convoy_envelope,inside,True,0.04757210239768028,1.1720572710037231,2.339510202407837,1.7260749340057373,vae_candidate_pool_v1,belief_limited_heuristic_v1,33
VAE000270,vae_candidate_000270,0.7433572442691871,-244.95556640625,2109.7021484375,2320.486012886183,-1.5794395471599476,-0.11235478287867294,5.284626910755406,21,8472.491775464618,2590.287337466171,0.9568859905987085,-1.6745078893085183,3453.4901266551997,0.25103734914505593,0.9988055392398978,0.9843276280755232,0.9946267747322007,0.8222595539655237,0.11961074882483856,0.9995166684559382,0.5,1.0,0.2815941556906717,0.2815941556906717,inside_convoy_envelope,inside,True,0.08918523043394089,0.7178706526756287,2.968291759490967,1.107508897781372,vae_candidate_pool_v1,belief_limited_heuristic_v1,34
VAE000539,vae_candidate_000539,0.7430253717638952,2554.168701171875,-1078.766357421875,2950.526460824697,2.668672670082797,0.2523804511182797,3.820131412408413,19,7876.29916413489,2580.1843466055598,0.9349333705132856,0.7253004346252764,7605.427750474586,0.475910810177663,0.9443174484411031,0.9444379021504374,0.6633602878757028,1.0,0.1168666713141607,0.9731059986919336,0.4523809523809524,0.0,0.27139430173874507,0.0,ahead_vae,ahead,False,0.10167527943849564,1.5454586744308472,2.953169822692871,1.2497621774673462,vae_candidate_pool_v1,belief_limited_heuristic_v1,35
VAE000252,vae_candidate_000252,0.7429099730711087,1361.6988525390625,-2442.1279296875,3231.3569727553236,2.186185373311595,-0.09394283544621579,5.136265707643469,21,8672.373706818555,2494.096064095135,0.9708857652197558,0.8614644448319828,7541.063849977449,0.47226206358185974,0.8775222141219966,0.9452707752250531,0.7587972085982798,1.0,0.12136072065246947,0.9740093606145142,0.5,0.0,0.2720319258915069,0.0,ahead_vae,ahead,False,0.07310497760772705,0.7501074075698853,2.523634672164917,1.5570472478866577,vae_candidate_pool_v1,belief_limited_heuristic_v1,36
VAE000407,vae_candidate_000407,0.7420019944410654,261.3386535644531,3315.90771484375,3238.597367048578,-1.6233685436708014,0.11482457346845501,6.224381658431724,23,8495.649036054449,3122.397038526059,0.8670480117811841,-1.4033995364505367,4494.263552049008,0.3290055897470394,0.8755187893856751,0.9731820537186706,0.9860218440322758,1.0,0.10838100147264801,0.9265161611939442,0.5476190476190477,1.0,0.2439859751035443,0.2439859751035443,inside_convoy_envelope,inside,True,0.0631575658917427,2.095970392227173,1.8513615131378174,1.2432684898376465,vae_candidate_pool_v1,belief_limited_heuristic_v1,37
VAE000766,vae_candidate_000766,0.7402470135879172,-143.002197265625,-2080.208984375,2658.0872702288384,1.4627267995933424,-0.10777659575341735,2.945288180800333,22,7913.894877487558,2789.917715919485,0.9964167259982364,1.5710892582430331,2792.235824873405,0.05573777376586642,0.9874874405023393,0.9992235261976955,0.9999999570955836,0.6648180535412869,0.12455209074977955,0.9847210819774889,0.5238095238095238,1.0,0.2656878165467504,0.2656878165467504,inside_convoy_envelope,inside,True,0.09809483587741852,0.8582721948623657,2.0946741104125977,1.1107302904129028,vae_candidate_pool_v1,belief_limited_heuristic_v1,38
VAE000148,vae_candidate_000148,0.7394643820434996,-936.6089477539062,1586.677001953125,2268.848086287706,-1.1095547810057087,0.0757675977703615,4.9698000622380265,16,7719.887605620861,2656.1951909269796,0.7802773837631078,-1.9562702748137228,5363.949465420346,0.23324832005055518,0.9967537070166079,0.9864603577452351,0.9266203330791887,1.0,0.09753467297038848,0.969246491664582,0.38095238095238093,1.0,0.2807409162332941,0.2807409162332941,inside_convoy_envelope,inside,True,0.07184316217899323,0.6533541083335876,1.4969971179962158,1.3545796871185303,vae_candidate_pool_v1,belief_limited_heuristic_v1,39
VAE001143,vae_candidate_001143,0.7378662110727128,-1847.598876953125,1809.134033203125,2807.912334899913,-0.6999178314917559,0.10400131923844935,5.701140554029173,15,9150.82195729533,1968.4439105023446,0.8327374746060306,-2.337673502859588,7767.102496213876,0.037304447414478255,0.9690353821422538,0.9996521348949707,0.7200810733228983,1.0,0.10409218432575383,0.7953970699461133,0.35714285714285715,0.0,0.3175739157100361,0.0,astern_vae,astern,False,0.04551387578248978,0.7309302687644958,2.44973087310791,1.7841825485229492,vae_candidate_pool_v1,belief_limited_heuristic_v1,40
VAE000674,vae_candidate_000674,0.7368547144452225,-2351.046142578125,1973.037353515625,2875.9075019484076,-0.5467689430758781,0.08234345904337735,5.284720017692736,16,9765.783729519591,2279.9030193361805,0.718615377997751,-2.5124802514705378,9237.682772913891,0.04055987050836751,0.9580892357780103,0.9995887806055818,0.5884273224595393,1.0,0.08982692224971887,0.9934058622602346,0.38095238095238093,0.0,0.2891378693204443,0.0,astern_vae,astern,False,0.09436459839344025,2.060742139816284,2.0596470832824707,1.0516741275787354,vae_candidate_pool_v1,belief_limited_heuristic_v1,41
VAE000757,vae_candidate_000757,0.736619310346684,1872.967041015625,2362.686767578125,2936.6777560561504,-2.3191542991418745,0.1430170882891433,4.094840000462227,18,8529.97731026103,2457.0959635752447,0.8588207139698777,-0.6794212661587753,8179.679458868465,0.20307125912854704,0.9470089883106808,0.9897258957521793,0.628342911095515,1.0,0.10735258924623471,0.8767404381860281,0.42857142857142855,0.0,0.2777194652997886,0.0,ahead_vae,ahead,False,0.11891716718673706,2.0892868041992188,2.3794918060302734,1.0353667736053467,vae_candidate_pool_v1,belief_limited_heuristic_v1,42
VAE001061,vae_candidate_001061,0.7348951251175901,-699.7500610351562,1907.180419921875,2624.327429134036,-1.2081229401210198,0.06599972686921429,5.1003862587425886,10,9106.91096282106,2580.270326551063,0.42556284291933266,-1.867469986599559,5129.870828477317,0.2416126078768015,0.990532287920351,0.9854766954532521,0.9563142028807241,1.0,0.05319535536491658,0.9484087959090742,0.23809523809523808,1.0,0.2748809501983685,0.2748809501983685,inside_convoy_envelope,inside,True,0.06718196719884872,2.0349321365356445,1.501373529434204,1.2951470613479614,vae_candidate_pool_v1,belief_limited_heuristic_v1,43
VAE000169,vae_candidate_000169,0.7338796504776147,-112.4970703125,-1879.1513671875,2184.597111165298,1.664641099306554,-0.008483591967821063,4.219037211666467,26,8685.544721524559,2665.670501128654,1.1229743100837861,1.4684679623154182,3538.953750414372,0.47269028817458164,0.9912673877636876,0.9451733343095956,0.9947690198094246,0.8426080358129456,0.14037178876047327,0.9073595672339121,0.6190476190476191,1.0,0.28146937825301804,0.28146937825301804,inside_convoy_envelope,inside,True,0.06005716696381569,1.442580223083496,1.995755910873413,1.178127408027649,vae_candidate_pool_v1,belief_limited_heuristic_v1,44
VAE000255,vae_candidate_000255,0.7328507707491281,-2041.980224609375,-2990.412353515625,3595.1503020388573,0.9609664885156087,0.07969235822657328,4.693703732617378,21,8183.680995935492,3495.8887409321496,0.7340286313895682,2.260318523300758,7903.454118362186,0.30380502418336386,0.763367337440081,0.9771025572667996,0.7715500666390915,1.0,0.09175357892369602,0.9945863777960872,0.5,0.0,0.23009347705802943,0.0,astern_vae,astern,False,0.08083691447973251,1.5341289043426514,1.503765344619751,1.7763111591339111,vae_candidate_pool_v1,belief_limited_heuristic_v1,45
VAE000234,vae_candidate_000234,0.7312927238998188,-2439.148681640625,1232.300537109375,2679.488643156616,-0.5091643378030056,0.057118231360900724,4.470108412134845,13,9049.127952047653,2759.327715631434,0.5206349755714645,-2.5753100844258867,9116.945428551106,0.15250809786030803,0.9853421546348782,0.9941965814554797,0.5364986186342131,1.0,0.06507937194643307,0.9163667396917843,0.30952380952380953,0.0,0.2652226830911479,0.0,astern_vae,astern,False,0.061476510018110275,0.6983529925346375,1.4959501028060913,1.3264789581298828,vae_candidate_pool_v1,belief_limited_heuristic_v1,46
VAE000775,vae_candidate_000775,0.7306958615435177,632.5062866210938,2150.01318359375,2781.700152738249,-1.8681552566504467,0.09369580842526438,4.1238207280265735,14,8371.870213159576,2776.5750451042327,0.6022767977841027,-1.179741588514082,5758.0179468451,0.37856645651737986,0.972834222364278,0.9645977058956756,0.9245075461882535,1.0,0.07528459972301284,0.9183209603131381,0.3333333333333333,1.0,0.263530683381346,0.263530683381346,inside_convoy_envelope,inside,True,0.06179297715425491,2.0742435455322266,2.413447380065918,1.251239538192749,vae_candidate_pool_v1,belief_limited_heuristic_v1,47
VAE000597,vae_candidate_000597,0.7306035765042274,244.78721618652344,1794.242919921875,1941.2947877733259,-1.852035544521211,0.02748198532270522,5.403498425219025,26,8744.610074424658,3125.447480550184,0.9513070025484445,-1.2620751237458767,5634.6524850337955,0.5554597279007921,0.961005509986274,0.9248290499640038,0.9527228991477996,1.0,0.11891337531855556,0.8849497805082148,0.6190476190476191,1.0,0.27317067142136675,0.27317067142136675,inside_convoy_envelope,inside,True,0.05675758048892021,1.7406781911849976,2.4426960945129395,1.4803333282470703,vae_candidate_pool_v1,belief_limited_heuristic_v1,48
VAE000560,vae_candidate_000560,0.7300520985775312,2115.349365234375,3528.916748046875,4045.567775964124,-2.0196493130982263,-0.12835183696477448,4.180916002597671,31,7992.500738597453,2782.7746308595606,1.3938016467505707,-1.2502951774563413,5159.044472783384,0.12199773187839558,0.5993622572530644,0.9962837510023304,0.9490776540647071,1.0,0.17422520584382134,0.9920652273077778,0.7380952380952381,0.0,0.2518982887687034,0.0,ahead_vae,ahead,False,0.07947751134634018,1.2265510559082031,2.937549591064453,1.8950080871582031,vae_candidate_pool_v1,belief_limited_heuristic_v1,49
VAE000072,vae_candidate_000072,0.7299470328877311,-1515.099365234375,3188.36865234375,3553.368600853775,-1.0459769770585385,0.26694307356258845,5.902475564462644,4,8846.853926934298,2198.46638741375,0.20566069766465114,-1.8286726029686662,4381.963559170137,0.17363065870314362,0.7776593111274744,0.9924820145326507,0.9669337665108056,1.0,0.025707587208081393,0.990594503215007,0.09523809523809523,0.0,0.2897243372398951,0.0,astern_vae,astern,False,0.09574973583221436,2.129211187362671,2.403029441833496,1.7425429821014404,vae_candidate_pool_v1,belief_limited_heuristic_v1,50
VAE000074,vae_candidate_000074,0.7276869614722051,2514.854248046875,-1715.7232666015625,2922.6412413598496,2.4844986212390534,0.08388358639449177,5.4297736773454375,6,8118.350184626576,2380.99975812029,0.3104017195236525,0.7409776187452314,7596.989435668663,0.3241909476267426,0.9496745882850902,0.9739543768838992,0.6750095299975224,1.0,0.03880021494045656,0.9599744492996636,0.14285714285714285,0.0,0.28320859713621116,0.0,ahead_vae,ahead,False,0.1049039214849472,1.5674147605895996,2.9544761180877686,1.2813212871551514,vae_candidate_pool_v1,belief_limited_heuristic_v1,51
VAE001116,vae_candidate_001116,0.7276004577566589,-254.83740234375,3545.83935546875,3386.0837157086885,-1.5306943801870148,-0.1087528056759775,4.926694643553483,15,8554.428829416898,3397.540913261818,0.5161020051609075,-1.7196510790787558,4628.639557008868,0.34243808649174845,0.8320929122975317,0.9709693969843002,0.9889415731463395,1.0,0.06451275064511344,0.9798120423212393,0.35714285714285715,1.0,0.23403936166167666,0.23403936166167666,inside_convoy_envelope,inside,True,0.07480399310588837,0.7422816157341003,2.9576034545898438,1.7112380266189575,vae_candidate_pool_v1,belief_limited_heuristic_v1,52
VAE000685,vae_candidate_000685,0.7266789381269682,375.30279541015625,2475.17041015625,2256.7624712053666,-1.902042015207802,-0.20423107411660193,3.9337776370051096,18,8352.760074846263,2757.263201563735,0.7815635078553607,-1.4437817124985932,3793.1243254775695,0.5221996045019632,0.9961290635152281,0.9333620707021415,0.9919444823978166,0.9031248393994213,0.09769543848192008,0.8703328998683916,0.42857142857142855,1.0,0.2756043611134864,0.2756043611134864,inside_convoy_envelope,inside,True,0.05474527180194855,2.0412657260894775,1.4829988479614258,1.0548449754714966,vae_candidate_pool_v1,belief_limited_heuristic_v1,53
VAE000227,vae_candidate_000227,0.7258763703318327,-1247.664306640625,1068.0352783203125,1716.4082400792502,-0.7204475332288006,0.06052408965989523,7.831543720766808,16,8305.958573409303,2429.7928588240356,0.7927951243927537,-2.3606210307010973,7609.640820737657,0.11618342902940305,0.9154531887601588,0.9966291470785518,0.7039698269913378,1.0,0.09909939054909421,0.8637705402670319,0.38095238095238093,0.0,0.31357534303121826,0.0,astern_vae,astern,False,0.05387086048722267,1.6176217794418335,1.9871273040771484,1.3654409646987915,vae_candidate_pool_v1,belief_limited_heuristic_v1,54
VAE000521,vae_candidate_000521,0.7254028843636794,-2287.90185546875,2761.61181640625,3504.2399410901003,-0.9752888740598221,0.2031260561662367,5.7961005669568415,3,7945.579861525795,2333.674909197846,0.16179135071255568,-1.9631777233637342,5194.627657107812,0.2834133698021981,0.7941363077754802,0.9800532687245719,0.9240010587244227,1.0,0.02022391883906946,0.9872482830257132,0.07142857142857142,0.0,0.28096556732993827,0.0,astern_vae,astern,False,0.09715253114700317,0.6983601450920105,1.5225310325622559,1.2672439813613892,vae_candidate_pool_v1,belief_limited_heuristic_v1,55
VAE000089,vae_candidate_000089,0.7247285791985018,1269.6495361328125,2517.448486328125,2813.1967168522374,-2.196725625520683,0.31671162013502396,5.589875714365248,14,8087.971455215499,2773.52741025416,0.624102559343227,-0.6281554079340861,8173.954221329226,0.5211513298320121,0.9682408693337581,0.9336232658525521,0.5876532753685343,1.0,0.07801281991790338,0.9316217922559102,0.3333333333333333,0.0,0.26356617832562024,0.0,ahead_vae,ahead,False,0.06404171884059906,2.364844799041748,1.9715983867645264,1.523587942123413,vae_candidate_pool_v1,belief_limited_heuristic_v1,56
VAE000953,vae_candidate_000953,0.7238546235482372,1162.732177734375,-3487.056884765625,3582.3565891244407,1.8684347993692583,-0.09335355486896535,3.6625614277640475,10,7940.690410832396,2025.812027439652,0.6216452084703873,1.1798042993515694,4899.169804328814,0.0925648387564848,0.7677692911093651,0.9978594666967597,0.92453144746774,1.0,0.07770565105879841,0.9672645147622168,0.23809523809523808,0.0,0.30600975713097983,0.0,ahead_vae,ahead,False,0.10318709909915924,2.2668235301971436,1.9725964069366455,1.4688615798950195,vae_candidate_pool_v1,belief_limited_heuristic_v1,57
VAE000930,vae_candidate_000930,0.7235608979309264,-254.8070068359375,-3284.653076171875,3209.7633343159755,1.4617059657818172,0.1367375675552634,5.758215402957831,22,8034.0842950408505,2383.7727116901083,1.1487392304029136,1.8166242553632392,4267.27768465244,0.26214688376413897,0.8834204776904355,0.9829179146988037,0.9699361731869349,1.0,0.1435924038003642,0.9720602097827052,0.5238095238095238,1.0,0.27994402473811947,0.27994402473811947,inside_convoy_envelope,inside,True,0.07257623970508575,0.6709985733032227,2.9577322006225586,1.1978579759597778,vae_candidate_pool_v1,belief_limited_heuristic_v1,58
VAE001154,vae_candidate_001154,0.7234654195272243,1141.39990234375,2029.2901611328125,2503.414509860266,-2.0628695369183006,-0.10202115718139015,5.717996495651082,13,7381.055021196624,2598.9192804823247,0.6776916249277394,-1.1807442738528828,5210.259514591317,0.3986841730371331,0.99798038605506,0.960786301823502,0.9248892686787706,1.0,0.08471145311596742,0.8822788223630993,0.30952380952380953,1.0,0.2785511072463842,0.2785511072463842,inside_convoy_envelope,inside,True,0.05638262256979942,1.3986798524856567,2.355170965194702,1.5952619314193726,vae_candidate_pool_v1,belief_limited_heuristic_v1,59
VAE000154,vae_candidate_000154,0.7217717645737804,2421.38671875,-2756.47998046875,3591.2114715283938,2.0758981031056507,-0.01637512191306267,5.306627864493408,12,8704.251501232791,2743.717168938794,0.5024703896685099,1.0493194285710798,6715.155368673459,0.1620277965717043,0.7647249235041009,0.9934510944827599,0.8670843920956653,1.0,0.06280879870856373,0.8581071308497901,0.2857142857142857,0.0,0.2556573325537969,0.0,ahead_vae,ahead,False,0.05312906205654144,2.2996013164520264,2.824819564819336,1.860595703125,vae_candidate_pool_v1,belief_limited_heuristic_v1,60
VAE000720,vae_candidate_000720,0.7216197650168131,2676.93603515625,-1369.94873046875,2955.2355392245872,2.4510019557697325,-0.10680329969301504,5.104798083364425,14,8239.440918120436,2360.3423007294136,0.7198720338993472,0.5837873981270463,8175.82592516566,0.26351822637338307,0.9433883832329839,0.9827397657407274,0.5511880157632822,1.0,0.0899840042374184,0.9996220162717407,0.3333333333333333,0.0,0.2840098423807788,0.0,ahead_vae,ahead,False,0.08896324038505554,0.6408220529556274,2.006535530090332,1.8817479610443115,vae_candidate_pool_v1,belief_limited_heuristic_v1,61
VAE001095,vae_candidate_001095,0.7201295825273762,-1773.182373046875,3092.3671875,3781.8105667509863,-1.1279063770542048,-0.02497889185623344,3.9313322748239967,29,8246.140338810153,2566.7746340013427,1.3701229390241545,-2.0386651683918213,6009.814174984884,0.20697306103911428,0.697017149903582,0.9893287143106102,0.8925314351996736,1.0,0.1712653673780193,0.7353898740399337,0.6904761904761905,0.0,0.2640391067932905,0.0,astern_vae,astern,False,0.03888631984591484,2.2520928382873535,1.504447340965271,1.6734877824783325,vae_candidate_pool_v1,belief_limited_heuristic_v1,62
VAE001163,vae_candidate_001163,0.7197373436110418,2715.64892578125,1003.9418334960938,2346.9701666055776,-2.66077271856573,0.03775448392219826,5.093203047342977,20,7083.884258260598,2266.8953424722035,1.245452213210628,-0.4430654511018647,7371.71937596152,0.21216091040311102,0.9994685414197556,0.9887890842176055,0.4287109314322409,1.0,0.1556815266513285,0.957466813532934,0.47619047619047616,0.0,0.3025289784076144,0.0,ahead_vae,ahead,False,0.10545983910560608,2.2471582889556885,1.9270250797271729,1.0762195587158203,vae_candidate_pool_v1,belief_limited_heuristic_v1,63
VAE000759,vae_candidate_000759,0.71938036103094,2071.896484375,1405.9234619140625,2383.821098562632,-2.6841131884022387,0.05995234839697066,5.788347718856789,25,8516.334646608522,3312.390425564041,0.8862286166715198,-0.3975271167905838,9134.597873670838,0.5659354918488559,0.9999505197777366,0.9220436768980325,0.38713947768767354,1.0,0.11077857708393997,0.9923543079983267,0.5952380952380952,0.0,0.25281466611239034,0.0,ahead_vae,ahead,False,0.09491165727376938,2.266312599182129,2.9314186573028564,1.804080843925476,vae_candidate_pool_v1,belief_limited_heuristic_v1,64
VAE000435,vae_candidate_000435,0.7182001799775802,603.4775390625,3167.550048828125,3117.3338358423516,-1.8502703091507848,0.009938058159037933,5.953156764734535,10,7981.730997854197,2746.7603434993202,0.45612318095065896,-1.2813842862799703,4910.423998978897,0.3550928125241528,0.9073093642079886,0.9688071120208531,0.9584118381953354,1.0,0.05701539761883237,0.971538782084352,0.23809523809523808,1.0,0.2609134419282997,0.2609134419282997,inside_convoy_envelope,inside,True,0.0724378153681755,2.234017848968506,1.5065722465515137,1.9212925434112549,vae_candidate_pool_v1,belief_limited_heuristic_v1,65
VAE000126,vae_candidate_000126,0.7179986967824865,10.926025390625,-1917.53662109375,2168.8549461472853,1.677383214187651,-0.19750268958098094,4.994598212335853,14,8272.677656920103,2359.14730831743,0.7173430145896961,1.266706749821161,4727.95309857345,0.04140911358781674,0.9899510141301151,0.9995713825796013,0.9541199510437238,1.0,0.08966787682371201,0.823247167950639,0.3333333333333333,1.0,0.29918360277700023,0.29918360277700023,inside_convoy_envelope,inside,True,0.04878019168972969,1.5761173963546753,2.478102922439575,1.1480867862701416,vae_candidate_pool_v1,belief_limited_heuristic_v1,66
VAE000455,vae_candidate_000455,0.7174279072105744,-2411.937744140625,-1962.3963623046875,3041.925693695351,0.6488557846269006,0.156666835881505,5.646928074587647,23,7943.776315069734,2307.9567652402034,1.2545072065877874,2.6494037048443975,8091.493733050127,0.17330487793781418,0.9250608453446276,0.9925101292667232,0.47255614053194295,1.0,0.15681340082347342,0.984239906193511,0.5476190476190477,0.0,0.2869999018475817,0.0,astern_vae,astern,False,0.07626756280660629,1.4216772317886353,2.0637764930725098,1.78486967086792,vae_candidate_pool_v1,belief_limited_heuristic_v1,67
VAE000009,vae_candidate_000009,0.7153077036395517,154.15969848632812,-2216.0,1825.205198434904,1.5998731348609936,-0.15899924784138725,3.890598386416083,12,8478.086501974849,3116.8323260085745,0.4541193036231727,1.3827202708874122,4647.010657984766,0.147078213019189,0.9394549619422418,0.9946017416089392,0.9823657713747512,1.0,0.05676491295289659,0.8158204347690111,0.2857142857142857,1.0,0.27940562107237066,0.27940562107237066,inside_convoy_envelope,inside,True,0.04789381101727486,2.2761316299438477,2.054655075073242,1.5838927030563354,vae_candidate_pool_v1,belief_limited_heuristic_v1,68
VAE000537,vae_candidate_000537,0.7142119957903057,-2712.848876953125,2025.7242431640625,3380.473811769946,-0.6341798433981704,0.04755970568860154,6.340744997757707,29,8942.105872599268,2841.6363945014336,1.141273370654657,-2.459853104503021,8733.988145297724,0.10615054875555686,0.8338300376794239,0.9971856593907774,0.6301446978757297,1.0,0.14265917133183212,0.690688075764108,0.6904761904761905,0.0,0.2527217627517306,0.0,astern_vae,astern,False,0.03417954221367836,2.385664939880371,1.9435384273529053,1.0541008710861206,vae_candidate_pool_v1,belief_limited_heuristic_v1,69
VAE000142,vae_candidate_000142,0.7137545827354849,223.7881622314453,1955.8724365234375,2049.666371106426,-1.6623343035072036,-0.044654828404694355,5.835051108005566,11,8827.953093181331,2885.7639931571334,0.4317892820704702,-1.523913178487284,3296.323706586913,0.30097911417462275,0.9770660069784173,0.9775233416125118,0.9989011864932221,0.7848389777587889,0.05397366025880877,0.9316612025745132,0.2619047619047619,1.0,0.27666174744145366,0.27666174744145366,inside_convoy_envelope,inside,True,0.0640486553311348,2.132685899734497,2.9419219493865967,1.1710602045059204,vae_candidate_pool_v1,belief_limited_heuristic_v1,70
VAE001031,vae_candidate_001031,0.7133182439145085,-2918.36083984375,1938.52783203125,3377.4358353752464,-0.5876224942138581,-0.06555212258680704,4.796392586277392,24,7913.406081714012,3423.69691217081,0.8858342709451956,-2.6195222819627424,8566.56485852796,0.13744511335219017,0.8347681246173125,0.9952846404381609,0.498675779844433,1.0,0.11072928386814945,0.9997680744587722,0.5714285714285714,0.0,0.23441734841926473,0.0,astern_vae,astern,False,0.08593739569187164,0.9690061211585999,2.0143702030181885,1.7310876846313477,vae_candidate_pool_v1,belief_limited_heuristic_v1,71
VAE000184,vae_candidate_000184,0.7132886082821281,-3059.01025390625,719.6964111328125,2582.170893916283,-0.3965015531322414,0.018224472534421807,5.030104579114357,18,8678.193138661294,2894.8023528668446,0.7165133338704248,-2.7268666279231297,9108.943835954258,0.2526262094449392,0.9937462463468982,0.9841296732810199,0.4029391968728222,1.0,0.0895641667338031,0.8795479654504005,0.42857142857142855,0.0,0.26176383709275386,0.0,astern_vae,astern,False,0.05600275099277496,1.2131192684173584,1.4872090816497803,1.2843974828720093,vae_candidate_pool_v1,belief_limited_heuristic_v1,72
VAE000608,vae_candidate_000608,0.7132609411010336,-2211.763916015625,2156.379638671875,3425.259004237085,-0.7634503604638283,0.05149849877761351,4.694089042204552,23,8619.234515749298,1645.8423846358223,1.6213280500794232,-2.3266437943483513,7109.64520333567,0.09395346435644159,0.8197906771688155,0.9977948094980204,0.727690521818015,1.0,0.2026660062599279,0.9892272010310853,0.5476190476190477,0.0,0.3538201690228939,0.0,astern_vae,astern,False,0.09634856879711151,1.824008822441101,2.4907467365264893,1.8292975425720215,vae_candidate_pool_v1,belief_limited_heuristic_v1,73
VAE000613,vae_candidate_000613,0.7132389068040816,-2405.891845703125,-2448.44189453125,3617.439139427536,0.9559016252401653,0.04872142054513944,5.966154138271825,12,7917.859730123613,2918.4739072124803,0.5192991688955446,2.234412448894768,7176.246549127909,0.2901648652726647,0.7556468758122614,0.979098359449274,0.7877699658335732,1.0,0.06491239611194308,0.9756698595463527,0.2857142857142857,0.0,0.24891579095635463,0.0,astern_vae,astern,False,0.10096229612827301,1.8806884288787842,2.360088348388672,1.3573685884475708,vae_candidate_pool_v1,belief_limited_heuristic_v1,74
VAE000732,vae_candidate_000732,0.7129010013163474,671.5775146484375,3068.540283203125,3081.780647668402,-1.8330944801860394,-0.17928755444996416,3.709947302912399,22,7920.54970462408,2403.0105687232453,1.1558771441428328,-1.4877857278537179,3051.4707724637265,0.1475955914493492,0.9158812229607478,0.9945637648913496,0.9965565982176288,0.7265406601104111,0.1444846430178541,0.9653182267745519,0.5238095238095238,1.0,0.28017540311386446,0.28017540311386446,inside_convoy_envelope,inside,True,0.10366175323724747,1.7097830772399902,1.9589869976043701,1.8730581998825073,vae_candidate_pool_v1,belief_limited_heuristic_v1,75
VAE001026,vae_candidate_001026,0.7125868548699716,-3176.876708984375,-1278.5611572265625,3137.0642513205794,0.449878204241392,0.013698520834288868,4.224799039220696,24,7752.968089415284,3510.260715326869,0.8818685842116201,2.7054129701826906,8510.090060375089,0.19594472850377795,0.9024009426768844,0.9904320875049002,0.42247992743133267,1.0,0.11023357302645251,0.9267113755726769,0.5714285714285714,0.0,0.23516629886001117,0.0,astern_vae,astern,False,0.06319086253643036,0.7213947176933289,1.4882566928863525,1.0937731266021729,vae_candidate_pool_v1,belief_limited_heuristic_v1,76
VAE000802,vae_candidate_000802,0.7125265757797776,124.3048095703125,3160.17333984375,3002.412232185915,-1.359738346809973,-0.29896129942990113,5.269337470214144,11,8112.5709207110785,2925.6469418789834,0.46346000616762795,-2.080815606209721,6513.823802464911,0.013018056399797473,0.9336989386020059,0.9999576331502231,0.8727350957119037,1.0,0.05793250077095349,0.8291464449217021,0.2619047619047619,1.0,0.254496405325659,0.254496405325659,inside_convoy_envelope,inside,True,0.04949323832988739,2.2177531719207764,2.3420140743255615,1.8793737888336182,vae_candidate_pool_v1,belief_limited_heuristic_v1,77
VAE000615,vae_candidate_000615,0.7121976931987942,2356.328857421875,1523.0130615234375,3096.1401151502287,-2.4489071182632034,-0.0501339148543595,6.610535489102429,10,8377.090830790985,1825.6981078167298,0.6538495213237678,-0.7428194501809492,7405.110267798112,0.18860239851075855,0.9124619472714258,0.9911336127174428,0.6763673041247307,1.0,0.08173119016547098,0.9647444839520176,0.23809523809523808,0.0,0.3313273620279362,0.0,ahead_vae,ahead,False,0.1037992537021637,2.0088353157043457,1.9537386894226074,1.0355689525604248,vae_candidate_pool_v1,belief_limited_heuristic_v1,78
VAE001159,vae_candidate_001159,0.7120346307245172,3431.08984375,868.1964111328125,3135.7332618876203,-2.7855005005846096,-0.22518258896572943,6.140960890107927,18,8312.954336681589,2404.593770923358,0.900482739073236,-0.5812747419709129,8268.0006549679,0.07444254555338947,0.902735400983988,0.9986152165338078,0.5490897652896735,1.0,0.1125603423841545,0.8879938035214672,0.42857142857142855,0.0,0.2789631399088965,0.0,ahead_vae,ahead,False,0.057189203798770905,2.2415363788604736,1.4955966472625732,1.7973957061767578,vae_candidate_pool_v1,belief_limited_heuristic_v1,79
VAE000025,vae_candidate_000025,0.7115323752176601,1978.53759765625,1037.26220703125,2232.8128580270613,-2.7331320645585007,-0.001160661668329214,2.910808126030675,36,8472.648442281932,2708.1709914205694,1.5689432404999195,-0.4096212506996217,8850.282328976213,0.6944135250097991,0.99473008988127,0.884214569863881,0.39826194053226405,1.0,0.19611790506248994,0.875503108685164,0.8571428571428571,0.0,0.2783169791891146,0.0,ahead_vae,ahead,False,0.055446308106184006,0.8874381184577942,2.5909335613250732,1.7860039472579956,vae_candidate_pool_v1,belief_limited_heuristic_v1,80
VAE001067,vae_candidate_001067,0.7110503979288446,-1587.81201171875,-3053.366943359375,3565.9065080407045,0.9930373270241408,-0.021589484527315867,4.5382476922130905,16,8721.750464267692,2047.7415045711273,0.8958621595853228,2.1269658420383375,6343.647258099618,0.34552701822611165,0.7733962857148667,0.9704485430554177,0.8492835909559437,1.0,0.11198276994816535,0.9055704576102589,0.38095238095238093,0.0,0.30308352583941955,0.0,astern_vae,astern,False,0.059782348573207855,2.3233580589294434,1.8177255392074585,1.5978949069976807,vae_candidate_pool_v1,belief_limited_heuristic_v1,81
VAE000240,vae_candidate_000240,0.7108513376400678,3174.156982421875,-1464.0084228515625,3251.3425763051946,2.621171536504738,0.0502733450662333,3.8875631288340995,29,8222.52090019722,1913.074520260079,1.8435763335957296,0.5706944621512886,7952.939860112498,0.2382283032001391,0.8719612951208874,0.9858787935718232,0.540216586923116,1.0,0.2304470416994662,0.9589105352233778,0.6904761904761905,0.0,0.3198711207435407,0.0,ahead_vae,ahead,False,0.10514171421527863,1.2580983638763428,2.9268975257873535,1.8450111150741577,vae_candidate_pool_v1,belief_limited_heuristic_v1,82
VAE000033,vae_candidate_000033,0.7099527014786395,2565.884033203125,-1590.508544921875,3393.144268427056,2.585438680495721,0.2548412763817378,4.851929172539169,18,8345.872576941108,2020.9774781403362,1.0671839417316908,0.8109952494758101,7213.6013050576075,0.4049763024088522,0.829897696759089,0.9595558671015945,0.7249730384998367,1.0,0.13339799271646136,0.9622937499719229,0.42857142857142855,0.0,0.307300267142623,0.0,ahead_vae,ahead,False,0.10437503457069397,0.7733955383300781,1.5034499168395996,1.302285075187683,vae_candidate_pool_v1,belief_limited_heuristic_v1,83
VAE000618,vae_candidate_000618,0.7095253055762522,-2021.178466796875,2909.7587890625,3456.122059140073,-0.9266545488884341,-0.03833719577012844,6.170109233410879,8,8403.39900162468,3043.3052906478324,0.3128163766049274,-2.253275300471487,7661.820776883279,0.40165183612214,0.8098959548879379,0.960208241212485,0.7760115697812052,1.0,0.039102047075615924,0.8727584900495623,0.19047619047619047,0.0,0.24473478104231425,0.0,astern_vae,astern,False,0.05507277697324753,1.6212190389633179,2.025771141052246,1.5331335067749023,vae_candidate_pool_v1,belief_limited_heuristic_v1,84
VAE000119,vae_candidate_000119,0.7091561791994023,-348.427734375,-1952.29296875,2020.0470096546096,1.4962375604071194,-0.15724714647213228,3.6612007005267975,14,7732.815492538808,2739.9565124674714,0.6607645238482228,1.4881079467105416,3369.280386802861,0.0941770992346358,0.9730789755229456,0.9977843068634978,0.9965832633557796,0.802209615905443,0.08259556548102785,0.8153971283666647,0.3333333333333333,1.0,0.2850311751699675,0.2850311751699675,inside_convoy_envelope,inside,True,0.04784364998340607,1.6835683584213257,2.4629642963409424,1.365951657295227,vae_candidate_pool_v1,belief_limited_heuristic_v1,85
VAE001218,vae_candidate_001218,0.7089303064048336,469.57196044921875,-2328.4677734375,1832.686488436365,1.8204245136302382,-0.0498470109406661,5.142888400064539,31,8889.49877811639,2170.8085797228005,1.6064340093199783,1.2713211290188895,4696.758322711408,0.35445572751468823,0.9409736020305477,0.968917766900635,0.9554914472220469,1.0,0.20080425116499728,0.8484603398801489,0.7380952380952381,1.0,0.32389769348167874,0.32389769348167874,inside_convoy_envelope,inside,True,0.05189049243927002,1.2797236442565918,2.961656093597412,1.2631051540374756,vae_candidate_pool_v1,belief_limited_heuristic_v1,86
VAE000032,vae_candidate_000032,0.7088466588538821,1964.702392578125,3025.489501953125,3365.9509854867993,-2.251786664163897,0.03246057720518469,4.726306884793036,11,7590.609899282357,1953.9000000025228,0.7416750674188927,-0.8573454122207116,6445.010627871443,0.34182294043325956,0.8382976090350229,0.9710725861608301,0.7561079422050045,1.0,0.09270938342736158,0.9873290219855494,0.2619047619047619,0.0,0.3153448309317774,0.0,ahead_vae,ahead,False,0.0774119421839714,2.0381019115448,2.4726336002349854,1.8470673561096191,vae_candidate_pool_v1,belief_limited_heuristic_v1,87
VAE000531,vae_candidate_000531,0.7086697587690968,1559.23046875,1515.3221435546875,1802.3695413480345,-2.358718957795022,0.12173086066457112,5.082285038841799,18,8106.180973802804,2372.728761225768,0.9358540306423885,-0.6611428351301999,7855.037094780809,0.5428039961232158,0.9347123189199986,0.9281318380529215,0.6140192822642726,1.0,0.11698175383029856,0.9344885064233351,0.42857142857142855,0.0,0.3125583530220918,0.0,ahead_vae,ahead,False,0.06455102562904358,1.1699893474578857,2.928011894226074,1.0706218481063843,vae_candidate_pool_v1,belief_limited_heuristic_v1,88
VAE000773,vae_candidate_000773,0.7080319480589682,-1698.58349609375,-3394.697998046875,3787.6178368682217,1.1442839216790648,0.22562977659675182,6.943066149616474,15,7957.783761763474,3353.6950845786396,0.5620507748908931,2.22293850850748,7494.970752241121,0.24904509450078213,0.6949012751789746,0.984574113663629,0.7947855536988302,1.0,0.07025634686136163,0.986369345478663,0.35714285714285715,0.0,0.23280644633004538,0.0,astern_vae,astern,False,0.09748983383178711,1.132133960723877,2.9683988094329834,1.0641735792160034,vae_candidate_pool_v1,belief_limited_heuristic_v1,89
VAE000340,vae_candidate_000340,0.7071772101172407,1512.952880859375,1960.980712890625,2716.8273584570534,-2.2762859807939826,-0.0756785509404293,2.675951908411022,12,7848.4232169819925,1137.2758751845834,1.344413935792973,-0.9409852237362398,5541.736118315175,0.41202237282114607,0.9812035535150689,0.9581564055936267,0.8081387815382329,1.0,0.16805174197412162,0.9957657297130138,0.2857142857142857,0.0,0.4809056244502177,0.0,ahead_vae,ahead,False,0.08158189803361893,0.8645036220550537,1.5079879760742188,1.9367353916168213,vae_candidate_pool_v1,belief_limited_heuristic_v1,90
VAE000453,vae_candidate_000453,0.7068654214598818,-111.69561767578125,-3158.97412109375,3017.456609414702,1.5435519090458543,-0.0012056656147976708,5.782693010786219,23,7794.252706205202,2634.957438612464,1.1199013004574876,1.5968350789291412,2836.9938974825473,0.37782018383099536,0.9304653450312688,0.964735483526479,0.9996610108476515,0.6754747374958446,0.13998766255718595,0.8624247842124132,0.5476190476190477,1.0,0.2678160361356627,0.2678160361356627,inside_convoy_envelope,inside,True,0.05369355157017708,2.3971118927001953,2.4359066486358643,1.9142647981643677,vae_candidate_pool_v1,belief_limited_heuristic_v1,91
VAE000442,vae_candidate_000442,0.7067518058677883,2364.912353515625,1444.1795654296875,2000.3572705278386,-2.665662157785927,-0.23618687746469758,4.147101386210627,9,8480.340164071824,1983.5586972707733,0.5350374477930049,-0.7121173732685635,7715.580626322759,0.2810852850893646,0.9702594769454133,0.9803774738591984,0.6534380438131275,1.0,0.06687968097412561,0.8019961953403776,0.21428571428571427,0.0,0.3336886795374595,0.0,ahead_vae,ahead,False,0.128258615732193,1.5465682744979858,1.516982078552246,1.3683143854141235,vae_candidate_pool_v1,belief_limited_heuristic_v1,92
VAE000869,vae_candidate_000869,0.7066869293975849,-1903.510498046875,-1278.831298828125,1891.774095285677,0.6761265663004667,0.30802778142605663,5.163105150175681,30,7595.1444007860355,2249.827023767281,1.7556425201218198,2.7734938687153834,7895.952507027544,0.07194851248872935,0.9523460980783596,0.9987064110635917,0.35984222463054566,1.0,0.21945531501522747,0.9553595134135394,0.7142857142857143,0.0,0.31709416558033665,0.0,astern_vae,astern,False,0.10591527819633484,0.7500594258308411,2.0237393379211426,1.5481723546981812,vae_candidate_pool_v1,belief_limited_heuristic_v1,93
VAE000317,vae_candidate_000317,0.7065663915968503,-0.08697509765625,-2315.433349609375,1898.5383911434167,1.5640426612290246,0.23975722494546745,7.333892397031855,8,7862.507121768025,2547.7007041024326,0.3993746804890642,1.8173072173062368,4389.306340940901,0.25340881032596996,0.9535764492862062,0.9840317204015581,0.9697697417527301,1.0,0.04992183506113303,0.9485628840759255,0.19047619047619047,1.0,0.29876582615005676,0.29876582615005676,inside_convoy_envelope,inside,True,0.0672127902507782,1.0784037113189697,1.524864673614502,1.1356093883514404,vae_candidate_pool_v1,belief_limited_heuristic_v1,94
VAE000125,vae_candidate_000125,0.706329974643361,-2411.379638671875,3453.46875,3740.455291831846,-1.0013335719890508,-0.04864203967877848,5.785173600325258,17,7524.105026965618,2341.3686593900425,0.96499324104015,-2.188901121279521,6268.320402631736,0.2428176895545483,0.7120098099263439,0.9853321738126659,0.8149781753987186,1.0,0.12062415513001876,0.9836271089588502,0.40476190476190477,0.0,0.27948776124358826,0.0,astern_vae,astern,False,0.09847889840602875,0.9933589100837708,1.4986398220062256,1.6357755661010742,vae_candidate_pool_v1,belief_limited_heuristic_v1,95
VAE000526,vae_candidate_000526,0.7057455008585671,22.615631103515625,-3818.636962890625,3295.8990147246086,1.5824764089695327,-0.06537740034114924,5.7493314757322596,24,8755.04347345601,2507.544010479328,1.0932119506611166,1.4937388442791113,3174.077129914568,0.273855545753809,0.8592229441247591,0.9813676701625116,0.9970325409921403,0.755732649979659,0.13665149383263958,0.9830667650312197,0.5714285714285714,1.0,0.27053017133803636,0.27053017133803636,inside_convoy_envelope,inside,True,0.07586215436458588,1.6107537746429443,2.6625356674194336,1.5332567691802979,vae_candidate_pool_v1,belief_limited_heuristic_v1,96
VAE000820,vae_candidate_000820,0.7057066016084768,1121.8551025390625,-1983.94140625,2068.6409408981913,2.0574505190424324,0.042372686672805845,4.458534409574913,8,8203.970727897697,2478.380326333572,0.3934575940154035,1.126514821220167,5763.920948793009,0.33491881456347494,0.9794579997927653,0.9722184988944231,0.9029197139775768,1.0,0.049182199251925435,0.9975123794955161,0.19047619047619047,1.0,0.29536620058723384,0.29536620058723384,inside_convoy_envelope,inside,True,0.08291124552488327,1.4564250707626343,2.344118595123291,1.6316289901733398,vae_candidate_pool_v1,belief_limited_heuristic_v1,97
VAE000854,vae_candidate_000854,0.705690760920224,1645.160888671875,-3981.835693359375,4122.8643293824225,1.988636866164281,0.061609451423431195,3.670904768580167,23,7960.333990939453,2839.9858570545944,1.0173733776716514,1.214565238848943,5437.8075940466515,0.19556425991504336,0.5705764955624504,0.9904690893446552,0.9372178640807821,1.0,0.12717167220895642,0.9870361561069056,0.5476190476190477,0.0,0.24897099042828852,0.0,ahead_vae,ahead,False,0.07729797065258026,2.172565460205078,2.9569125175476074,1.3926082849502563,vae_candidate_pool_v1,belief_limited_heuristic_v1,98
VAE000805,vae_candidate_000805,0.7047392822437458,-2344.804931640625,2335.7763671875,3451.7621261970844,-0.63310657677914,0.04296806590170481,3.0510921976659064,17,8797.750891921081,2308.1992264057108,0.8371513259861693,-2.4655180109089487,8306.876462556065,0.04128615329480356,0.8113041972816063,0.9995739239138948,0.6257359367436833,1.0,0.10464391574827116,0.9999744490892584,0.40476190476190477,0.0,0.2821237501758533,0.0,astern_vae,astern,False,0.08770757913589478,2.3751626014709473,1.538287878036499,1.358181118965149,vae_candidate_pool_v1,belief_limited_heuristic_v1,99
VAE001106,vae_candidate_001106,0.7045124722438912,3038.5107421875,579.3009643554688,3079.660549960022,-2.762485671305141,0.005919355352951225,3.371871946019771,22,8410.065060614621,3012.0577142971506,0.8684804289164488,-0.37318762693170077,8929.35214669922,0.1995207958284313,0.9163810925727187,0.9900808342400415,0.36458550150866337,1.0,0.1085600536145561,0.9999925210136871,0.5238095238095238,0.0,0.24981636469052518,0.0,ahead_vae,ahead,False,0.08750511705875397,1.8013949394226074,1.9495596885681152,1.7600091695785522,vae_candidate_pool_v1,belief_limited_heuristic_v1,100
VAE000678,vae_candidate_000678,0.7043203067380229,1212.132568359375,1703.5421142578125,1756.9430009120833,-2.334826942349005,-0.041882003962144754,4.5752689872474095,0,8904.01724320692,3030.699189059676,0.0,-0.8486477152029328,8159.739907236393,0.6167693620028876,0.9248066707782601,0.9078756602173237,0.7503872333143707,1.0,0.0,0.922412857880212,0.0,0.0,0.2853559530703328,0.0,ahead_vae,ahead,False,0.06246645003557205,2.123051166534424,2.945509910583496,1.2683733701705933,vae_candidate_pool_v1,belief_limited_heuristic_v1,101
VAE001158,vae_candidate_001158,0.703638507879863,2183.356201171875,-3188.389404296875,3651.7055217748857,2.0807573614882253,-0.22868124650325403,3.9930851457423304,16,8341.899148381952,2387.143355487267,0.8034827310821891,0.832154045598314,7381.486815162264,0.07688155644878947,0.7436571411983345,0.9985230342854026,0.7393833711783574,1.0,0.10043534138527364,0.9779574385841091,0.38095238095238093,0.0,0.2757367358615866,0.0,ahead_vae,ahead,False,0.10029494762420654,2.3549997806549072,1.5013494491577148,1.0653302669525146,vae_candidate_pool_v1,belief_limited_heuristic_v1,102
VAE001200,vae_candidate_001200,0.7033708399754424,2207.98876953125,3000.767333984375,3598.6065474038596,-2.285334603177859,-0.07272781003630752,4.251576817721983,13,7510.519892580762,2321.6947030982606,0.745535350708234,-0.9289858604482417,6355.855617586767,0.350684605180144,0.762174385538066,0.9695688715579409,0.8010132416762655,1.0,0.09319191883852924,0.9309400666647254,0.30952380952380953,0.0,0.2818149099705047,0.0,ahead_vae,ahead,False,0.06392201036214828,1.7384449243545532,2.4927425384521484,1.1005033254623413,vae_candidate_pool_v1,belief_limited_heuristic_v1,103
VAE000416,vae_candidate_000416,0.7032845949106505,2386.65283203125,-1316.119384765625,2685.2184162642993,2.697245776350397,0.10705178066382746,5.425329809284291,12,8077.255627221677,2331.363550044029,0.6372464376256338,0.5513986579032235,8101.499451874517,0.6452154391294065,0.9847396516251391,0.8994851133655217,0.5238791074505857,1.0,0.07965580470320423,0.991442813293471,0.2857142857142857,0.0,0.289968608011823,0.0,ahead_vae,ahead,False,0.07917652279138565,2.210925340652466,1.5172594785690308,1.0777822732925415,vae_candidate_pool_v1,belief_limited_heuristic_v1,104
VAE001119,vae_candidate_001119,0.7029587059831597,-2358.6826171875,-654.4478759765625,2278.253672658885,0.3405305506440495,-0.07810275138164408,4.580709172523996,7,8279.479327065563,2989.2044945622984,0.282839061372369,2.7229593515640995,8779.655939326882,0.11369830161240527,0.9972019995612639,0.9967716541190358,0.4065121558226293,1.0,0.03535488267154613,0.9212917482013387,0.16666666666666666,0.0,0.26603083970945696,0.0,astern_vae,astern,False,0.06228042393922806,1.9270761013031006,2.4689059257507324,1.0615334510803223,vae_candidate_pool_v1,belief_limited_heuristic_v1,105
VAE000398,vae_candidate_000398,0.7028388972873509,1760.39697265625,2716.99072265625,3847.492021483214,-2.1239975722117417,-0.12476081239412963,3.815343378147454,21,9090.229284219884,2129.946656509398,1.0846153093729818,-1.1423558937721812,5713.9912911496685,0.2893565116145691,0.6729566800073671,0.9792138420210644,0.9096147819332333,1.0,0.13557691367162272,0.8805163368449588,0.5,0.0,0.29349080129287725,0.0,ahead_vae,ahead,False,0.05613705888390541,0.8491052389144897,2.508183240890503,1.3389835357666016,vae_candidate_pool_v1,belief_limited_heuristic_v1,106
VAE000577,vae_candidate_000577,0.7021858539420236,3117.426513671875,-1589.2938232421875,3251.298515431949,2.6659865080854255,0.09578645750638315,4.652461946949047,11,8138.2702022559815,2797.7811447189315,0.48311090559363973,0.5713926030107513,8358.546241988653,0.25758358417095056,0.8719736608812473,0.9835041848195488,0.5408039589220033,1.0,0.060388863199204966,0.9976103610194684,0.2619047619047619,0.0,0.2569235676735505,0.0,ahead_vae,ahead,False,0.09153494238853455,2.2978076934814453,1.5119264125823975,1.685779094696045,vae_candidate_pool_v1,belief_limited_heuristic_v1,107
VAE000312,vae_candidate_000312,0.7019121879256313,-2571.989501953125,-1970.36181640625,2801.8832387802104,0.570637686840033,0.04531905336435403,4.996980631529888,6,8057.781670932734,2234.2865601967114,0.3332705064297361,2.6162740201141146,8091.773651838296,0.20112867667996198,0.9699301533432308,0.989920860094702,0.5014887004008403,1.0,0.04165881330371701,0.954461173460734,0.14285714285714285,0.0,0.29523342435198197,0.0,astern_vae,astern,False,0.06842654198408127,0.7554827928543091,2.9775352478027344,1.825743556022644,vae_candidate_pool_v1,belief_limited_heuristic_v1,108
VAE000593,vae_candidate_000593,0.7016722582989852,314.5001525878906,2423.236328125,1970.8793066164765,-1.7808144003471127,0.09259949464670444,5.844202945328295,6,7808.019943240613,2783.6650003007016,0.2760535697047054,-1.268178758595976,4984.119282985826,0.39491518901331313,0.9657889590577577,0.9615145985028718,0.9545596728937541,1.0,0.034506696213088175,0.8666149324098802,0.14285714285714285,1.0,0.28505170664352963,0.28505170664352963,inside_convoy_envelope,inside,True,0.05424783378839493,1.1882416009902954,1.9220961332321167,1.7435647249221802,vae_candidate_pool_v1,belief_limited_heuristic_v1,109
VAE000221,vae_candidate_000221,0.7010824738106205,2561.4677734375,1912.4722900390625,2988.578596548913,-2.5454237746879746,0.12909028322925087,4.890390623740977,23,8216.550044955547,2320.7498495187165,1.206174104406354,-0.4670785956725676,8381.441807689935,0.4873365861558105,0.9366114821304907,0.9417915995506739,0.45027972502764163,1.0,0.15077176305079426,0.9413079410595867,0.5476190476190477,0.0,0.2863454751569679,0.0,ahead_vae,ahead,False,0.06580442190170288,1.6006367206573486,2.059027671813965,1.131805181503296,vae_candidate_pool_v1,belief_limited_heuristic_v1,110
VAE000731,vae_candidate_000731,0.700731707081279,-944.2295532226562,3246.954833984375,3769.2910859704425,-1.3166543329646259,-0.07759937306195246,4.874459583992619,29,7621.429817593689,3021.4014684147733,1.2593693145655618,-1.9025376936871197,5338.8875266069845,0.27174734739880213,0.7015701255399655,0.9816516764088287,0.9454766316427856,1.0,0.15742116432069522,0.9997449214441743,0.6904761904761905,1.0,0.2443491590804618,0.2443491590804618,inside_convoy_envelope,inside,True,0.08866029977798462,2.345731735229492,1.9192137718200684,1.0955992937088013,vae_candidate_pool_v1,belief_limited_heuristic_v1,111
VAE000654,vae_candidate_000654,0.7004613729341197,2547.182373046875,740.2572021484375,2450.112322237301,-2.754115867409622,0.06935360346098653,6.069699377302535,25,8135.36961233265,2800.3673436693757,1.0973564362950379,-0.3181231827191846,8603.081768047345,0.5593985486649422,0.999525397188859,0.9237872201987298,0.3127844662045511,1.0,0.13716955453687973,0.9678204636401314,0.5952380952380952,0.0,0.26913083902214063,0.0,ahead_vae,ahead,False,0.07148385047912598,1.8930680751800537,2.413166046142578,1.3522486686706543,vae_candidate_pool_v1,belief_limited_heuristic_v1,112
VAE000002,vae_candidate_000002,0.6992544898154551,-1002.3169555664062,-1006.7489013671875,1595.2086351746627,0.7686345367324029,-0.07380996682499466,2.8011202762617216,34,8137.445076421138,3466.7013635280246,1.205242438409185,2.299148150032396,8003.717345257617,0.1532584114926396,0.8847620762032167,0.9941394494307114,0.7462725087553519,1.0,0.15065530480114814,0.9999746707016017,0.8095238095238095,1.0,0.28588098279034696,0.28588098279034696,inside_convoy_envelope,inside,True,0.08682726323604584,1.1583058834075928,1.525468349456787,1.696027159690857,vae_candidate_pool_v1,belief_limited_heuristic_v1,113
VAE000995,vae_candidate_000995,0.6990547741017074,551.3719482421875,2318.94140625,2007.8878337655474,-1.8978905384409999,0.05152465644547044,4.7336094126394075,15,8684.21523666094,2221.956393592213,0.7773652963558869,-1.192177458703323,5274.600318695913,0.17723016025691485,0.9713536731608908,0.9921679006768592,0.9291760397839118,1.0,0.09717066204448586,0.8364401723913041,0.35714285714285715,1.0,0.31328230594524487,0.31328230594524487,inside_convoy_envelope,inside,True,0.12414625287055969,1.7994318008422852,1.5161569118499756,1.8145631551742554,vae_candidate_pool_v1,belief_limited_heuristic_v1,114
VAE000075,vae_candidate_000075,0.6990226726348493,-683.4225463867188,3646.8251953125,3085.3464797356723,-1.3212083196526982,0.18033878700943454,4.765782984727108,12,8569.825470604748,2727.0745188817455,0.5134666761347095,-1.6400455469276602,3313.5178814629367,0.3382444504713875,0.9150375907056133,0.9716693327860383,0.9976032307850076,0.7889328289197468,0.06418333451683869,0.8380913437456695,0.2857142857142857,1.0,0.26139566297186656,0.26139566297186656,inside_convoy_envelope,inside,True,0.05059085041284561,0.9842685461044312,1.9848060607910156,1.9478120803833008,vae_candidate_pool_v1,belief_limited_heuristic_v1,115
VAE001083,vae_candidate_001083,0.6988622451074812,2677.050048828125,-1477.1199951171875,3216.7003949435434,2.6737384621582185,0.38860313255619594,5.127256533284763,0,8320.763583271224,2035.821278635966,0.0,0.8564573239877709,6989.200118133754,0.398014857122082,0.881538265427756,0.9609161148447477,0.7555264374953921,1.0,0.0,0.9418317060280276,0.0,0.0,0.30731542089999364,0.0,ahead_vae,ahead,False,0.10862958431243896,2.3472096920013428,1.931604266166687,1.866809368133545,vae_candidate_pool_v1,belief_limited_heuristic_v1,116
VAE000331,vae_candidate_000331,0.6972234033986573,1781.836669921875,-3931.06982421875,4257.162458423082,1.9404318703570915,0.10800111034634172,6.616576936975013,24,7988.745477036055,3497.637711247193,0.8589301236671723,1.3091618935790434,5444.974446233239,0.1858631506875532,0.5210054471833547,0.9913885554575109,0.9659685065351808,1.0,0.10736626545839653,0.9015761000701389,0.5714285714285714,0.0,0.22599705829031913,0.0,ahead_vae,ahead,False,0.05917657911777496,2.1291322708129883,1.4748374223709106,1.5487149953842163,vae_candidate_pool_v1,belief_limited_heuristic_v1,117
VAE001015,vae_candidate_001015,0.6970816121078823,-2284.950927734375,-647.7071533203125,2597.6640063111236,0.33211747708469846,-0.09418851811839239,5.509527024651084,14,8438.724588810974,3268.9837080010425,0.5075028276047874,2.7152866583867024,9035.212486107972,0.5364807557687306,0.9926413747088366,0.9297563681809278,0.41351024198831277,1.0,0.06343785345059842,0.8476376502312074,0.3333333333333333,0.0,0.24915000186512237,0.0,astern_vae,astern,False,0.05178622901439667,2.304457664489746,2.5712428092956543,1.4995403289794922,vae_candidate_pool_v1,belief_limited_heuristic_v1,118
VAE001054,vae_candidate_001054,0.6968123749035826,-2875.593994140625,1060.4837646484375,3289.3067441756243,-0.5352586519390035,0.04370661714872977,5.710808510655386,15,7009.997114616705,2145.765121417903,0.9972205926506271,-2.56262738450206,7041.645523635169,0.1807632915978017,0.8611365683849813,0.9918533772158324,0.5471581298096594,1.0,0.12465257408132839,0.9988596232399174,0.35714285714285715,0.0,0.2987241783185126,0.0,astern_vae,astern,False,0.09021424502134323,1.8855140209197998,2.3703765869140625,1.152947187423706,vae_candidate_pool_v1,belief_limited_heuristic_v1,119
VAE000111,vae_candidate_000111,0.6962921263026922,-464.63702392578125,-3562.217041015625,3406.6847525277813,1.394681640585739,0.03314421697572157,4.374134095370279,6,8242.322554283666,2734.3638601581847,0.26622285640837623,1.7800552299797758,4386.933180898117,0.286042331856067,0.8256604390562682,0.9796840360137615,0.9781851350986105,1.0,0.03327785705104703,0.9833949793806855,0.14285714285714285,1.0,0.25821057694589455,0.25821057694589455,inside_convoy_envelope,inside,True,0.07597415894269943,2.0301673412323,2.520099639892578,1.2213010787963867,vae_candidate_pool_v1,belief_limited_heuristic_v1,120
VAE000366,vae_candidate_000366,0.6959962005245366,-62.973236083984375,1662.1737060546875,1657.641911535309,-1.5448519872806485,0.019680640772458124,3.84317939156323,23,7735.737759605536,3232.053769093559,0.9199146178431614,-1.5770600255366864,3280.444380258273,0.14466708021700247,0.901065930669996,0.9947769777118096,0.9999803831031735,0.7810581857757793,0.11498932723039518,0.8067787665290881,0.5476190476190477,1.0,0.28734978210407547,0.28734978210407547,inside_convoy_envelope,inside,True,0.04683036357164383,1.2153277397155762,2.0810790061950684,1.9317326545715332,vae_candidate_pool_v1,belief_limited_heuristic_v1,121
VAE000417,vae_candidate_000417,0.6956017539055873,-2055.242919921875,527.6209106445312,2263.61766466181,-0.34205413205828306,0.047698199909498765,6.333499819832232,8,8791.947429841797,2403.9800660406213,0.3785071103316819,-2.7518403216220113,9045.994099133606,0.1318908713921304,0.9964900794415983,0.995657499878565,0.37995933305839286,1.0,0.047313388791460236,0.9884360494398936,0.19047619047619047,0.0,0.2931610872647473,0.0,astern_vae,astern,False,0.09667803347110748,1.8642425537109375,2.9614388942718506,1.5385857820510864,vae_candidate_pool_v1,belief_limited_heuristic_v1,122
VAE001100,vae_candidate_001100,0.6955046171906986,-2439.256591796875,-812.6583251953125,2832.695026003351,0.4682062634156931,0.0686230168763532,6.188067474847706,25,8267.665960998504,1572.6632603772405,1.9227434741098748,2.7420094070504537,8228.185929692072,0.08087364367148958,0.9652267349041291,0.9983657544694007,0.38903445314527246,1.0,0.24034293426373435,0.9952817493250092,0.5952380952380952,0.0,0.37115953150203496,0.0,astern_vae,astern,False,0.09326784312725067,2.4277098178863525,1.5042436122894287,1.0721017122268677,vae_candidate_pool_v1,belief_limited_heuristic_v1,123
VAE000546,vae_candidate_000546,0.6946681499339229,-2390.34423828125,-2424.969482421875,3908.1894553312804,0.6601407539844043,-0.3260271555863269,2.598844115638531,28,7858.245698534337,1881.4949770227413,1.8937792975981158,2.155424744019062,5905.894744855294,0.14706236627287017,0.6505170345276365,0.994602902705449,0.8339172161047359,1.0,0.23672241219976448,0.9092576414604097,0.6666666666666666,0.0,0.31983219850479416,0.0,astern_vae,astern,False,0.060351189225912094,1.433372139930725,1.9001307487487793,1.0988274812698364,vae_candidate_pool_v1,belief_limited_heuristic_v1,124
VAE000267,vae_candidate_000267,0.6946620068829908,1256.0037841796875,912.9682006835938,1688.6457238619832,-2.494283895679572,0.0022870856364740357,4.976458552126662,10,9122.01384417437,2967.5108002446477,0.36941707452409134,-0.645021672273747,9073.394532654876,0.56744413645371,0.9087757798391161,0.9216387248553797,0.6012157566817523,1.0,0.04617713431551142,0.9931572046763516,0.23809523809523808,0.0,0.2913502711934465,0.0,ahead_vae,ahead,False,0.09449764341115952,0.8889114856719971,1.5063334703445435,1.1167789697647095,vae_candidate_pool_v1,belief_limited_heuristic_v1,125
VAE000446,vae_candidate_000446,0.6943277586464471,2119.04541015625,2883.056884765625,3691.950723499868,-2.1526539227107864,0.08748521335092667,4.2983761334598185,15,8307.328952166014,1976.8071523368444,0.9134095487718672,-0.9014535175280801,6704.725169134901,0.12810574379426765,0.729404536532181,0.9959028374415733,0.7842296028214404,1.0,0.1141761935964834,0.9741173107616453,0.35714285714285715,0.0,0.30985849450534986,0.0,ahead_vae,ahead,False,0.10139811784029007,0.6869462132453918,1.5203132629394531,1.8866958618164062,vae_candidate_pool_v1,belief_limited_heuristic_v1,126
VAE001105,vae_candidate_001105,0.6938670980488544,1661.12890625,-3413.355712890625,4026.7335645100025,1.8168337071438823,0.07769846183798848,5.467884567856876,16,8329.049936735539,2285.399412893101,0.840547779644575,1.4024574082838994,3648.584499217748,0.041744232875119865,0.6063859706931947,0.9995644180140021,0.9858644327402799,0.8687105950518448,0.10506847245557188,0.9949730572651379,0.38095238095238093,0.0,0.28077447880462697,0.0,ahead_vae,ahead,False,0.0810713917016983,0.6994271278381348,2.950611114501953,1.3891026973724365,vae_candidate_pool_v1,belief_limited_heuristic_v1,127
VAE000823,vae_candidate_000823,0.6937794608893092,-965.6455688476562,1595.925537109375,1803.0215217143914,-1.1584483436687845,0.061732651147259385,4.451155965168117,16,8504.934587687618,2321.502498990431,0.8103634587361891,-1.9214116587737493,5101.504803995013,0.0019452219973457032,0.9348499493741833,0.9999990540281436,0.939161539035331,1.0,0.10129543234202364,0.8600054138032263,0.38095238095238093,1.0,0.3152330090455411,0.3152330090455411,inside_convoy_envelope,inside,True,0.1211564913392067,1.9853460788726807,1.4925658702850342,1.9387078285217285,vae_candidate_pool_v1,belief_limited_heuristic_v1,128
VAE000774,vae_candidate_000774,0.6936595626313578,1574.9267578125,-3555.82421875,3680.745612547171,2.0015546159519637,0.2390156795800401,4.992165981572358,19,8294.746782362185,1908.1657982451466,1.2004231467426487,1.37905371721787,3453.9247700639244,0.41971951788970374,0.7333902065323422,0.9566016369533636,0.9816736369448149,0.8223630404914105,0.1500528933428311,0.7886262014897147,0.4523809523809524,0.0,0.31740656333880807,0.0,ahead_vae,ahead,False,0.04474137723445892,2.2637991905212402,2.4552834033966064,1.3078017234802246,vae_candidate_pool_v1,belief_limited_heuristic_v1,129
VAE000308,vae_candidate_000308,0.6928099562830351,-2659.43798828125,-1997.691162109375,3523.9906108969953,0.6920627774159421,-0.08443586340136137,5.965790900883402,6,8352.966286941302,2395.69411108125,0.29983281107046583,2.3650940127724893,7637.637773812666,0.19750562081455225,0.7875570625352175,0.990279542510426,0.7007859497136888,1.0,0.03747910138380823,0.994856024608443,0.14285714285714285,0.0,0.2760588566768441,0.0,astern_vae,astern,False,0.08099950850009918,2.2068023681640625,1.5032250881195068,1.4899704456329346,vae_candidate_pool_v1,belief_limited_heuristic_v1,130
VAE000753,vae_candidate_000753,0.6924352165018712,-2424.837158203125,-3655.469970703125,3967.5936637185073,0.928029840658868,-0.2030070004513144,6.295618885763069,15,8447.507418668201,2603.956498191019,0.6819129727936578,2.010555812479611,5952.4891266729755,0.37686524155946755,0.6284320381130246,0.9649114084444622,0.9048540815891232,1.0,0.08523912159920723,0.9605960829323821,0.35714285714285715,0.0,0.26062410185264945,0.0,astern_vae,astern,False,0.06976931542158127,1.415413498878479,2.4607183933258057,1.6472201347351074,vae_candidate_pool_v1,belief_limited_heuristic_v1,131
VAE000069,vae_candidate_000069,0.6923503078920732,-2362.634765625,-2605.17138671875,3720.543364882865,0.7576735293324199,-0.034089421421752295,5.316870323769803,12,8595.493782220354,2783.048332766575,0.5016371211728524,2.349829702835621,8019.522095296478,0.14828170112832753,0.7191772662130149,0.9945131987429665,0.711593012517849,1.0,0.06270464014660655,0.9963721523260303,0.2857142857142857,0.0,0.2530216948726145,0.0,astern_vae,astern,False,0.08200548589229584,0.689021646976471,2.015322685241699,1.2885938882827759,vae_candidate_pool_v1,belief_limited_heuristic_v1,132
VAE001132,vae_candidate_001132,0.6917670472682225,-1856.179931640625,3169.25146484375,3943.37546829245,-0.9704893072622163,0.043114018703497646,4.824966668599693,13,8242.941082675976,2755.717940825122,0.5723034882048456,-2.1279893276240793,6697.811370739545,0.16352783503292467,0.6374464310634275,0.9933295464346702,0.8487428104096573,1.0,0.0715379360256057,0.969384573421727,0.30952380952380953,0.0,0.25335511697310215,0.0,astern_vae,astern,False,0.10265455394983292,1.7497259378433228,2.9770076274871826,1.7745919227600098,vae_candidate_pool_v1,belief_limited_heuristic_v1,133
VAE000222,vae_candidate_000222,0.6916473182259979,3123.681884765625,-2509.35791015625,3293.359365260131,2.516943880537543,0.022488172990296942,6.791983794646493,11,8671.650251044366,2743.5167139287946,0.46236326455510157,0.6471369460425473,8572.436278641897,0.29242622326212375,0.8599613303269257,0.9787736359373174,0.6029046976015966,1.0,0.057795408069387696,0.7935634890464683,0.2619047619047619,0.0,0.25827312814038844,0.0,ahead_vae,ahead,False,0.04530392959713936,0.8078140616416931,2.9545788764953613,1.8920263051986694,vae_candidate_pool_v1,belief_limited_heuristic_v1,134
VAE001137,vae_candidate_001137,0.6915703750270279,-562.0123901367188,3615.65869140625,3565.2444767107568,-1.3718041582341807,-0.04800611752894213,5.764230493724577,18,7982.125784034864,2411.0655370955897,0.9352870528330909,-1.8177946128845546,4289.476827578983,0.14133577890118776,0.7736219478573374,0.9950143570480205,0.969650691415456,1.0,0.11691088160413636,0.9900971977968753,0.42857142857142855,1.0,0.2752526977729876,0.2752526977729876,inside_convoy_envelope,inside,True,0.0959722101688385,2.410609483718872,1.5034923553466797,1.8317756652832031,vae_candidate_pool_v1,belief_limited_heuristic_v1,135
VAE000012,vae_candidate_000012,0.6908114942422915,-72.92568969726562,2110.332763671875,2008.3226424984655,-1.4907147304066544,-0.0804525596784924,6.005128398344196,5,8247.172838017468,2398.7600288547087,0.2527423996696113,-1.7313304828616312,3686.1904811437303,0.3122671031775661,0.971416252852203,0.9758197618468497,0.9871420417538941,0.8776644002723167,0.031592799958701415,0.9126791355460544,0.11904761904761904,1.0,0.302057628275315,0.302057628275315,inside_convoy_envelope,inside,True,0.060887888073921204,0.7731173634529114,1.5156934261322021,1.7997565269470215,vae_candidate_pool_v1,belief_limited_heuristic_v1,136
VAE001037,vae_candidate_001037,0.6903977958485308,3324.7998046875,1539.8017578125,3741.9070451618386,-2.7294968960455335,-0.20271204781858004,5.657618144094275,26,8735.874955425437,3163.662867886467,0.9407554475351907,-0.6148078053628396,8961.004863282296,0.1900645584894676,0.7114858709106572,0.9909960203129493,0.5768015321540224,1.0,0.11759443094189884,0.991780103043006,0.6190476190476191,0.0,0.23782195842643614,0.0,ahead_vae,ahead,False,0.09519468992948532,1.5266644954681396,2.9731767177581787,1.6798295974731445,vae_candidate_pool_v1,belief_limited_heuristic_v1,137
VAE001004,vae_candidate_001004,0.6898400790299318,3589.782470703125,710.432861328125,3362.9404171051824,-2.7644400347613645,-0.10324308934298926,6.2208706681014485,21,8350.706564846607,2533.4930910238354,0.992604745475919,-0.4803957081714179,8576.311314699931,0.21582325343388753,0.8392183494841504,0.9884002120763669,0.4621301305174372,1.0,0.12407559318448988,0.9763430873481257,0.5,0.0,0.26890753919298416,0.0,ahead_vae,ahead,False,0.10076916217803955,1.3743019104003906,2.0235683917999268,1.6265298128128052,vae_candidate_pool_v1,belief_limited_heuristic_v1,138
VAE000835,vae_candidate_000835,0.6892640683586267,-306.29876708984375,1727.5950927734375,1941.902775067481,-1.3717791345676456,0.10400112658983048,7.786009756224972,25,8500.546091945998,2193.4394168414533,1.3408109205092589,-1.6658123924323172,2990.019305245276,0.3736254582908629,0.9611067759147762,0.9655050997939161,0.9954893686858969,0.7119093583917324,0.16760136506365736,0.8743212151575733,0.5952380952380952,1.0,0.31801129728278194,0.31801129728278194,inside_convoy_envelope,inside,True,0.05528506636619568,1.1335465908050537,2.9619383811950684,1.8058152198791504,vae_candidate_pool_v1,belief_limited_heuristic_v1,139
VAE001121,vae_candidate_001121,0.6889949429844903,457.84881591796875,1248.910400390625,1712.2535631486467,-1.849920464971279,-0.007790450841161741,5.093684863158868,6,7835.091474363746,2848.4152403144963,0.2688461851870655,-1.2994626394596758,4844.1383112910025,0.34118255497023453,0.9144677527034295,0.9711798198054329,0.9634143029922558,1.0,0.033605773148383186,0.9437339291406611,0.14285714285714285,1.0,0.29548155673277904,0.29548155673277904,inside_convoy_envelope,inside,True,0.06626604497432709,1.793457269668579,2.429555892944336,1.05860435962677,vae_candidate_pool_v1,belief_limited_heuristic_v1,140
VAE000633,vae_candidate_000633,0.6885759878275735,84.78741455078125,3387.158203125,3296.0996614591654,-1.5479158208472303,-0.294249521703109,5.0844842164755,9,8830.960359862846,2246.87196659617,0.45358245613674664,-1.8879263544456717,4888.685550555874,0.06044573053692237,0.8591645451510553,0.9990868564940927,0.9501343048734536,1.0,0.05669780701709333,0.9610771158077672,0.21428571428571427,1.0,0.28792528231950076,0.28792528231950076,inside_convoy_envelope,inside,True,0.10465431958436966,0.8049111366271973,1.5149717330932617,1.8716872930526733,vae_candidate_pool_v1,belief_limited_heuristic_v1,141
VAE000105,vae_candidate_000105,0.6884462434732965,3188.612548828125,1085.619140625,3350.171690143519,-2.67576639888356,-0.07174964237773306,4.5728947494958305,7,8823.95068385079,3067.2318499462926,0.25863563529252137,-0.5375758970839664,9149.946663860881,0.16198044685215063,0.8431026287058847,0.9934549131526245,0.512055308972327,1.0,0.03232945441156517,0.9979048885439349,0.16666666666666666,0.0,0.24432133181650081,0.0,ahead_vae,ahead,False,0.09126295149326324,1.5730218887329102,2.394543170928955,1.8887828588485718,vae_candidate_pool_v1,belief_limited_heuristic_v1,142
VAE000906,vae_candidate_000906,0.6877499631204674,498.7887878417969,-3243.117431640625,3385.9016943833667,1.731657496774165,-0.21113471651711402,3.803282308369006,6,8420.636132700743,2726.333810435216,0.26135289769928927,1.1988004402985146,5600.557971452484,0.09303238423678062,0.832149374375132,0.9978378040341651,0.9316037457359783,1.0,0.03266911221241116,0.9060060778481449,0.14285714285714285,1.0,0.2585353965976077,0.2585353965976077,inside_convoy_envelope,inside,True,0.11468386650085449,1.7964246273040771,2.4277596473693848,1.2292033433914185,vae_candidate_pool_v1,belief_limited_heuristic_v1,143
VAE000213,vae_candidate_000213,0.6874509679747101,-319.36151123046875,-2152.1064453125,2549.8679899350473,1.5734385904553867,-0.010797339634603319,4.594637753520401,23,8211.398569038516,2211.1594299284325,1.266749221272341,1.557356723499803,2321.3143569792023,0.48169337829579334,0.9957631757423069,0.9431058422888484,0.9999096898909873,0.5526938945188576,0.15834365265904263,0.8651975291477284,0.5476190476190477,1.0,0.30079618704067534,0.30079618704067534,inside_convoy_envelope,inside,True,0.054059602320194244,0.6887126564979553,1.8860619068145752,1.5502127408981323,vae_candidate_pool_v1,belief_limited_heuristic_v1,144
VAE000476,vae_candidate_000476,0.6870723989977786,970.9406127929688,-2228.049560546875,2315.185075080965,2.0183197179892813,-0.07496509818012773,6.180922824273863,22,8539.154425220786,1698.2274615840893,1.5170921242698872,1.0483078374203842,5733.013853358996,0.27307291807705747,0.9986410807863884,0.9814733517228533,0.8665800129922002,1.0,0.1896365155337359,0.970662153558306,0.5238095238095238,1.0,0.35882276650388695,0.35882276650388695,inside_convoy_envelope,inside,True,0.10232512652873993,1.0386145114898682,2.4800455570220947,1.166490077972412,vae_candidate_pool_v1,belief_limited_heuristic_v1,145
VAE000377,vae_candidate_000377,0.6865357281792608,-2314.308349609375,1912.3988037109375,3408.0963915457396,-0.6460762996306553,-0.137367107879029,6.175806180154541,24,8419.038384558562,2039.3802313188858,1.3978177369983138,-2.632883461838167,8346.249329597254,0.031042428742752096,0.8252166459081277,0.9997591112493865,0.48705029468958005,1.0,0.17472721712478922,0.9677016643000119,0.5714285714285714,0.0,0.3053113492894842,0.0,astern_vae,astern,False,0.10307866334915161,1.4691053628921509,2.032539129257202,1.1044363975524902,vae_candidate_pool_v1,belief_limited_heuristic_v1,146
VAE000670,vae_candidate_000670,0.6862669081842699,2177.992431640625,-1299.271240234375,2143.1526699714777,2.549696927648753,-0.0818127056775854,5.727605227316635,4,8253.680882571782,2194.953579707664,0.2207938528291276,0.510083020263455,8274.705551437948,0.49751878745870437,0.9876066346501972,0.9393847079743367,0.48824970067943024,1.0,0.02759923160364095,0.9867121334186876,0.09523809523809523,0.0,0.3113805139845206,0.0,ahead_vae,ahead,False,0.09735959023237228,1.1032037734985352,2.4572806358337402,1.7374091148376465,vae_candidate_pool_v1,belief_limited_heuristic_v1,147
VAE000908,vae_candidate_000908,0.6861838402190024,2243.1015625,-759.15625,2363.8204369576174,2.8321491180224143,0.18436149191089146,4.981743652776871,19,7997.138668532955,2175.442165794605,1.0921226953614338,0.49380502747827065,8072.881930878879,0.8449673854825506,0.9997525900094003,0.8318778384253847,0.47397977393007557,1.0,0.13651533692017923,0.9595649575959276,0.4523809523809524,0.0,0.3075694146413089,0.0,ahead_vae,ahead,False,0.06953713297843933,2.0235652923583984,1.996703863143921,1.8799407482147217,vae_candidate_pool_v1,belief_limited_heuristic_v1,148
VAE000480,vae_candidate_000480,0.6855716569717408,-327.88543701171875,3227.969970703125,3133.572119226286,-1.4093792389530941,0.10316383980310616,3.9189139627826766,19,7695.6572225053005,2368.3616171163794,1.042461132681758,-1.629049574833593,2812.387832861045,0.08071419690019321,0.9032774401380009,0.9983721886289258,0.9983037593022503,0.6696161506812012,0.13030764158521976,0.8018102170039599,0.4523809523809524,1.0,0.2822322742477953,0.2822322742477953,inside_convoy_envelope,inside,True,0.0462527722120285,1.9341928958892822,2.494415760040283,1.7756681442260742,vae_candidate_pool_v1,belief_limited_heuristic_v1,149
VAE000098,vae_candidate_000098,0.6853581036674437,-207.56365966796875,-3097.954833984375,2304.029378160937,1.5203334976331146,-0.06556919581697485,4.251557811358994,13,7964.614159011484,2421.964667432619,0.6739238211107099,1.555689960139704,2542.0001294436174,0.39063278869945584,0.9982604259206925,0.9623341478819333,0.9998859010130686,0.6052381260580042,0.08424047763883874,0.8430604568942438,0.30952380952380953,1.0,0.2920019355014707,0.2920019355014707,inside_convoy_envelope,inside,True,0.05120982229709625,1.7109768390655518,2.007589101791382,1.8175441026687622,vae_candidate_pool_v1,belief_limited_heuristic_v1,150
VAE000452,vae_candidate_000452,0.684809965104322,-123.08843994140625,-1713.55615234375,1945.6238356359165,1.5219117235832331,0.020033517185888586,6.737897643701173,13,7354.842294004184,2300.099774428117,0.7684636196660046,1.6397144471924483,2801.1202810073996,0.062001855704771236,0.9617238570883232,0.9990392503100327,0.997626086179942,0.666933400239857,0.09605795245825058,0.9547266629981438,0.30952380952380953,1.0,0.31188718260153964,0.31188718260153964,inside_convoy_envelope,inside,True,0.10605008900165558,1.6227812767028809,1.5052776336669922,1.5305641889572144,vae_candidate_pool_v1,belief_limited_heuristic_v1,151
VAE001022,vae_candidate_001022,0.6846403779271245,-2798.218505859375,-2382.728271484375,3730.891199961783,0.699192926649309,-0.040577967558570856,4.501162993924143,9,8868.02888466805,3351.696040494502,0.302796453433992,2.401821759381914,8809.571298846333,0.1661855649172046,0.7154569064201128,0.9931114651768529,0.6741187065090158,1.0,0.037849556679249,0.9766177873576968,0.21428571428571427,0.0,0.23193711566693043,0.0,astern_vae,astern,False,0.100689597427845,0.6766312122344971,2.5008046627044678,1.5694103240966797,vae_candidate_pool_v1,belief_limited_heuristic_v1,152
VAE000551,vae_candidate_000551,0.6846325155807759,998.2972412109375,1883.0888671875,2095.692154540701,-2.207202965371596,0.03425947194394226,3.7739999846455268,20,8188.961813146219,2424.606805320078,1.007302310136673,-0.9001302162742547,6988.960956424476,0.5706728142263922,0.9826469853054038,0.9207688562574121,0.783407846720208,1.0,0.12591278876708412,0.9188074003602611,0.47619047619047616,1.0,0.29755361282043175,0.29755361282043175,inside_convoy_envelope,inside,True,0.06187225878238678,1.08645761013031,2.469191074371338,1.831207513809204,vae_candidate_pool_v1,belief_limited_heuristic_v1,153
VAE000782,vae_candidate_000782,0.6844261109449699,-1659.900390625,-1380.85107421875,1897.9816551103684,0.5889717571951592,0.16168669756136964,5.3961952376052595,0,9418.372070393038,3270.272447406095,0.0,2.714307593956004,9926.811331203804,0.07290108370546544,0.9534757480171218,0.9986719463242664,0.4144014812997472,1.0,0.0,0.9845881109488821,0.0,0.0,0.27044913167958734,0.0,astern_vae,astern,False,0.07639070600271225,1.971998929977417,1.965582013130188,1.1757681369781494,vae_candidate_pool_v1,belief_limited_heuristic_v1,154
VAE000643,vae_candidate_000643,0.684413727998874,-2520.427490234375,607.7369995117188,2391.0180306787047,-0.16892975112062658,-0.02131053200597478,4.72892718680328,23,8505.002574991237,2894.6408537023335,0.9342405193255644,-2.9939734344751416,8838.25701562299,0.20690243152444632,0.9999847494975965,0.9893359702200843,0.14708366389884314,1.0,0.11678006491569555,0.9765973905428077,0.5476190476190477,0.0,0.26623067820997875,0.0,astern_vae,astern,False,0.10069552063941956,1.4080942869186401,2.0862209796905518,1.2309974431991577,vae_candidate_pool_v1,belief_limited_heuristic_v1,155
VAE000587,vae_candidate_000587,0.6838306786530465,3064.897705078125,2067.98193359375,3449.3647332474266,-2.5639157301300557,0.12277123672683304,5.184806731849425,30,8228.494533975028,2030.6639336706344,1.7954065874169722,-0.4549056867329044,8283.90520826585,0.2303483417862782,0.8120771026730669,0.9867934609179441,0.43937759391919967,1.0,0.22442582342712153,0.9998898404553006,0.7142857142857143,0.0,0.30607465790069804,0.0,ahead_vae,ahead,False,0.08635051548480988,2.2396631240844727,1.4756138324737549,1.3198579549789429,vae_candidate_pool_v1,belief_limited_heuristic_v1,156
VAE000595,vae_candidate_000595,0.6829531889163757,3332.728271484375,734.9865112304688,2877.6078095425673,-2.880855893006535,-0.17595217402532,5.195949627565371,2,8526.935349546246,2782.6005454373008,0.08429196138461201,-0.43668893460857827,8903.619372271332,0.02773412694795052,0.9577956473689846,0.9998077168761393,0.42294144380193543,1.0,0.010536495173076501,0.8497174676711415,0.047619047619047616,0.0,0.261613490530573,0.0,ahead_vae,ahead,False,0.052050214260816574,1.140479564666748,1.4974002838134766,1.3665611743927002,vae_candidate_pool_v1,belief_limited_heuristic_v1,157
VAE001217,vae_candidate_001217,0.6826785455700066,2262.018310546875,4025.091796875,4231.392184514622,-1.9638341300209707,0.12373718872623389,3.7594851703616055,22,7678.456571983128,2818.463841780389,1.016567640088335,-1.0540213348425884,6244.183554819932,0.04893775009296064,0.5304519176399124,0.9994013936353008,0.8694171063936483,1.0,0.12707095501104188,0.9944861169443225,0.5238095238095238,0.0,0.24986507354883095,0.0,ahead_vae,ahead,False,0.09375543892383575,1.612905740737915,1.5074578523635864,1.2820703983306885,vae_candidate_pool_v1,belief_limited_heuristic_v1,158
VAE001048,vae_candidate_001048,0.682528339554732,-2029.871826171875,767.294677734375,1792.3060981536094,-0.27422510010372153,0.18467392235414654,4.88562350835102,13,8355.236639039775,2561.91964864476,0.6073221113527659,-2.682693631131925,8625.641235493315,0.07714893276965774,0.9325715242490952,0.9985127484342569,0.4429613044223124,1.0,0.07591526391909574,0.8558269466448942,0.30952380952380953,0.0,0.30250179092100854,0.0,astern_vae,astern,False,0.05283355712890625,0.8081653118133545,1.9836114645004272,1.642204761505127,vae_candidate_pool_v1,belief_limited_heuristic_v1,159
VAE000721,vae_candidate_000721,0.6824087976524817,-2224.53564453125,423.941650390625,2338.879135030728,-0.2685612582577832,-0.06380589997018403,4.711705754054215,23,7673.702793569482,3190.5301904281314,0.9394204344007397,-2.936837295302194,8162.12790229828,0.15842210266015483,0.9992940564534002,0.9937387210332318,0.20332763465966638,1.0,0.11742755430009247,0.7810641679933051,0.5476190476190477,0.0,0.25874771769050603,0.0,astern_vae,astern,False,0.043887220323085785,0.790635883808136,1.504868984222412,1.230373740196228,vae_candidate_pool_v1,belief_limited_heuristic_v1,160
VAE001007,vae_candidate_001007,0.6820368935042306,-2630.9521484375,2639.73193359375,3688.3354643750436,-0.704879804063146,0.15422950423307974,5.631155734525041,11,8644.482050133407,1930.3654468660811,0.6591954076161729,-2.2824833452935676,7107.6075473361,0.1593078516037808,0.7306919056032858,0.993668659366418,0.7572611417217399,1.0,0.08239942595202161,0.9907114479819171,0.2619047619047619,0.0,0.3145093591001185,0.0,astern_vae,astern,False,0.0956965833902359,0.8050894737243652,2.943314790725708,1.9399113655090332,vae_candidate_pool_v1,belief_limited_heuristic_v1,161
VAE000796,vae_candidate_000796,0.6818255455938841,3187.27587890625,2192.770263671875,3685.54139808493,-2.4710637279500682,0.08827757027362253,5.661481637823545,24,7832.120044492674,2577.3346595214125,1.1889431586629662,-0.5822513553661024,7958.887123068613,0.13797032504957807,0.7316859329533817,0.9952485917729824,0.5499057210197151,1.0,0.14861789483287077,0.9768130920124252,0.5714285714285714,0.0,0.2646932990626243,0.0,ahead_vae,ahead,False,0.07390017062425613,1.0097678899765015,2.036383628845215,1.3552727699279785,vae_candidate_pool_v1,belief_limited_heuristic_v1,162
VAE000249,vae_candidate_000249,0.6818199913363475,-1883.673095703125,1004.1426391601562,1827.143384195083,-0.528711865649939,0.08354618486419482,3.1258712672922373,0,8137.34805198855,1892.989859684546,0.0,-2.5293346030756596,7747.151112138038,0.10398323691736744,0.939850071011598,0.997299306366736,0.5747168046903468,1.0,0.0,0.99319257601557,0.0,0.0,0.3496894126304474,0.0,astern_vae,astern,False,0.08005405962467194,1.3061109781265259,1.513784408569336,1.7564308643341064,vae_candidate_pool_v1,belief_limited_heuristic_v1,163
VAE000210,vae_candidate_000210,0.680763787967869,-1300.576904296875,-817.0281982421875,1772.3319228428545,0.5191439282835907,0.07648697394375367,6.597392510071033,18,7860.9512647778265,2687.7520998598784,0.8519383951504542,2.6989356992499562,8254.564072863053,0.23411008150198043,0.928231650742565,0.9863605837457473,0.42834184265673475,1.0,0.10649229939380678,0.8002390611599484,0.42857142857142855,0.0,0.2983883894600744,0.0,astern_vae,astern,False,0.04607107490301132,2.3761236667633057,2.429067850112915,1.3172155618667603,vae_candidate_pool_v1,belief_limited_heuristic_v1,164
VAE001144,vae_candidate_001144,0.6800570787449325,-1509.848876953125,-544.305908203125,1828.5297257276816,0.41338605269147644,-0.08769201248476878,6.337226193369045,8,8464.678078285588,2351.302142564162,0.40194913775611324,2.640514588413548,8553.572758875565,0.002518786647519644,0.9401319666565433,0.9999984139292946,0.480371351020163,1.0,0.050243642219514155,0.8472122671014146,0.19047619047619047,0.0,0.31219091321708353,0.0,astern_vae,astern,False,0.05173239856958389,1.517646074295044,2.026930809020996,1.0736221075057983,vae_candidate_pool_v1,belief_limited_heuristic_v1,165
VAE001019,vae_candidate_001019,0.6800237727144284,-1763.75341796875,-3298.946044921875,3761.954124641752,1.0565196947364806,-0.01528060835672169,4.994524734009227,12,8682.820466669975,1603.3482954847145,0.8619707927882415,2.0697923504965905,5562.9551294900175,0.24418451248889428,0.7042327822225593,0.9851674020120151,0.8780634513993613,1.0,0.10774634909853019,0.9755256384726101,0.2857142857142857,0.0,0.35887905567865186,0.0,astern_vae,astern,False,0.10100333392620087,1.1606323719024658,2.9398767948150635,1.6637098789215088,vae_candidate_pool_v1,belief_limited_heuristic_v1,166
VAE000174,vae_candidate_000174,0.6798708941642195,-1326.449951171875,780.0379028320312,1445.3749220024315,-0.6506878854419694,-0.0149570227077614,4.367407797639929,13,7351.180655814928,2280.245426981985,0.7755408229849249,-2.505861790855585,7268.970576574426,0.13940920744300045,0.8417517518022419,0.99514913221546,0.593765752778805,1.0,0.09694260287311561,0.9912143431390663,0.30952380952380953,0.0,0.34265022496223463,0.0,astern_vae,astern,False,0.07906876504421234,1.7403833866119385,1.5247249603271484,1.1393918991088867,vae_candidate_pool_v1,belief_limited_heuristic_v1,167
VAE000974,vae_candidate_000974,0.6797933606912236,-349.06597900390625,-2042.09326171875,1773.5596972349872,1.3653995867123494,0.05020802902060845,6.6407881393295245,3,7825.03576096562,2351.559780507419,0.16303426880484834,1.826401095898052,4253.567233570706,0.20557776092665558,0.9285018707790486,0.9894716039830338,0.9675105685089959,1.0,0.020379283600606042,0.9445969948499409,0.07142857142857142,1.0,0.31564003691643505,0.31564003691643505,inside_convoy_envelope,inside,True,0.06643244624137878,1.08815598487854,1.5101289749145508,1.1248730421066284,vae_candidate_pool_v1,belief_limited_heuristic_v1,168
VAE000278,vae_candidate_000278,0.6796784733932133,-3512.396484375,-670.0660400390625,3285.37757878743,0.26802004774122123,-0.2906442049021989,3.5274419751383608,11,7556.293933564244,1894.2686304081772,0.7684971736252927,2.5829284009463733,7411.52903925558,0.04197134051933202,0.8622724264010128,0.9995596662901938,0.5300540056058233,1.0,0.09606214670316159,0.9846924431942724,0.2619047619047619,0.0,0.32257794075938945,0.0,astern_vae,astern,False,0.0981050580739975,1.648624300956726,2.010021209716797,1.09738028049469,vae_candidate_pool_v1,belief_limited_heuristic_v1,169
VAE000676,vae_candidate_000676,0.6792060564223468,2816.829345703125,3147.012451171875,4149.399416216208,-2.1498718730296105,-0.056685624871128826,5.19774085424938,13,8159.127111439963,3149.89329393867,0.5058291011637137,-1.0484064054313116,6800.8082983161885,0.03502410287727509,0.5607247128726618,0.999693359402356,0.866629197980833,1.0,0.06322863764546421,0.9745849433445973,0.30952380952380953,0.0,0.23657145689002243,0.0,ahead_vae,ahead,False,0.10126820206642151,1.329635500907898,2.9294097423553467,1.3882784843444824,vae_candidate_pool_v1,belief_limited_heuristic_v1,170
VAE000348,vae_candidate_000348,0.6791457299740717,3226.08935546875,1001.5044555664062,3078.990656059147,-2.8156207849305153,-0.09057049853748278,4.841639427073114,9,8315.184760299308,2601.995733559573,0.41597193056796555,-0.4165423671967606,8656.951099096445,0.2219567280434962,0.9165387708299907,0.9877342826648547,0.404600895646488,1.0,0.051996491320995694,0.9220148659710434,0.21428571428571427,0.0,0.26804434204370625,0.0,ahead_vae,ahead,False,0.06240027770400047,1.7458723783493042,1.5134376287460327,1.227974772453308,vae_candidate_pool_v1,belief_limited_heuristic_v1,171
VAE000017,vae_candidate_000017,0.6786900360464768,-2924.256103515625,-2160.740966796875,3692.2764567716504,0.7962186937357308,-0.036069329645983604,4.807029155085143,14,8443.225940401844,1885.9819464672466,0.8791886915634415,2.309304630208079,7078.4918454242825,0.22068733961266626,0.7292884796106386,0.9878736104767032,0.7394735697281537,1.0,0.10989858644543019,0.9656839106749487,0.3333333333333333,0.0,0.31973056421152546,0.0,astern_vae,astern,False,0.10357355326414108,0.7978635430335999,2.0834662914276123,1.0604908466339111,vae_candidate_pool_v1,belief_limited_heuristic_v1,172
VAE000954,vae_candidate_000954,0.6777360719485703,-423.35955810546875,3642.650634765625,3713.6821819079823,-1.419066780380192,0.2394308878801649,4.805877576054108,10,8415.225206395951,3073.1435724772177,0.38667973006620693,-1.4830949853294362,3798.4133764969065,0.2412063242147453,0.7216386217849299,0.9855252608665939,0.9961567017024072,0.9043841372611682,0.048334966258275866,0.9847912595101201,0.23809523809523808,1.0,0.24157101075870277,0.24157101075870277,inside_convoy_envelope,inside,True,0.07646317780017853,1.7070519924163818,1.497298240661621,1.9164915084838867,vae_candidate_pool_v1,belief_limited_heuristic_v1,173
VAE000628,vae_candidate_000628,0.6777251460411573,556.2484130859375,-3181.40087890625,3017.368541261165,1.6782730868886466,-0.007768461658405386,4.492050684000767,16,7536.955770698971,2078.0628842713863,1.0215634128781028,1.4555511050427417,2930.9550021209725,0.03005217426825335,0.9304844731981446,0.9997742336976247,0.9933666160622603,0.697846429076422,0.12769542660976285,0.8311644743319871,0.38095238095238093,1.0,0.3063372895163236,0.3063372895163236,inside_convoy_envelope,inside,True,0.049739085137844086,2.1562318801879883,1.482469081878662,1.0376468896865845,vae_candidate_pool_v1,belief_limited_heuristic_v1,174
VAE000750,vae_candidate_000750,0.6769288930275348,2381.8046875,-2081.6015625,3184.7066380325186,2.4783344890087595,-0.22334718251439287,3.576116071039216,25,7949.396966820395,1880.5667561631133,1.6723110881380456,0.4399109820666418,7993.387645929577,0.351865201361266,0.890117672881935,0.9693657528669191,0.4258589242552306,1.0,0.2090388860172557,0.8719332732417329,0.5952380952380952,0.0,0.3244516700957115,0.0,ahead_vae,ahead,False,0.05496108531951904,1.7337466478347778,1.4898173809051514,1.7873191833496094,vae_candidate_pool_v1,belief_limited_heuristic_v1,175
VAE000927,vae_candidate_000927,0.6765575702348454,1799.927001953125,-3501.79296875,4312.020437428101,2.0312715426533634,0.3029369756925701,6.245547860496193,29,8245.27913298892,2228.2559614175307,1.5784381102902705,1.413258086629,3494.242828532937,0.192131076626606,0.5010338113421676,0.9907997663829589,0.9876164947151408,0.8319625782221278,0.1973047637862838,0.9820233897556309,0.6904761904761905,0.0,0.2840250232570085,0.0,ahead_vae,ahead,False,0.07551294565200806,1.5952521562576294,1.9748671054840088,1.439711093902588,vae_candidate_pool_v1,belief_limited_heuristic_v1,176
VAE000634,vae_candidate_000634,0.6761561435566126,304.833984375,-3045.19287109375,2923.1904735379007,1.7028815494757201,-0.06879238278641907,4.327877246021196,11,8698.809649869567,1830.97559147776,0.6906377336754485,1.369918721327655,3529.826028513974,0.30145681797594825,0.9495714753027892,0.9774524781822704,0.9798918471533644,0.8404347686938033,0.08632971670943106,0.9949152053106137,0.2619047619047619,1.0,0.33208491120671746,0.33208491120671746,inside_convoy_envelope,inside,True,0.08103575557470322,0.6682670712471008,2.9149422645568848,1.586780309677124,vae_candidate_pool_v1,belief_limited_heuristic_v1,177
VAE000402,vae_candidate_000402,0.6760312304971663,-2445.938720703125,-2519.542236328125,3722.126130331084,0.7442197102909841,0.07605186027773018,5.801419237377985,17,8086.596708041598,2728.5395656802725,0.7704649400781003,2.4734248035765396,8038.103095472588,0.24524775978292623,0.7186088479707619,0.9850385997474886,0.6195488667308524,1.0,0.09630811750976254,0.9404288356485704,0.40476190476190477,0.0,0.2562670118876493,0.0,astern_vae,astern,False,0.06563928723335266,1.9648782014846802,2.459500789642334,1.3925962448120117,vae_candidate_pool_v1,belief_limited_heuristic_v1,178
VAE000834,vae_candidate_000834,0.6756082582708101,-418.04107666015625,3395.986083984375,3745.1246164021304,-1.3473676692061747,-0.3004646823745787,5.564762960816314,31,7782.628481580289,2837.8482275233278,1.4036092762686931,-2.094689666758197,6350.530008225112,0.16553862725396185,0.7103240031081532,0.9931648707395601,0.8658780840323504,1.0,0.17545115953358664,0.8153429384658544,0.7380952380952381,1.0,0.2516004927347639,0.2516004927347639,inside_convoy_envelope,inside,True,0.04783723130822182,0.8182393312454224,2.961883306503296,1.2301158905029297,vae_candidate_pool_v1,belief_limited_heuristic_v1,179
VAE000421,vae_candidate_000421,0.6752778284589307,-1586.59765625,434.5443115234375,2040.853419910149,-0.4131478475738021,-0.13028051822262784,3.5248221551447525,19,7947.335896251918,2454.7279635524105,0.9739320594680131,-2.858725324238619,8316.641046389295,0.0621056753047553,0.9759118277703713,0.9990360311783755,0.27911017121557974,1.0,0.12174150743350164,0.8206810494864029,0.4523809523809524,0.0,0.2979989579202862,0.0,astern_vae,astern,False,0.04847254604101181,2.0472607612609863,2.453277587890625,1.5573866367340088,vae_candidate_pool_v1,belief_limited_heuristic_v1,180
VAE000362,vae_candidate_000362,0.6747309622920173,874.6334228515625,3012.55517578125,3033.2587318641445,-1.7343128301761541,-0.028930824715496274,7.489654957617066,17,8581.927014888377,1971.141139692635,1.004954461146512,-1.4362106481291352,3104.83693306439,0.017477661179526427,0.9269955214074502,0.9999236347838847,0.9909570097900505,0.7392468888248548,0.125619307643314,0.8248591350660017,0.40476190476190477,1.0,0.3152378495735029,0.3152378495735029,inside_convoy_envelope,inside,True,0.04897421598434448,1.4161291122436523,1.4831976890563965,1.6637015342712402,vae_candidate_pool_v1,belief_limited_heuristic_v1,181
VAE000507,vae_candidate_000507,0.6746998590213614,87.52133178710938,2462.3955078125,2342.125260118726,-1.4884850124437432,0.08426618379846783,3.834961887424047,6,7709.067903003478,2369.418419955046,0.3284790068801222,-1.5688414573475822,2384.4841042853404,0.2991583288237813,0.9993670273462969,0.9777924407755292,0.9999980892433304,0.5677343105441287,0.04105987586001528,0.8714397748016888,0.14285714285714285,1.0,0.294693932177229,0.294693932177229,inside_convoy_envelope,inside,True,0.054894424974918365,1.0929219722747803,2.939558982849121,1.4001954793930054,vae_candidate_pool_v1,belief_limited_heuristic_v1,182
VAE000459,vae_candidate_000459,0.6743807486221977,-42.739776611328125,2334.523193359375,1964.8555988812873,-1.5877111513854258,0.10614293719475734,3.446412304019093,9,8238.785211452132,2231.522253531839,0.4895286412858691,-1.44773856500961,3225.936945802811,0.4180067884006242,0.9648389587528513,0.9569499394187292,0.9924379436809521,0.7680802251911455,0.06119108016073364,0.9383207330574376,0.21428571428571427,1.0,0.3146415668799583,0.3146415668799583,inside_convoy_envelope,inside,True,0.06524772197008133,0.8879015445709229,1.5191993713378906,1.1451621055603027,vae_candidate_pool_v1,belief_limited_heuristic_v1,183
VAE000441,vae_candidate_000441,0.6741127684426725,-2037.55908203125,3811.483154296875,4110.868541653784,-1.0074476405087558,-0.012669062099544732,4.089394557850419,17,8171.51035245159,3337.6858763963414,0.6233057383120886,-2.146814075180582,7250.0399763038495,0.40776871141060883,0.5750366036842565,0.9590039757567346,0.8386383809133103,1.0,0.07791321728901107,0.9449679083774117,0.40476190476190477,0.0,0.23086722436324422,0.0,astern_vae,astern,False,0.06650432199239731,0.8462117910385132,2.132530689239502,1.4570411443710327,vae_candidate_pool_v1,belief_limited_heuristic_v1,184
VAE000730,vae_candidate_000730,0.6735683993957137,-908.4099731445312,4241.47314453125,4353.608661945651,-1.293902479159592,0.018163786230757168,4.5912287489738075,17,7097.631287893822,2771.3294588616855,0.8642658013729816,-1.8295263881994441,4495.038518785663,0.2991056623334152,0.4860362907041244,0.9778002009421753,0.9667156752920153,1.0,0.1080332251716227,0.996184233297068,0.40476190476190477,0.0,0.25262433502309334,0.0,port_vae,port,False,0.09266223013401031,1.0364457368850708,2.945244550704956,1.6612988710403442,vae_candidate_pool_v1,belief_limited_heuristic_v1,185
VAE000903,vae_candidate_000903,0.6727680344371352,-3059.19384765625,914.6309204101562,3149.884446238517,-0.20031393055844138,0.07782065777953856,5.403166757351757,15,8912.869400991469,2993.82073900151,0.5621444452538348,-2.8634580652518133,9392.332060361734,0.0532833048687002,0.8991549150820837,0.9992903902677774,0.2745624047557536,1.0,0.07026805565672935,0.9769113491473749,0.35714285714285715,0.0,0.24902337512198844,0.0,astern_vae,astern,False,0.07392885535955429,0.7411530613899231,2.5105156898498535,1.9209229946136475,vae_candidate_pool_v1,belief_limited_heuristic_v1,186
VAE000576,vae_candidate_000576,0.6726420592183141,-2350.3115234375,-920.68896484375,2685.4931661305122,0.36933981791215004,0.13597699070681157,4.368071974136705,18,8040.183960084526,2267.5003625667687,0.9873227731466943,2.908229826384455,8346.609272584863,0.11629571226656336,0.9847104630098054,0.9966226358868733,0.23125050015312423,1.0,0.12341534664333678,0.8678096276350697,0.42857142857142855,0.0,0.2945086235127145,0.0,astern_vae,astern,False,0.054407086223363876,0.6003483533859253,2.522899627685547,1.0400651693344116,vae_candidate_pool_v1,belief_limited_heuristic_v1,187
VAE000589,vae_candidate_000589,0.6724911740057266,3330.32958984375,1704.7371826171875,3358.3879352564372,-2.7046188542470118,-0.01776536717477042,5.659893835903914,17,8061.513098714214,2136.714369816156,0.9869289458161482,-0.45473916651755175,8180.771645457766,0.24524321538993513,0.8406071127089494,0.9850391514242418,0.4392280023071699,1.0,0.12336611822701853,0.9999997764946426,0.40476190476190477,0.0,0.2972431491360705,0.0,ahead_vae,ahead,False,0.08722520619630814,0.9916467070579529,2.890381336212158,1.9103834629058838,vae_candidate_pool_v1,belief_limited_heuristic_v1,188
VAE000940,vae_candidate_000940,0.672134955908977,329.1241760253906,-3670.59130859375,3512.285871068862,1.7617408816444915,0.019689635403633804,3.003499766423684,17,8382.595570194331,2375.410635262232,0.8537519551789864,1.3995414073489363,3769.216301812332,0.23847745073837953,0.7914635686811214,0.9858493814070848,0.9853716806849413,0.89743245281246,0.1067189943973733,0.8436840133833694,0.40476190476190477,1.0,0.27745894279168015,0.27745894279168015,inside_convoy_envelope,inside,True,0.05128798633813858,1.8670228719711304,1.4913969039916992,1.803092360496521,vae_candidate_pool_v1,belief_limited_heuristic_v1,189
VAE000784,vae_candidate_000784,0.6712298888770573,-53.651702880859375,1966.689453125,1381.0193220799354,-1.6361996931389273,0.1090334587110473,4.193449698634118,17,8829.414516600955,2983.5535155692883,0.6453319733699003,-1.3963595017398185,4470.652524812834,0.312142224530012,0.8217820379201705,0.97583894055148,0.9848244360796563,1.0,0.08066649667123754,0.9888896140808615,0.40476190476190477,1.0,0.31681483693891127,0.31681483693891127,inside_convoy_envelope,inside,True,0.07804236561059952,1.074684977531433,1.5057179927825928,1.6738866567611694,vae_candidate_pool_v1,belief_limited_heuristic_v1,190
VAE001091,vae_candidate_001091,0.6709760641365684,261.50244140625,2069.8974609375,2314.761061654544,-1.6976581698442315,-0.11411092938983922,5.020971351354801,15,8169.962663765134,1937.7251961302927,0.9474995247653267,-1.558045413135401,2041.7393406326025,0.1798405430898602,0.9986274689441461,0.9919361138913744,0.9999187082018407,0.4861284144363339,0.11843744059566584,0.994881060399858,0.35714285714285715,1.0,0.33001900190199757,0.33001900190199757,inside_convoy_envelope,inside,True,0.09351810812950134,0.8803181052207947,2.317575693130493,1.786739706993103,vae_candidate_pool_v1,belief_limited_heuristic_v1,191
VAE000181,vae_candidate_000181,0.670566197136466,-3.8309326171875,-4275.25439453125,4383.164428642416,1.6131775099459884,0.16720586844889707,4.908435527282047,26,8280.864346412858,2758.916295193569,1.1380442619491993,1.6956210120927022,3768.4246811600137,0.39537535213926267,0.47546256093475603,0.9614260303847488,0.9922195092952526,0.8972439717047652,0.1422555327436499,0.9473481155673444,0.6190476190476191,0.0,0.2509624136278472,0.0,starboard_vae,starboard,False,0.06697092950344086,1.080582857131958,1.5272514820098877,1.082425832748413,vae_candidate_pool_v1,belief_limited_heuristic_v1,192
VAE000345,vae_candidate_000345,0.6700659662426107,2439.759521484375,-2238.749267578125,3899.693234242895,2.466815880432522,0.1433168819883024,2.432564113020853,25,8192.462728285873,2465.5129790213186,1.2377081234138498,0.8180936551455739,7399.920175820947,0.5249887587676372,0.6536672419253701,0.9326647879100582,0.7298439530798708,1.0,0.15471351542673123,0.905540091075621,0.5952380952380952,0.0,0.2693735003303333,0.0,ahead_vae,ahead,False,0.05977770313620567,2.228883981704712,2.5743467807769775,1.3963069915771484,vae_candidate_pool_v1,belief_limited_heuristic_v1,193
VAE000661,vae_candidate_000661,0.6694553610417137,-1611.639404296875,1325.8236083984375,1299.4545596182575,-0.7129499052147008,0.04690606771857372,5.890778077801778,14,8241.930602373983,1956.8085073516156,0.8680620186708924,-2.381736680656519,7322.748876221909,0.08017420390686836,0.7953600666746563,0.9983938848629065,0.6888170419610052,1.0,0.10850775233386155,0.9478916074980719,0.3333333333333333,0.0,0.3795651337446983,0.0,astern_vae,astern,False,0.10745410621166229,0.9342037439346313,2.4511752128601074,1.0888701677322388,vae_candidate_pool_v1,belief_limited_heuristic_v1,194
VAE001002,vae_candidate_001002,0.6692554395679245,-1982.484619140625,-3728.19970703125,4295.439518079604,1.000572068957285,-0.16097946908690539,4.897236275998952,13,7966.042578921225,3052.2804730069893,0.5346582722288646,1.9800411155456026,5970.048555432366,0.26491335527466287,0.507049001197869,0.9825575951576402,0.9174215954993759,1.0,0.06683228402860808,0.9986627326866213,0.30952380952380953,0.0,0.23958982797794334,0.0,astern_vae,astern,False,0.08407417684793472,0.8085209131240845,2.4574334621429443,1.351495385169983,vae_candidate_pool_v1,belief_limited_heuristic_v1,195
VAE000541,vae_candidate_000541,0.6682739973090559,3243.923828125,-1510.4033203125,3340.598786425969,2.711475253054399,-0.006364955085666084,6.201993222305049,21,8447.877567671743,1989.3088295867706,1.2495955597215254,0.4237524454497284,8518.654955550954,0.30657082104410405,0.8459923135048244,0.9766870345621965,0.4111838906550644,1.0,0.15619944496519067,0.9861581541151813,0.5,0.0,0.3107665680914518,0.0,ahead_vae,ahead,False,0.09756927937269211,1.2855044603347778,2.9236276149749756,1.9433577060699463,vae_candidate_pool_v1,belief_limited_heuristic_v1,196
VAE000117,vae_candidate_000117,0.6681595870308039,3274.00439453125,1612.6666259765625,3806.6606712240296,-2.6913655466236173,-0.2815026359939864,3.714281243456783,9,8321.144785201413,2907.3585739594746,0.3720153266699499,-0.7317297429601622,8133.669989580376,0.2645742687241368,0.6879464485257524,0.9826019581923676,0.6681575968971877,1.0,0.04650191583374374,0.9788358847486545,0.21428571428571427,0.0,0.24740993010606824,0.0,ahead_vae,ahead,False,0.07450307905673981,1.2540521621704102,2.454575538635254,1.8587108850479126,vae_candidate_pool_v1,belief_limited_heuristic_v1,197
VAE000568,vae_candidate_000568,0.6681161263715093,-153.10418701171875,1721.2762451171875,1561.056048305513,-1.409530413194398,0.10055998365555818,2.8423224999447423,24,8555.443070689378,2546.550863790168,1.1015808586805897,-1.631502256739837,3060.907208287703,0.2781747768555851,0.8754225686932406,0.980779123953979,0.9981579608307631,0.7287874305446912,0.13769760733507372,0.8941580590427834,0.5714285714285714,1.0,0.317411022568187,0.317411022568187,inside_convoy_envelope,inside,True,0.05807811766862869,2.3001210689544678,1.5202398300170898,1.9320569038391113,vae_candidate_pool_v1,belief_limited_heuristic_v1,198
VAE000792,vae_candidate_000792,0.6678002328016978,3254.2431640625,-2705.61376953125,3825.996720328165,2.5009709918813954,0.11874619909961279,5.762331294733432,7,8108.6949630711015,3023.4858140943265,0.28552171365222423,0.759367860808011,7962.562672140465,0.18055531197513908,0.6808602329667286,0.991872061916292,0.6884631102444273,1.0,0.03569021420652803,0.9475911813784456,0.16666666666666666,0.0,0.2430555275151248,0.0,ahead_vae,ahead,False,0.10751380771398544,1.2208091020584106,1.9309799671173096,1.2979991436004639,vae_candidate_pool_v1,belief_limited_heuristic_v1,199
VAE000758,vae_candidate_000758,0.6662737325264702,1871.100341796875,-4288.93994140625,4296.854952024434,1.9150522559562282,-0.00036562167257829596,7.07623139775241,21,7868.93664254162,1995.2775388574692,1.337518915130024,1.2261747759609867,4536.407474376955,0.14712963632731424,0.5065347615009982,0.9945979729501329,0.9412033754617497,1.0,0.167189864391253,0.9559801272330255,0.5,0.0,0.3056814791457311,0.0,ahead_vae,ahead,False,0.06875071674585342,1.1783900260925293,2.0040295124053955,1.4900023937225342,vae_candidate_pool_v1,belief_limited_heuristic_v1,200
VAE000716,vae_candidate_000716,0.6661196657434414,3345.507568359375,-2646.185302734375,4039.868009623558,2.354518022264317,0.20320581431566245,5.4826178363315305,0,8595.70442624363,3035.8493081355027,0.0,0.9902804456411387,7252.876268644318,0.08416463321147782,0.6014877159359524,0.9982301237697864,0.8361798234016204,1.0,0.0,0.9973785756723387,0.0,0.0,0.2405843800233481,0.0,ahead_vae,ahead,False,0.08279550075531006,0.7521271109580994,2.9497809410095215,1.3187932968139648,vae_candidate_pool_v1,belief_limited_heuristic_v1,201
VAE000592,vae_candidate_000592,0.665317114048376,482.5824279785156,-3595.543212890625,3149.7628612079106,1.7839910574613327,-0.025452383131366902,4.594989784307289,12,7831.007129787982,1922.8555786247452,0.7969240989981344,1.3321492129970933,3719.5177541475578,0.23471467246399813,0.8991859075082846,0.9862903691300002,0.9716586704371146,0.8855994652732281,0.0996155123747668,0.8529002479289322,0.2857142857142857,1.0,0.3201395342679648,0.3201395342679648,inside_convoy_envelope,inside,True,0.0524568036198616,2.0369608402252197,1.4868686199188232,1.8640519380569458,vae_candidate_pool_v1,belief_limited_heuristic_v1,202
VAE000179,vae_candidate_000179,0.664964387107269,150.29779052734375,3350.171142578125,3598.429002077726,-1.5879434581692644,0.04722356458610577,4.98130414363167,21,8437.964846316978,2570.499909741967,0.9681975739084441,-1.506425630834423,3107.9588479213908,0.3904378097952299,0.7622357052161058,0.9623712605041842,0.9979289220398583,0.7399902018860455,0.12102469673855551,0.920023812077782,0.5,1.0,0.2648218383889533,0.2648218383889533,inside_convoy_envelope,inside,True,0.06207142025232315,1.691951036453247,2.585404396057129,1.200829029083252,vae_candidate_pool_v1,belief_limited_heuristic_v1,203
VAE001150,vae_candidate_001150,0.6648655669215544,2966.731201171875,-805.7916870117188,2420.0856303695964,2.889576622082649,-0.062007857414199785,4.597792897109388,12,8567.655720363542,3330.6426612564255,0.4205243990888555,0.19000817409294538,9042.509203416488,0.5642156430320995,0.9999237396665032,0.9225041488520851,0.18886692196408172,1.0,0.05256554988610694,0.9936014221053829,0.2857142857142857,0.0,0.2513200377217261,0.0,ahead_vae,ahead,False,0.08027471601963043,0.9944109916687012,1.9337272644042969,1.1766879558563232,vae_candidate_pool_v1,belief_limited_heuristic_v1,204
VAE000943,vae_candidate_000943,0.6643179641363988,3090.0107421875,-2674.907958984375,3787.818245405597,2.4009161302030657,-0.06590299129111794,6.384256956860186,19,8637.0837890288,2998.698576201892,0.7335904259728411,0.6747735320956098,8617.601952537327,0.2983919671702777,0.6948282130953961,0.9779052299876088,0.6247204956372686,1.0,0.09169880324660513,0.811342859861989,0.4523809523809524,0.0,0.24349381954063873,0.0,ahead_vae,ahead,False,0.04736511409282684,0.7436015009880066,1.485437273979187,1.4481120109558105,vae_candidate_pool_v1,belief_limited_heuristic_v1,205
VAE001047,vae_candidate_001047,0.6642676619264493,-1938.544189453125,-280.85546875,2045.2498789773854,0.23513508124598587,-0.018285271003047304,3.350958036740424,8,8035.375445797538,2401.44212215091,0.414583190442029,2.8881723013407603,8380.811179986624,0.09686012127771121,0.9764910192454519,0.9976563623975301,0.25071652740907124,1.0,0.05182289880525363,0.9861883626981427,0.19047619047619047,0.0,0.3008360777492998,0.0,astern_vae,astern,False,0.07697497308254242,1.4531514644622803,2.5253586769104004,1.1460669040679932,vae_candidate_pool_v1,belief_limited_heuristic_v1,206
VAE000632,vae_candidate_000632,0.6641493685440569,1856.46728515625,637.4669799804688,1957.3173029623752,-2.9114284435166264,-0.07248963264763245,5.06572069088118,23,8288.16699299614,3484.847363197953,0.7963162578512888,-0.3026538427207991,8950.134723199491,0.8472369060737655,0.9636327854248413,0.8310282410933947,0.2980544758166948,1.0,0.0995395322314111,0.9987675250585466,0.5476190476190477,0.0,0.26367763495614316,0.0,ahead_vae,ahead,False,0.0842018872499466,2.1160037517547607,1.9422208070755005,1.8205933570861816,vae_candidate_pool_v1,belief_limited_heuristic_v1,207
VAE000686,vae_candidate_000686,0.6640073614333312,378.96685791015625,3659.681396484375,3480.4672275345797,-1.8444204790407812,0.03688319704681335,6.106462513727914,17,8586.240271244253,2243.6810956484596,0.8824391249774467,-1.2602889775021986,4759.840284482303,0.5603235983396051,0.8019714166267904,0.9235415878421067,0.9521786760420207,1.0,0.11030489062218084,0.9159514278632176,0.40476190476190477,1.0,0.2869453687644009,0.2869453687644009,inside_convoy_envelope,inside,True,0.06140966713428497,1.357709288597107,2.942237377166748,1.89886474609375,vae_candidate_pool_v1,belief_limited_heuristic_v1,208
VAE000754,vae_candidate_000754,0.663901425974008,16.76263427734375,-4424.60546875,3949.5738798652674,1.7358615274340514,0.17540542719691377,4.644371308741964,6,7941.049980454602,2952.1370882483675,0.25593919521433994,1.5811365533526553,3034.090060652655,0.21976936700799765,0.6351404564664445,0.987973877163156,0.9999465403336966,0.7224023953934894,0.03199239940179249,0.7560459326715363,0.14285714285714285,0.0,0.2452887371405789,0.0,starboard_vae,starboard,False,0.13341492414474487,1.3397808074951172,1.4990882873535156,1.4018985033035278,vae_candidate_pool_v1,belief_limited_heuristic_v1,209
VAE001131,vae_candidate_001131,0.6637900249326836,64.49630737304688,4680.02734375,4219.015413951496,-1.568459606654296,0.05458613036817025,5.620891535467088,10,7811.392735425494,3229.675871511049,0.3963807796428795,-1.5185469165673269,3633.2233501556443,0.40369882042025607,0.5350017454320034,0.9598071540673396,0.9986353100748757,0.8650531786084867,0.049547597455359936,0.9158443490325407,0.23809523809523808,0.0,0.2341843742761302,0.0,port_vae,port,False,0.06139245629310608,1.5767935514450073,2.0210652351379395,1.4308382272720337,vae_candidate_pool_v1,belief_limited_heuristic_v1,210
VAE000297,vae_candidate_000297,0.6636865815100577,-2072.171875,-3187.547607421875,3986.509581131661,0.9907043892113604,-0.16132786220489784,5.489839814604733,9,8034.141057444362,2373.56425864288,0.47195659941318857,1.9895604021735356,5435.405698824319,0.46182535521385293,0.621384146970258,0.9476203210979299,0.9135922039915569,1.0,0.05899457492664857,0.8354247381442129,0.21428571428571427,0.0,0.27509148963911767,0.0,astern_vae,astern,False,0.050261467695236206,2.1888251304626465,2.3540849685668945,1.4778186082839966,vae_candidate_pool_v1,belief_limited_heuristic_v1,211
VAE000523,vae_candidate_000523,0.6633311472321484,2465.2314453125,-267.1531066894531,2157.5906256342496,3.0562950548862315,0.10035766649030521,4.519874882858167,23,8067.211051002428,2421.0588242598747,1.1776034667321895,0.18565526519386769,8375.484757439894,0.5930649387479633,0.9889532819308154,0.9146157832250669,0.1845905779039903,1.0,0.1472004333415237,0.9976768127127625,0.5476190476190477,0.0,0.2959658773591731,0.0,ahead_vae,ahead,False,0.08305782079696655,1.868577003479004,2.8729124069213867,1.8653640747070312,vae_candidate_pool_v1,belief_limited_heuristic_v1,212
VAE001085,vae_candidate_001085,0.6629485798841148,1903.224853515625,-943.2794799804688,1953.1324543888572,2.7471670404479003,0.18782388799552258,5.280771891390642,29,8471.504841593129,2641.967638410013,1.2957163558227742,0.5822495011374154,8528.464990428745,1.3002265526997008,0.9629549046365814,0.6336402625266953,0.5499041723173985,1.0,0.16196454447784678,0.9878060627912832,0.6904761904761905,0.0,0.2910860519741703,0.0,ahead_vae,ahead,False,0.0776003897190094,1.4708619117736816,1.493902325630188,1.7464632987976074,vae_candidate_pool_v1,belief_limited_heuristic_v1,213
VAE001148,vae_candidate_001148,0.6621209309787892,2944.16064453125,63.015174865722656,2608.7305756467076,-3.1144887526235703,0.10549006545004688,3.338033662131161,23,7764.059398992122,2849.610477790046,1.0395694006774607,0.07838616448382404,7963.360262778042,0.05147332572559929,0.9917978204524448,0.9993377704190114,0.07830591660375379,1.0,0.1299461750846826,0.8335529376184129,0.5476190476190477,0.0,0.2643313276929593,0.0,ahead_vae,ahead,False,0.050031378865242004,2.196998119354248,1.5026288032531738,1.8884884119033813,vae_candidate_pool_v1,belief_limited_heuristic_v1,214
VAE000112,vae_candidate_000112,0.6615185872465712,-2408.474609375,-612.0397338867188,1972.8281652666176,0.19472326155726047,-0.12058216625910528,5.020395211829895,2,8912.044502103485,2728.091839610095,0.08226093901173587,2.8262872257734277,9318.6959143595,0.08268744362873744,0.9660936766746477,0.9982916703505651,0.3101068564341148,1.0,0.010282617376466983,0.9157660423575575,0.047619047619047616,0.0,0.2859450565257404,0.0,astern_vae,astern,False,0.06137987598776817,0.6312564015388489,2.968106746673584,1.6263428926467896,vae_candidate_pool_v1,belief_limited_heuristic_v1,215
VAE001009,vae_candidate_001009,0.6603799219846544,2444.4599609375,621.7833862304688,2472.6007892435273,-2.932657666471149,-0.11673482443084039,2.2573394428820177,17,8132.436972639498,2061.6708630995818,1.0139321220505024,-0.32566981154948466,8364.586849674975,0.7738643881571279,0.999004111614077,0.8576075895416138,0.31994346158242465,1.0,0.1267415152563128,0.9791665477992462,0.40476190476190477,0.0,0.31480080344105466,0.0,ahead_vae,ahead,False,0.07460424304008484,0.684887707233429,1.990817666053772,1.6348353624343872,vae_candidate_pool_v1,belief_limited_heuristic_v1,216
VAE001110,vae_candidate_001110,0.659357613301788,-360.17218017578125,-2530.086669921875,2686.646657765749,1.5452512823595623,0.02992881675873009,6.259481152119291,7,7665.097156581975,2025.295486446935,0.45091219514653513,1.6262701879889614,2447.174496062833,0.1278186710784206,0.9845876222715447,0.9959211545865718,0.998461719908244,0.5826605943006745,0.05636402439331689,0.816830767214282,0.16666666666666666,1.0,0.31522027987430307,0.31522027987430307,inside_convoy_envelope,inside,True,0.04801368713378906,2.3045201301574707,2.5684421062469482,1.622840166091919,vae_candidate_pool_v1,belief_limited_heuristic_v1,217
VAE000693,vae_candidate_000693,0.6593065738044213,-232.45501708984375,-2427.590576171875,2292.16720088819,1.611563229629773,0.0901248553929718,5.746656369827847,12,8680.168155896754,2087.6930336141595,0.6621958663705361,1.620154279352992,2513.4119128230122,0.5639867117539121,0.9978043209252397,0.9225653486458572,0.9987821435356755,0.5984314078150029,0.08277448329631701,0.8730925585200844,0.2857142857142857,1.0,0.3157166650916309,0.3157166650916309,inside_convoy_envelope,inside,True,0.055118072777986526,1.157686471939087,2.443319320678711,1.9157835245132446,vae_candidate_pool_v1,belief_limited_heuristic_v1,218
VAE000276,vae_candidate_000276,0.65912699556367,-978.2861938476562,2368.912841796875,3015.2839847337036,-1.2352085200006082,-0.1948389586557615,5.882303033634026,3,8620.471581043159,2148.4747415954917,0.16197947162306872,-2.1012230922449464,6214.365110067106,0.2601338068038017,0.9309365511067142,0.9831777851781993,0.8625912477864502,1.0,0.02024743395288359,0.784889306638387,0.07142857142857142,1.0,0.29880422327410644,0.29880422327410644,inside_convoy_envelope,inside,True,0.04431818798184395,1.0862183570861816,1.532810091972351,1.768478512763977,vae_candidate_pool_v1,belief_limited_heuristic_v1,219
VAE000832,vae_candidate_000832,0.6589719781046895,902.740234375,-3168.482666015625,3387.2665183655276,1.772590211070313,0.01682900741619439,3.953622312908645,12,9240.863304971934,2019.8843644317383,0.6428981745623609,1.3858314499356752,3684.936353599327,0.2453116533736022,0.8317258525122746,0.9850308421816432,0.9829427108039307,0.8773657984760302,0.08036227182029511,0.913439308389148,0.2857142857142857,1.0,0.30657952221309237,0.30657952221309237,inside_convoy_envelope,inside,True,0.06100834161043167,1.85628080368042,2.5464096069335938,1.1756857633590698,vae_candidate_pool_v1,belief_limited_heuristic_v1,220
VAE000651,vae_candidate_000651,0.658388722974698,-2293.62060546875,2668.659423828125,3864.6580273899185,-0.9037974944062277,0.06672481694850886,5.344873323284157,6,7679.12840978328,2346.943768206412,0.3329175088852751,-2.171070342235056,6274.351651472173,0.417805262215979,0.6666272582151572,0.9569908338753654,0.8251808631707945,1.0,0.04161468861065939,0.8434261340889314,0.14285714285714285,0.0,0.2781136744668505,0.0,astern_vae,astern,False,0.05125564709305763,1.3479599952697754,1.5067611932754517,1.796534538269043,vae_candidate_pool_v1,belief_limited_heuristic_v1,221
VAE000590,vae_candidate_000590,0.6580750694306063,442.4372863769531,4472.29638671875,4583.2503937493975,-1.717239658725267,0.0568266109200227,3.5779432139786915,20,7951.546849746541,2797.3783135271747,0.8991396921358059,-1.3675263839445035,4344.987868223566,0.26116158348169427,0.4061408526813579,0.9830453528578529,0.9794117019519922,1.0,0.11239246151697574,0.9929281286562719,0.47619047619047616,0.0,0.24886692519788065,0.0,port_vae,port,False,0.07991481572389603,1.3167694807052612,1.8421123027801514,1.909603476524353,vae_candidate_pool_v1,belief_limited_heuristic_v1,222
VAE000762,vae_candidate_000762,0.6577861164815858,2505.880615234375,-279.7817077636719,2281.942394875934,2.9340374284381574,0.18597889204010815,5.2884019804334805,4,8638.118059285052,2293.08066563024,0.20193961476164474,0.39353411719174347,8857.110066672014,0.6876444793996248,0.9973687611529488,0.8863716252183396,0.3834547710567929,1.0,0.025242451845205592,0.9415009680910977,0.09523809523809523,0.0,0.300070041557943,0.0,ahead_vae,ahead,False,0.10869209468364716,1.3575258255004883,2.930375576019287,1.6276278495788574,vae_candidate_pool_v1,belief_limited_heuristic_v1,223
VAE000279,vae_candidate_000279,0.6571004961768628,2677.7998046875,2951.273681640625,3757.653102046539,-2.5262975536184538,-0.07100439837326857,4.3356916212874195,17,7758.131482431829,2231.7013257819503,0.9818738965917381,-0.6862994983446079,7415.843204939103,0.49778202186679676,0.7057916838641797,0.9393218788894284,0.6336788333067767,1.0,0.12273423707396726,0.9690478671988798,0.40476190476190477,0.0,0.2871136317721629,0.0,ahead_vae,ahead,False,0.07179264724254608,1.4228384494781494,1.9480420351028442,1.6172479391098022,vae_candidate_pool_v1,belief_limited_heuristic_v1,224
VAE000113,vae_candidate_000113,0.6569100022289729,658.0154418945312,639.2361450195312,1710.733246839721,-2.281758738199475,-0.08484561523043123,4.3596740289262295,22,7802.9342587897745,2170.1400517330167,1.2992028680064915,-0.9446795306207495,6331.024077400683,0.5563411617873115,0.9141059274744363,0.9245964799495937,0.8103091795149137,1.0,0.16240035850081144,0.9896003962650569,0.5238095238095238,1.0,0.33115302357240367,0.33115302357240367,inside_convoy_envelope,inside,True,0.09618902951478958,1.3728572130203247,2.4830989837646484,1.1822774410247803,vae_candidate_pool_v1,belief_limited_heuristic_v1,225
VAE001199,vae_candidate_001199,0.6567043244639745,2252.138671875,563.3629150390625,2599.2972340794877,-2.9280641349592993,0.06584503884806688,3.7780682721116134,16,7697.631215282703,3577.487728302589,0.5810115010202628,-0.14768347978242696,8140.2568217593625,0.5006667763057071,0.9925197267159537,0.9386313486210388,0.1471472253673884,1.0,0.07262643762753285,0.8488648266018076,0.38095238095238093,0.0,0.24242935313051892,0.0,ahead_vae,ahead,False,0.05194183066487312,0.6401926875114441,2.481248140335083,1.4960519075393677,vae_candidate_pool_v1,belief_limited_heuristic_v1,226
VAE000151,vae_candidate_000151,0.6565626697767646,1673.1337890625,632.6710205078125,1667.0563726279634,-2.67405711529354,0.0270946612173857,4.416137538776477,18,8020.058911217982,1889.705575217281,1.187683716839683,-0.44044087707886753,8060.308748937304,0.22570611061335644,0.903434834695224,0.9873181631497339,0.42633830792797883,1.0,0.14846046460496037,0.8156799129604774,0.42857142857142855,0.0,0.3578292348643769,0.0,ahead_vae,ahead,False,0.04787715524435043,1.6294121742248535,2.9434659481048584,1.0810738801956177,vae_candidate_pool_v1,belief_limited_heuristic_v1,227
VAE000397,vae_candidate_000397,0.6560948373134576,2727.921142578125,910.818115234375,3020.160410230812,-2.7428578531956633,0.23011669104781726,3.2121107032184013,17,8077.104435156958,3061.615203577361,0.6874523758896142,-0.16861810934631252,8476.352778538294,0.44841613467749314,0.9298769511526059,0.9505674497234075,0.16782021758553814,1.0,0.08593154698620177,0.9972944642926043,0.40476190476190477,0.0,0.249282673719647,0.0,ahead_vae,ahead,False,0.08272424340248108,1.3181794881820679,2.9269862174987793,1.5459935665130615,vae_candidate_pool_v1,belief_limited_heuristic_v1,228
VAE000727,vae_candidate_000727,0.6560916532125007,-3518.841552734375,1686.60888671875,3728.824329698995,-0.5119652895768668,0.03950570299883358,6.417071313564742,20,8215.447849079927,2105.1847895710853,1.1564011877075047,-2.5901216610140927,8100.538607166995,0.08889627884162565,0.7162007847200832,0.998025663606671,0.5239407202207348,1.0,0.14455014846343808,0.969009263599332,0.47619047619047616,0.0,0.2972938468536248,0.0,astern_vae,astern,False,0.10275007784366608,2.3051915168762207,1.999313235282898,1.400904893875122,vae_candidate_pool_v1,belief_limited_heuristic_v1,229
VAE000936,vae_candidate_000936,0.6557722734556227,2262.652099609375,1399.20556640625,2216.1370203302995,-2.5867945820499245,-0.2838932959251286,4.536584958852795,15,9782.271459764595,2656.875292002881,0.5771389415129355,-0.8386913674649972,8514.9309613021,1.5393909566624748,0.9936299039378539,0.515700103940925,0.7437690190426661,1.0,0.07214236768911694,0.9387875505908599,0.35714285714285715,0.0,0.27992359640538644,0.0,ahead_vae,ahead,False,0.06533390283584595,2.162795305252075,2.0509424209594727,1.1005048751831055,vae_candidate_pool_v1,belief_limited_heuristic_v1,230
VAE000790,vae_candidate_000790,0.655512263129484,-3307.653076171875,-1360.1265869140625,3324.874403525414,0.29299387622910267,-0.005792269903423608,3.4887722644270616,17,8438.373261751914,2606.8555449711666,0.7728108723185008,2.8428065074572673,8831.861856804473,0.08943302295436345,0.8506964294821122,0.9980017660012983,0.2943603503382531,1.0,0.0966013590398126,0.9197453169791294,0.40476190476190477,0.0,0.2650907667015983,0.0,astern_vae,astern,False,0.062025707215070724,1.3325170278549194,1.854007363319397,1.5007017850875854,vae_candidate_pool_v1,belief_limited_heuristic_v1,231
VAE000322,vae_candidate_000322,0.6554148619216535,-126.2889404296875,-1119.76513671875,1365.79357431602,1.3010100842877668,-0.0011846356302625573,5.015570808261261,17,7355.77986702043,2444.9508588711433,0.9452573498251744,1.839397933671764,4309.384339215687,8.825653836685987e-05,0.8169400296257664,0.9999999980526959,0.9641429493226703,1.0,0.1181571687281468,0.962613938549167,0.40476190476190477,1.0,0.34104441358543286,0.34104441358543286,inside_convoy_envelope,inside,True,0.070232093334198,0.6005013585090637,2.1458353996276855,1.1847152709960938,vae_candidate_pool_v1,belief_limited_heuristic_v1,232
VAE001122,vae_candidate_001122,0.6551126469572138,2871.359130859375,640.9723510742188,2820.3249032840804,-2.9324954006384583,-0.022823221010593305,6.295887668678304,23,7364.993759808937,1716.7354159179947,1.8190812027767762,-0.23192047396192816,7562.395613667262,0.4976411666479854,0.9671539938575077,0.939355502158385,0.22984700292943758,1.0,0.22738515034709703,0.9661014829379788,0.5476190476190477,0.0,0.3498210393875341,0.0,ahead_vae,ahead,False,0.10347229242324829,2.000483751296997,1.4675164222717285,1.8823041915893555,vae_candidate_pool_v1,belief_limited_heuristic_v1,233
VAE000054,vae_candidate_000054,0.654926030808611,-1082.787109375,3302.58447265625,3928.1814374126247,-1.2257447799850296,-0.029320426512923582,5.704607673314585,11,8414.739571099086,3866.1616199872096,0.33812088768085247,-1.9451683001176872,6675.551375335557,0.45316665820340296,0.643094977621122,0.9495326013820391,0.9307374673123457,1.0,0.04226511096010656,0.9219294519740948,0.2619047619047619,1.0,0.2189016899228719,0.2189016899228719,inside_convoy_envelope,inside,True,0.06238609552383423,1.4538944959640503,1.4983463287353516,1.4939913749694824,vae_candidate_pool_v1,belief_limited_heuristic_v1,234
VAE001211,vae_candidate_001211,0.6541106452000218,-1638.0478515625,-484.82257080078125,1783.229741696753,0.43442799405916327,-0.07100716475173176,5.847452868740168,20,8066.069384175142,2436.6535587783083,1.0175933406809008,2.6361574947788986,8237.318175742412,0.9991380716344331,0.9306143568245997,0.7705136963940613,0.4841882343878977,1.0,0.1271991675851126,0.9823955156841422,0.47619047619047616,0.0,0.30987410847704966,0.0,astern_vae,astern,False,0.09889659285545349,0.8727222084999084,2.0042972564697266,1.0682342052459717,vae_candidate_pool_v1,belief_limited_heuristic_v1,235
VAE000123,vae_candidate_000123,0.6535416312159226,-420.31610107421875,-1652.5194091796875,1873.5564065140345,1.5087348642606964,-0.013421857627953416,4.973670859537412,17,8338.351541875443,2181.620225013118,0.9345220852314521,1.6194359317011433,2584.454307857117,0.4649814361404083,0.9489587443410462,0.9469149449553154,0.9988173276098281,0.615346263775504,0.11681526065393151,0.8392898558502558,0.40476190476190477,1.0,0.321836680249825,0.321836680249825,inside_convoy_envelope,inside,True,0.05073951557278633,1.825866937637329,2.529836654663086,1.096497654914856,vae_candidate_pool_v1,belief_limited_heuristic_v1,236
VAE000596,vae_candidate_000596,0.65325679155187,1942.1845703125,-1507.402099609375,2692.0848980790915,2.555077961204562,-0.0845847520064337,5.534699211538405,15,7842.294978556628,1231.239253921639,1.5534798779270405,0.5019299403787978,7467.364092388484,0.6186381075148175,0.9840020168715641,0.907334504532901,0.48111832672407207,1.0,0.19418498474088006,0.9998377234486231,0.35714285714285715,0.0,0.45069286592206464,0.0,ahead_vae,ahead,False,0.0883781760931015,2.292266368865967,2.9189817905426025,1.175183892250061,vae_candidate_pool_v1,belief_limited_heuristic_v1,237
VAE000614,vae_candidate_000614,0.6532223026851184,3053.57568359375,-893.64794921875,3497.6551838552027,2.7524051909827616,-0.02176506789179081,4.829509658106782,16,8363.048992202317,2988.481423616304,0.6401839489709349,0.3674223947152407,8878.364154991139,0.3740463689732638,0.7963158790528739,0.9654282437999606,0.35921106143827314,1.0,0.08002299362136686,0.9947485816308805,0.38095238095238093,0.0,0.2464638449520245,0.0,ahead_vae,ahead,False,0.08093422651290894,0.981651782989502,1.9351143836975098,1.9187097549438477,vae_candidate_pool_v1,belief_limited_heuristic_v1,238
VAE000329,vae_candidate_000329,0.6530003457912213,3249.05419921875,2620.465087890625,4118.012485188743,-2.323730239009587,-0.034817743910298064,5.124323854940676,10,8477.247315419927,3082.0111573150043,0.3827462461276136,-0.852680158490504,7898.648824159951,0.11576608862684301,0.5723800100972752,0.9966532933411318,0.7530465641389387,1.0,0.0478432807659517,0.9350976821687101,0.23809523809523808,0.0,0.2386298151906202,0.0,ahead_vae,ahead,False,0.06466052681207657,1.8274238109588623,2.9243063926696777,1.5218278169631958,vae_candidate_pool_v1,belief_limited_heuristic_v1,239
VAE000367,vae_candidate_000367,0.6528895144157894,-1527.45263671875,795.1793212890625,1652.3717811215797,-0.43387506721045815,0.04893675224263595,6.897974672009818,6,8868.6849936575,2150.8521323424466,0.3145440443267945,-2.658780834136699,8853.511192242504,0.0353565870084252,0.8997293897934907,0.9996875104941019,0.4642714163459049,1.0,0.03931800554084931,0.8344366041168002,0.14285714285714285,0.0,0.3347805881233308,0.0,astern_vae,astern,False,0.0501398891210556,0.7804214954376221,2.4073052406311035,1.3609886169433594,vae_candidate_pool_v1,belief_limited_heuristic_v1,240
VAE001076,vae_candidate_001076,0.6528702745362912,-879.2369995117188,3166.439697265625,3454.2917301345256,-1.275835050280667,-0.09957939101927964,4.346763519996099,18,8229.088660583287,1762.3920353454062,1.2411327688587686,-1.9653369943284058,4790.12467931506,0.19624252904363382,0.8104875558969897,0.9904030758775426,0.9231732218815728,1.0,0.15514159610734607,0.9927311621778053,0.42857142857142855,1.0,0.33692983787487024,0.33692983787487024,inside_convoy_envelope,inside,True,0.09472015500068665,0.883456289768219,1.513517141342163,1.8209296464920044,vae_candidate_pool_v1,belief_limited_heuristic_v1,241
VAE001077,vae_candidate_001077,0.6527572970999268,-2162.317626953125,1525.9185791015625,3085.9389738869445,-0.502794330141165,-0.1044649574398184,7.523011053934888,8,7834.82047169554,1818.9343420393188,0.5613631686363404,-2.7432632808884465,7926.961105222433,0.07479516263806374,0.9148970630342749,0.9986020727977363,0.38787904995181044,1.0,0.07017039607954255,0.8859912180829637,0.19047619047619047,0.0,0.33288452276900815,0.0,astern_vae,astern,False,0.05690472573041916,0.7337661385536194,1.922751545906067,1.0763393640518188,vae_candidate_pool_v1,belief_limited_heuristic_v1,242
VAE000483,vae_candidate_000483,0.6523154460830651,-85.59613037109375,4539.57275390625,4551.689396439807,-1.5306353549506788,-0.16971778583231917,4.26899090645002,23,7810.066865653359,2719.9097419160694,1.0827260637154814,-1.7806750844714334,4287.384173491688,0.13086492917854198,0.4167818654691334,0.9957246992406732,0.9780561816983115,1.0,0.13534075796443518,0.7989528407180443,0.5476190476190477,0.0,0.25289767650582523,0.0,port_vae,port,False,0.0459226593375206,2.3031363487243652,2.9232962131500244,1.678528904914856,vae_candidate_pool_v1,belief_limited_heuristic_v1,243
VAE000891,vae_candidate_000891,0.6514545488780248,824.1537475585938,5010.8515625,4482.942820599082,-1.598087738378525,0.22158735012091565,4.919309124657024,17,8732.89325374871,2439.5240695648204,0.7979683429534634,-1.3219175650903525,4515.4241642630905,0.1775133747769828,0.44036082531371223,0.9921429150405217,0.9691892113997594,1.0,0.09974604286918293,0.9154788199443777,0.40476190476190477,0.0,0.2676590863207403,0.0,port_vae,port,False,0.06133377552032471,1.9903793334960938,2.9097373485565186,1.2054059505462646,vae_candidate_pool_v1,belief_limited_heuristic_v1,244
VAE001071,vae_candidate_001071,0.6508185311591485,-478.10400390625,4461.39453125,4436.0711656190015,-1.5388143873149873,0.015956318517439522,5.742650900741544,14,8678.61799393206,3247.638309751954,0.4967178961817417,-1.5868219477573662,3386.2955780006178,0.3396768206280869,0.45672920595263466,0.9714311962212442,0.9998715924845594,0.806260851904909,0.062089737022717716,0.9996151027480258,0.3333333333333333,0.0,0.23122527438728907,0.0,port_vae,port,False,0.08555423468351364,2.2104294300079346,1.4927456378936768,1.7836999893188477,vae_candidate_pool_v1,belief_limited_heuristic_v1,245
VAE000979,vae_candidate_000979,0.6505214612775625,-194.94964599609375,4715.083984375,4526.29081272834,-1.5564895963076553,0.17246523086592114,3.4328582981930094,18,8803.7135763958,2891.8778032492446,0.707011800751079,-1.4126378264162167,4242.368784155898,0.45831031189800164,0.4254309306709415,0.9484006759338165,0.9875189937239177,1.0,0.08837647509388487,0.9401207653458555,0.42857142857142855,0.0,0.24371995694557955,0.0,port_vae,port,False,0.06558167934417725,1.1931560039520264,2.3114521503448486,1.5091824531555176,vae_candidate_pool_v1,belief_limited_heuristic_v1,246
VAE001130,vae_candidate_001130,0.650289324364802,554.11669921875,3329.598876953125,3004.5595222832662,-1.7316952047341017,-0.2844268696923734,4.958242678033855,11,7674.332592958657,1746.3199750715312,0.8207827993599219,-1.6943243185480648,2678.5990137102963,0.16784923806245233,0.9332416054977922,0.9929731790195784,0.9923801144479018,0.6377616699310229,0.10259784991999024,0.9957792316215692,0.2619047619047619,1.0,0.3433439056604602,0.3433439056604602,inside_convoy_envelope,inside,True,0.08159098774194717,1.631009817123413,1.50080406665802,1.1160590648651123,vae_candidate_pool_v1,belief_limited_heuristic_v1,247
VAE000612,vae_candidate_000612,0.6501245580031811,2007.366455078125,723.00439453125,1972.6562230225911,-2.8177645748717306,-0.010918940234384509,4.99760850785534,14,7949.011762850079,2697.5772775479295,0.6528914800013732,-0.334747018952447,8394.025272446688,0.8104228194917686,0.9660668442370303,0.844596064296457,0.32853024144648435,1.0,0.08161143500017165,0.9629340453787372,0.3333333333333333,0.0,0.28842338544692103,0.0,ahead_vae,ahead,False,0.07030657678842545,0.7605704665184021,2.972694158554077,1.06685471534729,vae_candidate_pool_v1,belief_limited_heuristic_v1,248
VAE001176,vae_candidate_001176,0.6500055257806606,3062.160888671875,1698.1424560546875,3276.1321932195715,-2.653229333931072,0.18600689191075612,5.2823414011671765,12,7817.263475911808,2390.4825231077825,0.6421565597620522,-0.3023564277479648,8174.467923635081,0.21697189348480483,0.8649311157372467,0.9882768983281855,0.2977705655147938,1.0,0.08026956997025653,0.9694201439012727,0.2857142857142857,0.0,0.2791918915076423,0.0,ahead_vae,ahead,False,0.10264547169208527,2.2731235027313232,1.8730814456939697,1.5612009763717651,vae_candidate_pool_v1,belief_limited_heuristic_v1,249
VAE000611,vae_candidate_000611,0.6497585520629366,2368.737060546875,1054.6236572265625,2583.740318533236,-2.644533632677003,-0.05246573571984879,5.064198633519824,18,8173.2617970464225,2442.6832982872234,0.9015917564514718,-0.5495247566326391,8245.705139088088,1.2581514004528567,0.9936383734269986,0.6537882093065732,0.5222820132951993,1.0,0.11269896955643398,0.887342186505386,0.42857142857142855,0.0,0.28445076231379707,0.0,ahead_vae,ahead,False,0.057096414268016815,2.0599331855773926,2.947113275527954,1.4073063135147095,vae_candidate_pool_v1,belief_limited_heuristic_v1,250
VAE000989,vae_candidate_000989,0.6492222847142165,2620.633056640625,-944.4761352539062,2197.6579566625196,2.7266263502885004,-0.05159795866583755,5.549570224748795,13,7887.9219294425875,1727.3390285771056,0.9541203590133709,0.36336834463545586,7986.818432741675,0.675886350718253,0.9922903076296592,0.8900763831754575,0.35542465195434714,1.0,0.11926504487667136,0.942780886368429,0.30952380952380953,0.0,0.3580194040445867,0.0,ahead_vae,ahead,False,0.0660836398601532,0.8618544936180115,2.9502320289611816,1.4464831352233887,vae_candidate_pool_v1,belief_limited_heuristic_v1,251
VAE000258,vae_candidate_000258,0.6489080432130829,-2089.938232421875,-3923.774658203125,4115.227994410183,1.0462792983954472,0.029270962077049975,4.907030824067384,5,8290.861464609534,2248.52031249128,0.2682091135155139,2.1245843172713967,6272.723423032443,0.2743474825127603,0.5734153221529856,0.981301090925194,0.8505384761738508,1.0,0.03352613918943924,0.9887332915680828,0.11904761904761904,0.0,0.28321032853497297,0.0,astern_vae,astern,False,0.09655559062957764,1.2722935676574707,2.4437272548675537,1.7202088832855225,vae_candidate_pool_v1,belief_limited_heuristic_v1,252
VAE000197,vae_candidate_000197,0.648846922160372,-456.43096923828125,-4721.18212890625,4047.916162871511,1.4600125599073637,-0.005902735389929056,5.6838319959754,13,8570.57700964428,2159.1064929139957,0.7025208648776026,1.6756773582925002,3044.4861476388164,0.5075175071695572,0.5984865852336267,0.9369768568278058,0.9945050244626065,0.7248776541997182,0.08781510810970032,0.9121484118537094,0.30952380952380953,0.0,0.2904779710394187,0.0,starboard_vae,starboard,False,0.060804057866334915,1.515226125717163,1.990729808807373,1.1339044570922852,vae_candidate_pool_v1,belief_limited_heuristic_v1,253
VAE000116,vae_candidate_000116,0.6482160155324541,-1563.083251953125,-551.2141723632812,1906.826260678805,0.20360151645214966,-0.09535006586173131,3.594182412013583,2,8268.114522472593,3360.7335416214232,0.07197628576734297,2.8426410712759123,8891.186899253526,0.5633008794304954,0.9550635660337905,0.9227485584219828,0.29451845275855065,1.0,0.008997035720917871,0.979445662712011,0.047619047619047616,0.0,0.2689783648396444,0.0,astern_vae,astern,False,0.09984268248081207,1.2824881076812744,1.5167346000671387,1.414507269859314,vae_candidate_pool_v1,belief_limited_heuristic_v1,254
VAE000067,vae_candidate_000067,0.648084344498685,3136.110595703125,535.8687133789062,3210.314535403761,-2.9114164103540356,-0.07724102321850189,5.345836165809024,10,8338.277912274583,2801.2745682111877,0.4281224041612171,-0.3074172664542594,8795.025160302695,0.08804743259297299,0.8832713627737949,0.9980631641411213,0.30259799787208713,1.0,0.05351530052015214,0.7921078875470947,0.23809523809523808,0.0,0.25691236368353787,0.0,ahead_vae,ahead,False,0.1293952614068985,2.3564612865448,1.5173447132110596,1.1970869302749634,vae_candidate_pool_v1,belief_limited_heuristic_v1,255
VAE000145,vae_candidate_000145,0.647692456179174,-1703.638671875,306.91925048828125,1942.720079416713,-0.2502765964988848,-0.14044343831544837,3.222909535652089,23,8074.115946455987,2343.3508390736906,1.2156135704237436,-3.0317594954063565,8282.325015126647,0.4092369876012507,0.9612427106835107,0.9587123498391417,0.10961246586907206,1.0,0.15195169630296795,0.9918288397826115,0.5476190476190477,0.0,0.30818698042421494,0.0,astern_vae,astern,False,0.07936187088489532,2.3288955688476562,1.5359439849853516,1.7770555019378662,vae_candidate_pool_v1,belief_limited_heuristic_v1,256
VAE001222,vae_candidate_001222,0.6475419656367982,1199.9217529296875,-737.755126953125,1841.1047678099692,2.5886570697664992,-0.16398201490415,5.44048555221733,24,8337.36026976841,1657.7820223302838,1.736421872228901,0.38895356891914395,8343.277454350673,0.7823136413721772,0.9426615273454,0.8546422501834228,0.3792203535560363,1.0,0.21705273402861264,0.9990835215999397,0.5714285714285714,0.0,0.37806313694958976,0.0,ahead_vae,ahead,False,0.08990892022848129,1.5660022497177124,1.9571634531021118,1.813827395439148,vae_candidate_pool_v1,belief_limited_heuristic_v1,257
VAE000700,vae_candidate_000700,0.6473953222538311,2301.96044921875,-400.4074401855469,2226.6571087718526,2.9634960913436665,0.0007353889061260024,4.002025883493892,31,8835.336537701774,1637.929511849662,2.142117994348592,0.17883195115225295,8985.787150448516,0.7009475083767891,0.9943359958283882,0.8821157211968584,0.1778802740669898,1.0,0.267764749293574,0.9874825748038163,0.7380952380952381,0.0,0.36936742643887693,0.0,ahead_vae,ahead,False,0.09706071019172668,2.2055258750915527,2.456727981567383,1.1769382953643799,vae_candidate_pool_v1,belief_limited_heuristic_v1,258
VAE000171,vae_candidate_000171,0.64696589666997,-3103.69287109375,-2328.9765625,4184.666392411844,0.7514109708255673,-0.07086197553998559,4.885520837078377,11,9390.337662883336,3327.487183828925,0.35204249040126284,2.3193197072242406,8828.697444678217,0.19260118439251062,0.5476680918699101,0.9907548283320616,0.7326945919521988,1.0,0.044005311300157855,0.9628786049460976,0.2619047619047619,0.0,0.22916175578294437,0.0,astern_vae,astern,False,0.10423927009105682,1.2530158758163452,2.9767937660217285,1.044938564300537,vae_candidate_pool_v1,belief_limited_heuristic_v1,259
VAE000409,vae_candidate_000409,0.6469496787558507,-3284.4462890625,2537.139404296875,4158.621893709667,-0.8135077400081336,0.11840749758863643,6.177590293238376,17,8025.849990133121,2160.7903788594726,0.9802689482013405,-2.2096774159930233,6520.398609479125,0.39534937440041296,0.5573058908160441,0.9614310329519965,0.8027634640786294,1.0,0.12253361852516756,0.9672226278728651,0.40476190476190477,0.0,0.2905034819893743,0.0,astern_vae,astern,False,0.07133547216653824,1.960701823234558,1.522392749786377,1.1173107624053955,vae_candidate_pool_v1,belief_limited_heuristic_v1,260
VAE000298,vae_candidate_000298,0.6469389488389312,-800.0057983398438,4854.154296875,4549.656647920682,-1.2795408913203319,-0.07438296840207058,6.887881786889645,21,8789.660850485701,2338.996324854539,1.0214512334295223,-1.9364347306715317,5327.082892009442,0.261728921325878,0.41747131128283727,0.9829720309781066,0.9338956930112913,1.0,0.12768140417869028,0.9962797657854683,0.5,0.0,0.2741629607944112,0.0,port_vae,port,False,0.08193879574537277,0.7104227542877197,2.988862991333008,1.0792388916015625,vae_candidate_pool_v1,belief_limited_heuristic_v1,261
VAE001024,vae_candidate_001024,0.6466522803984729,2227.7890625,-744.6923217773438,2603.67612811943,2.776635645866339,0.015717000268526796,5.399295608605256,12,8685.527874117171,2413.358076061993,0.5724838816771379,0.3806740079919815,8960.443628789215,0.9421256936406144,0.9921887085569658,0.7940350363528326,0.37154631249971165,1.0,0.07156048520964224,0.9012693604554515,0.2857142857142857,0.0,0.2852787835144864,0.0,ahead_vae,ahead,False,0.05913048982620239,1.0690226554870605,1.9880156517028809,1.8792742490768433,vae_candidate_pool_v1,belief_limited_heuristic_v1,262
VAE000622,vae_candidate_000622,0.6465933138528923,2323.217529296875,-1089.21044921875,2881.705582561871,2.7503324664243776,-0.061470083543524026,4.883729787424998,12,8305.91963405698,2725.774690056028,0.5300338018650577,0.32979010362189176,8741.043439999856,0.8094574202871907,0.9570841648420921,0.8449456574839304,0.32384445039678367,1.0,0.06625422523313221,0.9001844392919821,0.2857142857142857,0.0,0.26442617046483335,0.0,ahead_vae,ahead,False,0.0589679516851902,1.4306747913360596,2.544844150543213,1.450900673866272,vae_candidate_pool_v1,belief_limited_heuristic_v1,263
VAE000026,vae_candidate_000026,0.6463312878392318,2214.465576171875,-1654.7791748046875,3043.7068381806794,2.5250039417774017,-0.11054500266078582,5.963469083898856,2,8675.021083113526,1752.7216903911844,0.13153656475577388,0.5060437091516061,8437.352710731593,0.5783512521816704,0.9246604982903859,0.9186825329345173,0.4847206042536701,1.0,0.016442070594471735,0.9627472683955007,0.047619047619047616,0.0,0.34100587746295513,0.0,ahead_vae,ahead,False,0.0702630802989006,2.154909610748291,2.0416712760925293,1.2715685367584229,vae_candidate_pool_v1,belief_limited_heuristic_v1,264
VAE000857,vae_candidate_000857,0.6461520775243051,-2354.30224609375,-218.35299682617188,2320.0881572765416,0.11391402205722292,-0.010892541649719823,5.51986120671004,25,7804.263254164749,1885.032683367047,1.6993749551890514,3.0167860898828507,7978.214016878994,0.3912245610013573,0.998793563376361,0.9622214012969508,0.1244828040151809,1.0,0.21242186939863142,0.826813155723833,0.5952380952380952,0.0,0.3360072017151987,0.0,astern_vae,astern,False,0.12532269954681396,2.354185104370117,1.9921984672546387,1.3522632122039795,vae_candidate_pool_v1,belief_limited_heuristic_v1,265
VAE000208,vae_candidate_000208,0.6458756336981344,2722.48876953125,-451.8807373046875,3015.956381084698,2.9352954130275575,0.09834680068618426,4.5874426435759785,8,7692.311259169153,3172.568927753196,0.327809904668353,0.30464404124842065,8289.732987994692,0.7374127495945388,0.9307908715469387,0.8701053184265659,0.2999536260214295,1.0,0.04097623808354413,0.9703496224507364,0.19047619047619047,0.0,0.2462819224511335,0.0,ahead_vae,ahead,False,0.0721265897154808,2.116325855255127,1.518356204032898,1.1451867818832397,vae_candidate_pool_v1,belief_limited_heuristic_v1,266
VAE000352,vae_candidate_000352,0.6441487885358124,-2688.899658203125,-2437.028564453125,3657.201907377554,0.6789045682790661,0.07905755512498039,5.540018274939199,10,7964.923231211333,1824.9723431360737,0.6879583060689202,2.5417456404357073,7604.649223361137,0.03730784306645485,0.741721107211092,0.999652071570319,0.5645162012952609,1.0,0.08599478825861502,0.9615670861393439,0.23809523809523808,0.0,0.3278477743187173,0.0,astern_vae,astern,False,0.10454234480857849,0.7794180512428284,2.037431001663208,1.073948860168457,vae_candidate_pool_v1,belief_limited_heuristic_v1,267
VAE000559,vae_candidate_000559,0.6439883444479405,-442.57452392578125,-3169.967529296875,3344.4784104867667,1.3855309170605312,0.06155989567634616,3.791861367253687,0,7740.734082940411,1951.2387917011806,0.0,1.817621632205608,3783.370681484459,0.1659049614867103,0.8448235426880449,0.9931346547083744,0.9696929697243049,0.9008025432105855,0.0,0.9808427860599733,0.0,1.0,0.3155763532067347,0.3155763532067347,inside_convoy_envelope,inside,True,0.09940343350172043,1.0838375091552734,1.5566420555114746,1.5717923641204834,vae_candidate_pool_v1,belief_limited_heuristic_v1,268
VAE000400,vae_candidate_000400,0.6439368554457741,-2685.910400390625,-450.9462585449219,2117.5952665964314,0.18361549080328657,0.15302984794370317,5.114115516115791,14,8258.134705188779,3165.19639494626,0.5356059717477607,3.1110070107302104,8351.066813272042,0.0283979011740714,0.9850370006775251,0.9997984033507533,0.030580874365203018,1.0,0.06695074646847009,0.9317953588740677,0.3333333333333333,0.0,0.26550647593367394,0.0,astern_vae,astern,False,0.06407228112220764,0.8158779740333557,1.4969706535339355,1.4013707637786865,vae_candidate_pool_v1,belief_limited_heuristic_v1,269
VAE000548,vae_candidate_000548,0.6435590066569282,3539.131591796875,131.2720947265625,3193.864687952692,-3.1711676542051865,-0.1314664871688278,4.4902425908655585,23,7380.804215362908,2888.288989072156,1.0789057461446698,-0.10189148655343438,7636.307163108756,0.1618566804565118,0.8876884594253437,0.993464889464887,0.10171527393580751,1.0,0.13486321826808373,0.9116149884353013,0.5476190476190477,0.0,0.2549669448149587,0.0,ahead_vae,ahead,False,0.06072001904249191,0.6645229458808899,1.518093466758728,1.4394195079803467,vae_candidate_pool_v1,belief_limited_heuristic_v1,270
VAE000994,vae_candidate_000994,0.6427414394935174,-473.79669189453125,-4312.71435546875,4531.4442829247555,1.367247906562978,-0.11458426261753286,4.442565629665562,38,8411.151797694674,2246.7947100300194,2.0107808157024927,1.6597604844092821,2985.2136594791405,0.41533145604919064,0.42366996287542963,0.9574913152434583,0.9960452986927829,0.710765157018843,0.2513476019628116,0.8898382222545105,0.9047619047619048,0.0,0.2815474847142273,0.0,starboard_vae,starboard,False,0.05745304003357887,2.039217710494995,1.4825937747955322,1.0585309267044067,vae_candidate_pool_v1,belief_limited_heuristic_v1,271
VAE000853,vae_candidate_000853,0.6423122373128082,1202.272216796875,4891.33349609375,4362.934002761844,-1.8590845743707276,-0.18320248846008808,4.504392328384107,12,7892.352693188059,2528.9286635937874,0.6012265939689668,-1.4657105676791535,3342.826259633212,0.30217411039111286,0.4826921677232822,0.9773458691296616,0.9944835709213258,0.7959110141983838,0.07515332424612085,0.9639108170086153,0.2857142857142857,0.0,0.26375965178458327,0.0,port_vae,port,False,0.07053574919700623,0.7408072352409363,2.94913387298584,1.8873815536499023,vae_candidate_pool_v1,belief_limited_heuristic_v1,272
VAE000899,vae_candidate_000899,0.642258707962951,804.77978515625,-4432.0234375,4361.91845850061,1.718397424489063,0.07830680007395316,3.097991670160509,12,7971.758988286498,2494.455383064179,0.6034639700621811,1.5015020291746837,3040.424437822309,0.12071632792231914,0.48305599930668786,0.9963613139733389,0.9976001106849041,0.723910580433883,0.07543299625777264,0.9960499393114043,0.2857142857142857,0.0,0.26569686947999505,0.0,starboard_vae,starboard,False,0.08177638053894043,2.186617136001587,1.489254117012024,1.0455658435821533,vae_candidate_pool_v1,belief_limited_heuristic_v1,273
VAE000509,vae_candidate_000509,0.6418887299657292,253.93609619140625,-4519.82470703125,4202.793403846891,1.6709528877503694,0.03499572091998788,5.220757627114006,21,8654.681071056646,1968.685629092402,1.2325139830558889,1.5056354867594124,2528.054945666111,0.13843872534029922,0.54097682480948,0.9952163271942795,0.9978777835218237,0.601917844206217,0.1540642478819861,0.9114340076776005,0.5,0.0,0.30790068406925375,0.0,starboard_vae,starboard,False,0.11384136974811554,1.1102278232574463,2.403684616088867,1.146846890449524,vae_candidate_pool_v1,belief_limited_heuristic_v1,274
VAE000302,vae_candidate_000302,0.6416345520840803,3757.685302734375,1949.5819091796875,3916.029327914265,-2.652777086677821,0.06022362522331141,3.9170689276333226,24,8873.839289978221,3176.4970803760793,0.8514344575054575,-0.4285919416886608,9391.33878762242,0.00953380685894567,0.6476079768381228,0.9999772768038107,0.4155905128237406,1.0,0.10642930718818219,0.9893184470509794,0.5714285714285714,0.0,0.23604467299206908,0.0,ahead_vae,ahead,False,0.07822310924530029,0.7524773478507996,2.9499125480651855,1.458847999572754,vae_candidate_pool_v1,belief_limited_heuristic_v1,275
VAE000458,vae_candidate_000458,0.6413277356688752,-845.5725708007812,3851.281494140625,3452.8708072155705,-1.414594511490883,-0.017905386440364105,4.5074921889031865,14,7525.163659632002,2219.5902771803894,0.8381838186191986,-1.7449035285392742,3489.6094706628737,0.6662604995665223,0.8109464179512341,0.8930691787075944,0.9848815898686316,0.8308593977768747,0.10477297732739982,0.9083420437160555,0.3333333333333333,1.0,0.2904650816246113,0.2904650816246113,inside_convoy_envelope,inside,True,0.060209035873413086,1.8052904605865479,2.9489779472351074,1.1226171255111694,vae_candidate_pool_v1,belief_limited_heuristic_v1,276
VAE000137,vae_candidate_000137,0.6404579443735221,2126.068115234375,-4464.42333984375,4367.686524382656,1.9806549369056803,-0.0810259541917656,3.695054336663752,11,8247.508069119629,3136.8443965980305,0.425184045714173,1.0799117624923469,6654.360243250146,0.023708187467980094,0.4809906627548648,0.999859487043536,0.8819162146114615,1.0,0.053148005714271626,0.7895512919454487,0.2619047619047619,0.0,0.23580043378377744,0.0,ahead_vae,ahead,False,0.12968644499778748,1.8674700260162354,2.3744282722473145,1.312975287437439,vae_candidate_pool_v1,belief_limited_heuristic_v1,277
VAE001081,vae_candidate_001081,0.6403136907079796,-1488.277099609375,548.0737915039062,1743.2478313331544,-0.26954602237790065,-0.011951582720218247,3.928024603851659,13,7966.514827480061,2413.667982462482,0.6760790119432402,-2.8839982139321108,8318.558714573592,0.46187762749390454,0.9216998815866331,0.9476086746672254,0.2547551009013159,1.0,0.08450987649290502,0.9852454139019133,0.30952380952380953,0.0,0.3133993965520801,0.0,astern_vae,astern,False,0.09790600091218948,1.943529486656189,1.9300172328948975,1.2768683433532715,vae_candidate_pool_v1,belief_limited_heuristic_v1,278
VAE000461,vae_candidate_000461,0.6393228139802596,456.5287780761719,-4006.54541015625,4047.0338149856425,1.418963753684727,-0.021660125485695052,4.87080711577636,28,8250.725342868205,2494.6006362268927,1.3603945154819068,1.700968774419371,3544.4816290924064,0.05581834795665719,0.598815593469366,0.999221280226668,0.9915395238713287,0.8439241974029539,0.17004931443523835,0.855840958105389,0.6666666666666666,1.0,0.26672652477759456,0.26672652477759456,inside_convoy_envelope,inside,True,0.0528353676199913,1.043521523475647,2.5344250202178955,1.8812404870986938,vae_candidate_pool_v1,belief_limited_heuristic_v1,279
VAE000438,vae_candidate_000438,0.6391785099534305,-1453.940673828125,-377.5868835449219,1904.1650495139684,0.24075773598749461,-0.07665456060297149,5.5085868937894285,15,7785.325624355864,2190.3025684209615,0.8796509272019889,2.8241803569993276,8080.032885336817,0.7525261071754403,0.954588506524086,0.8649823218053552,0.31210917042853553,1.0,0.10995636590024861,0.9459604214384728,0.35714285714285715,0.0,0.3205839202841571,0.0,astern_vae,astern,False,0.06669774651527405,1.7992178201675415,1.5171027183532715,1.477370023727417,vae_candidate_pool_v1,belief_limited_heuristic_v1,280
VAE000494,vae_candidate_000494,0.6385799719878849,2860.561767578125,266.5049743652344,2726.4873689635806,-3.0649673111606854,-0.11185247098873889,4.312676192278042,6,9234.333161223369,2569.543528845875,0.2528655885605626,-0.18847781341784658,9552.238091434207,0.6073584227026134,0.9800515615122506,0.9105792150203682,0.18736388308554255,1.0,0.03160819857007033,0.983718082374848,0.14285714285714285,0.0,0.2735796704537894,0.0,ahead_vae,ahead,False,0.07608547806739807,1.7178398370742798,2.9417595863342285,1.264885663986206,vae_candidate_pool_v1,belief_limited_heuristic_v1,281
VAE000990,vae_candidate_000990,0.6384480075811323,-2645.455810546875,-631.1424560546875,2509.775943982748,0.26687868883893723,0.16300278786738184,5.4862987439083035,1,8133.574608514709,2483.077081517249,0.0495140377887232,3.037716752618238,8347.200855064215,0.14537198670390733,0.9977245666684669,0.9947260440749846,0.10368919472364223,1.0,0.0061892547235904,0.9918542040716896,0.023809523809523808,0.0,0.2835420811272064,0.0,astern_vae,astern,False,0.09515872597694397,1.8022139072418213,1.4925734996795654,1.129654049873352,vae_candidate_pool_v1,belief_limited_heuristic_v1,282
VAE000514,vae_candidate_000514,0.6384254485954467,-10.105743408203125,-3364.08837890625,3309.110641564538,1.599942439900108,0.11726438888213189,5.269300959162882,22,8382.507590246722,1802.5254980020918,1.4560198931031256,1.6589146025718178,2533.228441129446,0.12477887386384068,0.8553583178854725,0.9961126059067725,0.9961200962782957,0.6031496288403443,0.1820024866378907,0.8367775824716277,0.5238095238095238,1.0,0.33248358464972416,0.33248358464972416,inside_convoy_envelope,inside,True,0.1241045892238617,2.232179641723633,1.9351800680160522,1.5106490850448608,vae_candidate_pool_v1,belief_limited_heuristic_v1,283
VAE000086,vae_candidate_000086,0.6381692721148644,-1949.15625,-196.97781372070312,1761.1500340157613,0.039893692257802725,0.21667660885548026,5.348887668607404,11,8636.648520325496,2663.5851431834603,0.4781683817038491,-2.9648097369921156,8970.470024560196,0.24633887764138532,0.9257499692120147,0.9849058511494506,0.17586354522715494,1.0,0.05977104771298114,0.9977769985898759,0.2619047619047619,0.0,0.29911409253666543,0.0,astern_vae,astern,False,0.08314967155456543,1.451946496963501,2.405017137527466,1.7908753156661987,vae_candidate_pool_v1,belief_limited_heuristic_v1,284
VAE000090,vae_candidate_000090,0.6379771781456298,-877.1421508789062,-5105.201171875,4749.827221885419,1.3335636954648866,0.04713595505515316,5.389069569187901,19,8590.88886610539,2962.9732024693603,0.7464277491523286,1.85516491318006,5254.163544213146,0.286561521879912,0.35211503656919124,0.9796107246641931,0.9598389879878052,1.0,0.09330346864404107,0.9924310435954006,0.4523809523809524,0.0,0.24022770998314677,0.0,starboard_vae,starboard,False,0.09487304836511612,1.7334935665130615,2.9607810974121094,1.2832878828048706,vae_candidate_pool_v1,belief_limited_heuristic_v1,285
VAE000418,vae_candidate_000418,0.6378828524045315,-1222.0986328125,-711.3223266601562,1099.7629612852504,0.6931314050441542,-0.24317677272411325,4.096888499718626,7,8126.859503680612,2451.6045124311204,0.35133779893049044,2.2052844758215264,6791.782296649283,0.3512318503863483,0.7264488438197706,0.96947480071481,0.8053752094873737,1.0,0.043917224866311305,0.7823859090316329,0.16666666666666666,0.0,0.3762620069062484,0.0,astern_vae,astern,False,0.0440358892083168,0.9333733916282654,2.571443557739258,1.6859545707702637,vae_candidate_pool_v1,belief_limited_heuristic_v1,286
VAE000202,vae_candidate_000202,0.6376132172723786,2238.885498046875,58.880409240722656,2379.7524657700733,-3.173195353531009,-0.26973647307935167,5.651579841520765,17,7605.644262615529,2419.8086704320317,0.9237020011204512,-0.2381337731381357,7961.819546464644,0.9534862728351681,0.9999225053388981,0.7894218859585491,0.23588947652319647,1.0,0.1154627501400564,0.9898568789757675,0.40476190476190477,0.0,0.29083980228422435,0.0,ahead_vae,ahead,False,0.07845517992973328,1.575054407119751,1.4761807918548584,1.0646207332611084,vae_candidate_pool_v1,belief_limited_heuristic_v1,287
VAE000704,vae_candidate_000704,0.6375196754118025,-238.86627197265625,5090.2890625,4744.762046231491,-1.4936150486597128,0.13822227429523068,3.341992422891461,18,8871.794763699903,3215.77856678474,0.6309208537492658,-1.5097553306348497,3750.996380265896,0.20545724465676574,0.3537013809310283,0.9894839010895704,0.9981375767845516,0.8930943762537847,0.07886510671865822,0.9846538271134156,0.42857142857142855,0.0,0.2307500332672898,0.0,port_vae,port,False,0.09811882674694061,1.5307585000991821,1.4926577806472778,1.3400951623916626,vae_candidate_pool_v1,belief_limited_heuristic_v1,288
VAE000675,vae_candidate_000675,0.6367745593309815,3526.7685546875,2026.2977294921875,4075.8058726839095,-2.7569479876304954,-0.19307855962300147,3.218371155818864,30,8030.018137980157,2226.4673372315037,1.6779862592800023,-0.5777232255822993,7942.726172655807,0.11671564263871925,0.5880905465784799,0.9965982290530262,0.5461180812788164,1.0,0.2097482824100003,0.9047333305741733,0.7142857142857143,0.0,0.2854650462125575,0.0,ahead_vae,ahead,False,0.059654515236616135,1.5407249927520752,1.9635217189788818,1.375978946685791,vae_candidate_pool_v1,belief_limited_heuristic_v1,289
VAE000203,vae_candidate_000203,0.6365939775953634,2962.64794921875,-3064.52392578125,4293.242013513762,2.331820362776143,-0.01356649385378931,4.232192797791273,22,7625.013224326021,2282.0750262610663,1.2643058902336077,0.7962057969598615,6964.129411398911,0.23057456495132778,0.5078476465116724,0.98676762320106,0.7147074870127337,1.0,0.15803823627920097,0.9976037600373884,0.5238095238095238,0.0,0.2808381346334173,0.0,ahead_vae,ahead,False,0.0829920843243599,0.6487956047058105,2.8691940307617188,1.627306342124939,vae_candidate_pool_v1,belief_limited_heuristic_v1,290
VAE001018,vae_candidate_001018,0.6364032952821043,3026.5439453125,2170.735595703125,3809.012340155956,-2.3781058116391267,0.0681282553808345,5.384791446244657,6,7768.681068224993,2008.2786716638773,0.3845740553223534,-0.695358586569832,7251.605363275366,0.16472886657770358,0.6870858797501397,0.9932314266924868,0.6406608120958517,1.0,0.048071756915294174,0.9176051626252218,0.14285714285714285,0.0,0.3066664296095238,0.0,ahead_vae,ahead,False,0.06167668476700783,0.6567769050598145,2.4652326107025146,1.9211809635162354,vae_candidate_pool_v1,belief_limited_heuristic_v1,291
VAE001065,vae_candidate_001065,0.636143840137677,-2605.25927734375,3106.681884765625,4293.875422200523,-0.6507661792829239,0.1866166862893545,4.124801545221343,13,7567.690599731531,2642.0857054892617,0.6501792167934269,-2.3042097880175145,7028.671898058894,0.07861873606806026,0.5076174111134621,0.9984555693290269,0.7428937318491704,1.0,0.08127240209917837,0.9969521517071188,0.30952380952380953,0.0,0.25832292093680304,0.0,astern_vae,astern,False,0.09208788722753525,2.1447513103485107,1.5179572105407715,1.9217000007629395,vae_candidate_pool_v1,belief_limited_heuristic_v1,292
VAE000787,vae_candidate_000787,0.6360291837402661,3029.5068359375,1973.751953125,3393.6655240691885,-2.6866559203983513,0.1598112901198222,3.793971057684009,21,7703.7451316948,2094.919724806348,1.3012178208716474,-0.2951254430716196,7980.00690538995,0.3309114506477271,0.8297352416263952,0.9728733006912486,0.290859872035457,1.0,0.16265222760895592,0.8785132565421643,0.5,0.0,0.30114992667409873,0.0,ahead_vae,ahead,False,0.05585971474647522,1.6310441493988037,2.930006504058838,1.4349709749221802,vae_candidate_pool_v1,belief_limited_heuristic_v1,293
VAE000205,vae_candidate_000205,0.6356792266917314,-656.5326538085938,3649.22265625,4177.117641992087,-1.507272906438691,-0.07367747393547956,4.6432734344227935,27,8654.69907341054,2664.404810843041,1.1708778304539846,-1.7079972210865817,3823.0772018920234,0.32321851624717524,0.5504587623549119,0.9741090328781592,0.9906027124662904,0.910256476640958,0.14635972880674808,0.9286252258408266,0.6428571428571429,1.0,0.25608108862874857,0.25608108862874857,inside_convoy_envelope,inside,True,0.11101353168487549,1.7475793361663818,2.417239189147949,1.2480347156524658,vae_candidate_pool_v1,belief_limited_heuristic_v1,294
VAE000023,vae_candidate_000023,0.634853931464116,2933.80419921875,3480.87158203125,4652.448619917818,-2.1247066336651685,-0.16666691260207978,6.070224715614778,18,7935.898076494141,2371.8362548579657,0.9562946376351972,-1.1835529325267045,5193.101889485075,0.04148559188583523,0.38324591913647055,0.9995697981218475,0.9259535739622863,1.0,0.11953682970439965,0.9865879726801682,0.42857142857142855,0.0,0.27260407560449407,0.0,ahead_vae,ahead,False,0.09740695357322693,1.3230040073394775,1.9800580739974976,1.1008468866348267,vae_candidate_pool_v1,belief_limited_heuristic_v1,295
VAE001114,vae_candidate_001114,0.6345525050581468,2741.91259765625,93.47179412841797,2602.540139294596,-3.035338066739352,-0.19345023577402015,3.52217819215372,11,8157.948915672208,2216.686457985424,0.6082854600232044,-0.29970482262446113,8448.74808106555,0.9417095200321663,0.9922752629112775,0.7942033135691849,0.2952382000735271,1.0,0.07603568250290055,0.9941294607748553,0.2619047619047619,0.0,0.2995138223357288,0.0,ahead_vae,ahead,False,0.08057031035423279,2.1744518280029297,1.5090019702911377,1.0465242862701416,vae_candidate_pool_v1,belief_limited_heuristic_v1,296
VAE000190,vae_candidate_000190,0.6343848051077949,261.44232177734375,-3201.2734375,3458.4623501383294,1.6063676038431192,0.07027200425178483,4.343174542747274,15,7851.062805442935,2014.248230955697,0.9485272597511132,1.605497053998459,2285.418550177458,0.08582944716065422,0.8091386594814595,0.9981594568095311,0.9993979901781083,0.5441472738517757,0.11856590746888915,0.9661906979587087,0.35714285714285715,1.0,0.30810491457832767,0.30810491457832767,inside_convoy_envelope,inside,True,0.10345058143138885,2.2532896995544434,1.9880280494689941,1.6006791591644287,vae_candidate_pool_v1,belief_limited_heuristic_v1,297
VAE001198,vae_candidate_001198,0.6342365954502006,2134.224609375,3566.343017578125,4443.883533541298,-2.171668251512182,0.037950210879724076,6.296683027864084,13,8904.024378198796,3148.568970198287,0.4637071590011981,-0.9319741911978869,7836.693728796394,0.15903793701290114,0.45398552625547667,0.993690050315084,0.8027986165741061,1.0,0.05796339487514976,0.9684135933882237,0.30952380952380953,0.0,0.23415754592545848,0.0,ahead_vae,ahead,False,0.10290056467056274,1.2101430892944336,2.4217581748962402,1.4381413459777832,vae_candidate_pool_v1,belief_limited_heuristic_v1,298
VAE000479,vae_candidate_000479,0.6340623100409295,2315.75390625,-807.0333251953125,2753.4830758709986,2.8670075603403764,0.0384436042701782,4.382087401045611,3,8256.712159412586,2135.1211680474785,0.17017336384745965,0.31302869751959533,8512.972036918478,0.7108164201902087,0.9766566792955597,0.878914726529163,0.30794156320303306,1.0,0.021271670480932457,0.9487545066486038,0.07142857142857142,0.0,0.3036129015093301,0.0,ahead_vae,ahead,False,0.10728174448013306,1.6517088413238525,2.5163872241973877,1.3036772012710571,vae_candidate_pool_v1,belief_limited_heuristic_v1,299
VAE000915,vae_candidate_000915,0.633925434956036,2620.432373046875,32.08140563964844,2702.2614813774508,-3.0161948717014697,0.1428577447578269,4.59770601020477,20,7598.834455949593,2465.45024609169,1.0675464228811127,0.017459962869503493,7640.720714534063,0.18507668463376192,0.9828775836347409,0.9914610709337977,0.017459075770528854,1.0,0.13344330286013908,0.7934895631240423,0.47619047619047616,0.0,0.2818881453052847,0.0,ahead_vae,ahead,False,0.04529547691345215,2.283803939819336,2.4801602363586426,1.273909568786621,vae_candidate_pool_v1,belief_limited_heuristic_v1,300
VAE000201,vae_candidate_000201,0.6330930345491556,-26.97357177734375,-2005.962158203125,2147.683530153058,1.4381410002914221,-0.2157460602063077,6.689794381854766,8,8473.778112176591,1688.272991909373,0.559203944757261,1.4877055930920637,2385.7309030097617,0.20673225947050122,0.9880374202791316,0.9893534423051286,0.9965499506203044,0.5680311673832766,0.06990049309465762,0.9185434681854188,0.19047619047619047,1.0,0.3640649243329519,0.3640649243329519,inside_convoy_envelope,inside,True,0.06182921677827835,0.8589439988136292,2.3810243606567383,1.3836054801940918,vae_candidate_pool_v1,belief_limited_heuristic_v1,301
VAE000606,vae_candidate_000606,0.6328375969680925,-2762.300048828125,2856.913818359375,4443.327515084648,-0.7946609968270686,0.1914482206843073,3.4917108172738276,11,8633.176586298712,2748.793948201948,0.46353216418669074,-2.1554834360784176,7057.160043401509,0.21534212199576241,0.4541805986862437,0.9884516730920115,0.8338848231341384,1.0,0.05794152052333634,0.9982236989076838,0.2619047619047619,0.0,0.25072369368141284,0.0,astern_vae,astern,False,0.08358687907457352,0.8278619647026062,1.9960728883743286,1.931203842163086,vae_candidate_pool_v1,belief_limited_heuristic_v1,302
VAE001093,vae_candidate_001093,0.6320430469463647,3029.3935546875,475.58099365234375,3430.998223377739,-2.8494668336827798,0.08177658013552139,3.9112852068502506,14,7943.927402123446,2814.3484864810457,0.6262026428379812,-0.21034923977149197,8356.467829344732,0.23502212583873086,0.817963867863726,0.9862545946241239,0.20880145441956455,1.0,0.07827533035474765,0.9924868257332946,0.3333333333333333,0.0,0.25478961076636286,0.0,ahead_vae,ahead,False,0.07968806475400925,1.073882818222046,1.5025827884674072,1.28440523147583,vae_candidate_pool_v1,belief_limited_heuristic_v1,303
VAE000547,vae_candidate_000547,0.6320426056868493,3208.5966796875,1292.337158203125,3339.6268475091274,-2.808443792838086,0.10929124189450179,2.0381701658197326,10,8178.297168752211,3093.001140859744,0.39532750603111544,-0.22385761885720545,8660.858565638344,0.33625664853602233,0.8462846174677108,0.971998208377679,0.22199263038718048,1.0,0.04941593825388943,0.9386724376334913,0.23809523809523808,0.0,0.24439627322003651,0.0,ahead_vae,ahead,False,0.06531262397766113,2.325792074203491,1.885072946548462,1.4639843702316284,vae_candidate_pool_v1,belief_limited_heuristic_v1,304
VAE001216,vae_candidate_001216,0.6304247762964126,3502.3701171875,-1592.3212890625,3912.567974433017,2.6346717374548376,0.08855120740783866,4.478279893163761,11,7922.224258205931,2191.3001557273587,0.6336416023469947,0.595472123542794,7787.780499544264,0.18524159377559357,0.6488925959739641,0.991445890803665,0.5608996804185719,1.0,0.07920520029337434,0.9931043838039032,0.2619047619047619,0.0,0.2892568902402445,0.0,ahead_vae,ahead,False,0.08000732958316803,1.1384923458099365,2.929138422012329,1.3850504159927368,vae_candidate_pool_v1,belief_limited_heuristic_v1,305
VAE000881,vae_candidate_000881,0.6303797772143267,3030.5771484375,-397.840576171875,3225.805059609396,2.968531337380961,-0.046240529206035344,3.242921404700935,28,7960.019580334279,1992.4642858529444,1.7654415750327759,0.1268207870027969,8148.101881814095,0.06960633350228031,0.8790497372849433,0.9987892285557152,0.12648110633885656,1.0,0.22068019687909698,0.8074205283987596,0.6666666666666666,0.0,0.31195927814940855,0.0,ahead_vae,ahead,False,0.046905308961868286,2.105679750442505,1.9528841972351074,1.9119960069656372,vae_candidate_pool_v1,belief_limited_heuristic_v1,306
VAE000284,vae_candidate_000284,0.6302452288178141,811.2999877929688,-4791.48779296875,4558.069423767647,1.743265361267828,0.044241018111584915,5.039068280260146,13,8019.456645992277,2801.6164468380653,0.578615056031102,1.4425683104335498,3804.118630239454,0.2594539967846292,0.41462113573425635,0.9832651004428155,0.9917900464592234,0.9057425310093938,0.07232688200388775,0.8408825775654853,0.30952380952380953,0.0,0.2486596454115416,0.0,starboard_vae,starboard,False,0.05093768984079361,1.2877823114395142,2.9795355796813965,1.781821608543396,vae_candidate_pool_v1,belief_limited_heuristic_v1,307
VAE000336,vae_candidate_000336,0.6295539758163893,888.7942504882812,-4778.49365234375,4652.521174041863,1.727949881971167,0.0014750122528444283,4.287777312016206,22,8258.36014372123,2497.108342637553,1.066820805519879,1.4151177838714706,3747.372324942654,0.2837222560130148,0.38322224018667245,0.9800100582082436,0.9879065498080142,0.8922315059387271,0.13335260068998486,0.865363892505597,0.5238095238095238,0.0,0.2640448840232258,0.0,starboard_vae,starboard,False,0.05408165603876114,1.19851815700531,1.486069679260254,1.8813118934631348,vae_candidate_pool_v1,belief_limited_heuristic_v1,308
VAE001099,vae_candidate_001099,0.6294489344993635,603.123046875,4546.78857421875,4645.545945843364,-1.534726296942348,-0.17889638199690477,5.6524376402574275,6,9154.59101451351,3297.962463932911,0.19873144723425054,-1.7857627386443498,5174.863150085145,0.21052377221720153,0.385501888876947,0.988960797535003,0.9769835596013069,1.0,0.024841430904281318,0.8947043659576457,0.14285714285714285,0.0,0.22819248823749994,0.0,port_vae,port,False,0.05815790593624115,1.1325623989105225,2.1215481758117676,1.1363263130187988,vae_candidate_pool_v1,belief_limited_heuristic_v1,309
VAE000492,vae_candidate_000492,0.6290145003695216,-597.6687622070312,-5062.81689453125,4584.806529472651,1.3502402374382918,0.1636594344775114,7.349124572105594,21,7412.885983935368,2093.099731520509,1.3534494887136799,1.9550118506290135,4719.084273402024,0.3616448710277831,0.4056193245051452,0.9676580560889066,0.9270927646574387,1.0,0.16918118608920998,0.9365094959876661,0.5,0.0,0.2958553451055901,0.0,starboard_vae,starboard,False,0.06491608917713165,0.7277417778968811,1.513075590133667,1.0645840167999268,vae_candidate_pool_v1,belief_limited_heuristic_v1,310
VAE000681,vae_candidate_000681,0.629004655690605,860.201904296875,-4547.35009765625,4764.676884114558,1.7386343520745577,-0.07276228714570909,3.1490264179059393,15,8823.542369743085,3633.674210481652,0.4678453281610589,1.330196014369527,5631.530482941886,0.30553830247187164,0.34748578377506556,0.976842582909567,0.9711951039974531,1.0,0.05848066602013236,0.8778956092722342,0.35714285714285715,0.0,0.21908816080023802,0.0,starboard_vae,starboard,False,0.05577456206083298,2.2267847061157227,2.012880325317383,1.797877550125122,vae_candidate_pool_v1,belief_limited_heuristic_v1,311
VAE000958,vae_candidate_000958,0.6286175170115974,-1513.474853515625,-649.9833374023438,1485.5561047361475,0.4203301529224112,-0.08071955665893642,4.60631935741458,9,8695.349966611695,3411.880754792809,0.3033622936617091,2.640542944008446,9265.392210613652,0.7292140420770687,0.8537872163463318,0.8728491518029378,0.48034648112153616,1.0,0.037920286707713635,0.8332486995983686,0.21428571428571427,0.0,0.2956954647959391,0.0,astern_vae,astern,False,0.04999406635761261,0.7259054183959961,2.8392281532287598,1.403469443321228,vae_candidate_pool_v1,belief_limited_heuristic_v1,312
VAE000233,vae_candidate_000233,0.6284569575685509,3248.03662109375,-2092.903564453125,4140.248173145142,2.590048702127098,0.17043674135119277,4.609453205358289,18,8156.077006626964,2783.45160238186,0.7928800913648845,0.7219806928138878,7960.627795592287,0.2556285524921025,0.564119927385426,0.9837522775337249,0.6608724737728714,1.0,0.09911001142061056,0.7961251220275062,0.42857142857142855,0.0,0.25112255578429266,0.0,ahead_vae,ahead,False,0.04559739679098129,1.2919931411743164,2.9685568809509277,1.9039225578308105,vae_candidate_pool_v1,belief_limited_heuristic_v1,313
VAE001129,vae_candidate_001129,0.6278947808137731,-2652.74169921875,1633.6739501953125,4089.5677403119116,-0.564504007453686,0.12438324850105316,5.752743456092187,13,7786.058388665916,2750.494968799629,0.6070365503311003,-2.452705397635054,7758.908434746032,0.22783053183964375,0.5829643004343864,0.9870793466358035,0.635678588908543,1.0,0.07587956879138753,0.8703153706603701,0.30952380952380953,0.0,0.2535105384488303,0.0,astern_vae,astern,False,0.05474291369318962,1.662271499633789,1.5157523155212402,1.5637977123260498,vae_candidate_pool_v1,belief_limited_heuristic_v1,314
VAE000517,vae_candidate_000517,0.6277173601079717,3151.541015625,-821.0699462890625,2954.0129848546035,2.8291773129601427,-0.18706874799815146,5.031238123370749,13,8232.686712139082,2095.632907443851,0.7535057205491795,0.1253465926314992,8430.08943689091,0.42646876200876654,0.9436302563279914,0.9552160746988774,0.12501861429042843,1.0,0.09418821506864744,0.9672850016248288,0.30952380952380953,0.0,0.30451168843261583,0.0,ahead_vae,ahead,False,0.10318203270435333,1.6128857135772705,2.9316258430480957,1.8298397064208984,vae_candidate_pool_v1,belief_limited_heuristic_v1,315
VAE000518,vae_candidate_000518,0.6270388754238161,2521.798583984375,4352.25732421875,4641.547811724007,-2.000267338903889,0.05845533497483224,5.5991291788447075,20,8230.649113406753,2608.656252517126,0.9314918366694539,-1.082869979711072,6162.733011313146,0.0773085975222878,0.3868114626286199,0.9985065892052483,0.8833068756251118,1.0,0.11643647958368174,0.8823738172511808,0.47619047619047616,0.0,0.25768961470578733,0.0,ahead_vae,ahead,False,0.05639589950442314,2.259622812271118,1.8898721933364868,1.9094882011413574,vae_candidate_pool_v1,belief_limited_heuristic_v1,316
VAE000433,vae_candidate_000433,0.6269945372052049,2201.802001953125,3862.049072265625,4507.861194541683,-1.9193656171655011,0.08574393728430887,4.52878651648875,17,8094.081646973105,2382.4205173225632,0.8815824174935321,-1.136483099139983,5567.123079364988,0.2668571607362454,0.43175305876689746,0.9823022146139673,0.9071592414207214,1.0,0.11019780218669151,0.8215992583620578,0.40476190476190477,0.0,0.2721498784230701,0.0,ahead_vae,ahead,False,0.04858245700597763,0.7947641015052795,1.5150392055511475,1.89313805103302,vae_candidate_pool_v1,belief_limited_heuristic_v1,317
VAE000697,vae_candidate_000697,0.6265208191299823,-1499.41259765625,-4101.72900390625,4428.689858476226,1.1000039456225033,-0.10650744445018112,4.733143835044293,0,8127.547874685171,2670.5017785976274,0.0,1.935081263517109,5390.953031340687,0.30791755836468804,0.4593269932017948,0.9764833856528577,0.9343787636594695,1.0,0.0,0.9444391273842543,0.0,0.0,0.255361711533391,0.0,astern_vae,astern,False,0.06640192121267319,0.8882941007614136,2.4918251037597656,1.0940576791763306,vae_candidate_pool_v1,belief_limited_heuristic_v1,318
VAE000292,vae_candidate_000292,0.6264897848436907,2841.6142578125,249.39779663085938,2768.1490535170788,-3.082784699332484,-0.08016568663998577,5.132661799377455,12,7769.815654457699,2161.0646959613905,0.7146654098507169,-0.13897364089729478,7994.269712505307,0.5416647518429274,0.9747046839891577,0.9284257921967306,0.13852672412305334,1.0,0.08933317623133961,0.8929967082607575,0.2857142857142857,0.0,0.30187826887197194,0.0,ahead_vae,ahead,False,0.11662386357784271,1.9730454683303833,2.0512514114379883,1.9329079389572144,vae_candidate_pool_v1,belief_limited_heuristic_v1,319
VAE001134,vae_candidate_001134,0.6254512208586673,3459.681884765625,2538.1064453125,4165.221323812104,-2.4727526908284707,-0.06056696246803013,4.949642914892007,19,7850.21160208034,1958.9801082038227,1.2354984689140724,-0.7294069252293527,7158.398856749225,0.13854660799688823,0.5548612969267857,0.9952088805738939,0.6664275736102561,1.0,0.15443730861425906,0.9408307278476512,0.4523809523809524,0.0,0.31002965787659087,0.0,ahead_vae,ahead,False,0.06571464240550995,2.0761899948120117,1.5229721069335938,1.9222151041030884,vae_candidate_pool_v1,belief_limited_heuristic_v1,320
VAE000376,vae_candidate_000376,0.62537432096237,3654.145263671875,-955.0453491210938,3517.0979551309756,2.897895573032521,-0.09612602573784984,4.5749115099038,21,8427.660511171367,2971.8122651433728,0.8384764924537715,0.14757105481942223,8773.024888177124,0.2525621333471264,0.7898601275720629,0.9841376801228368,0.14703602326526466,1.0,0.10480956155672144,0.9977115889515484,0.5,0.0,0.24684811757591935,0.0,ahead_vae,ahead,False,0.09144344925880432,1.9587260484695435,1.8674530982971191,1.8401727676391602,vae_candidate_pool_v1,belief_limited_heuristic_v1,321
VAE000662,vae_candidate_000662,0.6252719351257605,108.76239013671875,-4517.9990234375,4650.7627964640715,1.5838261544617733,-0.2895698530683359,4.428279652925561,17,8447.210900559125,2447.365178745435,0.8223123399418749,1.2681966460596839,4853.461440934878,0.37054008931163507,0.38379630587127084,0.9660659525037554,0.9545650035602905,1.0,0.10278904249273436,0.9054837060488284,0.40476190476190477,0.0,0.26690431592533503,0.0,starboard_vae,starboard,False,0.059769079089164734,1.923957109451294,1.503765344619751,1.8889023065567017,vae_candidate_pool_v1,belief_limited_heuristic_v1,322
VAE000306,vae_candidate_000306,0.6252064745611698,-442.056640625,844.5701904296875,1305.7101368182289,-0.9880548714677855,-0.060859306070314936,4.851425846319788,21,8082.352583824307,2620.308078020419,0.9915831698503736,-2.2143970881923227,6946.145647894571,0.27292647416718974,0.797427069895573,0.9814930939180082,0.7999402044653573,1.0,0.1239478962312967,0.9991287313543609,0.5,1.0,0.3388226814230397,0.3388226814230397,inside_convoy_envelope,inside,True,0.08469003438949585,0.7008415460586548,1.5197341442108154,1.8287994861602783,vae_candidate_pool_v1,belief_limited_heuristic_v1,323
VAE000081,vae_candidate_000081,0.6251920330422305,1602.241455078125,-4491.4521484375,4479.257045673834,1.873155600343586,-0.202979052805468,6.123236249470979,10,8628.443177145326,2469.4684731404122,0.46931460604221603,1.0654580004407397,6337.871038825302,0.03260304753276011,0.44163971953038506,0.9997342838612522,0.8750107395336243,1.0,0.058664325755277004,0.9039300232982443,0.23809523809523808,0.0,0.2658963160889391,0.0,ahead_vae,ahead,False,0.1150006353855133,1.6178207397460938,2.0307793617248535,1.373018503189087,vae_candidate_pool_v1,belief_limited_heuristic_v1,324
VAE000037,vae_candidate_000037,0.6251817798196968,-2667.9755859375,533.668701171875,2985.285630241952,-0.04900310713771344,-0.044936032019099355,4.723754001515766,15,8223.20631000976,2746.163651027745,0.6642379098738078,-3.137525578471179,8234.307122730384,0.23467303678907114,0.9372961306027839,0.9862952102190891,0.00406706390630738,1.0,0.08302973873422598,0.9330922692699588,0.35714285714285715,0.0,0.2621902497914012,0.0,astern_vae,astern,False,0.0643017515540123,1.9131050109863281,2.004061698913574,1.4365832805633545,vae_candidate_pool_v1,belief_limited_heuristic_v1,325
VAE001108,vae_candidate_001108,0.6247683038682231,1913.687255859375,677.0877075195312,2279.69304596578,-2.7835399157305654,-0.18557879630176938,5.951498912517413,21,8742.001552039022,1984.8646620807058,1.2102567561228832,-0.5436315341609972,8508.385076669172,1.4796089778277006,0.9972676785094563,0.5455305145068992,0.5172473929639474,1.0,0.1512820945153604,0.9984676044526262,0.5,0.0,0.32546002534875823,0.0,ahead_vae,ahead,False,0.08384903520345688,1.7982592582702637,2.489838123321533,1.9240525960922241,vae_candidate_pool_v1,belief_limited_heuristic_v1,326
VAE001051,vae_candidate_001051,0.6247453772091418,-3363.25,-1422.1767578125,3480.9631628144743,0.38847818795690986,-0.007149009488635181,5.882521643156316,0,8337.244176125472,2369.8348105103005,0.0,2.7459654561442486,8606.53757925984,0.17233081449556528,0.8018089270622025,0.9925938787024533,0.38538701417043286,1.0,0.0,0.9244439906318449,0.0,0.0,0.2781286102838089,0.0,astern_vae,astern,False,0.06280649453401566,2.3257973194122314,2.951093912124634,1.2838313579559326,vae_candidate_pool_v1,belief_limited_heuristic_v1,327
VAE000100,vae_candidate_000100,0.6242311945686068,2853.250732421875,477.4000244140625,3168.3682307517615,-2.918033646798061,0.08656200834132338,5.83756556847171,14,8513.564613173085,2791.349336456671,0.5891181561444743,-0.13699699845040852,8815.008865037269,0.5413345842783412,0.8943975951132073,0.9285108799586262,0.13656886974182947,1.0,0.07363976951805928,0.9602097220319461,0.3333333333333333,0.0,0.2575752000126901,0.0,ahead_vae,ahead,False,0.06968198716640472,0.7281860113143921,2.5888710021972656,1.2639615535736084,vae_candidate_pool_v1,belief_limited_heuristic_v1,328
VAE000849,vae_candidate_000849,0.6240919063081315,271.7196044921875,5658.76171875,5222.790252103317,-1.4258437428531698,-0.1432579992314994,3.112713039014555,37,7736.867735696547,2313.9145067353306,2.066756169497835,-1.8590069099681226,4417.579475643526,0.05151898870014637,0.22173649555757016,0.9993365952047304,0.9587540288088189,1.0,0.2583445211872294,0.9928933352121975,0.8809523809523809,0.0,0.27545357926160857,0.0,port_vae,port,False,0.07989668846130371,1.2869560718536377,2.9080259799957275,1.0975322723388672,vae_candidate_pool_v1,belief_limited_heuristic_v1,329
VAE001153,vae_candidate_001153,0.6240023590806288,727.6295166015625,-4730.775390625,4348.18913253732,1.7819818837503678,0.19830125679140684,5.21444508130104,15,7697.484576460479,2538.9453617958548,0.7675188965441921,1.557912026630832,2637.908583496249,0.39920752217230926,0.4879830294000675,0.9606846550748507,0.9999169985528733,0.6280734722610116,0.09593986206802402,0.899016338316353,0.35714285714285715,0.0,0.26355289768624746,0.0,starboard_vae,starboard,False,0.058793772011995316,1.263790249824524,2.9636218547821045,1.2586321830749512,vae_candidate_pool_v1,belief_limited_heuristic_v1,330
VAE001010,vae_candidate_001010,0.6235290649398566,-879.3665161132812,3238.736328125,3714.5363841002145,-1.1732275428383143,0.0014912590378637503,5.29956942513204,14,8395.178027966444,1841.944630502332,0.905360524448331,-1.966873851713615,4938.224648233317,0.28561416689318064,0.7213324295979238,0.9797443970386257,0.9225813882038657,1.0,0.11317006555604138,0.9848934294054974,0.3333333333333333,1.0,0.3249343067335943,0.3249343067335943,inside_convoy_envelope,inside,True,0.076499804854393,0.9598462581634521,2.9532992839813232,1.5288788080215454,vae_candidate_pool_v1,belief_limited_heuristic_v1,331
VAE001213,vae_candidate_001213,0.6233906854865133,1977.425537109375,-885.556884765625,2233.479277860993,2.777464273647905,0.08910360016950315,4.935404601481504,16,7342.752798904286,1965.7830088393612,1.1084739676219064,0.453231980111392,7462.167780973449,1.199102710823958,0.9947719088257907,0.6815969585378923,0.43787348441406887,1.0,0.1385592459527383,0.8670099131738549,0.38095238095238093,0.0,0.3301398392087702,0.0,ahead_vae,ahead,False,0.054300423711538315,0.8837065696716309,2.9616599082946777,1.3086118698120117,vae_candidate_pool_v1,belief_limited_heuristic_v1,332
VAE000855,vae_candidate_000855,0.6231140044425126,513.5101928710938,3599.213134765625,3824.1104002333664,-1.7566459005747317,0.2725128199962733,5.259673955763985,18,8140.786588098229,2096.2756512634587,1.0547699426256822,-1.1124339330187882,5482.030848936641,0.3827849934308778,0.6815525413273457,0.963814012197287,0.8967783078876513,1.0,0.13184624282821028,0.9202032681945334,0.42857142857142855,1.0,0.29765898026418,0.29765898026418,inside_convoy_envelope,inside,True,0.062100913375616074,2.266663074493408,1.9769566059112549,1.2663506269454956,vae_candidate_pool_v1,belief_limited_heuristic_v1,333
VAE000239,vae_candidate_000239,0.6230303553489757,-397.91668701171875,5340.138671875,5000.694269829278,-1.3989065314104543,0.049364847071027715,4.586802142137976,18,8717.988093216176,3189.4059822392182,0.6473608466573851,-1.693321275108311,4230.996074494997,0.24607881245770558,0.2784364737962274,0.9849375438490219,0.9925032042826247,1.0,0.08092010583217314,0.9775605551922341,0.42857142857142855,0.0,0.23095427810495,0.0,port_vae,port,False,0.07411988079547882,2.1229989528656006,1.8796800374984741,1.4427125453948975,vae_candidate_pool_v1,belief_limited_heuristic_v1,334
VAE000013,vae_candidate_000013,0.6226861320544236,3464.129150390625,-2820.052978515625,4343.845577322178,2.4289797227510572,0.1544358886409077,4.202628841094061,13,8158.453300960008,2126.959819950264,0.7491628524043626,0.867048819479644,6900.809398108965,0.10576190710247203,0.4895449725433284,0.9972062103886202,0.7624226117964261,1.0,0.09364535655054533,0.9951373603179023,0.30952380952380953,0.0,0.29252935595817553,0.0,ahead_vae,ahead,False,0.08117372542619705,0.8382363319396973,2.5334417819976807,1.4549025297164917,vae_candidate_pool_v1,belief_limited_heuristic_v1,335
VAE000029,vae_candidate_000029,0.6224027257505305,-1596.352294921875,-21.285825729370117,1832.3251062957638,0.19156571190272645,-0.030767917855044482,2.3182516972419394,11,7642.9586406524995,2439.2631798913526,0.5900278556136058,2.919259023832023,7992.704396210271,0.5485991949237633,0.9409006456899297,0.9266279341542818,0.22050641012191094,1.0,0.07375348195170073,0.8443808067923648,0.2619047619047619,0.0,0.30787934957333246,0.0,astern_vae,astern,False,0.05137546360492706,1.757953405380249,2.952174425125122,1.7403689622879028,vae_candidate_pool_v1,belief_limited_heuristic_v1,336
VAE001152,vae_candidate_001152,0.6221883159837966,3226.130859375,-3705.243896484375,4719.475056520604,2.1455868470884676,-0.03612514202117255,5.7619991893708935,23,8069.6510404151795,3130.9109786704657,0.9103373503141219,0.959880664480153,7193.496570487634,0.030310999135784833,0.3616759879447415,0.9997703284180135,0.8191231211624403,1.0,0.11379216878926524,0.9143628940206004,0.5476190476190477,0.0,0.2348484478486778,0.0,ahead_vae,ahead,False,0.061155300587415695,1.9093716144561768,2.927633762359619,1.5181459188461304,vae_candidate_pool_v1,belief_limited_heuristic_v1,337
VAE000241,vae_candidate_000241,0.6218451656930696,-1508.28564453125,4323.39501953125,4343.054105545632,-1.190793363089515,0.11935497499911311,6.541221778605015,5,8843.679149725089,2028.5580641690879,0.2787080952407993,-1.831444315501165,4239.115281129457,0.5060813247965665,0.4898297476181285,0.9373254049457561,0.9662231899635145,1.0,0.034838511905099914,0.9123002953799404,0.11904761904761904,0.0,0.30102037253976033,0.0,astern_vae,astern,False,0.06082802638411522,2.0845370292663574,2.0876033306121826,1.1107906103134155,vae_candidate_pool_v1,belief_limited_heuristic_v1,338
VAE000939,vae_candidate_000939,0.6210735421881949,155.60525512695312,3297.132080078125,3283.532311866701,-1.7059144283779648,-0.0598758195367155,4.720606817569733,4,7936.132275370977,1867.8494917026608,0.26984179365256483,-1.4955540447485438,2459.1340910820863,0.26918551559985415,0.8628046421567971,0.9819939126302999,0.9971706347217886,0.5855081169243063,0.033730224206570604,0.9873833884270605,0.09523809523809523,1.0,0.32514515280428324,0.32514515280428324,inside_convoy_envelope,inside,True,0.0970996841788292,1.8706629276275635,2.964224338531494,1.7122879028320312,vae_candidate_pool_v1,belief_limited_heuristic_v1,339
VAE000338,vae_candidate_000338,0.6209738667908753,-359.906494140625,4721.849609375,4653.469289161023,-1.3958876521862424,-0.06678607170988314,4.806034718135904,8,8897.96046334176,2169.7576675702367,0.41436997916536067,-1.8124910731134338,4236.404011171448,0.15285839119650577,0.38291287530114754,0.9941699432752266,0.9709337344726512,1.0,0.051796247395670084,0.9999956041060373,0.19047619047619047,0.0,0.28690871303025683,0.0,port_vae,port,False,0.08708349615335464,2.193999767303467,1.4911701679229736,1.303333044052124,vae_candidate_pool_v1,belief_limited_heuristic_v1,340
VAE001123,vae_candidate_001123,0.620878797060591,975.542236328125,4504.10205078125,4827.168646052786,-1.7936703099994882,0.07582130664014608,5.100963822013215,25,7832.852975991362,2226.147586252272,1.4337257343618428,-1.2721010369501589,4432.577744033995,0.2855826485201523,0.32836204139155517,0.9797488369005576,0.9557212441113987,1.0,0.17921571679523035,0.8994544008268102,0.5952380952380952,0.0,0.2830363347336477,0.0,port_vae,port,False,0.05885899439454079,2.0419416427612305,1.9232341051101685,1.2863332033157349,vae_candidate_pool_v1,belief_limited_heuristic_v1,341
VAE000543,vae_candidate_000543,0.6208705726557439,3687.655517578125,-1522.659423828125,3703.8491386323894,2.8417068758759885,-0.0067320889365567,4.750170320987079,34,7806.083645145014,1708.1001457900297,2.5499542387147676,0.2931536887772481,7966.649582249157,0.0878470577433026,0.725158283175303,0.9980719639948119,0.28897280104765205,1.0,0.31874427983934595,0.8655902957340063,0.8095238095238095,0.0,0.3436137187652696,0.0,ahead_vae,ahead,False,0.05411168560385704,1.2369427680969238,2.511121988296509,1.588011384010315,vae_candidate_pool_v1,belief_limited_heuristic_v1,342
VAE001175,vae_candidate_001175,0.62074550545213,-629.8731079101562,4691.66162109375,4804.444934340479,-1.6194461622590008,0.1563277009768587,4.422017782520598,29,8703.649375646928,3076.2974959047933,1.0830993087691807,-1.3658187903539336,4783.482684389952,0.5948475917975344,0.3352483003884641,0.9141169576763872,0.9790655571153964,1.0,0.1353874135961476,0.7874587082522873,0.6904761904761905,0.0,0.2355613712092464,0.0,port_vae,port,False,0.04460892826318741,2.329535484313965,1.477504014968872,1.3843592405319214,vae_candidate_pool_v1,belief_limited_heuristic_v1,343
VAE000127,vae_candidate_000127,0.620706088211417,2347.380126953125,-536.7677001953125,2366.4217173016364,2.9584090790442805,-0.11770851751962405,4.850892669618683,24,7866.556963494563,2799.211285288091,1.0899105827754234,0.06547505702588931,8032.848682787034,0.8772462156437828,0.9997868845140389,0.8196355871609327,0.06542828530875085,1.0,0.13623882284692793,0.8652665569921331,0.5714285714285714,0.0,0.27156880042022247,0.0,ahead_vae,ahead,False,0.05406875163316727,1.3084014654159546,1.9966211318969727,1.1051881313323975,vae_candidate_pool_v1,belief_limited_heuristic_v1,344
VAE001178,vae_candidate_001178,0.6206928610523428,2890.46142578125,-2361.24755859375,3614.629977600009,2.5044467962749124,-0.24699083988208756,5.271157369252259,15,7796.833515409894,2069.471035312263,0.9296375251328413,0.3901550174327933,7997.987975297395,0.4563598954910226,0.7566234300476931,0.9488312874798686,0.38033178758257286,1.0,0.11620469064160516,0.9646399320542838,0.35714285714285715,0.0,0.30181732710969916,0.0,ahead_vae,ahead,False,0.070708729326725,0.6993760466575623,2.954119920730591,1.5885707139968872,vae_candidate_pool_v1,belief_limited_heuristic_v1,345
VAE000935,vae_candidate_000935,0.6204084868684712,2732.537109375,1018.7146606445312,2714.7232301976337,-2.6705428792968022,-0.08105237799159278,5.107132845787391,2,8849.832864663527,2630.492761604546,0.08591278859218271,-0.5521021522845837,8914.59508837604,1.3546461956432128,0.9814500656727115,0.6072354689651701,0.5244782090938832,1.0,0.010739098574022839,0.9692434495155102,0.047619047619047616,0.0,0.2709751093264481,0.0,ahead_vae,ahead,False,0.07184238731861115,1.0523459911346436,2.8509726524353027,1.7368290424346924,vae_candidate_pool_v1,belief_limited_heuristic_v1,346
VAE000659,vae_candidate_000659,0.6188891745280922,-1447.887939453125,71.25296783447266,1934.226117575926,0.05053777547813455,0.195589390040332,3.8716065909006874,12,8787.951560999834,2731.8788435992724,0.4998413222884133,-2.9965410390275955,9090.539755038475,0.758158392474034,0.9598190945152496,0.8630517518974641,0.14454350243215894,1.0,0.062480165286051666,0.997137834039956,0.2857142857142857,0.0,0.28753473513884836,0.0,astern_vae,astern,False,0.09193849563598633,0.8156059980392456,1.976779580116272,1.6771721839904785,vae_candidate_pool_v1,belief_limited_heuristic_v1,347
VAE000346,vae_candidate_000346,0.6185290645110321,2847.95458984375,-2956.050048828125,4360.9256311456875,2.3290059084887247,-0.03849861229422515,5.069360327226017,10,7878.13728185099,3100.6775585659248,0.4093736164475445,0.7740881328068439,7800.90434549829,0.25166010635071334,0.48341177516305917,0.98425018493853,0.6990643274262683,1.0,0.05117170205594306,0.9894995047393287,0.23809523809523808,0.0,0.2376938079648152,0.0,ahead_vae,ahead,False,0.07830049097537994,0.8814879059791565,2.9265663623809814,1.889591932296753,vae_candidate_pool_v1,belief_limited_heuristic_v1,348
VAE000809,vae_candidate_000809,0.6182756464382441,-2487.58056640625,-2163.014892578125,3455.1920665097773,0.6428322663211934,0.10155746171228222,5.348511994094576,5,8370.618771032297,1327.2377849027166,0.4500530448568908,2.6003178489808825,7857.891636648167,0.08309212441995407,0.8101966224110481,0.9982749175982781,0.5152289845690328,1.0,0.05625663060711135,0.9918901799864454,0.11904761904761904,0.0,0.4181488492139354,0.0,astern_vae,astern,False,0.0793917179107666,0.7555995583534241,1.5162497758865356,1.2731213569641113,vae_candidate_pool_v1,belief_limited_heuristic_v1,349
VAE001201,vae_candidate_001201,0.6170265934868546,3381.285888671875,-2689.65771484375,4587.920398722272,2.339952278425366,0.06467715605056211,5.426823247703912,29,8152.287554448604,2154.9607848148075,1.6507417535487359,0.8663175312149891,6921.6919719559455,0.07991823498696649,0.40457663046109904,0.9984041185982693,0.7619492063956649,1.0,0.20634271919359198,0.889380460388547,0.6904761904761905,0.0,0.2892356513277832,0.0,ahead_vae,ahead,False,0.05738739296793938,2.3380978107452393,2.0863468647003174,1.7809631824493408,vae_candidate_pool_v1,belief_limited_heuristic_v1,350
VAE001078,vae_candidate_001078,0.6170245143050903,3749.898193359375,1219.2196044921875,3882.2852507943426,-2.843795848017856,-0.1662170193384181,3.3060103180011313,6,8675.58125646768,3042.514437736456,0.22731077402865826,-0.4640138249103552,9119.90471079441,0.05659078273944784,0.6601131870826832,0.9991995844734503,0.4475411189710914,1.0,0.028413846753582283,0.9238381485555751,0.14285714285714285,0.0,0.2411817765948373,0.0,ahead_vae,ahead,False,0.0627046525478363,0.8117507696151733,2.567429304122925,1.3122990131378174,vae_candidate_pool_v1,belief_limited_heuristic_v1,351
VAE000895,vae_candidate_000895,0.6164121531558501,-3059.81103515625,3116.5146484375,4243.3152462517855,-0.8086415159713648,0.031053408424864044,7.668011090695023,8,8633.664679273355,2432.0986684450736,0.3809900378215423,-2.301897729193564,7575.161502983202,0.3832602162236262,0.5260766597316153,0.9637252106991504,0.744439458697044,1.0,0.047623754727692785,0.9333219041587437,0.19047619047619047,0.0,0.2692206359552739,0.0,astern_vae,astern,False,0.06434258818626404,1.233096957206726,1.4965698719024658,1.1691114902496338,vae_candidate_pool_v1,belief_limited_heuristic_v1,352
VAE000508,vae_candidate_000508,0.6163103711553256,1891.124755859375,4108.154296875,4712.594453502237,-1.9983633297610892,0.045517936294466925,4.896817720828975,18,8503.061829405618,2588.483708449203,0.8178087108989773,-1.097711387534237,6178.471408878051,0.20864503513159116,0.36386160720584104,0.9891562363402864,0.8901669212714136,1.0,0.10222608886237217,0.8913578920113343,0.42857142857142855,0.0,0.2581962359051259,0.0,ahead_vae,ahead,False,0.05767177417874336,1.1201063394546509,2.936389207839966,1.3126174211502075,vae_candidate_pool_v1,belief_limited_heuristic_v1,353
VAE001151,vae_candidate_001151,0.6162133481899453,-2159.378173828125,-369.7943420410156,1660.7130080267134,0.027755049380405183,0.08347979446554891,4.876783331061161,23,8134.0671035055775,2911.4162192927583,0.97121590965606,-3.085867908504649,8283.59520149038,0.501592884524471,0.9018413298518059,0.9384088896778211,0.055695909710977876,1.0,0.1214019887070075,0.9772567691787658,0.5476190476190477,0.0,0.29612023188855296,0.0,astern_vae,astern,False,0.10050275921821594,0.9706522226333618,2.99019718170166,1.0675690174102783,vae_candidate_pool_v1,belief_limited_heuristic_v1,354
VAE000793,vae_candidate_000793,0.6160905536621036,-14.913818359375,-1551.53662109375,1284.5507804378608,1.7455361260023694,-0.13744312194894565,6.125990676263489,7,9012.033762679388,2872.3968602948444,0.27041500510119104,1.258613405638479,5501.487661310703,0.4958317879998755,0.7904099181268852,0.9397866399210795,0.9516653824603734,1.0,0.03380187563764888,0.9176406296382706,0.16666666666666666,1.0,0.33141671314131227,0.33141671314131227,inside_convoy_envelope,inside,True,0.06168243661522865,1.633991003036499,2.9426002502441406,1.7815171480178833,vae_candidate_pool_v1,belief_limited_heuristic_v1,355
VAE000566,vae_candidate_000566,0.6159632387949658,2279.55419921875,4375.4228515625,4686.861217920562,-2.032702753882961,-0.0720804028424862,5.513009247648571,0,8169.895631993109,3354.0007594069066,0.0,-1.1809703025493183,6207.152480600494,0.11968365111610235,0.37209443294530975,0.9964232284989676,0.9249751894259511,1.0,0.0,0.9799794103190904,0.0,0.0,0.22771586528736473,0.0,ahead_vae,ahead,False,0.07485628873109818,2.0867881774902344,1.9746737480163574,1.514896273612976,vae_candidate_pool_v1,belief_limited_heuristic_v1,356
VAE001212,vae_candidate_001212,0.6159399842721857,-4013.8564453125,-489.1214599609375,3857.056081966995,0.14380830486019633,-0.21260157056365858,3.8367775349681845,18,8110.393175990472,2494.5378546026413,0.8896936643368517,2.785182778165939,8471.073707747733,0.0033330761444897716,0.6694320582180895,0.999997222653425,0.3489119840775853,1.0,0.11121170804210646,0.961001492510747,0.42857142857142855,0.0,0.26796181187544893,0.0,astern_vae,astern,False,0.06986138224601746,1.5208536386489868,2.96412992477417,1.5836846828460693,vae_candidate_pool_v1,belief_limited_heuristic_v1,357
VAE000242,vae_candidate_000242,0.6159068380931292,1757.614501953125,-64.37232971191406,2003.6575839606605,3.1888423235949968,-0.09731032328281539,4.646270257874927,25,8550.113096377247,2308.4563152570254,1.2666204303044606,-0.1445599932880188,8793.479534311702,0.9722295544606017,0.9707414249768938,0.7817295000177729,0.14405702649715282,1.0,0.15832755378805757,0.9743109532404615,0.5952380952380952,0.0,0.30757326845713584,0.0,ahead_vae,ahead,False,0.10134445875883102,1.443969964981079,1.497639536857605,1.938467025756836,vae_candidate_pool_v1,belief_limited_heuristic_v1,358
VAE001147,vae_candidate_001147,0.614707431500004,2209.7724609375,443.79119873046875,2632.6721197125357,-3.0172905953438667,0.16998255682410301,4.491880584847045,5,8241.735224626816,2436.2577406543146,0.24901649395023898,0.04568049857817658,8344.388440148608,0.3073334318041008,0.9898184782238225,0.9765718213783339,0.045664613259075074,1.0,0.031127061743779872,0.8298893744608044,0.11904761904761904,0.0,0.2838782991882464,0.0,ahead_vae,ahead,False,0.04958362877368927,2.1321184635162354,2.487126350402832,1.5313969850540161,vae_candidate_pool_v1,belief_limited_heuristic_v1,359
VAE001203,vae_candidate_001203,0.6145722080909382,-1797.083740234375,-3176.60595703125,3910.5860592656995,1.0054807655677007,0.347442282795468,4.065355817875374,7,8095.426003680856,1925.6906657719508,0.44902632932977127,2.4835541708175612,7582.734332570609,0.34616853700128497,0.649627970286233,0.9703398074280976,0.6115660900967888,1.0,0.05612829116622141,0.9315340881673471,0.16666666666666666,0.0,0.31447049646701036,0.0,astern_vae,astern,False,0.06402628868818283,1.7549842596054077,2.9138870239257812,1.1680071353912354,vae_candidate_pool_v1,belief_limited_heuristic_v1,360
VAE000909,vae_candidate_000909,0.6141030766172948,2290.0107421875,98.47388458251953,2101.8641860410644,-2.9473639510989367,-0.10775959356158878,5.224674822132814,27,8305.827281042153,2587.746273986243,1.2562011205813792,-0.3019882960524452,8699.60904243984,1.3319117404067369,0.9833379232854234,0.618309517592198,0.29741911303691954,1.0,0.1570251400726724,0.9369597072080119,0.6428571428571429,0.0,0.28834119560482996,0.0,ahead_vae,ahead,False,0.06499812006950378,1.2795051336288452,1.9985389709472656,1.8178038597106934,vae_candidate_pool_v1,belief_limited_heuristic_v1,361
VAE000512,vae_candidate_000512,0.6139227541399288,555.7269897460938,1721.1119384765625,1691.7671670514167,-1.9106169575378835,-0.195267057628607,4.914048133250162,0,8282.552704129832,2020.0659653530124,0.0,-1.4262427536805167,3192.1046023162526,0.31522825793172893,0.9095373334116527,0.9753628180393418,0.9895703125728836,0.7600249053133935,0.0,0.7934038003341929,0.0,1.0,0.34374710433457556,0.34374710433457556,inside_convoy_envelope,inside,True,0.0452856719493866,2.2157435417175293,2.6489081382751465,1.7582117319107056,vae_candidate_pool_v1,belief_limited_heuristic_v1,362
VAE000373,vae_candidate_000373,0.6138715435906628,2521.68798828125,-532.5208740234375,2295.2273769190306,2.9901284639346817,0.03294200627287769,4.7887261246184805,14,7793.653779017744,1946.6047655350037,0.9228033116618302,0.1844061959279897,8018.449718289217,0.8948899004282937,0.9979270470894814,0.8128023566426787,0.18336282958411698,1.0,0.11535041395772877,0.9646374005197822,0.3333333333333333,0.0,0.32999038040244527,0.0,ahead_vae,ahead,False,0.07070812582969666,2.17379093170166,2.9493818283081055,1.2344191074371338,vae_candidate_pool_v1,belief_limited_heuristic_v1,363
VAE000983,vae_candidate_000983,0.6134570438354026,-731.0357055664062,-3811.92431640625,3721.7551158217943,1.4491354697905974,0.1969501775420922,5.855261590880751,8,7468.2615503454645,1877.5168774116285,0.5705406835587378,1.889407361341288,4122.440645685734,0.37029009505490507,0.7187421110955042,0.9661112017644231,0.9496714243832929,0.9815334870680319,0.07131758544484222,0.9701303278906002,0.19047619047619047,1.0,0.32178992821243224,0.32178992821243224,inside_convoy_envelope,inside,True,0.10246307402849197,0.9617094397544861,1.9143098592758179,1.6990941762924194,vae_candidate_pool_v1,belief_limited_heuristic_v1,364
VAE000501,vae_candidate_000501,0.61342191075655,3089.97314453125,162.157958984375,3158.7876638416305,-3.0100979027715318,0.011004612382710624,4.246529070320495,4,8264.56930697809,3272.8614192156983,0.14788092167449204,-0.12049013843555072,8598.043902464959,0.5266432872543221,0.8968747334098662,0.9322495683471281,0.12019880656144252,1.0,0.018485115209311506,0.9636368356290633,0.09523809523809523,0.0,0.24046571579331966,0.0,ahead_vae,ahead,False,0.07047117501497269,1.0927424430847168,2.933131217956543,1.9239847660064697,vae_candidate_pool_v1,belief_limited_heuristic_v1,365
VAE000305,vae_candidate_000305,0.6132448236050363,-463.8406982421875,4992.52099609375,4804.6033839089005,-1.6989124722855997,0.07368350811400574,3.8136541737382403,18,8619.9845395082,2876.8972468223374,0.7258412864524376,-1.3689966731901877,4546.245217708858,0.6382862105341832,0.33520001343166267,0.9015590233662951,0.9797074549605226,1.0,0.0907301608065547,0.967946235547343,0.42857142857142855,0.0,0.24357734129738565,0.0,port_vae,port,False,0.07151523232460022,0.9355362057685852,1.980536937713623,1.1061007976531982,vae_candidate_pool_v1,belief_limited_heuristic_v1,366
VAE001021,vae_candidate_001021,0.6125159099689376,-3911.7587890625,-1186.431396484375,4271.199300194082,0.45918216698798364,0.03706335760871195,5.061099949090433,39,7917.070748065002,2539.391527397322,1.9398601203616912,2.7194738442105217,8262.507407385154,0.3108080893275662,0.5158765079237336,0.976043372171638,0.4096941977328482,1.0,0.2424825150452114,0.9822568443002335,0.9285714285714286,0.0,0.26350086384869437,0.0,astern_vae,astern,False,0.09894271939992905,0.6918829083442688,2.932650089263916,1.3522484302520752,vae_candidate_pool_v1,belief_limited_heuristic_v1,367
VAE000880,vae_candidate_000880,0.6124841393573666,-1786.68017578125,186.96359252929688,2150.0166309056913,-0.144748808873982,0.19711062988034367,4.711466325867255,6,7790.928307886022,2687.8885612818067,0.2865172560474254,-2.7997332148354674,8241.176612766267,1.0043742058337155,0.9882563286455796,0.768308190669338,0.3352395091738271,1.0,0.035814657005928174,0.756987448205364,0.14285714285714285,0.0,0.282682044679824,0.0,astern_vae,astern,False,0.04122080281376839,1.6777642965316772,1.4894939661026,1.20930016040802,vae_candidate_pool_v1,belief_limited_heuristic_v1,368
VAE000223,vae_candidate_000223,0.6123614921355925,3431.689453125,-3433.657470703125,4192.311098335478,2.267670596660272,0.004342093695310459,3.589294520656584,6,7568.763367408953,1694.076062912815,0.467943497678915,0.8782641506248317,6136.379790158631,0.06122987539346392,0.5448444034749594,0.9990630183810063,0.7696317198543328,1.0,0.05849293720986438,0.99658518847502,0.14285714285714285,0.0,0.34389954490761676,0.0,ahead_vae,ahead,False,0.09237036108970642,1.437964677810669,1.5157225131988525,1.7709672451019287,vae_candidate_pool_v1,belief_limited_heuristic_v1,369
VAE000107,vae_candidate_000107,0.6123381504779724,1096.67138671875,-4588.0166015625,4768.901061623931,1.916417595016022,-0.283224995625227,6.11396617267769,27,8401.746427357459,2673.8911239823183,1.2018505722237625,0.9419500629485437,7104.402674767856,0.37358577928499725,0.3461748144372799,0.9655123407103698,0.8087066879828034,1.0,0.1502313215279703,0.9660305066346013,0.6428571428571429,0.0,0.25355985611768017,0.0,starboard_vae,starboard,False,0.07104337960481644,0.7507641911506653,2.0072884559631348,1.2759648561477661,vae_candidate_pool_v1,belief_limited_heuristic_v1,370
VAE000658,vae_candidate_000658,0.6123169018128954,3302.279052734375,-412.2551574707031,3233.508662394047,3.0740921656065714,-0.03639183992613373,6.814363329466958,24,8408.323412407573,2907.637075553105,0.9816612227807955,0.03110864805708793,8494.693241431505,0.6275177637438345,0.8769281761241247,0.90474370698025,0.03110363074462873,1.0,0.12270765284759944,0.9695895349378907,0.5714285714285714,0.0,0.252076632284077,0.0,ahead_vae,ahead,False,0.07193077355623245,2.040759325027466,2.936147451400757,1.5129140615463257,vae_candidate_pool_v1,belief_limited_heuristic_v1,371
VAE001177,vae_candidate_001177,0.6123168902698639,3832.83935546875,705.4110107421875,3360.181760843789,-2.8815962094272365,0.09688648565540282,4.714049131147904,6,8164.046694295455,2944.2873286877048,0.24961206922138418,-0.16310995850715382,8533.801555287517,0.10199108069150675,0.8400604066098133,0.9974017083616762,0.16238766710390398,1.0,0.031201508652673023,0.8719913335948505,0.14285714285714285,0.0,0.24969626067062098,0.0,ahead_vae,ahead,False,0.0549689345061779,1.1722708940505981,1.508050799369812,1.03751540184021,vae_candidate_pool_v1,belief_limited_heuristic_v1,372
VAE001184,vae_candidate_001184,0.6119222074053496,3746.3701171875,-2179.696533203125,4204.114245911918,2.5513244701909983,-0.02261654167560987,3.74981182337956,22,8348.181816100388,2608.8701613276553,1.0101324345250742,0.5676516417231857,8441.570364941195,0.073266804535145,0.540489842308714,0.9986585940577395,0.5376534774507781,1.0,0.12626655431563427,0.8630037949181516,0.5238095238095238,0.0,0.2592853496808138,0.0,ahead_vae,ahead,False,0.12076316773891449,1.166879653930664,2.9881787300109863,1.1939178705215454,vae_candidate_pool_v1,belief_limited_heuristic_v1,373
VAE000904,vae_candidate_000904,0.6112676949500535,306.4198913574219,-1797.890380859375,1379.3273284061302,1.710546999919773,0.022814129894429096,5.608034548648034,6,7514.962804190455,2478.1971021072327,0.322172576460416,1.4538597835644496,3338.0451684907466,0.37199539679462146,0.82124610008725,0.9658019618652367,0.99317070981666,0.7947726591644635,0.040271572057552,0.8917497618830404,0.14285714285714285,1.0,0.33778349677821784,0.33778349677821784,inside_convoy_envelope,inside,True,0.05772837996482849,1.3422155380249023,2.9767470359802246,1.6562448740005493,vae_candidate_pool_v1,belief_limited_heuristic_v1,374
VAE000609,vae_candidate_000609,0.6112480502181584,117.88165283203125,-3580.6201171875,3948.1937845540538,1.57997207562877,0.04494767151551362,4.6707035523943805,16,8384.588935693851,2378.0333994189705,0.8024542046955188,1.6065682494765368,2676.3809636939477,0.24921859988786443,0.6356539648411692,0.9845527236851227,0.9993602529981732,0.6372335627842732,0.10030677558693984,0.9593421050009097,0.38095238095238093,1.0,0.2745220806792828,0.2745220806792828,inside_convoy_envelope,inside,True,0.0694873183965683,1.535496711730957,1.9670709371566772,1.2854812145233154,vae_candidate_pool_v1,belief_limited_heuristic_v1,375
VAE000325,vae_candidate_000325,0.6110170845453613,-2240.40966796875,-3690.2373046875,4199.111820276006,1.0321368911038185,0.19889075683336468,5.349291829746316,11,8300.014886231622,1768.4673667735228,0.7494053058410505,2.3083465193193393,6890.44223368365,0.275532669328471,0.5423346203589345,0.9811402081864458,0.740118216664526,1.0,0.09367566323013131,0.9538031864628923,0.2619047619047619,0.0,0.332385771328741,0.0,astern_vae,astern,False,0.1062452495098114,1.1325503587722778,2.3711938858032227,1.8720815181732178,vae_candidate_pool_v1,belief_limited_heuristic_v1,376
VAE000384,vae_candidate_000384,0.6107852302403286,2130.18505859375,3799.46630859375,4615.902436191955,-2.062605418627123,0.003903960876928703,6.257771677777827,19,8236.126282018693,2174.7608529620647,1.0607647935910078,-1.0750832740857412,5830.57192097273,0.16612778205121528,0.3952611389280928,0.993116243622969,0.8796297635515655,1.0,0.13259559919887598,0.8024524245534629,0.4523809523809524,0.0,0.287346573926113,0.0,ahead_vae,ahead,False,0.046327169984579086,1.633910059928894,2.4431252479553223,1.4242867231369019,vae_candidate_pool_v1,belief_limited_heuristic_v1,377
VAE000776,vae_candidate_000776,0.6106581900727663,2515.64306640625,567.9261474609375,2503.4798988351677,-2.861168727780157,-0.08888259300917917,6.322288367307046,14,8599.591172450315,1580.1156594282306,1.0302944333809583,-0.3693065188188151,8590.161075903923,1.1234976298314463,0.9979778338294537,0.7162657847992578,0.360968793594556,1.0,0.12878680417261978,0.9941943531763472,0.3333333333333333,0.0,0.3738017785364848,0.0,ahead_vae,ahead,False,0.09392539411783218,0.6948127746582031,1.5054965019226074,1.3902517557144165,vae_candidate_pool_v1,belief_limited_heuristic_v1,378
VAE000219,vae_candidate_000219,0.610641819223927,-1427.141357421875,-629.521240234375,2098.9762619591793,0.43019998232910606,0.1743068558972382,6.5458867354502,7,8586.871049398016,2381.63952488797,0.34228437140406176,2.8856995271579255,8910.077831709661,0.8835690805837733,0.9830163319416418,0.8171981313762322,0.2531095535811087,1.0,0.04278554642550772,0.8446849343885534,0.16666666666666666,0.0,0.29958133676475407,0.0,astern_vae,astern,False,0.05141368880867958,2.276498556137085,1.519020915031433,1.777234435081482,vae_candidate_pool_v1,belief_limited_heuristic_v1,379
VAE000087,vae_candidate_000087,0.6097343882947507,-999.6619262695312,4651.32373046875,4726.992363215987,-1.4139653912845471,-0.023609015977060752,4.465940700768141,13,8890.322997969923,3406.992092021956,0.42919503268784087,-1.7512362782823068,4947.157705558383,0.672426892351658,0.359295773017123,0.891156146469989,0.9837648332484749,1.0,0.05364937908598011,0.8813854078075039,0.30952380952380953,0.0,0.2250056239563388,0.0,port_vae,port,False,0.05625796318054199,1.6598663330078125,2.4082491397857666,1.3302134275436401,vae_candidate_pool_v1,belief_limited_heuristic_v1,380
VAE000968,vae_candidate_000968,0.6097059216830372,-1473.6513671875,222.33786010742188,2001.8180308956935,-0.10988474013067726,-0.1161038791186343,4.60884826741937,14,7770.710975868612,2414.0967084882723,0.7462985806854899,3.1353735146018367,7785.57420595757,0.5109993907512476,0.9704732566712588,0.9361280960304001,0.006219098897712721,1.0,0.09328732258568624,0.9410062129865495,0.3333333333333333,0.0,0.30201003558232403,0.0,astern_vae,astern,False,0.06574761867523193,2.1590962409973145,1.5143611431121826,1.6543270349502563,vae_candidate_pool_v1,belief_limited_heuristic_v1,381
VAE000722,vae_candidate_000722,0.6092529250707878,-1347.935546875,3876.21142578125,4284.806887056451,-1.2100731592131766,-0.02505892049346505,3.349378489330012,13,8412.5241938659,1830.7156544059765,0.8441043354414681,-1.9565784148700816,4861.663236414702,0.6575668740198315,0.5109162851727688,0.8957408410753503,0.9265044289371861,1.0,0.10551304193018352,0.8087844003491361,0.30952380952380953,0.0,0.32381547139158456,0.0,astern_vae,astern,False,0.047064848244190216,1.4852854013442993,2.94174861907959,1.102999210357666,vae_candidate_pool_v1,belief_limited_heuristic_v1,382
VAE000485,vae_candidate_000485,0.6090498641297077,2565.107666015625,2544.569580078125,4140.734156836162,-2.3299464784191093,0.31153349218061993,4.161404906769855,28,8611.61217467209,2287.5264656213185,1.42137096910655,-0.500112682990064,8653.860211503295,0.004441230133282126,0.5639395550854798,0.9999950688768311,0.47952442418735314,1.0,0.17767137113831874,0.8211762642467243,0.6666666666666666,0.0,0.27974184495100796,0.0,ahead_vae,ahead,False,0.048531800508499146,1.6549636125564575,2.5469939708709717,1.6498981714248657,vae_candidate_pool_v1,belief_limited_heuristic_v1,383
VAE001118,vae_candidate_001118,0.6089716127938082,-464.97998046875,-3043.129638671875,3204.710311840262,1.5701298824154268,-0.15282821361616128,6.211010808427075,10,7666.423523864543,1736.3932412690328,0.7512060994293359,1.4186345575582051,2878.3707280400236,0.6296036272265514,0.8847838952930046,0.9041304828862748,0.9884457170456304,0.6853263638190532,0.09390076242866699,0.896133280803039,0.23809523809523808,1.0,0.342966021251328,0.342966021251328,inside_convoy_envelope,inside,True,0.05836740881204605,1.3371607065200806,1.504619836807251,1.8214094638824463,vae_candidate_pool_v1,belief_limited_heuristic_v1,384
VAE000341,vae_candidate_000341,0.6085397649348904,3956.93896484375,-1048.4864501953125,4174.269278100951,2.798335313186481,0.028287382231937643,5.8696210296684646,27,8133.127384338063,3130.1998323704292,1.0605572712476317,0.3715447226352498,8714.620177803816,0.09717055958690057,0.5515123674911111,0.9976413273692776,0.3630551871089235,1.0,0.13256965890595396,0.9985371376153275,0.6428571428571429,0.0,0.2371528623890739,0.0,ahead_vae,ahead,False,0.08392752707004547,0.9546878337860107,2.0077576637268066,1.5422070026397705,vae_candidate_pool_v1,belief_limited_heuristic_v1,385
VAE000218,vae_candidate_000218,0.6083967541884807,3559.55029296875,3076.35595703125,4811.199597753108,-2.5238588607432177,-0.2558656849318913,5.066955568811887,30,8731.213496188368,2550.886987552794,1.3469622631086187,-0.8735994777784667,7561.685451616809,0.14831367680808105,0.3331931930997989,0.9945108364641486,0.766645019431941,1.0,0.16837028288857733,0.9396071074600384,0.7142857142857143,0.0,0.25973909172540943,0.0,ahead_vae,ahead,False,0.06548592448234558,2.001945972442627,1.4826910495758057,1.5119563341140747,vae_candidate_pool_v1,belief_limited_heuristic_v1,386
VAE000166,vae_candidate_000166,0.6081996830081751,2054.988525390625,-1227.878173828125,2465.7296256664836,2.5303175276411074,0.030289935118774963,2.8051541885896305,10,8404.049425622696,2052.212484911843,0.5798145063260887,0.6415650610674606,7961.135958776937,1.5891996572747245,0.9991836257230334,0.4907988541585666,0.5984500383030331,1.0,0.07247681329076108,0.9546657388448894,0.23809523809523808,0.0,0.31548438441155185,0.0,ahead_vae,ahead,False,0.06846990436315536,1.2230923175811768,2.5607855319976807,1.3589019775390625,vae_candidate_pool_v1,belief_limited_heuristic_v1,387
VAE000573,vae_candidate_000573,0.6081299223841377,-1746.611572265625,-145.30616760253906,1735.9146982785392,0.05192147818964188,-0.16417012351759597,4.233835749527797,7,8206.708162351048,1740.6510907289842,0.49002396903910717,2.9255010518825557,8389.063671249281,0.38686348637897944,0.9200138128558826,0.9630484872756644,0.21441377007705376,1.0,0.061252996129888396,0.9967967938600368,0.16666666666666666,0.0,0.3713289245825278,0.0,astern_vae,astern,False,0.08232349157333374,0.9352751970291138,2.930323600769043,1.913730502128601,vae_candidate_pool_v1,belief_limited_heuristic_v1,388
VAE000497,vae_candidate_000497,0.6078910297289446,2377.21875,-187.39373779296875,2570.160439901808,3.040010508744212,-0.018080906751952976,6.794049210147279,10,8127.099274540777,2194.708982529311,0.5606444071116153,0.08350123809362867,8281.830837462498,0.49602745812133464,0.9945414973713486,0.939740085157881,0.08340423712117925,1.0,0.07008055088895192,0.7225407386821355,0.23809523809523808,0.0,0.30181560618206543,0.0,ahead_vae,ahead,False,0.13701458275318146,0.9445176720619202,2.953827381134033,1.8358027935028076,vae_candidate_pool_v1,belief_limited_heuristic_v1,389
VAE001035,vae_candidate_001035,0.6066768951192023,-1815.00830078125,-970.9210205078125,2042.4027694334968,0.37207317194815187,-0.014783818175958037,6.850107266617516,18,8110.926603636641,1963.1806280431745,1.1304250522778447,2.7547356634656834,8252.192359351506,1.132884781749179,0.9761167145085528,0.712024502224146,0.3772795437536733,1.0,0.1413031315347306,0.7608588080338564,0.42857142857142855,0.0,0.3346937512043741,0.0,astern_vae,astern,False,0.041644588112831116,1.1529512405395508,1.9861855506896973,1.1972249746322632,vae_candidate_pool_v1,belief_limited_heuristic_v1,390
VAE000650,vae_candidate_000650,0.6061481334454056,3105.147216796875,1111.8426513671875,3900.3296367159487,-2.7518126928769044,-0.1174830313706322,5.623801717557884,16,8077.860005009295,1818.6603058994801,1.0891108193626418,-0.5072629920835209,7944.155736993405,0.24716508941880064,0.6534313684506619,0.9848049477188864,0.4857867127202383,1.0,0.13613885242033022,0.9036324552273765,0.38095238095238093,0.0,0.32726859419200227,0.0,ahead_vae,ahead,False,0.05948712304234505,2.186099052429199,2.490593433380127,1.626752495765686,vae_candidate_pool_v1,belief_limited_heuristic_v1,391
VAE000962,vae_candidate_000962,0.6057397513681109,135.69671630859375,-4613.09033203125,4639.192076970078,1.5529726310168528,0.07432958806543466,4.109719395548522,15,8054.492575069896,2428.102329609708,0.7669836179373634,1.662949610638375,3158.997454874532,0.30271087213681325,0.38758405985369593,0.9772659311566085,0.9957568902017678,0.7521422511606028,0.09587295224217042,0.8743974765961898,0.35714285714285715,0.0,0.2687137230278642,0.0,starboard_vae,starboard,False,0.05529545247554779,1.210444688796997,1.475621223449707,1.8786052465438843,vae_candidate_pool_v1,belief_limited_heuristic_v1,392
VAE001036,vae_candidate_001036,0.6046311879401021,1702.046142578125,957.7420043945312,1992.745905248092,-2.6599060699993964,-0.007768632329054736,4.811964191217381,23,8036.575407625348,2437.1600796895855,1.1742829525003602,-0.48945521591945146,8238.812954651168,1.5783085556955536,0.9691336783226467,0.4962439208780713,0.47014513746136416,1.0,0.14678536906254502,0.971712757315861,0.5476190476190477,0.0,0.30064722888878315,0.0,ahead_vae,ahead,False,0.10204906016588211,2.1728010177612305,1.950460433959961,1.1181665658950806,vae_candidate_pool_v1,belief_limited_heuristic_v1,393
VAE000447,vae_candidate_000447,0.6044780905602481,2473.250732421875,-3728.14599609375,4708.567948528333,2.0333412897489955,-0.01636630878324793,6.486666669362899,1,8197.186921542423,2863.760841755701,0.042598902979137016,1.0918850550575503,6318.95156486646,0.03883182843892086,0.36514371356361447,0.9996230696433767,0.8874971490290275,1.0,0.005324862872392127,0.993567326155429,0.023809523809523808,0.0,0.2450647135212843,0.0,ahead_vae,ahead,False,0.08025605231523514,1.476676106452942,1.930567979812622,1.6939092874526978,vae_candidate_pool_v1,belief_limited_heuristic_v1,394
VAE001193,vae_candidate_001193,0.6041874293893285,2266.228515625,1744.712158203125,3065.592143615158,-2.5237610980776046,0.12592426592309883,5.6922308728062925,26,9453.213901945537,3479.301859083625,0.7904997808490903,-0.49190728958908975,9975.682425341474,1.6194734163341205,0.9196654190533006,0.4756710656225911,0.47230789541594503,1.0,0.09881247260613629,0.9165019761579561,0.6190476190476191,0.0,0.23450881536685872,0.0,ahead_vae,ahead,False,0.061498306691646576,2.183663845062256,2.6010334491729736,1.7874587774276733,vae_candidate_pool_v1,belief_limited_heuristic_v1,395
VAE001082,vae_candidate_001082,0.6039265705436653,2382.316162109375,3769.705078125,4612.716636706625,-2.1963222432181317,-0.0928068746264822,5.542230685777974,18,8152.695316377715,1779.7287648874526,1.2405591411122148,-1.0380772849981437,5673.680870053649,0.2561584497557352,0.39631672701618836,0.9836852164085469,0.861429316478509,1.0,0.15506989263902685,0.962534777245676,0.42857142857142855,0.0,0.3297040644523757,0.0,ahead_vae,ahead,False,0.07021372020244598,1.0695033073425293,2.0422146320343018,1.9171111583709717,vae_candidate_pool_v1,belief_limited_heuristic_v1,396
VAE000648,vae_candidate_000648,0.6037712110672813,739.4798583984375,5069.8232421875,5266.901548959649,-1.6772663027431793,-0.06107366381315108,5.866676985315822,25,7300.186303125864,3215.358236137125,1.0650664356417239,-1.5254000146597648,3543.333380533325,0.08608815788403157,0.21146204904645877,0.9981483512656916,0.998969764368456,0.8436508048888869,0.13313330445521548,0.9830227025887568,0.5952380952380952,0.0,0.2317877094471528,0.0,port_vae,port,False,0.09868572652339935,1.275840163230896,2.017951011657715,1.2028744220733643,vae_candidate_pool_v1,belief_limited_heuristic_v1,397
VAE000976,vae_candidate_000976,0.6037320265834104,-13.637542724609375,-5029.8154296875,4862.111282132426,1.3920927035333057,0.10953624986919472,5.402014008450428,11,7500.147910286679,2289.2078434966916,0.640674784827997,1.8590361999256821,4326.79887098341,0.20418751157501647,0.3179267689639434,0.9896130286525243,0.9587457031058302,1.0,0.08008434810349963,0.9634763952664499,0.2619047619047619,0.0,0.2785903189292193,0.0,starboard_vae,starboard,False,0.07043346762657166,1.349181890487671,2.951087474822998,1.773357629776001,vae_candidate_pool_v1,belief_limited_heuristic_v1,398
VAE000342,vae_candidate_000342,0.6037275423822215,2212.40625,163.51962280273438,2325.64454756048,-3.0205240182626625,-0.08927436629150484,5.40236225496583,11,8742.749727334447,2392.903547499721,0.5257986240745596,-0.21034300161863548,9049.681027952605,1.1292654856823605,0.9989554167876185,0.7136619982393427,0.20879535376368255,1.0,0.06572482800931995,0.9974286864509034,0.2619047619047619,0.0,0.2923182768026624,0.0,ahead_vae,ahead,False,0.0916944295167923,0.8442785739898682,1.5172269344329834,1.3787424564361572,vae_candidate_pool_v1,belief_limited_heuristic_v1,399
VAE000771,vae_candidate_000771,0.6035809383938429,-626.5387573242188,4983.13232421875,4719.840142221267,-1.3651870809500988,-0.11716737971858653,5.826014244507969,12,8699.752633541453,2304.09158808702,0.5986522284547042,-1.893572952358281,4944.674816570131,0.15409030419853711,0.361560205375263,0.9940757804351673,0.9483583265173174,1.0,0.07483152855683803,0.78736527017043,0.2857142857142857,0.0,0.27623700627034453,0.0,port_vae,port,False,0.04459833726286888,1.1054575443267822,2.96596622467041,1.746724247932434,vae_candidate_pool_v1,belief_limited_heuristic_v1,400
VAE000719,vae_candidate_000719,0.6030275042582011,2428.496826171875,-4356.974609375,4976.180836841129,2.142277939223403,0.17542411419061982,4.925157963777949,13,7957.864520701411,2767.1831278721484,0.5903491062594496,1.1747388285570104,5622.990161368356,0.18407083387438353,0.28519671020897686,0.991553371592347,0.922589114362729,1.0,0.0737936382824312,0.9990460266839721,0.30952380952380953,0.0,0.24895938817892804,0.0,ahead_vae,ahead,False,0.08457046747207642,1.9099206924438477,1.916738748550415,1.7750234603881836,vae_candidate_pool_v1,belief_limited_heuristic_v1,401
VAE000454,vae_candidate_000454,0.6029626467189673,1735.18701171875,1260.2598876953125,1871.3803603609683,-2.5236035488201787,-0.051142720928768745,6.163304670778006,10,8110.632849002969,2232.6239028844225,0.5522423235480741,-0.6691318256983831,7746.568341038709,1.5071313550888414,0.9485469844763115,0.5318109861535201,0.6203052592678566,1.0,0.06903029044350927,0.9230170742840208,0.23809523809523808,0.0,0.3184836575643268,0.0,ahead_vae,ahead,False,0.11196573078632355,0.8268734812736511,2.498356819152832,1.7143486738204956,vae_candidate_pool_v1,belief_limited_heuristic_v1,402
VAE001029,vae_candidate_001029,0.6028528035863548,-1664.96240234375,-4456.431640625,4455.150288920957,1.0206488726405771,-0.10397167197225046,6.313783333399681,4,8410.418865468417,1696.759947210392,0.28029926686226375,2.016972108976965,5159.908122117803,0.17610227782082497,0.45003938760703394,0.9922670125879594,0.9021039168937738,1.0,0.03503740835778297,0.9960680090776735,0.09523809523809523,0.0,0.34166218523116676,0.0,astern_vae,astern,False,0.09274394810199738,2.112736701965332,1.5055221319198608,1.694475531578064,vae_candidate_pool_v1,belief_limited_heuristic_v1,403
VAE000392,vae_candidate_000392,0.6025305406491178,2244.903564453125,4551.0,4851.717005138834,-2.1416954167732873,-0.2302198860912115,4.260200325602484,0,7851.243295669816,3714.4605990423916,0.0,-1.2301171229077172,6124.297926226885,0.26983281047802965,0.32101126318168305,0.9819077387986266,0.9425279423616527,1.0,0.0,0.9672243464302828,0.0,0.0,0.21846763701879324,0.0,ahead_vae,ahead,False,0.07133589684963226,2.270198345184326,2.447678565979004,1.4466785192489624,vae_candidate_pool_v1,belief_limited_heuristic_v1,404
VAE001179,vae_candidate_001179,0.6024433323966896,-1111.906005859375,-670.4703369140625,1942.1206909661803,0.6981341650280805,-0.1742049967883304,5.433560683963919,16,8574.261383966159,2381.387758390115,0.7835976901685072,2.269253491773382,7337.316988921353,1.1747686056027835,0.9611430417283796,0.6928782842757153,0.7658351982075174,1.0,0.0979497112710634,0.8469402082993849,0.38095238095238093,1.0,0.3052857421798476,0.3052857421798476,inside_convoy_envelope,inside,True,0.051697999238967896,1.9799602031707764,2.963317394256592,1.5217618942260742,vae_candidate_pool_v1,belief_limited_heuristic_v1,405
VAE000320,vae_candidate_000320,0.6022168480877231,2953.03662109375,245.54904174804688,3497.081164458391,-3.0822685727407744,-0.08622755252271933,6.8527593459119505,15,8276.970606239922,2493.0162267871947,0.7269335962730183,-0.14555163337173807,8551.033036477733,0.45956290547148265,0.7965055454275763,0.9481232296058522,0.14503825217757657,1.0,0.0908666995341273,0.9997658879406587,0.35714285714285715,0.0,0.27025816827915045,0.0,ahead_vae,ahead,False,0.08593114465475082,2.254998207092285,1.5046672821044922,1.9393815994262695,vae_candidate_pool_v1,belief_limited_heuristic_v1,406
VAE000173,vae_candidate_000173,0.6018189642322458,-1071.614013671875,4707.751953125,4771.717423411467,-1.3273390993126988,0.04008783984790644,6.090584548775473,6,8450.452070558229,3053.7216583395034,0.23251011888997705,-1.7741657144291878,4697.530770364026,0.552642632514802,0.34530221423828533,0.925570138298681,0.9793916218898837,1.0,0.02906376486124713,0.9190101110581584,0.14285714285714285,0.0,0.23684901353971227,0.0,port_vae,port,False,0.061905357986688614,0.7762812376022339,1.8947778940200806,1.2167961597442627,vae_candidate_pool_v1,belief_limited_heuristic_v1,407
VAE000918,vae_candidate_000918,0.6015701563932663,-537.7999877929688,-4864.60302734375,5005.5447321104475,1.5150970571228823,0.10991340868252547,6.150100188048268,22,8076.0418095191935,3142.764098441544,0.8667868996385789,1.7364090051494367,4431.152599883632,0.5356011200294977,0.27711047994209104,0.9299809991027743,0.986317536366489,1.0,0.10834836245482236,0.8205503355830578,0.5238095238095238,0.0,0.23346992093986635,0.0,starboard_vae,starboard,False,0.048456914722919464,1.992065191268921,1.4795827865600586,1.0427536964416504,vae_candidate_pool_v1,belief_limited_heuristic_v1,408
VAE000864,vae_candidate_000864,0.6013550306724325,-3411.150634765625,1948.3798828125,4226.11930610069,-0.5682018062340749,0.0559933432203485,6.30925460861263,11,8517.143094314873,2628.3940153166222,0.4913695860053732,-2.51739750413537,8447.24766229501,0.26137826853999746,0.5323893015854474,0.9830173671605211,0.5844443793933216,1.0,0.06142119825067165,0.9173536953322269,0.2619047619047619,0.0,0.2579112394625366,0.0,astern_vae,astern,False,0.06163593381643295,1.823244571685791,2.4861950874328613,1.126427173614502,vae_candidate_pool_v1,belief_limited_heuristic_v1,409
VAE000975,vae_candidate_000975,0.6011127285153254,-756.7478637695312,-1079.3538818359375,1269.8598224778373,0.8597166109710097,-0.032965909389320834,4.473673675687923,15,7752.227390346223,2857.2957456300273,0.6771884799166782,2.248910133229463,7088.30810653675,0.048201137496399316,0.7854960478246851,0.9994192750346715,0.7787573602085686,1.0,0.08464855998958477,0.8278329526678083,0.35714285714285715,1.0,0.335117449925403,0.335117449925403,inside_convoy_envelope,inside,True,0.049333758652210236,1.4426130056381226,2.3381876945495605,1.9471375942230225,vae_candidate_pool_v1,belief_limited_heuristic_v1,410
VAE000557,vae_candidate_000557,0.6003628512390784,-1573.2255859375,-80.0092544555664,1305.6614703648884,-0.07325221215487707,0.06388423914276718,4.894379940084167,28,7909.686627677588,3186.1798585539764,1.1110368559072255,-3.004456202292149,8270.999863895611,0.44283571815360734,0.7974110140694433,0.9517700914395639,0.1367070146682316,1.0,0.13887960698840318,0.9683198623683745,0.6666666666666666,0.0,0.32118009251292345,0.0,astern_vae,astern,False,0.07160880416631699,1.1590220928192139,2.001166820526123,1.3982661962509155,vae_candidate_pool_v1,belief_limited_heuristic_v1,411
VAE000500,vae_candidate_000500,0.600356411317953,3639.88525390625,947.9736328125,3614.673963705844,-2.9133405923788147,0.08785641392521765,4.326168128566459,11,7374.244072382586,2850.8492555263338,0.5232399839682933,-0.14039564728576076,7700.619986417134,0.021334958867011533,0.7566081467491352,0.9998862091989131,0.13993487998341925,1.0,0.06540499799603666,0.9874356995669111,0.2619047619047619,0.0,0.25272984351958794,0.0,ahead_vae,ahead,False,0.07745377719402313,1.44350004196167,1.968215823173523,1.8989403247833252,vae_candidate_pool_v1,belief_limited_heuristic_v1,412
VAE000810,vae_candidate_000810,0.6003028760495317,-3896.6259765625,2518.285400390625,4456.665774664314,-0.6612266705382646,0.15176615852304182,5.257227239023478,16,8679.341588274057,3177.071099096042,0.5802381338938318,-2.328599824528487,8273.209304517653,0.29531726171911216,0.44950957215319615,0.978354926772219,0.7263474785104316,1.0,0.07252976673672898,0.7184533697768958,0.38095238095238093,0.0,0.2334248470142263,0.0,astern_vae,astern,False,0.03708600997924805,2.373685598373413,1.5050793886184692,1.610159993171692,vae_candidate_pool_v1,belief_limited_heuristic_v1,413
VAE000941,vae_candidate_000941,0.6002684985841421,2885.882568359375,1154.56396484375,3172.648787833709,-2.871121076450471,-0.007858170325943168,4.866822875304622,4,8227.021033452667,2078.098204940331,0.23396522761174757,-0.2783297474652654,8481.367337277674,0.8095210138123988,0.8932830133494581,0.8449226386979098,0.27475005854800477,1.0,0.029245653451468446,0.9948111680248771,0.09523809523809523,0.0,0.3038481234066634,0.0,ahead_vae,ahead,False,0.08097217231988907,1.4188446998596191,2.937676191329956,1.8802094459533691,vae_candidate_pool_v1,belief_limited_heuristic_v1,414
VAE000948,vae_candidate_000948,0.6001522694788364,1597.24462890625,890.9849243164062,1489.039271090408,-2.6284964002815614,0.00792283649761423,4.978640186783252,11,8428.601306581435,1505.6235278167171,0.866803749635672,-0.5051734168106174,8104.449807739982,0.767477819248715,0.8548140222567955,0.8598320815964196,0.4839592030144233,1.0,0.108350468704459,0.9560331039692618,0.2619047619047619,0.0,0.41979060727437184,0.0,ahead_vae,ahead,False,0.06876211613416672,2.3313732147216797,1.5005438327789307,1.3734686374664307,vae_candidate_pool_v1,belief_limited_heuristic_v1,415
VAE000381,vae_candidate_000381,0.6000015581977529,3538.988037109375,1161.4110107421875,3801.1247267699528,-2.8275741697841004,0.010612943839790846,4.958566417709529,9,8315.922110511105,2736.2873056945573,0.39552177751798,-0.3034055399659019,8753.614408259104,0.21494487955519403,0.6899708320849492,0.9884940762639234,0.2987719232911557,1.0,0.0494402221897475,0.9635367835554627,0.21428571428571427,0.0,0.2550435996442474,0.0,ahead_vae,ahead,False,0.104085274040699,1.4770309925079346,1.897468090057373,1.5616230964660645,vae_candidate_pool_v1,belief_limited_heuristic_v1,416
VAE000542,vae_candidate_000542,0.5988610905357001,-826.0028686523438,-3892.510986328125,4545.863257563615,1.3896545957518505,0.14863675110805752,4.308201743317236,13,8990.771922692045,3403.73562450072,0.4248059113703279,1.900574808946,6131.835009036537,0.3691130857080809,0.41875921464741683,0.9663238503832737,0.9461141016311767,1.0,0.05310073892129099,0.9976228596528456,0.30952380952380953,1.0,0.2256971531671867,0.2256971531671867,inside_convoy_envelope,inside,True,0.09152375161647797,0.7100884914398193,1.5092291831970215,1.6616328954696655,vae_candidate_pool_v1,belief_limited_heuristic_v1,417
VAE000027,vae_candidate_000027,0.5986709609788623,-640.3912963867188,4625.11181640625,4700.996042051312,-1.5804531192154927,0.004943859854033259,3.1999919437244824,22,8421.372261976741,2412.8360643169317,1.0827096304060224,-1.5561956745202672,2535.5320452970004,0.47699180523819695,0.367560881146794,0.9441900145355661,0.9998934123701186,0.6036981060230954,0.1353387038007528,0.9992273205061608,0.5238095238095238,0.0,0.2690168650847552,0.0,port_vae,port,False,0.08484023809432983,1.8518354892730713,2.380859136581421,1.256635308265686,vae_candidate_pool_v1,belief_limited_heuristic_v1,418
VAE000801,vae_candidate_000801,0.5985128264210556,1983.324462890625,3850.72412109375,4637.302326320301,-2.0222482596705693,0.1643035472202887,3.8380536959374973,17,7684.0348003950485,2182.7914502081458,1.0135550790162937,-0.9550408466989351,6220.003729751245,0.03137270885051801,0.388204357424126,0.9997539584663055,0.8163373331757211,1.0,0.12669438487703671,0.8330620200117075,0.40476190476190477,0.0,0.2873766131147136,0.0,ahead_vae,ahead,False,0.12456174194812775,2.2366442680358887,2.9382216930389404,1.1609529256820679,vae_candidate_pool_v1,belief_limited_heuristic_v1,419
VAE000502,vae_candidate_000502,0.5981110182332505,397.0821533203125,1687.7283935546875,1254.5993888021262,-1.9584152722141521,-0.10507113361192394,3.0986780139750216,5,7980.668341887024,2472.2063428107817,0.25342299844565164,-1.2882485149875649,4599.215922895635,0.3522183158493406,0.7803566153033369,0.969304873269884,0.9603482176185755,1.0,0.031677874805706455,0.8324678419022431,0.11904761904761904,1.0,0.35179867807832305,0.35179867807832305,inside_convoy_envelope,inside,True,0.049898408353328705,1.7123456001281738,1.4986141920089722,1.8027455806732178,vae_candidate_pool_v1,belief_limited_heuristic_v1,420
VAE000744,vae_candidate_000744,0.5973615007709332,-2101.47607421875,-3822.946533203125,4669.005630593103,1.0288709293487883,-0.05104710456551722,5.172014963721387,7,9037.081026211523,2757.269580455694,0.28092515835445614,2.0616746196754874,6691.774801521239,0.4429314967832433,0.37786058582626525,0.951749568634652,0.8819191709812129,1.0,0.03511564479430702,0.9148760895665805,0.16666666666666666,0.0,0.2489815367432639,0.0,astern_vae,astern,False,0.06123725324869156,1.894805908203125,2.9478583335876465,1.7018860578536987,vae_candidate_pool_v1,belief_limited_heuristic_v1,421
VAE000339,vae_candidate_000339,0.5972955537773508,2995.007080078125,-25.33037757873535,3082.146480990429,3.1779698494065034,0.0021029837512188446,5.653283939540225,20,7722.5766251137175,3119.4717570888215,0.8302076129476914,-0.03427421206549106,7824.937635028463,0.8509805202174467,0.9157948381413,0.8296230915581848,0.03426750201667983,1.0,0.10377595161846143,0.9086492690208521,0.47619047619047616,0.0,0.24710391984711477,0.0,ahead_vae,ahead,False,0.06025666743516922,1.0556509494781494,2.609863758087158,1.7998464107513428,vae_candidate_pool_v1,belief_limited_heuristic_v1,422
VAE000285,vae_candidate_000285,0.5962575411388262,3531.11083984375,-1581.884765625,4069.1413501576753,2.5558813282744954,0.038281715626018974,5.694809355266692,12,7985.38439905564,2554.9191432631965,0.5881772990441556,0.6239930409413177,7973.34280149286,0.49239654815538536,0.5905740355351058,0.9406012241362718,0.5842803697845157,1.0,0.07352216238051945,0.761856325467764,0.2857142857142857,0.0,0.26345771875827206,0.0,ahead_vae,ahead,False,0.04175407066941261,1.4118359088897705,2.5571608543395996,1.1103017330169678,vae_candidate_pool_v1,belief_limited_heuristic_v1,423
VAE000863,vae_candidate_000863,0.5962450074456825,2623.258544921875,-4216.984375,4813.841876398628,1.9982190676471194,0.2544061641493004,3.96281424349855,24,8613.110209217926,1764.6509655398,1.5790374102248006,1.3977797500919744,3221.091724997771,0.1107330664188837,0.33239115151596843,0.9969376780544094,0.9850699318741286,0.7669266011899455,0.19737967627810007,0.9579027344815888,0.5714285714285714,0.0,0.33075100933693335,0.0,ahead_vae,ahead,False,0.10536432266235352,0.7291711568832397,1.4971842765808105,1.9294847249984741,vae_candidate_pool_v1,belief_limited_heuristic_v1,424
VAE000011,vae_candidate_000011,0.5961734056612632,614.6226196289062,4504.19580078125,4525.434283536008,-1.6059732969871512,0.09411307378107893,4.401842049950315,1,7204.467001476613,2401.1701861478323,0.05780630382103951,-1.441506282821563,3310.0022201956995,0.21372880786367035,0.4257239054477263,0.9886234051723134,0.991653678355663,0.7880957667132618,0.007225787977629939,0.8436753416654104,0.023809523809523808,0.0,0.272316944776853,0.0,port_vae,port,False,0.05128689855337143,1.5397061109542847,2.023693084716797,1.0849088430404663,vae_candidate_pool_v1,belief_limited_heuristic_v1,425
VAE000034,vae_candidate_000034,0.5961531901091691,3010.18896484375,-3673.52001953125,4707.9650334844,2.201049770753646,-0.07530619103520629,4.280428327559346,25,7337.9958214750295,1995.625526810514,1.7071964461883145,0.8652366918009406,6277.563899793988,0.0946006110278752,0.3653358874964386,0.9977643491325853,0.7612487701076538,1.0,0.2133995557735393,0.9019345227459062,0.5952380952380952,0.0,0.3051155258191019,0.0,ahead_vae,ahead,False,0.059230510145425797,1.4631391763687134,2.911081075668335,1.8736956119537354,vae_candidate_pool_v1,belief_limited_heuristic_v1,426
VAE000266,vae_candidate_000266,0.5960943447427796,3775.724365234375,-2005.4183349609375,4496.01081782503,2.5097149725339167,-0.01983549084823568,5.38687322023479,35,8194.625767209784,2710.43372973879,1.5757964805141171,0.6120421902076407,8264.360818166333,0.428127973147606,0.4358382080956697,0.9548722749137286,0.574540141509587,1.0,0.19697456006426464,0.8230470387042971,0.8333333333333334,0.0,0.2529781088698598,0.0,ahead_vae,ahead,False,0.04875614494085312,1.896159052848816,2.956209421157837,1.3503539562225342,vae_candidate_pool_v1,belief_limited_heuristic_v1,427
VAE000898,vae_candidate_000898,0.5955416755219828,-888.6753540039062,-4739.32666015625,4374.177121446884,1.3440468621378148,-0.21599483388911656,4.651906582024967,32,8284.339453791608,1677.5365068739509,2.3026085461514554,1.5815509575628621,1766.5327886318767,0.5024306045737966,0.4786699712514282,0.9382073384120264,0.9999421695159251,0.42060304491235156,0.2878260682689319,0.8401393294296342,0.7619047619047619,0.0,0.3449519465853361,0.0,starboard_vae,starboard,False,0.05084512382745743,2.2822086811065674,1.968914270401001,1.3282581567764282,vae_candidate_pool_v1,belief_limited_heuristic_v1,428
VAE000677,vae_candidate_000677,0.5952534379584008,713.7759399414062,3721.465576171875,3883.6160396609093,-1.9516224621225584,0.11795702704120911,5.897530027254143,9,7839.360210059664,2150.794611052061,0.5337808015770984,-1.0720131644260256,5638.76843422673,0.5112338046506184,0.6596208454288305,0.9360707640815102,0.878165295067644,1.0,0.0667226001971373,0.9287964522186426,0.21428571428571427,1.0,0.29292590866794804,0.29292590866794804,inside_convoy_envelope,inside,True,0.0635489746928215,2.270700693130493,2.9697346687316895,1.722902774810791,vae_candidate_pool_v1,belief_limited_heuristic_v1,429
VAE000465,vae_candidate_000465,0.5951577662690081,2985.267822265625,1161.0458984375,3318.689868878058,-2.90796990067328,0.14710530671004948,3.4891106121631434,12,8088.976588655576,2385.9814751129416,0.6217568807104061,-0.08651744620646366,8264.892978103719,0.32215302947748903,0.8525319208714959,0.9742779737107302,0.0864095522093872,1.0,0.07771961008880077,0.8480139231894211,0.2857142857142857,0.0,0.27871269693654144,0.0,ahead_vae,ahead,False,0.05183389037847519,1.3945573568344116,2.4834277629852295,1.4691646099090576,vae_candidate_pool_v1,belief_limited_heuristic_v1,430
VAE001104,vae_candidate_001104,0.5942289711808354,3510.804443359375,-1276.9656982421875,4257.737717874565,2.719634479688277,0.05826736179957048,4.301576305305261,15,8720.659477792617,2862.678322213874,0.6008545872480743,0.4802255357010863,9056.77012467058,0.17068867160197732,0.5207950161520021,0.9927340110617398,0.46197921281704485,1.0,0.07510682340600928,0.9955916575765374,0.35714285714285715,0.0,0.24623973636667826,0.0,ahead_vae,ahead,False,0.08146597445011139,0.7581598162651062,2.5290348529815674,1.924966812133789,vae_candidate_pool_v1,belief_limited_heuristic_v1,431
VAE001008,vae_candidate_001008,0.5939553903740986,439.93084716796875,-4845.47509765625,4776.353382957402,1.762183526202568,0.048241075739520516,5.131316496496811,14,7793.268989055277,2115.5509099215183,0.8491509275642969,1.4276502031267457,3205.683520816634,0.29530668258068804,0.3438683855283874,0.9783564662396174,0.9897720764196403,0.7632579811468176,0.10614386594553711,0.9978976274523522,0.3333333333333333,0.0,0.292639990089101,0.0,starboard_vae,starboard,False,0.08326304703950882,2.3505568504333496,1.4915854930877686,1.6050022840499878,vae_candidate_pool_v1,belief_limited_heuristic_v1,432
VAE000456,vae_candidate_000456,0.593914146224299,2020.743896484375,-4420.630859375,4846.641323968647,2.103591785610719,-0.02173143915516462,5.074777891887171,26,8143.010299697845,1991.3424339673172,1.6034019799138164,1.0162694288239094,5980.569080395871,0.24230401577702754,0.3225235370781564,0.9853938632839297,0.850149643090326,1.0,0.20042524748922705,0.8632688874341593,0.6190476190476191,0.0,0.3040229631854549,0.0,ahead_vae,ahead,False,0.05380468815565109,1.390815019607544,2.942296266555786,1.8552651405334473,vae_candidate_pool_v1,belief_limited_heuristic_v1,433
VAE000478,vae_candidate_000478,0.5938136979707525,-3198.77197265625,2071.556640625,3933.662781656933,-0.4640250342213406,-0.07221751115429051,4.890426869995703,10,8313.059089560318,2837.1982572395204,0.4239839807505672,-2.749785130522743,8766.509737784736,0.2129612851483632,0.6410579314314231,0.9887046590724751,0.38185958760929506,1.0,0.0529979975938209,0.8402536727125623,0.23809523809523808,0.0,0.24960697416878824,0.0,astern_vae,astern,False,0.05085935443639755,0.7132107019424438,2.4603278636932373,1.2806075811386108,vae_candidate_pool_v1,belief_limited_heuristic_v1,434
VAE000269,vae_candidate_000269,0.5936240599790307,-3037.621826171875,-383.6407775878906,3212.73435939016,0.13325420396809592,0.19238315784420876,6.784070876718007,17,8093.716375644843,1913.8413604496002,1.0974759296088883,-3.08246369971368,8192.669245641073,0.28302831374310755,0.882615832655042,0.9801070706084121,0.059094505130236445,1.0,0.13718449120111104,0.8153206382616812,0.40476190476190477,0.0,0.320257309628717,0.0,astern_vae,astern,False,0.04783459007740021,1.859520435333252,1.842123031616211,1.780347228050232,vae_candidate_pool_v1,belief_limited_heuristic_v1,435
VAE000630,vae_candidate_000630,0.5935168992181844,-588.7006225585938,-4990.31591796875,4830.633214572917,1.2904603520765003,0.10126685414961278,3.9417117637443524,13,8250.57267933094,2145.419794597973,0.7344241928965077,1.9523991556629057,5063.680687416762,0.35761153392258427,0.3273190143842471,0.9683677741985894,0.9280689208974546,1.0,0.09180302411206347,0.9397981820616331,0.30952380952380953,0.0,0.28921638112931014,0.0,starboard_vae,starboard,False,0.06552150100469589,0.7498563528060913,1.8826470375061035,1.6081126928329468,vae_candidate_pool_v1,belief_limited_heuristic_v1,436
VAE000917,vae_candidate_000917,0.5932772597199332,-719.3822631835938,3753.133544921875,4195.064280612569,-1.3573859424693255,-0.054366402459827254,5.448281434774938,11,8331.698700139385,2540.7693798700343,0.5196296000565326,-1.8385731135802947,4654.68862939663,0.5653381033897663,0.5438281003785074,0.9222037631251827,0.9643615149290459,1.0,0.06495370000706657,0.8973876003287945,0.2619047619047619,1.0,0.2631687876470391,0.2631687876470391,inside_convoy_envelope,inside,True,0.058552294969558716,0.7614388465881348,1.4839922189712524,1.1233329772949219,vae_candidate_pool_v1,belief_limited_heuristic_v1,437
VAE000991,vae_candidate_000991,0.5930416388182931,2418.032958984375,4180.59423828125,4977.07564912951,-2.129751019573681,-0.20030950490209357,4.8996446715361825,8,8273.53205828416,2478.480876579852,0.3901336946520521,-1.2121511389182056,5224.842090774469,0.11879940880210514,0.2849482177188807,0.9964758228575243,0.9363732300072867,1.0,0.048766711831506514,0.9922505370857456,0.19047619047619047,0.0,0.26417636486675167,0.0,ahead_vae,ahead,False,0.09496356546878815,0.713204026222229,2.596174955368042,1.7265030145645142,vae_candidate_pool_v1,belief_limited_heuristic_v1,438
VAE001062,vae_candidate_001062,0.5929468711683744,956.2720947265625,-5333.97705078125,5095.723058436927,1.6581879605988379,-0.0293551303815552,4.354121535142962,8,8557.072023192135,2899.372570591647,0.32244880639388684,1.4540495626094005,3876.378687777307,0.02152761149507354,0.2531661173344438,0.9998841449602358,0.9931928334951464,0.9229473066136444,0.040306100799235856,0.9780352315826853,0.19047619047619047,0.0,0.2418075846265053,0.0,starboard_vae,starboard,False,0.10027167946100235,2.3535287380218506,2.9052939414978027,1.42442786693573,vae_candidate_pool_v1,belief_limited_heuristic_v1,439
VAE001220,vae_candidate_001220,0.5924459935995238,-4437.83642578125,3165.156005859375,4759.423741934903,-0.6041663828091914,0.11250215539618069,4.858508816551648,24,8152.860923281186,3266.5008975067813,0.9011942787734105,-2.424924115384421,8292.93038251756,0.2769839875951218,0.3491197336934056,0.980942279037794,0.6568764054084174,1.0,0.11264928484667631,0.9765895455840992,0.5714285714285714,0.0,0.23010819602430696,0.0,astern_vae,astern,False,0.07383512705564499,1.0720324516296387,2.8512778282165527,1.3571749925613403,vae_candidate_pool_v1,belief_limited_heuristic_v1,440
VAE000892,vae_candidate_000892,0.5922771778312094,-2334.92333984375,4353.03759765625,5053.07851544968,-1.0352887961111092,0.1588024001960242,5.297516931269418,14,7839.786413341466,2471.0533288849174,0.722672762554348,-1.9475014572826599,5181.720448305823,0.22345726098738683,0.26432104043428606,0.9875685708975976,0.9298817270476184,1.0,0.0903340953192935,0.9796268118485029,0.3333333333333333,0.0,0.2650700013427677,0.0,astern_vae,astern,False,0.09978656470775604,0.8907148241996765,1.5068256855010986,1.9044239521026611,vae_candidate_pool_v1,belief_limited_heuristic_v1,441
VAE000040,vae_candidate_000040,0.5918181037299937,-39.14581298828125,5219.6474609375,5344.285312137888,-1.508960522100001,-0.11988305318055295,4.157764088199875,12,8697.347637537045,3291.4883277176823,0.41918149025677387,-1.752515184670345,4809.080475792982,0.18498124241073266,0.19422896571550655,0.9914698504254164,0.9835345131782701,1.0,0.052397686282096734,0.9995043346678412,0.2857142857142857,0.0,0.22672417587924373,0.0,port_vae,port,False,0.08920956403017044,0.7107037901878357,2.0374364852905273,1.120092749595642,vae_candidate_pool_v1,belief_limited_heuristic_v1,442
VAE000967,vae_candidate_000967,0.5917762100813914,-1109.38623046875,-625.3826293945312,1504.8042355678454,0.47895044965555594,-0.1502651752760725,6.072176522878693,10,7397.858600513363,2628.9659547222413,0.514172697401001,2.512377028658165,7528.264845421114,0.16012797701464215,0.8594275557892802,0.9936034431113802,0.5885107801412284,1.0,0.06427158717512513,0.8354692576418659,0.23809523809523808,1.0,0.31955733863702135,0.31955733863702135,inside_convoy_envelope,inside,True,0.05026695132255554,1.0226292610168457,1.9865857362747192,1.1025912761688232,vae_candidate_pool_v1,belief_limited_heuristic_v1,443
VAE000987,vae_candidate_000987,0.5915951795902075,-1504.561279296875,-165.753173828125,1295.7866955642635,0.026858628281260122,-0.306510354972036,4.983146276394739,7,7642.380250668463,1956.6528353296621,0.4681183019536329,2.8082236703364973,7861.9035011831165,0.2561094064151224,0.7941451387713115,0.9836914287899731,0.3272283842277307,1.0,0.058514787744204114,0.9893839610176846,0.16666666666666666,0.0,0.38061571276746714,0.0,astern_vae,astern,False,0.07825103402137756,2.0786144733428955,2.456503391265869,1.6212575435638428,vae_candidate_pool_v1,belief_limited_heuristic_v1,444
VAE000041,vae_candidate_000041,0.591332760732948,3764.981201171875,1120.256103515625,4076.1386336758223,-2.8663440124611292,-0.08410827502464505,4.799165864967357,20,8144.840369417888,2509.0169485445667,0.9786870091939661,-0.3593569161533089,8506.925564016732,0.008491004646315135,0.5879665607718723,0.9999819758183155,0.3516723003443913,1.0,0.12233587614924576,0.9040576421037609,0.47619047619047616,0.0,0.26586154932934736,0.0,ahead_vae,ahead,False,0.059551678597927094,1.5792114734649658,2.5568184852600098,1.9087131023406982,vae_candidate_pool_v1,belief_limited_heuristic_v1,445
VAE000561,vae_candidate_000561,0.5906105512723934,-663.2908325195312,-4950.37451171875,5248.366146879456,1.3444457757317252,0.03088841411798224,5.925250844475066,16,7934.718232691063,2736.330815350016,0.7369192002051397,1.8280352919760505,4664.977155607604,0.19683152820900898,0.2157393625889738,0.990345567706834,0.9670961020432549,1.0,0.09211490002564246,0.9505455458028192,0.38095238095238093,0.0,0.24974513667246975,0.0,starboard_vae,starboard,False,0.10691967606544495,2.0396547317504883,1.4900503158569336,1.2094261646270752,vae_candidate_pool_v1,belief_limited_heuristic_v1,446
VAE000281,vae_candidate_000281,0.5905677845507957,15.973388671875,2474.280517578125,2199.6214491583114,-1.528312267731625,-0.2804654100062664,4.79695051581843,6,7121.241115329347,1235.1294619243279,0.6821550185704767,-1.8937457958644346,3431.3097541907346,0.1820453668907267,0.9924386443324035,0.9917377269572594,0.9483034862157922,0.8169785129025559,0.08526937732130958,0.991349386679414,0.14285714285714285,1.0,0.45713286645352535,0.45713286645352535,inside_convoy_envelope,inside,True,0.07913228869438171,0.7572708129882812,2.9591245651245117,1.5363452434539795,vae_candidate_pool_v1,belief_limited_heuristic_v1,447
VAE000688,vae_candidate_000688,0.5904765163258727,-3216.171630859375,-2937.703369140625,4138.302537847373,0.7172891983843153,0.18363391563749254,2.9555900330180807,16,8114.658538254345,1850.0278654085619,1.0657895634894887,2.6079373708429703,7927.422341885374,0.16993725077330113,0.5648421205794107,0.9927976905153879,0.5086837607455275,1.0,0.1332236954361861,0.9452439085531982,0.38095238095238093,0.0,0.3222955226235612,0.0,astern_vae,astern,False,0.10797497630119324,2.2197046279907227,1.5104687213897705,1.9331650733947754,vae_candidate_pool_v1,belief_limited_heuristic_v1,448
VAE000524,vae_candidate_000524,0.5891894513007485,1905.06787109375,-1148.4029541015625,2638.5901425691964,2.683873560113466,0.1182340599115219,5.054047775992594,7,8436.030799587621,1820.7623216929992,0.45572895824986287,0.5759531533878495,8066.725846592623,1.5173591582220853,0.9892967735712435,0.5267058701442715,0.5446344225113264,1.0,0.05696611978123286,0.9205645940734767,0.16666666666666666,0.0,0.3371694711462458,0.0,ahead_vae,ahead,False,0.06216038390994072,0.641242504119873,2.9076614379882812,1.0579557418823242,vae_candidate_pool_v1,belief_limited_heuristic_v1,449
VAE000961,vae_candidate_000961,0.5881300706430437,2324.2861328125,-26.49148178100586,1983.379122680102,3.023703620485042,0.03937891128458974,5.431260561946953,15,8043.691516011403,2451.793786323036,0.7605922789210321,0.15726794438934125,8328.42428994714,1.1165061239720162,0.9677209357693106,0.7194123100070382,0.1566204555456648,1.0,0.09507403486512901,0.9688414233462069,0.35714285714285715,0.0,0.30016138758016264,0.0,ahead_vae,ahead,False,0.07174030691385269,0.6834735870361328,1.9148681163787842,1.6064581871032715,vae_candidate_pool_v1,belief_limited_heuristic_v1,450
VAE000244,vae_candidate_000244,0.5881130349067899,-221.34259033203125,5113.162109375,4653.02622812188,-1.5518796542090187,0.05322895559304316,4.038155993244912,24,8730.930737251943,2218.854406305214,1.2388590350640711,-1.5364840437877312,2517.067755420279,0.4437708394978097,0.38305742885228444,0.9515695426195867,0.9994113913698366,0.5993018465286378,0.1548573793830089,0.8079425134423661,0.5714285714285714,0.0,0.28300561508759764,0.0,port_vae,port,False,0.046966325491666794,1.3191680908203125,1.4727318286895752,1.103949785232544,vae_candidate_pool_v1,belief_limited_heuristic_v1,451
VAE000387,vae_candidate_000387,0.5881084241160083,391.2540283203125,5806.47900390625,5155.203460209966,-1.501968507571777,0.041380559977857875,6.104669154334879,27,8531.499606081452,2811.573649201342,1.125612545185385,-1.5982435860401583,3044.6515442528466,0.24895253882823876,0.23811553924096862,0.9845855180855834,0.9996233476268386,0.7249170343459158,0.1407015681481731,0.8987445169619874,0.6428571428571429,0.0,0.24554913221266575,0.0,port_vae,port,False,0.0587533600628376,0.6883403062820435,2.4566006660461426,1.1907546520233154,vae_candidate_pool_v1,belief_limited_heuristic_v1,452
VAE001074,vae_candidate_001074,0.5872208815987803,888.3587036132812,783.9185791015625,1561.582441774874,-2.281316792909864,-0.024326216248543163,5.574889181288553,5,7690.1855804017005,2111.4508658661543,0.307930143414628,-0.8846020769284724,6506.03291957872,0.6066518456637113,0.875568697378489,0.9107807343766774,0.7736629253612127,1.0,0.0384912679268285,0.8679709261296507,0.11904761904761904,1.0,0.34482982032545484,0.34482982032545484,inside_convoy_envelope,inside,True,0.05442862957715988,1.151656150817871,1.4950201511383057,1.1459221839904785,vae_candidate_pool_v1,belief_limited_heuristic_v1,453
VAE000844,vae_candidate_000844,0.5869703995654189,-399.71405029296875,3717.426025390625,4184.671596135763,-1.348666830960061,-0.045821101841109706,5.319213557051211,9,8689.660250205903,2025.6026716856704,0.5113113716590997,-1.8387469244708419,4253.95736509546,0.21846125567340002,0.5476661689423413,0.9881160467299477,0.9643155120672734,1.0,0.06391392145738746,0.9776555127085118,0.21428571428571427,1.0,0.3020782796250913,0.3020782796250913,inside_convoy_envelope,inside,True,0.07414804399013519,0.645177960395813,2.96256160736084,1.497358798980713,vae_candidate_pool_v1,belief_limited_heuristic_v1,454
VAE000944,vae_candidate_000944,0.5867275221769213,2944.010009765625,-1973.328857421875,3870.254406761593,2.675321240889638,-0.08684456525098708,4.356430078209527,4,7924.720085566669,2452.4723869819104,0.2058125880869111,0.3794268474491685,8269.45752021845,0.4163057265640781,0.6645606619191249,0.957294542370477,0.3703881420129781,1.0,0.02572657351086389,0.9891726542286013,0.09523809523809523,0.0,0.27073659821720003,0.0,ahead_vae,ahead,False,0.09637165814638138,1.0207996368408203,2.4835562705993652,1.503320336341858,vae_candidate_pool_v1,belief_limited_heuristic_v1,455
VAE000396,vae_candidate_000396,0.58669703396861,-1209.74658203125,-2432.1298828125,2620.700630228991,1.0740576108132707,-0.13980783561554383,2.3430680247193103,12,9591.61064598396,2314.8287552221436,0.5404690590712862,1.9277272071609783,5520.244071310386,2.2899171539058285,0.9908345544711403,0.17063827499615047,0.9369735859120363,1.0,0.06755863238391077,0.7817603331042979,0.2857142857142857,0.0,0.29062116867687615,0.0,astern_vae,astern,False,0.04396549239754677,1.0855505466461182,2.4771060943603516,1.0636818408966064,vae_candidate_pool_v1,belief_limited_heuristic_v1,456
VAE001053,vae_candidate_001053,0.586151672873866,-147.7725830078125,-5829.79248046875,5436.283102423395,1.311269147135689,0.14364506025879303,5.219718274746101,26,8159.80672249153,2393.1551636173017,1.3314431216299136,1.9739685667128974,5402.678373878169,0.08751734459209493,0.1750427642974439,0.9980864004672283,0.9198210333011183,1.0,0.1664303902037392,0.9999729192688043,0.6190476190476191,0.0,0.2687714866567148,0.0,starboard_vae,starboard,False,0.0868123322725296,1.4338648319244385,1.9525809288024902,1.0902225971221924,vae_candidate_pool_v1,belief_limited_heuristic_v1,457
VAE001120,vae_candidate_001120,0.5860406845089,-610.6719360351562,3578.882568359375,3895.6186890738295,-1.3355119923530598,0.13085641318251723,5.280462558821796,15,8009.748040531174,1980.0326407500488,0.9458016221479518,-1.675224248054216,2804.1680393832503,0.3911844756064784,0.6551770554684342,0.9622290436217571,0.9945523579625674,0.667659056996012,0.11822520276849398,0.9098771306804337,0.35714285714285715,1.0,0.3087940146272679,0.3087940146272679,inside_convoy_envelope,inside,True,0.06044771522283554,2.330122947692871,1.4960473775863647,1.86066734790802,vae_candidate_pool_v1,belief_limited_heuristic_v1,458
VAE000389,vae_candidate_000389,0.5858195246407295,3098.97802734375,264.2476806640625,3445.8246659701413,-3.289269734046988,-0.14852463530645327,4.450607833789723,18,7993.733558126261,2807.4836500226993,0.8020576783650925,-0.0008475548492583029,7996.110183077196,0.3674173841175857,0.813216514950624,0.9666290745300894,0.000847554747784912,1.0,0.10025720979563656,0.8809311440992624,0.42857142857142855,0.0,0.2548858149385357,0.0,ahead_vae,ahead,False,0.0561947226524353,2.064875602722168,2.4531142711639404,1.6527469158172607,vae_candidate_pool_v1,belief_limited_heuristic_v1,459
VAE000496,vae_candidate_000496,0.5855182305143087,-545.8138427734375,-5169.81201171875,5106.381911255647,1.5157214091487772,0.08588154079128581,3.4497707465123595,32,7676.504759231562,2226.1314418868797,1.8725596077224589,1.7117527852323022,3282.5261533526436,0.30041814066901495,0.25042541451053607,0.977606418297999,0.9900820761125324,0.7815538460363437,0.23406995096530736,0.7975968804739021,0.7619047619047619,0.0,0.28255136467138225,0.0,starboard_vae,starboard,False,0.04576651379466057,1.0385512113571167,2.9395270347595215,1.9174718856811523,vae_candidate_pool_v1,belief_limited_heuristic_v1,460
VAE001190,vae_candidate_001190,0.5850804402751589,-532.4506225585938,3913.990234375,3849.9994176783725,-1.5548185324232806,-0.028655949754057507,6.524454430759945,1,8703.956416298637,2592.3679744100773,0.04431866243863121,-1.61543007092057,2978.147369368655,0.6730356286520499,0.6720330918199068,0.8909664872247605,0.9990040797960875,0.7090827069925368,0.005539832804828901,0.8808178452599699,0.023809523809523808,1.0,0.26162020196416674,0.26162020196416674,inside_convoy_envelope,inside,True,0.05617896467447281,1.1956368684768677,1.8816503286361694,1.3921204805374146,vae_candidate_pool_v1,belief_limited_heuristic_v1,461
VAE000673,vae_candidate_000673,0.5850620587213772,2496.941162109375,5541.837890625,5340.363383312505,-1.969202129579254,-0.18338533054303938,5.471828661265244,12,7347.752429560871,2834.3127310614054,0.5762075751615185,-1.3557758545535785,4336.815297983887,0.07520821143873446,0.195078197592191,0.9985865976375493,0.9769720263020943,1.0,0.07202594689518982,0.9725377136034895,0.2857142857142857,0.0,0.24602198965807348,0.0,port_vae,port,False,0.07270409166812897,2.340461492538452,1.5177156925201416,1.2491410970687866,vae_candidate_pool_v1,belief_limited_heuristic_v1,462
VAE001202,vae_candidate_001202,0.5847180318486371,-398.74420166015625,5050.5244140625,5110.841805722803,-1.545668608209421,0.07648769870321913,5.225017578671335,7,8378.140960527458,3300.93850750665,0.25311212093755214,-1.519436346677153,3726.697778127445,0.3718636552115839,0.24928429083707904,0.9658259002137843,0.9986813661223167,0.8873089947922488,0.03163901511719402,0.9841468027509628,0.16666666666666666,0.0,0.22753950127614436,0.0,port_vae,port,False,0.0762348622083664,2.0622119903564453,1.4919605255126953,1.9148180484771729,vae_candidate_pool_v1,belief_limited_heuristic_v1,463
VAE001221,vae_candidate_001221,0.5845797290812219,3572.427490234375,2597.092041015625,4011.7552867017284,-2.6071452624902154,0.1017586707380939,6.210429991170001,5,8142.347467837253,2400.936560492329,0.25576416041587385,-0.43268872036148376,8398.706392891409,0.03950042302904144,0.6119718355883458,0.9996099798609179,0.41931324737973136,1.0,0.03197052005198423,0.9119545821154672,0.11904761904761904,0.0,0.2729751006157457,0.0,ahead_vae,ahead,False,0.060773495584726334,1.6041604280471802,2.9171602725982666,1.1414868831634521,vae_candidate_pool_v1,belief_limited_heuristic_v1,464
VAE000876,vae_candidate_000876,0.5840814434540813,2189.6025390625,267.0675354003906,2034.6534868935798,-2.950160974924034,-0.028507025943021274,4.599922062313554,20,8063.748819874022,1875.9317902349483,1.3221354839638653,-0.2199387046087805,8278.771427291356,1.2484519020240559,0.975083519901763,0.6583955525625041,0.21816980465500196,1.0,0.16526693549548316,0.9915325076588503,0.47619047619047616,0.0,0.344085485360756,0.0,ahead_vae,ahead,False,0.07921921461820602,1.9181418418884277,1.5286431312561035,1.3307931423187256,vae_candidate_pool_v1,belief_limited_heuristic_v1,465
VAE000816,vae_candidate_000816,0.5839924546449534,265.72259521484375,1092.6016845703125,1078.3995705734433,-1.8542641435824705,-0.05184694545235666,5.771428805359792,15,8092.94737517235,2923.867200022364,0.6339089730361885,-1.3391754554596793,4703.566926471763,0.5269311472714355,0.7187976684943586,0.9321772062797489,0.9732955939146811,1.0,0.07923862162952357,0.8821568887409661,0.35714285714285715,1.0,0.36362711397946185,0.36362711397946185,inside_convoy_envelope,inside,True,0.05636558681726456,1.5339981317520142,2.0626866817474365,1.2619483470916748,vae_candidate_pool_v1,belief_limited_heuristic_v1,466
VAE001196,vae_candidate_001196,0.5837271722570482,-94.15692138671875,3126.34716796875,3627.777008561499,-1.6554100665562077,0.18935225523137952,4.76601462605211,12,8260.262970192402,1641.701051272053,0.8848981684463096,-1.2968303318022059,3815.3022615219415,0.5774994966961142,0.7520446222700129,0.9189151845773622,0.962705463974462,0.908405300362367,0.1106122710557887,0.8621150060582005,0.2857142857142857,1.0,0.3536444943120545,0.3536444943120545,inside_convoy_envelope,inside,True,0.05365283042192459,1.9227168560028076,2.4223029613494873,1.3403974771499634,vae_candidate_pool_v1,belief_limited_heuristic_v1,467
VAE000150,vae_candidate_000150,0.5831363359217867,-3262.60791015625,-908.974853515625,3971.102766157301,0.308974087581213,0.021217418655292,4.672223608617772,19,8792.184995438198,2093.4419298901926,1.0322760825645143,2.8538359846638723,9024.798969846704,0.11156488904161765,0.6271249767587972,0.9968915450643029,0.28380184911349976,1.0,0.1290345103205643,0.9595026193477116,0.4523809523809524,0.0,0.2964318104314835,0.0,astern_vae,astern,False,0.06952318549156189,1.9570468664169312,2.9488649368286133,1.1349785327911377,vae_candidate_pool_v1,belief_limited_heuristic_v1,468
VAE000146,vae_candidate_000146,0.583019915631649,1841.274169921875,544.7356567382812,1610.964116730434,-2.871273470113139,0.1434050828758423,4.583297108251947,13,7868.845733081762,3158.497463363059,0.523060336322263,-0.12691410060081176,8205.340873282556,0.7502338982957814,0.8889720070003763,0.8657647073580992,0.1265736699861106,1.0,0.06538254204028288,0.8506957287116808,0.30952380952380953,0.0,0.2924202958510069,0.0,ahead_vae,ahead,False,0.05217484384775162,1.6954011917114258,1.513044834136963,1.9068931341171265,vae_candidate_pool_v1,belief_limited_heuristic_v1,469
VAE001034,vae_candidate_001034,0.5824747863759236,184.11862182617188,5328.90869140625,5381.646260756507,-1.4862672626110818,0.019427265882556274,5.207900331486884,18,8565.076328709698,2995.0483458989047,0.7016773056651606,-1.635898125096155,3545.9117937292785,0.13642509043084972,0.1862678039788949,0.9953542608515675,0.9978816262696345,0.8442647127926853,0.08770966320814508,0.988707655903234,0.42857142857142855,0.0,0.23714457644378328,0.0,port_vae,port,False,0.07796671241521835,2.2719695568084717,2.5218758583068848,1.8199591636657715,vae_candidate_pool_v1,belief_limited_heuristic_v1,470
VAE000129,vae_candidate_000129,0.5823825670986207,3140.918701171875,2443.719482421875,4408.714380068723,-2.374250902008331,0.12628775498874753,4.81375165954815,13,8501.856528211094,2800.7328258714806,0.5459563214768405,-0.6410539965927144,8488.899546843628,0.24485929450740018,0.46638334882790156,0.9850857221881393,0.5980405156868945,1.0,0.06824454018460506,0.8144641342820125,0.30952380952380953,0.0,0.2486021220863372,0.0,ahead_vae,ahead,False,0.04773322492837906,1.139249563217163,2.9449076652526855,1.177299976348877,vae_candidate_pool_v1,belief_limited_heuristic_v1,471
VAE000365,vae_candidate_000365,0.5820049728831752,-4032.091796875,-993.5492553710938,4219.237389794037,0.2014387831113411,-0.2063201278825579,6.438268215069063,17,8358.180721379536,2707.272551631015,0.7512858063706936,2.7338337425958947,8746.485842034095,0.03601186700347009,0.5349200749794658,0.9996758213953783,0.39655297930837674,1.0,0.0939107257963367,0.9043542815711502,0.40476190476190477,0.0,0.25409420454455406,0.0,astern_vae,astern,False,0.05959678813815117,1.8773193359375,2.5797922611236572,1.2159072160720825,vae_candidate_pool_v1,belief_limited_heuristic_v1,472
VAE000164,vae_candidate_000164,0.5818756561599521,-59.24432373046875,-5540.4248046875,5290.270446828793,1.4266313414562475,0.1707666505539243,4.581763623077039,16,8084.422271127659,2350.7597265547397,0.8419043454584147,1.8857279626874697,4739.3053041996345,0.13060504168815587,0.2061518197819473,0.9957416390829277,0.9508175570187131,1.0,0.10523804318230184,0.9841979098031607,0.38095238095238093,0.0,0.27212902363581787,0.0,starboard_vae,starboard,False,0.09828012436628342,0.7475971579551697,2.940558910369873,1.2974255084991455,vae_candidate_pool_v1,belief_limited_heuristic_v1,473
VAE000410,vae_candidate_000410,0.5817134367385886,-1463.491943359375,-505.5732116699219,1551.5678985426202,0.3791036673304839,-0.09875453359708472,1.7540531462225912,12,8445.438176337477,2270.014155136757,0.6259368120260572,2.663734452662225,8543.326826643723,1.1230412990542094,0.8727771254206994,0.716471480476222,0.45987835293093327,1.0,0.07824210150325715,0.7765097724425449,0.2857142857142857,0.0,0.33352686547379523,0.0,astern_vae,astern,False,0.04337689280509949,1.0840837955474854,2.401078462600708,1.295935034751892,vae_candidate_pool_v1,belief_limited_heuristic_v1,474
VAE000584,vae_candidate_000584,0.5815682357909553,3424.296630859375,3140.88671875,5002.802654683977,-2.4565017900115116,-0.05195070306665654,4.226001439385558,27,8545.988974772486,3114.6107851263964,1.014372934494021,-0.737041566644938,8421.295063530288,0.15969976824931997,0.2778596205014327,0.9936375356325522,0.6721002540069125,1.0,0.12679661681175264,0.9944208509955472,0.6428571428571429,0.0,0.23375140866244287,0.0,ahead_vae,ahead,False,0.0807390883564949,2.0338802337646484,1.9375978708267212,1.9182517528533936,vae_candidate_pool_v1,belief_limited_heuristic_v1,475
VAE001194,vae_candidate_001194,0.5813264300677004,3575.081787109375,-3039.526611328125,4724.537986737838,2.300770786032166,0.03455998080216913,4.379619299631474,13,8401.973232309881,2017.0471329180068,0.7670894540400415,0.8753818483597968,6931.840564882846,0.06190777564623984,0.3600720240576347,0.9990421628023214,0.7677882098719475,1.0,0.09588618175500518,0.9829807535945358,0.30952380952380953,0.0,0.3014110213877182,0.0,ahead_vae,ahead,False,0.07583297789096832,0.7085606455802917,2.10371732711792,1.4206711053848267,vae_candidate_pool_v1,belief_limited_heuristic_v1,476
VAE000004,vae_candidate_000004,0.5811523640882709,1642.347412109375,-5007.80517578125,5120.693476054024,2.042825482205997,0.03236174131448323,5.340881966961815,17,8760.843518224883,3076.714764739623,0.6306897348863327,1.1311289126982802,6513.051089117304,0.4072707625339602,0.2467754271433884,0.9591026526422121,0.9048932746403068,1.0,0.07883621686079159,0.879567334757535,0.40476190476190477,0.0,0.2344791637802433,0.0,starboard_vae,starboard,False,0.056005433201789856,2.149911880493164,2.514835834503174,1.534699559211731,vae_candidate_pool_v1,belief_limited_heuristic_v1,477
VAE000638,vae_candidate_000638,0.5809246787339982,-3346.812744140625,-901.6401977539062,3386.0286389971966,0.2632175448755571,-0.11258916815972063,6.495190553890114,7,8514.062931058426,1119.6381733541077,0.7343168385106102,2.7657859405545158,8330.81519611969,0.0011327107613883225,0.8321099975053095,0.999999679241617,0.3670230624501541,1.0,0.09178960481382628,0.9907316685693247,0.16666666666666666,0.0,0.482255811235593,0.0,astern_vae,astern,False,0.09568735957145691,0.867695152759552,2.13187313079834,1.524004340171814,vae_candidate_pool_v1,belief_limited_heuristic_v1,478
VAE001135,vae_candidate_001135,0.5808327440225509,-3899.63916015625,-1143.097412109375,4016.806808056534,0.33627065392955713,0.031066699700653438,5.2951600451542475,11,8642.872873772962,2554.137948503273,0.4982992234146198,2.83638869936089,9010.935502061155,0.11805883180389372,0.6100880225262784,0.9965195733600083,0.3004877100819187,1.0,0.062287402926827475,0.9888751344682392,0.2619047619047619,0.0,0.26289004346872885,0.0,astern_vae,astern,False,0.07803632318973541,1.6945838928222656,1.4997279644012451,1.2955045700073242,vae_candidate_pool_v1,belief_limited_heuristic_v1,479
VAE000264,vae_candidate_000264,0.5807475759644217,2473.4453125,-266.6582946777344,2765.3035000334535,3.032326037621773,-0.010575182304200854,3.259994277537338,6,7821.322356557731,2473.5705243473362,0.31013213400765893,0.09869143366381851,8026.987552305286,0.9910021435980179,0.9750893128187045,0.7739258835586269,0.09853130258871579,1.0,0.03876651675095737,0.9113856753805879,0.14285714285714285,0.0,0.28006980499171463,0.0,ahead_vae,ahead,False,0.0606839582324028,1.8369243144989014,2.9499189853668213,1.818142056465149,vae_candidate_pool_v1,belief_limited_heuristic_v1,480
VAE000956,vae_candidate_000956,0.580679144788105,3700.379150390625,-2998.566162109375,4638.755855182485,2.431024270229423,0.08605170939671745,4.552635703378756,13,8297.264510497078,2000.59387955026,0.7831581669111121,0.7966200927570875,7231.263329375636,0.03575250756743209,0.38772720506173447,0.9996804735888367,0.7149971938772097,1.0,0.09789477086388901,0.9952462232239823,0.30952380952380953,0.0,0.30345813595490023,0.0,ahead_vae,ahead,False,0.09329044818878174,1.5114930868148804,1.9909005165100098,1.8259581327438354,vae_candidate_pool_v1,belief_limited_heuristic_v1,481
VAE001180,vae_candidate_001180,0.5806023682858513,632.6014404296875,4593.32763671875,4732.4979806917745,-1.6294573712653708,-0.11891827209343145,4.058023584549688,14,7569.255056587069,2226.387062583887,0.8307574151213362,-1.6310535544178537,2678.172715890102,0.14429832149685295,0.35755761892344573,0.9948035247514587,0.9981850825130313,0.6376601704500243,0.10384467689016702,0.8312993983345048,0.3333333333333333,0.0,0.2837052604131978,0.0,port_vae,port,False,0.049755558371543884,0.8336658477783203,2.4546656608581543,1.5200854539871216,vae_candidate_pool_v1,belief_limited_heuristic_v1,482
VAE000616,vae_candidate_000616,0.5803053876780933,1771.7646484375,-1511.02392578125,2326.5508149623715,2.5282760013238645,0.1032409147411387,5.26574534350367,11,7477.375502209921,1571.9978503557327,0.9358183278893341,0.7165575670070673,6670.949959556773,1.7507652750387,0.9989807121177656,0.4105004883674831,0.6567927292726915,1.0,0.11697729098616676,0.9420164659300966,0.2619047619047619,0.0,0.3793617147805548,0.0,ahead_vae,ahead,False,0.06593833118677139,0.7252483367919922,2.502680540084839,1.802739143371582,vae_candidate_pool_v1,belief_limited_heuristic_v1,483
VAE000360,vae_candidate_000360,0.5794674382663348,466.0817565917969,-5102.4794921875,4440.515358856901,1.6192076923674503,0.05774792273603461,4.306849883046494,0,7468.346647902587,2321.290315669217,0.0,1.5801328839583777,2390.9167738004594,0.17755385661033318,0.4551676798830009,0.9921393404441416,0.9999564146667838,0.569265898523919,0.0,0.8132918949499994,0.0,0.0,0.27765258141020654,0.0,starboard_vae,starboard,False,0.047594740986824036,2.1193699836730957,2.928032398223877,1.075972557067871,vae_candidate_pool_v1,belief_limited_heuristic_v1,484
VAE000426,vae_candidate_000426,0.5793926120634418,1715.145751953125,-4671.509765625,5103.064294951565,1.7188187207589274,-0.07940884764239671,6.084307600788329,8,7689.193112975894,3074.6862834753883,0.3383829001625922,1.3433650851884693,4729.235320749802,0.3541135443815673,0.25127643218206075,0.9689771219041098,0.974248801161795,1.0,0.042297862520324025,0.8287736734445431,0.19047619047619047,0.0,0.23627475666594736,0.0,ahead_vae,ahead,False,0.049447935074567795,0.8515763878822327,2.9307169914245605,1.1927679777145386,vae_candidate_pool_v1,belief_limited_heuristic_v1,485
VAE000163,vae_candidate_000163,0.5793667847933762,2373.81982421875,-74.70278930664062,2649.590288263871,3.1935297251498906,-0.060506568911624765,5.311161777401659,10,8928.077091124078,2049.5988866281573,0.5464786404941122,-0.11244364047172149,9101.674158891485,1.085494087449883,0.9882930149011963,0.7332378608640124,0.11220684200422817,1.0,0.06830983006176403,0.990422982605795,0.23809523809523808,0.0,0.3120449327504447,0.0,ahead_vae,ahead,False,0.0787058174610138,1.2109265327453613,2.9146785736083984,1.5599006414413452,vae_candidate_pool_v1,belief_limited_heuristic_v1,486
VAE000374,vae_candidate_000374,0.5791190621851103,2215.073974609375,49.753021240234375,2772.4132277483595,-3.092907444288917,-0.014270085003395931,6.456367529436208,15,7722.38905462862,2383.8607279826706,0.8148144127235933,-0.06295529430427199,7857.068307846844,1.1186931459563143,0.9741230037763796,0.718429186900288,0.06291371670000906,1.0,0.10185180159044917,0.976578148583967,0.35714285714285715,0.0,0.28565238190018877,0.0,ahead_vae,ahead,False,0.07383181899785995,0.7006611824035645,1.9346039295196533,1.9307119846343994,vae_candidate_pool_v1,belief_limited_heuristic_v1,487
VAE000337,vae_candidate_000337,0.579034644627488,104.239013671875,5646.439453125,5254.817192788707,-1.750280527994163,0.03277160101767368,5.203950518401499,17,9265.500105019317,3374.07983942783,0.5437818415713817,-1.3585405245779565,5250.281604192038,0.5476817056721188,0.21424411944534288,0.9268669864357715,0.9775581823944071,1.0,0.0679727301964227,0.8710004016382477,0.40476190476190477,0.0,0.22378102647027961,0.0,port_vae,port,False,0.054835159331560135,0.7154428362846375,1.9555861949920654,1.4040167331695557,vae_candidate_pool_v1,belief_limited_heuristic_v1,488
VAE000781,vae_candidate_000781,0.5783673444376367,-1412.5390625,278.74298095703125,1565.8058062339092,-0.31229984351413886,-0.365174791369654,5.373322903270233,19,8390.8798495305,2958.24695465155,0.765440914403312,3.0887177057342785,8535.497417931994,0.8195615649127458,0.8767386769024116,0.8412708508464498,0.05285031368764958,1.0,0.095680114300414,0.99988394671252,0.4523809523809524,0.0,0.30108483044882817,0.0,astern_vae,astern,False,0.08632633090019226,2.260164260864258,1.5208660364151,1.246835708618164,vae_candidate_pool_v1,belief_limited_heuristic_v1,489
VAE000451,vae_candidate_000451,0.5779761362730438,3578.40234375,-2729.916015625,4866.549653826601,2.483512975148718,0.2476817859280383,6.200018047494729,9,8162.843897461337,2472.0561491327267,0.44600803958214696,0.9057614643691132,6982.430607994804,0.06416950119766042,0.31661479143244264,0.9989709219734088,0.7868952724720094,1.0,0.05575100494776837,0.9968285879509367,0.21428571428571427,0.0,0.26504461306278015,0.0,ahead_vae,ahead,False,0.08234812319278717,1.8553502559661865,2.8645102977752686,1.7889208793640137,vae_candidate_pool_v1,belief_limited_heuristic_v1,490
VAE000605,vae_candidate_000605,0.5779708986717097,1070.1123046875,4790.59033203125,5409.123639220538,-1.7666565879152594,-0.03246039156239442,4.791918608409422,21,8466.392321259827,2668.90963655278,0.9293665468890236,-1.4073964572369282,4010.619102413535,0.2732286897071683,0.1805609003694824,0.981452340718838,0.9866799175680767,0.9549093100984607,0.11617081836112796,0.8778101253929441,0.5,0.0,0.25198861914420134,0.0,port_vae,port,False,0.05576279014348984,1.2291966676712036,2.938377857208252,1.6237128973007202,vae_candidate_pool_v1,belief_limited_heuristic_v1,491
VAE000665,vae_candidate_000665,0.5779052017977968,3656.345703125,-526.6387939453125,3550.519641035606,3.0373355448192805,-0.08303737117833168,3.4031229390132998,11,7062.892221605538,2771.2910054274776,0.5619892055384865,0.021219737592181678,7120.103806233893,0.3520863236585896,0.7786248080518442,0.969327636566668,0.02121814516713794,1.0,0.07024865069231082,0.9991797425215847,0.2619047619047619,0.0,0.2573918930550519,0.0,ahead_vae,ahead,False,0.08476662635803223,0.9343851804733276,2.9324162006378174,1.9096825122833252,vae_candidate_pool_v1,belief_limited_heuristic_v1,492
VAE000144,vae_candidate_000144,0.5772300593125638,3878.19482421875,3180.456298828125,4771.773782521628,-2.3874326034020963,0.051601915505931344,4.904823598785659,24,8488.24985889066,2293.91223783505,1.2325833261056889,-0.7025581346817655,7960.423957192176,0.1707416308433456,0.3452847642578379,0.992729512514505,0.6461721465328684,1.0,0.1540729157632111,0.9587500139923479,0.5714285714285714,0.0,0.2770799232526465,0.0,ahead_vae,ahead,False,0.06935558468103409,0.7996700406074524,2.513762950897217,1.729195475578308,vae_candidate_pool_v1,belief_limited_heuristic_v1,493
VAE000617,vae_candidate_000617,0.5767074794027588,-593.5580444335938,6250.49560546875,5914.9008425898655,-1.3962929671457867,-0.04001384108391231,5.530442762268027,27,8322.92315038919,2817.083418931724,1.1515642454361081,-1.7853135275279188,4524.262108710505,0.29020671693213984,0.09676697456220967,0.97909237193631,0.9770792843206373,1.0,0.14394553067951352,0.9996824364672222,0.6428571428571429,0.0,0.24392197890324038,0.0,port_vae,port,False,0.08882170170545578,2.336841106414795,2.940364360809326,1.5744807720184326,vae_candidate_pool_v1,belief_limited_heuristic_v1,494
VAE000217,vae_candidate_000217,0.57668776082236,-3404.05078125,-2851.5498046875,4265.028662474676,0.7597188731884582,0.03428334003051738,4.253086356735347,18,8037.584845574197,1832.8765794690485,1.2218382391280154,2.416157120431852,7229.8484630352295,0.5016032463780546,0.5181297103562821,0.9384063985464686,0.6634613760752172,1.0,0.15272977989100192,0.7237657664850851,0.42857142857142855,0.0,0.3240361513398985,0.0,astern_vae,astern,False,0.037648171186447144,2.291171073913574,1.4752402305603027,1.038221001625061,vae_candidate_pool_v1,belief_limited_heuristic_v1,495
VAE000481,vae_candidate_000481,0.5764518704333179,2759.865478515625,-170.80206298828125,3053.943318565218,3.0366577280725804,0.0379912331970974,4.453190031280885,12,8561.772685880718,1589.9573169773653,0.8815198318073147,0.1429261587143105,8700.945577477389,0.8322964835206614,0.9223415569394794,0.8365896673681179,0.14244004226374335,1.0,0.11018997897591434,0.991974754414397,0.2857142857142857,0.0,0.3657951931186516,0.0,ahead_vae,ahead,False,0.07943305373191833,0.677170991897583,2.9431838989257812,1.1617424488067627,vae_candidate_pool_v1,belief_limited_heuristic_v1,496
VAE000375,vae_candidate_000375,0.5761404848906854,47.235443115234375,-5163.42138671875,5013.168267419815,1.6153558457578163,0.02289141900182842,4.274152100405873,13,8782.236610491906,2736.365359517155,0.5409587311048766,1.549128226833805,2926.0025042764555,0.3661451825703532,0.27503420429334696,0.9668571883092312,0.9997652559067446,0.6966672629229655,0.06761984138810957,0.9870787853110006,0.30952380952380953,0.0,0.24918816041509445,0.0,starboard_vae,starboard,False,0.07731448113918304,0.706598699092865,1.9838793277740479,1.4763550758361816,vae_candidate_pool_v1,belief_limited_heuristic_v1,497
VAE000711,vae_candidate_000711,0.5760938671637896,409.2806701660156,4862.4443359375,4926.442469801854,-1.6898612427741146,0.19067450872302086,4.93540834279777,7,8798.179519314337,2323.9399049436033,0.3423578792742805,-1.2610569020926576,4895.12788995184,0.3441557558793076,0.2992130141101161,0.9706803188770663,0.9524130282983599,1.0,0.042794734909285065,0.8316006607831308,0.16666666666666666,0.0,0.2740705038087989,0.0,port_vae,port,False,0.04979235678911209,2.374738931655884,1.4932136535644531,1.8050274848937988,vae_candidate_pool_v1,belief_limited_heuristic_v1,498
VAE001139,vae_candidate_001139,0.5755963391711322,-3669.705078125,2443.716796875,3917.5269129877415,-0.4038118398321008,-0.08685354953393275,4.0438560865979465,4,8874.337433834022,3211.820919620954,0.14033717527309522,-2.824634363291625,9433.340881979166,0.1460213640595604,0.6470520551719599,0.9946789052024404,0.3116778113043668,1.0,0.017542146909136903,0.7859399222185784,0.09523809523809523,0.0,0.23488362710530855,0.0,astern_vae,astern,False,0.044436946511268616,1.040784478187561,1.9192190170288086,1.798322319984436,vae_candidate_pool_v1,belief_limited_heuristic_v1,499
VAE000970,vae_candidate_000970,0.5753934948870891,105.33255004882812,3537.499267578125,3966.410608374794,-1.5811776248545903,-0.0009279493413852091,5.424719867319483,18,8877.205200215447,2322.1092101682902,0.8731997550404669,-1.561342978076588,2405.923518852758,0.5492411958298618,0.6288726533345705,0.926460446917778,0.9999553174317644,0.5728389330601805,0.10914996938005836,0.7809012588224433,0.42857142857142855,1.0,0.277765469726079,0.277765469726079,inside_convoy_envelope,inside,True,0.04386891424655914,1.6404004096984863,2.9355735778808594,1.1832984685897827,vae_candidate_pool_v1,belief_limited_heuristic_v1,500
VAE000185,vae_candidate_000185,0.5752468479780574,-2.483306884765625,-5001.453125,4809.429594487393,1.6102654113073933,0.07379723787866634,4.131798704579468,17,8818.306850010254,2291.5930150384506,0.8412522226965088,1.6051244801610658,2592.899654591169,0.4285423003021409,0.33373105222132704,0.9547862280886024,0.9994108468025732,0.6173570606169451,0.1051565278370636,0.9202434557535534,0.40476190476190477,0.0,0.276769570179248,0.0,starboard_vae,starboard,False,0.062107522040605545,2.109158754348755,2.952225685119629,1.7463953495025635,vae_candidate_pool_v1,belief_limited_heuristic_v1,501
VAE000996,vae_candidate_000996,0.5743729170807039,2733.179931640625,-4126.81982421875,4794.9109189473775,2.0603626518139744,0.1260169403695769,5.038635931423314,20,8609.067475598431,1333.697885878722,1.7418727344621108,1.2072469421453953,4307.85973672796,0.0868432838635691,0.33816068907454305,0.9981157456741578,0.9346405742779045,1.0,0.21773409180776385,0.8783731627320578,0.47619047619047616,0.0,0.41194038636603303,0.0,ahead_vae,ahead,False,0.1186925396323204,0.9082254767417908,1.9618642330169678,1.7012039422988892,vae_candidate_pool_v1,belief_limited_heuristic_v1,502
VAE000109,vae_candidate_000109,0.5740811943601645,3263.592529296875,-2800.79296875,4742.401786479711,2.374046580538401,-0.09221733574533186,3.835083875433571,22,7425.547887349108,2100.5458499372116,1.4104640198658156,0.6753287373060604,7108.815624121561,0.053112396465531564,0.35444184708979165,0.9992949341037343,0.6251539304572462,1.0,0.17630800248322695,0.9999354096504228,0.5238095238095238,0.0,0.29467634448659824,0.0,ahead_vae,ahead,False,0.08656510710716248,1.8773155212402344,2.050757646560669,1.4353313446044922,vae_candidate_pool_v1,belief_limited_heuristic_v1,503
VAE001084,vae_candidate_001084,0.5729947866982853,-3047.934814453125,4435.99169921875,5097.545191784248,-0.9509622593557464,0.24102963149062379,5.411414175641395,4,7945.503469599421,2865.878143116158,0.17566322407021343,-1.949600762743423,5601.034733302251,0.34980258431549516,0.2526962462124758,0.9697201939736246,0.929107430945866,1.0,0.021957903008776678,0.9545955950911659,0.09523809523809523,0.0,0.24415107676913053,0.0,astern_vae,astern,False,0.06845502555370331,2.098721742630005,1.953386902809143,1.5912785530090332,vae_candidate_pool_v1,belief_limited_heuristic_v1,504
VAE000669,vae_candidate_000669,0.5727851485026668,-311.28472900390625,-1791.7314453125,1265.606358909482,1.362553334983195,0.1000901361045517,3.6750145068258533,3,8534.22600983826,1881.528774406411,0.1868298436302423,1.8791294547111497,4382.685623528041,0.26745701900240504,0.7840671060416845,0.9822230361888078,0.9528407403639649,1.0,0.023353730453780287,0.8512788467673115,0.07142857142857142,1.0,0.38998334672177754,0.38998334672177754,inside_convoy_envelope,inside,True,0.052249275147914886,2.26271915435791,1.4884059429168701,1.3522714376449585,vae_candidate_pool_v1,belief_limited_heuristic_v1,505
VAE000045,vae_candidate_000045,0.572298511314149,4207.8583984375,-1957.9959716796875,4862.902001900291,2.6852110099545423,0.10776774878143403,3.921597747941353,35,8432.752480688983,3231.7631407338845,1.2842783693048911,0.5641493924166847,8854.059287577425,0.26501142504612485,0.31769280898114965,0.9825447542464368,0.5346972089339503,1.0,0.1605347961631114,0.9084346706361226,0.8333333333333334,0.0,0.23041270301836017,0.0,ahead_vae,ahead,False,0.06022338941693306,1.5552003383636475,2.9707703590393066,1.5528475046157837,vae_candidate_pool_v1,belief_limited_heuristic_v1,506
VAE001125,vae_candidate_001125,0.5720936883715775,-415.4808349609375,-5269.43994140625,4993.5647644251185,1.3592064258465129,-0.03192203597850871,6.490626959031149,20,7731.973049486586,1842.5094816818792,1.4038798241859973,1.7504641917647714,3194.575983488517,0.3286393980671318,0.2803924991485128,0.9732411806443337,0.9839031005140835,0.7606133294020279,0.17548497802324967,0.9692921943958547,0.47619047619047616,0.0,0.32115052452335424,0.0,starboard_vae,starboard,False,0.07185480743646622,1.8275172710418701,2.0323219299316406,1.6189782619476318,vae_candidate_pool_v1,belief_limited_heuristic_v1,507
VAE000803,vae_candidate_000803,0.5718073466727274,-450.121337890625,-1024.3074951171875,1248.479024648761,0.9916479502293769,0.1345136354455513,3.694840098231594,10,8475.822743722609,2096.64536430288,0.5627210432319726,2.2844583388059685,7133.329388966662,0.21301481581535528,0.7782855969730537,0.988699001379596,0.7559697732903577,1.0,0.07034013040399657,0.9997675489638084,0.23809523809523808,1.0,0.37407232413243185,0.37407232413243185,inside_convoy_envelope,inside,True,0.08593589067459106,1.8064552545547485,2.4772603511810303,1.7119805812835693,vae_candidate_pool_v1,belief_limited_heuristic_v1,508
VAE001060,vae_candidate_001060,0.5715441732299676,-111.28338623046875,5472.15283203125,5453.271752217302,-1.442812441460476,-0.16592832128514332,4.033440536405457,12,8092.373324476283,2602.605017187558,0.5697667134498293,-1.8647085334144604,4835.351145586156,0.17270491859525783,0.17165281497395318,0.9925617687153261,0.957117841053764,1.0,0.07122083918122867,0.9984362864918077,0.2857142857142857,0.0,0.2559822374037683,0.0,port_vae,port,False,0.08381426334381104,0.7730876803398132,2.499760866165161,1.8221936225891113,vae_candidate_pool_v1,belief_limited_heuristic_v1,509
VAE000926,vae_candidate_000926,0.571492729291408,3841.232177734375,-1019.6425170898438,3774.2914372339333,2.877332242631432,-0.16543510140714343,4.610281909657276,19,7928.489203711709,1999.8095511983392,1.1983247342395675,0.09882530955121752,8087.114401246785,0.1257724334253072,0.6997530585555294,0.996050534154254,0.09866452614624573,1.0,0.14979059177994594,0.9909099650698961,0.4523809523809524,0.0,0.30749176407951867,0.0,ahead_vae,ahead,False,0.07892733067274094,0.7338783144950867,2.0128796100616455,1.8723127841949463,vae_candidate_pool_v1,belief_limited_heuristic_v1,510
VAE000062,vae_candidate_000062,0.5712016199595826,-1276.7958984375,-5804.52685546875,5885.199767909249,1.223690067745491,-0.13937526030872038,6.388838033105191,30,8275.163537876642,2445.965074214275,1.4821577115781837,1.7785273255355822,4100.05171143114,0.3584031794800006,0.10064589015906666,0.9682290744859468,0.9785013924637329,0.9762027884359856,0.18526971394727296,0.9837026908317942,0.7142857142857143,0.0,0.26427724402563857,0.0,starboard_vae,starboard,False,0.07608015090227127,1.3556162118911743,2.4409983158111572,1.8962340354919434,vae_candidate_pool_v1,belief_limited_heuristic_v1,511
VAE000660,vae_candidate_000660,0.5711446897699336,3759.801513671875,-3874.737060546875,4935.914340573983,2.3748960523295666,0.01588142982883718,4.2014156115302805,24,8019.067553170398,2918.049762450949,1.0256393526826766,0.7825780310890641,7743.851169858275,0.27910426758881535,0.29651312125891266,0.9806512967220871,0.7051098372907645,1.0,0.12820491908533457,0.8396171715717634,0.5714285714285714,0.0,0.24228707190434787,0.0,ahead_vae,ahead,False,0.05078018456697464,1.5819189548492432,1.8812636137008667,1.7650861740112305,vae_candidate_pool_v1,belief_limited_heuristic_v1,512
VAE000080,vae_candidate_000080,0.5709314503538518,4018.5498046875,-1631.4859619140625,4301.921563154674,2.7334414587413867,-0.018624058486456214,6.4077615294050165,17,8704.315758921446,2387.129557256803,0.8181600961872045,0.38952713636194974,8958.779319878391,0.09031908077295903,0.5046951543900989,0.9979620018976461,0.3797510167714826,1.0,0.10227001202340057,0.992636225039618,0.40476190476190477,0.0,0.27186015291537874,0.0,ahead_vae,ahead,False,0.09476885199546814,0.7350484132766724,2.515580177307129,1.21131432056427,vae_candidate_pool_v1,belief_limited_heuristic_v1,513
VAE000133,vae_candidate_000133,0.5705931101856295,1492.948974609375,393.7079162597656,1533.452151564283,-3.036565466678516,-0.12862834496377007,4.977052613591014,12,7983.76769772615,2448.7726937304537,0.6137971680964318,-0.2336555318750474,8333.798108633868,0.8854712087558667,0.867666332364111,0.8164623778383051,0.23153526093052226,1.0,0.07672464601205398,0.8346066078410685,0.2857142857142857,0.0,0.3250259294460987,0.0,ahead_vae,ahead,False,0.050160787999629974,1.9393738508224487,1.9544198513031006,1.4435406923294067,vae_candidate_pool_v1,belief_limited_heuristic_v1,514
VAE000579,vae_candidate_000579,0.5705853609240807,3706.94677734375,1887.013916015625,4135.301468271807,-2.6472144999361866,0.25093627001353863,5.891634258803575,17,7937.742734702333,2693.556292800273,0.795107492430234,-0.24344188364006786,8352.957852367113,0.057056468664042015,0.5659563016010061,0.99918636061139,0.24104444413261103,1.0,0.09938843655377926,0.999264402318808,0.40476190476190477,0.0,0.25580198294054024,0.0,ahead_vae,ahead,False,0.08489919453859329,0.7614719271659851,1.9445972442626953,1.8732354640960693,vae_candidate_pool_v1,belief_limited_heuristic_v1,515
VAE000644,vae_candidate_000644,0.5703935218016406,-277.90460205078125,-803.5614013671875,1068.8872266396593,1.2693232764325433,-0.04155556442702866,6.281830027925719,1,8914.119846715179,2875.732390016448,0.03900974058805246,1.8307138127302214,5070.075977561026,0.17180161970256802,0.7153771381974898,0.9926391826497122,0.9664111876059074,1.0,0.004876217573506558,0.8544116120072153,0.023809523809523808,1.0,0.3661311109197134,0.3661311109197134,inside_convoy_envelope,inside,True,0.05265101045370102,0.7700254321098328,2.071794271469116,1.610448956489563,vae_candidate_pool_v1,belief_limited_heuristic_v1,516
VAE000198,vae_candidate_000198,0.5702544071942921,632.728759765625,-5239.50927734375,5273.166627182417,1.6248008410306554,0.018172877466150678,3.787932971947635,24,9156.324541376673,2739.970537797915,0.9566303851102126,1.5349646900252882,3066.227687733077,0.3078058246720865,0.21002938303099383,0.9765003145116347,0.9993581155842292,0.7300542113650184,0.11957879813877657,0.8727154393168026,0.5714285714285714,0.0,0.24789584207413884,0.0,starboard_vae,starboard,False,0.05506694316864014,1.6590676307678223,2.9306323528289795,1.9246959686279297,vae_candidate_pool_v1,belief_limited_heuristic_v1,517
VAE000799,vae_candidate_000799,0.5701460364313424,3350.052490234375,-366.4714050292969,3734.5488440691197,2.9637754003440966,-0.2145865265515196,5.514228284421127,17,8352.31477722513,3150.9815132209096,0.6459459993574099,-0.03676927330582267,8462.50252994312,0.2942699215648168,0.7141395659284636,0.9785070751011371,0.03676098864883548,1.0,0.08074324991967624,0.9017833175337836,0.40476190476190477,0.0,0.23882084989552918,0.0,ahead_vae,ahead,False,0.059207748621702194,2.1655433177948,2.9741852283477783,1.921399474143982,vae_candidate_pool_v1,belief_limited_heuristic_v1,518
VAE001210,vae_candidate_001210,0.5700583453803701,2966.83203125,-2350.052001953125,4222.59743390358,2.509977515275109,-0.07944919504877575,5.649819072072011,17,7901.408776724295,1497.9379041804032,1.4363179252872134,0.5521659432659087,7512.900821896392,0.29776419714986885,0.5336841382354237,0.97799741286078,0.5245325211909772,1.0,0.17953974066090167,0.9999851784382539,0.40476190476190477,0.0,0.37710520100182526,0.0,ahead_vae,ahead,False,0.08760242909193039,2.1707098484039307,2.467050313949585,1.4709248542785645,vae_candidate_pool_v1,belief_limited_heuristic_v1,519
VAE000851,vae_candidate_000851,0.5700415966322221,2167.3759765625,-4292.22314453125,5252.739686365664,1.8301039107370047,-0.049830095406839095,3.785072057522935,0,8414.073243993676,3133.414370440552,0.0,1.2616586474459492,5544.7538327131215,0.005113538744357049,0.21472488427134315,0.9999934629446219,0.9525962741389733,1.0,0.0,0.9444366596831665,0.0,0.0,0.23256160535873857,0.0,ahead_vae,ahead,False,0.06640144437551498,1.3671777248382568,1.954803228378296,1.6729718446731567,vae_candidate_pool_v1,belief_limited_heuristic_v1,520
VAE000624,vae_candidate_000624,0.5694067580558058,3247.600341796875,492.6556396484375,3408.8871459277425,-2.9192494178638135,0.14890267473141436,5.722194783966723,1,8617.806438317575,3161.321634848335,0.03670579047283203,-0.07344056099456522,8826.537332701862,0.6473087266125381,0.824967880035799,0.8988548178271669,0.07337456165538521,1.0,0.004588223809104004,0.9469208856620276,0.023809523809523808,0.0,0.24080430297571154,0.0,ahead_vae,ahead,False,0.06688647717237473,2.306666135787964,1.523152232170105,1.1847140789031982,vae_candidate_pool_v1,belief_limited_heuristic_v1,521
VAE000211,vae_candidate_000211,0.5686980115574395,-3415.43505859375,-890.2843627929688,3776.323009501045,0.2712922140856996,-0.0574916250959269,4.8240770295269115,3,9371.33971292408,2138.778306343907,0.14967656332024631,2.812808814408167,9559.965701646353,0.40617889339756746,0.6990142672663449,0.959318626239414,0.32289224941033656,1.0,0.01870957041503079,0.8532234908930643,0.07142857142857142,0.0,0.2928637759591706,0.0,astern_vae,astern,False,0.05249827727675438,2.3579511642456055,2.5834977626800537,1.9197509288787842,vae_candidate_pool_v1,belief_limited_heuristic_v1,522
VAE000867,vae_candidate_000867,0.5684908439402832,3704.391357421875,-3102.087158203125,4781.8504206795615,2.423187068299293,-0.057079765693357355,4.835547528696729,26,8522.037297022665,2842.535478063061,1.073307152534958,0.661325819597143,8471.192039095578,0.2834950768455178,0.3421723493654859,0.9800418430692847,0.6141636999811069,1.0,0.13416339406686975,0.8198202647654361,0.6190476190476191,0.0,0.24528516834539113,0.0,ahead_vae,ahead,False,0.04836967960000038,1.299580454826355,2.9583890438079834,1.3056648969650269,vae_candidate_pool_v1,belief_limited_heuristic_v1,523
VAE000818,vae_candidate_000818,0.56797604867672,-351.3533935546875,980.1088256835938,958.4046499901286,-1.287031434351252,-0.13229846485539565,4.75140610583906,27,8303.5022714594,3010.9374491119215,1.079942722087627,-1.986859684093937,6110.0322581688815,0.3398317195875898,0.6751273736614019,0.9714053857624385,0.914687068245938,1.0,0.13499284026095337,0.850887567261296,0.6428571428571429,1.0,0.38858069947283175,0.38858069947283175,inside_convoy_envelope,inside,True,0.05219931900501251,1.6261287927627563,2.948458671569824,1.1555187702178955,vae_candidate_pool_v1,belief_limited_heuristic_v1,524
VAE000682,vae_candidate_000682,0.5676558355530866,3724.308349609375,-2196.956298828125,4208.263826900598,2.7293451723238245,-0.1161422701638451,2.9315118599564656,12,7702.617011239305,3423.6288023956863,0.4550470154066913,0.29610521110212346,8366.405979007719,0.2527001133132254,0.5389604667708492,0.9841204359090777,0.2917971406904686,1.0,0.05688087692583641,0.9881051984917328,0.2857142857142857,0.0,0.2287442456299791,0.0,ahead_vae,ahead,False,0.09681251645088196,0.624645471572876,2.8691720962524414,1.1955792903900146,vae_candidate_pool_v1,belief_limited_heuristic_v1,525
VAE000110,vae_candidate_000110,0.5675227442455734,2857.03955078125,304.28546142578125,3294.873600196588,-3.1479619339070988,-0.03579799705298856,4.040930752644993,15,7982.861650405606,2494.5280805145317,0.7532588785049009,-0.029428716735682908,8052.8052882359625,0.855052610756645,0.8595212525251589,0.8280894051419035,0.029424469132693632,1.0,0.09415735981311261,0.956036738538905,0.35714285714285715,0.0,0.27229311519168353,0.0,ahead_vae,ahead,False,0.0687628984451294,1.0433496236801147,2.9197447299957275,1.9360809326171875,vae_candidate_pool_v1,belief_limited_heuristic_v1,526
VAE001079,vae_candidate_001079,0.5672510189975761,2033.162353515625,-4515.75927734375,4877.53521612526,2.0218416344855172,0.15904443265031537,5.428509820124364,3,8257.233822973298,1919.8941939972929,0.18923844757105995,1.2787954517545919,4215.626153693797,0.31615388799647337,0.31338067130376057,0.9752191262568533,0.9576698030600536,1.0,0.023654805946382494,0.8828342035660958,0.07142857142857142,0.0,0.31157239576848417,0.0,ahead_vae,ahead,False,0.05646030604839325,0.9249468445777893,1.5043175220489502,1.2907190322875977,vae_candidate_pool_v1,belief_limited_heuristic_v1,527
VAE000655,vae_candidate_000655,0.5666233875053549,3551.912109375,-575.3883056640625,3575.037973457418,2.96509464363449,-0.15274007498860326,5.408664058786336,13,8466.450236518627,2134.91636763124,0.719218956224967,0.023757934966699666,8514.777382395096,0.31615229196020417,0.7702773901542135,0.9752193743707613,0.02375570004372235,1.0,0.08990236952812088,0.9850746144578085,0.30952380952380953,0.0,0.29532523113584397,0.0,ahead_vae,ahead,False,0.07656505703926086,1.2574537992477417,2.8812851905822754,1.111962914466858,vae_candidate_pool_v1,belief_limited_heuristic_v1,528
VAE000645,vae_candidate_000645,0.5663468233426061,-2357.92236328125,5279.4541015625,5840.539687944408,-1.1060290998184326,-0.005171998804337138,6.3351229079602005,30,8348.496149956281,2699.9460359324144,1.330938290000903,-2.040735552575698,6187.727618730479,0.2671308355852201,0.10670605431860755,0.982266112366863,0.8915958103591854,1.0,0.16636728625011288,0.9766365858816077,0.7142857142857143,0.0,0.24967722402285394,0.0,astern_vae,astern,False,0.10068413615226746,1.0085150003433228,2.04145884513855,1.7029989957809448,vae_candidate_pool_v1,belief_limited_heuristic_v1,529
VAE001003,vae_candidate_001003,0.5663381718317143,-4536.16064453125,1120.673583984375,4148.8873416187425,-0.2797023228106396,0.12610840397655906,3.6126847417210923,19,8144.059363280304,2156.4848724243284,1.0818480194827877,-2.7357819268025945,8333.922574665185,0.12515398417134718,0.5609146265308999,0.9960892287654176,0.39476377173280464,1.0,0.13523100243534847,0.7203116279256563,0.4523809523809524,0.0,0.29075787990495766,0.0,astern_vae,astern,False,0.03728240355849266,0.9800234436988831,1.9132623672485352,1.4467582702636719,vae_candidate_pool_v1,belief_limited_heuristic_v1,530
VAE000022,vae_candidate_000022,0.5661323208199276,-2616.687744140625,-4321.79052734375,5056.444659874132,0.9222840854119856,-0.11507642306351483,3.3342914804729893,11,8437.189799490774,2776.652420598889,0.46954081318026764,2.1042321451142927,6681.145523046518,0.38486826337227154,0.2634295208471624,0.9634239497625747,0.8610650605693841,1.0,0.058692601647533454,0.8791981371864701,0.2619047619047619,0.0,0.24757018704346068,0.0,astern_vae,astern,False,0.05595433712005615,1.1523653268814087,1.5180628299713135,1.6468909978866577,vae_candidate_pool_v1,belief_limited_heuristic_v1,531
VAE000619,vae_candidate_000619,0.5659084614365995,3839.82861328125,-2421.24560546875,4484.740413206319,2.6388430933258733,-0.018733522886307245,4.424092266545786,19,8990.37151592742,2208.3770293366592,0.9569797345179109,0.48401603737761373,8985.317750037813,0.10448392011234599,0.4397376195095062,0.9972732595911049,0.4653376468188977,1.0,0.11962246681473886,0.9917636525258955,0.4523809523809524,0.0,0.2841511304104862,0.0,ahead_vae,ahead,False,0.07933027297258377,0.7878777384757996,2.5187923908233643,1.2254732847213745,vae_candidate_pool_v1,belief_limited_heuristic_v1,532
VAE000301,vae_candidate_000301,0.565494882463587,-51.316436767578125,5734.5986328125,6494.534531429002,-1.5683003891111855,0.1154537076951944,4.633305483126059,32,8361.888717664044,2986.7908072057185,1.2812703871331586,-1.4578385567834131,3910.289090491875,0.2618547029122081,0.042036061762556975,0.9829557541032913,0.9936270517026977,0.931021212021875,0.16015879839164482,0.9775987545339297,0.7619047619047619,0.0,0.23569874829717363,0.0,port_vae,port,False,0.10040172189474106,1.023044228553772,1.4926602840423584,1.0830219984054565,vae_candidate_pool_v1,belief_limited_heuristic_v1,533
VAE000814,vae_candidate_000814,0.5651100697277353,3787.027587890625,-2061.759033203125,4175.164855312983,2.757221916010647,-0.09674840735576205,5.685720748968303,17,7792.157906609329,2490.155396414667,0.8761222841332897,0.28762233022338474,8178.454297994189,0.2565693189297038,0.5511810599959133,0.9836331253972258,0.2836730314617255,1.0,0.10951528551666122,0.977318486311734,0.40476190476190477,0.0,0.2670485375962395,0.0,ahead_vae,ahead,False,0.10048457980155945,1.0205965042114258,2.9590001106262207,1.3877928256988525,vae_candidate_pool_v1,belief_limited_heuristic_v1,534
VAE000951,vae_candidate_000951,0.5650964747621121,3674.799072265625,1310.432373046875,4222.994160507456,-2.876182339291225,-0.0013848304260500168,5.996783040409145,29,8598.486520764618,2618.1893294737542,1.2881752021383426,-0.26679514472461824,8984.541689990812,0.13184191946328072,0.533538247204037,0.995660718090035,0.2636413259237177,1.0,0.16102190026729282,0.7906951366115815,0.6904761904761905,0.0,0.25837132536692314,0.0,ahead_vae,ahead,False,0.1295562982559204,2.37768292427063,1.507792353630066,1.6555593013763428,vae_candidate_pool_v1,belief_limited_heuristic_v1,535
VAE000760,vae_candidate_000760,0.5650784409040207,357.9878845214844,-3452.7666015625,4331.176311302721,1.686106745596814,0.15829809334594622,5.6852465615777,8,8593.481494476111,2414.9885492451454,0.38548347473214933,1.6137840013389255,2782.057536113508,0.22145605295871865,0.4941093265966308,0.9877893305296903,0.9990761721966692,0.6623946514555972,0.04818543434151867,0.9976669266957927,0.19047619047619047,1.0,0.2700101665806195,0.2700101665806195,inside_convoy_envelope,inside,True,0.08304886519908905,1.5349563360214233,2.595424175262451,1.6499848365783691,vae_candidate_pool_v1,belief_limited_heuristic_v1,536
VAE000945,vae_candidate_000945,0.5648547619714304,-533.9949340820312,4647.5703125,5016.058523868758,-1.3584312903241467,0.09607541281741325,5.79706842717956,11,7674.746343343877,2401.9063290238814,0.5967227396147066,-1.6870859504482332,3276.1669525962097,0.23958603149182414,0.2742495386474664,0.9857181465109067,0.993245978239934,0.7800397506181451,0.07459034245183832,0.8171194731931996,0.2619047619047619,0.0,0.2699052167221499,0.0,port_vae,port,False,0.0480479821562767,1.9342060089111328,1.4911143779754639,1.9132717847824097,vae_candidate_pool_v1,belief_limited_heuristic_v1,537
VAE000132,vae_candidate_000132,0.5647430801781541,614.7722778320312,4776.69384765625,5033.570017902371,-1.8378188202165926,-0.04973926892929306,5.801593171291132,4,8254.354534551972,2127.950765814219,0.2277274050523166,-1.3535131023024936,3857.369015683407,0.37233842485361496,0.2695248420997677,0.9657395933868761,0.9764867280128169,0.918421194210335,0.028465925631539574,0.9915595432356974,0.09523809523809523,0.0,0.2902311095512435,0.0,port_vae,port,False,0.0792321264743805,0.825888454914093,2.9383862018585205,1.719472885131836,vae_candidate_pool_v1,belief_limited_heuristic_v1,538
VAE000314,vae_candidate_000314,0.5644792487251644,3481.570068359375,294.71295166015625,4046.785962064341,-2.958123123368568,-0.12139348777052188,7.476182320116147,27,7997.587080125338,1552.3362506758576,2.1747983120435714,-0.3048630179917471,8094.756120824265,0.007093042079516554,0.5989080132249779,0.9999874222412483,0.3001625125211803,1.0,0.27184978900544643,0.8520269513089422,0.6428571428571429,0.0,0.36729682089141363,0.0,ahead_vae,ahead,False,0.12218800187110901,0.6560611128807068,2.954758644104004,1.2177870273590088,vae_candidate_pool_v1,belief_limited_heuristic_v1,539
VAE001146,vae_candidate_001146,0.5643860197497436,418.40386962890625,-3785.261474609375,4205.468351774103,1.7097036920453907,-0.02032778603855988,6.639623011261319,25,8835.052617943174,1752.8357321960088,1.614320085950273,1.4115611755058428,3131.5735026664765,0.31639659786762814,0.5399906810782954,0.9751813813872329,0.9873488489279226,0.7456127387301135,0.20179001074378414,0.949619310696958,0.5952380952380952,1.0,0.33399361879492095,0.33399361879492095,inside_convoy_envelope,inside,True,0.06742526590824127,1.2394335269927979,2.95447039604187,1.6032581329345703,vae_candidate_pool_v1,belief_limited_heuristic_v1,540
VAE001020,vae_candidate_001020,0.5641910049918996,434.98919677734375,-5649.462890625,5687.68192644036,1.5707544200874906,-0.06012930547694348,2.72216111957868,14,8978.13863218267,3215.7227677296005,0.48491221933695955,1.5107089280253592,3749.067765201591,0.04864188976264039,0.1296053347654042,0.999408608258262,0.9981952953424281,0.892635182190855,0.060614027417119944,0.9424052556800325,0.3333333333333333,0.0,0.22796971954484227,0.0,starboard_vae,starboard,False,0.10852079838514328,2.3894922733306885,2.9771997928619385,1.0999774932861328,vae_candidate_pool_v1,belief_limited_heuristic_v1,541
VAE000044,vae_candidate_000044,0.5639415498254892,818.165771484375,4782.185546875,5206.063569399516,-1.8105390519261542,0.06571793589969502,6.068801213461823,12,8736.575496072453,2139.2309115091566,0.6420699526459795,-1.2653356657639439,4667.57531227192,0.3649007978250498,0.22571831755170355,0.9670795833572923,0.9537085180016852,1.0,0.08025874408074744,0.9181510206964737,0.2857142857142857,0.0,0.28827567632331397,0.0,port_vae,port,False,0.06176532804965973,0.9487776756286621,2.0122320652008057,1.9127711057662964,vae_candidate_pool_v1,belief_limited_heuristic_v1,542
VAE000947,vae_candidate_000947,0.5638552542750677,-13.781036376953125,-924.4931030273438,1168.9967145765759,1.626917460749672,-0.005872768242522795,5.276753480378315,29,7508.46477165528,1925.3827743604388,2.0059946406135896,1.5088024245975984,2386.86503110638,0.4293792791068857,0.7509177266022471,0.9546121674826762,0.9980789934048282,0.5683011978824714,0.2507493300766987,0.8797180502978543,0.6904761904761905,1.0,0.39923575593653104,0.39923575593653104,inside_convoy_envelope,inside,True,0.056026309728622437,1.924254059791565,2.3557965755462646,1.8808629512786865,vae_candidate_pool_v1,belief_limited_heuristic_v1,543
VAE000316,vae_candidate_000316,0.5626882917829599,621.0894165039062,-5627.41162109375,5665.084878388223,1.6082940991390768,0.23973449098835486,7.141504474153296,14,7892.3198209287475,2958.2797971542573,0.5996310484139006,1.7730330454390721,4483.248319442695,0.030694188309698722,0.13328438745082677,0.9997644851923998,0.979619759223985,1.0,0.07495388105173757,0.8520665389457133,0.3333333333333333,0.0,0.2390023400420766,0.0,starboard_vae,starboard,False,0.1221829354763031,0.673508882522583,1.487803339958191,1.6278325319290161,vae_candidate_pool_v1,belief_limited_heuristic_v1,544
VAE000153,vae_candidate_000153,0.5620706592353534,-1281.423095703125,-2387.936279296875,3177.467765089736,1.1170794277042015,0.09411438456844254,5.072931713146362,3,8531.726550741449,2086.9806621947664,0.16848680787492887,2.1186276104540345,6225.203586704011,1.919163971213917,0.8920225040972084,0.329318019497021,0.8536560766539268,1.0,0.02106085098436611,0.7831263816290573,0.07142857142857142,0.0,0.30264659754702783,0.0,astern_vae,astern,False,0.04411929100751877,1.1299631595611572,2.5262105464935303,1.0796318054199219,vae_candidate_pool_v1,belief_limited_heuristic_v1,545
VAE000626,vae_candidate_000626,0.562024401816602,-1992.716552734375,-4801.3642578125,5153.204603533174,1.3150814351369313,0.12669697032946373,4.72280770020896,21,7905.844872866666,2260.5230392772582,1.1750654811350358,1.953208188782326,5047.378159288599,0.66866312083702,0.23861166510887646,0.8923255742096037,0.9277673264071928,1.0,0.14688318514187948,0.8973215162970328,0.5,0.0,0.27937971012387036,0.0,astern_vae,astern,False,0.05854253098368645,1.6640230417251587,2.0895094871520996,1.7989578247070312,vae_candidate_pool_v1,belief_limited_heuristic_v1,546
VAE000627,vae_candidate_000627,0.5614504872227393,463.98944091796875,4868.14794921875,4717.102416651746,-1.5836689646570261,-0.01959816105101581,4.0005046121993795,9,8296.5328354113,2041.8625047014407,0.5312749987649447,-1.5775218499837829,2097.6144287573147,0.2568605932033128,0.3624289012993237,0.9835961474675772,0.9999773837541674,0.4994320068469797,0.06640937484561808,0.9504431581673608,0.21428571428571427,0.0,0.2990822369331209,0.0,port_vae,port,False,0.06759238988161087,0.8715770840644836,2.390066385269165,1.6030099391937256,vae_candidate_pool_v1,belief_limited_heuristic_v1,547
VAE000224,vae_candidate_000224,0.5613962534097525,3616.802490234375,884.5884399414062,4143.369557968238,-2.9355639457042546,0.0031548712354263395,2.928878887609021,20,8202.556176548838,3015.642010531702,0.8085390455513751,-0.2028738366501122,8641.941581964127,0.1005782809337168,0.5629615573849956,0.9974731335753799,0.20148505777087186,1.0,0.10106738069392189,0.8803738265283956,0.47619047619047616,0.0,0.2413349224084695,0.0,ahead_vae,ahead,False,0.05611726641654968,0.7401158809661865,1.5071049928665161,1.4857840538024902,vae_candidate_pool_v1,belief_limited_heuristic_v1,548
VAE000477,vae_candidate_000477,0.5607784677777652,-1090.295166015625,5797.48193359375,5521.746453628281,-1.3867759530412036,0.05413472542808178,5.130833269952482,17,8057.808677760869,2636.2107642563856,0.8002982015558922,-1.7006819751205078,3657.658663088373,0.4098040937762586,0.15846652696952518,0.9585994476325477,0.9915767111130391,0.8708711102591364,0.10003727519448652,0.991027989590079,0.40476190476190477,0.0,0.25405491554308607,0.0,port_vae,port,False,0.07898189127445221,1.9832299947738647,2.443932294845581,1.389344573020935,vae_candidate_pool_v1,belief_limited_heuristic_v1,549
VAE000887,vae_candidate_000887,0.5607038796699232,-1674.671875,194.62506103515625,1452.8278112410594,-0.12512221890965577,-0.1469710340938825,4.907749739199359,10,8114.436310323708,2496.266092252016,0.493685948778711,3.119743838405567,8167.035707465606,0.4246745946795234,0.8440101430973097,0.9555864280467352,0.021847076894926626,1.0,0.06171074359733888,0.9150380841206142,0.23809523809523808,0.0,0.32914268719370776,0.0,astern_vae,astern,False,0.06126316636800766,2.1908276081085205,1.5174673795700073,1.7994565963745117,vae_candidate_pool_v1,belief_limited_heuristic_v1,550
VAE000728,vae_candidate_000728,0.5601338826909769,303.4124755859375,-4817.2685546875,4965.532995497305,1.56244476291519,0.12093630181017173,4.629205603838179,12,8760.96481692591,1803.2796138219055,0.7595672598883553,1.7000841924847754,2917.7629052662687,0.12278525487578462,0.28816364217355844,0.9962356781750399,0.9916539591997113,0.6947054536348258,0.09494590748604441,0.9932684007806875,0.2857142857142857,0.0,0.32506694461349483,0.0,starboard_vae,starboard,False,0.09443844854831696,0.7710980772972107,2.504099130630493,1.3404912948608398,vae_candidate_pool_v1,belief_limited_heuristic_v1,551
VAE000076,vae_candidate_000076,0.5598756465376556,3658.356689453125,5959.78564453125,6592.127857788319,-2.0892532733308538,-0.2772739181319995,5.399217383242191,36,8456.233827915916,2526.1152312095232,1.6852811374170997,-1.3296132983909388,4472.784382431128,0.15294091982541014,0.0360768064965555,0.9941636585304978,0.9710560862379001,1.0,0.21066014217713747,0.8546352782688877,0.8571428571428571,0.0,0.2580312687214457,0.0,ahead_vae,ahead,False,0.05267981439828873,1.8722573518753052,1.9805443286895752,1.9208245277404785,vae_candidate_pool_v1,belief_limited_heuristic_v1,552
VAE000914,vae_candidate_000914,0.5596634842783771,-1070.07763671875,4454.943359375,4864.888317534789,-1.5079371758739122,-0.05633444828923284,4.547927464726206,4,8701.21083294781,2738.103436475285,0.1678921726130739,-1.6899899260051137,3753.3507923675943,0.768065254425612,0.31710552187562113,0.8596280848435437,0.9929048490590169,0.8936549505637129,0.020986521576634238,0.8909731725489755,0.09523809523809523,0.0,0.2496459874569749,0.0,port_vae,port,False,0.057616282254457474,1.2822597026824951,2.033726930618286,1.071864366531372,vae_candidate_pool_v1,belief_limited_heuristic_v1,553
VAE001168,vae_candidate_001168,0.5595510469806197,2986.54296875,-1942.33056640625,4345.1233221056955,2.6183322749097404,-0.005671891380086771,5.604748167631514,2,8577.963557751362,2574.902108037577,0.09054929555712007,0.5175884872999668,8728.403394866675,0.3675726980384093,0.48908533917460584,0.9666011740260518,0.4947859381229162,1.0,0.01131866194464001,0.9961373611859707,0.047619047619047616,0.0,0.260241580034555,0.0,ahead_vae,ahead,False,0.09269533306360245,1.3657164573669434,2.9319043159484863,1.6910239458084106,vae_candidate_pool_v1,belief_limited_heuristic_v1,554
VAE000641,vae_candidate_000641,0.5592261801916821,975.2059326171875,-6139.5830078125,6495.991791355388,1.7714466104810593,-0.04388128741555355,5.942829182172352,28,8649.23573083559,2692.4450150615125,1.2023570512477877,1.3262647556931804,4706.343073911155,0.13493038082591613,0.041941323518914254,0.9954553494347338,0.9702508389239763,1.0,0.15029463140597346,0.9532786201639979,0.6666666666666666,0.0,0.24864828251290078,0.0,starboard_vae,starboard,False,0.10635530203580856,1.7536768913269043,1.480766773223877,1.8098783493041992,vae_candidate_pool_v1,belief_limited_heuristic_v1,555
VAE000393,vae_candidate_000393,0.5592020063693851,1811.81494140625,988.7385864257812,1678.0117617717337,-2.576244236921291,-0.15485556225440564,3.9865204106860883,16,8516.79207084649,1789.0642900365806,1.0500693710216884,-0.7202039789229078,7581.783329134859,1.7482389458164536,0.9061610871964224,0.4117435362106725,0.6595380107756346,1.0,0.13125867137771105,0.87941328773198,0.38095238095238093,0.0,0.3679154270923842,0.0,ahead_vae,ahead,False,0.05598410591483116,1.4720557928085327,2.9363479614257812,1.5846476554870605,vae_candidate_pool_v1,belief_limited_heuristic_v1,556
VAE000746,vae_candidate_000746,0.5587181403867688,-360.6087646484375,-6540.7470703125,6259.709189468862,1.4732312780707337,0.09031970326895859,6.106315157329658,23,9165.01435939613,2835.892937523036,0.8849217208908546,1.7586810787880183,4497.838755048854,0.33536086030957324,0.059836755532060616,0.9721458042000837,0.9824015213432974,1.0,0.11061521511135683,0.9999983138123546,0.5476190476190477,0.0,0.24144010190399642,0.0,starboard_vae,starboard,False,0.08715314418077469,1.480034351348877,1.527371883392334,1.1259846687316895,vae_candidate_pool_v1,belief_limited_heuristic_v1,557
VAE000473,vae_candidate_000473,0.5584874231511099,1667.833984375,738.4979248046875,2146.8987020329464,-2.748949079316689,0.1331881695895807,4.184058992647225,14,7352.7978981632305,2093.160019199458,0.909647176668887,-0.25945540468352357,7643.70761469911,1.5411337850274853,0.9879633359249799,0.514829096056605,0.2565542223391924,1.0,0.11370589708361087,0.9996220959196768,0.3333333333333333,0.0,0.32067476524890737,0.0,ahead_vae,ahead,False,0.08896306157112122,0.7146954536437988,2.411048173904419,1.6269463300704956,vae_candidate_pool_v1,belief_limited_heuristic_v1,558
VAE000015,vae_candidate_000015,0.5579451863652247,3476.28125,-5144.408203125,6265.550388970515,2.176066690424534,0.02676390681864962,5.983615099965827,36,7821.740819780719,2851.9543986828257,1.6138252365323675,0.9922898699839087,6664.609762093476,0.03712461309254245,0.05932850657967256,0.9996554803475506,0.8372802140926762,1.0,0.20172815456654594,0.9679927786642832,0.8571428571428571,0.0,0.24256758685347046,0.0,ahead_vae,ahead,False,0.10300606489181519,0.6677435636520386,2.9455008506774902,1.5303961038589478,vae_candidate_pool_v1,belief_limited_heuristic_v1,559
VAE000050,vae_candidate_000050,0.5579230346209193,-496.0885009765625,-5931.48388671875,5960.9263147549145,1.4014271277577193,0.05220175323755261,5.41292803178321,15,8056.7953632372355,2892.937347082266,0.6435612668033355,1.7923672790696268,4592.795933521744,0.25258713248524955,0.09098937679548334,0.9841345565088984,0.975553416944781,1.0,0.08044515835041693,0.9956856176652771,0.35714285714285715,0.0,0.2408824010994747,0.0,starboard_vae,starboard,False,0.09300466626882553,0.7452093362808228,2.969621419906616,1.9139889478683472,vae_candidate_pool_v1,belief_limited_heuristic_v1,560
VAE001157,vae_candidate_001157,0.5578927213955196,733.4039306640625,-5038.94189453125,5065.891815440092,1.6393850646692705,0.025653118968049463,5.638252885871992,26,7500.562567820323,1785.9156709207546,1.9409688325511416,1.5278607078885724,2106.2121448333896,0.05489040254072641,0.26093751053595915,0.99924695003127,0.9990784079046958,0.501479082103188,0.2426211040688927,0.961125757100776,0.6190476190476191,0.0,0.328616400603436,0.0,starboard_vae,starboard,False,0.10464323312044144,1.1566333770751953,2.6109862327575684,1.6245698928833008,vae_candidate_pool_v1,belief_limited_heuristic_v1,561
VAE000861,vae_candidate_000861,0.5577040607299963,3893.251220703125,-2827.65966796875,4737.701711360179,2.459479318900366,-0.09815626049301701,5.764194848894669,19,8473.960544616975,2405.582428929342,0.9320665461429609,0.5839570741964109,8395.988413265624,0.10997250495763433,0.3559187530001934,0.9969795579700123,0.5513295823287027,1.0,0.11650831826787011,0.9487509395172002,0.4523809523809524,0.0,0.2693162541748735,0.0,ahead_vae,ahead,False,0.10728245973587036,0.6989461183547974,1.498726725578308,1.7263154983520508,vae_candidate_pool_v1,belief_limited_heuristic_v1,562
VAE000307,vae_candidate_000307,0.5576108944357578,-1067.111328125,-5013.6201171875,5017.682811750045,1.4044647663790784,-0.07548359325167182,5.636861365909112,3,8604.831362780202,2406.930470261558,0.14484894834022977,1.661644293959043,3177.661239420836,0.4184695228879051,0.2738091698079051,0.956855969358959,0.9958761608936028,0.7565860093859134,0.01810611854252872,0.9994763186902167,0.07142857142857142,0.0,0.26825874690521867,0.0,starboard_vae,starboard,False,0.08926373720169067,2.1017138957977295,1.5586023330688477,1.3561840057373047,vae_candidate_pool_v1,belief_limited_heuristic_v1,563
VAE000260,vae_candidate_000260,0.5571587582992137,-69.84771728515625,-6451.333984375,6105.54075092163,1.5369144312002863,0.20930704553305393,4.289198866565146,21,8881.988278432347,3083.3652397841124,0.7668035713972482,1.8139852679225605,5131.410742134556,0.37627640128207496,0.07459675498376861,0.9650196766610153,0.9705750175236685,1.0,0.09585044642465602,0.9740834504327328,0.5,0.0,0.2318991458090444,0.0,starboard_vae,starboard,False,0.0731254443526268,2.310225248336792,2.969714403152466,1.082901120185852,vae_candidate_pool_v1,belief_limited_heuristic_v1,564
VAE000986,vae_candidate_000986,0.556433423043477,47.15008544921875,-4394.66259765625,4707.349924896918,1.6663946663757723,0.15177548985982822,4.942771487864358,10,8273.551457749058,1711.4314681902558,0.706233825484848,1.6269734770738487,2173.2717642021526,0.24486848971036831,0.36553200047526024,0.9850846076179136,0.9984224788300091,0.5174456581433696,0.088279228185606,0.9929243242490969,0.23809523809523808,0.0,0.3389295678537743,0.0,starboard_vae,starboard,False,0.09462009370326996,0.6835775375366211,1.501364827156067,1.2253501415252686,vae_candidate_pool_v1,belief_limited_heuristic_v1,565
VAE000183,vae_candidate_000183,0.5563023324263514,161.67782592773438,4590.390625,4866.227554753939,-1.5439107101185072,0.012517865938800722,4.550967367719908,22,8785.338870669148,1771.3847960490043,1.413680443643501,-1.5851640775324851,1897.4231799556592,0.26457496933963065,0.31670990045639386,0.9826018665873428,0.999896785644954,0.45176742379896645,0.17671005545543764,0.963577941586864,0.5238095238095238,0.0,0.3295418996766381,0.0,port_vae,port,False,0.070457324385643,2.3359341621398926,2.97383451461792,1.3769900798797607,vae_candidate_pool_v1,belief_limited_heuristic_v1,566
VAE001215,vae_candidate_001215,0.5561601597139814,-785.3704223632812,5509.828125,5136.9803794700665,-1.454027877252553,0.18186263170298492,4.2324974249987966,13,8668.756139033203,2288.739787304214,0.6552245283794371,-1.5057021446342551,2847.7796872216627,0.366486043144985,0.24266346891471818,0.9667961439419311,0.9978821217149801,0.6780427826718245,0.08190306604742964,0.9924429297864047,0.30952380952380953,0.0,0.2762795861851415,0.0,port_vae,port,False,0.0948670506477356,0.7224016785621643,1.9023799896240234,1.4635635614395142,vae_candidate_pool_v1,belief_limited_heuristic_v1,567
VAE000540,vae_candidate_000540,0.5560092061112796,3634.57373046875,182.35214233398438,3828.215138032218,-3.239119456934626,-0.03304529248465058,3.8612729362614298,17,7458.754942680927,2481.463286556996,0.9184906265566405,0.06448151086018253,7603.151708324663,0.1266293398339413,0.6800457688812176,0.9959966063962886,0.06443683591001352,1.0,0.11481132831958006,0.844629999238039,0.40476190476190477,0.0,0.26996465346144677,0.0,ahead_vae,ahead,False,0.05140678212046623,1.5783631801605225,1.9992347955703735,1.9248414039611816,vae_candidate_pool_v1,belief_limited_heuristic_v1,568
VAE000865,vae_candidate_000865,0.5554252022953012,-1309.653076171875,339.0582580566406,1186.3115137303184,-0.27358130313200757,0.02912952360019717,5.793815964789795,11,7992.566186027528,1684.2085418486874,0.8171665449640934,-2.8388818268575884,8131.236698564205,0.2856372485742267,0.7569504994606279,0.979741145316052,0.2981088693559721,1.0,0.10214581812051167,0.8357610097031299,0.2619047619047619,0.0,0.42161070012211116,0.0,astern_vae,astern,False,0.0503029003739357,2.2296392917633057,1.9624499082565308,1.3931829929351807,vae_candidate_pool_v1,belief_limited_heuristic_v1,569
VAE001075,vae_candidate_001075,0.5551250706897127,3772.001220703125,145.798828125,3868.4394195663267,-3.0412557938676716,0.008827369847955936,5.179475154601244,9,8708.49017668558,2805.4317704788164,0.36838329850939,-0.09150948987416554,8928.418703733594,0.07457033174026773,0.6652310492883292,0.9986104604901154,0.09138182679591678,1.0,0.04604791231367375,0.9164548124418532,0.21428571428571427,0.0,0.25089573716934216,0.0,ahead_vae,ahead,False,0.061490703374147415,0.7018576860427856,2.998079299926758,1.4152148962020874,vae_candidate_pool_v1,belief_limited_heuristic_v1,570
VAE000359,vae_candidate_000359,0.5549762312723393,-1010.7639770507812,5413.978515625,4883.679204754392,-1.259047813926845,-0.2618913194656249,2.9724018005498025,6,8047.458076149226,2236.632164474357,0.33334808259010595,-2.1444361591285728,6245.915134664585,0.24961255480782074,0.31158012495068715,0.9845041022296176,0.8399312324143897,1.0,0.041668510323763244,0.7822691225265308,0.14285714285714285,0.0,0.28173598642916636,0.0,port_vae,port,False,0.04402274265885353,1.4395389556884766,1.8891470432281494,1.9541791677474976,vae_candidate_pool_v1,belief_limited_heuristic_v1,571
VAE001136,vae_candidate_001136,0.5548917938098094,617.5146484375,5562.55810546875,5536.772799542562,-1.664107926763498,0.011896015303174736,3.936039298777299,22,8049.688769490329,2264.4762323745613,1.20691260975635,-1.4655887115231205,3097.2825548264877,0.09426860869499575,0.15567429021934423,0.9977800020984218,0.9944707817464594,0.7374482273396399,0.15086407621954376,0.9567605879311435,0.5238095238095238,0.0,0.27805447362365004,0.0,port_vae,port,False,0.10561361908912659,1.5964573621749878,1.9198942184448242,1.3063561916351318,vae_candidate_pool_v1,belief_limited_heuristic_v1,572
VAE000006,vae_candidate_000006,0.5546957383367686,-657.1242065429688,-5689.17626953125,5003.490303493368,1.5312042687600775,-0.007637298504778618,5.588484781743428,19,8168.969576528887,2393.815112656067,0.9716183714198855,1.6027510863249363,2653.5860825564287,0.6081966672798407,0.27767163770155734,0.9103398775848522,0.9994894901143269,0.6318062101324831,0.12145229642748569,0.9138801272565457,0.4523809523809524,0.0,0.2697347753639586,0.0,starboard_vae,starboard,False,0.061078399419784546,2.1282057762145996,2.46354341506958,1.7828391790390015,vae_candidate_pool_v1,belief_limited_heuristic_v1,573
VAE000788,vae_candidate_000788,0.5545038679607108,493.0101013183594,-5581.267578125,5863.260037107248,1.6078448470060056,-0.08079606621277823,7.731364042696498,28,8074.47953108762,2287.1283771097815,1.5161876369290004,1.4529517403710097,3220.598525219989,0.18710699462914435,0.10358850214292241,0.9912732473615296,0.9930643587727891,0.7668091726714259,0.18952345461612505,0.9998496537083033,0.6666666666666666,0.0,0.27571060385229695,0.0,starboard_vae,starboard,False,0.0883365273475647,1.0743666887283325,2.936098098754883,1.3871595859527588,vae_candidate_pool_v1,belief_limited_heuristic_v1,574
VAE000335,vae_candidate_000335,0.5543741457343367,-3709.1279296875,-960.8097534179688,4161.519675139538,0.24520918452715276,-0.14727200243959232,5.821231175556914,13,9078.98950188565,1635.8563501530302,0.8753075493446614,2.7491114666230487,9014.335222715863,0.0056352860849794295,0.556232284487236,0.999992060908695,0.3824821147990209,1.0,0.10941344366808267,0.9820136698471752,0.30952380952380953,0.0,0.3515332571842142,0.0,astern_vae,astern,False,0.09902318567037582,1.2432423830032349,1.4906573295593262,1.1045031547546387,vae_candidate_pool_v1,belief_limited_heuristic_v1,575
VAE000064,vae_candidate_000064,0.5543548992416328,3840.05078125,2936.7919921875,5091.281752859897,-2.5235305319833308,-0.08327458800806635,4.950941594574807,24,7762.65810010696,3040.1362131924107,1.0169690609714659,-0.7013367096145287,7892.134344379876,0.04138171014267389,0.2543137169655453,0.9995719496060772,0.6452394832969599,1.0,0.12712113262143324,0.8457179799037159,0.5714285714285714,0.0,0.23744839141190893,0.0,ahead_vae,ahead,False,0.12298919260501862,1.1214033365249634,2.5260958671569824,1.834822416305542,vae_candidate_pool_v1,belief_limited_heuristic_v1,576
VAE000756,vae_candidate_000756,0.5540607711259573,2363.75244140625,-5346.94921875,5744.257252380137,2.0145764173929095,0.043614554691076994,6.15315026837937,17,7921.7907069419825,2848.827006208219,0.7532852774867629,1.1706307908879607,5709.858142807974,0.21336054733150855,0.12073123677602653,0.9886624270500345,0.9209965186651885,1.0,0.09416065968584536,0.9144302011132776,0.40476190476190477,0.0,0.24343060932502714,0.0,starboard_vae,starboard,False,0.06116603687405586,2.2488083839416504,2.942695379257202,1.7305359840393066,vae_candidate_pool_v1,belief_limited_heuristic_v1,577
VAE000831,vae_candidate_000831,0.5539986049433914,-1597.241455078125,4700.93505859375,4873.364725590598,-1.2012348265570778,0.27870375640194966,6.758688098190952,12,7967.635282979878,2070.3072579598097,0.7274731944098263,-1.6616540706307656,2784.693573293087,0.44420009493509416,0.3146062343524605,0.951477351015622,0.9958752738765112,0.6630222793554968,0.09093414930122828,0.8595477751331723,0.2857142857142857,0.0,0.2963215245339196,0.0,port_vae,port,False,0.05331668257713318,2.161020517349243,1.9363656044006348,1.929353952407837,vae_candidate_pool_v1,belief_limited_heuristic_v1,578
VAE001064,vae_candidate_001064,0.5534271671798272,-808.1149291992188,5058.96826171875,5265.008680772481,-1.335725560178117,0.04844244981249144,5.188336831545669,9,8313.175328067144,2067.0579791760906,0.5237486433340601,-1.7574246435991847,3573.6476457330077,0.2603266977669285,0.21189620120032784,0.9831529694608456,0.9826354244449834,0.8508684870792875,0.06546858041675752,0.999870404757803,0.21428571428571427,0.0,0.2952752848085224,0.0,port_vae,port,False,0.08825993537902832,1.3296960592269897,1.4787489175796509,1.443482756614685,vae_candidate_pool_v1,belief_limited_heuristic_v1,579
VAE001013,vae_candidate_001013,0.5532418608990873,1350.840576171875,898.5000610351562,1969.5827412995186,-2.5258815077350105,0.036534086413383,4.996363727383526,9,9045.109351385176,2704.1401456140106,0.3679590526488036,-0.5791770594413996,9050.044445805843,1.8904312745288172,0.9655855172174093,0.34288999043833296,0.5473353922597668,1.0,0.04599488158110045,0.8658163286731028,0.21428571428571427,0.0,0.28699141799115496,0.0,ahead_vae,ahead,False,0.054141685366630554,1.7253515720367432,2.0841047763824463,1.853094220161438,vae_candidate_pool_v1,belief_limited_heuristic_v1,580
VAE000971,vae_candidate_000971,0.5531925390250145,1608.458740234375,-5471.2646484375,6332.727436379147,1.8106819403139027,0.051804911335724874,5.729318096140825,21,8439.332519714462,2556.711735020804,0.9732612466909502,1.3827156246116152,4089.5578584291607,0.10425747888830372,0.05373478489379742,0.9972850550631498,0.9823649026535611,0.973704252006943,0.12165765583636877,0.9976756048132955,0.5,0.0,0.2565785760863582,0.0,starboard_vae,starboard,False,0.0830567255616188,2.0312130451202393,1.9383580684661865,1.3991338014602661,vae_candidate_pool_v1,belief_limited_heuristic_v1,581
VAE000091,vae_candidate_000091,0.5530981320821677,220.72743225097656,4756.61865234375,4531.194393647342,-1.7329728667829112,-0.05753923813429016,3.462773416638127,18,8663.140771367893,1421.3562789338118,1.4618209485491493,-1.466159024941172,2318.4165835844406,0.5031654487705979,0.4237552811119578,0.9380302853645592,0.9945305107007942,0.5520039484724858,0.18272761856864367,0.8682378515819279,0.42857142857142855,0.0,0.391571829620675,0.0,port_vae,port,False,0.05446430295705795,1.3212800025939941,1.9532995223999023,1.3691083192825317,vae_candidate_pool_v1,belief_limited_heuristic_v1,582
VAE000807,vae_candidate_000807,0.5523707309765655,3406.011474609375,-3893.622314453125,5329.067878822462,2.2950510391079253,0.21389058354259524,4.652752734902334,14,8334.352164935504,2315.7181736645352,0.7253881960944536,1.0604321980244633,6091.907952673351,0.0739963183397978,0.19753844627286163,0.9986317607000696,0.872566690410526,1.0,0.0906735245118067,0.8667936065857881,0.3333333333333333,0.0,0.27423351901874454,0.0,ahead_vae,ahead,False,0.05427161604166031,1.3502812385559082,2.042665481567383,1.8277534246444702,vae_candidate_pool_v1,belief_limited_heuristic_v1,583
VAE000372,vae_candidate_000372,0.5521507012497365,1756.26171875,-5174.72021484375,5715.154682050123,1.7860857834857065,-0.0009210273066204948,5.873415731438544,11,7576.98747536056,2403.7218939705126,0.6039651735200612,1.354585842797466,3973.2473176353583,0.026496909819930803,0.12523640449484988,0.9998244887115306,0.9767174248543301,0.9460112661036567,0.07549564669000765,0.9972485231245717,0.2619047619047619,0.0,0.2684233591061007,0.0,starboard_vae,starboard,False,0.09184713661670685,1.6855260133743286,2.04740047454834,1.1241594552993774,vae_candidate_pool_v1,belief_limited_heuristic_v1,584
VAE001098,vae_candidate_001098,0.5521310510321472,-461.3375244140625,5687.310546875,5387.107334345468,-1.5550168882316153,-0.03073011461843961,5.465440073449784,14,7791.361633839152,2798.0308411994256,0.6421879852118282,-1.6173058799766173,3157.2472411623557,0.4511728323214639,0.18512359203785572,0.9499681707670127,0.9989186256827081,0.7517255336100847,0.08027349815147852,0.9711138713969804,0.3333333333333333,0.0,0.24671775656062042,0.0,port_vae,port,False,0.07232590764760971,2.2049365043640137,1.969116449356079,1.3679651021957397,vae_candidate_pool_v1,belief_limited_heuristic_v1,585
VAE000254,vae_candidate_000254,0.5517483913189545,-1257.843994140625,5387.3564453125,5247.727424205515,-1.2353881333012613,-0.004951803666464226,5.3097238947373695,13,7798.2603053649345,2307.6625439125987,0.7223926581532821,-1.911156323954996,4778.548071917443,0.5246386354739839,0.21588778945590312,0.9327525028599988,0.942634550035301,1.0,0.09029908226916027,0.8520771523408422,0.30952380952380953,0.0,0.27576018180819833,0.0,port_vae,port,False,0.05235134810209274,1.171600580215454,1.9699681997299194,1.2187602519989014,vae_candidate_pool_v1,belief_limited_heuristic_v1,586
VAE000199,vae_candidate_000199,0.5516675305212083,-1395.8759765625,-4594.87939453125,5092.546147882493,1.3100713058669435,0.23769811557836099,5.001766055999301,3,7985.522597704745,2837.015064828597,0.13242081905494374,2.0692194633012115,6309.264731904776,0.25530607204542677,0.2539866711024562,0.9837930225481077,0.8783374591532179,1.0,0.016552602381867967,0.7801279908589402,0.07142857142857142,0.0,0.2453711110729379,0.0,starboard_vae,starboard,False,0.1307508498430252,1.8401306867599487,1.8978270292282104,1.724832534790039,vae_candidate_pool_v1,belief_limited_heuristic_v1,587
VAE000848,vae_candidate_000848,0.5516502927820879,3827.10546875,-1210.7135009765625,3923.3749182283623,2.7070271884839463,-0.08066083407502866,3.3081302379675908,12,9252.9839135593,1335.6463247361428,0.9709748151598494,0.35390463103081804,9142.431365214316,0.07631110111147521,0.6448805346884737,0.9985448603205586,0.3465630880480488,1.0,0.12137185189498118,0.9755181648932895,0.2857142857142857,0.0,0.41334053445675206,0.0,ahead_vae,ahead,False,0.10100545734167099,2.355848550796509,2.0471436977386475,1.407762885093689,vae_candidate_pool_v1,belief_limited_heuristic_v1,588
VAE000999,vae_candidate_000999,0.5514131594888698,1448.662841796875,4359.033203125,5014.434550463224,-1.8713832456198127,0.1129121763622415,5.5443418390442645,6,8428.304125289851,1649.881926893598,0.4314775329815584,-1.1572972316077388,4897.457836361084,0.19214716085036732,0.27469025635371574,0.9907982306686332,0.9157204392263769,1.0,0.0539346916226948,0.9637337749316002,0.14285714285714285,0.0,0.34752045539839566,0.0,ahead_vae,ahead,False,0.07049399614334106,0.6048282384872437,2.516911029815674,1.0798914432525635,vae_candidate_pool_v1,belief_limited_heuristic_v1,589
VAE001028,vae_candidate_001028,0.5514083770240609,-407.45697021484375,-716.1692504882812,1036.498902746929,1.1948873244174822,0.20115826326357023,5.04794233398539,14,8249.693276094396,2132.0103926694464,0.7959777289086735,2.1478635924358813,6287.538436770256,0.05738284673250038,0.7036717223824259,0.9991770280852859,0.8380662590641506,1.0,0.09949721611358418,0.9964246990779118,0.3333333333333333,1.0,0.4052757154050474,0.4052757154050474,inside_convoy_envelope,inside,True,0.09248913079500198,1.7560434341430664,1.5603536367416382,1.8093833923339844,vae_candidate_pool_v1,belief_limited_heuristic_v1,590
VAE000158,vae_candidate_000158,0.5512668718990318,3647.798583984375,-2796.56201171875,4732.821386623436,2.609141634112692,-0.02969421753253585,5.527193428707371,18,8445.476412076525,2733.6860857225984,0.7796500472805985,0.502756801944565,8717.62004885022,0.17502472370451239,0.3574556523577391,0.9923611170029121,0.4818430350473075,1.0,0.09745625591007481,0.9824799748152682,0.42857142857142855,0.0,0.25062041578572103,0.0,ahead_vae,ahead,False,0.07566451281309128,1.3125299215316772,2.068424940109253,1.5798039436340332,vae_candidate_pool_v1,belief_limited_heuristic_v1,591
VAE000712,vae_candidate_000712,0.5509128186188206,-1192.8974609375,-703.9764404296875,1018.2265213164377,0.532120401361858,-0.10710431398193063,5.384363351408175,6,9225.691787547596,2460.3275742798787,0.2643378630549797,2.502367938246005,8871.923493924496,0.9303544796270786,0.6970306550370257,0.7987748933974455,0.59657340941377,1.0,0.03304223288187246,0.8769470977563167,0.14285714285714285,0.0,0.391134706477846,0.0,astern_vae,astern,False,0.05564412474632263,0.9673947691917419,2.099470376968384,1.4372875690460205,vae_candidate_pool_v1,belief_limited_heuristic_v1,592
VAE000664,vae_candidate_000664,0.5501182802710151,-714.9049682617188,6117.37890625,6004.7338770777515,-1.2940993249425206,-0.15769878681647384,2.3067242513642023,20,9087.566518670565,2882.625601420945,0.7634738270991256,-2.005192115463746,6439.515204355532,0.2738984036501766,0.0857471180392346,0.981361874361939,0.9071244976872921,1.0,0.0954342283873907,0.9880857802194051,0.47619047619047616,0.0,0.2398625622443623,0.0,port_vae,port,False,0.07771257311105728,0.6918463110923767,2.9095723628997803,1.0417535305023193,vae_candidate_pool_v1,belief_limited_heuristic_v1,593
VAE000745,vae_candidate_000745,0.5500731736699338,412.91156005859375,4884.4775390625,5049.756735788805,-1.6339467423497898,-0.11588418710555552,4.11170928610567,16,9282.425802458283,2124.2639508743378,0.8114280508819537,-1.623530098345559,2610.581488291099,0.3862704830467549,0.26520265404305954,0.9631602716500441,0.998609896852922,0.6215670210216903,0.10142850636024421,0.9075913003307444,0.38095238095238093,0.0,0.2894499708399584,0.0,port_vae,port,False,0.060092926025390625,1.7040270566940308,2.4692344665527344,1.1162222623825073,vae_candidate_pool_v1,belief_limited_heuristic_v1,594
VAE000828,vae_candidate_000828,0.5498950542959078,130.76852416992188,5547.880859375,5578.051256595325,-1.63398902496321,0.2998290111987461,4.711574957787526,24,8211.286741607717,2353.923451980292,1.24167428728361,-1.207774617427837,5116.346832473886,0.5138764534416425,0.14818932340744573,0.9354227793531014,0.9348280822411902,1.0,0.15520928591045124,0.8516132496161688,0.5714285714285714,0.0,0.27113543751125196,0.0,port_vae,port,False,0.05229200795292854,2.0839550495147705,2.965463161468506,1.2668445110321045,vae_candidate_pool_v1,belief_limited_heuristic_v1,595
VAE000528,vae_candidate_000528,0.5496525245338332,-3931.341796875,-2533.559326171875,4818.310330158219,0.6752180609656389,0.1931377921980931,2.6997869688864142,37,8091.057585428374,2696.6505737561893,1.6957887773280105,2.6595123848222477,8419.169212029548,0.4287272082058573,0.3310371921681869,0.9547478015032471,0.4636233628669448,1.0,0.2119735971660013,0.8412867644601968,0.8809523809523809,0.0,0.2526829222843061,0.0,astern_vae,astern,False,0.0509880930185318,1.1448054313659668,2.5205740928649902,1.4885368347167969,vae_candidate_pool_v1,belief_limited_heuristic_v1,596
VAE001038,vae_candidate_001038,0.5495881580562788,73.9388427734375,4917.783203125,5126.465307009678,-1.6375563869936536,-0.045732206749154306,5.366397042040618,1,7943.297364832695,2963.897641197021,0.042475253334411114,-1.5497684733452939,3130.2605749490713,0.43739508298514673,0.2453131154750526,0.9529290646443083,0.9997789228359834,0.745300136892636,0.005309406666801389,0.9404184880036871,0.023809523809523808,0.0,0.2399845302801682,0.0,port_vae,port,False,0.06563735008239746,2.234325647354126,1.9456243515014648,1.6518023014068604,vae_candidate_pool_v1,belief_limited_heuristic_v1,597
VAE000379,vae_candidate_000379,0.5493960193859462,-1193.9755859375,-452.4868469238281,1280.3610804468747,0.2997511874027372,0.06908999206963196,5.076508229694518,14,8471.85841790985,2571.4363919375533,0.6426485922789869,2.910931458256688,8835.370034595293,0.8994420275818887,0.7890119735555406,0.8110234731470038,0.22862125733113767,1.0,0.08033107403487336,0.9356200941527535,0.3333333333333333,0.0,0.34355566267694243,0.0,astern_vae,astern,False,0.06475479900836945,1.882198452949524,2.929749011993408,1.8287737369537354,vae_candidate_pool_v1,belief_limited_heuristic_v1,598
VAE000330,vae_candidate_000330,0.5489939605941189,-3965.1484375,-1631.27978515625,4282.815359296364,0.3952008607758174,0.015437637977214171,6.654558672359057,15,8697.09107666456,3093.356977654708,0.5575543389756825,2.7618294307911904,9224.153717607978,0.35933786230366727,0.5116414818881166,0.9680649362746461,0.37070057240404974,1.0,0.06969429237196031,0.7085565745879092,0.35714285714285715,0.0,0.23708697428906594,0.0,astern_vae,astern,False,0.03604429215192795,2.1984972953796387,1.5044294595718384,1.434434413909912,vae_candidate_pool_v1,belief_limited_heuristic_v1,599
VAE001097,vae_candidate_001097,0.5487609313874113,-1112.80908203125,4997.16259765625,4855.104813116929,-1.3985251611589786,-0.0403200438709125,6.014017703348841,3,8177.17371109933,1884.5994165205248,0.1946699774847448,-1.783387536301727,3567.5026523439765,0.24366248896275677,0.3200040961881245,0.9852304394404554,0.97748746862708,0.8494053934152325,0.0243337471855931,0.758429011745423,0.07142857142857142,0.0,0.31580856698053383,0.0,port_vae,port,False,0.04137840121984482,1.4785616397857666,2.931295394897461,1.1172395944595337,vae_candidate_pool_v1,belief_limited_heuristic_v1,600
VAE001070,vae_candidate_001070,0.5487490330472597,-884.3196411132812,-6034.29638671875,5807.07976627126,1.240422337328118,-0.00276199280030525,4.011273478091636,17,8768.919545728111,2488.305524571548,0.7791106341603942,1.8984083234613698,5177.650003980281,0.34530274648890336,0.11142926118107573,0.9704865108120706,0.946813461194651,1.0,0.09738882927004927,0.9538848789288208,0.40476190476190477,0.0,0.261111527195147,0.0,starboard_vae,starboard,False,0.0683048665523529,1.0803000926971436,2.4355039596557617,1.245208501815796,vae_candidate_pool_v1,belief_limited_heuristic_v1,601
VAE001145,vae_candidate_001145,0.5486720582970097,3746.541748046875,1930.4989013671875,4431.099240513176,-2.6569099908982596,0.15028724399914004,3.364761381656484,13,8279.568152553393,2726.241355553967,0.5759322067681117,-0.3343954186923934,8715.70113801387,0.004827877548069014,0.458478449960114,0.9999941729109136,0.32819813700315725,1.0,0.07199152584601397,0.9982103563709102,0.30952380952380953,0.0,0.2523376247008465,0.0,ahead_vae,ahead,False,0.08357307314872742,2.0778207778930664,1.9482378959655762,1.5620373487472534,vae_candidate_pool_v1,belief_limited_heuristic_v1,602
VAE000900,vae_candidate_000900,0.5482600449639045,3610.105712890625,3971.63671875,5074.541371771215,-2.4038994662303272,0.02311106118863079,4.60510058383845,17,7600.285153265419,2953.067635995683,0.7574354730177348,-0.714582126170835,7676.156277713406,0.021659009848348898,0.2586689184839631,0.9998827264077492,0.6553018257607653,1.0,0.09467943412721685,0.8785117988646628,0.40476190476190477,0.0,0.24118118026358734,0.0,ahead_vae,ahead,False,0.0558595135807991,2.251615047454834,1.5049628019332886,1.6507377624511719,vae_candidate_pool_v1,belief_limited_heuristic_v1,603
VAE000672,vae_candidate_000672,0.5478603552933803,3804.732421875,205.03335571289062,3943.464631590608,-3.035215600384781,-0.07889463043920297,4.904124022452092,4,8709.951464721844,2741.025965854341,0.16754485914637482,-0.1852716836442151,9065.825628616274,0.02577272012558618,0.6374132662940164,0.9998339509159122,0.18421357443862738,1.0,0.020943107393296852,0.8249193903705544,0.09523809523809523,0.0,0.2534391134933608,0.0,ahead_vae,ahead,False,0.04898148030042648,1.3615667819976807,1.499370813369751,1.4363739490509033,vae_candidate_pool_v1,belief_limited_heuristic_v1,604
VAE000737,vae_candidate_000737,0.5475352010338754,2413.082763671875,-5324.80712890625,6042.195691727265,2.028655197393414,-0.16341524139781446,4.819743495068786,31,7831.304941654527,2423.6530955360126,1.633266673692316,0.9495222147985649,6529.143875286796,0.1378337716985263,0.08145758161682791,0.995257977452382,0.813137492385162,1.0,0.2041583342115395,0.9977748359948839,0.7380952380952381,0.0,0.2661330538520974,0.0,ahead_vae,ahead,False,0.08314766734838486,2.294473171234131,2.945080280303955,1.7758629322052002,vae_candidate_pool_v1,belief_limited_heuristic_v1,605
VAE000554,vae_candidate_000554,0.5475312472363576,-231.94927978515625,5497.443359375,5459.830774048969,-1.4355331325150902,0.07430367176065875,5.797143163963106,11,8144.11702622177,2897.0356056046294,0.46622423679630787,-1.6317558493140443,3387.8085503177654,0.3728254908013145,0.1703566771962674,0.9656509421605577,0.9981425436161472,0.8066210834089917,0.05827802959953848,0.8964701610214084,0.2619047619047619,0.0,0.24157731794794418,0.0,port_vae,port,False,0.05841697379946709,1.774820327758789,1.4887819290161133,1.6654374599456787,vae_candidate_pool_v1,belief_limited_heuristic_v1,606
VAE000668,vae_candidate_000668,0.5461181344825784,3880.570556640625,1244.26025390625,4386.443182366583,-2.8842624401384565,-0.014186255515423763,3.859207058772955,21,7928.378369200581,2450.8957322251686,1.080712292056644,-0.2715164689667604,8295.236834538437,0.03311596909282288,0.47429418426507447,0.9997258582026658,0.26819265808589604,1.0,0.1350890365070805,0.938641143598275,0.5,0.0,0.26836151218400783,0.0,ahead_vae,ahead,False,0.06530684232711792,0.7539849877357483,1.9414440393447876,1.697150468826294,vae_candidate_pool_v1,belief_limited_heuristic_v1,607
VAE000121,vae_candidate_000121,0.5458384837112326,159.07485961914062,5409.91943359375,5372.1859936779065,-1.7384456533867352,-0.09928743759917799,4.814527082469198,24,8900.17233201331,2024.4563248604418,1.3320005801807981,-1.5024344378022358,2627.6864733603966,0.37722201636355623,0.18826167115230757,0.9648457309529007,0.9976642359324418,0.6256396365143801,0.16650007252259977,0.999300734338943,0.5714285714285714,0.0,0.2986200330787411,0.0,port_vae,port,False,0.08957450836896896,2.3148932456970215,2.9505438804626465,1.198486566543579,vae_candidate_pool_v1,belief_limited_heuristic_v1,608
VAE000875,vae_candidate_000875,0.5455297627760403,3768.84912109375,-911.0459594726562,4071.608646390842,2.7886817054863715,-0.08835288199637398,3.925925798823171,12,8407.321532886095,2143.5498329973498,0.665870852309696,0.26455806610704724,8675.316564266108,0.013182814942971799,0.5896545484251088,0.999956553976745,0.26148273550126516,1.0,0.083233856538712,0.7953538998445588,0.2857142857142857,0.0,0.2918956095060786,0.0,ahead_vae,ahead,False,0.12902399897575378,1.8166241645812988,1.8830310106277466,1.1735649108886719,vae_candidate_pool_v1,belief_limited_heuristic_v1,609
VAE000610,vae_candidate_000610,0.5452656460397199,2974.7568359375,-5883.486328125,6530.886102615452,1.8772651367990754,-0.004013845646599638,4.902727182012212,22,8880.14233256911,2507.850744719759,0.987872892047086,1.2603136711441183,5100.986468506158,0.05613267297355562,0.039725957198680086,0.9992124875683577,0.9521862206905973,1.0,0.12348411150588574,0.9731940338487081,0.5238095238095238,0.0,0.25870441304109215,0.0,ahead_vae,ahead,False,0.07288157194852829,2.185351848602295,2.9144139289855957,1.5838085412979126,vae_candidate_pool_v1,belief_limited_heuristic_v1,610
VAE000603,vae_candidate_000603,0.5450389352223854,133.01663208007812,-6407.2822265625,6155.946865145611,1.5381341193834932,-0.14408590456872652,4.965494466086173,18,7846.116902982527,2771.0808930908725,0.8278821648811222,1.4593726296375744,3626.332351274398,0.24041330832494845,0.06947727565140507,0.9856198237083276,0.9937987996232632,0.8634124645891424,0.10348527061014028,0.9999402711613017,0.42857142857142855,0.0,0.2464165646237768,0.0,starboard_vae,starboard,False,0.08659201860427856,2.32411789894104,2.981292724609375,1.5531704425811768,vae_candidate_pool_v1,belief_limited_heuristic_v1,611
VAE001109,vae_candidate_001109,0.544961550880353,3414.568359375,1978.046875,4491.567598163498,-2.680089976475438,0.08653163254925772,5.455940236044171,22,8381.971207089937,2229.987435731165,1.176993596450763,-0.3749710445650974,8616.300041704026,0.09504414301844921,0.4373738655540165,0.9977433522517958,0.36624558567963406,1.0,0.14712419955634537,0.8868072868487483,0.5238095238095238,0.0,0.2830484910169637,0.0,ahead_vae,ahead,False,0.0570204071700573,2.171224355697632,2.5491697788238525,1.9158889055252075,vae_candidate_pool_v1,belief_limited_heuristic_v1,612
VAE000582,vae_candidate_000582,0.5449518409046415,3625.977783203125,4944.884765625,6440.773252347636,-2.1787767963327735,-0.06339901726494512,3.713460429951307,26,8290.130730454295,3080.988104014657,1.0179394538947082,-1.0262148745219646,6930.091533817784,0.036938892380733446,0.04565921608322013,0.9996589183433757,0.8553441985861082,1.0,0.12724243173683852,0.9851448919956711,0.6190476190476191,0.0,0.23227703600527846,0.0,ahead_vae,ahead,False,0.07659047096967697,1.8323705196380615,1.5210294723510742,1.6651995182037354,vae_candidate_pool_v1,belief_limited_heuristic_v1,613
VAE000819,vae_candidate_000819,0.5443176413931199,3440.408447265625,2506.9892578125,4530.626560026246,-2.5449717159651075,0.224372944219979,5.377561952610003,20,7853.783843216297,2139.1499829693407,1.1904463177520963,-0.3722479934047066,8093.925592894897,0.09605826931380967,0.42394917990106734,0.9976949754506272,0.36371038221690866,1.0,0.14880578971901204,0.9989292660817768,0.47619047619047616,0.0,0.2912058453165464,0.0,ahead_vae,ahead,False,0.0901227667927742,1.282271146774292,2.8922879695892334,1.5497992038726807,vae_candidate_pool_v1,belief_limited_heuristic_v1,614
VAE001128,vae_candidate_001128,0.5438445835755614,4374.26318359375,-2132.976318359375,4760.783036370821,2.6759824843252638,0.14287324094974443,4.3306146274594255,12,8654.517233644272,2186.580342961215,0.6341222025661098,0.608483410214274,8351.070038397027,0.18970501352891,0.3486965490092172,0.9910299516049428,0.571623731955024,1.0,0.07926527532076373,0.9819762027502066,0.2857142857142857,0.0,0.28541777440708166,0.0,ahead_vae,ahead,False,0.07549738883972168,1.502543568611145,1.9336633682250977,1.1471952199935913,vae_candidate_pool_v1,belief_limited_heuristic_v1,615
VAE000530,vae_candidate_000530,0.5436928371284923,819.7945556640625,1944.3897705078125,2443.103934791854,-1.9361649419833542,-0.08216764930380394,3.6640852576287433,12,8947.97394283704,3088.183787980802,0.43426356829513435,-1.2875953609102428,5465.505930686497,2.5092666427331762,0.9996488425408155,0.09667251670029914,0.9601659112477742,1.0,0.054282946036891794,0.9994049158477332,0.2857142857142857,1.0,0.2575299963464841,0.2575299963464841,inside_convoy_envelope,inside,True,0.08513733744621277,2.032097816467285,1.504906415939331,1.303501009941101,vae_candidate_pool_v1,belief_limited_heuristic_v1,616
VAE000159,vae_candidate_000159,0.5436555614979462,3452.0224609375,2890.7197265625,4943.142775550773,-2.472921839155304,0.057681471461294175,5.428307168229673,21,8169.703171699448,2478.6481007953676,1.037046293604978,-0.610989342973195,8113.593568846188,0.006722198471890817,0.29446238671464037,0.9999887030544667,0.5736780926139687,1.0,0.12963078670062225,0.8815585713866638,0.5,0.0,0.2644038305714539,0.0,ahead_vae,ahead,False,0.05628209561109543,0.8893758058547974,2.4428212642669678,1.0776562690734863,vae_candidate_pool_v1,belief_limited_heuristic_v1,617
VAE000843,vae_candidate_000843,0.5435010263758906,499.64019775390625,-999.7461547851562,977.2932331511341,1.944590912255887,-0.019970635939559365,4.880846994308727,11,7949.964044325713,2930.6484732987774,0.47213238613817987,1.1770311053943472,5756.517305607957,0.4984734183433277,0.682067557622834,0.9391567106287263,0.9234710135225325,1.0,0.059016548267272484,0.8784299688758378,0.2619047619047619,1.0,0.38606061125703395,0.38606061125703395,inside_convoy_envelope,inside,True,0.055848222225904465,1.0893445014953613,1.5244505405426025,1.9218511581420898,vae_candidate_pool_v1,belief_limited_heuristic_v1,618
VAE000115,vae_candidate_000115,0.5434170546247902,3599.27587890625,-3200.8056640625,5076.536382526537,2.3664316059943227,0.0016353615321897982,4.6495981834861455,28,7819.385319367278,1474.3875751702817,2.4286993376843644,0.7767964091276609,6610.038794581016,0.035230402039478026,0.2581474393459678,0.9996897367860988,0.7009983381013194,1.0,0.30358741721054555,0.978016245677379,0.6666666666666666,0.0,0.3798804773090378,0.0,ahead_vae,ahead,False,0.0742555633187294,1.7539794445037842,2.871583938598633,1.5121039152145386,vae_candidate_pool_v1,belief_limited_heuristic_v1,619
VAE000161,vae_candidate_000161,0.5434123410106825,-2231.297119140625,-5010.63427734375,5702.645745152344,1.1999980415652505,-0.06582728249010933,6.760252584102879,19,8820.51615167425,2179.831217888588,0.98818153270648,1.8757673295344335,4727.74117954738,0.5062935930084549,0.12721160637649928,0.9372739462138111,0.9538556598461259,1.0,0.12352269158831,0.9579633424739581,0.4523809523809524,0.0,0.2836960291258017,0.0,astern_vae,astern,False,0.06918191909790039,1.4400111436843872,1.5277615785598755,1.6830430030822754,vae_candidate_pool_v1,belief_limited_heuristic_v1,620
VAE000474,vae_candidate_000474,0.5431579980193398,-486.736572265625,-5251.63134765625,5595.712588310073,1.6759796401340625,-0.05267003996839533,4.35720973479631,9,7987.304654112459,2735.0534165598438,0.4119802976403754,1.4129429734873347,3956.641733499666,0.5784395818264301,0.14506922678330028,0.9186583888626945,0.9875670083980287,0.9420575555951586,0.05149753720504693,0.9999936850104655,0.21428571428571427,0.0,0.24893488152381163,0.0,starboard_vae,starboard,False,0.08748576045036316,1.3789384365081787,1.9464598894119263,1.6256965398788452,vae_candidate_pool_v1,belief_limited_heuristic_v1,621
VAE000296,vae_candidate_000296,0.5429696729289666,546.58544921875,1709.0684814453125,1021.0953547959974,-1.7956723182966443,-0.25550350531667576,4.4607461015517424,17,8256.480995121457,2487.539475969052,0.8277209629067486,-1.6014238406098245,2739.2088085266187,0.3620078752264133,0.6980749963619397,0.9675938074422366,0.999531014361265,0.6521925734587187,0.10346512036334357,0.89739617155746,0.40476190476190477,1.0,0.3901178958353971,0.3901178958353971,inside_convoy_envelope,inside,True,0.05855356156826019,2.32159423828125,2.963350296020508,1.596098780632019,vae_candidate_pool_v1,belief_limited_heuristic_v1,622
VAE000680,vae_candidate_000680,0.5428966163435671,-3945.458984375,-2435.797119140625,4541.629100997327,0.5761637776447655,-0.030421846427825635,4.488851083206864,5,7762.9826258084995,2745.9317987086583,0.2345587528318619,2.535007029517202,7943.421572780538,0.3723685942557538,0.4201987567883665,0.9657341054418465,0.5700655398464592,1.0,0.029319844103982737,0.7819711673109739,0.11904761904761904,0.0,0.2517527331311036,0.0,astern_vae,astern,False,0.043989211320877075,1.9948796033859253,1.4672212600708008,1.4240913391113281,vae_candidate_pool_v1,belief_limited_heuristic_v1,623
VAE000274,vae_candidate_000274,0.5426490477501147,3888.1474609375,3347.29736328125,5112.127783361651,-2.4071577117809904,-0.1412904178493675,4.050363638084777,25,7222.320683256208,1573.0391089510554,2.2005118951599862,-0.8757253596581702,5833.569676288572,0.25563467885875113,0.24895587537859395,0.9837515029877586,0.7680082535369742,1.0,0.2750639868949983,0.8901788726029531,0.5952380952380952,0.0,0.3617435853427765,0.0,ahead_vae,ahead,False,0.05750196427106857,2.1190085411071777,2.976952075958252,1.7678017616271973,vae_candidate_pool_v1,belief_limited_heuristic_v1,624
VAE000423,vae_candidate_000423,0.541898030852316,-978.2681274414062,-374.01116943359375,1738.091756555677,0.4336802297138151,0.05042408183518098,4.375938482942184,12,7548.084625036579,3426.47916017089,0.4639769339497305,2.758336505711159,8281.791477415467,1.079028552604588,0.920516003530161,0.7360924586273531,0.3739423671124348,1.0,0.05799711674371631,0.848047787004666,0.2857142857142857,1.0,0.2777398882509757,0.2777398882509757,inside_convoy_envelope,inside,True,0.05183818191289902,2.3906733989715576,2.438105583190918,1.1918439865112305,vae_candidate_pool_v1,belief_limited_heuristic_v1,625
VAE000168,vae_candidate_000168,0.5416731166170092,-3496.0634765625,-3156.0751953125,5197.792245107587,0.8374681757837144,-0.13055697511326095,4.1530784076268565,19,8276.79897093277,2596.2880911906304,0.884175165912998,2.1735675026928183,6831.082888416779,0.5044660009591231,0.2277047654575946,0.937716351171425,0.8237677242534799,1.0,0.11052189573912476,0.743845217128497,0.4523809523809524,0.0,0.25666178673743895,0.0,astern_vae,astern,False,0.03979460522532463,0.8277895450592041,2.358729124069214,1.5377691984176636,vae_candidate_pool_v1,belief_limited_heuristic_v1,626
VAE000060,vae_candidate_000060,0.5411987452586835,1615.564453125,6357.99951171875,6090.738853664545,-1.6926521027784345,-0.07042464428376159,7.404887299614746,9,8007.787208771822,3353.097677036803,0.3351843867762003,-1.5193651950951201,3760.331926867112,0.10350046808329472,0.0761566547089151,0.9973243031392913,0.9986777108569337,0.8953171254445504,0.04189804834702504,0.9320638261093368,0.21428571428571427,0.0,0.22432011312413833,0.0,port_vae,port,False,0.0641196221113205,1.0592498779296875,2.106199264526367,1.6795601844787598,vae_candidate_pool_v1,belief_limited_heuristic_v1,627
VAE001219,vae_candidate_001219,0.5411615185060359,310.15386962890625,-5544.384765625,5540.854757079344,1.805028568009143,-0.17330770062134634,3.3425802283958927,19,8234.519475605228,2451.61099214958,0.9411606911888547,1.1632563849593043,5514.588619773276,0.5804182590995302,0.15492202011337078,0.9181166803789389,0.9180986488052271,1.0,0.11764508639860684,0.8854313312332799,0.4523809523809524,0.0,0.2645987364842116,0.0,starboard_vae,starboard,False,0.05682555213570595,0.863810658454895,2.9955155849456787,1.1173913478851318,vae_candidate_pool_v1,belief_limited_heuristic_v1,628
VAE001012,vae_candidate_001012,0.5410756898703011,-606.0159301757812,6860.50341796875,7125.997991697361,-1.4700199634460183,-0.14314987648456956,5.0533469734813625,20,8648.966582184283,3132.3690395397334,0.7382319784075567,-1.8147225666283444,5128.492942084973,0.343285618357518,0.014667399330476167,0.970826933769175,0.9703972129771454,1.0,0.09227899730094459,0.9862535583239306,0.47619047619047616,0.0,0.22903951615952678,0.0,port_vae,port,False,0.0975334644317627,0.7562141418457031,2.480508327484131,1.066888689994812,vae_candidate_pool_v1,belief_limited_heuristic_v1,629
VAE000806,vae_candidate_000806,0.5407503783543971,681.5457153320312,7881.427734375,7785.458053542312,-1.6287726340178106,0.12100504651580368,4.575013293897631,20,8091.11890834717,2914.035634554148,0.8482552450358,-1.3918149730561789,4307.925507003948,0.2785853744472466,0.004158342807224847,0.9807227081635885,0.9840255501243702,1.0,0.106031905629475,0.9872626082487556,0.47619047619047616,0.0,0.23773696952258783,0.0,port_vae,port,False,0.07738598436117172,0.881226122379303,1.9711430072784424,1.3087314367294312,vae_candidate_pool_v1,belief_limited_heuristic_v1,630
VAE000204,vae_candidate_000204,0.5403491841880876,-2536.72900390625,-5129.39111328125,5766.977400892703,1.0025554440832445,0.13565475513816896,4.773094245114249,28,9128.227655569895,2811.5847392569003,1.090989048808031,2.274691964644718,8051.065272479267,0.32439199775062455,0.11730092577017576,0.9739223458527155,0.7623267512132855,1.0,0.13637363110100387,0.9565302185564087,0.6666666666666666,0.0,0.24343764788835562,0.0,astern_vae,astern,False,0.06886939704418182,1.5866379737854004,2.069164514541626,1.394625186920166,vae_candidate_pool_v1,belief_limited_heuristic_v1,631
VAE000821,vae_candidate_000821,0.540304665907105,2023.3720703125,6994.76171875,7236.74487088343,-1.7660135281805587,-0.03429185555489038,4.557622859098852,19,8359.087637796076,2788.869077804887,0.8150168648075051,-1.4098709809641248,4092.2258466789394,0.026635106627753258,0.01200628134642963,0.9998226532586794,0.9870794362944009,0.9743394873045094,0.10187710810093814,0.9636003982685934,0.4523809523809524,0.0,0.24343251311414552,0.0,port_vae,port,False,0.10407032072544098,0.787893533706665,2.0996129512786865,1.0846593379974365,vae_candidate_pool_v1,belief_limited_heuristic_v1,632
VAE000878,vae_candidate_000878,0.540238007954004,-4391.96484375,2675.04736328125,4870.310171338847,-0.5790540250536119,0.04884624445751251,6.632208873858668,9,8130.153323016351,2862.353838640066,0.3867412122596228,-2.5136923840786687,8260.91107140683,0.24794285942000216,0.3155055857422252,0.9847096579707955,0.5874468204636312,1.0,0.04834265153245285,0.9382195074354052,0.21428571428571427,0.0,0.2446864150899937,0.0,astern_vae,astern,False,0.06522907316684723,1.8426001071929932,2.8716001510620117,1.8634527921676636,vae_candidate_pool_v1,belief_limited_heuristic_v1,633
VAE000639,vae_candidate_000639,0.5402114831350262,3605.78857421875,1820.755615234375,4328.871909133979,-2.7671051610670423,0.026946202549312702,4.132564690325527,18,8150.2419128569645,1755.1724542222962,1.2582942474489194,-0.34754128997343814,8260.752210380844,0.20956909475670127,0.4949408674057207,0.9890603251925846,0.3405871282229403,1.0,0.15728678093111492,0.9685362555853556,0.42857142857142855,0.0,0.3339213850103356,0.0,ahead_vae,ahead,False,0.07166323810815811,0.7846894264221191,1.9868032932281494,1.8050175905227661,vae_candidate_pool_v1,belief_limited_heuristic_v1,634
VAE001161,vae_candidate_001161,0.5396622649273014,1114.4820556640625,-3775.821044921875,4213.619950275693,1.9312200947928058,-0.28792117520913946,5.220901831467174,17,7745.794929503021,1715.873592656952,1.2790797873926913,0.9224513835878476,6045.133743105195,0.2860303536319253,0.5369876341008598,0.9796857258527435,0.7970843256423055,1.0,0.15988497342408642,0.9599987737865562,0.40476190476190477,1.0,0.34037674771990817,0.34037674771990817,inside_convoy_envelope,inside,True,0.06963447481393814,2.2400870323181152,1.5125218629837036,1.1555092334747314,vae_candidate_pool_v1,belief_limited_heuristic_v1,635
VAE000236,vae_candidate_000236,0.5392714893061062,2764.851318359375,8912.3427734375,8610.939945844706,-1.9004984422076345,-0.037837065946755746,4.153507124271665,23,8235.47388171617,2796.6085333335154,0.9986367941862814,-1.2789312773289143,5048.003053158566,0.075944348908628,0.0006808238177401058,0.9985588068457696,0.9577088941953283,1.0,0.12482959927328517,0.9459905965436406,0.5476190476190477,0.0,0.2422078414026664,0.0,port_vae,port,False,0.1078292727470398,1.6231259107589722,2.5561578273773193,1.6697158813476562,vae_candidate_pool_v1,belief_limited_heuristic_v1,636
VAE000874,vae_candidate_000874,0.5390992519220025,639.5718994140625,-5510.10009765625,5608.917404603217,1.665008060397624,-0.01662144982021136,4.470734024240166,11,8189.437939941766,2364.0799937822158,0.5681675437312853,1.4599631433719582,3255.3790122102328,0.22485420254558994,0.14276842558597863,0.9874133125239701,0.9938642875073574,0.7750902410024364,0.07102094296641066,0.9931932487899341,0.2619047619047619,0.0,0.2703920874776955,0.0,starboard_vae,starboard,False,0.08005441725254059,1.5986031293869019,1.4981329441070557,1.4660297632217407,vae_candidate_pool_v1,belief_limited_heuristic_v1,637
VAE000893,vae_candidate_000893,0.5389819260503375,4303.7724609375,-2176.3525390625,5042.530695996357,2.407130563263188,-0.15441213857155955,4.530485484492638,27,9171.926060704522,2430.9158634421037,1.2109697411270988,0.5800499517550464,9004.024138988105,0.3747338196482155,0.26712679420640933,0.9653025417488255,0.5480657188855416,1.0,0.15137121764088735,0.9859788434951553,0.6428571428571429,0.0,0.26599343282295035,0.0,ahead_vae,ahead,False,0.09763626754283905,0.725551426410675,1.50156569480896,1.7727255821228027,vae_candidate_pool_v1,belief_limited_heuristic_v1,638
VAE000959,vae_candidate_000959,0.5387306562577189,3900.031494140625,-2922.389892578125,5391.091528357667,2.410539670267487,0.2468920983984411,3.767822927395084,9,7955.72543706516,2244.0509762887486,0.5041154463131715,0.9779450817207478,6306.19223386116,0.06788372203806058,0.18429194395510204,0.9988483924089605,0.829350982018744,1.0,0.06301443078914644,0.9667068017485858,0.21428571428571427,0.0,0.28007302251356847,0.0,ahead_vae,ahead,False,0.07120847702026367,1.533085823059082,2.972564458847046,1.6430858373641968,vae_candidate_pool_v1,belief_limited_heuristic_v1,639
VAE001096,vae_candidate_001096,0.5385803828277642,1109.21630859375,-4787.8359375,5087.476275133864,1.8788024239221142,0.17687727478459375,6.405556241526673,13,8177.8178193790845,1694.5002977427853,0.9381326940652522,1.439667504452273,2749.2300237211703,0.30355930946134846,0.25529964630304836,0.9771392960286769,0.9914149280855218,0.6545785770764692,0.11726658675815653,0.9890349110900061,0.30952380952380953,0.0,0.3406946608843871,0.0,starboard_vae,starboard,False,0.0781032145023346,0.7878206372261047,2.564607620239258,1.6561137437820435,vae_candidate_pool_v1,belief_limited_heuristic_v1,640
VAE000777,vae_candidate_000777,0.5382669709122362,-606.4754028320312,5705.21533203125,5886.706511999649,-1.4499800181707623,0.044912141743569674,5.573698572956664,18,8285.44776563541,2667.5266796350456,0.8144187236322906,-1.6467004936754612,3288.1422561170643,0.3974206047128505,0.10044622592750513,0.9610311963446341,0.9971206615520014,0.7828910133612058,0.10180234045403633,0.9891893779786048,0.42857142857142855,0.0,0.25135739972243065,0.0,port_vae,port,False,0.0781683400273323,1.239300012588501,2.4461700916290283,1.3454254865646362,vae_candidate_pool_v1,belief_limited_heuristic_v1,641
VAE000245,vae_candidate_000245,0.5372873001553832,-1214.949462890625,-7266.3564453125,7317.066434672932,1.39464695641325,0.006570514730889701,4.735104725261763,22,8096.665935742583,2722.307047064949,0.9981121736018399,1.7535162119074335,4148.192580228817,0.37228388571094007,0.010353570120377405,0.965749513217503,0.9833531143921288,0.9876649000544803,0.12476402170022999,0.976920722342603,0.5238095238095238,0.0,0.24698948613103577,0.0,starboard_vae,starboard,False,0.10060133039951324,1.2213407754898071,2.367155075073242,1.2666699886322021,vae_candidate_pool_v1,belief_limited_heuristic_v1,642
VAE000563,vae_candidate_000563,0.5372554235052462,1801.504150390625,-4985.32080078125,5659.03852178754,1.9693556679321047,-0.16636628941376697,5.771581722893339,16,7840.9575947093845,2684.618148110812,0.7600958403150835,1.0058706962439221,6465.184970060567,0.28558312786184614,0.13428199514779268,0.9797487693812587,0.8446284166669212,1.0,0.09501198003938544,0.9018999842771935,0.38095238095238093,0.0,0.2515784316662597,0.0,starboard_vae,starboard,False,0.059225309640169144,2.1830332279205322,2.4355504512786865,1.4556303024291992,vae_candidate_pool_v1,belief_limited_heuristic_v1,643
VAE000907,vae_candidate_000907,0.5372255248929682,2671.4189453125,-6054.65576171875,6297.576336003045,2.068198592764214,0.024596487960131634,4.836442279723036,33,8834.744299742535,2028.4844050341721,1.841400608169195,1.0979905487857116,5829.166901461342,0.28191568386104016,0.05660467155542139,0.9802621325585877,0.8902940820979477,1.0,0.23017507602114937,0.915353819485269,0.7857142857142857,0.0,0.2968514238039034,0.0,starboard_vae,starboard,False,0.06131373345851898,1.1538639068603516,2.1001932621002197,1.8946633338928223,vae_candidate_pool_v1,belief_limited_heuristic_v1,644
VAE000663,vae_candidate_000663,0.5372143551369878,-3700.0712890625,2711.627685546875,4698.276662216352,-0.5779922885371487,-0.08095976482365513,4.423784294018498,18,8473.323423580125,1992.744599382985,1.0660242415344847,-2.6445601298762993,8398.241918190766,0.18881949940719908,0.36843093502853597,0.9911132494257509,0.47681922609556493,1.0,0.1332530301918106,0.9824779156965102,0.42857142857142855,0.0,0.30389737922478255,0.0,astern_vae,astern,False,0.09886910021305084,0.9570396542549133,2.941420555114746,1.7363265752792358,vae_candidate_pool_v1,belief_limited_heuristic_v1,645
VAE000344,vae_candidate_000344,0.5371707993204223,1207.4700927734375,5417.78759765625,5505.793385010138,-1.627899441076268,-0.05192422184695707,5.136704786588505,14,7659.02779738147,2586.789680948041,0.7066319502864078,-1.5656174343604823,2626.420094782306,0.11949397372984615,0.1614707150046619,0.9964345431312283,0.9999865895665497,0.625338117805311,0.08832899378580097,0.9289084828413019,0.3333333333333333,0.0,0.25745279512559427,0.0,port_vae,port,False,0.0635683462023735,1.345413327217102,2.934602737426758,1.2174160480499268,vae_candidate_pool_v1,belief_limited_heuristic_v1,646
VAE000710,vae_candidate_000710,0.5364741281803476,504.27618408203125,5816.23388671875,5859.795845358445,-1.7225701639212045,0.1790862543067977,6.4525880268855555,18,8708.5414834851,2443.1850640702755,0.8460006863878534,-1.2399362353617909,5139.701838948016,0.3016404687848271,0.10405919810660177,0.9774252060989679,0.9457632870092387,1.0,0.10575008579848168,0.7998841211062765,0.42857142857142855,0.0,0.26395679857147303,0.0,port_vae,port,False,0.046030089259147644,1.5765211582183838,1.5298012495040894,1.9102373123168945,vae_candidate_pool_v1,belief_limited_heuristic_v1,647
VAE000928,vae_candidate_000928,0.536415674259163,1971.655517578125,-6353.1513671875,6492.429401738109,1.892482469034966,-0.05353713326845578,6.275271521570065,20,8574.462444730201,2333.156582496723,0.9997219026449917,1.1955730512863714,5313.2005176575785,0.1579809738193929,0.04217323700385119,0.9937734692941929,0.9304258190339924,1.0,0.12496523783062397,0.9999098206457643,0.47619047619047616,0.0,0.2707670085944168,0.0,starboard_vae,starboard,False,0.08809518814086914,1.249307632446289,2.9251561164855957,1.8608520030975342,vae_candidate_pool_v1,belief_limited_heuristic_v1,648
VAE001069,vae_candidate_001069,0.5359127845631584,-227.8641357421875,-4975.234375,5298.664583603122,1.5229727125223056,-0.22498624609258974,6.326326485589689,15,8255.847314523024,1705.8949004248038,1.065067998084458,1.3936336949748986,3134.18221495023,0.2502016333097983,0.20426681236249367,0.9844312585678867,0.9843477046294695,0.7462338607024357,0.13313349976055724,0.9732897619449281,0.35714285714285715,0.0,0.33850400828973365,0.0,starboard_vae,starboard,False,0.10162529349327087,1.2138879299163818,1.9569333791732788,1.9353206157684326,vae_candidate_pool_v1,belief_limited_heuristic_v1,649
VAE000942,vae_candidate_000942,0.5356863862299197,1276.814453125,6527.57763671875,6705.858067212291,-1.7943729192613953,-0.07962759551503484,4.545039511718838,21,8095.639698456528,2882.26409693174,0.8999830940275364,-1.4268473298434325,4013.7922302989828,0.0102167286094621,0.030052660049702105,0.9999739048411191,0.9896572213208262,0.9556648167378531,0.11249788675344205,0.8019862887883694,0.5,0.0,0.24017624466915483,0.0,port_vae,port,False,0.12825976312160492,2.378865957260132,1.909614086151123,1.3346093893051147,vae_candidate_pool_v1,belief_limited_heuristic_v1,650
VAE000581,vae_candidate_000581,0.5352841916245715,-672.6433715820312,-6286.04638671875,6137.064114179001,1.4214299712757443,0.0967276475192921,5.1410912703900395,16,8810.056794363485,2621.2303703187026,0.6928449939250398,1.8168903298333412,4688.540457389266,0.4670526668081773,0.0713606194368074,0.9464496103104916,0.9698713871184499,1.0,0.08660562424062998,0.9438104175319606,0.38095238095238093,0.0,0.2527531328837993,0.0,starboard_vae,starboard,False,0.06628074496984482,1.0456633567810059,1.5093196630477905,1.784303069114685,vae_candidate_pool_v1,belief_limited_heuristic_v1,651
VAE000053,vae_candidate_000053,0.5349997230391134,549.2046508789062,-6045.46240234375,6022.333269844051,1.5509124146454154,0.1516121265425144,4.454663583197806,18,8968.42638604543,2099.9478384188324,0.955757577992402,1.7422923654868925,3599.664223737729,0.13587537216613435,0.08371001480641274,0.9953915674776823,0.9853305607296842,0.857062910413745,0.11946969724905025,0.9961321354573082,0.42857142857142855,0.0,0.29015734469360427,0.0,starboard_vae,starboard,False,0.08183391392230988,2.137512683868408,1.970538854598999,1.3966602087020874,vae_candidate_pool_v1,belief_limited_heuristic_v1,652
VAE000698,vae_candidate_000698,0.534906496738253,391.7092590332031,-6564.88330078125,6783.371326492612,1.6755038249135128,-0.1804656237514187,5.883106949856213,29,8263.474677135315,2649.967386963854,1.324325581417732,1.2856232049248624,4867.653382974599,0.5217386793914291,0.026459882658136615,0.9334769765731331,0.959612963772805,1.0,0.1655406976772165,0.8994602753096845,0.6904761904761905,0.0,0.2510421608623835,0.0,starboard_vae,starboard,False,0.058859869837760925,0.7751871347427368,2.94960880279541,1.556437611579895,vae_candidate_pool_v1,belief_limited_heuristic_v1,653
VAE001033,vae_candidate_001033,0.5348800475802037,-1326.80029296875,-5747.3173828125,6342.365707586755,1.2993033490498602,0.11946947803199623,4.235849441450599,22,8659.043298478808,2290.836303361762,1.1090693737384212,1.961758782571929,5417.7505846760305,0.2604895070190003,0.052969289247159844,0.9831320098115746,0.924542716995943,1.0,0.13863367171730265,0.9578128658205859,0.5238095238095238,0.0,0.2739999230980747,0.0,starboard_vae,starboard,False,0.10538405179977417,0.7067792415618896,2.9972710609436035,1.4302223920822144,vae_candidate_pool_v1,belief_limited_heuristic_v1,654
VAE000558,vae_candidate_000558,0.5343928292611478,-324.64715576171875,5793.85400390625,5979.200286594087,-1.6113388544311769,0.1584221192462641,5.520326907969919,15,7605.311995550271,2657.6175488438744,0.7421329960282068,-1.3718316799123522,4108.41160539793,0.5715858177701668,0.08877256446450313,0.9205220794075364,0.9802717454213586,0.9781932393804594,0.09276662450352585,0.9587664431778357,0.35714285714285715,0.0,0.2528131407900543,0.0,port_vae,port,False,0.06935922801494598,0.690847635269165,1.4789958000183105,1.1893057823181152,vae_candidate_pool_v1,belief_limited_heuristic_v1,655
VAE000870,vae_candidate_000870,0.5343195597269251,3600.734375,7384.35302734375,8742.138089251579,-1.8804494461831798,0.03181694477615082,4.680117234033839,15,8341.221467317344,3498.4990703763415,0.5140197948236387,-1.2293262626304626,6089.754490652932,0.17447804902081954,0.0004986840097184792,0.9924086403388972,0.9422633995934476,1.0,0.06425247435295484,0.9989872018213243,0.35714285714285715,0.0,0.2168266379762916,0.0,port_vae,port,False,0.08448854833841324,1.7576589584350586,1.4994001388549805,1.7821274995803833,vae_candidate_pool_v1,belief_limited_heuristic_v1,656
VAE000237,vae_candidate_000237,0.5342371803488407,-334.94268798828125,5327.25390625,5458.283142730846,-1.5896227735373216,-0.0558658020103149,4.5341479543985574,20,8097.669101385297,2462.5476912408667,1.0029639414855587,-1.6078356820627864,2760.7225498713537,0.5589413513580312,0.17066187210724532,0.9239084878402148,0.9993141214998992,0.6573148928265128,0.12537049268569483,0.944989903661725,0.47619047619047616,0.0,0.2642631431659371,0.0,port_vae,port,False,0.06650859117507935,0.9999913573265076,2.4324095249176025,1.1999082565307617,vae_candidate_pool_v1,belief_limited_heuristic_v1,657
VAE001101,vae_candidate_001101,0.5341022089696141,-3905.982421875,-2811.011474609375,4447.074667612446,0.43378697334734473,0.13137007550854812,5.650707381390034,26,8088.292511638737,1837.49159202739,1.7494081216070465,2.8391757557509973,8268.498391341187,0.17291556064516445,0.4528665505516341,0.9925436586169608,0.29782829198458244,1.0,0.2186760152008808,0.9142212928442511,0.6190476190476191,0.0,0.3227849493290122,0.0,astern_vae,astern,False,0.061132725328207016,0.8283731937408447,2.000217914581299,1.394157886505127,vae_candidate_pool_v1,belief_limited_heuristic_v1,658
VAE001171,vae_candidate_001171,0.5334888794676139,375.99432373046875,-5931.0693359375,5800.079154513405,1.70123637731492,0.20895678698651177,5.630166816010016,10,8330.469103922353,3006.150647914274,0.39931884041760546,1.649313063261385,3650.29853076612,0.47337699262000177,0.11243759207357684,0.9450169068529778,0.9969191442935937,0.8691186978014572,0.04991485505220068,0.9230381425211697,0.23809523809523808,0.0,0.2361303563207882,0.0,starboard_vae,starboard,False,0.0625707134604454,2.099989414215088,1.4972341060638428,1.80763840675354,vae_candidate_pool_v1,belief_limited_heuristic_v1,659
VAE000257,vae_candidate_000257,0.5333864155340452,-2126.27490234375,5687.7138671875,5967.157507072263,-1.191914054522824,0.15636941700362159,5.054657252128883,21,9216.027922317504,1925.6944252470455,1.1832816773615187,-1.7933091820633476,3912.022624839693,0.3786449429158485,0.09022860042892668,0.9645832006174914,0.9753459893275284,0.931433958295165,0.14791020967018984,0.9817261340648836,0.5,0.0,0.3079417487240179,0.0,port_vae,port,False,0.09911765158176422,1.1956840753555298,2.4082398414611816,1.128296971321106,vae_candidate_pool_v1,belief_limited_heuristic_v1,660
VAE000414,vae_candidate_000414,0.5329981147251343,3627.93115234375,-3213.667724609375,5314.725860095871,2.3323245138965634,0.11144336240705746,4.447238943693331,18,7744.497321181039,1711.5410630735028,1.3579755419694282,0.9207115021002876,6049.829692649164,0.05627379574217661,0.2006930588255389,0.9992085238778644,0.7960324609330668,1.0,0.16974694274617852,0.9345849901142318,0.42857142857142855,0.0,0.33823813786031265,0.0,ahead_vae,ahead,False,0.10996458679437637,2.376540184020996,1.9780737161636353,1.5184181928634644,vae_candidate_pool_v1,belief_limited_heuristic_v1,661
VAE000356,vae_candidate_000356,0.5326356311661219,2844.45556640625,4124.1640625,5623.898513749565,-2.0782604405794647,-0.06561165423829497,4.086295491693257,5,8114.0938025182,2148.6486788938028,0.2867903735200505,-1.1289438672486234,5412.000956825574,0.014401634966446863,0.1401910856100245,0.9999481491237692,0.9039610756677022,1.0,0.03584879669000631,0.999875388714975,0.11904761904761904,0.0,0.2873544906990166,0.0,ahead_vae,ahead,False,0.08629228174686432,1.0346181392669678,2.0349998474121094,1.5927457809448242,vae_candidate_pool_v1,belief_limited_heuristic_v1,662
VAE000866,vae_candidate_000866,0.5325664263691454,-3776.08544921875,-1399.318115234375,4139.831691872254,0.09707469999471297,-0.04273769448383293,5.095082758081486,11,8336.24797384592,2765.5689422344703,0.47713093035230286,3.0017802591112477,8640.306519421001,0.18484705822524344,0.5642745097530973,0.9914821861216987,0.13935734220133622,1.0,0.05964136629403786,0.8883541492715812,0.2619047619047619,0.0,0.2516983957136545,0.0,astern_vae,astern,False,0.11729231476783752,1.4410713911056519,1.4916647672653198,1.3929834365844727,vae_candidate_pool_v1,belief_limited_heuristic_v1,663
VAE000071,vae_candidate_000071,0.5321410133350108,-1516.398193359375,5057.5068359375,5774.882344348514,-1.3874320944658711,-0.2369902034042027,4.026449433330662,11,7933.139512204979,2342.175692743828,0.5920087473426674,-1.9911507625281246,5375.663855414556,0.4102685959195524,0.11612511227868931,0.9585068624483123,0.9129443580869162,1.0,0.07400109341783342,0.9982440137016874,0.2619047619047619,0.0,0.27200853577844925,0.0,port_vae,port,False,0.09092492610216141,2.1435434818267822,1.4876829385757446,1.5772919654846191,vae_candidate_pool_v1,belief_limited_heuristic_v1,664
VAE000448,vae_candidate_000448,0.5320792564185071,225.06622314453125,6354.568359375,6420.896136471534,-1.6456317282156656,0.14690748044446858,4.160538052888198,23,8608.278578052168,2416.662225889979,1.1055937353301126,-1.349053444929659,4250.7118726234985,0.2899576883100219,0.04706346947178149,0.9791279868884144,0.9755156188598196,1.0,0.13819921691626408,0.788372860109321,0.5476190476190477,0.0,0.2649943972710025,0.0,port_vae,port,False,0.0447126179933548,1.0283184051513672,2.9458038806915283,1.8840354681015015,vae_candidate_pool_v1,belief_limited_heuristic_v1,665
VAE000812,vae_candidate_000812,0.5319291931235766,3072.464111328125,-84.64897918701172,3975.7728717562713,3.2427597740861254,0.2300710503440009,5.6436788077369275,19,7736.652401914944,2481.921396720847,0.9894924682758184,0.12890392984766866,7991.5085390234835,0.678851085445014,0.6253851677067723,0.8891473174248068,0.1285472435721545,1.0,0.1236865585344773,0.8815370049465125,0.4523809523809524,0.0,0.26862938378736784,0.0,ahead_vae,ahead,False,0.05627908930182457,0.7748445272445679,2.4893712997436523,1.1483280658721924,vae_candidate_pool_v1,belief_limited_heuristic_v1,666
VAE000761,vae_candidate_000761,0.5319153836184389,3795.794189453125,3576.025390625,5076.427185743917,-2.1414059015210944,0.1900783642122853,4.963923567042044,8,8128.427320139087,2058.2892013608785,0.47816420776631724,-0.8101083878564134,7094.846036743765,0.2917804976520473,0.25817596530628956,0.9788666098089059,0.7243619033727077,1.0,0.059770525970789655,0.9913539094977186,0.19047619047619047,0.0,0.2967616972464431,0.0,ahead_vae,ahead,False,0.09539850056171417,0.8491919636726379,1.5057975053787231,1.3776628971099854,vae_candidate_pool_v1,belief_limited_heuristic_v1,667
VAE000538,vae_candidate_000538,0.5316686048269266,-1087.939208984375,-4520.66162109375,4726.469892204802,1.1189993704292605,0.046264327366964925,4.5687214301505,15,8930.766486138724,1133.8221549705502,1.48134967386204,2.068857610527498,5262.509370878872,0.3023864870171019,0.35946094433573295,0.9773142570931046,0.8785103821493132,1.0,0.185168709232755,0.8225356888073418,0.35714285714285715,0.0,0.4727965044886799,0.0,starboard_vae,starboard,False,0.04869474470615387,0.8425853848457336,2.432877779006958,1.3537579774856567,vae_candidate_pool_v1,belief_limited_heuristic_v1,668
VAE000905,vae_candidate_000905,0.531439293860633,1899.491455078125,6567.029296875,6791.142092622053,-1.9013723491890022,-0.07334611106382093,5.7475649423534545,17,8190.228058611567,2401.9576455062265,0.8641469100120726,-1.3135664154646118,4406.54458268134,0.08158812866824428,0.02612102036834483,0.998336767248343,0.96709840540594,1.0,0.10801836375150907,0.9406940415822275,0.40476190476190477,0.0,0.2660870096852029,0.0,port_vae,port,False,0.10884393751621246,1.0903733968734741,2.4744749069213867,1.773619294166565,vae_candidate_pool_v1,belief_limited_heuristic_v1,669
VAE000235,vae_candidate_000235,0.5313438428821975,746.6502685546875,6085.5791015625,6278.102287521565,-1.7850161765271508,0.15939395181090343,5.074416076164913,23,8048.528678661296,2209.6226280014143,1.2932819950782792,-1.1971825252517387,4994.76118903031,0.13704717493657959,0.058248368409488126,0.9953118625448182,0.9310144541577823,1.0,0.1616602493847849,0.8394949727365321,0.5476190476190477,0.0,0.2812710973046168,0.0,port_vae,port,False,0.1237679272890091,1.2370747327804565,2.302349805831909,1.8312301635742188,vae_candidate_pool_v1,belief_limited_heuristic_v1,670
VAE000031,vae_candidate_000031,0.5309406057764295,3535.794677734375,3780.62158203125,5103.172379154669,-2.302265401933481,0.08996995178635926,5.453228331377141,12,8736.098268439417,2525.209872724493,0.5439591129268083,-0.7493572998699529,8116.024805906232,0.07878365532174048,0.2512486779395672,0.9984490863551032,0.6811683627445028,1.0,0.06799488911585104,0.8178357061876983,0.2857142857142857,0.0,0.2604122761243302,0.0,ahead_vae,ahead,False,0.12639978528022766,1.2504583597183228,1.8553266525268555,1.6061147451400757,vae_candidate_pool_v1,belief_limited_heuristic_v1,671
VAE000525,vae_candidate_000525,0.5308234403011892,-1492.1796875,5400.45556640625,5527.774226223292,-1.2862018498867802,0.23909222102962419,5.844965948247651,13,8444.637347036749,2419.774373129954,0.6361909336631464,-1.6162985826733887,2801.38725565223,0.4118113222263944,0.15734207729140398,0.9581986543954747,0.9989649509587035,0.6669969656314834,0.0795238667078933,0.9918126629203712,0.30952380952380953,0.0,0.2664232053035247,0.0,port_vae,port,False,0.07935401797294617,2.201568126678467,2.4613101482391357,1.181517243385315,vae_candidate_pool_v1,belief_limited_heuristic_v1,672
VAE000601,vae_candidate_000601,0.5307639621029628,1348.4029541015625,1044.8154296875,1594.138040660288,-2.4108844192439816,-0.061091522047555524,3.7786326575334295,1,7517.520267036245,3068.563314948163,0.04335011996783848,-0.7917997563933671,7465.199553691474,2.0729647516016256,0.8844737214374954,0.259336309117406,0.7116188713800069,1.0,0.00541876499597981,0.9671941599320486,0.023809523809523808,0.0,0.2967302511417799,0.0,ahead_vae,ahead,False,0.07132843881845474,2.1297428607940674,2.9268054962158203,1.5253928899765015,vae_candidate_pool_v1,belief_limited_heuristic_v1,673
VAE000003,vae_candidate_000003,0.5305279582850567,-1786.08837890625,5687.169921875,5771.706922268433,-1.1980523775360197,-0.10192814629955428,3.9872610393966097,26,8246.217833396984,2804.41955283873,1.124282779149051,-2.045468422353328,6263.277956853543,0.6449316417794286,0.11659634549862588,0.8995704309656756,0.8894426371196464,1.0,0.14053534739363138,0.8058892985217291,0.6190476190476191,0.0,0.24488149322715136,0.0,port_vae,port,False,0.04672662168741226,1.912071704864502,2.439289093017578,1.0406087636947632,vae_candidate_pool_v1,belief_limited_heuristic_v1,674
VAE000391,vae_candidate_000391,0.529583353454532,3829.5859375,2180.76220703125,4691.971187895205,-2.6168124865492786,0.10719953958635277,5.71356874157424,20,7491.531042981105,2162.2672134558125,1.2346675928060176,-0.4175806274541618,7724.712506219234,0.14901938888585511,0.37045229170814514,0.9944585716029761,0.4055501595160852,1.0,0.1543334491007522,0.9175564076821717,0.47619047619047616,0.0,0.28925370804763256,0.0,ahead_vae,ahead,False,0.06166877970099449,2.3052592277526855,2.0298190116882324,1.27371084690094,vae_candidate_pool_v1,belief_limited_heuristic_v1,675
VAE000919,vae_candidate_000919,0.5294069048994482,-221.3519287109375,-2042.987548828125,2142.5664647338276,1.3891864070366393,0.010039416950918662,5.410993152556202,15,8564.740534352855,3056.0746865210604,0.5730771398463141,1.7624456635040728,4631.519417917258,2.655113433981014,0.9875503531050286,0.058007821530683845,0.9816914076717134,1.0,0.07163464248078927,0.9624391072771564,0.35714285714285715,1.0,0.2676446114190052,0.2676446114190052,inside_convoy_envelope,inside,True,0.07019153982400894,1.007590889930725,2.072906494140625,1.1231606006622314,vae_candidate_pool_v1,belief_limited_heuristic_v1,676
VAE000385,vae_candidate_000385,0.5289694424839574,3941.6884765625,-5124.8798828125,6589.332439463502,2.230978017430512,0.1501961717808038,6.246305704443621,24,7919.325622864774,2420.979463802021,1.2517913198908974,1.0608108079400849,5978.84813692856,0.09924590925528065,0.036236946939847685,0.9975395829102167,0.8727515769198319,1.0,0.15647391498636218,0.9371380838194887,0.5714285714285714,0.0,0.2654344990515763,0.0,ahead_vae,ahead,False,0.06503069400787354,2.290457248687744,1.9202916622161865,1.7077370882034302,vae_candidate_pool_v1,belief_limited_heuristic_v1,677
VAE001000,vae_candidate_001000,0.5283932380613704,2613.64013671875,-7148.4794921875,7722.344620970159,2.0365341849156993,0.1002637364110563,4.883928893574739,20,8435.40470956658,2856.218179051943,0.830104356084623,1.2053222050851506,5682.324952951818,0.31299211082510503,0.004725003362024248,0.9757082695055694,0.9339544187697335,1.0,0.10376304451057787,0.9693498102654001,0.47619047619047616,0.0,0.23979132786749083,0.0,starboard_vae,starboard,False,0.07186949998140335,1.5339927673339844,2.1016366481781006,1.5060088634490967,vae_candidate_pool_v1,belief_limited_heuristic_v1,678
VAE000484,vae_candidate_000484,0.5277738386674187,-4241.57421875,2405.380615234375,4542.37950637267,-0.4825608837332491,-0.05893289982557609,4.793946586126795,15,8389.293338524401,1970.571442798932,0.9073475986048918,-2.7179646696821202,8457.753550471043,0.08384706131362402,0.4199434787769536,0.9982434470346512,0.4110704342511746,1.0,0.11341844982561147,0.8724949109274879,0.35714285714285715,0.0,0.30678953610951387,0.0,astern_vae,astern,False,0.11949585378170013,0.75618976354599,2.021775722503662,1.4108167886734009,vae_candidate_pool_v1,belief_limited_heuristic_v1,679
VAE000708,vae_candidate_000708,0.5273299878259958,1059.9716796875,6340.41650390625,6672.2611018692,-1.7430930049108557,0.026185409739675303,3.8881666324821555,14,8557.315393108269,2755.6396794406432,0.5937013919071312,-1.3723142389392622,4388.8820728254195,0.3050080142436329,0.031735346683544885,0.9769222729572139,0.9803670112508165,1.0,0.0742126739883914,0.8862775172027015,0.3333333333333333,0.0,0.2453765112457606,0.0,port_vae,port,False,0.05694527179002762,0.7876592874526978,2.4177956581115723,1.7301371097564697,vae_candidate_pool_v1,belief_limited_heuristic_v1,680
VAE000896,vae_candidate_000896,0.5272955152611409,-1076.971923828125,-1113.2486572265625,1619.165133121511,0.8445500145444547,0.06234796522914687,4.89279547355085,12,8878.935925911708,2525.12655264152,0.5352259669099614,2.3593906042744854,8078.208271029742,1.4083482422085325,0.8911381772177904,0.5808672713448471,0.7048431794971569,1.0,0.06690324586374517,0.8064470926046537,0.2857142857142857,1.0,0.3140150917728519,0.3140150917728519,inside_convoy_envelope,inside,True,0.04679166153073311,1.0637856721878052,1.508838415145874,1.048539638519287,vae_candidate_pool_v1,belief_limited_heuristic_v1,681
VAE000259,vae_candidate_000259,0.5271255560512094,549.556884765625,5285.84326171875,5253.723126978229,-1.6621527060166696,0.02023732067952882,5.332357866341306,12,8570.211720229125,1824.4760143728204,0.7674525559953639,-1.4592026268935947,2767.525434252981,0.037381586184975335,0.21449721129097732,0.9996506949324958,0.9937798820995183,0.6589346272030907,0.09593156949942049,0.8718957741738317,0.2857142857142857,0.0,0.32190343343624445,0.0,port_vae,port,False,0.11957690864801407,0.8063468933105469,2.4556024074554443,1.8890410661697388,vae_candidate_pool_v1,belief_limited_heuristic_v1,682
VAE000212,vae_candidate_000212,0.5268194436418971,-967.0906372070312,-2176.04345703125,2394.8928474261306,1.0828369892351015,-0.14107035244159144,4.792935988693251,15,7919.185940032702,2710.0220795745768,0.6989367715669311,1.9176853119131005,5240.914756069471,2.3933343084331833,0.9999950693869357,0.1335625310083544,0.9404349254934002,1.0,0.08736709644586639,0.7975752801961675,0.35714285714285715,1.0,0.2747017617557823,0.2747017617557823,inside_convoy_envelope,inside,True,0.045764029026031494,1.0478854179382324,1.502382516860962,1.436487078666687,vae_candidate_pool_v1,belief_limited_heuristic_v1,683
VAE001182,vae_candidate_001182,0.5267903687657967,3279.406005859375,-4086.612060546875,5266.016835334903,2.2511714126116513,-0.10974308272409324,3.1953675214505424,11,8568.871437799091,2183.387851995788,0.5879469862136191,0.7806781582540492,7624.222542141697,0.06611383581212671,0.21166489364783406,0.9989076381619036,0.7037613693285646,1.0,0.07349337327670238,0.9776789959649896,0.2619047619047619,0.0,0.2845087796238811,0.0,ahead_vae,ahead,False,0.07415501773357391,0.813618540763855,1.5117676258087158,1.7721409797668457,vae_candidate_pool_v1,belief_limited_heuristic_v1,684
VAE000058,vae_candidate_000058,0.5265102626061743,-171.72064208984375,-5459.01318359375,5598.946465324285,1.4773415030892594,0.010821781606421865,5.509205096942983,20,7925.529615616442,1900.504258237861,1.327800584522713,1.6750729321069564,2715.131339512831,0.30978415594344577,0.14450323265281861,0.976199696397404,0.9945681194821685,0.6464598427411502,0.16597507306533912,0.9904558863251062,0.47619047619047616,0.0,0.3127460855315988,0.0,starboard_vae,starboard,False,0.07872060686349869,1.746961236000061,2.9489994049072266,1.2748385667800903,vae_candidate_pool_v1,belief_limited_heuristic_v1,685
VAE000707,vae_candidate_000707,0.5265056954185054,-113.735107421875,-5312.73193359375,4851.662508949906,1.541200880559291,-0.07527240824248337,4.750788925438543,5,8349.140424975696,1627.9647715459373,0.36786056713749693,1.5251193647880188,2007.4975582946781,0.1981612553298573,0.32102747893793426,0.9902151115076356,0.9989569889333717,0.47797560911778053,0.045982570892187116,0.984912008245143,0.11904761904761904,0.0,0.3515089014826796,0.0,starboard_vae,starboard,False,0.09802644699811935,0.7443203330039978,1.5002037286758423,1.0724397897720337,vae_candidate_pool_v1,belief_limited_heuristic_v1,686
VAE001049,vae_candidate_001049,0.5264391714196007,-260.52191162109375,5305.6142578125,5646.819884516572,-1.479176706376306,0.024130481031614866,3.3529190390184747,9,8476.756079926943,2795.5476378401017,0.37979209903677275,-1.6382854661818722,3360.8382775071345,0.35808313069473763,0.13631508534350015,0.9682851837528665,0.997723472320201,0.800199589882651,0.04747401237959659,0.8166696337150628,0.21428571428571427,0.0,0.24521434162314584,0.0,port_vae,port,False,0.04799455404281616,2.1900014877319336,2.961381435394287,1.7653634548187256,vae_candidate_pool_v1,belief_limited_heuristic_v1,687
VAE000709,vae_candidate_000709,0.5261541996695099,3162.342529296875,6757.06689453125,8002.115645646516,-1.87051847316613,-0.022172360190787544,5.673993915745993,26,8316.860794282278,2551.717953284526,1.2251273812256727,-1.2932465406144507,4732.883006341728,0.3105289995292928,0.0026514557571795942,0.9760860303837029,0.9617296831927945,1.0,0.15314092265320908,0.8212972428519288,0.6190476190476191,0.0,0.25539786368770134,0.0,port_vae,port,False,0.048546284437179565,0.9768158197402954,2.9168787002563477,1.7393969297409058,vae_candidate_pool_v1,belief_limited_heuristic_v1,688
VAE000124,vae_candidate_000124,0.5255286520530388,-975.1674194335938,-6690.8310546875,6357.81606700563,1.5170712685333771,-0.11916505514234196,6.6503716840184275,9,8396.766552549463,3241.5930769074357,0.33065259406102243,1.505356329914074,3783.7469417412367,0.442290483299971,0.05176107665881015,0.9518868417684905,0.9978595674155288,0.9008921289860088,0.041331574257627804,0.9697371855616173,0.21428571428571427,0.0,0.22669405359910555,0.0,starboard_vae,starboard,False,0.10256429761648178,0.7777594923973083,2.0592212677001953,1.6854218244552612,vae_candidate_pool_v1,belief_limited_heuristic_v1,689
VAE000779,vae_candidate_000779,0.5255197604705271,205.3817901611328,5591.798828125,5658.537743474397,-1.6822776507133295,0.08412148856263468,5.582650826867944,15,7755.104724518853,2150.3522304322605,0.899485130666858,-1.375193514313829,3616.6122610526445,0.5203933137414958,0.13436487094744712,0.9338118413863259,0.9809306864230009,0.8610981573934868,0.11243564133335725,0.9171068030612582,0.35714285714285715,0.0,0.28765161153512225,0.0,port_vae,port,False,0.06159597635269165,1.1696871519088745,1.9444540739059448,1.1995967626571655,vae_candidate_pool_v1,belief_limited_heuristic_v1,690
VAE000646,vae_candidate_000646,0.5248535609742039,-948.1087036132812,-6430.03515625,6851.8721482271,1.373518275730488,-0.07788797776660751,6.752642913438219,13,8340.339220059774,2878.7670340363875,0.5414434656358041,1.6901864000926976,3851.664254495187,0.3882165731192265,0.023599396378645315,0.9627928134246975,0.9928814668534903,0.9170629177369493,0.06768043320447552,0.9998489102709454,0.30952380952380953,0.0,0.23978063597377042,0.0,starboard_vae,starboard,False,0.0861937552690506,2.0444040298461914,2.9259586334228516,1.9169822931289673,vae_candidate_pool_v1,belief_limited_heuristic_v1,691
VAE000383,vae_candidate_000383,0.5245372624407204,978.6282958984375,5901.87890625,5577.558202515738,-1.6542083282822577,0.12444815806990953,6.903195367747074,14,8879.594153072328,1675.9461014160465,0.940751396228237,-1.362936167237626,3472.322538300882,0.022553715277249475,0.14827713293513597,0.9998728378722327,0.9784747461477106,0.82674346150021,0.11759392452852963,0.9511044142603297,0.3333333333333333,0.0,0.34200501002930095,0.0,port_vae,port,False,0.1068054661154747,2.0349278450012207,1.480096697807312,1.8620550632476807,vae_candidate_pool_v1,belief_limited_heuristic_v1,692
VAE001169,vae_candidate_001169,0.5240181334918256,724.6107177734375,-5551.42626953125,5833.397038827151,1.585642132309932,0.15032340840578717,5.791995969384187,13,8482.055094833984,2270.72382107077,0.6749598619570596,1.706273929685649,3395.5335343859906,0.2596912965238609,0.10770103627381579,0.9832346468729165,0.9908369374708527,0.8084603653299978,0.08436998274463245,0.8990387009503001,0.30952380952380953,0.0,0.2764867521768889,0.0,starboard_vae,starboard,False,0.05879709869623184,1.3871158361434937,1.4898946285247803,1.1811875104904175,vae_candidate_pool_v1,belief_limited_heuristic_v1,693
VAE000432,vae_candidate_000432,0.5238905325750628,-639.4092407226562,-6711.009765625,7723.531122208424,1.5390425261927119,0.141129807852029,4.876890278202004,27,8729.439735143898,2646.336213249664,1.1687789283347123,1.7436799352491106,4108.557155494205,0.5841236742723782,0.00471373456277066,0.9170978361136894,0.9850928142703272,0.978227894165287,0.14609736604183904,0.9033616320441824,0.6428571428571429,0.0,0.2497290507873199,0.0,starboard_vae,starboard,False,0.0594460666179657,1.0252219438552856,1.5157902240753174,1.7972075939178467,vae_candidate_pool_v1,belief_limited_heuristic_v1,694
VAE000741,vae_candidate_000741,0.5237584459424252,-735.4641723632812,-396.64422607421875,1129.6267265230304,0.5024904590929821,3.0396874360890418e-05,4.125999279577368,26,8467.055410538303,2501.526245988595,1.2275406486123293,2.639132591371172,8625.224015946043,0.2664677648798351,0.7370678826607762,0.9823535201141913,0.4815829934124027,1.0,0.15344258107654116,0.8307203837777396,0.6190476190476191,1.0,0.3685181354677202,0.3685181354677202,inside_convoy_envelope,inside,True,0.04968489706516266,2.377460241317749,2.1321663856506348,1.9361516237258911,vae_candidate_pool_v1,belief_limited_heuristic_v1,695
VAE000143,vae_candidate_000143,0.5235627892544815,997.3692016601562,-5557.09423828125,5762.7288064884615,1.8543094241354945,0.023672248556570775,3.7942996124438597,15,8714.44500090865,1994.1600280457649,0.8631604225744922,1.3109554780108692,4166.191833526844,0.4774380081957075,0.11793663911461538,0.9440875424601182,0.9664308805778783,0.9919504365540104,0.10789505282181153,0.8558881205275206,0.35714285714285715,0.0,0.30123617436177663,0.0,starboard_vae,starboard,False,0.052841462194919586,1.1434227228164673,1.975457787513733,1.2921535968780518,vae_candidate_pool_v1,belief_limited_heuristic_v1,696
VAE000657,vae_candidate_000657,0.523437851585901,3543.28173828125,3035.397216796875,4882.659363897645,-2.4567639772797696,0.10709946253512612,6.033381053310947,11,7998.832341711982,2167.3969283777806,0.6344941725068194,-0.5777292137748974,7884.326870848054,0.014755306891468756,0.3118785881072159,0.9999455712171608,0.5461230976271139,1.0,0.07931177156335242,0.9195572753381508,0.2619047619047619,0.0,0.2875041818371075,0.0,ahead_vae,ahead,False,0.06199488043785095,0.6543209552764893,2.8950212001800537,1.1182446479797363,vae_candidate_pool_v1,belief_limited_heuristic_v1,697
VAE001181,vae_candidate_001181,0.5231007090502352,4147.46630859375,-1681.42822265625,4295.696635597416,2.787222194996104,-0.10220986684592319,5.041823605016276,5,7453.023581238652,2160.640966235521,0.31049520866531616,0.2521605917477656,7756.399360127637,0.015721146593613344,0.5069555778780669,0.9999382126600459,0.24949680434843982,1.0,0.03881190108316452,0.9904532474917913,0.11904761904761904,0.0,0.290817239891031,0.0,ahead_vae,ahead,False,0.09581350535154343,1.5820558071136475,2.49822998046875,1.6248568296432495,vae_candidate_pool_v1,belief_limited_heuristic_v1,698
VAE000897,vae_candidate_000897,0.5229448100895138,1103.31884765625,-6315.37255859375,6233.451587805554,1.6522592042508368,-0.1083634452236521,5.4673030929727355,27,8826.195586342585,1712.558627953355,1.7862603942615403,1.3809700041153044,3347.1961690033168,0.16214611025092207,0.062165868753421546,0.9934415478611031,0.9820370208134248,0.7969514688103135,0.22328254928269253,0.988874723690535,0.6428571428571429,0.0,0.3356438461100391,0.0,starboard_vae,starboard,False,0.07803615182638168,0.84611576795578,2.6475954055786133,1.0991535186767578,vae_candidate_pool_v1,belief_limited_heuristic_v1,699
VAE000594,vae_candidate_000594,0.5229204173987392,-518.3878784179688,-6928.2138671875,7282.855529735295,1.481867551312468,0.11450781921970309,5.496456115327746,15,8535.647011775833,2512.8480149214824,0.6993403563130153,1.7742329214970287,4185.5382288907085,0.39196920587555995,0.011030987684961843,0.9620792988938738,0.9793780458382526,0.9965567211644544,0.08741754453912691,0.98868602008495,0.35714285714285715,0.0,0.25800823882939367,0.0,starboard_vae,starboard,False,0.07795775681734085,2.3344929218292236,2.107901096343994,1.1002650260925293,vae_candidate_pool_v1,belief_limited_heuristic_v1,700
VAE000386,vae_candidate_000386,0.5225195811515007,-4088.1484375,-5071.7255859375,6486.297313184657,1.0444375390842755,-0.12794405591073085,6.53121657108354,28,8662.23587310811,1889.6264248262933,1.7106141981859992,1.9692110585947875,5102.20685538936,0.5093713497698636,0.0425749683354186,0.9365256139546716,0.9216771689113601,1.0,0.2138267747732499,0.9997824479681707,0.6666666666666666,0.0,0.31201357287772974,0.0,astern_vae,astern,False,0.08855368196964264,1.4215606451034546,2.933790683746338,1.242506504058838,vae_candidate_pool_v1,belief_limited_heuristic_v1,701
VAE000489,vae_candidate_000489,0.5222942386111061,3876.89697265625,1563.8184814453125,4692.896030693022,-2.709720219941527,0.014182410985232166,5.896488634441533,14,8156.43602985149,2088.88647905654,0.8216990076202505,-0.41769002266303384,8302.57146172245,0.0939440555716593,0.3701554689138902,0.997795250819971,0.4056501522731609,1.0,0.10271237595253131,0.976170003366026,0.3333333333333333,0.0,0.29482977977613994,0.0,ahead_vae,ahead,False,0.10081906616687775,2.430191993713379,1.5091564655303955,1.3063596487045288,vae_candidate_pool_v1,belief_limited_heuristic_v1,702
VAE000813,vae_candidate_000813,0.521755999673824,-808.7463989257812,-6454.9794921875,6510.908013695533,1.2054843479410788,0.21989735215907194,5.065515486451407,17,9615.924957387853,3240.1415294749045,0.5456245153910338,2.156005657807787,8012.556452147892,0.26920077984888235,0.04098190273457472,0.9819918828383236,0.8335964751654492,1.0,0.06820306442387923,0.9684302796355237,0.40476190476190477,0.0,0.2250020590746732,0.0,starboard_vae,starboard,False,0.07163655757904053,0.7895225286483765,2.4479897022247314,1.6157604455947876,vae_candidate_pool_v1,belief_limited_heuristic_v1,703
VAE000191,vae_candidate_000191,0.5217329900226314,-4005.61865234375,3916.738525390625,5391.841192868157,-0.8061105017368725,0.07382039166198374,5.010566260495245,18,8623.654487198408,2435.559716076781,0.8570030646644734,-2.261661760190937,7372.103953120173,0.48263163570271594,0.18413575595938061,0.9428883090870387,0.7706948457085965,1.0,0.10712538308305918,0.8181742277771439,0.42857142857142855,0.0,0.2654493989719327,0.0,astern_vae,astern,False,0.04817342758178711,1.7220033407211304,1.475630760192871,1.2800147533416748,vae_candidate_pool_v1,belief_limited_heuristic_v1,704
VAE000108,vae_candidate_000108,0.5214742416190549,1695.94287109375,5948.97509765625,5812.914411829799,-1.8009405339712754,-0.1238685907188436,5.259475075876269,9,7770.089939241391,2239.4259461127544,0.5172252973618972,-1.4645207103373612,3051.0087687344744,0.09188729175293742,0.11059421658792508,0.9978906661706954,0.9943580599176093,0.726430659222494,0.06465316217023714,0.9989317062243608,0.21428571428571427,0.0,0.2799424100281712,0.0,port_vae,port,False,0.08441341668367386,1.4881213903427124,2.054135799407959,1.8273197412490845,vae_candidate_pool_v1,belief_limited_heuristic_v1,705
VAE000833,vae_candidate_000833,0.5213834288977017,-206.861083984375,-7149.87255859375,6816.965349634104,1.7007724924783074,-0.1852778853573211,5.556668282350223,17,8487.702236220368,2649.0169577796487,0.7560909635164664,1.2555422757541648,5150.147229983871,0.527793266038387,0.02502169850554925,0.9319602732040235,0.9507176390348315,1.0,0.0945113704395583,0.9998088416258881,0.40476190476190477,0.0,0.2507466278518105,0.0,starboard_vae,starboard,False,0.08847306668758392,2.1302504539489746,1.5095769166946411,1.3173989057540894,vae_candidate_pool_v1,belief_limited_heuristic_v1,706
VAE000206,vae_candidate_000206,0.5212704772838558,4108.27685546875,-7018.837890625,8138.341486596625,2.133447504589909,0.1349872276490047,3.3387274025620357,17,8359.571246969375,2646.004134319252,0.7685540215738197,1.1431323766488888,5874.798384474438,0.006890270386253228,0.001979955123199399,0.9999881310904584,0.9099370995958013,1.0,0.09606925269672746,0.9675317197859992,0.40476190476190477,0.0,0.2499280547194414,0.0,ahead_vae,ahead,False,0.10312090069055557,0.8124805092811584,2.6069111824035645,1.8644309043884277,vae_candidate_pool_v1,belief_limited_heuristic_v1,707
VAE000272,vae_candidate_000272,0.5205892054343964,3203.46240234375,-6188.20361328125,7038.829148628655,1.9666967413523497,0.13623176630771708,6.1769340549063445,16,7849.538406170897,2317.330643616559,0.8796053441474708,1.3111276785451607,4255.0924015749415,0.03894094801508596,0.017114761125648408,0.9996209485449413,0.9664751091718811,1.0,0.10995066801843385,0.8768477289336576,0.38095238095238093,0.0,0.2723192980817851,0.0,starboard_vae,starboard,False,0.055630482733249664,0.7800319790840149,2.537153482437134,1.6697365045547485,vae_candidate_pool_v1,belief_limited_heuristic_v1,708
VAE000824,vae_candidate_000824,0.5202825239379307,-1059.267333984375,-760.8406372070312,1158.7289796555451,0.6544092774978082,-0.19812642405429196,5.056644997879257,5,8319.95441206751,3162.022807807224,0.19005708303419702,2.2890569520376935,7856.012189412116,0.9156468041838111,0.74732299558225,0.8046389075582043,0.7529515083508237,1.0,0.023757135379274628,0.8716701236050628,0.11904761904761904,1.0,0.34272567767313833,0.34272567767313833,inside_convoy_envelope,inside,True,0.054925527423620224,2.1758460998535156,1.5080984830856323,1.780151605606079,vae_candidate_pool_v1,belief_limited_heuristic_v1,709
VAE000701,vae_candidate_000701,0.5194551405107739,-1371.27734375,-569.3783569335938,839.8411641321209,0.42517249951843883,-0.20902588260848567,4.952454231192681,11,8380.876219946887,1714.0628532084706,0.7657315044512406,2.5073942714628683,7766.826217715131,0.8125413089861254,0.6312006421605818,0.8438277854761509,0.5925319639786105,1.0,0.09571643805640508,0.8987497317276443,0.2619047619047619,0.0,0.4879281184720703,0.0,astern_vae,astern,False,0.05875413492321968,0.7737537622451782,1.512338399887085,1.430004358291626,vae_candidate_pool_v1,belief_limited_heuristic_v1,710
VAE001092,vae_candidate_001092,0.5192383648311288,811.606201171875,6072.20263671875,5533.119464752555,-1.4441311135473707,0.16590561723630265,5.648808536366266,18,7574.07913832738,2085.694437918184,1.1394413702874608,-1.5315559228061197,2381.222514774661,0.07066548672834849,0.15634983069144892,0.998752116663041,0.999230194134524,0.5669577416130145,0.1424301712859326,0.844737107401273,0.42857142857142855,0.0,0.2940055814046859,0.0,port_vae,port,False,0.05142024904489517,1.385270357131958,1.5015628337860107,1.7560601234436035,vae_candidate_pool_v1,belief_limited_heuristic_v1,711
VAE001113,vae_candidate_001113,0.5191410407151346,-1660.801513671875,-242.6639404296875,1023.7417078883499,0.05188643327617222,0.05919749373177786,3.4777771740300567,20,7784.852842495439,2830.213056826343,0.9077378779088716,-3.1342815931341876,7805.336461408364,0.4250857696275013,0.6990378068526412,0.95550168250161,0.007310995324460419,1.0,0.11346723473860895,0.992006288631798,0.47619047619047616,0.0,0.37805547894633523,0.0,astern_vae,astern,False,0.07944852113723755,0.739111065864563,2.964412212371826,1.558303952217102,vae_candidate_pool_v1,belief_limited_heuristic_v1,712
VAE000196,vae_candidate_000196,0.519139080298099,1122.383544921875,-6231.00830078125,6533.919880391177,1.757330043401643,-0.14977917416693165,5.837356644107801,17,7749.161165410828,2525.1910943277076,0.8687603247969733,1.2344834360212185,4941.015808593044,0.4013621014143154,0.03953810931912602,0.9602648562303271,0.9439778578153514,1.0,0.10859504059962166,0.872242525550514,0.40476190476190477,0.0,0.2592030929251159,0.0,starboard_vae,starboard,False,0.055002909153699875,0.7490643858909607,2.978196620941162,1.8284014463424683,vae_candidate_pool_v1,belief_limited_heuristic_v1,713
VAE001172,vae_candidate_001172,0.5189939466844868,-664.8689575195312,-6384.8837890625,6672.005610481825,1.4894990610226586,-0.08099025692790907,4.435024722367389,28,8106.162768030291,2586.393584459209,1.335512930003444,1.5711033356392259,2588.8821261939433,0.3565376219238008,0.03174844538512059,0.9685554590170544,0.9999999528727851,0.6164005062366532,0.1669391162504305,0.9946658379213648,0.6666666666666666,0.0,0.2549036506870905,0.0,starboard_vae,starboard,False,0.0936485230922699,1.749884843826294,2.4844326972961426,1.0963490009307861,vae_candidate_pool_v1,belief_limited_heuristic_v1,714
VAE000770,vae_candidate_000770,0.5188626936540437,-485.70062255859375,5778.1953125,5349.342562850971,-1.4287035179368481,0.21195757461544887,3.6475282664078437,8,7839.817294045628,2250.793482268536,0.453365425032475,-1.500931561037496,2792.584082422686,0.3600016689976051,0.19313769470571,0.9679481178658899,0.9975604497994796,0.6649009720054014,0.056670678129059376,0.8375238926906807,0.19047619047619047,0.0,0.2797994560515071,0.0,port_vae,port,False,0.05052059888839722,0.7994258403778076,1.4865400791168213,1.9246617555618286,vae_candidate_pool_v1,belief_limited_heuristic_v1,715
VAE000800,vae_candidate_000800,0.5182214403333625,2678.327392578125,-5441.0107421875,6451.597946588174,2.1773934773786165,0.11167541361686752,4.912695813480757,16,7788.493449793365,2465.746793013806,0.8331401165875497,1.0758745898280442,5869.116194809399,0.31619610036742607,0.04490936776894846,0.9752125636380551,0.8800058845590867,1.0,0.10414251457344371,0.9747006538264336,0.38095238095238093,0.0,0.2629059767570447,0.0,ahead_vae,ahead,False,0.07329704612493515,0.6680335998535156,2.957186222076416,1.4321200847625732,vae_candidate_pool_v1,belief_limited_heuristic_v1,716
VAE000131,vae_candidate_000131,0.5179312811068226,998.2947998046875,-6729.1796875,7125.930518548299,1.6603606952404197,-0.07498601388302657,5.536236624734092,20,7701.051413241474,2562.1017871996587,1.0136396574151934,1.4062459444663473,3788.9932048322403,0.2704534469476955,0.014669167708182091,0.9818249243658783,0.986492106389232,0.9021412392457715,0.12670495717689917,0.839895878889284,0.47619047619047616,0.0,0.25645912928894615,0.0,starboard_vae,starboard,False,0.05081483721733093,2.4042375087738037,2.0105481147766113,1.2055799961090088,vae_candidate_pool_v1,belief_limited_heuristic_v1,717
VAE000369,vae_candidate_000369,0.517887526243572,598.6821899414062,5431.65185546875,5270.304431636513,-1.7071165624918287,-0.11845476509132852,4.119400542248405,2,8224.42862914915,2482.715082951338,0.0979484069200096,-1.552930856189293,2629.244354953703,0.3783814209511127,0.21068307491611404,0.9646318914791455,0.999840416724671,0.6260105607032626,0.0122435508650012,0.8686622840180818,0.047619047619047616,0.0,0.26323532837135216,0.0,port_vae,port,False,0.05452108383178711,1.422131061553955,2.4939911365509033,1.6014714241027832,vae_candidate_pool_v1,belief_limited_heuristic_v1,718
VAE000890,vae_candidate_000890,0.5178356246372103,670.864990234375,-5780.67529296875,5790.153812492737,1.737615417128469,0.0403602281516634,5.950875336423779,10,8423.345332817265,2089.640949137827,0.5681247688942574,1.4443374646129883,3135.3244309076485,0.2363166048140002,0.11387922749814441,0.9861034681620332,0.9920147282037945,0.7465058168827735,0.07101559611178218,0.9891786981839042,0.23809523809523808,0.0,0.29204673778108636,0.0,starboard_vae,starboard,False,0.09636910259723663,1.7123562097549438,2.871647834777832,1.8909590244293213,vae_candidate_pool_v1,belief_limited_heuristic_v1,719
VAE001102,vae_candidate_001102,0.5174844164947829,2249.010986328125,6123.78271484375,6494.232314337506,-1.8954607857883485,-0.02272522171813645,4.314944675456046,15,8413.74095862778,2030.2595310928334,0.878113318472161,-1.268857089519581,4440.427138655378,0.10717708726313502,0.04205573181271919,0.9971310158873408,0.9547616093461108,1.0,0.10976416480902013,0.9008876869166738,0.35714285714285715,0.0,0.29689281683257923,0.0,port_vae,port,False,0.059073224663734436,1.000145435333252,2.570758819580078,1.0953972339630127,vae_candidate_pool_v1,belief_limited_heuristic_v1,720
VAE000642,vae_candidate_000642,0.5171509592686196,709.0986328125,5881.1171875,6142.643541848187,-1.6977290930778541,0.08506162304472585,5.0691067496700635,19,8295.274092621523,2062.8448263437767,1.1103408043817986,-1.3588019374672131,3762.0734785910554,0.34553595032964624,0.07079987460482959,0.9704470304179922,0.9776132196985022,0.8957317806169179,0.13879260054772483,0.8513758349046393,0.4523809523809524,0.0,0.29424126991522626,0.0,port_vae,port,False,0.05226166546344757,0.7838727235794067,2.957824945449829,1.5268460512161255,vae_candidate_pool_v1,belief_limited_heuristic_v1,721
VAE000099,vae_candidate_000099,0.5170291342905377,1139.3232421875,6819.77490234375,7148.418561695453,-1.8713089338129496,0.028236277183107894,5.266276572827751,4,8471.07822200091,3312.5974813573193,0.14254521126002068,-1.2420474425937356,5870.1632639645795,0.2993912462024513,0.014090093262510282,0.9777581055738466,0.9464470183593855,1.0,0.017818151407502585,0.9990971768603809,0.09523809523809523,0.0,0.22330643382825235,0.0,port_vae,port,False,0.08464377373456955,2.3596551418304443,1.4888478517532349,1.0997776985168457,vae_candidate_pool_v1,belief_limited_heuristic_v1,722
VAE000246,vae_candidate_000246,0.51665440191066,-3686.63134765625,4974.6103515625,6138.595463488346,-0.8240539476434188,0.09111101868012135,7.8288305104435985,9,8304.707948946785,3290.504089014406,0.3293485155861807,-2.226427687266253,7671.308166992885,0.10385346696652364,0.07120635817157997,0.9973060369771595,0.7926631709994022,1.0,0.04116856444827259,0.9829761281306854,0.21428571428571427,0.0,0.22564143048955515,0.0,astern_vae,astern,False,0.09870151430368423,0.7151995897293091,1.9359837770462036,1.8543591499328613,vae_candidate_pool_v1,belief_limited_heuristic_v1,723
VAE000487,vae_candidate_000487,0.5166317497697501,4112.98828125,-7454.21875,8701.488453579108,2.148730503095737,-0.13059534842115225,5.123885839585829,30,8408.37576700596,2734.5483000028294,1.3047386997377597,0.8622668020729043,7547.876756996978,0.018877219697466696,0.0005495662460004887,0.999910915289611,0.759319561188874,1.0,0.16309233746721996,0.9800206535142494,0.7142857142857143,0.0,0.2449190354448142,0.0,starboard_vae,starboard,False,0.07486920803785324,2.163416624069214,1.5380221605300903,1.8713500499725342,vae_candidate_pool_v1,belief_limited_heuristic_v1,724
VAE000505,vae_candidate_000505,0.5166269293416287,3709.09716796875,-3360.606201171875,4954.461902840421,2.502083303349266,-0.08348344955026084,5.407249313679938,19,8359.27568419981,2304.8747106076357,0.9861378537790396,0.5560259006902657,8316.576691450027,0.28120728347170054,0.29126800448286616,0.9803605491999454,0.5278149362021174,1.0,0.12326723172237995,0.8034048350376717,0.4523809523809524,0.0,0.27590523705779163,0.0,ahead_vae,ahead,False,0.046437643468379974,1.111167073249817,1.9308443069458008,1.3910876512527466,vae_candidate_pool_v1,belief_limited_heuristic_v1,725
VAE000157,vae_candidate_000157,0.5164779661529866,-1169.049072265625,496.973388671875,787.5018734247178,-0.3949543527034759,0.10260607517971056,4.4469955005045305,4,8175.718973966164,3222.8240497456763,0.15180897241469682,-2.6440322257066065,8722.609044692494,0.5863126444755719,0.6116948215191231,0.9164932631844485,0.47728318812689496,1.0,0.018976121551837102,0.9431992759211942,0.09523809523809523,0.0,0.4412743219259655,0.0,astern_vae,astern,False,0.108369380235672,1.9389612674713135,1.5202677249908447,1.4966731071472168,vae_candidate_pool_v1,belief_limited_heuristic_v1,726
VAE000884,vae_candidate_000884,0.516345830570632,4234.6787109375,-2583.251708984375,5238.506423556596,2.4775479231124975,0.02548618715644301,3.1963686427585145,19,8437.568103439435,1824.1084960640658,1.2344845062631788,0.6895309176337385,7670.412251975823,0.2593790578355666,0.21803823894980845,0.9832747119867475,0.6361753342982831,1.0,0.15431056328289736,0.9969565142355392,0.4523809523809524,0.0,0.32211554386432717,0.0,ahead_vae,ahead,False,0.09208443015813828,1.0159461498260498,1.509748935699463,1.876293420791626,vae_candidate_pool_v1,belief_limited_heuristic_v1,727
VAE000021,vae_candidate_000021,0.516120254103391,397.4294128417969,-5937.39306640625,6012.88131475431,1.5358593655854496,0.031321671090138066,6.424141151197148,31,8301.029070262895,2009.118546796386,1.8587637589869348,1.6370549590944823,2554.322412308199,0.24575172149541213,0.08479920826848014,0.9849773580407518,0.9978056997850402,0.6081720029305236,0.23234546987336685,0.8201778321968396,0.7380952380952381,0.0,0.29976991980839307,0.0,starboard_vae,starboard,False,0.04841239005327225,0.7389952540397644,1.953513264656067,1.135143518447876,vae_candidate_pool_v1,belief_limited_heuristic_v1,728
VAE000699,vae_candidate_000699,0.5158642928257431,4261.50341796875,-5202.72265625,6923.446099047854,2.2478812577915326,0.06490446435557219,5.298426330146595,20,7991.180010356259,2625.431676404601,0.9532753456770537,0.9586158601538328,6740.803341426452,0.14329346642643337,0.02090074184017112,0.9948755230439085,0.8183969519680411,1.0,0.11915941820963172,0.9972439029064215,0.47619047619047616,0.0,0.2526220055080156,0.0,ahead_vae,ahead,False,0.08268193900585175,2.3952736854553223,2.5328729152679443,1.396559476852417,vae_candidate_pool_v1,belief_limited_heuristic_v1,729
VAE000371,vae_candidate_000371,0.5156832817355581,-1513.02783203125,6452.04150390625,6696.845836454845,-1.145946281457696,0.12075135100802625,5.455490805487421,13,8112.885130518394,2883.4200835459787,0.5557252198702102,-1.874895021124071,5180.389095013028,0.06103778611441468,0.030496351329954558,0.9990688863010666,0.954117221043137,1.0,0.06946565248377627,0.7339553609603809,0.30952380952380953,0.0,0.2401099176866688,0.0,port_vae,port,False,0.03873288631439209,0.7224504947662354,2.0181055068969727,1.7824010848999023,vae_candidate_pool_v1,belief_limited_heuristic_v1,730
VAE000231,vae_candidate_000231,0.5156487169265453,3303.63037109375,-2823.287841796875,4769.203447469853,2.4294883072570954,-0.10124899480006992,5.54155798193892,5,8443.22336603968,2136.7470432397276,0.2771459994097246,0.610855351532628,8141.902009370962,0.27366173287214224,0.3460810696603099,0.9813938690136514,0.5735683376408506,1.0,0.03464324992621558,0.8267777722136076,0.11904761904761904,0.0,0.2899201815270906,0.0,ahead_vae,ahead,False,0.04920594394207001,2.3726634979248047,2.922899007797241,1.8778893947601318,vae_candidate_pool_v1,belief_limited_heuristic_v1,731
VAE000653,vae_candidate_000653,0.5153262381530852,3307.435302734375,6867.58837890625,7086.703709566734,-2.0811160352338325,0.07496247723387713,4.620629436326455,27,8501.330716491268,1997.8777823697083,1.5896735036182024,-0.9855141411220835,6361.772892570965,0.07169300535903345,0.015729613329974752,0.9987155785354955,0.8335562299411486,1.0,0.1987091879522753,0.9957938713099975,0.6428571428571429,0.0,0.29954433168042627,0.0,port_vae,port,False,0.0816008597612381,1.2972822189331055,1.4899497032165527,1.364205002784729,vae_candidate_pool_v1,belief_limited_heuristic_v1,732
VAE000938,vae_candidate_000938,0.5149928390642138,943.1472778320312,-6552.90673828125,6793.210941681238,1.7694645467612578,0.010916177380783003,4.959421466400331,5,8350.131004691253,3270.9336983696867,0.1830648542139882,1.3830442842093185,4772.010892257432,0.4064664478884321,0.02603143702440534,0.959261800571551,0.9824263003268396,1.0,0.022883106776748523,0.8924303053837573,0.11904761904761904,0.0,0.22521366027589992,0.0,starboard_vae,starboard,False,0.05782688409090042,2.2725884914398193,2.975555896759033,1.09207284450531,vae_candidate_pool_v1,belief_limited_heuristic_v1,733
VAE001016,vae_candidate_001016,0.5149669164975679,1143.182373046875,-6145.51953125,5782.7550731604115,1.7520754532028278,0.14017961401251844,5.7193769382059605,10,8493.623671032263,2671.6683523219963,0.4406811147165903,1.5296968143994845,3018.3977417004826,0.3452246307081013,0.11496310552348114,0.9704997297526112,0.9991555339210282,0.7186661289763053,0.05508513933957379,0.8493514414573738,0.23809523809523808,0.0,0.25104398936754513,0.0,starboard_vae,starboard,False,0.052003659307956696,2.0196762084960938,1.5332071781158447,1.0837819576263428,vae_candidate_pool_v1,belief_limited_heuristic_v1,734
VAE000200,vae_candidate_000200,0.5147915948696038,101.60498046875,-5684.728515625,6048.749242941924,1.5855442295149544,0.03893791098397602,4.91045869421394,9,9012.906074926625,3052.0398960039365,0.3271805347031954,1.5949863350588152,3269.147989253333,0.4453134609272711,0.08072513417906532,0.951237844663892,0.9997074360168229,0.7783685688698412,0.04089756683789943,0.9058423065680152,0.21428571428571427,0.0,0.23300492397669134,0.0,starboard_vae,starboard,False,0.05982396379113197,0.9396835565567017,1.4982972145080566,1.8826134204864502,vae_candidate_pool_v1,belief_limited_heuristic_v1,735
VAE000960,vae_candidate_000960,0.5145921936430204,560.0298461914062,2077.0048828125,2370.7875167147854,-1.8317806782214836,0.09626240337785967,4.260057793973378,26,8184.701312399824,2288.9316604165933,1.3878345227555748,-1.2135495719904499,5006.574297977187,2.867276313502756,0.9998386955856842,0.018694690772654232,0.936863172578091,1.0,0.17347931534444685,0.9693571984296979,0.6190476190476191,1.0,0.29875145826149463,0.29875145826149463,inside_convoy_envelope,inside,True,0.07187138497829437,2.1804001331329346,1.9727050065994263,1.7002469301223755,vae_candidate_pool_v1,belief_limited_heuristic_v1,736
VAE000499,vae_candidate_000499,0.5142875711654398,3953.0166015625,6716.47998046875,7712.776404549139,-2.165639366875692,0.0012755201997373205,4.118113046310459,20,8457.576781787766,2657.609783915771,0.889800883245162,-0.9746777665143637,6947.605355842166,0.07036036897385145,0.004816773977660825,0.9987628651239122,0.8275210180604919,1.0,0.11122511040564526,0.9988539546402513,0.47619047619047616,0.0,0.24947979947892845,0.0,ahead_vae,ahead,False,0.0843113586306572,0.7885394096374512,1.9332902431488037,1.4054663181304932,vae_candidate_pool_v1,belief_limited_heuristic_v1,737
VAE001206,vae_candidate_001206,0.5142441614007041,4110.63671875,-2124.531982421875,4575.716261781382,2.725891468491465,-0.06310145046279472,4.714790085207376,5,7830.94547306368,2579.364079972708,0.24753872903337018,0.3525997346355337,8239.925206074096,0.0787631507280211,0.4086700723516626,0.9984498931284396,0.3453387657244564,1.0,0.030942341129171273,0.9098463793447369,0.11904761904761904,0.0,0.26014819332864064,0.0,ahead_vae,ahead,False,0.06044291704893112,1.9259157180786133,1.5046401023864746,1.6150836944580078,vae_candidate_pool_v1,belief_limited_heuristic_v1,738
VAE001094,vae_candidate_001094,0.5138991804614925,4358.77978515625,-2007.3968505859375,4705.670737278808,2.719764303809424,0.05875479110387739,5.293905522907535,2,8458.702396113054,2130.4438070721085,0.1109829249962679,0.480583140884247,8485.443398711312,0.1070145759881167,0.36606763968541917,0.9971397014020509,0.462296340000998,1.0,0.013872865624533487,0.9990779548136127,0.047619047619047616,0.0,0.2906464866873249,0.0,ahead_vae,ahead,False,0.08991693705320358,1.9270691871643066,2.4961302280426025,1.2697234153747559,vae_candidate_pool_v1,belief_limited_heuristic_v1,739
VAE000599,vae_candidate_000599,0.513733155175441,-2162.4248046875,5231.05908203125,6108.244685352882,-1.131955612893792,0.07766041552389513,3.740070500040584,20,8051.0406247368,2312.8614025396378,1.0740595698428894,-1.9319766251721058,5008.702138005608,0.5475681387417979,0.07431460643834185,0.9268965513683602,0.9354803831677572,1.0,0.13425744623036118,0.7886831252939638,0.47619047619047616,0.0,0.2734430374966588,0.0,port_vae,port,False,0.044747840613126755,0.8695237040519714,2.4556374549865723,1.4862086772918701,vae_candidate_pool_v1,belief_limited_heuristic_v1,740
VAE000380,vae_candidate_000380,0.513712374634429,-2847.46875,4612.4375,5674.193624764902,-1.082849508677828,-0.05995168697120442,4.117210264959183,32,7666.643187901078,2017.7340988140118,2.068620354069996,-2.118694831883169,5715.892598002276,0.7330517253250532,0.13179204222656798,0.8715679163189524,0.8536210633098631,1.0,0.2585775442587495,0.752957000429759,0.7619047619047619,0.0,0.3002444444959906,0.0,astern_vae,astern,False,0.04078143090009689,2.025540828704834,2.9375956058502197,1.1038074493408203,vae_candidate_pool_v1,belief_limited_heuristic_v1,741
VAE000859,vae_candidate_000859,0.5136506595024457,3485.943603515625,3918.62646484375,5352.023869346833,-2.4284118044925678,0.03814753752869439,3.80522355464115,11,8656.186091636242,2413.338864014546,0.526559914010213,-0.675033311568531,8265.916200749863,0.12035742647881342,0.1925608471617675,0.9963828920622868,0.6249233229540884,1.0,0.06581998925127662,0.9999809084063741,0.2619047619047619,0.0,0.2669622768231616,0.0,ahead_vae,ahead,False,0.08764776587486267,1.8667526245117188,1.9779269695281982,1.8671462535858154,vae_candidate_pool_v1,belief_limited_heuristic_v1,742
VAE000516,vae_candidate_000516,0.5133411536829885,4005.14794921875,-2630.148681640625,5122.419966066355,2.775344517026297,0.23756526327072428,5.735844873029133,15,8518.333092427092,2198.0887303449,0.8011086501255641,0.6038133998342208,8260.13420514087,0.021350630684571215,0.24633742927218882,0.9998860419714166,0.5677856949484001,1.0,0.10013858126569551,0.896003649769972,0.35714285714285715,0.0,0.2836608165424557,0.0,ahead_vae,ahead,False,0.05834835395216942,2.2489523887634277,1.5022166967391968,1.9090158939361572,vae_candidate_pool_v1,belief_limited_heuristic_v1,743
VAE000128,vae_candidate_000128,0.5132657302425108,169.17108154296875,6411.228515625,6331.6914601941935,-1.432604674906009,-0.0034268381781783004,5.440333220793389,16,8254.98729146405,2374.058415867387,0.8164172507230921,-1.7124148168619624,3515.4463796042273,0.2309959363793046,0.05381760785103076,0.9867194305244857,0.9899888502261432,0.8370110427629113,0.10205215634038652,0.8272486776729042,0.38095238095238093,0.0,0.2684642198884298,0.0,port_vae,port,False,0.04926295205950737,1.9254465103149414,2.5673959255218506,1.5050643682479858,vae_candidate_pool_v1,belief_limited_heuristic_v1,744
VAE001209,vae_candidate_001209,0.5131524117146301,-539.652099609375,5531.96923828125,5468.141607104469,-1.4949277958663714,0.06351446474044878,4.74948158780908,18,9168.305844123077,2252.4298549018145,0.8716299359764291,-1.5831503929829729,2365.5209469330775,0.39505896417340236,0.1687244674147969,0.9614869364309169,0.999923689494879,0.5632192730793042,0.10895374199705364,0.7957350534067212,0.42857142857142855,0.0,0.27784034946040154,0.0,port_vae,port,False,0.04555263742804527,0.9789449572563171,2.9585764408111572,1.6922796964645386,vae_candidate_pool_v1,belief_limited_heuristic_v1,745
VAE000225,vae_candidate_000225,0.5130327963726881,179.2165069580078,-5995.49462890625,6518.193362758574,1.592818015783909,0.03294583989580855,5.59975565411757,18,8492.498607205991,3196.819071693202,0.6630082970450021,1.5817204777016933,3289.3998152301156,0.47407544506788657,0.0405200743670905,0.9448575879977101,0.9999403320568695,0.7831904321976466,0.08287603713062526,0.8537446597261356,0.42857142857142855,0.0,0.22779090529341942,0.0,starboard_vae,starboard,False,0.05256521701812744,1.2609977722167969,1.4752395153045654,1.0607424974441528,vae_candidate_pool_v1,belief_limited_heuristic_v1,746
VAE000794,vae_candidate_000794,0.51284215433341,3216.00146484375,-6856.36328125,7889.9830514843625,2.00293545781023,0.05717660641386371,4.8458776628330265,10,7439.979922436319,2811.9441886832756,0.4779930035849739,1.1958338021934278,5341.374915473803,0.048297281483114844,0.00335425275836519,0.9994169564988253,0.9305213474679046,1.0,0.059749125448121734,0.9196112273329455,0.23809523809523808,0.0,0.24335466420230445,0.0,starboard_vae,starboard,False,0.1125292032957077,0.6726183891296387,1.4993141889572144,1.7126688957214355,vae_candidate_pool_v1,belief_limited_heuristic_v1,747
VAE000580,vae_candidate_000580,0.5128097886647621,464.66717529296875,5051.900390625,4892.876893463986,-1.6069545563787297,-0.10438583620993733,4.624864623384332,22,7691.507132083977,1217.833558941754,2.3486770078474266,-1.6390239334210006,1739.3662275663576,0.31631949588879715,0.30889574411420007,0.9751933748857458,0.9976733995854394,0.414134816087228,0.2935846259809283,0.927443357609955,0.5238095238095238,0.0,0.4452483048403327,0.0,port_vae,port,False,0.06331606209278107,1.6258165836334229,2.9490294456481934,1.6092573404312134,vae_candidate_pool_v1,belief_limited_heuristic_v1,748
VAE000103,vae_candidate_000103,0.5126103214329142,4692.0126953125,8927.1337890625,9902.149510387899,-2.1450068129074187,0.019491164306643407,4.966303607131631,23,8702.736193607027,2493.7053596101637,1.0598072310808828,-0.977094676375731,6935.569674262069,0.037024580939469136,2.395421603380771e-05,0.9996573342486579,0.828875536931907,1.0,0.13247590388511035,0.9618753940547125,0.5476190476190477,0.0,0.25747576821886914,0.0,port_vae,port,False,0.10447154194116592,1.309682011604309,2.3738863468170166,1.2884693145751953,vae_candidate_pool_v1,belief_limited_heuristic_v1,749
VAE000229,vae_candidate_000229,0.5121309370279112,-3313.97705078125,-4115.7353515625,5364.299641527012,0.7231273190585501,-0.011591127440480268,4.7347797379693155,7,8114.404697811721,2515.5063456457283,0.3429382749117597,2.4068742070907634,7707.38753849474,0.17168887985303094,0.1899352070185754,0.9926488163928566,0.6703782640153979,1.0,0.042867284363969964,0.9540397253091022,0.16666666666666666,0.0,0.2611732851378798,0.0,astern_vae,astern,False,0.10619543492794037,0.7109088897705078,2.395864486694336,1.6711690425872803,vae_candidate_pool_v1,belief_limited_heuristic_v1,750
VAE000513,vae_candidate_000513,0.512009462608439,1496.20458984375,-6866.484375,7115.379894417198,1.6844557310621504,0.18633703708341565,4.943607775781144,1,8711.947120424904,3066.7425355287846,0.03742893349474515,1.6434739596110586,3691.2532161733225,0.08182406546854759,0.014948008026865193,0.9983271392317516,0.9973601431364907,0.8788698133746006,0.004678616686843144,0.999660590432733,0.023809523809523808,0.0,0.23136024831555185,0.0,starboard_vae,starboard,False,0.08565860986709595,1.6806403398513794,2.1246235370635986,1.5306751728057861,vae_candidate_pool_v1,belief_limited_heuristic_v1,751
VAE000585,vae_candidate_000585,0.5117163228475439,3801.7236328125,-212.85256958007812,3950.7684041309903,3.0123977697210744,-0.1314010195049641,4.5120716796646265,11,8294.49783758002,1848.7711840184297,0.717330709176277,-0.0022061356362452537,8298.556289468712,0.012541608637272716,0.6346959616377287,0.9999606775286272,0.0022061338466893335,1.0,0.08966633864703462,0.9326345511202865,0.2619047619047619,0.0,0.32303650923772204,0.0,ahead_vae,ahead,False,0.06422054022550583,0.8446119427680969,1.516405701637268,1.238757610321045,vae_candidate_pool_v1,belief_limited_heuristic_v1,752
VAE000399,vae_candidate_000399,0.5111520043753444,704.4091186523438,-7099.0185546875,7339.321724201607,1.6406083627539352,0.07638647159592352,5.649454377900181,28,8028.209569792115,2884.2803937845406,1.2092103413465038,1.5773707624317812,2936.998626959121,0.4274686221904889,0.00993302526586975,0.9550090468896641,0.9999783884758717,0.6992853873712193,0.15115129266831298,0.8619896992140853,0.6666666666666666,0.0,0.23950806536559083,0.0,starboard_vae,starboard,False,0.05363636836409569,1.125998616218567,1.9691258668899536,1.4444904327392578,vae_candidate_pool_v1,belief_limited_heuristic_v1,753
VAE001032,vae_candidate_001032,0.5109631501889788,103.4727783203125,-6616.89208984375,6345.347605336004,1.6683021488993663,-0.06858449471286494,2.013438588684678,10,8487.134404919561,2276.2485989777288,0.5176297498111626,1.4047060099775621,3648.0831825169653,0.32972445259099836,0.052734300417951345,0.9730657984146769,0.986238681980609,0.8685912339326107,0.06470371872639533,0.9643787557158626,0.23809523809523808,0.0,0.27531240108165234,0.0,starboard_vae,starboard,False,0.10388635098934174,1.5888571739196777,2.9882020950317383,1.2400619983673096,vae_candidate_pool_v1,belief_limited_heuristic_v1,754
VAE000829,vae_candidate_000829,0.510834433577279,-703.8908081054688,-7743.37451171875,7905.513722145985,1.3815366314205595,-0.14073645297351892,5.410030049683332,13,8042.678967945722,2965.862890267877,0.544993783561709,1.6193195691957156,3352.4757412258837,0.27104491145691334,0.0032477025589028744,0.981745829770378,0.9988229784425796,0.7982085098156866,0.06812422294521363,0.9604437302971723,0.30952380952380953,0.0,0.23556642269327113,0.0,starboard_vae,starboard,False,0.1047980934381485,0.9628832936286926,2.5371155738830566,1.6972800493240356,vae_candidate_pool_v1,belief_limited_heuristic_v1,755
VAE000147,vae_candidate_000147,0.5107873072498651,5080.578125,9638.978515625,10884.955007111741,-2.024227225635126,-0.25308404972830534,4.088460296108508,28,7643.2841424532635,1872.292433902423,1.956610339083899,-1.3704494776829725,3355.9263873431637,0.1975295094545251,1.2287182184566812e-06,0.9902771986076,0.9799976106085561,0.7990300922245628,0.24457629238548736,0.949442857026371,0.6666666666666666,0.0,0.3131179157881371,0.0,port_vae,port,False,0.10714329034090042,1.422163724899292,2.4385321140289307,1.2780518531799316,vae_candidate_pool_v1,belief_limited_heuristic_v1,756
VAE001030,vae_candidate_001030,0.5107734873966244,274.347412109375,-6661.283203125,6782.443637344708,1.5875272057884304,0.17596808054306193,4.938138025228105,4,8285.915366586298,2745.12813919221,0.17585587292323526,1.730033528344425,4024.2552552075467,0.3724623423239273,0.02650058888655631,0.9657170495566602,0.9873485238302306,0.9581560131446539,0.021981984115404408,0.9669827878594058,0.09523809523809523,0.0,0.24613252413023853,0.0,starboard_vae,starboard,False,0.07127630710601807,1.775855541229248,2.486008405685425,1.5120478868484497,vae_candidate_pool_v1,belief_limited_heuristic_v1,757
VAE000283,vae_candidate_000283,0.5103099498394814,2251.9462890625,7428.4912109375,7980.148057992544,-2.021664847252569,-0.008180936926085926,4.574652464811469,16,7735.10278764179,2930.5496976568693,0.7058376214471983,-1.1281087432633101,5961.537665298432,0.3236664278575465,0.0027774826754398537,0.974037852466207,0.903603649150032,1.0,0.08822970268089979,0.8870168278607432,0.38095238095238093,0.0,0.2375030881891066,0.0,port_vae,port,False,0.05705016478896141,0.8941909074783325,2.4501307010650635,1.3969018459320068,vae_candidate_pool_v1,belief_limited_heuristic_v1,758
VAE000294,vae_candidate_000294,0.5100084344278554,1122.67431640625,5927.04541015625,6176.300966055665,-1.545992741171258,0.05459274525103836,6.652097937366089,10,9076.9119773516,2608.267550706135,0.4223862165320363,-1.5410071671674967,2877.463946405709,0.10886152618156553,0.06749261810865972,0.9970402167533026,0.9995563357945497,0.6851104634299308,0.052798277066504536,0.9378512636351318,0.23809523809523808,0.0,0.2531112348622143,0.0,port_vae,port,False,0.06516134738922119,1.317252278327942,1.9406217336654663,1.9032502174377441,vae_candidate_pool_v1,belief_limited_heuristic_v1,759
VAE000733,vae_candidate_000733,0.5096914865357891,-2193.133544921875,-5782.59521484375,6463.45812259042,1.2849892101088216,0.06541613402280994,6.109438339679043,5,7476.951287128534,3372.3138125861205,0.19829760631189083,1.9220195775037816,5738.862647972961,0.5538234872429452,0.04409967706742077,0.925259903716626,0.938952560154467,1.0,0.024787200788986354,0.9520675070364689,0.11904761904761904,0.0,0.22418611392788246,0.0,starboard_vae,starboard,False,0.06792569905519485,2.1560964584350586,2.599848747253418,1.503801941871643,vae_candidate_pool_v1,belief_limited_heuristic_v1,760
VAE000052,vae_candidate_000052,0.5094786490243323,-1037.422119140625,-360.23614501953125,1640.067619326444,0.2829767393131151,0.07046751615302384,6.20859364059507,17,7540.144081303784,2929.927492914555,0.7695066967711512,2.929083430429702,7988.487550259074,1.09375464653541,0.8965800331290468,0.7295765720572,0.21091333884100588,1.0,0.0961883370963939,0.9860259655545695,0.40476190476190477,1.0,0.2977307075409991,0.2977307075409991,inside_convoy_envelope,inside,True,0.0769142210483551,1.5118056535720825,2.3355891704559326,1.3459721803665161,vae_candidate_pool_v1,belief_limited_heuristic_v1,761
VAE000652,vae_candidate_000652,0.5093622893972384,125.35995483398438,5747.40478515625,5920.798250461951,-1.6251097964310768,0.027703690756558697,5.3603785076451445,14,8833.050917300445,2341.067635510214,0.6770228719443414,-1.4887791664021577,3056.847891434861,0.15558705022596553,0.09601094666555648,0.9939603658295368,0.996638477695955,0.7278209265321098,0.08462785899304268,0.7748211043971959,0.3333333333333333,0.0,0.27069944625130155,0.0,port_vae,port,False,0.0431884229183197,1.1245276927947998,2.8986711502075195,1.9361462593078613,vae_candidate_pool_v1,belief_limited_heuristic_v1,762
VAE001107,vae_candidate_001107,0.5090979128945591,3692.684814453125,7936.2275390625,8639.890358207804,-1.9807938640024347,-0.07425521778112515,4.185529828888062,16,8730.112698944296,2311.921098832098,0.7927333407111234,-1.2350540073684835,5059.148685959415,0.116209333396323,0.0006359782115550978,0.9966276454660634,0.9441659977104196,1.0,0.09909166758889043,0.8554384995874916,0.38095238095238093,0.0,0.27043574518422575,0.0,port_vae,port,False,0.12174953520298004,1.8741722106933594,1.4905648231506348,1.4226710796356201,vae_candidate_pool_v1,belief_limited_heuristic_v1,763
VAE000768,vae_candidate_000768,0.5089511503738177,-573.8665161132812,-6732.0625,6722.6347227164115,1.4756713636770644,-0.07656811024922096,5.660371908186841,25,8158.702125584988,2502.534891938128,1.2244436123718154,1.5893531796635074,2653.495167696414,0.4327720360723286,0.029241439324723437,0.9539033389626035,0.9998278265466496,0.6317845637372413,0.15305545154647693,0.9814924602288908,0.5952380952380952,0.0,0.25971637461489916,0.0,starboard_vae,starboard,False,0.07533903419971466,1.564635992050171,1.9846364259719849,1.0868926048278809,vae_candidate_pool_v1,belief_limited_heuristic_v1,764
VAE000043,vae_candidate_000043,0.5082726515236994,-3231.8818359375,-3905.607421875,5514.1598559063095,0.7128011218857684,-0.19593053738082955,3.3426482076343245,2,8512.277120283112,2094.7598804933064,0.11216309750641686,2.232860994323195,6885.082335642328,0.16675516883799169,0.15989007437876665,0.9930642727664684,0.7887246661320363,1.0,0.014020387188302107,0.9851972355667779,0.047619047619047616,0.0,0.29193826996321526,0.0,astern_vae,astern,False,0.09792348742485046,1.8550902605056763,2.4520297050476074,1.7863805294036865,vae_candidate_pool_v1,belief_limited_heuristic_v1,765
VAE000439,vae_candidate_000439,0.5078577926119406,-1414.248779296875,-124.52630615234375,1051.6031831174778,0.23868636925862283,-0.0914837085383896,3.903896502962845,18,7942.271312756836,1575.6228186369985,1.438386255796767,2.8114225757927813,8024.110239708403,0.8936251779516612,0.7091415078266046,0.8132954367713379,0.3242039245050516,1.0,0.17979828197459588,0.8387421628551356,0.42857142857142855,0.0,0.4558459861922145,0.0,astern_vae,astern,False,0.1238613948225975,1.1707050800323486,1.5152788162231445,1.3658117055892944,vae_candidate_pool_v1,belief_limited_heuristic_v1,766
VAE000395,vae_candidate_000395,0.5078026605261022,1185.1900634765625,8751.8359375,8783.112373782727,-1.7332873085050051,-0.07752782040313608,3.1308002021987766,5,8117.7156996011045,3051.3000402948715,0.20186045706585687,-1.485833165487924,3729.170680590322,0.18574185712223135,0.0004518759984640113,0.9913997590581463,0.9963928013458704,0.8878977810929337,0.02523255713323211,0.936203002152684,0.11904761904761904,0.0,0.23149779120818256,0.0,port_vae,port,False,0.10967253148555756,1.8371460437774658,2.9787380695343018,1.5387401580810547,vae_candidate_pool_v1,belief_limited_heuristic_v1,767
VAE000886,vae_candidate_000886,0.5077509727582766,-60.8544921875,5343.47265625,5249.740313487653,-1.558783211390587,-0.03325706985595255,4.450641714373576,8,7721.0060222447155,1739.7789322595606,0.5955552100710092,-1.6160665120551585,2087.408491802168,0.20696397955027113,0.2154202659041105,0.9893296474066424,0.9989754801512145,0.49700202185765907,0.07444440125887615,0.9805050655172215,0.19047619047619047,0.0,0.33430095387669645,0.0,port_vae,port,False,0.09951099753379822,0.6371403336524963,1.4943163394927979,1.1755704879760742,vae_candidate_pool_v1,belief_limited_heuristic_v1,768
VAE000357,vae_candidate_000357,0.5071710302038137,293.99371337890625,-6500.22314453125,6675.017705182724,1.7048114687597105,0.029138974658155258,7.039376581436352,14,8460.265222828828,2715.6377173899414,0.6093575910132417,1.4659201594882385,3586.37128863631,0.35535632329542827,0.031594312979255045,0.9687612873764112,0.9945055336774209,0.853897925865788,0.07616969887665521,0.8176305955811333,0.3333333333333333,0.0,0.24748501298096948,0.0,starboard_vae,starboard,False,0.04810874164104462,2.2648746967315674,2.4317212104797363,1.9303009510040283,vae_candidate_pool_v1,belief_limited_heuristic_v1,769
VAE000262,vae_candidate_000262,0.507157080027747,3434.31982421875,-5333.4814453125,6431.671669269713,2.247110646965634,0.0708095761530031,4.027855693249078,16,7614.965041445221,2208.7133822034266,0.9512895066703878,0.9652915827771625,6150.301234201612,0.1140688162303376,0.04629779448197633,0.9967506019323777,0.8222149136160662,1.0,0.11891118833379848,0.9663649481513559,0.38095238095238093,0.0,0.2818048151845771,0.0,ahead_vae,ahead,False,0.1034080982208252,1.4074022769927979,2.109795570373535,1.3228209018707275,vae_candidate_pool_v1,belief_limited_heuristic_v1,770
VAE001162,vae_candidate_001162,0.506817166116046,65.36532592773438,-8422.9267578125,8596.582911911979,1.4791559151482305,-0.20043332640915965,5.381344015704444,15,8631.02418522243,2799.6669919794363,0.6207583191335138,1.4620034120324032,3720.258107922726,0.06115005037623056,0.0007041402235287252,0.9990654591021649,0.9940878855667072,0.8857757399816014,0.07759478989168922,0.7569968260558556,0.35714285714285715,0.0,0.2415191536277977,0.0,starboard_vae,starboard,False,0.041221827268600464,2.4098165035247803,2.480297565460205,1.4304838180541992,vae_candidate_pool_v1,belief_limited_heuristic_v1,771
VAE000471,vae_candidate_000471,0.5065187033334746,-377.8148193359375,6053.4453125,6040.906166814964,-1.437387206242735,0.06264889531384353,5.34998056037433,19,8646.951448421512,2530.491622748622,0.8683317411232505,-1.6415565520332145,3135.5089294636896,0.5662899324531873,0.08160232793840806,0.9219486238558032,0.9974975396771133,0.7465497451104023,0.10854146764040631,0.8344021110611272,0.4523809523809524,0.0,0.25829518761465037,0.0,port_vae,port,False,0.05013564974069595,1.3391618728637695,2.9272074699401855,1.212732195854187,vae_candidate_pool_v1,belief_limited_heuristic_v1,772
VAE000232,vae_candidate_000232,0.5064933195214261,465.0631408691406,6221.71728515625,6560.754983683303,-1.6604306518495273,0.15316219676326542,4.762996950575226,15,7288.261075237444,2240.2143570965495,0.9187085572272569,-1.3279998049770003,3926.737206208508,0.3995549664201847,0.03790897102882324,0.9606171035128869,0.9706694369490037,0.9349374300496447,0.11483856965340711,0.8543593797692031,0.35714285714285715,0.0,0.27967517543004694,0.0,port_vae,port,False,0.052644286304712296,2.0255661010742188,1.4932773113250732,1.4623584747314453,vae_candidate_pool_v1,belief_limited_heuristic_v1,773
VAE000263,vae_candidate_000263,0.5064284820088087,-861.4965209960938,6643.3408203125,6723.319460491661,-1.4469489632280959,-0.15611043215137346,5.007184599889498,10,8379.185042429213,2570.959445298671,0.46419770890947737,-1.8507541225130708,4786.159790034158,0.15510689066562589,0.029208732581828767,0.9939975116691897,0.961067100846527,1.0,0.05802471361368467,0.7439535520338568,0.23809523809523808,0.0,0.25533827068328185,0.0,port_vae,port,False,0.03980628773570061,2.1788854598999023,2.5600075721740723,1.2060742378234863,vae_candidate_pool_v1,belief_limited_heuristic_v1,774
VAE000457,vae_candidate_000457,0.5059451209576086,2168.48779296875,7993.1162109375,8439.837867903469,-1.9153337603025533,-0.12368502103173833,4.669087473553214,8,8610.542506231874,2838.6725094786007,0.327298624423443,-1.3499439143189782,4655.961790217107,0.25574683008289,0.0010118626174850929,0.9837373206935285,0.9757110731528521,1.0,0.04091232805293037,0.8183786237107378,0.19047619047619047,0.0,0.23983242955991646,0.0,port_vae,port,False,0.04819776490330696,2.246046543121338,1.943434238433838,1.4016249179840088,vae_candidate_pool_v1,belief_limited_heuristic_v1,775
VAE001127,vae_candidate_001127,0.5057709803036023,-1463.54443359375,-5333.259765625,6070.234346814039,1.286499810577111,-0.1252547574373192,3.1483715753641026,2,8735.470419098488,2617.5979990208652,0.08746629856453321,1.729838085575363,3968.0176633767837,0.5227184483618389,0.07836083482593771,0.9332326158856836,0.9873794953759024,0.9447661103278057,0.010933287320566651,0.8942095560083018,0.047619047619047616,0.0,0.25314590037497764,0.0,starboard_vae,starboard,False,0.05808563157916069,1.258068561553955,2.0476996898651123,1.130230188369751,vae_candidate_pool_v1,belief_limited_heuristic_v1,776
VAE000207,vae_candidate_000207,0.5056769583922992,737.1160888671875,-6070.63134765625,6088.58286615183,1.6313945687655123,-0.1626989331531369,4.37654181319344,22,8190.429722071202,1692.8637839375338,1.5866969193857763,1.3474991516711443,3464.573398205611,0.3265846187544981,0.07638604134302611,0.9735717770764618,0.975172604686555,0.824898428144193,0.19833711492322204,0.8724229511073709,0.5238095238095238,0.0,0.3393854356875716,0.0,starboard_vae,starboard,False,0.05502732843160629,1.4600164890289307,1.4776904582977295,1.7236192226409912,vae_candidate_pool_v1,belief_limited_heuristic_v1,777
VAE001045,vae_candidate_001045,0.5049782830300745,382.4870300292969,7406.1533203125,7327.902479992884,-1.7190588431076315,-0.006353169123902815,5.384148061837151,14,8036.361465891805,2337.674514219805,0.7452200500414963,-1.4288869796060644,3450.7865700504235,0.3088357050836046,0.010146866592522463,0.9763440512708605,0.9899477551523767,0.8216158500120055,0.09315250625518703,0.9834432196723507,0.3333333333333333,0.0,0.2702952281703856,0.0,port_vae,port,False,0.0985422134399414,2.117154121398926,2.9502110481262207,1.5781052112579346,vae_candidate_pool_v1,belief_limited_heuristic_v1,778
VAE000434,vae_candidate_000434,0.504674285663944,-368.99847412109375,6362.54736328125,6458.960466670127,-1.5295681715195708,-0.23059391764369455,5.727986259845985,9,7673.561732440682,2149.3928254179473,0.5456695546995706,-1.842618399713917,4130.726179811961,0.45637313342418584,0.044405275960860115,0.9488283705715247,0.9632832926723494,0.9835062332885621,0.06820869433744632,0.9594561361242695,0.21428571428571427,0.0,0.28672316365487827,0.0,port_vae,port,False,0.06951279193162918,1.7914621829986572,2.939180374145508,1.891444206237793,vae_candidate_pool_v1,belief_limited_heuristic_v1,779
VAE000030,vae_candidate_000030,0.5046067191612007,-1152.69873046875,-5618.845703125,6283.4270717409045,1.393504929399259,0.05640164254326181,4.656167676329703,15,8430.16694524698,1858.0569399286733,0.9576263004399329,1.8044893667337958,3759.739423973776,0.46509223469791255,0.05779507225141893,0.9468901008315869,0.9728178271311364,0.8951760533270895,0.11970328755499161,0.9982101976607142,0.35714285714285715,0.0,0.3162955135113393,0.0,starboard_vae,starboard,False,0.08357290923595428,1.4115426540374756,1.905048131942749,1.751678466796875,vae_candidate_pool_v1,belief_limited_heuristic_v1,780
VAE000005,vae_candidate_000005,0.5041149349293104,-1498.49267578125,-6191.6396484375,5832.704044808863,1.3772974849085076,-0.18819379685028806,3.504450553935424,14,8364.628146030707,2570.2281966045193,0.6511929843949888,1.5761013718309977,2614.5665499589127,0.220040125150927,0.1077979531080646,0.987944346024217,0.9999859282815848,0.6225158452283125,0.0813991230493736,0.7486573763617098,0.3333333333333333,0.0,0.25667811728999196,0.0,starboard_vae,starboard,False,0.0403146855533123,1.8672195672988892,2.9759817123413086,1.4631916284561157,vae_candidate_pool_v1,belief_limited_heuristic_v1,781
VAE001188,vae_candidate_001188,0.5040109044456927,-359.43212890625,-6767.9091796875,6677.537433357705,1.5581775251530754,0.13180477758196557,3.326254516830697,18,8704.419411397033,2438.5612715854104,0.8480061933712015,1.7152199060186837,3665.931229408139,0.4243449872353069,0.03146586759075958,0.9556543064365526,0.9895890299192107,0.8728407689066998,0.10600077417140019,0.7880915525814249,0.42857142857142855,0.0,0.26311983279862605,0.0,starboard_vae,starboard,False,0.04468069598078728,2.058464527130127,1.9383339881896973,1.830931544303894,vae_candidate_pool_v1,belief_limited_heuristic_v1,782
VAE001167,vae_candidate_001167,0.5039961230227821,3824.481201171875,-3520.384033203125,5179.560646781288,2.3870141675994074,-0.09442534772424352,4.933304405812279,11,7970.358049187112,1772.2012439255996,0.7787567367842632,0.6601531382661431,7382.553349632385,0.04595398172149956,0.23212402993062528,0.9994721507920687,0.6132378228243566,1.0,0.0973445920980329,0.9944601042414875,0.2619047619047619,0.0,0.3296096518180161,0.0,ahead_vae,ahead,False,0.08076215535402298,2.1375374794006348,2.9596493244171143,1.8149023056030273,vae_candidate_pool_v1,belief_limited_heuristic_v1,783
VAE000767,vae_candidate_000767,0.5036354101427258,4362.5732421875,8431.994140625,9448.617755554435,-2.0722317829314,0.04414171572317522,3.5957823247511485,9,8296.540110195037,3109.8448593054313,0.3488243296844317,-1.0252191549352179,6963.552817351828,0.06038104292717694,8.339903879570049e-05,0.9990888093044914,0.8548279320306135,1.0,0.043603041210553965,0.9529479758547951,0.21428571428571427,0.0,0.22869225209974078,0.0,port_vae,port,False,0.10642437636852264,1.2674217224121094,2.9306366443634033,1.5723406076431274,vae_candidate_pool_v1,belief_limited_heuristic_v1,784
VAE001214,vae_candidate_001214,0.502906771832536,3682.929931640625,8531.103515625,9218.017735803029,-2.0806904052655897,-0.17547574069785607,5.860668171906589,16,8092.3870195734335,1749.0642537351664,1.1304141204617189,-1.2363779890220594,4308.25005181706,0.07434602308111415,0.00015264375479320585,0.9986188035830317,0.9446013824678186,1.0,0.14130176505771486,0.9930603697240313,0.38095238095238093,0.0,0.3291981576503389,0.0,port_vae,port,False,0.09454880654811859,0.7633336186408997,1.826225757598877,1.2343807220458984,vae_candidate_pool_v1,belief_limited_heuristic_v1,785
VAE000282,vae_candidate_000282,0.502379132962661,4396.41455078125,-1033.29052734375,4421.635193655282,2.849539366168036,-0.10837820954441213,4.147791658168074,5,7575.446893743651,3011.8260887195047,0.21914514592962958,0.18367507787734486,7998.113219488536,0.08343379695208199,0.46181473897774283,0.9982607096949008,0.18264405847387677,1.0,0.027393143241203698,0.8492117450172982,0.11904761904761904,0.0,0.24123037189538532,0.0,ahead_vae,ahead,False,0.12254702299833298,1.7955297231674194,2.947293758392334,1.222974419593811,vae_candidate_pool_v1,belief_limited_heuristic_v1,786
VAE000625,vae_candidate_000625,0.5020420025866719,3645.748046875,-2165.18115234375,4901.698314941671,2.609484164965641,0.05406324516513593,4.749074318768268,8,9148.31836868759,1683.313621432174,0.5194977599511413,0.5861717337892876,8552.307625908781,0.16798657038548725,0.3063337031703242,0.9929617028507454,0.5531758916544519,1.0,0.06493721999389267,0.9731782261536996,0.19047619047619047,0.0,0.3418978587488102,0.0,ahead_vae,ahead,False,0.07287727296352386,2.2697582244873047,2.945502996444702,1.430420160293579,vae_candidate_pool_v1,belief_limited_heuristic_v1,787
VAE000445,vae_candidate_000445,0.5019319836391424,2462.274658203125,7317.0859375,6966.332502653449,-1.9635380364413886,-0.17736769676157849,3.7463067734145916,18,8301.373430838423,1880.822324793189,1.1528552544199484,-1.355422313909983,3611.4786902219466,0.06889009764046271,0.01941591665841798,0.998814007767757,0.9768965311890927,0.8598758786242731,0.14410690680249355,0.9074292738328673,0.42857142857142855,0.0,0.3129928957442403,0.0,port_vae,port,False,0.11446500569581985,1.3852163553237915,1.5258909463882446,1.7045297622680664,vae_candidate_pool_v1,belief_limited_heuristic_v1,788
VAE000565,vae_candidate_000565,0.5016426988780907,421.5943908691406,-6627.84912109375,6767.748783807878,1.682745856105751,0.022580180153194927,3.8840838795212242,18,8234.013474475712,2377.8242709780734,0.919350625868947,1.481426977637238,3103.224157548206,0.43692310400064893,0.02715262485959622,0.9530289749093569,0.9960092169356017,0.7388628946543349,0.11491882823361838,0.9478386628104619,0.42857142857142855,0.0,0.267708495718964,0.0,starboard_vae,starboard,False,0.06706828624010086,2.1337053775787354,2.591325283050537,1.2006006240844727,vae_candidate_pool_v1,belief_limited_heuristic_v1,789
VAE000692,vae_candidate_000692,0.5015917832640567,541.844482421875,-8894.19140625,8734.692829231944,1.6237611659449278,-0.13256277974643582,4.908919440978789,11,8404.886852135667,3004.683316722728,0.4355741605121534,1.3852687078984298,4503.528619422851,0.5140841705396495,0.000507661198593237,0.9353717175919027,0.9828390601519765,1.0,0.05444677006401918,0.8080500156234027,0.2619047619047619,0.0,0.23288934684150076,0.0,starboard_vae,starboard,False,0.0469788983464241,1.1099088191986084,2.9916844367980957,1.9081904888153076,vae_candidate_pool_v1,belief_limited_heuristic_v1,790
VAE000978,vae_candidate_000978,0.5013099093845216,4004.5556640625,5905.87158203125,7181.666724555174,-2.220343298708777,-0.0195461911284,4.668011215558298,13,7921.635945472894,2926.628769599948,0.5607390933863907,-0.9407955460094161,7031.790495547791,0.03485588573349396,0.013270910176003977,0.9996962975574721,0.8080270483162326,1.0,0.07009238667329884,0.9360718979186461,0.30952380952380953,0.0,0.23803358044516487,0.0,ahead_vae,ahead,False,0.06483660638332367,2.132129430770874,1.5095913410186768,1.6551897525787354,vae_candidate_pool_v1,belief_limited_heuristic_v1,791
VAE000495,vae_candidate_000495,0.5005628471529372,2076.08544921875,6600.7236328125,7314.593748071884,-1.8542238449455146,0.08668754215106694,4.318201343097522,0,8673.273476383925,2570.099361334643,0.0,-1.2006812664932116,5533.386893542561,0.091577544238433,0.010401260270715085,0.9979048531984049,0.9322857318539487,1.0,0.0,0.9896943874501517,0.0,0.0,0.2544047955017639,0.0,port_vae,port,False,0.07838451862335205,2.015089511871338,1.9374785423278809,1.2725787162780762,vae_candidate_pool_v1,belief_limited_heuristic_v1,792
VAE000491,vae_candidate_000491,0.5005169527566805,209.48512268066406,6536.32373046875,6491.5740947242775,-1.5089951433034319,-0.138627447329948,5.607929586674257,22,7581.470217262527,1895.244689657074,1.5311014194738348,-1.7712249576163093,3366.6947666340175,0.28202405913171624,0.04222907842590859,0.9802470549429765,0.9799813320143397,0.8015939920557185,0.19138767743422935,0.823471110471276,0.5238095238095238,0.0,0.3126640153546678,0.0,port_vae,port,False,0.048807110637426376,1.3662664890289307,2.8634142875671387,1.8219127655029297,vae_candidate_pool_v1,belief_limited_heuristic_v1,793
VAE000390,vae_candidate_000390,0.5002156115165539,-594.4612426757812,-7119.908203125,7116.637186439728,1.4950839997976701,-0.06049319348391212,5.180435357996858,18,8019.887334020553,2610.1420538803754,0.8598844472851703,1.586015460308212,2731.890800874365,0.37625549371879563,0.014914536024589264,0.9650235179052642,0.9998841912228997,0.6504501906843726,0.10748555591064629,0.9848273084499873,0.42857142857142855,0.0,0.25322089169988915,0.0,starboard_vae,starboard,False,0.0980568379163742,0.7654968500137329,2.5037848949432373,1.6477876901626587,vae_candidate_pool_v1,belief_limited_heuristic_v1,794
VAE000321,vae_candidate_000321,0.5000855101825162,708.4187622070312,6698.087890625,6748.802660011728,-1.698483735980562,-0.07993060638238564,4.606976750081092,26,7926.3945261303215,2326.1907836060373,1.41010785641581,-1.5230395239916168,2701.9339887500037,0.42480940046500004,0.02801365394341217,0.9555586522773192,0.9988598606118697,0.6433176163690485,0.17626348205197626,0.8759480974448056,0.6190476190476191,0.0,0.2718453473877405,0.0,port_vae,port,False,0.055507171899080276,2.1941308975219727,2.9647457599639893,1.082334041595459,vae_candidate_pool_v1,belief_limited_heuristic_v1,795
VAE000998,vae_candidate_000998,0.5000770101368925,-1487.536865234375,-6825.9443359375,6995.991131472124,1.1964873388280304,0.18512442985756752,4.669378506979285,14,7985.608650704875,3068.6141797888004,0.5713177605060028,2.1302297446193306,6838.833170137139,0.09864263294344311,0.0184437246682202,0.9975693796035339,0.8475559356380133,1.0,0.07141472006325035,0.7785266224996239,0.3333333333333333,0.0,0.2325161532980807,0.0,starboard_vae,starboard,False,0.13093040883541107,2.0225424766540527,2.4861676692962646,1.8037923574447632,vae_candidate_pool_v1,belief_limited_heuristic_v1,796
VAE001039,vae_candidate_001039,0.49984997429385003,3189.583740234375,5243.95361328125,6589.412814490774,-2.0701030964968155,-0.009142149354401713,2.9951578649205635,6,8038.55497499306,2159.05224365304,0.34570854387516803,-1.0806317064473794,5689.155063610473,0.04211160906889777,0.03623233409970822,0.9995567186103601,0.8822553720576621,1.0,0.043213567984396004,0.9991475508456115,0.14285714285714285,0.0,0.28519690383526247,0.0,ahead_vae,ahead,False,0.08981490135192871,1.5631811618804932,1.5186126232147217,1.3674677610397339,vae_candidate_pool_v1,belief_limited_heuristic_v1,797
VAE000679,vae_candidate_000679,0.49942593068481417,4215.6865234375,-4270.609375,5976.358230541392,2.176125752936761,0.04301854376525281,4.616288254945754,7,7495.424974494658,2107.773444363563,0.44307561604745516,1.008485444418285,5779.360741485013,0.3195539772212115,0.08911449219481926,0.9746878137552852,0.8460253410371866,1.0,0.055384452005931895,0.9531378536340981,0.16666666666666666,0.0,0.2913695055030571,0.0,ahead_vae,ahead,False,0.0681481882929802,2.3560996055603027,1.5305380821228027,1.156719446182251,vae_candidate_pool_v1,belief_limited_heuristic_v1,798
VAE000192,vae_candidate_000192,0.49935596892141226,3503.730712890625,7466.15625,8303.36776011114,-1.9320387969961244,0.021500120414516488,4.557278436689858,7,7981.968243665155,2315.2897866108547,0.3787762049460281,-1.1880537361791523,5128.75825442235,0.07323480441444573,0.0013769909733226107,0.9986597650272012,0.9276438612390464,1.0,0.04734702561825351,0.945086474175168,0.16666666666666666,0.0,0.2713311716021876,0.0,port_vae,port,False,0.0665273442864418,2.305143356323242,2.4341745376586914,1.2530064582824707,vae_candidate_pool_v1,belief_limited_heuristic_v1,799
VAE000988,vae_candidate_000988,0.4990553959942353,2116.8369140625,-6295.5068359375,6930.854519100626,1.6718449569329952,-0.012560205016755898,5.237544135402737,4,8519.267153566887,2426.537638499615,0.19349543425710888,1.457187491640042,3376.6781826661863,0.08871753082098088,0.020637390226145767,0.9980335902072193,0.9935534545437255,0.8039709958729016,0.02418692928213861,0.9999442175645444,0.09523809523809523,0.0,0.2638603752723423,0.0,starboard_vae,starboard,False,0.0879182443022728,1.3736668825149536,2.9508938789367676,1.5999821424484253,vae_candidate_pool_v1,belief_limited_heuristic_v1,800
VAE000152,vae_candidate_000152,0.49880715890663296,305.72149658203125,6023.79541015625,6170.941441792705,-1.5782116708892913,-0.08113759390008626,6.487360546931917,4,8006.123054805778,2616.683138337263,0.19093546117043067,-1.644518576600588,3199.270463567779,0.3637523229841117,0.0680106739840304,0.9672841957027553,0.9972837455063457,0.7617310627542332,0.023866932646303834,0.9131492721862391,0.09523809523809523,0.0,0.2540370358452804,0.0,port_vae,port,False,0.06096233054995537,2.2547929286956787,1.9658300876617432,1.3917847871780396,vae_candidate_pool_v1,belief_limited_heuristic_v1,801
VAE000839,vae_candidate_000839,0.4987716209732407,-3549.505126953125,4282.04296875,5695.9314774746235,-0.8741511709749059,-0.029653688026030748,4.547137284912399,13,8610.866287474886,2955.0534496783876,0.5108944281794325,-2.2970951706409184,7927.845872388361,0.5219476436450976,0.1282814983575483,0.9334248944455308,0.7476374814621254,1.0,0.06386180352242907,0.8129601009415814,0.30952380952380953,0.0,0.2379796418920595,0.0,astern_vae,astern,False,0.0475555956363678,2.0589871406555176,2.4549319744110107,1.1555603742599487,vae_candidate_pool_v1,belief_limited_heuristic_v1,802
VAE000739,vae_candidate_000739,0.49849396467633966,-4136.07177734375,-2579.762451171875,5068.145355551059,0.5701122701738909,0.04920270617375075,5.920908130946747,16,8059.61055424107,2210.760369785523,0.8979750187233129,2.6206830895896536,8090.866729852134,0.3337725371593585,0.26034525539017067,0.9724065750077867,0.4976692692832529,1.0,0.11224687734041411,0.8711361504923973,0.38095238095238093,0.0,0.28332414546973095,0.0,astern_vae,astern,False,0.05485346168279648,2.0110597610473633,2.9569218158721924,1.4039745330810547,vae_candidate_pool_v1,belief_limited_heuristic_v1,803
VAE000871,vae_candidate_000871,0.4984229789618615,-1126.99365234375,8174.13671875,8449.402834582335,-1.5783633130921495,-0.22239119291994,4.208765738027495,17,8300.185077131382,2321.637777578651,0.8821992475999539,-1.7856205334175836,4037.6699325735653,0.6413501780056347,0.0009899844759163222,0.9006443534384367,0.9770138841757283,0.961349983946087,0.11027490594999424,0.9579310991291331,0.40476190476190477,0.0,0.27033710096372426,0.0,port_vae,port,False,0.06917483359575272,1.3989804983139038,2.921612024307251,1.6350668668746948,vae_candidate_pool_v1,belief_limited_heuristic_v1,804
VAE000443,vae_candidate_000443,0.49796963270195926,2194.365234375,-6513.6328125,6971.264545921236,1.8171171701364004,-0.05813337944550089,5.956154708038231,11,8211.143470515924,1755.7312337464664,0.7630113698615976,1.2663421040078922,4136.461745399273,0.02624606527413742,0.01925120949743624,0.999827795900065,0.9540107036693262,0.9848718441426841,0.0953764212326997,0.9689895027038914,0.2619047619047619,0.0,0.32932645724535037,0.0,starboard_vae,starboard,False,0.1027550920844078,1.2723366022109985,2.621887445449829,1.15615975856781,vae_candidate_pool_v1,belief_limited_heuristic_v1,805
VAE000837,vae_candidate_000837,0.49609801613317184,2294.28369140625,7688.65673828125,8565.323592736859,-1.832490447472782,-0.13721521077891308,5.244370545338648,25,8264.588793865392,2097.086677448675,1.4424553452928972,-1.4463174168959243,3106.972738583324,0.12126862676547101,0.0007575016232160469,0.9963279834321979,0.9922624992876634,0.7397554139484105,0.18030691816161215,0.7868302087782072,0.5952380952380952,0.0,0.2890301353703285,0.0,port_vae,port,False,0.04453771561384201,1.3168981075286865,1.9342387914657593,1.8249140977859497,vae_candidate_pool_v1,belief_limited_heuristic_v1,806
VAE000209,vae_candidate_000209,0.4954441299686023,381.6070861816406,6484.349609375,6572.925331670251,-1.6740704204388264,0.04731851591234274,4.231064900879561,16,8537.426671225458,1832.4316056247465,1.022739954067015,-1.420203717238624,3092.5122014930093,0.24611883132637336,0.03718907545778318,0.9849326691068837,0.9886823458545329,0.736312428926907,0.12784249425837688,0.9999052783685571,0.38095238095238093,0.0,0.3190843266173754,0.0,port_vae,port,False,0.08811580389738083,2.1514554023742676,2.0254101753234863,1.243283748626709,vae_candidate_pool_v1,belief_limited_heuristic_v1,807
VAE000134,vae_candidate_000134,0.49499717935249665,-424.7415771484375,5917.4990234375,5521.296727309817,-1.5625916373174213,0.05777636857053722,4.051992248645135,20,8412.26153158661,1712.9986476917252,1.3879064990180943,-1.5212246477018345,2127.7335189616088,0.2553838564950146,0.15855065520228404,0.9837831991809735,0.9987715759026613,0.5066032188003831,0.17348831237726178,0.7856383278474364,0.47619047619047616,0.0,0.3369141784510472,0.0,port_vae,port,False,0.0444028377532959,0.8093928098678589,1.516223669052124,1.5764062404632568,vae_candidate_pool_v1,belief_limited_heuristic_v1,808
VAE000271,vae_candidate_000271,0.4947284523147553,2722.135986328125,8192.5,8543.78310252002,-2.0984698045543375,-0.0189911788209862,3.2935215292431916,17,8536.611673094785,2021.2200311517527,0.985257618546631,-1.0621140278564418,5922.866068714072,0.20986626119749796,0.0007964365424908909,0.9890293925774385,0.8733870214472528,1.0,0.12315720231832887,0.9338383132256789,0.40476190476190477,0.0,0.2961524605300438,0.0,port_vae,port,False,0.11009827256202698,0.6682950854301453,1.515974521636963,1.0973024368286133,vae_candidate_pool_v1,belief_limited_heuristic_v1,809
VAE000097,vae_candidate_000097,0.4944035377715693,3550.554443359375,8370.2724609375,9006.397843784538,-2.1203524615908633,-0.06083713093761702,4.140055052587226,14,8443.780843870849,2469.605123738603,0.6713725265652467,-1.0820773229365468,6144.815702415019,0.06815190327093834,0.00026116017319729654,0.9988392788895206,0.8829350044597044,1.0,0.08392156582065584,0.8003351020077948,0.3333333333333333,0.0,0.2596929212895938,0.0,port_vae,port,False,0.04608216881752014,2.2299365997314453,1.9963003396987915,1.366283655166626,vae_candidate_pool_v1,belief_limited_heuristic_v1,810
VAE001187,vae_candidate_001187,0.4942120176709482,3842.3955078125,3487.734619140625,4977.653117800186,-2.3747586882087566,0.2700910676681741,5.293851141371753,26,7956.684380581687,1863.7602300218994,1.753279587361786,-0.4967428977128624,7883.23726170733,0.5047712440301946,0.2847879218480333,0.9376425626834077,0.4765646244463877,1.0,0.21915994842022324,0.7883043571878616,0.6190476190476191,0.0,0.3182803778418713,0.0,ahead_vae,ahead,False,0.04470484331250191,1.1641356945037842,2.4358794689178467,1.3564213514328003,vae_candidate_pool_v1,belief_limited_heuristic_v1,811
VAE000165,vae_candidate_000165,0.4941187684631701,-273.93505859375,-6073.5771484375,6445.990063119074,1.5812578164332354,0.08823725958457171,6.310802109346085,10,8497.922596285065,2784.6798928552407,0.42258293007756775,1.6485720967411297,3436.528111812168,0.5821361853470198,0.04529653740625451,0.917645030796381,0.9969769891327722,0.8182209790028971,0.05282286625969597,0.8617400630181997,0.23809523809523808,0.0,0.24435578193835125,0.0,starboard_vae,starboard,False,0.05360358953475952,1.5462019443511963,1.9854815006256104,1.0852853059768677,vae_candidate_pool_v1,belief_limited_heuristic_v1,812
VAE000055,vae_candidate_000055,0.4938770721716619,-3150.681884765625,-5955.91064453125,6595.856500143112,1.0469271736136383,0.1841643717425447,4.869832078885167,22,7432.12437054201,2326.489382250831,1.2723559861122886,2.2788298517186996,6600.716338139912,0.3985366437920653,0.03586414074287779,0.9608149326815631,0.7596422237275104,1.0,0.15904449826403608,0.9243190866901017,0.5238095238095238,0.0,0.2728070633425582,0.0,astern_vae,astern,False,0.06278546899557114,1.5273938179016113,1.8834776878356934,1.2626475095748901,vae_candidate_pool_v1,belief_limited_heuristic_v1,813
VAE000035,vae_candidate_000035,0.4935603291997314,983.6407470703125,-6935.1259765625,6951.825939034324,1.534086650058164,-0.11715515385506886,5.780767653992275,3,8695.205647293698,2845.271843604104,0.12126001866182289,1.4903508496765607,3534.8060107712095,0.19047766918838005,0.019907520030602192,0.990956955507361,0.9967660072286354,0.8416204787550499,0.01515750233272786,0.8222533061954533,0.07142857142857142,0.0,0.24066926725208865,0.0,starboard_vae,starboard,False,0.04866086319088936,0.7638554573059082,2.4229214191436768,1.3681633472442627,vae_candidate_pool_v1,belief_limited_heuristic_v1,814
VAE000755,vae_candidate_000755,0.49351780558838176,4484.0400390625,-7173.41162109375,8561.713223866405,2.0189118450459946,0.23609772251432926,4.8194201356056094,18,7882.538885013266,2184.4005034372076,1.0453798274538413,1.3587785310581275,3794.2338887518144,0.2321824645504553,0.0007639014220200309,0.986583261838792,0.9776082944868028,0.9033890211313844,0.13067247843173016,0.7279409883293844,0.42857142857142855,0.0,0.28174476224411615,0.0,ahead_vae,ahead,False,0.13644134998321533,2.35772705078125,2.9049763679504395,1.332004427909851,vae_candidate_pool_v1,belief_limited_heuristic_v1,815
VAE001080,vae_candidate_001080,0.4931254896128978,2969.290771484375,-5644.26953125,6779.892440648166,2.161744692278902,0.19840527748492676,4.074436571527971,11,8428.603166478846,1888.6110911655246,0.6910262454618721,1.1782532387958187,4969.23387912133,0.19138662136042206,0.026612811827416098,0.9908707076822297,0.9239392174745945,1.0,0.08637828068273401,0.888903697725548,0.2619047619047619,0.0,0.3120868471016066,0.0,ahead_vae,ahead,False,0.05731913819909096,0.775000274181366,2.9599180221557617,1.0753583908081055,vae_candidate_pool_v1,belief_limited_heuristic_v1,816
VAE000845,vae_candidate_000845,0.49300250867448375,-728.1530151367188,-5731.388671875,5678.9426545172755,1.4210765975809128,-0.19128982913195694,3.3832390066818157,4,8785.745072346135,2367.7231206712463,0.19228724570118344,1.5292262268769232,2730.796736363331,0.5159658203758213,0.1310189865809615,0.9349083081353053,0.9991360878157799,0.6501896991341265,0.02403590571264793,0.9032086203616221,0.09523809523809523,0.0,0.2692735850378593,0.0,starboard_vae,starboard,False,0.05942289158701897,0.803469717502594,2.0636837482452393,1.4957062005996704,vae_candidate_pool_v1,belief_limited_heuristic_v1,817
VAE001072,vae_candidate_001072,0.49272974718538654,452.3099670410156,6471.74267578125,6547.925094543001,-1.4850448510186522,0.20500537178573186,6.152350596791453,11,8952.257543194244,2212.706324679417,0.5553110816472281,-1.451542430785409,3262.053901597715,0.2686619379600643,0.038680628160117046,0.9820634683486367,0.9928976772671938,0.7766795003804083,0.06941388520590351,0.8619187891612374,0.2619047619047619,0.0,0.27961976801430666,0.0,port_vae,port,False,0.05362705513834953,2.2241809368133545,2.964247703552246,1.176921010017395,vae_candidate_pool_v1,belief_limited_heuristic_v1,818
VAE000498,vae_candidate_000498,0.49257306263560363,-165.1094970703125,-6437.50341796875,6543.740121613218,1.5858469782829556,0.03435891817336793,4.553442311233716,17,8028.190675283043,2332.1280718960256,0.9079853596948947,1.5901045934802058,2486.694181230888,0.4401621884040147,0.038935192426116164,0.9523412844392194,0.9998136012098439,0.5920700431502114,0.11349816996186184,0.9999676952689316,0.40476190476190477,0.0,0.2714949675639345,0.0,starboard_vae,starboard,False,0.08677046000957489,0.7851470708847046,2.589548110961914,1.6301013231277466,vae_candidate_pool_v1,belief_limited_heuristic_v1,819
VAE000251,vae_candidate_000251,0.4924592452420466,3544.54150390625,8017.31884765625,8792.612426768208,-2.1826867216195662,-0.05984732278957831,4.162500691349749,11,8389.424093004094,3327.424699801559,0.39405087855968196,-1.0187532547598053,7232.8000264937145,0.0811080552777268,0.0004416264996672239,0.9983562722462715,0.8514548558627381,1.0,0.049256359819960245,0.7560975435072537,0.2619047619047619,0.0,0.22163316818704876,0.0,port_vae,port,False,0.1334092915058136,2.186955451965332,1.5093309879302979,1.1959704160690308,vae_candidate_pool_v1,belief_limited_heuristic_v1,820
VAE000649,vae_candidate_000649,0.4921795094773318,679.6422119140625,6250.8017578125,6752.340362261724,-1.5019953142258065,-0.14249866125763067,4.382172826359191,16,8242.00226527422,1773.617740663266,1.094528889268768,-1.7820960006216173,3462.773086697356,0.1819537243296372,0.02785111825906297,0.9917460204465782,0.9777591589033222,0.8244697825469895,0.136816111158596,0.9148276704063395,0.38095238095238093,0.0,0.326998452074545,0.0,port_vae,port,False,0.061229512095451355,0.7814895510673523,2.3947205543518066,1.6725196838378906,vae_candidate_pool_v1,belief_limited_heuristic_v1,821
VAE000482,vae_candidate_000482,0.4907871734077792,-608.8551635742188,-665.0060424804688,1108.5117265038948,0.8073995595701696,-0.07145931264661468,5.743286704810437,27,8692.947467691978,1464.8494947938398,2.1203311975083077,2.262733781373009,6674.314038456798,0.6961669964391669,0.7295692863065603,0.8836529257176884,0.7700113063665347,1.0,0.26504139968853846,0.8133170211267298,0.6428571428571429,1.0,0.4636049523051478,0.4636049523051478,inside_convoy_envelope,inside,True,0.04759770631790161,0.6906240582466125,2.4846436977386475,1.527227759361267,vae_candidate_pool_v1,belief_limited_heuristic_v1,822
VAE000957,vae_candidate_000957,0.48992889812822243,3719.6806640625,-7091.77294921875,7838.7946692507985,2.1168582566616037,-0.06191405188622115,5.466336018355847,21,7883.553756207543,2289.6983757890557,1.1633730134697067,0.9628203450419683,6382.541278189274,0.24425373130756167,0.003728405688620064,0.9851590335021118,0.8208058323413057,1.0,0.14542162668371333,0.8155042976545983,0.5,0.0,0.27369342605866626,0.0,starboard_vae,starboard,False,0.047856345772743225,1.8177647590637207,2.9359734058380127,1.6912437677383423,vae_candidate_pool_v1,belief_limited_heuristic_v1,823
VAE000364,vae_candidate_000364,0.4896334957309819,842.96337890625,-6320.794921875,6223.624469149782,1.6941811455666662,-0.007758415870233436,6.956774489653542,6,8639.644239201281,1986.2192449727236,0.3496457109842562,1.4396530921528934,3098.9496024426758,0.10459982585484573,0.06305645901764441,0.9972672121189383,0.9914130435260301,0.7378451434387323,0.04370571387303202,0.9307364867990593,0.14285714285714285,0.0,0.30150746034088405,0.0,starboard_vae,starboard,False,0.1106465607881546,1.4839954376220703,2.958686351776123,1.2819695472717285,vae_candidate_pool_v1,belief_limited_heuristic_v1,824
VAE000194,vae_candidate_000194,0.4893901303306671,-1666.207763671875,-6439.80322265625,6618.899203136972,1.353186336742849,0.20110537257952874,5.970832567101052,9,7624.904314283996,2778.5207963261423,0.4248097341830732,1.9895116894264737,5638.677924592797,0.596541674243186,0.034573383034615865,0.9136416965586506,0.9136120110514798,1.0,0.05310121677288415,0.8361784577337936,0.21428571428571427,0.0,0.2458048607147177,0.0,starboard_vae,starboard,False,0.050354376435279846,2.3829894065856934,2.992182493209839,1.9338188171386719,vae_candidate_pool_v1,belief_limited_heuristic_v1,825
VAE000811,vae_candidate_000811,0.48921213766985805,4870.4423828125,9180.40625,10398.02688259782,-2.173966086655898,-0.059063708959428016,4.702709880224281,23,8288.005542868244,1825.0909697622328,1.5205240260016621,-1.026690275893323,5851.844898161642,0.017877332729062,5.6023098514834245e-06,0.9999201023715913,0.8555903884180968,1.0,0.19006550325020777,0.8244159769165068,0.5476190476190477,0.0,0.31832986648378314,0.0,port_vae,port,False,0.12561210989952087,2.381357192993164,2.0035781860351562,1.539276123046875,vae_candidate_pool_v1,belief_limited_heuristic_v1,826
VAE000980,vae_candidate_000980,0.48849482535706906,1395.8751220703125,-5652.0947265625,5365.2899589336375,1.9415034685798342,-0.27233570285281167,4.043127805921233,2,7881.390609015182,1757.1978062547807,0.14441306689541844,0.9277534821571474,6132.185715758197,0.12794449942183617,0.1897244860137533,0.9959131309337634,0.8002748744812842,1.0,0.018051633361927305,0.76084880199152,0.047619047619047616,0.0,0.33143891472400067,0.0,starboard_vae,starboard,False,0.13288943469524384,2.4144225120544434,2.9385650157928467,1.5245321989059448,vae_candidate_pool_v1,belief_limited_heuristic_v1,827
VAE000515,vae_candidate_000515,0.48785670631890965,3872.022705078125,8162.51953125,9086.710370274288,-2.039435747647416,0.027972621062195627,5.001915569331489,15,8243.009122731994,1959.2094876050242,0.9288051255133319,-1.0741842848801815,5649.918733379316,0.052615404944175374,0.00021343206336180045,0.9993080644411667,0.8792017958572894,1.0,0.11610064068916649,0.8713145593383729,0.35714285714285715,0.0,0.3028198127792726,0.0,port_vae,port,False,0.05487752705812454,1.2734524011611938,1.4943807125091553,1.0562024116516113,vae_candidate_pool_v1,belief_limited_heuristic_v1,828
VAE000155,vae_candidate_000155,0.4873267759989909,2783.169189453125,7129.95068359375,7762.415723697315,-1.8361836353838363,-0.24325328895886292,4.206235772582213,7,7973.526282255896,2562.8664674585707,0.34254815374849507,-1.5486623071648198,2738.710477022271,0.11857799375415488,0.004357648252628757,0.9964889317615433,0.9997550525880333,0.6520739231005407,0.04281851921856188,0.9970742419868825,0.16666666666666666,0.0,0.2554220940372899,0.0,port_vae,port,False,0.09199018776416779,2.2576375007629395,1.487748146057129,1.1694519519805908,vae_candidate_pool_v1,belief_limited_heuristic_v1,829
VAE000888,vae_candidate_000888,0.48723473869431866,-666.9937133789062,-6432.0380859375,6873.893527498324,1.4028395291954026,0.06949515403077244,5.81453595393341,16,8390.929611782884,1819.762763465796,1.0478403799347316,1.808248278425163,3742.4729962139754,0.09628240088347217,0.022738617145696402,0.9976842146517781,0.9719404987576615,0.8910649990985656,0.13098004749184144,0.7612693989164543,0.38095238095238093,0.0,0.32058463410690563,0.0,starboard_vae,starboard,False,0.041689638048410416,0.9529604911804199,1.5081334114074707,1.0627758502960205,vae_candidate_pool_v1,belief_limited_heuristic_v1,830
VAE000073,vae_candidate_000073,0.4871564489339082,3602.310546875,6296.93408203125,7156.316961540721,-2.0657511463589415,-0.0958088379485589,5.816321814742704,12,9069.807139796265,1598.3197371350395,0.8277887717446356,-1.1716503451794105,4997.494619363662,0.08328356048330664,0.013891548067373036,0.9982669642023674,0.9213932284993563,1.0,0.10347359646807945,0.9945155619084596,0.2857142857142857,0.0,0.3529599400454646,0.0,ahead_vae,ahead,False,0.09373804181814194,1.8534388542175293,1.506710410118103,1.8411462306976318,vae_candidate_pool_v1,belief_limited_heuristic_v1,831
VAE000315,vae_candidate_000315,0.4869685742457961,836.6561279296875,-5941.806640625,6267.6504039526035,1.6797401734004405,0.19417241608118105,4.947983058581578,16,8535.976832326369,1751.9207575172097,1.0699224407795989,1.656024896270534,2472.190366028802,0.16700859893311093,0.05914665253207065,0.993043224337299,0.996370243455925,0.5886167538163815,0.13374030509744986,0.9980272019489285,0.38095238095238093,0.0,0.3301878031966754,0.0,starboard_vae,starboard,False,0.09114442020654678,1.1766866445541382,1.5336825847625732,1.73712158203125,vae_candidate_pool_v1,belief_limited_heuristic_v1,832
VAE000924,vae_candidate_000924,0.4868988666111306,-699.1688842773438,5317.63720703125,5470.586336573169,-1.4574388449922877,-0.0446037198409936,3.393472755423751,14,7911.1352868246,1629.3500589099715,1.0861125291899965,-1.728757528438499,2853.5268124787463,0.5729043172089225,0.16824648084376673,0.9201650819902487,0.9875500490458974,0.6794111458282729,0.13576406614874956,0.8302640282970211,0.3333333333333333,0.0,0.35058884083311104,0.0,port_vae,port,False,0.04962926357984543,1.1345188617706299,1.9607754945755005,1.6599100828170776,vae_candidate_pool_v1,belief_limited_heuristic_v1,833
VAE000842,vae_candidate_000842,0.4867234100112977,-4286.25146484375,-4285.9091796875,6552.975390115024,0.631374260157322,0.10784327837018194,5.073727120246197,33,8068.130076870866,2827.1854784389825,1.4467275339859003,2.6180616718026535,8400.905824818696,0.16792779804386748,0.03837530472094069,0.9929666152966405,0.4999412876883616,1.0,0.18084094174823753,0.9996015753989159,0.7857142857142857,0.0,0.24286659171453556,0.0,astern_vae,astern,False,0.08900852501392365,2.1456871032714844,2.488312005996704,1.6980994939804077,vae_candidate_pool_v1,belief_limited_heuristic_v1,834
VAE000309,vae_candidate_000309,0.4866794650149619,1570.991943359375,-7807.0078125,7991.253238290053,1.8494395287726266,0.009036128570840322,6.615283183429037,11,7197.42456851698,2200.1423256073003,0.694647996104768,1.3011892533880067,4037.717211467723,0.40332951460868366,0.002713103353922232,0.9598796585277909,0.9638756278389636,0.9613612408256483,0.086830999513096,0.8168799199392329,0.2619047619047619,0.0,0.2818946365364463,0.0,starboard_vae,starboard,False,0.04801952466368675,1.964848279953003,1.4974966049194336,1.2986154556274414,vae_candidate_pool_v1,belief_limited_heuristic_v1,835
VAE000683,vae_candidate_000683,0.486590134871846,309.8033447265625,5336.70654296875,5303.840072813402,-1.8247470705895135,-0.08111149108951937,4.251812308092308,15,8381.707442017865,1388.8844142969313,1.2885244288530182,-1.397957074089799,2809.676594526778,0.6220631104046386,0.20311049537793113,0.9063389928611276,0.9851004435405672,0.668970617744471,0.16106555360662728,0.9248922688528494,0.35714285714285715,0.0,0.3977217907365369,0.0,port_vae,port,False,0.06288208067417145,0.7913596034049988,2.950793504714966,1.619693636894226,vae_candidate_pool_v1,belief_limited_heuristic_v1,836
VAE000879,vae_candidate_000879,0.4865174262348957,-2334.17529296875,-6092.93505859375,6884.5704376973345,1.190179531168989,0.06362906946805928,4.479707158454939,22,7491.2080624375885,1763.4685098224877,1.6653407628951034,2.0150421918888646,4811.846930358058,0.5216457706192009,0.022331173840814855,0.9335001270221897,0.9029350320123624,1.0,0.20816759536188792,0.8465111100870779,0.5238095238095238,0.0,0.32923816810764023,0.0,starboard_vae,starboard,False,0.05164378881454468,1.6496872901916504,2.436305522918701,1.4952832460403442,vae_candidate_pool_v1,belief_limited_heuristic_v1,837
VAE000431,vae_candidate_000431,0.48646445161120233,2566.289306640625,-8762.0966796875,8931.397979494312,1.8646358905213194,-0.17008247161229775,5.350505771362242,0,8414.962138141322,3195.7340390534446,0.0,1.1068742914561762,6623.309930015361,0.024123365250814155,0.00031462996007005484,0.9998545228673235,0.8943044301326049,1.0,0.0,0.8055739101229945,0.0,0.0,0.22575923742481346,0.0,starboard_vae,starboard,False,0.12784305214881897,2.016353130340576,2.4877002239227295,1.9307523965835571,vae_candidate_pool_v1,belief_limited_heuristic_v1,838
VAE000412,vae_candidate_000412,0.4854575173224245,3646.365234375,6132.701171875,7069.224741947102,-2.0891040780642407,-0.07246299086162498,5.168677886215755,14,8649.244899675588,2661.8419500711007,0.6080896007204591,-1.1249515663871774,6131.367398033035,0.5183243273112002,0.016223463377876803,0.9343252846996375,0.9022467096043542,1.0,0.0760112000900574,0.7414321063680991,0.3333333333333333,0.0,0.24958290551443996,0.0,ahead_vae,ahead,False,0.039534684270620346,2.086515426635742,2.945038318634033,1.238731861114502,vae_candidate_pool_v1,belief_limited_heuristic_v1,839
VAE000808,vae_candidate_000808,0.48529009895146746,4542.63330078125,-3841.590087890625,6033.464374474546,2.360605615637544,0.09557061669929973,3.3481100202141763,2,8335.529060328961,2532.535079137535,0.09474173988617537,0.8765576546515492,7279.432870642001,0.26317717814072594,0.08244167945365029,0.9827841556049863,0.768541022429407,1.0,0.011842717485771922,0.9205807009259128,0.047619047619047616,0.0,0.25858395698899134,0.0,ahead_vae,ahead,False,0.11236988753080368,2.0360682010650635,1.9326441287994385,1.3716599941253662,vae_candidate_pool_v1,belief_limited_heuristic_v1,840
VAE000068,vae_candidate_000068,0.48514992293574505,3394.6376953125,7129.9765625,7580.139107741407,-1.9731165002562467,0.01387949314264012,6.571812438164663,6,8823.692485955242,2160.4215568853547,0.31474756881629606,-1.1545966601909063,5543.298972270432,0.14425156976487852,0.006266359164359837,0.9948068856153334,0.9146319685984976,1.0,0.03934344610203701,0.8640359231858817,0.14285714285714285,0.0,0.2832490398109792,0.0,port_vae,port,False,0.0539059042930603,0.8689697980880737,1.9160737991333008,1.7845802307128906,vae_candidate_pool_v1,belief_limited_heuristic_v1,841
VAE000378,vae_candidate_000378,0.48494559158630246,62.659210205078125,6520.34228515625,6205.981712181274,-1.7474600267321,0.07025685392583024,5.3190870746651475,6,7778.234372769227,2172.2533268952693,0.3551074259008969,-1.3238757729318629,4007.5170862357554,0.6181427451700727,0.0646815573364347,0.9074780913532337,0.9696696935840614,0.954170734818037,0.04438842823761211,0.8406462288581352,0.14285714285714285,0.0,0.2848942322699417,0.0,port_vae,port,False,0.05090823769569397,1.3254622220993042,1.4722421169281006,1.1553770303726196,vae_candidate_pool_v1,belief_limited_heuristic_v1,842
VAE000084,vae_candidate_000084,0.48475895225598586,-1053.001220703125,-5419.13623046875,5676.389044107844,1.465144452458183,-0.20118043293089946,5.615768486884282,20,8037.268378122732,1722.7233727256357,1.4444615280733706,1.475267768200711,2481.4902426099097,0.6382519857320519,0.13143424189723601,0.9015692190409191,0.9954406161286514,0.5908310101452166,0.18055769100917132,0.896516359757421,0.47619047619047616,0.0,0.3356577593184111,0.0,starboard_vae,starboard,False,0.05842377617955208,2.3291850090026855,2.9668948650360107,1.8137216567993164,vae_candidate_pool_v1,belief_limited_heuristic_v1,843
VAE000635,vae_candidate_000635,0.484726458165276,-1066.697509765625,-978.3184204101562,1399.7307005981097,0.9323373605019003,-0.015495972560211006,5.151207159840094,12,8245.649842603585,1944.8332371053623,0.7482969754470553,2.193759320527682,6390.378641236226,1.5389298128973365,0.8276724910519138,0.5159305604491204,0.812153282990502,1.0,0.09353712193088191,0.9394654360038187,0.2857142857142857,1.0,0.3708239461393697,0.3708239461393697,inside_convoy_envelope,inside,True,0.06545957922935486,1.9659987688064575,1.919395923614502,1.827763557434082,vae_candidate_pool_v1,belief_limited_heuristic_v1,844
VAE000295,vae_candidate_000295,0.48464750672027845,4124.974609375,7798.3779296875,8776.82137590718,-1.9348119822344263,0.06801270674328161,4.827583562843681,12,7848.108489056007,1748.8168505200915,0.87432303178049,-1.1387679646120852,4874.242805409787,0.23858205865371018,0.0004587852469468125,0.9858370233279399,0.9081183154269749,1.0,0.10929037897256125,0.9738139551768918,0.2857142857142857,0.0,0.3296956241637471,0.0,port_vae,port,False,0.07305113226175308,1.7279627323150635,2.026954174041748,1.1873729228973389,vae_candidate_pool_v1,belief_limited_heuristic_v1,845
VAE000187,vae_candidate_000187,0.4844357477811895,2107.800537109375,-5559.599609375,6381.7037978227745,2.05149766179174,0.06560224034592199,5.139546574954657,13,8176.35214810476,1537.307512867393,1.0342440113356233,1.1556972321439754,4704.118060644934,0.33278081090479295,0.04993821017260022,0.9725687922376528,0.9150763620361839,1.0,0.1292805014169529,0.9336349305029008,0.30952380952380953,0.0,0.3654074016849988,0.0,starboard_vae,starboard,False,0.06439835578203201,1.8650702238082886,2.428466796875,1.6666676998138428,vae_candidate_pool_v1,belief_limited_heuristic_v1,846
VAE000093,vae_candidate_000093,0.4843246443599823,124.58624267578125,5599.05078125,5464.968470634138,-1.603875852031527,0.21719015634090724,4.304249455022484,5,7350.078120634176,1555.5678081086762,0.43730969167334777,-1.3205266452173587,3327.4640505392795,0.4157300501096213,0.16934632509777356,0.9574108639008467,0.9688456661878273,0.7922533453664952,0.05466371145916847,0.8473056822680739,0.11904761904761904,0.0,0.3641106008342286,0.0,port_vae,port,False,0.051744215190410614,1.6446058750152588,1.480269432067871,1.340303897857666,vae_candidate_pool_v1,belief_limited_heuristic_v1,847
VAE001086,vae_candidate_001086,0.4840454613092693,453.6726379394531,-5650.142578125,5904.597810777147,1.6894735478968639,0.01743184583017397,4.705374010077799,0,8010.526863284313,1996.5337769268417,0.0,1.469550951523104,2795.953570741372,0.2965870278370708,0.09809900679072973,0.9781697626755439,0.9948790636362584,0.6657032311288981,0.0,0.9970215446982965,0.0,0.0,0.3015864626096006,0.0,starboard_vae,starboard,False,0.08250032365322113,1.8278923034667969,1.4974920749664307,1.4100170135498047,vae_candidate_pool_v1,belief_limited_heuristic_v1,848
VAE000570,vae_candidate_000570,0.48359929742367247,4119.8193359375,-3131.048095703125,5815.134399610897,2.3960158059730197,-0.05493223365578943,6.558166645377902,19,8059.2207519897165,1766.3679263034232,1.334686841852827,0.6906446139609834,7337.570521497537,0.2152433655234085,0.11027776894031517,0.9884622219336183,0.6370342058869188,1.0,0.16683585523160338,0.9944880613327637,0.4523809523809524,0.0,0.3292506456400482,0.0,ahead_vae,ahead,False,0.09375429153442383,1.4281895160675049,1.5096862316131592,1.7817076444625854,vae_candidate_pool_v1,belief_limited_heuristic_v1,849
VAE001138,vae_candidate_001138,0.48278410469599914,-726.4979858398438,-1722.2745361328125,1903.308828239779,1.258422015053698,-0.03480752123115071,5.547332941596148,8,8235.42514435866,2590.34259877768,0.37501337326148354,1.8483631173049446,4747.838712902203,2.509097153012412,0.9544351671784547,0.09672260862459303,0.9617250238669321,1.0,0.04687667165768544,0.8061477318209788,0.19047619047619047,1.0,0.2959533870128758,0.2959533870128758,inside_convoy_envelope,inside,True,0.04675674811005592,1.5646148920059204,1.4973490238189697,1.5460538864135742,vae_candidate_pool_v1,belief_limited_heuristic_v1,850
VAE001042,vae_candidate_001042,0.4824797301679258,-238.93634033203125,6688.64306640625,6789.5633117205125,-1.5986350348147151,-0.12202934699391248,5.087199376784326,11,8412.313499892954,2364.6663321403767,0.5529773820557988,-1.6649869657689904,3145.3746528529828,0.5560932166651504,0.02618956207440336,0.9246619346598051,0.9955673403864463,0.7488987268697578,0.06912217275697485,0.932604141364374,0.2619047619047619,0.0,0.26837176636188786,0.0,port_vae,port,False,0.06421515345573425,0.7514979243278503,2.4137120246887207,1.763224720954895,vae_candidate_pool_v1,belief_limited_heuristic_v1,851
VAE000937,vae_candidate_000937,0.48076333284265116,1224.25390625,-9515.822265625,9451.694556009446,1.7845377455455405,-0.05339797485490381,5.176771590362211,1,8604.852673990075,2420.4083035664794,0.04801400427207053,1.3036569331893493,4606.008382034885,0.2709917766714589,8.27178714722287e-05,0.981752942200107,0.9645299656794958,1.0,0.0060017505340088165,0.7721687170799509,0.023809523809523808,0.0,0.26251908160965226,0.0,starboard_vae,starboard,False,0.042893186211586,1.8158413171768188,2.940430164337158,1.8743219375610352,vae_candidate_pool_v1,belief_limited_heuristic_v1,852
VAE000856,vae_candidate_000856,0.48064114865396557,168.51974487304688,-6709.412109375,6388.1439869545,1.5913511604146604,0.0006546284415546125,6.492548237133864,16,7953.024324533506,2377.0540895183894,0.8463472896447282,1.5508961216166874,2534.8397967139313,0.4696297023294109,0.04945601735562176,0.9458679649009651,0.9998019974514458,0.6035332849318884,0.10579341120559102,0.825486927719285,0.38095238095238093,0.0,0.2686107663227283,0.0,starboard_vae,starboard,False,0.049049943685531616,1.1868441104888916,1.4874861240386963,1.059985637664795,vae_candidate_pool_v1,belief_limited_heuristic_v1,853
VAE000931,vae_candidate_000931,0.48048253854879724,3269.792724609375,-8848.0888671875,9405.619322149605,1.9886413654911292,-0.21627828460585546,3.9749080065220834,19,8055.306230847322,2120.1785107586866,1.112497688660273,0.9366730034928088,6480.5369567542,0.16212196604806728,9.349174208335438e-05,0.9934434965955238,0.8055914119376621,1.0,0.13906221108253414,0.8130969402704498,0.4523809523809524,0.0,0.28679874263426774,0.0,starboard_vae,starboard,False,0.04757173731923103,0.9378438591957092,1.9983476400375366,1.5757408142089844,vae_candidate_pool_v1,belief_limited_heuristic_v1,854
VAE000723,vae_candidate_000723,0.48011064395177794,-1246.357666015625,-935.7354736328125,783.7309407298376,0.7367612003725483,0.0080467280195592,5.169204977311737,6,8061.8929411674235,3498.3539148187233,0.21274064936966952,2.4128781812368043,8344.015433046923,1.2787257233931493,0.6102885636896351,0.643967876860015,0.6659111419434062,1.0,0.02659258117120869,0.8399002819323442,0.14285714285714285,0.0,0.4388245186593104,0.0,astern_vae,astern,False,0.050815384835004807,0.6194729804992676,1.9549262523651123,1.6451623439788818,vae_candidate_pool_v1,belief_limited_heuristic_v1,855
VAE000094,vae_candidate_000094,0.47996937510811466,3403.8896484375,6833.0888671875,8028.726045962804,-1.8876238505354563,-0.020960103424137806,6.237900786156719,5,7609.271051553864,1810.662607347056,0.36290204619934135,-1.2749289064784746,3950.6213759970697,0.20938801601520574,0.002505815142925962,0.9890791528440743,0.9565495887422919,0.9406241371421594,0.04536275577491767,0.9893741444931067,0.11904761904761904,0.0,0.3219440320606948,0.0,port_vae,port,False,0.09628608077764511,2.231072425842285,2.9386825561523438,1.4780141115188599,vae_candidate_pool_v1,belief_limited_heuristic_v1,856
VAE000047,vae_candidate_000047,0.4799483609744819,-848.8416137695312,-6145.33984375,6358.00009319888,1.458197023372167,-0.08591694192329788,5.14602644888382,17,8072.692414880282,2348.2987822218884,0.8967619303276222,1.597478688294329,2562.835837445233,0.44568443515191286,0.051746825073518805,0.9511579167498987,0.9996440469115117,0.6101990089155317,0.11209524129095277,0.7722476909852327,0.40476190476190477,0.0,0.2704971237441579,0.0,starboard_vae,starboard,False,0.042901962995529175,2.3396904468536377,1.9457769393920898,1.7472341060638428,vae_candidate_pool_v1,belief_limited_heuristic_v1,857
VAE000791,vae_candidate_000791,0.47963281041593353,4546.50830078125,-4309.99951171875,5988.592384867061,2.4983086267497625,-0.03619495708654792,4.137383052424721,18,7797.396624315814,2186.7129214888,1.055677117769677,0.6070890697534825,7651.570367860562,0.07417669514181524,0.08765000160647914,0.9986250850672928,0.5704790981646168,1.0,0.13195963972120964,0.9961908460410548,0.42857142857142855,0.0,0.2839413201260916,0.0,ahead_vae,ahead,False,0.09265754371881485,1.248321533203125,1.5092363357543945,1.1808263063430786,vae_candidate_pool_v1,belief_limited_heuristic_v1,858
VAE000066,vae_candidate_000066,0.47881474472100227,-1126.17626953125,6995.38916015625,6884.460567615877,-1.3747013252455682,0.18927789151063693,4.492932333033429,24,8200.814972956641,2307.1539512337845,1.2684625605556548,-1.577613436833588,2363.005766330858,0.44401145803084346,0.02233533410876706,0.9515178749925263,0.9999767635953491,0.5626204205549662,0.15855782006945685,0.7909194776106641,0.5714285714285714,0.0,0.2727201119932495,0.0,port_vae,port,False,0.045002177357673645,0.7380946278572083,2.9732208251953125,1.9687724113464355,vae_candidate_pool_v1,belief_limited_heuristic_v1,859
VAE000925,vae_candidate_000925,0.4784392318789059,92.73153686523438,5898.38134765625,5694.660476057287,-1.5766794556083499,0.0728610674384942,5.000607286040558,9,7626.572353594833,1719.5527535608617,0.6862741028539496,-1.492052130542949,2314.152207703574,0.3847069206229927,0.1284847914891669,0.9634542307527597,0.9969012774489523,0.5509886208818033,0.0857842628567437,0.9402223660798873,0.21428571428571427,0.0,0.3366093896518487,0.0,port_vae,port,False,0.06560066342353821,1.7034032344818115,2.936678886413574,1.1242088079452515,vae_candidate_pool_v1,belief_limited_heuristic_v1,860
VAE000289,vae_candidate_000289,0.4772716688195711,-38.169097900390625,-6359.47802734375,6495.709201799054,1.5646107453902858,-0.06778435110468871,4.357880324510576,12,7675.9589678043085,2298.531461870104,0.6801397365500648,1.5091975570948188,2766.7027242907766,0.43408963759442254,0.04195968094062854,0.9536266513222096,0.9981033956071534,0.6587387438787563,0.0850174670687581,0.826797351984601,0.2857142857142857,0.0,0.27457097861830404,0.0,starboard_vae,starboard,False,0.04920831322669983,2.2711400985717773,1.5001248121261597,1.7570170164108276,vae_candidate_pool_v1,belief_limited_heuristic_v1,861
VAE001011,vae_candidate_001011,0.47563667347505806,590.36572265625,6438.31494140625,6421.893882133258,-1.8647154423037673,0.08987949559846511,3.945733266904707,0,7668.465189169009,1809.599208398267,0.0,-1.1869977156875606,4549.370650758464,0.4536828299877731,0.046992130723228644,0.9494195476897351,0.9272489562997214,1.0,0.0,0.9987482252824383,0.0,0.0,0.3232180781256909,0.0,port_vae,port,False,0.08417797088623047,1.437201976776123,2.9462852478027344,1.9236788749694824,vae_candidate_pool_v1,belief_limited_heuristic_v1,862
VAE000486,vae_candidate_000486,0.474087139801547,-89.45196533203125,-7134.8525390625,7517.497646038527,1.6345531075399524,0.07222203752995938,2.988020485273832,12,7597.913073529561,2811.033769816185,0.5618506175382507,1.5792615835798005,2875.250567291817,0.5753895517080325,0.007079015422274927,0.9194901934902375,0.9999641699277505,0.6845834684028136,0.07023132719228134,0.8602274378769424,0.2857142857142857,0.0,0.243389174026852,0.0,starboard_vae,starboard,False,0.05340544879436493,1.468018889427185,1.5273840427398682,1.918413758277893,vae_candidate_pool_v1,belief_limited_heuristic_v1,863
VAE001025,vae_candidate_001025,0.47391249082095105,2411.4306640625,5838.95068359375,6286.397821810115,-2.1220583179037256,0.09320408198311313,5.761143112619137,24,8174.355757967066,1262.1027351569733,2.3262854212244215,-0.9263302537029544,5919.87252720226,0.28585981179639264,0.057543440559472366,0.9797097777331857,0.7994206490482484,1.0,0.2907856776530527,0.9892194702607844,0.5714285714285714,0.0,0.4298302527415567,0.0,port_vae,port,False,0.07818108052015305,1.3001993894577026,2.908919334411621,1.9174290895462036,vae_candidate_pool_v1,belief_limited_heuristic_v1,864
VAE001142,vae_candidate_001142,0.47369329229628776,-844.8389282226562,-6083.82373046875,6539.333761862364,1.498152046617197,-0.13893416903044611,4.344798533873877,26,8053.87344298555,1871.5975237024124,1.724868873718138,1.5045064379421504,2400.9862471364204,0.5525419996752317,0.03920475351545226,0.9255965491601479,0.9978036297961959,0.5716633921753382,0.21560860921476724,0.8393906512871538,0.6190476190476191,0.0,0.3147958109657699,0.0,starboard_vae,starboard,False,0.05075203627347946,0.6608843207359314,1.9086055755615234,1.2846544981002808,vae_candidate_pool_v1,belief_limited_heuristic_v1,865
VAE000598,vae_candidate_000598,0.47293797029100426,3447.91357421875,-8233.2119140625,9275.468086277131,2.093037950270342,0.15486723652698103,5.7415499635935845,10,7754.019612231179,1659.5262965225716,0.777121575009563,1.2034219398464334,4333.774274008467,0.12151045923152926,0.00013155080015998772,0.9963133414870845,0.9332735930551875,1.0,0.09714019687619538,0.8395064438427529,0.23809523809523808,0.0,0.34306009956969585,0.0,starboard_vae,starboard,False,0.05076642334461212,0.6771448254585266,2.4631149768829346,1.843342661857605,vae_candidate_pool_v1,belief_limited_heuristic_v1,866
VAE000586,vae_candidate_000586,0.4727069713759573,-119.4798583984375,-6328.052734375,6117.082144052688,1.462498505090956,-0.09326177534388365,6.257129430716474,0,8341.703318592581,2496.592136197079,0.0,1.5858323731549542,2621.7314351376695,0.3807402407262639,0.07339844794285474,0.9641949053650494,0.9998869607846373,0.6242217702708737,0.0,0.8512134555844745,0.0,0.0,0.2606235620274028,0.0,starboard_vae,starboard,False,0.052240923047065735,1.7283003330230713,1.492576241493225,1.8810114860534668,vae_candidate_pool_v1,belief_limited_heuristic_v1,867
VAE000326,vae_candidate_000326,0.4725357054817156,3456.821533203125,6877.4931640625,8096.068921928722,-2.0924295918104727,-0.16334289797257576,5.122457063314263,1,7939.213821956343,1944.6383654372025,0.06477145480758635,-1.2125059597518961,4605.2227070192375,0.038502678913086896,0.0021693919708408956,0.9996294317117964,0.9364977152833871,1.0,0.008096431850948294,0.856181574358196,0.023809523809523808,0.0,0.3052786195430738,0.0,port_vae,port,False,0.05287940055131912,1.7823446989059448,2.9415712356567383,1.6578662395477295,vae_candidate_pool_v1,belief_limited_heuristic_v1,868
VAE000527,vae_candidate_000527,0.4724300178494647,-682.5307006835938,-901.6813354492188,823.3913007175029,1.120057398966593,0.021971481926605398,4.396047211511749,0,8381.389172884294,2336.4718949484845,0.0,2.0435067365498054,5896.304560387707,0.2769452940975844,0.6250737529401834,0.9809475691592161,0.8903375074210844,1.0,0.0,0.9415894840776345,0.0,1.0,0.4515820495611545,0.4515820495611545,inside_convoy_envelope,inside,True,0.06585754454135895,1.1787223815917969,2.409053325653076,1.8543634414672852,vae_candidate_pool_v1,belief_limited_heuristic_v1,869
VAE000873,vae_candidate_000873,0.4723264493116,614.2551879882812,-6066.51318359375,6204.198552153003,1.5886668756662534,-0.15650042391975488,4.836574662380368,6,8643.969438107522,1740.445267039629,0.39882066875091726,1.3964253540037854,3213.6837934798214,0.023655912124293854,0.0648476946624497,0.9998601059793244,0.9848358628376033,0.765162807971386,0.04985258359386466,0.807629676291256,0.14285714285714285,0.0,0.3317826649365944,0.0,starboard_vae,starboard,False,0.046929750591516495,0.8313500881195068,1.5203001499176025,1.2253555059432983,vae_candidate_pool_v1,belief_limited_heuristic_v1,870
VAE000510,vae_candidate_000510,0.47172013649590805,4221.02880859375,-1171.26025390625,4293.407441837357,2.9570142694160326,-0.22403739345079282,3.829362214286916,9,8138.400311223534,1731.6308017936315,0.6386282987924515,-0.039459009277032144,8200.376039905783,0.05491823221188019,0.507787512935797,0.9992461864304998,0.03944877037305136,1.0,0.07982853734905644,0.9279834448809404,0.21428571428571427,0.0,0.33736268489855775,0.0,ahead_vae,ahead,False,0.11112412810325623,1.9726617336273193,2.549635648727417,1.3222992420196533,vae_candidate_pool_v1,belief_limited_heuristic_v1,871
VAE000840,vae_candidate_000840,0.4716795112966055,4255.345703125,2007.6151123046875,4985.128563836668,-2.698776379271144,0.13478589885601983,3.6778221996275424,11,8401.366826574977,2275.212132711738,0.5754675544278393,-0.3080303754626294,8695.740170494273,0.28566884800722075,0.28271776384374886,0.9797366932072109,0.3031823063640106,1.0,0.07193344430347991,0.9540561664968282,0.2619047619047619,0.0,0.27800146253714153,0.0,ahead_vae,ahead,False,0.0683409571647644,2.223926067352295,2.024423360824585,1.6824042797088623,vae_candidate_pool_v1,belief_limited_heuristic_v1,872
VAE000363,vae_candidate_000363,0.47140872251019666,-2654.8369140625,-8472.4462890625,8841.390204003152,1.2726858107123529,-0.1926933242038024,5.7468993740910985,12,8294.687495966453,2577.2365890723804,0.5613412134344014,1.6762135186736373,3435.7137632583995,0.5489033536414191,0.0003923386414427541,0.926548606176893,0.9944487515048481,0.8180270864900951,0.07016765167930017,0.7202902815908926,0.2857142857142857,0.0,0.25344228832888366,0.0,starboard_vae,starboard,False,0.03728014603257179,0.7256894707679749,2.878044605255127,1.3653910160064697,vae_candidate_pool_v1,belief_limited_heuristic_v1,873
VAE001006,vae_candidate_001006,0.4713185038616287,4078.292236328125,-5367.7509765625,6425.531062000353,2.1569434896753967,-0.20488322692216357,6.187601836007879,7,8385.685088741091,2468.3142002416953,0.3381886664151035,0.7797659369922327,7698.381079296708,0.1240639638661052,0.046732838051881866,0.9961569663019949,0.7031130013762057,1.0,0.042273583301887935,0.9004268707261306,0.16666666666666666,0.0,0.2619028386762501,0.0,ahead_vae,ahead,False,0.11552871763706207,1.6898781061172485,2.9067962169647217,1.7966620922088623,vae_candidate_pool_v1,belief_limited_heuristic_v1,874
VAE000180,vae_candidate_000180,0.4711265581859375,3826.9677734375,-7161.6318359375,8025.072667091913,2.0570935589058763,0.026042271489186544,4.574516939259395,9,8080.522147598493,1667.4306153067748,0.6679674706470349,1.1105413661731032,5083.09503831092,0.005212648837888079,0.002525366458944695,0.9999932070884046,0.8959392791174459,1.0,0.08349593383087936,0.9027264921416354,0.21428571428571427,0.0,0.341930320422518,0.0,starboard_vae,starboard,False,0.059349969029426575,1.2611596584320068,1.8837482929229736,1.9058382511138916,vae_candidate_pool_v1,belief_limited_heuristic_v1,875
VAE000519,vae_candidate_000519,0.4709202459188283,547.0360717773438,8112.6162109375,8005.4833404548535,-1.6525730668033096,-0.0485154670732879,4.3382578395925835,4,9347.081493746322,2539.1739662932455,0.16853554333410456,-1.5375350538597714,2848.6080433479356,0.16338008750136934,0.00263260513823312,0.9933415676979103,0.9994468948564392,0.6782400103209371,0.02106694291676307,0.8374814173986846,0.09523809523809523,0.0,0.25494588038390237,0.0,port_vae,port,False,0.12401758134365082,1.4734516143798828,2.9916183948516846,1.1090171337127686,vae_candidate_pool_v1,belief_limited_heuristic_v1,876
VAE001063,vae_candidate_001063,0.4708957525730016,-4752.02587890625,2181.776611328125,5276.2651652222385,-0.3719952961346643,0.07035311994297329,4.4228476909004115,17,8748.145808237668,1962.0487448637482,0.990428469964854,-2.6992442375121555,8746.007545170993,0.09103609401825223,0.20932326862214995,0.9979295379142272,0.42806302192526774,1.0,0.12380355874560675,0.8694898529497702,0.40476190476190477,0.0,0.30548341041678717,0.0,astern_vae,astern,False,0.054632000625133514,1.6178805828094482,1.519718885421753,1.9397387504577637,vae_candidate_pool_v1,belief_limited_heuristic_v1,877
VAE000520,vae_candidate_000520,0.4707568127556369,1296.7398681640625,6249.8056640625,6196.988033892486,-1.7545490636499481,0.024693513798890506,5.931447869990336,26,8048.240682552879,1135.925803807647,2.8439530819808874,-1.3623500761409546,2776.84033182447,0.14749182530047003,0.06552305958419787,0.994571392168887,0.978353628476806,0.6611524599582072,0.3554941352476109,0.9893949363271207,0.6190476190476191,0.0,0.47087058196481274,0.0,port_vae,port,False,0.07825572043657303,2.317561149597168,2.345259428024292,1.1034440994262695,vae_candidate_pool_v1,belief_limited_heuristic_v1,878
VAE001191,vae_candidate_001191,0.4690146031713107,601.6052856445312,-6518.69677734375,6333.66255886743,1.6909587524265939,-0.02042022194862735,4.325811333557309,10,8703.315160792852,1575.943566267446,0.7290790653111711,1.430213679214572,2779.9049823446703,0.27541184642035516,0.05366011562518514,0.9811566401876957,0.9901345236807703,0.6618821386534929,0.09113488316389638,0.9999993738342096,0.23809523809523808,0.0,0.35787887692043147,0.0,starboard_vae,starboard,False,0.08719740808010101,1.3357346057891846,2.4628472328186035,1.3754637241363525,vae_candidate_pool_v1,belief_limited_heuristic_v1,879
VAE000607,vae_candidate_000607,0.468934128142953,1440.46533203125,496.69671630859375,934.6091909647338,-2.7920550371681476,-0.12006924714298695,4.791908334277431,22,8363.014822211266,3464.8126244473383,0.7592417144410042,-0.46960686356463244,9025.63878844372,1.6467258079142202,0.6663567448633916,0.4620717285245412,0.4525357424111852,1.0,0.09490521430512552,0.98820984792776,0.5238095238095238,0.0,0.3863347794914958,0.0,ahead_vae,ahead,False,0.07776274532079697,1.1053149700164795,2.4673428535461426,1.5992013216018677,vae_candidate_pool_v1,belief_limited_heuristic_v1,880
VAE000735,vae_candidate_000735,0.468841609073729,-385.48779296875,-689.0272827148438,750.1876269182679,1.1279804944245413,-0.02763217785240392,3.758321685743409,16,9011.027372988096,2248.9689231118355,0.7895183337904614,1.9859799813128485,5692.5714787254365,0.029235539881053988,0.5977795460676499,0.9997863360211321,0.9150422574097691,1.0,0.09868979172380768,0.8469700331563995,0.38095238095238093,1.0,0.48408869835170554,0.48408869835170554,inside_convoy_envelope,inside,True,0.05170176923274994,0.8386261463165283,1.5277111530303955,1.1582857370376587,vae_candidate_pool_v1,belief_limited_heuristic_v1,881
VAE000333,vae_candidate_000333,0.4683912719233078,1042.726318359375,-720.4466552734375,1602.2938032664752,2.5157926994835265,0.1012122474843221,5.553269486156616,26,8255.187904335991,2283.6838851063308,1.3791464871781793,0.7270122015905891,7685.8036468054,1.9998671390601335,0.8866630866808047,0.29198698861808325,0.6646402308719984,1.0,0.17239331089727242,0.87746546188704,0.6190476190476191,1.0,0.32933846081769524,0.32933846081769524,inside_convoy_envelope,inside,True,0.05571535974740982,2.138709545135498,2.4058194160461426,1.2558554410934448,vae_candidate_pool_v1,belief_limited_heuristic_v1,882
VAE000370,vae_candidate_000370,0.46770485343893947,4491.55908203125,-8175.06884765625,9113.927570921933,1.939724989553686,-0.22225197697316837,4.479305430982747,13,7978.249092587434,1824.9983291235976,0.8928392821896152,0.9796156870629391,5961.876247258631,0.26951120224770886,0.00019921246406653825,0.981950579476893,0.8302832381955341,1.0,0.1116049102737019,0.8865383634760506,0.30952380952380953,0.0,0.3191018157810417,0.0,starboard_vae,starboard,False,0.05698224902153015,1.4840294122695923,2.9493565559387207,1.4857643842697144,vae_candidate_pool_v1,belief_limited_heuristic_v1,883
VAE000765,vae_candidate_000765,0.4673807764228013,4100.2275390625,-9288.5986328125,10095.261678395003,1.9711618327249936,-0.08649254198309791,6.38479209653565,8,9076.547083783722,1862.985146432009,0.4731076057083693,1.0839382788817018,5892.994212110298,0.0859570560853482,1.3754427674949302e-05,0.9981539831730231,0.8838071850377419,1.0,0.05913845071354616,0.8070859631659946,0.19047619047619047,0.0,0.31284564943102133,0.0,starboard_vae,starboard,False,0.12766669690608978,2.188713550567627,1.5053859949111938,1.5395129919052124,vae_candidate_pool_v1,belief_limited_heuristic_v1,884
VAE000583,vae_candidate_000583,0.4672934606073752,3681.392333984375,5350.52392578125,6724.3905010875405,-2.201141752337118,0.026923061739940028,3.666825411617606,23,8398.604802445925,1334.5886915003305,2.0519805951222634,-0.9135278395127349,6187.729667438332,0.025708347412485285,0.029157636929370255,0.9998347793184228,0.7916640187654033,1.0,0.2564975743902829,0.9261125167930309,0.5476190476190477,0.0,0.40953852804955604,0.0,ahead_vae,ahead,False,0.06308884173631668,1.418183445930481,1.971980333328247,1.8726437091827393,vae_candidate_pool_v1,belief_limited_heuristic_v1,885
VAE000057,vae_candidate_000057,0.4661945731880589,981.9367065429688,-6060.38623046875,6509.259609228312,1.7219911199003768,0.05822590847297378,5.213483660094375,4,8296.05006560357,2113.9994055880015,0.2280781943914313,1.47782744216239,2875.034062970578,0.3159327582072433,0.04108701108900962,0.9752534907426407,0.9956815050625945,0.6845319197548995,0.02850977429892891,0.8314492904160432,0.09523809523809523,0.0,0.28897646571356533,0.0,starboard_vae,starboard,False,0.049773864448070526,1.845481514930725,2.5823962688446045,1.7025343179702759,vae_candidate_pool_v1,belief_limited_heuristic_v1,886
VAE000574,vae_candidate_000574,0.46612382709523553,627.8136596679688,-1863.55908203125,2078.0681221244504,1.85770012877496,0.0002557653697422273,5.714729833027831,5,8500.678777777171,2286.645084299003,0.257227642219874,1.2841482901845753,4596.8133265728975,2.853757757122198,0.9805989625413929,0.02056962738228607,0.9591969918620841,1.0,0.03215345527748425,0.8839339130098497,0.11904761904761904,1.0,0.3065226666238556,0.3065226666238556,inside_convoy_envelope,inside,True,0.05661456286907196,1.0358508825302124,1.958869218826294,1.3540922403335571,vae_candidate_pool_v1,belief_limited_heuristic_v1,887
VAE000444,vae_candidate_000444,0.46543260404942,-111.619384765625,470.13427734375,771.2016063405774,-1.2757991895686598,-0.03284219888213371,4.763572354209035,10,8331.774395841288,2231.2947350423274,0.5379049706668572,-1.898635662903267,4795.27291718926,0.29424098185444697,0.6056159123085268,0.9785112717553861,0.9467402827708457,1.0,0.06723812133335715,0.8169860837476302,0.23809523809523808,1.0,0.4763977755158431,0.4763977755158431,inside_convoy_envelope,inside,True,0.048032134771347046,1.7048351764678955,2.4764716625213623,1.8733024597167969,vae_candidate_pool_v1,belief_limited_heuristic_v1,888
VAE000401,vae_candidate_000401,0.46507817139130836,431.41455078125,-6315.4912109375,6125.124466927141,1.5070727222207858,0.043386709139352365,5.468197281985438,24,8944.073049939774,1338.7504771600115,2.0043624843640386,1.6779066405083605,2287.250050195032,0.3204518443632649,0.07257267646129846,0.9745465930302308,0.9942691724593273,0.5445833452845315,0.25054531054550483,0.910925576382261,0.5714285714285714,0.0,0.40855784533046713,0.0,starboard_vae,starboard,False,0.060611724853515625,1.6907031536102295,1.4982455968856812,1.2894783020019531,vae_candidate_pool_v1,belief_limited_heuristic_v1,889
VAE001149,vae_candidate_001149,0.4642098053678082,676.2095947265625,-6681.412109375,6744.227097453526,1.6487149607779925,0.03459576743032881,6.7266489014066035,9,8160.640383178025,2103.794154818118,0.5242217370719547,1.5274734602421296,2455.251941184693,0.36453787176421626,0.02822508243140378,0.9671443088798093,0.9990617113844712,0.5845837955201649,0.06552771713399434,0.8934908115342772,0.21428571428571427,0.0,0.28983523408684536,0.0,starboard_vae,starboard,False,0.057980895042419434,2.3118581771850586,2.5389339923858643,1.1130502223968506,vae_candidate_pool_v1,belief_limited_heuristic_v1,890
VAE000355,vae_candidate_000355,0.46408694444149645,157.5611572265625,6349.04296875,5944.947780088915,-1.408211855613437,0.08034855125022028,5.0712088992723405,19,8342.671826985677,1453.8320678803889,1.566513697450357,-1.6530322467261358,2134.213159425675,0.1720380046817609,0.09296342854295227,0.9926189629672544,0.9966205319212016,0.5081459903394464,0.19581421218129463,0.8159988099106887,0.4523809523809524,0.0,0.3824082207939557,0.0,port_vae,port,False,0.047914959490299225,1.621976613998413,1.4926283359527588,1.6313495635986328,vae_candidate_pool_v1,belief_limited_heuristic_v1,891
VAE001124,vae_candidate_001124,0.46391667128351943,1739.580322265625,-7117.330078125,7335.852463196614,1.7440699521045842,0.11316131183569618,4.632636733707164,4,8462.938468303028,2021.6858607729669,0.23378957116097054,1.510684013320905,2526.454775068754,0.08204448188716705,0.009997563142770826,0.9983181195020093,0.9981937988735274,0.6015368512068462,0.029223696395121318,0.9826207854620307,0.09523809523809523,0.0,0.2969278331549697,0.0,starboard_vae,starboard,False,0.09882128238677979,1.0053377151489258,2.9162726402282715,1.4520254135131836,vae_candidate_pool_v1,belief_limited_heuristic_v1,892
VAE001126,vae_candidate_001126,0.46146470853990007,-583.7711181640625,6041.83251953125,6395.279754683617,-1.5877518381398872,-0.006176598441634386,6.5764719927094,9,7669.466244999356,2164.138254801354,0.5422410183163425,-1.5600174138915404,2246.679443729744,0.5756565839677732,0.048926284389375574,0.9194175241763418,0.9999419080807648,0.5349236770785105,0.06778012728954282,0.9639761092413172,0.21428571428571427,0.0,0.28552079172994954,0.0,port_vae,port,False,0.07055117189884186,1.5365700721740723,1.4826571941375732,1.1577341556549072,vae_candidate_pool_v1,belief_limited_heuristic_v1,893
VAE000170,vae_candidate_000170,0.461433626623057,2326.6884765625,-7393.5126953125,7210.188690266317,1.8428464384330834,-0.036620898569380805,6.344518577118941,3,8512.231958488086,1453.6617366885457,0.24244567772013784,1.2621253165873292,3970.9131411660046,0.08109907086265378,0.012602034371131018,0.9983566361810216,0.9527381485680416,0.9454555098014297,0.03030570971501723,0.996818494442204,0.07142857142857142,0.0,0.3812265768599259,0.0,starboard_vae,starboard,False,0.0921926349401474,2.1616454124450684,2.9602010250091553,1.1931650638580322,vae_candidate_pool_v1,belief_limited_heuristic_v1,894
VAE000846,vae_candidate_000846,0.46021975025456713,-1812.748291015625,-5440.50048828125,5765.583929658314,1.4713309444885678,-0.05228841047148295,5.61743124105518,5,9350.503934380586,1784.9582803006504,0.2995759306900094,1.6179732986297426,2223.937132421395,0.6204710375861999,0.11750913944724739,0.9068023384914627,0.9988873730486073,0.529508841052713,0.03744699133625117,0.9994562444622717,0.11904761904761904,0.0,0.3255609542127972,0.0,starboard_vae,starboard,False,0.08930166810750961,1.1673091650009155,1.5094496011734009,1.6125023365020752,vae_candidate_pool_v1,belief_limited_heuristic_v1,895
VAE000287,vae_candidate_000287,0.46008627737679786,-150.55572509765625,6052.55615234375,6244.568966955502,-1.4993556084776505,-0.08617882643492077,6.252420422372916,20,7916.014633001669,1406.379032677933,1.7964743648050547,-1.7284158715470634,2631.5038526987983,0.27965803688604507,0.06117080972296418,0.9805749427773753,0.987603735784919,0.6265485363568567,0.22455929560063184,0.7998639195866063,0.47619047619047616,0.0,0.39298361700608314,0.0,port_vae,port,False,0.04602775722742081,1.9197907447814941,2.4300458431243896,1.9232009649276733,vae_candidate_pool_v1,belief_limited_heuristic_v1,896
VAE000419,vae_candidate_000419,0.4591570669507601,-1229.89111328125,-5808.73486328125,6161.418387598605,1.4865132446022944,-0.16148655004011675,5.2245081341896284,19,8591.733957257853,1734.5834999604785,1.2749042515474147,1.4935928589473824,2392.0696042049585,0.676307393129964,0.06893916244392219,0.8899446488421618,0.9970212922352396,0.5695403819535616,0.15936303144342684,0.8893634047704656,0.4523809523809524,0.0,0.3327222871541698,0.0,starboard_vae,starboard,False,0.057384949177503586,1.4985225200653076,2.4876914024353027,1.2493566274642944,vae_candidate_pool_v1,belief_limited_heuristic_v1,897
VAE000413,vae_candidate_000413,0.4577139953974102,-898.5310668945312,-1073.21240234375,1680.023897956115,0.9747152413942417,0.08712751434380922,5.27499589690643,19,9020.262198383067,1620.0091853946099,1.300220359918899,2.2540049265393614,6950.753565859611,1.817711183920061,0.9066582295146436,0.37779322333268794,0.7755511744807438,1.0,0.16252754498986238,0.8060231465451335,0.4523809523809524,1.0,0.39004412279330086,0.39004412279330086,inside_convoy_envelope,inside,True,0.04674222320318222,1.5265696048736572,2.9495363235473633,1.2265256643295288,vae_candidate_pool_v1,belief_limited_heuristic_v1,898
VAE001052,vae_candidate_001052,0.4566078175311532,-4136.3505859375,-6432.44384765625,7903.366837896605,0.9498158242455645,0.05379810476690973,4.02478471844324,20,7679.175513397296,1965.5593693793107,1.3250407530996366,2.2455749341111386,6332.166520692996,0.48001179896163726,0.0032622451871425267,0.9434947371013828,0.7808452796922738,1.0,0.16563009413745458,0.7430435607889717,0.47619047619047616,0.0,0.3034538815319831,0.0,astern_vae,astern,False,0.03970819339156151,1.6347217559814453,1.999969244003296,1.426153540611267,vae_candidate_pool_v1,belief_limited_heuristic_v1,899
VAE000182,vae_candidate_000182,0.45647308140729764,3915.388427734375,-5766.66259765625,7234.225453762496,1.9528486716048081,0.07185292876021798,6.215201224790364,9,8646.556932242203,1502.1662886438025,0.6929171216334068,1.2605969107452026,4069.820861641818,0.4673332358145399,0.012061708619591913,0.9463864287196024,0.9522727173623013,0.9690049670575757,0.08661464020417585,0.8815223859120601,0.21428571428571427,0.0,0.37110531801085483,0.0,ahead_vae,ahead,False,0.05627705156803131,0.7661420702934265,2.9356203079223633,1.906139850616455,vae_candidate_pool_v1,belief_limited_heuristic_v1,900
VAE000290,vae_candidate_000290,0.4546841739687296,-475.67791748046875,5393.0546875,5491.734145413683,-1.4041450862755978,0.13525497390815772,6.659552858825336,18,8792.860048469414,1161.6415328342869,1.7622609310911268,-1.6021925934060377,1437.0866768582282,0.25444031642729525,0.16415235190516736,0.983902160867264,0.9995071777057306,0.34216349449005434,0.22028261638639085,0.9999709576594503,0.42857142857142855,0.0,0.4619192081010736,0.0,port_vae,port,False,0.08679617196321487,1.0138121843338013,2.4941742420196533,1.6707311868667603,vae_candidate_pool_v1,belief_limited_heuristic_v1,901
VAE000160,vae_candidate_000160,0.45468377834625395,193.53656005859375,-7613.4306640625,7432.352180698978,1.6649388525032227,0.23830320183961462,4.870058995783073,5,7342.701735867481,2245.431652425342,0.30325940370960836,1.714957002926185,3277.005626248766,0.5787758102468485,0.00833532293553759,0.9185664541285874,0.9896268332673607,0.7802394348211348,0.037907425463701044,0.8047619063406377,0.11904761904761904,0.0,0.2783325549645649,0.0,starboard_vae,starboard,False,0.04659534618258476,0.855069100856781,2.501469373703003,1.7820229530334473,vae_candidate_pool_v1,belief_limited_heuristic_v1,902
VAE000729,vae_candidate_000729,0.4546052219511678,-4754.330078125,4673.97265625,7453.529977242129,-0.8259345443594593,-0.10309871479392856,6.339864327597193,18,7917.35271721074,2081.6997283484716,1.092130224836417,-2.4187568240242623,7314.556076541753,0.48471725525307763,0.008005467938789475,0.9424033658544444,0.6615140106674635,1.0,0.13651627810455214,0.9754469488007484,0.42857142857142855,0.0,0.2916177570160833,0.0,astern_vae,astern,False,0.07350724935531616,0.8515233397483826,2.4103167057037354,1.3007441759109497,vae_candidate_pool_v1,belief_limited_heuristic_v1,903
VAE000932,vae_candidate_000932,0.4540461369579249,-816.7745971679688,225.8798828125,1003.1990016143315,-0.4618779947245264,0.029528440687241968,3.794982949652932,0,8400.754312298355,2750.7353055803223,0.0,-2.650186218178025,8704.673210949177,0.2878028225775029,0.6915505019164802,0.9794349248887023,0.4718663664761845,1.0,0.0,0.8215904895747345,0.0,1.0,0.3844951153171423,0.3844951153171423,inside_convoy_envelope,inside,True,0.048581406474113464,2.0120739936828613,1.9736714363098145,1.02324640750885,vae_candidate_pool_v1,belief_limited_heuristic_v1,904
VAE000567,vae_candidate_000567,0.45382919407120137,4688.31005859375,-3684.386962890625,6111.867846072506,2.470802696994174,-0.045176914286138896,5.038127729355033,4,8754.535533859493,2434.527044538561,0.18767752957487077,0.625613042309481,8522.109157000226,0.25253345078850886,0.07393789092370963,0.9841412636032655,0.5855943176671268,1.0,0.023459691196858846,0.9508331296748038,0.09523809523809523,0.0,0.2640679633441348,0.0,ahead_vae,ahead,False,0.10686098039150238,2.2250049114227295,1.4891128540039062,1.3567248582839966,vae_candidate_pool_v1,belief_limited_heuristic_v1,905
VAE000136,vae_candidate_000136,0.4529764067790108,5030.19677734375,-9775.298828125,11096.891186592935,2.1356852838188964,0.14442590913580822,4.793183277340162,0,8355.186743680535,1500.0771457615526,0.0,1.1503332789067058,4779.867443304778,0.0037207374112910863,6.173036561402648e-07,0.9999965390322718,0.9129000298131525,1.0,0.0,0.9788957111092932,0.0,0.0,0.37044745724269196,0.0,starboard_vae,starboard,False,0.07452132552862167,1.774407148361206,2.024251937866211,1.175598382949829,vae_candidate_pool_v1,belief_limited_heuristic_v1,906
VAE000358,vae_candidate_000358,0.45287301438974453,499.26708984375,-6519.51171875,6658.508574106725,1.6334016126786761,0.15190301731777478,4.143564291228564,12,8331.240976549636,1739.6020437139064,0.8279834202662143,1.660094058228892,2475.643363072687,0.32764570851554775,0.032447023850771785,0.9734013063791203,0.9960156062941244,0.5894388959696873,0.10349792753327679,0.8234781439250936,0.2857142857142857,0.0,0.33175121643839456,0.0,starboard_vae,starboard,False,0.04880795627832413,1.4793916940689087,1.9940755367279053,1.91710364818573,vae_candidate_pool_v1,belief_limited_heuristic_v1,907
VAE000277,vae_candidate_000277,0.45194750602119566,-2607.943115234375,-7396.47607421875,7734.983558451084,1.236695622734849,0.025276346614009522,5.194628386529777,17,8106.862903594074,1478.0160203710163,1.418786185856232,1.930173377468954,4234.70650615224,0.5408865222434617,0.004606211155960093,0.9286262756924285,0.9361160910651088,1.0,0.177348273232029,0.7276498083426486,0.40476190476190477,0.0,0.37620005404355417,0.0,starboard_vae,starboard,False,0.03806060552597046,1.2307956218719482,1.527051329612732,1.1661186218261719,vae_candidate_pool_v1,belief_limited_heuristic_v1,908
VAE000139,vae_candidate_000139,0.4509708511156062,1492.042236328125,487.02728271484375,1264.0763412286724,-2.7525607598987056,-0.029319829442492895,4.920036756599741,0,8058.283608473236,1824.7851261911483,0.0,-0.4183517231335804,8104.663488789862,1.7018498355741667,0.7835524252142183,0.43466065517626684,0.40625487645868424,1.0,0.0,0.9643930653331392,0.0,0.0,0.3962593048005076,0.0,ahead_vae,ahead,False,0.07064997404813766,1.103896141052246,2.965282917022705,1.19448721408844,vae_candidate_pool_v1,belief_limited_heuristic_v1,909
VAE000104,vae_candidate_000104,0.45023197405285886,-4121.5224609375,-4639.640625,5919.178255755831,0.7649627661559452,0.19732256741708512,5.850382309090209,16,7854.8303745951325,2892.766041245205,0.7041575841550634,2.573952454850933,8178.251273703042,0.4251999806840282,0.09621816019943732,0.955478129272678,0.5376438290813778,1.0,0.08801969801938292,0.6815283178308983,0.38095238095238093,0.0,0.24130107886431645,0.0,astern_vae,astern,False,0.03323044627904892,1.1422266960144043,2.4988481998443604,1.0860549211502075,vae_candidate_pool_v1,belief_limited_heuristic_v1,910
VAE001056,vae_candidate_001056,0.45004035761473576,-209.077880859375,-1810.562744140625,1679.7465122929084,1.385538621460626,0.10942710477261954,3.8242697242575145,4,8765.8706883286,2336.0225180832394,0.19533852620188433,1.865481136901787,4781.269549520792,2.5673986734125647,0.9065897615721826,0.08018481430168173,0.9568937330551842,1.0,0.02441731577523554,0.9324216386623866,0.09523809523809523,1.0,0.3206952088548828,0.3206952088548828,inside_convoy_envelope,inside,True,0.06418284773826599,1.3116081953048706,2.501356601715088,1.1909111738204956,vae_candidate_pool_v1,belief_limited_heuristic_v1,911
VAE000671,vae_candidate_000671,0.44891535344760414,5125.3857421875,4945.115234375,6905.463559277989,-2.4910177819523023,0.052259250949244336,4.468676627014944,19,8255.728909419075,2215.6270066212937,1.0387272546951054,-0.5983156206882465,8069.544443428871,0.23906163228705246,0.021552181476710945,0.9857802998206049,0.5632514948344858,1.0,0.12984090683688818,0.883719050844095,0.4523809523809524,0.0,0.27979507767919787,0.0,ahead_vae,ahead,False,0.11794854700565338,1.809728980064392,1.4943569898605347,1.2598929405212402,vae_candidate_pool_v1,belief_limited_heuristic_v1,912
VAE000858,vae_candidate_000858,0.4481670462884165,-4615.6943359375,2948.93408203125,5578.747442339442,-0.4946375645573936,-0.05745241702032216,6.843248430610879,11,7601.007811371751,2790.9892130168373,0.5185174163035434,-2.7044075060527217,8067.790303872841,0.25534645641757486,0.1480654029010914,0.9837879227871975,0.4233910385395163,1.0,0.06481467703794293,0.7529092637790991,0.2619047619047619,0.0,0.24696305593763776,0.0,astern_vae,astern,False,0.04077623784542084,1.2728692293167114,2.0371923446655273,1.8610115051269531,vae_candidate_pool_v1,belief_limited_heuristic_v1,913
VAE000536,vae_candidate_000536,0.44710835345452676,-68.50628662109375,-891.261474609375,650.6816506734255,1.3658130373113422,0.13510544265699898,5.60909063112707,19,8207.808122561688,2386.3244362008686,0.9700562480579595,1.91088505893545,4987.532530734063,0.03271111374725488,0.560754777656694,0.9997325196113424,0.9427250707935136,1.0,0.12125703100724494,0.9982571092487642,0.4523809523809524,1.0,0.5310171511735599,0.5310171511735599,inside_convoy_envelope,inside,True,0.09091124683618546,1.63015615940094,2.4909958839416504,1.7516095638275146,vae_candidate_pool_v1,belief_limited_heuristic_v1,914
VAE001043,vae_candidate_001043,0.4450891024846341,218.2997589111328,-937.940185546875,1390.2119759469015,1.7987369287051107,-0.04456392914706549,4.463485073265184,17,8422.991383431012,3454.7087374920857,0.5842128787175458,1.2982917957376172,5594.230315200408,2.9427844760009507,0.8246843237999882,0.00984866985854399,0.9630998371875299,1.0,0.07302660983969322,0.9991531963810026,0.40476190476190477,1.0,0.3047429425036033,0.3047429425036033,inside_convoy_envelope,inside,True,0.0898064449429512,2.2479407787323,2.405510187149048,1.8336395025253296,vae_candidate_pool_v1,belief_limited_heuristic_v1,915
VAE000425,vae_candidate_000425,0.44464252518326786,-574.7970581054688,6198.775390625,6362.826664883538,-1.4942581123804384,0.01685720606615811,5.888743273043117,16,7193.4771365013385,1813.752751283268,1.2263177964411607,-1.6304773351431967,2239.5827347297613,0.6590497287305849,0.051374202680801034,0.8952872510256602,0.9982196171660653,0.533233984459467,0.15328972455514508,0.8099259714406442,0.38095238095238093,0.0,0.32346737967057165,0.0,port_vae,port,False,0.047198664397001266,1.0959872007369995,2.460691213607788,1.1210508346557617,vae_candidate_pool_v1,belief_limited_heuristic_v1,916
VAE000230,vae_candidate_000230,0.4440423229818002,589.841552734375,335.0999755859375,904.7162545381829,-2.7063778199639827,-0.060203874848311884,6.245471974158475,12,8004.644024415282,2791.0388821522643,0.5371224887589294,-0.4954187084741223,8369.10358750861,0.16548680229639245,0.6553011401229933,0.9931691400293107,0.4754000599754451,1.0,0.06714031109486618,0.7649975969125429,0.2857142857142857,1.0,0.4095228103901012,0.4095228103901012,inside_convoy_envelope,inside,True,0.04209963232278824,2.301802635192871,2.9888689517974854,1.8174675703048706,vae_candidate_pool_v1,belief_limited_heuristic_v1,917
VAE000532,vae_candidate_000532,0.4438650955515379,-1137.245849609375,-926.0324096679688,1138.0165994752,0.6843690553996657,0.193587732099195,3.831791143957106,15,9416.431257138764,1329.9725050175418,1.1977391793961099,2.650811330289323,8931.797814592437,0.15991065663582152,0.7400341103974489,0.9936207567300104,0.47131513167165145,1.0,0.14971739742451373,0.9999056120864986,0.35714285714285715,1.0,0.4854009321822506,0.4854009321822506,inside_convoy_envelope,inside,True,0.08811430633068085,2.3239312171936035,1.513904094696045,1.8745990991592407,vae_candidate_pool_v1,belief_limited_heuristic_v1,918
VAE000966,vae_candidate_000966,0.44240785582075387,2170.990966796875,-8284.802734375,8691.100074900525,1.7748068224092801,-0.018313808195475685,6.181854268332499,7,7880.165020007421,1578.103549787422,0.562894792701677,1.3484720229850373,3276.817823751242,0.30790738346588836,0.0005633259176568564,0.9764849275058888,0.9753875817557192,0.7801947199407719,0.07036184908770962,0.8241242595898766,0.16666666666666666,0.0,0.35684389943636086,0.0,starboard_vae,starboard,False,0.048885688185691833,1.6622991561889648,2.100762367248535,1.7655234336853027,vae_candidate_pool_v1,belief_limited_heuristic_v1,919
VAE000562,vae_candidate_000562,0.442302616520925,464.83905029296875,-8294.7998046875,8175.823095617259,1.7483947940245315,0.11362776849409778,6.591380890014821,9,8761.223467744763,2139.4860912085724,0.48014043784614724,1.5068256280593595,2695.1893346156544,0.6418607109907575,0.0018248395390264073,0.9004915809391809,0.9979545725278225,0.6417117463370605,0.060017554730768405,0.8324039256350563,0.21428571428571427,0.0,0.28478183157469816,0.0,starboard_vae,starboard,False,0.049890585243701935,0.7792237997055054,2.4828317165374756,1.8526307344436646,vae_candidate_pool_v1,belief_limited_heuristic_v1,920
VAE001088,vae_candidate_001088,0.44162431629354865,-932.2315063476562,-405.482666015625,1019.2011311537254,0.38811697791618543,0.0876333876547763,3.8224251984466004,12,8534.487443604936,2400.5565276146244,0.5857224431221929,2.841109063328384,8862.608562693084,0.026150161984071493,0.6973855102444334,0.999829051999013,0.2959821635107333,1.0,0.07321530539027411,0.8202777776798563,0.2857142857142857,1.0,0.39408586652699784,0.39408586652699784,inside_convoy_envelope,inside,True,0.048424333333969116,2.3491954803466797,2.972196578979492,1.9543792009353638,vae_candidate_pool_v1,belief_limited_heuristic_v1,921
VAE000475,vae_candidate_000475,0.44154212184708985,7.638519287109375,-5960.44482421875,6155.434461761681,1.5511958218979918,0.07810733155322058,4.703731456323542,6,8605.513419902221,1638.3948511137266,0.42555518828479466,1.6685041632450226,2470.0692064857312,0.46061115967918576,0.06952784378302573,0.9478905035073759,0.9952303857147067,0.588111715829936,0.05319439853559933,0.8248635849288997,0.14285714285714285,0.0,0.34748041421682857,0.0,starboard_vae,starboard,False,0.04897475242614746,1.1566085815429688,1.9785799980163574,1.4996503591537476,vae_candidate_pool_v1,belief_limited_heuristic_v1,922
VAE000717,vae_candidate_000717,0.43897060515156255,156.7088623046875,6543.1396484375,6178.966857427303,-1.6123943997371437,-0.03422712877162625,4.758365888451459,15,8800.847791622364,1609.7350620810817,1.058796130293076,-1.5634253826242757,1674.5613034837836,0.4301527281876836,0.0672361304951382,0.9544510355758788,0.9999728347140098,0.3987050722580437,0.1323495162866345,0.8245916403229518,0.35714285714285715,0.0,0.35206582923588403,0.0,port_vae,port,False,0.04894197732210159,2.0103354454040527,2.916245698928833,1.5415053367614746,vae_candidate_pool_v1,belief_limited_heuristic_v1,923
VAE000901,vae_candidate_000901,0.4361031615393498,889.3873901367188,-553.7207641601562,970.2889305858191,2.549386738207049,0.057127947657108956,3.9777570038567927,16,7396.901636329321,2281.8350341798587,0.9479510137631398,0.6493338630398526,7271.259387891163,0.9997941044247602,0.679496392893795,0.7702377747834328,0.604655970661437,1.0,0.11849387672039248,0.8709291202705889,0.38095238095238093,1.0,0.41208202433652125,0.41208202433652125,inside_convoy_envelope,inside,True,0.0548255518078804,2.2779006958007812,2.948910713195801,1.0600765943527222,vae_candidate_pool_v1,belief_limited_heuristic_v1,924
VAE001141,vae_candidate_001141,0.4350639673879675,-375.5247802734375,-8660.0263671875,8548.103341375281,1.5745340556731409,0.001804196238362755,4.234336726387525,13,7447.719604403643,1785.3849459610972,0.9776607185469127,1.568862794155015,1799.782008563088,0.30094354290598724,0.0007884814765085856,0.9775286139585979,0.9999981307263476,0.4285195258483543,0.12220758981836409,0.8398563802572689,0.30952380952380953,0.0,0.32528655058481154,0.0,starboard_vae,starboard,False,0.12372300028800964,1.3526197671890259,1.510323405265808,1.6328524351119995,vae_candidate_pool_v1,belief_limited_heuristic_v1,925
VAE000889,vae_candidate_000889,0.4344015055544345,129.1820068359375,6826.06982421875,6725.800620808934,-1.624225227199444,-0.12426198263111161,5.482680589878977,9,8761.904592608393,1679.227926882683,0.6116941699494256,-1.6416294090214607,2295.130923940399,0.46825379147105856,0.029090482025084262,0.9461788811916043,0.997492385953884,0.5464597437953331,0.0764617712436782,0.8428228301220971,0.21428571428571427,0.0,0.3402731728611974,0.0,port_vae,port,False,0.05118006467819214,2.026949882507324,2.368272304534912,1.3511974811553955,vae_candidate_pool_v1,belief_limited_heuristic_v1,926
VAE001189,vae_candidate_001189,0.4334273489990942,-944.1705932617188,-767.77783203125,1056.8138369986023,0.7483111416909963,0.06176310136643423,5.115723367028687,25,7784.759827105359,1946.7323379025597,1.6496376008759912,2.4550446132652315,7255.011985811814,1.2910900218149257,0.7110240861953068,0.6380366897265979,0.633871084872798,1.0,0.2062047001094989,0.8667382565254917,0.5952380952380952,1.0,0.4152011028037058,0.4152011028037058,inside_convoy_envelope,inside,True,0.05426424741744995,1.1145899295806885,2.941307783126831,1.6965346336364746,vae_candidate_pool_v1,belief_limited_heuristic_v1,927
VAE001068,vae_candidate_001068,0.4310273133795684,-953.4606323242188,-248.68145751953125,957.9088630426529,0.3409997598113493,0.017915472546354838,4.516838769164026,13,7683.426605700762,2746.493473427329,0.6160413073662788,2.818508366324799,8157.883255570641,0.6040528144518789,0.6749449360024132,0.9115202259063123,0.31749277447818924,1.0,0.07700516342078485,0.9907961210828152,0.30952380952380953,1.0,0.39642851806716434,0.39642851806716434,inside_convoy_envelope,inside,True,0.09565789252519608,1.3243422508239746,2.8989224433898926,1.1928396224975586,vae_candidate_pool_v1,belief_limited_heuristic_v1,928
VAE000303,vae_candidate_000303,0.4282725048626541,221.93321228027344,-6759.03955078125,6967.04882755897,1.7402932394476407,0.1300031045309682,4.145477829694398,9,8518.26265130838,1754.922269464901,0.6020514371336805,1.5313025186731208,2089.884999863898,0.6103671368340646,0.019391918642504738,0.909718820932305,0.9992202209236667,0.4975916666342614,0.07525642964171006,0.9214191277504503,0.21428571428571427,0.0,0.3291204576936517,0.0,starboard_vae,starboard,False,0.062301501631736755,2.040576457977295,2.9677975177764893,1.1863385438919067,vae_candidate_pool_v1,belief_limited_heuristic_v1,929
VAE000786,vae_candidate_000786,0.42822472003128537,-1079.430908203125,-418.1647033691406,1048.192718441789,0.37787653645414915,-0.13688002072370714,5.7448236435182345,19,8779.303015091247,2426.012018517875,0.892073450092525,2.626836096411937,8835.997405844642,1.1299647267143,0.7079080922685735,0.7133458546271356,0.4923229679269009,1.0,0.11150918126156563,0.8284999176711056,0.4523809523809524,1.0,0.38667647243955316,0.38667647243955316,inside_convoy_envelope,inside,True,0.04941468685865402,0.7400575876235962,2.954202890396118,1.8931291103363037,vae_candidate_pool_v1,belief_limited_heuristic_v1,930
VAE000415,vae_candidate_000415,0.42565711970361736,-3716.20703125,-6162.43408203125,6804.30423498794,0.9456755404275051,0.24527949458074289,6.075308313890523,8,7940.047726836745,1721.703206810779,0.5852057513480586,2.441196607743031,7180.530269156232,0.3741375388138414,0.025555594692724174,0.965411585819499,0.6445205492779583,1.0,0.07315071891850733,0.909535559973383,0.19047619047619047,0.0,0.33465497947682227,0.0,astern_vae,astern,False,0.06039445847272873,0.9423654675483704,3.0033862590789795,1.7076267004013062,vae_candidate_pool_v1,belief_limited_heuristic_v1,931
VAE000667,vae_candidate_000667,0.42296646115252035,-283.99285888671875,-855.297607421875,1437.2917169137836,1.2643625757192878,-0.12516854200239547,6.508461115852268,13,8156.24812643973,2107.71588650186,0.7562072801812281,1.7520615358681104,3543.544990951549,2.3198822939227233,0.8392892669975821,0.15951515615075162,0.9836163955621228,0.8437011883217974,0.09452591002265351,0.8406339685573261,0.30952380952380953,1.0,0.3540982115980841,0.3540982115980841,inside_convoy_envelope,inside,True,0.0509067103266716,1.700608253479004,2.929267168045044,1.0540194511413574,vae_candidate_pool_v1,belief_limited_heuristic_v1,932
VAE000327,vae_candidate_000327,0.4226736415563286,-118.0181884765625,-5610.716796875,5688.529632894471,1.6879099333525789,0.027885104410212518,5.021691932251956,10,8569.488519077515,1269.7121280137187,0.9190514632278167,1.481567824647427,2028.2893137022334,0.6536275718655196,0.12946882627673373,0.8969416041234873,0.9960217777128415,0.4829260270719603,0.11488143290347709,0.8851688038627746,0.23809523809523808,0.0,0.4279128015110378,0.0,starboard_vae,starboard,False,0.05678848177194595,1.0433847904205322,1.5091831684112549,1.5025694370269775,vae_candidate_pool_v1,belief_limited_heuristic_v1,933
VAE001017,vae_candidate_001017,0.42009162689875035,848.317138671875,-328.3370361328125,1073.6510572266845,2.748113069549261,-0.08775698648190369,3.3611501867525,12,8259.062819105939,2814.102950633116,0.5163099506244359,0.3057225975586289,8723.083004252083,0.9265162773756228,0.7170911842137635,0.8003114852066175,0.3009823442298895,1.0,0.06453874382805448,0.8401708815064007,0.2857142857142857,1.0,0.3675777195007675,0.3675777195007675,inside_convoy_envelope,inside,True,0.05084905028343201,1.450500249862671,2.473109722137451,1.399034857749939,vae_candidate_pool_v1,belief_limited_heuristic_v1,934
VAE000604,vae_candidate_000604,0.4192849530175322,-956.5376586914062,-350.6602478027344,931.5735144450616,0.3421603094600847,0.0041615420038301565,3.39603483658667,11,8641.715937396002,2663.921948634154,0.4778275680580412,2.8035938861335388,9036.124917293379,0.3517128436924869,0.6652358260739971,0.9693920024033311,0.33159975428643296,1.0,0.05972844600725515,0.7962708969293012,0.2619047619047619,1.0,0.4051510460330205,0.4051510460330205,inside_convoy_envelope,inside,True,0.045614130795001984,2.371896982192993,1.9691530466079712,1.2120811939239502,vae_candidate_pool_v1,belief_limited_heuristic_v1,935
VAE000911,vae_candidate_000911,0.4184741679851486,-664.9485473632812,490.883544921875,1408.9454341404967,-0.5735056803020222,-0.16792765916128924,3.7670550112396413,6,7949.72321706422,2416.9209088036673,0.312274702543782,-2.73601463244906,8258.393922451363,1.611621299645655,0.830548438654974,0.4795931832771857,0.3945499551347629,1.0,0.03903433781797275,0.9936597949950127,0.14285714285714285,1.0,0.33739966273120253,0.33739966273120253,inside_convoy_envelope,inside,True,0.08030678331851959,1.1208549737930298,1.9971559047698975,1.6845046281814575,vae_candidate_pool_v1,belief_limited_heuristic_v1,936
VAE000323,vae_candidate_000323,0.41816686796712366,-2852.273193359375,7168.451171875,7611.7582272978725,-1.173531856450937,-0.07284857073878485,6.5017449621446834,0,8304.57662107652,1676.9122336088874,0.0,-2.040909367877641,5256.86171160127,0.656129862925613,0.0058889728227698454,0.8961795778023506,0.8915170877430212,1.0,0.0,0.7499351606483212,0.0,0.0,0.3404308891368027,0.0,port_vae,port,False,0.04045318812131882,2.2578465938568115,1.46299147605896,1.046848177909851,vae_candidate_pool_v1,belief_limited_heuristic_v1,937
VAE000503,vae_candidate_000503,0.4162654672995507,-760.4811401367188,-754.1758422851562,1190.2764979665176,0.9403525440509334,0.04202918707723617,6.382097647431428,20,8522.637734667802,1740.9453424675253,1.347940836102221,2.2432692966160963,6670.855382709236,1.7328574979362372,0.7583266787324697,0.4193236444329269,0.7822835910800543,1.0,0.16849260451277762,0.8928901074866848,0.47619047619047616,1.0,0.4138806744326509,0.4138806744326509,inside_convoy_envelope,inside,True,0.05789358168840408,1.3824933767318726,1.5195198059082031,1.4368809461593628,vae_candidate_pool_v1,belief_limited_heuristic_v1,938
VAE000388,vae_candidate_000388,0.415683296781318,964.1353149414062,896.8494262695312,1108.4435380220832,-2.340302124517902,0.03857763937899912,6.373278696862922,19,8348.78075902909,2449.597528960542,0.9290429866119968,-0.7627128896928919,7728.262029639063,1.6657498434553626,0.7295449952396965,0.452594552604538,0.6908853076907813,1.0,0.1161303733264996,0.816303866961145,0.4523809523809524,1.0,0.3745924755840213,0.3745924755840213,inside_convoy_envelope,inside,True,0.047951143234968185,2.280839443206787,2.0964932441711426,1.568718671798706,vae_candidate_pool_v1,belief_limited_heuristic_v1,939
VAE000922,vae_candidate_000922,0.40646379101476154,-4741.26416015625,6729.3388671875,8281.82954648048,-0.9175686104178513,0.02781277138145886,2.1620662402442954,10,7723.406785171067,1274.9251325661576,1.0155619204912498,-2.196211271790483,5555.150467640665,0.5440686756227914,0.0014446745158282817,0.927804867631126,0.8107202665112969,1.0,0.12694524006140623,0.8193238006954303,0.23809523809523808,0.0,0.4254550294519582,0.0,astern_vae,astern,False,0.048310425132513046,1.408915638923645,1.9542829990386963,1.672838568687439,vae_candidate_pool_v1,belief_limited_heuristic_v1,940
VAE000078,vae_candidate_000078,0.4060363627260467,568.8262939453125,-1618.9149169921875,1518.458193301249,1.898678506419605,0.0028905529155957266,4.033163967884573,17,8718.400550228462,1842.5965509500047,1.0582343378330485,1.245804700085784,4529.935600515697,2.8746908464965526,0.8633778700107249,0.01770367251449889,0.9476534000469417,1.0,0.13227929222913107,0.9072342195609527,0.40476190476190477,1.0,0.3712569642115865,0.3712569642115865,inside_convoy_envelope,inside,True,0.06003784015774727,1.4391082525253296,2.9380881786346436,1.278106689453125,vae_candidate_pool_v1,belief_limited_heuristic_v1,941
VAE000572,vae_candidate_000572,0.40262499249103667,-908.7860717773438,-475.5694274902344,969.5494953351774,0.5042966643326379,-0.08993222475633968,6.043622683774344,18,7854.941249802584,2967.151425617195,0.7723067903589423,2.5473637645008154,8169.66993861483,1.4795498062209007,0.679224789375877,0.545559977310845,0.5598699935760105,1.0,0.09653834879486779,0.9999631282749554,0.42857142857142855,1.0,0.38719534832317126,0.38719534832317126,inside_convoy_envelope,inside,True,0.08779636770486832,1.1092133522033691,1.9787516593933105,1.1954243183135986,vae_candidate_pool_v1,belief_limited_heuristic_v1,942
VAE000299,vae_candidate_000299,0.40033870967110663,127.74209594726562,1624.155517578125,1242.3135835178027,-1.7023164525310055,0.09006143720305212,4.621732818813345,17,8451.81749854952,2783.362802826166,0.7226516384926307,-1.3492147638557355,4572.7921378299,2.9035388449068877,0.7761937682311237,0.014100625100566866,0.975551085064343,1.0,0.09033145481157884,0.8783125719018677,0.40476190476190477,1.0,0.3404700985157194,0.3404700985157194,inside_convoy_envelope,inside,True,0.05583202838897705,0.7781499028205872,1.959237813949585,1.8141374588012695,vae_candidate_pool_v1,belief_limited_heuristic_v1,943
VAE000715,vae_candidate_000715,0.40028188472188886,-27.237457275390625,1080.669677734375,1557.6819965753455,-1.409200353230243,0.0971659569582119,5.937277153019958,9,8624.659329670776,2395.7273784192816,0.4355752191219715,-1.635226343401338,2946.0590540949233,2.8792952449366,0.8744843234858445,0.017101595387125856,0.9979251044092783,0.7014426319273627,0.05444690239024644,0.8412773883776985,0.21428571428571427,1.0,0.32538048164999983,0.32538048164999983,inside_convoy_envelope,inside,True,0.05098692327737808,0.7911390066146851,1.5117334127426147,1.2490909099578857,vae_candidate_pool_v1,belief_limited_heuristic_v1,944
VAE000300,vae_candidate_000300,0.39835735588944576,-344.44183349609375,-917.989990234375,1112.198036846314,1.3098136174028931,-0.11073785616359444,6.807418712544604,16,8029.451467966255,2676.8306451222306,0.7444117330030209,1.7210411800233054,3848.5248535695355,2.3250362903110373,0.7308817682308929,0.15763252108129522,0.9887344578872771,0.9163154413260799,0.09305146662537761,0.8957087604963708,0.38095238095238093,1.0,0.36508664106108,0.36508664106108,inside_convoy_envelope,inside,True,0.0583050437271595,0.9395323395729065,1.952144742012024,1.6035906076431274,vae_candidate_pool_v1,belief_limited_heuristic_v1,945
VAE000780,vae_candidate_000780,0.39564943641771444,-432.26849365234375,-1181.4776611328125,1330.7453556535909,1.2728541221142218,0.23224475792499982,4.762414830043963,9,8750.461180254279,2294.555827446297,0.44824240356958295,2.1009832894005713,6404.603445528566,2.5555282415691725,0.8056339448508484,0.08343807697444128,0.8627125396048672,1.0,0.05603030044619787,0.9994729436136138,0.21428571428571427,1.0,0.3513548355355582,0.3513548355355582,inside_convoy_envelope,inside,True,0.08526276051998138,2.272608518600464,1.544415831565857,1.2959496974945068,vae_candidate_pool_v1,belief_limited_heuristic_v1,946
VAE000096,vae_candidate_000096,0.37978110274798743,-975.9915161132812,670.3599243164062,790.6887441750011,-0.5880981915011904,0.011592455153664416,4.595513365900588,23,7835.10047547738,2715.260547866131,1.081114659936789,-2.5419020069349383,8000.41384507974,1.1967023078152021,0.6128832278548093,0.6827146783190703,0.5643871260477693,1.0,0.1351393324920986,0.9942315664294157,0.5476190476190477,1.0,0.45129186009054756,0.45129186009054756,inside_convoy_envelope,inside,True,0.08062896877527237,1.642892599105835,2.007685899734497,1.6848200559616089,vae_candidate_pool_v1,belief_limited_heuristic_v1,947
VAE000440,vae_candidate_000440,0.3745342113030751,527.297119140625,-880.305419921875,1259.063005882745,2.099557719187239,0.026872348871194468,5.164320136853548,5,8796.291976611421,2101.836984378212,0.2704402558317638,1.068907283273749,6074.370559700521,2.4540092524248616,0.7818635128197724,0.11360899175251965,0.8766753409016111,1.0,0.03380503197897047,0.9635014828626498,0.11904761904761904,1.0,0.3721305910652459,0.3721305910652459,inside_convoy_envelope,inside,True,0.10409356653690338,0.7111688256263733,2.024681329727173,1.307063102722168,vae_candidate_pool_v1,belief_limited_heuristic_v1,948
VAE001117,vae_candidate_001117,0.3722400774637511,-318.44134521484375,794.6414794921875,1014.1587835166944,-1.1965408167312457,-0.1546286996395183,4.610825824141166,26,6990.364405071159,2377.1834951170886,1.5646270193582534,-2.0996805364980657,5579.520715960942,2.3564410168914938,0.6955488442739047,0.14635945980092996,0.8633706025023956,1.0,0.19557837741978168,0.962324808660842,0.6190476190476191,1.0,0.3979805809795825,0.3979805809795825,inside_convoy_envelope,inside,True,0.07016507536172867,2.278167724609375,2.4903974533081055,1.217283844947815,vae_candidate_pool_v1,belief_limited_heuristic_v1,949
VAE000695,vae_candidate_000695,0.36798544977747244,-242.96661376953125,565.5003051757812,954.0829753968126,-1.2458752375568973,0.01581221889306373,4.558746152596196,31,7880.531316016903,2181.661088694145,1.8030962446073613,-1.879905197139832,4475.596695428789,2.4177335322742444,0.673536653367624,0.1253722541157259,0.9526050385174398,1.0,0.22538703057592016,0.953930770821314,0.7380952380952381,1.0,0.4209001569492994,0.4209001569492994,inside_convoy_envelope,inside,True,0.06831452995538712,2.267930269241333,2.9593398571014404,1.7232120037078857,vae_candidate_pool_v1,belief_limited_heuristic_v1,950
VAE000102,vae_candidate_000102,0.36766631820882106,922.364013671875,-861.5762329101562,721.0605571140655,2.3903825546996975,0.06362564340488347,4.348524893079739,12,8108.416567811638,1955.5947048584337,0.7567742407398103,0.814835742294979,6985.191797973595,0.8412225561049497,0.5869230487946641,0.8332759796331783,0.7276129296145671,1.0,0.09459678009247628,0.8678357116399719,0.2857142857142857,1.0,0.5138592924222121,0.5138592924222121,inside_convoy_envelope,inside,True,0.05441056936979294,1.1471489667892456,1.5027960538864136,1.534437894821167,vae_candidate_pool_v1,belief_limited_heuristic_v1,951
VAE000014,vae_candidate_000014,0.364164369522578,-106.2298583984375,803.5493774414062,1053.2980331400693,-1.447803198442129,-0.016923990196842535,4.6550796885175325,20,8599.67732244546,2569.710181792344,0.9050314982667719,-1.7107134453445068,3743.9178132208017,2.775277280929695,0.7097540989661144,0.03317328407786141,0.9902275583472949,0.8914090031478099,0.11312893728334648,0.9999996311645684,0.47619047619047616,1.0,0.37976261296537234,0.37976261296537234,inside_convoy_envelope,inside,True,0.08721346408128738,0.8874333500862122,2.937739849090576,1.7677804231643677,vae_candidate_pool_v1,belief_limited_heuristic_v1,952
VAE000178,vae_candidate_000178,0.36235081917498224,-160.03839111328125,568.9127197265625,1001.9582582552653,-1.2653885945019847,0.06839162559700683,5.320618307513441,26,8050.691801596695,2286.4841337824887,1.41244633047103,-1.8078124334908017,4112.888960764849,2.6729256827060235,0.6910973276625451,0.05391439676107179,0.9720429288663291,0.979259276372583,0.17655579130887875,0.982124761574149,0.6190476190476191,1.0,0.4038467949279578,0.4038467949279578,inside_convoy_envelope,inside,True,0.09898649156093597,0.8506588935852051,1.5813167095184326,1.5454596281051636,vae_candidate_pool_v1,belief_limited_heuristic_v1,953
VAE000186,vae_candidate_000186,0.36048071910173773,731.71337890625,-1085.5618896484375,1269.8682342097118,2.145743744847436,-0.16058903489986742,5.092020992635206,14,8308.289590282417,2234.3892973491347,0.7541497085096434,0.835259873842489,7231.47248881843,2.5432339778580246,0.7854988709829674,0.08686936790812222,0.7414709082174129,1.0,0.09426871356370542,0.8864914993816713,0.3333333333333333,1.0,0.3623816436241372,0.3623816436241372,inside_convoy_envelope,inside,True,0.056975603103637695,0.7636789679527283,2.925302743911743,1.9336622953414917,vae_candidate_pool_v1,belief_limited_heuristic_v1,954
VAE000752,vae_candidate_000752,0.35737872479790533,564.766845703125,6324.52490234375,6076.5256544777185,-1.5276438491212103,0.022386389019042947,5.720242973743012,2,8395.484247767215,1012.7395045389917,0.23522663368709348,-1.5915624154495398,1186.8499905762333,0.2527547155372243,0.0776791490329227,0.9841136093844689,0.9997843925292028,0.28258333108957934,0.029403329210886685,0.8452386049776148,0.047619047619047616,0.0,0.5211145250068059,0.0,port_vae,port,False,0.05148334801197052,1.0386440753936768,2.93631911277771,1.294135332107544,vae_candidate_pool_v1,belief_limited_heuristic_v1,955
VAE000427,vae_candidate_000427,0.3552511609453943,-685.9524536132812,415.96453857421875,675.4578489134902,-0.42521585287952557,0.19104100996238327,2.6073856273675218,11,7275.780143275018,2351.7393125483372,0.6428711535593963,-2.525335790747884,7296.652442288357,0.575517140785825,0.5699529630581028,0.9194554755338267,0.577984638498943,1.0,0.08035889419492454,0.9219211260229805,0.2619047619047619,1.0,0.5184504682866942,0.5184504682866942,inside_convoy_envelope,inside,True,0.0623847134411335,1.1392595767974854,1.5068409442901611,1.9415231943130493,vae_candidate_pool_v1,belief_limited_heuristic_v1,956
VAE000666,vae_candidate_000666,0.3514624956653406,532.1893310546875,-566.4297485351562,691.4274915187375,2.521957959906126,-0.01707483722812775,5.650119954561734,28,7581.199711118609,2887.039992060782,1.279284959897439,0.602559856455539,7882.2953636784505,1.0672688604442386,0.5758906775179252,0.7412590961969634,0.5667533617774704,1.0,0.15991061998717987,0.8777329261452024,0.6666666666666666,1.0,0.4942402951732928,0.4942402951732928,inside_convoy_envelope,inside,True,0.055752161890268326,1.8677752017974854,2.0634918212890625,1.0987083911895752,vae_candidate_pool_v1,belief_limited_heuristic_v1,957
VAE001041,vae_candidate_001041,0.35108309866841836,-243.65631103515625,1007.3468627929688,942.2112909920315,-1.3702731961578924,-0.32834591250750544,5.3590299378219015,29,8045.923247739266,3220.540273132155,1.1191630884400559,-2.099665369939406,6840.173111701673,2.6769126668416474,0.6691618730174735,0.05301748946214335,0.8633782549983768,1.0,0.13989538605500698,0.9999503359489925,0.6904761904761905,1.0,0.3887289429014648,0.3887289429014648,inside_convoy_envelope,inside,True,0.08788146078586578,2.12790584564209,2.514594554901123,1.284482479095459,vae_candidate_pool_v1,belief_limited_heuristic_v1,958
VAE000687,vae_candidate_000687,0.3497586592026789,-366.4239501953125,263.5691833496094,650.4757719272568,-0.6523545727506246,0.07686993388899174,4.882927920165374,0,7906.942823813468,2522.6836041515025,0.0,-2.4123681469501768,7576.981505750626,0.5767504998504167,0.5606784250867698,0.9191195172200166,0.6662915567359344,1.0,0.0,0.9991755584534179,0.0,1.0,0.5270001104927109,0.5270001104927109,inside_convoy_envelope,inside,True,0.08476025611162186,1.4254206418991089,2.4307422637939453,1.4010258913040161,vae_candidate_pool_v1,belief_limited_heuristic_v1,959
VAE000910,vae_candidate_000910,0.34557409617655427,-468.44598388671875,901.7621459960938,571.0288763923979,-0.962769821581873,-0.18746042276352312,4.443226869364356,22,7898.332818885547,2669.2770191583554,1.043502762985148,-2.366283254771443,7509.350879355315,0.2557683784072611,0.5313412909298911,0.983734595062765,0.6999370828757382,1.0,0.1304378453731435,0.8129222614678722,0.5238095238095238,1.0,0.5803831073130509,0.5803831073130509,inside_convoy_envelope,inside,True,0.04755113273859024,1.6385765075683594,2.3471689224243164,1.6129668951034546,vae_candidate_pool_v1,belief_limited_heuristic_v1,960
VAE000504,vae_candidate_000504,0.3406918280219957,-755.6006469726562,-498.80767822265625,905.64223979833,0.7335250902525863,0.10364081457741516,4.461916487472257,19,8713.673714346132,1727.6595232380782,1.2621011105585367,2.5117083779146228,8059.162090719047,1.4834295621212688,0.6556441622076189,0.5436278313516567,0.5890512455596867,1.0,0.15776263881981709,0.8895062905479841,0.4523809523809524,1.0,0.46760608563672096,0.46760608563672096,inside_convoy_envelope,inside,True,0.05740542709827423,0.9794546365737915,2.962188243865967,1.5208661556243896,vae_candidate_pool_v1,belief_limited_heuristic_v1,961
VAE000368,vae_candidate_000368,0.33996175831083864,146.26336669921875,462.6083679199219,537.8249096058074,-1.7877373118569193,0.1916949733590313,3.228439836990172,16,8399.448184206352,2338.213221601269,0.8146763621393692,-1.1621603683738426,5483.281022052782,0.49044516178787534,0.5191724874100132,0.9410616332648629,0.9176636891434303,1.0,0.10183454526742115,0.872237624738174,0.38095238095238093,1.0,0.618256130195632,0.618256130195632,inside_convoy_envelope,inside,True,0.05500224605202675,2.0903382301330566,1.5039918422698975,1.729783296585083,vae_candidate_pool_v1,belief_limited_heuristic_v1,962
VAE001111,vae_candidate_001111,0.3255708011884979,122.97686767578125,-483.8500671386719,565.5115058806769,1.8538894793246001,-0.02079345594306921,6.44279171494275,17,8276.950006751784,1465.8600385949912,1.401154686724028,1.2669097183221238,3875.415261870746,0.451097223869223,0.5293149523427632,0.9499846529289722,0.954180705161924,0.9227179194930347,0.1751443358405035,0.8456018225082486,0.40476190476190477,1.0,0.6505580923476065,0.6505580923476065,inside_convoy_envelope,inside,True,0.05152909457683563,1.072403907775879,2.9743571281433105,1.5973137617111206,vae_candidate_pool_v1,belief_limited_heuristic_v1,963
VAE000656,vae_candidate_000656,0.32230400665063363,367.591796875,330.86016845703125,682.0001588541259,-2.424313796482945,-0.010205277731900822,4.082359645294952,3,8250.538442006804,2395.242950013152,0.15180615903793784,-0.727484134838749,7754.732194847638,1.0009820521951338,0.5723847108915164,0.7697378385161413,0.6649927681631111,1.0,0.01897576987974223,0.8741046412202386,0.07142857142857142,1.0,0.512393271272407,0.512393271272407,inside_convoy_envelope,inside,True,0.05525558441877365,2.1488122940063477,1.504384160041809,1.037827491760254,vae_candidate_pool_v1,belief_limited_heuristic_v1,964
VAE000571,vae_candidate_000571,0.3188776573365262,-505.24346923828125,1052.81787109375,1087.9370013234643,-1.1872318984217662,-0.34868795049473256,4.938072642717698,15,7761.6349808786,2862.9086987781166,0.6750416138465937,-2.3030487056627593,7318.073449956195,2.8539309440337783,0.7222188344486151,0.020545052694090127,0.7436704703288726,1.0,0.08438020173082421,0.8045783608459188,0.35714285714285715,1.0,0.36387073735687314,0.36387073735687314,inside_convoy_envelope,inside,True,0.04657399654388428,2.24507474899292,1.9856188297271729,1.8274179697036743,vae_candidate_pool_v1,belief_limited_heuristic_v1,965
VAE000059,vae_candidate_000059,0.3177190382323142,962.2395629882812,-6545.8955078125,6226.80857613008,1.8060766392579437,0.09533878178539283,5.999260973850694,0,8002.458749309863,755.5452028336883,0.0,1.4308547961172426,1864.383805276726,0.27914591421149,0.06276675933203932,0.9806455595935708,0.990224153511377,0.4439009060182681,0.0,0.9976226601977141,0.0,0.0,0.6825890711984184,0.0,starboard_vae,starboard,False,0.09152393043041229,1.7859132289886475,1.4863379001617432,1.2821840047836304,vae_candidate_pool_v1,belief_limited_heuristic_v1,966
VAE000600,vae_candidate_000600,0.30982073793574727,818.713134765625,-601.83984375,921.3663900277043,2.5391408751332993,0.054983675625833554,5.619739317861383,18,8475.346587473832,2622.7057701682934,0.8097770538322938,0.657435454082328,8311.46857723741,2.092940203595633,0.661463769833115,0.2506302540283265,0.6110888666402127,1.0,0.10122213172903673,0.8670325905516668,0.42857142857142855,1.0,0.40948911124280185,0.40948911124280185,inside_convoy_envelope,inside,True,0.05430344492197037,2.1015655994415283,1.4919710159301758,1.6437827348709106,vae_candidate_pool_v1,belief_limited_heuristic_v1,967
VAE000946,vae_candidate_000946,0.30380105621265696,-285.83392333984375,958.4014282226562,897.4433287873181,-1.3018120418910966,0.1070686176622965,3.9298979811620076,1,7797.82904339397,2370.427411272329,0.05410029456167959,-1.7327119940364,3596.503960497848,2.2475414640805944,0.652605833136037,0.18687059735883577,0.986920271439511,0.8563104667852018,0.006762536820209949,0.8364458050571764,0.023809523809523808,1.0,0.4266940725776743,0.4266940725776743,inside_convoy_envelope,inside,True,0.050387367606163025,1.4543977975845337,2.9581708908081055,1.450049638748169,vae_candidate_pool_v1,belief_limited_heuristic_v1,968
VAE000696,vae_candidate_000696,0.294955855553824,308.27874755859375,-773.145263671875,921.4888631136649,2.0595411184120693,0.10841999298971412,5.062246236610139,12,8119.086316204436,2282.733764779474,0.6474687690002097,1.1904715281674385,5133.6030974543,2.847628027846652,0.6615090573490898,0.021448673011169872,0.928544112134925,1.0,0.08093359612502621,0.8858730260000964,0.2857142857142857,1.0,0.4237191306462059,0.4237191306462059,inside_convoy_envelope,inside,True,0.056887999176979065,1.5511817932128906,2.4019651412963867,1.595154047012329,vae_candidate_pool_v1,belief_limited_heuristic_v1,969
VAE000167,vae_candidate_000167,0.29332294639356815,-490.34197998046875,-176.091552734375,860.3417780834662,0.1405918692463991,0.045951761301625045,5.249917991957273,8,8739.359882032713,2847.318950914974,0.32149501598214797,3.0469525456450195,8969.319444450795,1.2202897750594306,0.6388289088365202,0.6716868021600858,0.09449889323587972,1.0,0.040186876997768496,0.9512927623275833,0.19047619047619047,1.0,0.4214009592258955,0.4214009592258955,inside_convoy_envelope,inside,True,0.06776608526706696,1.9385303258895874,1.9104652404785156,1.6754440069198608,vae_candidate_pool_v1,belief_limited_heuristic_v1,970
VAE000324,vae_candidate_000324,0.28865149350303076,139.27267456054688,-799.8177490234375,857.683800896364,1.5023598455028102,0.16721160055770606,4.7106905981994736,6,7510.733153740216,2715.896359549969,0.29414110870825283,1.806444408644689,4394.392717046553,2.981849388548972,0.6378404173151543,0.006365923303513654,0.9723632357975364,1.0,0.036767638588531604,0.9991148045422311,0.14285714285714285,1.0,0.42699944562192593,0.42699944562192593,inside_convoy_envelope,inside,True,0.08466951549053192,0.7008546590805054,2.90228271484375,1.3071011304855347,vae_candidate_pool_v1,belief_limited_heuristic_v1,971
VAE000550,vae_candidate_000550,0.28860825631309517,-433.860595703125,-811.1310424804688,746.4956540580015,1.0000403073036974,0.001866814119102555,5.651589991014399,26,7594.558029407305,2883.3113976033874,1.1873514703426638,2.1434191604051986,6538.396233255578,2.21316595551674,0.5964029910578131,0.20045278396905714,0.8404827158858598,1.0,0.14841893379283297,0.8184325179672715,0.6190476190476191,1.0,0.46646357967362617,0.46646357967362617,inside_convoy_envelope,inside,True,0.04820418357849121,2.1118276119232178,2.0975239276885986,1.1664334535598755,vae_candidate_pool_v1,belief_limited_heuristic_v1,972
VAE000933,vae_candidate_000933,0.27856831300844054,-835.4597778320312,-481.87335205078125,925.2603245111463,0.6538238856311618,0.0044311231520517405,5.601528099992439,15,7393.436137694829,2361.5187516440046,0.8591194170711477,2.4921998911106833,7316.527862916086,2.2459891108189467,0.6629033290239988,0.18747609352897804,0.604702882236067,1.0,0.10738992713389346,0.8035297245874464,0.35714285714285715,1.0,0.4197146895310245,0.4197146895310245,inside_convoy_envelope,inside,True,0.04645214229822159,1.036890983581543,2.116605043411255,1.8197882175445557,vae_candidate_pool_v1,belief_limited_heuristic_v1,973
VAE000997,vae_candidate_000997,0.27307911059415213,-1019.6749877929688,523.7561645507812,761.7617319948865,-0.3697995303271183,0.058420904136077784,4.24522259865997,5,7235.658728514267,1500.7990827339386,0.4604361073950385,-2.713372219126597,7205.533998927068,1.0768604341399701,0.6020954760505142,0.7370475006675723,0.41525257907651336,1.0,0.05755451342437981,0.992351001935227,0.11904761904761904,1.0,0.5407938195169967,0.5407938195169967,inside_convoy_envelope,inside,True,0.07961960881948471,0.7901394963264465,1.9705911874771118,1.1783841848373413,vae_candidate_pool_v1,belief_limited_heuristic_v1,974
VAE001197,vae_candidate_001197,0.2642081419592437,-392.11566162109375,600.0289916992188,640.5594290044693,-0.8764993755262687,0.14957954690529415,4.205638505779211,13,8180.527065490852,2965.4830621554697,0.5358788523678549,-2.1155137311582304,6775.25603083669,1.831971857853615,0.5570025463839768,0.37089180228085206,0.8552737593235681,1.0,0.06698485654598187,0.8740462173647706,0.30952380952380953,1.0,0.5227782271502671,0.5227782271502671,inside_convoy_envelope,inside,True,0.05524763464927673,0.7491559982299805,2.4527204036712646,1.5410642623901367,vae_candidate_pool_v1,belief_limited_heuristic_v1,975
VAE001059,vae_candidate_001059,0.2611459126686999,859.0826416015625,-849.3924560546875,830.6056777157737,2.3788581783072593,-0.0011107940646203306,4.529206185381966,3,7604.986436812116,3040.1923800281297,0.12975429570843272,0.7616236812179136,7601.88289117264,2.289827597619429,0.6277613586252802,0.17067196672696167,0.6900974390945174,1.0,0.01621928696355409,0.9098986635088852,0.07142857142857142,1.0,0.4283713967285088,0.4283713967285088,inside_convoy_envelope,inside,True,0.06045107543468475,2.250662088394165,1.5157214403152466,1.9245245456695557,vae_candidate_pool_v1,belief_limited_heuristic_v1,976
VAE000216,vae_candidate_000216,0.2584059251806885,789.671875,-433.1962890625,645.8728095153185,2.7669290249974523,0.15478634356606205,4.241567232672908,13,7913.073073169127,1830.8714455092002,0.8973054894694771,0.5294499721584034,7754.352199151827,1.1820945460404473,0.5589717350145909,0.6894936801694559,0.5050586968484087,1.0,0.11216318618368464,0.9316774971210853,0.30952380952380953,1.0,0.5621949389654384,0.5621949389654384,inside_convoy_envelope,inside,True,0.06405152380466461,2.1363067626953125,1.5284757614135742,1.1189579963684082,vae_candidate_pool_v1,belief_limited_heuristic_v1,977
VAE001195,vae_candidate_001195,0.2515486323206212,534.9371337890625,478.2218017578125,482.6136202158492,-2.273185871231228,0.09557320745657798,4.23289720228336,26,8282.553146014077,2494.5363136933543,1.25840167078891,-0.7728335749019873,7671.373837902686,0.7896152684151003,0.4990913800681452,0.8520592794474022,0.6981666948763003,1.0,0.15730020884861376,0.8790912458658862,0.6190476190476191,1.0,0.6723338701228396,0.6723338701228396,inside_convoy_envelope,inside,True,0.055939555168151855,2.1009459495544434,1.4961074590682983,1.4521265029907227,vae_candidate_pool_v1,belief_limited_heuristic_v1,978
VAE000437,vae_candidate_000437,0.24310077581659528,-918.3162231445312,-1160.4736328125,608.1150215530502,0.8646004973515659,0.11994056794487501,4.843012537905298,10,8968.357918176567,2625.85205751733,0.424636003542283,2.396932724183103,8374.195913095878,1.4688154321109206,0.545001730410006,0.5509021089745278,0.6777217894783911,1.0,0.05307950044278537,0.8267213684014025,0.23809523809523808,1.0,0.5519488685346752,0.5519488685346752,inside_convoy_envelope,inside,True,0.049199119210243225,1.1630580425262451,1.5117067098617554,1.0673487186431885,vae_candidate_pool_v1,belief_limited_heuristic_v1,979
VAE000403,vae_candidate_000403,0.24091052072277563,-269.74737548828125,479.3123779296875,491.42180367989477,-1.1822132233326372,-0.09043160742389124,5.784317187542068,7,8935.938016746928,1278.8512421188116,0.612544807457458,-2.049811037681047,5253.534424594771,0.1221349837643122,0.5022809766590735,0.9962753948708902,0.8874494781554086,1.0,0.07656810093218225,0.8386475799543902,0.16666666666666666,1.0,0.7420081141526728,0.7420081141526728,inside_convoy_envelope,inside,True,0.050659798085689545,0.7311758995056152,2.9399542808532715,1.8691315650939941,vae_candidate_pool_v1,belief_limited_heuristic_v1,980
VAE000743,vae_candidate_000743,0.23632994236613838,-117.80560302734375,1022.6235961914062,699.9635390069111,-1.5638705040460827,-0.25656093541192,5.069614051047888,17,8949.73802718939,2370.694813031353,0.8012406025253217,-1.8342830849556304,4619.8230447458645,2.713449698092554,0.579066917303957,0.04513083523687117,0.9654877278098606,1.0,0.10015507531566521,0.912210486631889,0.40476190476190477,1.0,0.5031930196120223,0.5031930196120223,inside_convoy_envelope,inside,True,0.06081385165452957,1.801370620727539,1.5178732872009277,1.9269675016403198,vae_candidate_pool_v1,belief_limited_heuristic_v1,981
VAE000450,vae_candidate_000450,0.2306054182490881,134.42950439453125,-891.8150024414062,859.7923203268176,1.7401509187881046,0.2560314125832768,3.8172851865321755,6,7354.2395199426255,1965.681490943236,0.415049917410896,1.6574731473849653,2594.9463858724857,3.0860920665798957,0.6386245819383046,0.0007698811361255276,0.9962459155987382,0.617844377588687,0.051881239676362,0.9972451194065164,0.14285714285714285,1.0,0.4611851197777696,0.4611851197777696,inside_convoy_envelope,inside,True,0.08268295228481293,2.180525779724121,2.9235291481018066,1.917550802230835,vae_candidate_pool_v1,belief_limited_heuristic_v1,982
VAE000684,vae_candidate_000684,0.22157852838012967,-487.39044189453125,447.67218017578125,467.57719432424585,-0.7173273563016702,-0.08752944783782454,6.169985405283792,10,8839.005445592225,2235.3978299269725,0.5061063350947128,-2.5117947451259477,8459.819638702595,0.3571437037125389,0.4936596999030747,0.968449602086692,0.588981450392344,1.0,0.0632632918868391,0.9636227419004124,0.23809523809523808,1.0,0.6976956555015634,0.6976956555015634,inside_convoy_envelope,inside,True,0.07046785950660706,1.4788827896118164,2.311232805252075,1.286361575126648,vae_candidate_pool_v1,belief_limited_heuristic_v1,983
VAE000304,vae_candidate_000304,0.20853623342687125,-471.48052978515625,-514.0552368164062,534.1322774494273,0.8915841623082182,-0.03159481993270263,6.12764525895488,30,7645.901077905375,2594.455661063189,1.5123291625115396,2.218413671348873,6681.818905299406,1.8296225842114826,0.5178231891155431,0.3720269590015963,0.7975234881687148,1.0,0.18904114531394245,0.9011844483057221,0.7142857142857143,1.0,0.6152762044132328,0.6152762044132328,inside_convoy_envelope,inside,True,0.059117741882801056,1.4616875648498535,2.949995279312134,1.4225560426712036,vae_candidate_pool_v1,belief_limited_heuristic_v1,984
VAE000039,vae_candidate_000039,0.2038256558414201,24.200775146484375,-749.8172607421875,1131.7685858368327,1.6996830687309246,0.059102815122481105,3.020279052774783,12,8019.163019709425,1161.3615759758911,1.2885009724294416,1.5010123999813498,1717.6895252431,3.0826052883490256,0.7378258684237424,0.0008696251149171164,0.9975660897404139,0.4089736964864524,0.1610626215536802,0.9686544605192885,0.2857142857142857,1.0,0.5303464787874533,0.5303464787874533,inside_convoy_envelope,inside,True,0.0716930478811264,2.277660846710205,1.965874433517456,1.5583558082580566,vae_candidate_pool_v1,belief_limited_heuristic_v1,985
VAE000985,vae_candidate_000985,0.19551018622606886,-248.64923095703125,-1042.497802734375,741.1259624326927,1.356859593353204,-0.05860578189766483,5.524667456541183,5,9088.68693031611,1753.1673994013622,0.3137946061363759,1.7261272783389245,3138.1441062262684,2.723807115477123,0.5944010857861759,0.04300516463200815,0.9879603843350253,0.7471771681491115,0.039224325767046986,0.9930944592352506,0.11904761904761904,1.0,0.5197537221593942,0.5197537221593942,inside_convoy_envelope,inside,True,0.09453083574771881,0.7212041616439819,2.0440773963928223,1.9443061351776123,vae_candidate_pool_v1,belief_limited_heuristic_v1,986
VAE001090,vae_candidate_001090,0.16481002330685143,-918.8945922851562,485.551025390625,696.5001099936935,-0.21785841381163024,-0.04405544214554618,5.071594538763375,13,7953.844387425843,2069.6877412754443,0.7896987215858897,-2.967789681923709,8191.92330760399,1.6722574436684643,0.5777779972569045,0.449356436530294,0.1729292675691242,1.0,0.09871234019823621,0.7946260726380445,0.30952380952380953,1.0,0.5192176127157764,0.5192176127157764,inside_convoy_envelope,inside,True,0.045425526797771454,2.1335840225219727,1.962783932685852,1.282368540763855,vae_candidate_pool_v1,belief_limited_heuristic_v1,987
VAE000334,vae_candidate_000334,0.14487048643433598,-990.1083374023438,-405.6899719238281,462.0552534076884,0.29524907067054745,0.06140736318067714,5.6418330442764795,16,8509.439817257078,1824.7927944250207,1.0303990608683393,2.9077509460999234,8700.676074114774,0.5058177492841882,0.4916693062648843,0.9373892743308188,0.23171637349084717,1.0,0.12879988260854242,0.979209733269389,0.38095238095238093,1.0,0.7224472400066377,0.7224472400066377,inside_convoy_envelope,inside,True,0.07461751252412796,1.9393749237060547,2.916569232940674,1.1059279441833496,vae_candidate_pool_v1,belief_limited_heuristic_v1,988
VAE001066,vae_candidate_001066,0.13835748973657458,-323.1434326171875,566.12109375,345.79781256135374,-0.984776672120801,0.28691046044647045,4.143545068848926,11,8364.087240785995,3546.1338419448416,0.3708676974402225,-1.8699055210225217,5853.321044748913,0.37056243365033736,0.4503709635484719,0.9660619067335185,0.9555993611503277,1.0,0.046358462180027815,0.9791638956438214,0.2619047619047619,1.0,0.8932714057863088,0.8932714057863088,inside_convoy_envelope,inside,True,0.09992949664592743,2.3050413131713867,1.5285911560058594,1.191406011581421,vae_candidate_pool_v1,belief_limited_heuristic_v1,989
VAE001183,vae_candidate_001183,0.10107432468115396,-251.233642578125,457.9711608886719,548.5919863349312,-1.013256550974502,-0.03403290229917225,3.605220988234833,20,8870.773385682129,2122.8805103157447,1.0620451033738172,-2.1623690049144635,6709.066914154105,3.1073294415296697,0.5231115174499168,0.0002934632137894244,0.8300646750641102,1.0,0.13275563792172715,0.7854571006765854,0.47619047619047616,1.0,0.6161145567926314,0.6161145567926314,inside_convoy_envelope,inside,True,0.04438234865665436,2.3052802085876465,1.9456696510314941,1.3366669416427612,vae_candidate_pool_v1,belief_limited_heuristic_v1,990
VAE000691,vae_candidate_000691,0.08726127143300844,727.091796875,922.734619140625,354.8631298645937,-2.2983402001444118,0.1327149157415881,4.639745406018954,13,8833.519387192768,2280.2180944272277,0.6454062966694787,-0.7105375377037932,8183.1607027222835,0.07701459119941179,0.4535459208955988,0.9985179209510021,0.6522413249307362,1.0,0.08067578708368484,0.804519964606942,0.30952380952380953,1.0,0.8876219101314974,0.8876219101314974,inside_convoy_envelope,inside,True,0.04656720533967018,0.8631226420402527,2.9492170810699463,1.4769192934036255,vae_candidate_pool_v1,belief_limited_heuristic_v1,991
VAE000273,vae_candidate_000273,0.07655738426118255,-183.02496337890625,-406.03961181640625,458.31965311823325,1.0534172137065902,-0.19500361325819274,6.039754967015037,12,7479.405560205905,2255.5461911506827,0.7113157709524397,1.893171826625011,4508.982433215808,2.465403473998002,0.4903241497653172,0.11001835792299319,0.9484854877077203,1.0,0.08891447136905496,0.9828620129848068,0.2857142857142857,1.0,0.7097290609680762,0.7097290609680762,inside_convoy_envelope,inside,True,0.0987401083111763,2.3992843627929688,2.425656795501709,1.8680834770202637,vae_candidate_pool_v1,belief_limited_heuristic_v1,992
VAE001050,vae_candidate_001050,0.06408743836957198,-484.42779541015625,-459.1498107910156,429.3972342110253,0.7851873682077345,-0.03187519433236164,5.536153520825262,11,8288.722752030468,3123.6471805562846,0.4248573128963314,2.3245300910496973,7950.091703114462,1.9345493416177564,0.47994752731194007,0.3221079106140212,0.72913869612075,1.0,0.05310716411204142,0.984311698169159,0.2619047619047619,1.0,0.7342933701567483,0.7342933701567483,inside_convoy_envelope,inside,True,0.07629284262657166,1.4789636135101318,2.518157720565796,1.8316426277160645,vae_candidate_pool_v1,belief_limited_heuristic_v1,993
VAE000162,vae_candidate_000162,0.008964441415029611,-9.913238525390625,-226.52606201171875,262.3810358698368,1.5546675745930585,-0.03508383163251913,4.555841399676381,12,7905.76625434301,2623.433158663901,0.5785851368239533,1.5518412473642151,2772.8073333329853,0.2876888307109913,0.42156406389136625,0.9794510998473855,0.9998203578606957,0.6601922222221394,0.07232314210299416,0.9185915353966495,0.2857142857142857,1.0,1.0305651220250682,1.0305651220250682,inside_convoy_envelope,inside,True,0.061837051063776016,1.2197381258010864,1.9001413583755493,1.512891173362732,vae_candidate_pool_v1,belief_limited_heuristic_v1,994
VAE000913,vae_candidate_000913,-0.006075460635202923,-417.40411376953125,-391.30718994140625,293.83509160099675,0.8018585566539006,0.08532567633440481,5.551395451797511,18,8729.402100438323,2443.0849212014923,0.844013596945266,2.425059773270298,8187.286817624672,0.36117287784540875,0.4323368660966248,0.9677415026996634,0.6567741135534823,1.0,0.10550169961815825,0.9752104949654784,0.42857142857142855,1.0,1.032977645072596,1.032977645072596,inside_convoy_envelope,inside,True,0.073440320789814,2.2959983348846436,1.5195705890655518,1.9043283462524414,vae_candidate_pool_v1,belief_limited_heuristic_v1,995
VAE000010,vae_candidate_000010,-0.009194972937195511,-17.41888427734375,536.518310546875,0.0,-1.505120542528454,-0.041645007427651315,5.086022289560756,4,7451.059910433733,2573.132465084625,0.20863145731046182,-1.6781171184889905,3356.447828112272,0.15682876507198862,0.33660441498161275,0.9938637769274189,0.9942466491558363,0.7991542447886362,0.026078932163807727,0.9731236182941665,0.09523809523809523,1.0,1.0314582067115408,1.0314582067115408,inside_convoy_envelope,inside,True,0.07286243140697479,2.281564235687256,2.4755561351776123,1.4623152017593384,vae_candidate_pool_v1,belief_limited_heuristic_v1,996
VAE000825,vae_candidate_000825,-0.12429309439855663,-682.8540649414062,-697.0711669921875,300.65491390471755,0.8975362408876443,0.005734616624078806,3.9206878364405093,16,8476.575075884522,2081.8895751842415,0.9066546207815696,2.2497910293262273,6943.518244453001,1.6706538774199964,0.4346872357281691,0.45015416104348027,0.7782044497634135,1.0,0.1133318275976962,0.8401424428261041,0.38095238095238093,1.0,1.0385790101862904,1.0385790101862904,inside_convoy_envelope,inside,True,0.05084551125764847,1.4833508729934692,2.441213846206665,1.7749478816986084,vae_candidate_pool_v1,belief_limited_heuristic_v1,997
VAE001115,vae_candidate_001115,-0.14939196027761337,56.672119140625,-837.4486083984375,316.21336978442446,1.6105413605904206,-0.04864471952198205,4.8714831974721795,15,8476.29387511225,3064.2805626524223,0.5775063013178274,1.4824065734773904,3800.5604583275854,3.1343618241217532,0.44006824273601314,1.3071166746758678e-05,0.9960961683852819,0.9048953472208536,0.07218828766472843,0.986120554956308,0.35714285714285715,1.0,0.9757176894286447,0.9757176894286447,inside_convoy_envelope,inside,True,0.0975833609700203,2.058596134185791,1.5116651058197021,1.427264928817749,vae_candidate_pool_v1,belief_limited_heuristic_v1,998
VAE000288,vae_candidate_000288,-0.17720530150096359,210.981201171875,724.5933227539062,92.61532038400333,-1.9448984864927386,-0.34527750877284713,2.4175298678884545,14,8454.257762856298,2367.5527021667854,0.6994439137168784,-1.5419716758699016,2610.226501956849,1.9209046634102303,0.36552091833455874,0.32850021304838317,0.999584598512445,0.6214825004659165,0.0874304892146098,0.7937664590676936,0.3333333333333333,1.0,1.0343760336412569,1.0343760336412569,inside_convoy_envelope,inside,True,0.045327141880989075,1.5983537435531616,1.4970219135284424,1.5879815816879272,vae_candidate_pool_v1,belief_limited_heuristic_v1,999
VAE000319,vae_candidate_000319,-0.24391161957072138,312.35833740234375,462.84881591796875,167.60861844532428,-2.1982482379138832,0.11711692238286202,5.704375084519657,20,8606.563714276785,1705.9142113324538,1.362206726043693,-0.8262274932930479,7086.774684511753,2.722142978192124,0.3898185260173551,0.0433433986788021,0.735380152775552,1.0,0.17027584075546162,0.8564699695976766,0.47619047619047616,1.0,1.0541063582695145,1.0541063582695145,inside_convoy_envelope,inside,True,0.05291671305894852,2.2786006927490234,1.527427315711975,1.129199504852295,vae_candidate_pool_v1,belief_limited_heuristic_v1,1000
